label,area,mean_intensity,integrated_density,filename,age,channel,region
1,86.0,230.19767441860466,19797.0,J995_AR _B4_slice6-Ort.czi,adult,gal,lower
2,1.0,94.0,94.0,J995_AR _B4_slice6-Ort.czi,adult,gal,lower
3,6.0,148.16666666666666,889.0,J995_AR _B4_slice6-Ort.czi,adult,gal,lower
4,162.0,237.70987654320987,38509.0,J995_AR _B4_slice6-Ort.czi,adult,gal,lower
5,83.0,206.19277108433735,17114.0,J995_AR _B4_slice6-Ort.czi,adult,gal,lower
6,75.0,221.24,16593.0,J995_AR _B4_slice6-Ort.czi,adult,gal,lower
7,7.0,142.85714285714286,1000.0,J995_AR _B4_slice6-Ort.czi,adult,gal,lower
8,4.0,178.25,713.0,J995_AR _B4_slice6-Ort.czi,adult,gal,lower
9,77.0,229.27272727272728,17654.0,J995_AR _B4_slice6-Ort.czi,adult,gal,lower
10,4.0,186.25,745.0,J995_AR _B4_slice6-Ort.czi,adult,gal,lower
11,123.0,227.5528455284553,27989.0,J995_AR _B4_slice6-Ort.czi,adult,gal,lower
12,71.0,224.81690140845072,15962.000000000002,J995_AR _B4_slice6-Ort.czi,adult,gal,lower
13,79.0,233.63291139240508,18457.0,J995_AR _B4_slice6-Ort.czi,adult,gal,lower
14,1.0,148.0,148.0,J995_AR _B4_slice6-Ort.czi,adult,gal,lower
15,16.0,135.625,2170.0,J995_AR _B4_slice6-Ort.czi,adult,gal,lower
16,28.0,217.89285714285714,6101.0,J995_AR _B4_slice6-Ort.czi,adult,gal,lower
17,15.0,184.4,2766.0,J995_AR _B4_slice6-Ort.czi,adult,gal,lower
18,9.0,229.44444444444446,2065.0,J995_AR _B4_slice6-Ort.czi,adult,gal,lower
19,51.0,194.88235294117646,9939.0,J995_AR _B4_slice6-Ort.czi,adult,gal,lower
20,4.0,164.25,657.0,J995_AR _B4_slice6-Ort.czi,adult,gal,lower
21,9.0,195.66666666666666,1761.0,J995_AR _B4_slice6-Ort.czi,adult,gal,lower
22,7.0,136.14285714285714,953.0,J995_AR _B4_slice6-Ort.czi,adult,gal,lower
23,10.0,126.0,1260.0,J995_AR _B4_slice6-Ort.czi,adult,gal,lower
24,41.0,208.97560975609755,8568.0,J995_AR _B4_slice6-Ort.czi,adult,gal,lower
25,31.0,166.09677419354838,5149.0,J995_AR _B4_slice6-Ort.czi,adult,gal,lower
26,6.0,137.66666666666666,826.0,J995_AR _B4_slice6-Ort.czi,adult,gal,lower
27,69.0,222.18840579710144,15331.0,J995_AR _B4_slice6-Ort.czi,adult,gal,lower
28,11.0,138.54545454545453,1523.9999999999998,J995_AR _B4_slice6-Ort.czi,adult,gal,lower
29,1.0,126.0,126.0,J995_AR _B4_slice6-Ort.czi,adult,gal,lower
30,97.0,206.02061855670104,19984.0,J995_AR _B4_slice6-Ort.czi,adult,gal,lower
31,41.0,172.3170731707317,7065.0,J995_AR _B4_slice6-Ort.czi,adult,gal,lower
32,11.0,127.45454545454545,1402.0,J995_AR _B4_slice6-Ort.czi,adult,gal,lower
33,12.0,148.66666666666666,1784.0,J995_AR _B4_slice6-Ort.czi,adult,gal,lower
34,84.0,228.3095238095238,19178.0,J995_AR _B4_slice6-Ort.czi,adult,gal,lower
35,84.0,207.27380952380952,17411.0,J995_AR _B4_slice6-Ort.czi,adult,gal,lower
36,40.0,197.9,7916.0,J995_AR _B4_slice6-Ort.czi,adult,gal,lower
37,3.0,211.66666666666666,635.0,J995_AR _B4_slice6-Ort.czi,adult,gal,lower
38,33.0,189.9090909090909,6267.0,J995_AR _B4_slice6-Ort.czi,adult,gal,lower
39,112.0,216.23214285714286,24218.0,J995_AR _B4_slice6-Ort.czi,adult,gal,lower
40,1.0,255.0,255.0,J995_AR _B4_slice6-Ort.czi,adult,gal,lower
41,60.0,199.58333333333334,11975.0,J995_AR _B4_slice6-Ort.czi,adult,gal,lower
42,3.0,124.33333333333333,373.0,J995_AR _B4_slice6-Ort.czi,adult,gal,lower
43,98.0,243.74489795918367,23887.0,J995_AR _B4_slice6-Ort.czi,adult,gal,lower
44,20.0,214.9,4298.0,J995_AR _B4_slice6-Ort.czi,adult,gal,lower
45,4.0,130.0,520.0,J995_AR _B4_slice6-Ort.czi,adult,gal,lower
46,1.0,107.0,107.0,J995_AR _B4_slice6-Ort.czi,adult,gal,lower
47,7.0,166.57142857142858,1166.0,J995_AR _B4_slice6-Ort.czi,adult,gal,lower
48,14.0,168.78571428571428,2363.0,J995_AR _B4_slice6-Ort.czi,adult,gal,lower
49,25.0,137.88,3447.0,J995_AR _B4_slice6-Ort.czi,adult,gal,lower
50,17.0,250.88235294117646,4265.0,J995_AR _B4_slice6-Ort.czi,adult,gal,lower
51,17.0,137.35294117647058,2335.0,J995_AR _B4_slice6-Ort.czi,adult,gal,lower
52,77.0,162.19480519480518,12489.0,J995_AR _B4_slice6-Ort.czi,adult,gal,lower
53,13.0,161.0,2093.0,J995_AR _B4_slice6-Ort.czi,adult,gal,lower
54,5.0,128.4,642.0,J995_AR _B4_slice6-Ort.czi,adult,gal,lower
55,11.0,196.36363636363637,2160.0,J995_AR _B4_slice6-Ort.czi,adult,gal,lower
56,121.0,237.94214876033058,28791.0,J995_AR _B4_slice6-Ort.czi,adult,gal,lower
57,119.0,216.61344537815125,25777.0,J995_AR _B4_slice6-Ort.czi,adult,gal,lower
58,12.0,225.58333333333334,2707.0,J995_AR _B4_slice6-Ort.czi,adult,gal,lower
59,3.0,156.33333333333334,469.0,J995_AR _B4_slice6-Ort.czi,adult,gal,lower
60,7.0,174.85714285714286,1224.0,J995_AR _B4_slice6-Ort.czi,adult,gal,lower
61,101.0,207.8910891089109,20997.0,J995_AR _B4_slice6-Ort.czi,adult,gal,lower
62,83.0,185.09638554216866,15362.999999999998,J995_AR _B4_slice6-Ort.czi,adult,gal,lower
63,99.0,206.62626262626262,20456.0,J995_AR _B4_slice6-Ort.czi,adult,gal,lower
64,5.0,175.6,878.0,J995_AR _B4_slice6-Ort.czi,adult,gal,lower
65,1.0,61.0,61.0,J995_AR _B4_slice6-Ort.czi,adult,gal,lower
66,1.0,45.0,45.0,J995_AR _B4_slice6-Ort.czi,adult,gal,lower
67,78.0,190.0,14820.0,J995_AR _B4_slice6-Ort.czi,adult,gal,lower
68,79.0,210.2405063291139,16609.0,J995_AR _B4_slice6-Ort.czi,adult,gal,lower
69,200.0,218.775,43755.0,J995_AR _B4_slice6-Ort.czi,adult,gal,lower
70,6.0,199.0,1194.0,J995_AR _B4_slice6-Ort.czi,adult,gal,lower
71,48.0,147.89583333333334,7099.0,J995_AR _B4_slice6-Ort.czi,adult,gal,lower
72,34.0,189.55882352941177,6445.0,J995_AR _B4_slice6-Ort.czi,adult,gal,lower
73,20.0,133.85,2677.0,J995_AR _B4_slice6-Ort.czi,adult,gal,lower
74,24.0,167.16666666666666,4012.0,J995_AR _B4_slice6-Ort.czi,adult,gal,lower
75,125.0,234.16,29270.0,J995_AR _B4_slice6-Ort.czi,adult,gal,lower
76,97.0,228.7835051546392,22192.0,J995_AR _B4_slice6-Ort.czi,adult,gal,lower
77,57.0,209.2982456140351,11930.0,J995_AR _B4_slice6-Ort.czi,adult,gal,lower
78,10.0,167.4,1674.0,J995_AR _B4_slice6-Ort.czi,adult,gal,lower
79,48.0,203.4375,9765.0,J995_AR _B4_slice6-Ort.czi,adult,gal,lower
80,124.0,225.58870967741936,27973.0,J995_AR _B4_slice6-Ort.czi,adult,gal,lower
81,1.0,190.0,190.0,J995_AR _B4_slice6-Ort.czi,adult,gal,lower
82,8.0,191.25,1530.0,J995_AR _B4_slice6-Ort.czi,adult,gal,lower
83,13.0,136.0,1768.0,J995_AR _B4_slice6-Ort.czi,adult,gal,lower
84,76.0,203.32894736842104,15453.0,J995_AR _B4_slice6-Ort.czi,adult,gal,lower
85,28.0,181.46428571428572,5081.0,J995_AR _B4_slice6-Ort.czi,adult,gal,lower
86,4.0,131.5,526.0,J995_AR _B4_slice6-Ort.czi,adult,gal,lower
87,2.0,152.0,304.0,J995_AR _B4_slice6-Ort.czi,adult,gal,lower
88,4.0,188.25,753.0,J995_AR _B4_slice6-Ort.czi,adult,gal,lower
89,51.0,175.4313725490196,8947.0,J995_AR _B4_slice6-Ort.czi,adult,gal,lower
90,25.0,208.92,5223.0,J995_AR _B4_slice6-Ort.czi,adult,gal,lower
91,52.0,193.73076923076923,10074.0,J995_AR _B4_slice6-Ort.czi,adult,gal,lower
92,1.0,210.0,210.0,J995_AR _B4_slice6-Ort.czi,adult,gal,lower
93,169.0,238.2958579881657,40272.0,J995_AR _B4_slice6-Ort.czi,adult,gal,lower
94,26.0,217.19230769230768,5647.0,J995_AR _B4_slice6-Ort.czi,adult,gal,lower
95,21.0,180.14285714285714,3783.0,J995_AR _B4_slice6-Ort.czi,adult,gal,lower
96,100.0,175.49,17549.0,J995_AR _B4_slice6-Ort.czi,adult,gal,lower
97,1.0,167.0,167.0,J995_AR _B4_slice6-Ort.czi,adult,gal,lower
98,22.0,203.8181818181818,4484.0,J995_AR _B4_slice6-Ort.czi,adult,gal,lower
99,21.0,177.04761904761904,3718.0,J995_AR _B4_slice6-Ort.czi,adult,gal,lower
100,51.0,200.90196078431373,10246.0,J995_AR _B4_slice6-Ort.czi,adult,gal,lower
101,25.0,187.92,4698.0,J995_AR _B4_slice6-Ort.czi,adult,gal,lower
102,63.0,236.9047619047619,14925.0,J995_AR _B4_slice6-Ort.czi,adult,gal,lower
103,51.0,229.62745098039215,11711.0,J995_AR _B4_slice6-Ort.czi,adult,gal,lower
104,26.0,205.30769230769232,5338.0,J995_AR _B4_slice6-Ort.czi,adult,gal,lower
105,21.0,203.71428571428572,4278.0,J995_AR _B4_slice6-Ort.czi,adult,gal,lower
106,252.0,237.8015873015873,59926.0,J995_AR _B4_slice6-Ort.czi,adult,gal,lower
107,32.0,175.84375,5627.0,J995_AR _B4_slice6-Ort.czi,adult,gal,lower
108,33.0,215.3030303030303,7105.0,J995_AR _B4_slice6-Ort.czi,adult,gal,lower
109,3.0,157.66666666666666,473.0,J995_AR _B4_slice6-Ort.czi,adult,gal,lower
110,28.0,218.57142857142858,6120.0,J995_AR _B4_slice6-Ort.czi,adult,gal,lower
111,2.0,255.0,510.0,J995_AR _B4_slice6-Ort.czi,adult,gal,lower
112,6.0,192.83333333333334,1157.0,J995_AR _B4_slice6-Ort.czi,adult,gal,lower
113,59.0,164.71186440677965,9718.0,J995_AR _B4_slice6-Ort.czi,adult,gal,lower
114,25.0,170.88,4272.0,J995_AR _B4_slice6-Ort.czi,adult,gal,lower
115,108.0,235.57407407407408,25442.0,J995_AR _B4_slice6-Ort.czi,adult,gal,lower
116,18.0,233.88888888888889,4210.0,J995_AR _B4_slice6-Ort.czi,adult,gal,lower
117,27.0,227.11111111111111,6132.0,J995_AR _B4_slice6-Ort.czi,adult,gal,lower
118,66.0,236.15151515151516,15586.0,J995_AR _B4_slice6-Ort.czi,adult,gal,lower
119,22.0,240.36363636363637,5288.0,J995_AR _B4_slice6-Ort.czi,adult,gal,lower
120,4.0,147.75,591.0,J995_AR _B4_slice6-Ort.czi,adult,gal,lower
121,3.0,128.33333333333334,385.0,J995_AR _B4_slice6-Ort.czi,adult,gal,lower
122,87.0,239.6551724137931,20850.0,J995_AR _B4_slice6-Ort.czi,adult,gal,lower
123,40.0,193.8,7752.0,J995_AR _B4_slice6-Ort.czi,adult,gal,lower
124,19.0,215.89473684210526,4102.0,J995_AR _B4_slice6-Ort.czi,adult,gal,lower
125,34.0,163.76470588235293,5568.0,J995_AR _B4_slice6-Ort.czi,adult,gal,lower
126,62.0,188.88709677419354,11711.0,J995_AR _B4_slice6-Ort.czi,adult,gal,lower
127,1.0,101.0,101.0,J995_AR _B4_slice6-Ort.czi,adult,gal,lower
128,141.0,231.8581560283688,32692.0,J995_AR _B4_slice6-Ort.czi,adult,gal,lower
129,2.0,169.5,339.0,J995_AR _B4_slice6-Ort.czi,adult,gal,lower
130,43.0,161.53488372093022,6946.0,J995_AR _B4_slice6-Ort.czi,adult,gal,lower
131,45.0,163.73333333333332,7367.999999999999,J995_AR _B4_slice6-Ort.czi,adult,gal,lower
132,18.0,177.44444444444446,3194.0,J995_AR _B4_slice6-Ort.czi,adult,gal,lower
133,91.0,204.67032967032966,18625.0,J995_AR _B4_slice6-Ort.czi,adult,gal,lower
134,108.0,227.44444444444446,24564.0,J995_AR _B4_slice6-Ort.czi,adult,gal,lower
135,34.0,212.14705882352942,7213.0,J995_AR _B4_slice6-Ort.czi,adult,gal,lower
136,21.0,187.0,3927.0,J995_AR _B4_slice6-Ort.czi,adult,gal,lower
137,154.0,229.62987012987014,35363.0,J995_AR _B4_slice6-Ort.czi,adult,gal,lower
138,319.0,214.42006269592477,68400.0,J995_AR _B4_slice6-Ort.czi,adult,gal,lower
139,192.0,221.10416666666666,42452.0,J995_AR _B4_slice6-Ort.czi,adult,gal,lower
140,17.0,154.94117647058823,2634.0,J995_AR _B4_slice6-Ort.czi,adult,gal,lower
141,103.0,219.36893203883494,22595.0,J995_AR _B4_slice6-Ort.czi,adult,gal,lower
142,20.0,181.9,3638.0,J995_AR _B4_slice6-Ort.czi,adult,gal,lower
143,50.0,234.12,11706.0,J995_AR _B4_slice6-Ort.czi,adult,gal,lower
144,24.0,222.70833333333334,5345.0,J995_AR _B4_slice6-Ort.czi,adult,gal,lower
145,75.0,187.25333333333333,14044.0,J995_AR _B4_slice6-Ort.czi,adult,gal,lower
146,14.0,203.71428571428572,2852.0,J995_AR _B4_slice6-Ort.czi,adult,gal,lower
147,3.0,222.33333333333334,667.0,J995_AR _B4_slice6-Ort.czi,adult,gal,lower
148,18.0,188.88888888888889,3400.0,J995_AR _B4_slice6-Ort.czi,adult,gal,lower
149,110.0,220.45454545454547,24250.0,J995_AR _B4_slice6-Ort.czi,adult,gal,lower
150,1.0,175.0,175.0,J995_AR _B4_slice6-Ort.czi,adult,gal,lower
151,1.0,148.0,148.0,J995_AR _B4_slice6-Ort.czi,adult,gal,lower
152,53.0,207.18867924528303,10981.0,J995_AR _B4_slice6-Ort.czi,adult,gal,lower
153,11.0,181.63636363636363,1998.0,J995_AR _B4_slice6-Ort.czi,adult,gal,lower
154,1.0,114.0,114.0,J995_AR _B4_slice6-Ort.czi,adult,gal,lower
155,92.0,233.41304347826087,21474.0,J995_AR _B4_slice6-Ort.czi,adult,gal,lower
156,97.0,226.1237113402062,21934.0,J995_AR _B4_slice6-Ort.czi,adult,gal,lower
157,6.0,230.16666666666666,1381.0,J995_AR _B4_slice6-Ort.czi,adult,gal,lower
158,36.0,229.0,8244.0,J995_AR _B4_slice6-Ort.czi,adult,gal,lower
159,148.0,217.01351351351352,32118.0,J995_AR _B4_slice6-Ort.czi,adult,gal,lower
160,17.0,230.94117647058823,3926.0,J995_AR _B4_slice6-Ort.czi,adult,gal,lower
161,29.0,188.13793103448276,5456.0,J995_AR _B4_slice6-Ort.czi,adult,gal,lower
162,1.0,140.0,140.0,J995_AR _B4_slice6-Ort.czi,adult,gal,lower
1,3.0,145.33333333333334,436.0,K738_ARC _B4_slice7-Ort.czi,adult,gal,lower
2,4.0,191.5,766.0,K738_ARC _B4_slice7-Ort.czi,adult,gal,lower
3,43.0,207.90697674418604,8940.0,K738_ARC _B4_slice7-Ort.czi,adult,gal,lower
4,98.0,161.22448979591837,15800.0,K738_ARC _B4_slice7-Ort.czi,adult,gal,lower
5,42.0,155.11904761904762,6515.0,K738_ARC _B4_slice7-Ort.czi,adult,gal,lower
6,43.0,200.0,8600.0,K738_ARC _B4_slice7-Ort.czi,adult,gal,lower
7,22.0,115.31818181818181,2537.0,K738_ARC _B4_slice7-Ort.czi,adult,gal,lower
8,4.0,105.5,422.0,K738_ARC _B4_slice7-Ort.czi,adult,gal,lower
9,26.0,170.84615384615384,4442.0,K738_ARC _B4_slice7-Ort.czi,adult,gal,lower
10,112.0,224.20535714285714,25111.0,K738_ARC _B4_slice7-Ort.czi,adult,gal,lower
11,16.0,212.4375,3399.0,K738_ARC _B4_slice7-Ort.czi,adult,gal,lower
12,24.0,151.33333333333334,3632.0,K738_ARC _B4_slice7-Ort.czi,adult,gal,lower
13,20.0,163.85,3277.0,K738_ARC _B4_slice7-Ort.czi,adult,gal,lower
14,70.0,155.4,10878.0,K738_ARC _B4_slice7-Ort.czi,adult,gal,lower
15,36.0,155.97222222222223,5615.0,K738_ARC _B4_slice7-Ort.czi,adult,gal,lower
16,6.0,225.0,1350.0,K738_ARC _B4_slice7-Ort.czi,adult,gal,lower
17,47.0,177.80851063829786,8357.0,K738_ARC _B4_slice7-Ort.czi,adult,gal,lower
18,32.0,160.625,5140.0,K738_ARC _B4_slice7-Ort.czi,adult,gal,lower
19,122.0,216.8360655737705,26454.0,K738_ARC _B4_slice7-Ort.czi,adult,gal,lower
20,146.0,229.47260273972603,33503.0,K738_ARC _B4_slice7-Ort.czi,adult,gal,lower
21,78.0,151.74358974358975,11836.0,K738_ARC _B4_slice7-Ort.czi,adult,gal,lower
22,31.0,212.80645161290323,6597.0,K738_ARC _B4_slice7-Ort.czi,adult,gal,lower
23,58.0,152.17241379310346,8826.0,K738_ARC _B4_slice7-Ort.czi,adult,gal,lower
24,26.0,191.53846153846155,4980.0,K738_ARC _B4_slice7-Ort.czi,adult,gal,lower
25,20.0,127.6,2552.0,K738_ARC _B4_slice7-Ort.czi,adult,gal,lower
26,134.0,233.07462686567163,31232.0,K738_ARC _B4_slice7-Ort.czi,adult,gal,lower
27,7.0,110.28571428571429,772.0,K738_ARC _B4_slice7-Ort.czi,adult,gal,lower
28,3.0,208.33333333333334,625.0,K738_ARC _B4_slice7-Ort.czi,adult,gal,lower
29,8.0,111.125,889.0,K738_ARC _B4_slice7-Ort.czi,adult,gal,lower
30,127.0,212.07874015748033,26934.0,K738_ARC _B4_slice7-Ort.czi,adult,gal,lower
31,16.0,140.875,2254.0,K738_ARC _B4_slice7-Ort.czi,adult,gal,lower
32,27.0,150.07407407407408,4052.0,K738_ARC _B4_slice7-Ort.czi,adult,gal,lower
33,71.0,179.46478873239437,12742.0,K738_ARC _B4_slice7-Ort.czi,adult,gal,lower
34,6.0,119.66666666666667,718.0,K738_ARC _B4_slice7-Ort.czi,adult,gal,lower
35,6.0,99.33333333333333,596.0,K738_ARC _B4_slice7-Ort.czi,adult,gal,lower
36,4.0,198.0,792.0,K738_ARC _B4_slice7-Ort.czi,adult,gal,lower
37,9.0,135.88888888888889,1223.0,K738_ARC _B4_slice7-Ort.czi,adult,gal,lower
38,94.0,209.46808510638297,19690.0,K738_ARC _B4_slice7-Ort.czi,adult,gal,lower
39,42.0,152.83333333333334,6419.0,K738_ARC _B4_slice7-Ort.czi,adult,gal,lower
40,93.0,166.27956989247312,15464.0,K738_ARC _B4_slice7-Ort.czi,adult,gal,lower
41,158.0,189.62025316455697,29960.0,K738_ARC _B4_slice7-Ort.czi,adult,gal,lower
42,56.0,143.5,8036.0,K738_ARC _B4_slice7-Ort.czi,adult,gal,lower
43,6.0,144.16666666666666,865.0,K738_ARC _B4_slice7-Ort.czi,adult,gal,lower
44,14.0,189.0,2646.0,K738_ARC _B4_slice7-Ort.czi,adult,gal,lower
45,22.0,187.95454545454547,4135.0,K738_ARC _B4_slice7-Ort.czi,adult,gal,lower
46,5.0,166.0,830.0,K738_ARC _B4_slice7-Ort.czi,adult,gal,lower
47,16.0,204.9375,3279.0,K738_ARC _B4_slice7-Ort.czi,adult,gal,lower
48,51.0,194.23529411764707,9906.0,K738_ARC _B4_slice7-Ort.czi,adult,gal,lower
49,62.0,190.38709677419354,11804.0,K738_ARC _B4_slice7-Ort.czi,adult,gal,lower
50,73.0,142.72602739726028,10419.0,K738_ARC _B4_slice7-Ort.czi,adult,gal,lower
51,21.0,181.52380952380952,3812.0,K738_ARC _B4_slice7-Ort.czi,adult,gal,lower
52,104.0,209.47115384615384,21785.0,K738_ARC _B4_slice7-Ort.czi,adult,gal,lower
53,68.0,167.5735294117647,11395.0,K738_ARC _B4_slice7-Ort.czi,adult,gal,lower
54,30.0,139.96666666666667,4199.0,K738_ARC _B4_slice7-Ort.czi,adult,gal,lower
55,110.0,177.74545454545455,19552.0,K738_ARC _B4_slice7-Ort.czi,adult,gal,lower
56,75.0,208.61333333333334,15646.0,K738_ARC _B4_slice7-Ort.czi,adult,gal,lower
57,126.0,230.18253968253967,29003.0,K738_ARC _B4_slice7-Ort.czi,adult,gal,lower
58,52.0,211.28846153846155,10987.0,K738_ARC _B4_slice7-Ort.czi,adult,gal,lower
59,24.0,127.33333333333333,3056.0,K738_ARC _B4_slice7-Ort.czi,adult,gal,lower
60,122.0,213.49180327868854,26046.0,K738_ARC _B4_slice7-Ort.czi,adult,gal,lower
61,44.0,177.38636363636363,7805.0,K738_ARC _B4_slice7-Ort.czi,adult,gal,lower
62,3.0,255.0,765.0,K738_ARC _B4_slice7-Ort.czi,adult,gal,lower
63,52.0,185.5,9646.0,K738_ARC _B4_slice7-Ort.czi,adult,gal,lower
64,28.0,167.35714285714286,4686.0,K738_ARC _B4_slice7-Ort.czi,adult,gal,lower
65,71.0,204.04225352112675,14487.0,K738_ARC _B4_slice7-Ort.czi,adult,gal,lower
66,35.0,136.45714285714286,4776.0,K738_ARC _B4_slice7-Ort.czi,adult,gal,lower
67,11.0,130.1818181818182,1432.0,K738_ARC _B4_slice7-Ort.czi,adult,gal,lower
68,22.0,167.77272727272728,3691.0,K738_ARC _B4_slice7-Ort.czi,adult,gal,lower
69,40.0,175.425,7017.0,K738_ARC _B4_slice7-Ort.czi,adult,gal,lower
70,5.0,128.8,644.0,K738_ARC _B4_slice7-Ort.czi,adult,gal,lower
71,8.0,167.0,1336.0,K738_ARC _B4_slice7-Ort.czi,adult,gal,lower
72,19.0,166.31578947368422,3160.0,K738_ARC _B4_slice7-Ort.czi,adult,gal,lower
73,40.0,193.575,7743.0,K738_ARC _B4_slice7-Ort.czi,adult,gal,lower
74,44.0,194.8181818181818,8572.0,K738_ARC _B4_slice7-Ort.czi,adult,gal,lower
75,108.0,222.75925925925927,24058.0,K738_ARC _B4_slice7-Ort.czi,adult,gal,lower
76,46.0,161.69565217391303,7437.999999999999,K738_ARC _B4_slice7-Ort.czi,adult,gal,lower
77,36.0,149.27777777777777,5374.0,K738_ARC _B4_slice7-Ort.czi,adult,gal,lower
78,4.0,212.75,851.0,K738_ARC _B4_slice7-Ort.czi,adult,gal,lower
79,54.0,221.75925925925927,11975.0,K738_ARC _B4_slice7-Ort.czi,adult,gal,lower
80,20.0,169.1,3382.0,K738_ARC _B4_slice7-Ort.czi,adult,gal,lower
81,116.0,209.14655172413794,24261.0,K738_ARC _B4_slice7-Ort.czi,adult,gal,lower
82,10.0,137.6,1376.0,K738_ARC _B4_slice7-Ort.czi,adult,gal,lower
83,26.0,161.15384615384616,4190.0,K738_ARC _B4_slice7-Ort.czi,adult,gal,lower
84,3.0,131.66666666666666,395.0,K738_ARC _B4_slice7-Ort.czi,adult,gal,lower
85,1.0,112.0,112.0,K738_ARC _B4_slice7-Ort.czi,adult,gal,lower
86,24.0,145.33333333333334,3488.0,K738_ARC _B4_slice7-Ort.czi,adult,gal,lower
87,26.0,155.84615384615384,4052.0,K738_ARC _B4_slice7-Ort.czi,adult,gal,lower
1,188.0,12.101063829787234,2275.0,J995_ARC _B4_slice8-Ort.czi,adult,gal,lower
2,161.0,14.906832298136646,2400.0,J995_ARC _B4_slice8-Ort.czi,adult,gal,lower
3,1.0,11.0,11.0,J995_ARC _B4_slice8-Ort.czi,adult,gal,lower
4,82.0,16.0,1312.0,J995_ARC _B4_slice8-Ort.czi,adult,gal,lower
5,5408.0,16.78235946745562,90759.0,J995_ARC _B4_slice8-Ort.czi,adult,gal,lower
6,210.0,16.02857142857143,3366.0,J995_ARC _B4_slice8-Ort.czi,adult,gal,lower
7,62.0,16.258064516129032,1008.0,J995_ARC _B4_slice8-Ort.czi,adult,gal,lower
8,164.0,14.99390243902439,2459.0,J995_ARC _B4_slice8-Ort.czi,adult,gal,lower
9,322.0,12.711180124223603,4093.0,J995_ARC _B4_slice8-Ort.czi,adult,gal,lower
10,280.0,14.15,3962.0,J995_ARC _B4_slice8-Ort.czi,adult,gal,lower
11,104.0,15.596153846153847,1622.0,J995_ARC _B4_slice8-Ort.czi,adult,gal,lower
12,42.0,13.142857142857142,552.0,J995_ARC _B4_slice8-Ort.czi,adult,gal,lower
13,104.0,18.39423076923077,1913.0,J995_ARC _B4_slice8-Ort.czi,adult,gal,lower
14,38.0,18.55263157894737,705.0,J995_ARC _B4_slice8-Ort.czi,adult,gal,lower
15,63.0,15.238095238095237,960.0,J995_ARC _B4_slice8-Ort.czi,adult,gal,lower
16,68.0,18.926470588235293,1287.0,J995_ARC _B4_slice8-Ort.czi,adult,gal,lower
17,226.0,12.902654867256636,2916.0,J995_ARC _B4_slice8-Ort.czi,adult,gal,lower
18,134.0,14.104477611940299,1890.0,J995_ARC _B4_slice8-Ort.czi,adult,gal,lower
19,112.0,17.080357142857142,1913.0,J995_ARC _B4_slice8-Ort.czi,adult,gal,lower
20,73.0,15.356164383561644,1121.0,J995_ARC _B4_slice8-Ort.czi,adult,gal,lower
21,5079.0,14.920063004528451,75779.0,J995_ARC _B4_slice8-Ort.czi,adult,gal,lower
22,1.0,14.0,14.0,J995_ARC _B4_slice8-Ort.czi,adult,gal,lower
23,58.0,15.293103448275861,887.0,J995_ARC _B4_slice8-Ort.czi,adult,gal,lower
24,32.0,14.96875,479.0,J995_ARC _B4_slice8-Ort.czi,adult,gal,lower
25,3.0,10.666666666666666,32.0,J995_ARC _B4_slice8-Ort.czi,adult,gal,lower
26,96.0,18.645833333333332,1790.0,J995_ARC _B4_slice8-Ort.czi,adult,gal,lower
27,62.0,14.241935483870968,883.0,J995_ARC _B4_slice8-Ort.czi,adult,gal,lower
28,13.0,13.923076923076923,181.0,J995_ARC _B4_slice8-Ort.czi,adult,gal,lower
29,37.0,16.027027027027028,593.0,J995_ARC _B4_slice8-Ort.czi,adult,gal,lower
30,12.0,13.25,159.0,J995_ARC _B4_slice8-Ort.czi,adult,gal,lower
31,429.0,19.82051282051282,8503.0,J995_ARC _B4_slice8-Ort.czi,adult,gal,lower
32,51.0,14.215686274509803,725.0,J995_ARC _B4_slice8-Ort.czi,adult,gal,lower
33,38.0,15.421052631578947,586.0,J995_ARC _B4_slice8-Ort.czi,adult,gal,lower
34,23.0,14.0,322.0,J995_ARC _B4_slice8-Ort.czi,adult,gal,lower
35,21580.0,15.7597312326228,340095.0,J995_ARC _B4_slice8-Ort.czi,adult,gal,lower
36,59.0,16.10169491525424,950.0000000000001,J995_ARC _B4_slice8-Ort.czi,adult,gal,lower
37,38.0,12.342105263157896,469.00000000000006,J995_ARC _B4_slice8-Ort.czi,adult,gal,lower
38,61.0,14.19672131147541,866.0,J995_ARC _B4_slice8-Ort.czi,adult,gal,lower
39,63.0,21.015873015873016,1324.0,J995_ARC _B4_slice8-Ort.czi,adult,gal,lower
40,31.0,18.032258064516128,559.0,J995_ARC _B4_slice8-Ort.czi,adult,gal,lower
41,76.0,14.355263157894736,1091.0,J995_ARC _B4_slice8-Ort.czi,adult,gal,lower
42,329.0,16.322188449848024,5370.0,J995_ARC _B4_slice8-Ort.czi,adult,gal,lower
43,13.0,14.0,182.0,J995_ARC _B4_slice8-Ort.czi,adult,gal,lower
44,67.0,13.64179104477612,914.0,J995_ARC _B4_slice8-Ort.czi,adult,gal,lower
45,25.0,17.8,445.0,J995_ARC _B4_slice8-Ort.czi,adult,gal,lower
46,126.0,18.825396825396826,2372.0,J995_ARC _B4_slice8-Ort.czi,adult,gal,lower
47,47.0,20.23404255319149,951.0,J995_ARC _B4_slice8-Ort.czi,adult,gal,lower
48,32.0,14.5,464.0,J995_ARC _B4_slice8-Ort.czi,adult,gal,lower
49,37.0,14.405405405405405,533.0,J995_ARC _B4_slice8-Ort.czi,adult,gal,lower
50,78.0,14.576923076923077,1137.0,J995_ARC _B4_slice8-Ort.czi,adult,gal,lower
51,15.0,23.6,354.0,J995_ARC _B4_slice8-Ort.czi,adult,gal,lower
52,19.0,15.842105263157896,301.0,J995_ARC _B4_slice8-Ort.czi,adult,gal,lower
53,42.0,13.714285714285714,576.0,J995_ARC _B4_slice8-Ort.czi,adult,gal,lower
54,217.0,13.248847926267281,2875.0,J995_ARC _B4_slice8-Ort.czi,adult,gal,lower
55,4.0,13.75,55.0,J995_ARC _B4_slice8-Ort.czi,adult,gal,lower
56,19.0,19.105263157894736,363.0,J995_ARC _B4_slice8-Ort.czi,adult,gal,lower
57,157.0,15.210191082802547,2388.0,J995_ARC _B4_slice8-Ort.czi,adult,gal,lower
58,4.0,15.75,63.0,J995_ARC _B4_slice8-Ort.czi,adult,gal,lower
59,197.0,16.751269035532996,3300.0,J995_ARC _B4_slice8-Ort.czi,adult,gal,lower
60,44.0,15.0,660.0,J995_ARC _B4_slice8-Ort.czi,adult,gal,lower
61,23.0,11.91304347826087,274.0,J995_ARC _B4_slice8-Ort.czi,adult,gal,lower
62,98.0,14.581632653061224,1429.0,J995_ARC _B4_slice8-Ort.czi,adult,gal,lower
63,32.0,14.0,448.0,J995_ARC _B4_slice8-Ort.czi,adult,gal,lower
64,233.0,13.081545064377682,3048.0,J995_ARC _B4_slice8-Ort.czi,adult,gal,lower
65,61831.0,14.875483171871714,919766.0,J995_ARC _B4_slice8-Ort.czi,adult,gal,lower
66,114.0,14.394736842105264,1641.0,J995_ARC _B4_slice8-Ort.czi,adult,gal,lower
67,25.0,14.48,362.0,J995_ARC _B4_slice8-Ort.czi,adult,gal,lower
68,19.0,13.473684210526315,256.0,J995_ARC _B4_slice8-Ort.czi,adult,gal,lower
69,41.0,27.78048780487805,1139.0,J995_ARC _B4_slice8-Ort.czi,adult,gal,lower
70,17.0,12.411764705882353,211.0,J995_ARC _B4_slice8-Ort.czi,adult,gal,lower
71,1.0,15.0,15.0,J995_ARC _B4_slice8-Ort.czi,adult,gal,lower
72,71.0,13.56338028169014,963.0,J995_ARC _B4_slice8-Ort.czi,adult,gal,lower
73,90.0,13.488888888888889,1214.0,J995_ARC _B4_slice8-Ort.czi,adult,gal,lower
74,224.0,14.09375,3157.0,J995_ARC _B4_slice8-Ort.czi,adult,gal,lower
75,28.0,13.5,378.0,J995_ARC _B4_slice8-Ort.czi,adult,gal,lower
76,19.0,17.736842105263158,337.0,J995_ARC _B4_slice8-Ort.czi,adult,gal,lower
77,172.0,14.627906976744185,2516.0,J995_ARC _B4_slice8-Ort.czi,adult,gal,lower
78,27.0,14.25925925925926,385.0,J995_ARC _B4_slice8-Ort.czi,adult,gal,lower
79,23.0,13.0,299.0,J995_ARC _B4_slice8-Ort.czi,adult,gal,lower
80,880.0,13.294318181818182,11699.0,J995_ARC _B4_slice8-Ort.czi,adult,gal,lower
81,100.0,14.12,1412.0,J995_ARC _B4_slice8-Ort.czi,adult,gal,lower
82,28.0,14.821428571428571,415.0,J995_ARC _B4_slice8-Ort.czi,adult,gal,lower
83,198.0,14.919191919191919,2954.0,J995_ARC _B4_slice8-Ort.czi,adult,gal,lower
84,12.0,13.333333333333334,160.0,J995_ARC _B4_slice8-Ort.czi,adult,gal,lower
85,127181.0,16.892884943505713,2148454.0,J995_ARC _B4_slice8-Ort.czi,adult,gal,lower
86,20.0,13.2,264.0,J995_ARC _B4_slice8-Ort.czi,adult,gal,lower
87,38.0,23.157894736842106,880.0,J995_ARC _B4_slice8-Ort.czi,adult,gal,lower
88,381.0,19.293963254593177,7351.0,J995_ARC _B4_slice8-Ort.czi,adult,gal,lower
89,211.0,14.289099526066352,3015.0,J995_ARC _B4_slice8-Ort.czi,adult,gal,lower
90,43.0,14.511627906976743,624.0,J995_ARC _B4_slice8-Ort.czi,adult,gal,lower
91,8.0,14.25,114.0,J995_ARC _B4_slice8-Ort.czi,adult,gal,lower
92,43.0,15.232558139534884,655.0,J995_ARC _B4_slice8-Ort.czi,adult,gal,lower
93,88.0,14.181818181818182,1248.0,J995_ARC _B4_slice8-Ort.czi,adult,gal,lower
94,106.0,13.424528301886792,1423.0,J995_ARC _B4_slice8-Ort.czi,adult,gal,lower
95,69.0,27.869565217391305,1923.0,J995_ARC _B4_slice8-Ort.czi,adult,gal,lower
96,116.0,12.439655172413794,1443.0,J995_ARC _B4_slice8-Ort.czi,adult,gal,lower
97,172.0,18.447674418604652,3173.0,J995_ARC _B4_slice8-Ort.czi,adult,gal,lower
98,10.0,12.3,123.0,J995_ARC _B4_slice8-Ort.czi,adult,gal,lower
99,94.0,14.457446808510639,1359.0,J995_ARC _B4_slice8-Ort.czi,adult,gal,lower
100,564.0,13.806737588652481,7787.0,J995_ARC _B4_slice8-Ort.czi,adult,gal,lower
101,2.0,17.5,35.0,J995_ARC _B4_slice8-Ort.czi,adult,gal,lower
102,17.0,14.411764705882353,245.0,J995_ARC _B4_slice8-Ort.czi,adult,gal,lower
103,37.0,13.486486486486486,499.0,J995_ARC _B4_slice8-Ort.czi,adult,gal,lower
104,62.0,14.112903225806452,875.0,J995_ARC _B4_slice8-Ort.czi,adult,gal,lower
105,110.0,15.309090909090909,1684.0,J995_ARC _B4_slice8-Ort.czi,adult,gal,lower
106,68.0,14.691176470588236,999.0,J995_ARC _B4_slice8-Ort.czi,adult,gal,lower
107,97.0,14.505154639175258,1407.0,J995_ARC _B4_slice8-Ort.czi,adult,gal,lower
108,30.0,29.3,879.0,J995_ARC _B4_slice8-Ort.czi,adult,gal,lower
109,47.0,15.170212765957446,713.0,J995_ARC _B4_slice8-Ort.czi,adult,gal,lower
110,4.0,14.0,56.0,J995_ARC _B4_slice8-Ort.czi,adult,gal,lower
111,203.0,16.935960591133004,3437.9999999999995,J995_ARC _B4_slice8-Ort.czi,adult,gal,lower
112,9.0,15.444444444444445,139.0,J995_ARC _B4_slice8-Ort.czi,adult,gal,lower
113,21.0,21.714285714285715,456.0,J995_ARC _B4_slice8-Ort.czi,adult,gal,lower
114,11.0,14.363636363636363,158.0,J995_ARC _B4_slice8-Ort.czi,adult,gal,lower
115,164.0,35.670731707317074,5850.0,J995_ARC _B4_slice8-Ort.czi,adult,gal,lower
116,19.0,12.263157894736842,233.0,J995_ARC _B4_slice8-Ort.czi,adult,gal,lower
117,24.0,34.791666666666664,835.0,J995_ARC _B4_slice8-Ort.czi,adult,gal,lower
118,17.0,12.823529411764707,218.0,J995_ARC _B4_slice8-Ort.czi,adult,gal,lower
119,16.0,16.3125,261.0,J995_ARC _B4_slice8-Ort.czi,adult,gal,lower
120,173.0,14.791907514450868,2559.0,J995_ARC _B4_slice8-Ort.czi,adult,gal,lower
121,75.0,14.6,1095.0,J995_ARC _B4_slice8-Ort.czi,adult,gal,lower
122,255.0,36.87843137254902,9404.0,J995_ARC _B4_slice8-Ort.czi,adult,gal,lower
123,22.0,20.181818181818183,444.00000000000006,J995_ARC _B4_slice8-Ort.czi,adult,gal,lower
124,23.0,16.956521739130434,390.0,J995_ARC _B4_slice8-Ort.czi,adult,gal,lower
125,18.0,20.88888888888889,376.0,J995_ARC _B4_slice8-Ort.czi,adult,gal,lower
126,7.0,14.285714285714286,100.0,J995_ARC _B4_slice8-Ort.czi,adult,gal,lower
127,1.0,16.0,16.0,J995_ARC _B4_slice8-Ort.czi,adult,gal,lower
128,26.0,15.26923076923077,397.0,J995_ARC _B4_slice8-Ort.czi,adult,gal,lower
129,53.0,15.79245283018868,837.0,J995_ARC _B4_slice8-Ort.czi,adult,gal,lower
130,1.0,14.0,14.0,J995_ARC _B4_slice8-Ort.czi,adult,gal,lower
131,2.0,12.0,24.0,J995_ARC _B4_slice8-Ort.czi,adult,gal,lower
132,21.0,13.238095238095237,278.0,J995_ARC _B4_slice8-Ort.czi,adult,gal,lower
133,31.0,17.967741935483872,557.0,J995_ARC _B4_slice8-Ort.czi,adult,gal,lower
134,192.0,24.401041666666668,4685.0,J995_ARC _B4_slice8-Ort.czi,adult,gal,lower
135,26.0,17.807692307692307,463.0,J995_ARC _B4_slice8-Ort.czi,adult,gal,lower
136,80.0,20.125,1610.0,J995_ARC _B4_slice8-Ort.czi,adult,gal,lower
137,39.0,13.23076923076923,516.0,J995_ARC _B4_slice8-Ort.czi,adult,gal,lower
138,156.0,22.53205128205128,3515.0,J995_ARC _B4_slice8-Ort.czi,adult,gal,lower
139,3.0,11.333333333333334,34.0,J995_ARC _B4_slice8-Ort.czi,adult,gal,lower
140,50.0,15.9,795.0,J995_ARC _B4_slice8-Ort.czi,adult,gal,lower
141,49.0,14.020408163265307,687.0,J995_ARC _B4_slice8-Ort.czi,adult,gal,lower
142,61.0,18.065573770491802,1102.0,J995_ARC _B4_slice8-Ort.czi,adult,gal,lower
143,29.0,15.89655172413793,461.0,J995_ARC _B4_slice8-Ort.czi,adult,gal,lower
144,16.0,16.5625,265.0,J995_ARC _B4_slice8-Ort.czi,adult,gal,lower
145,22.0,21.727272727272727,478.0,J995_ARC _B4_slice8-Ort.czi,adult,gal,lower
146,235.0,17.28936170212766,4063.0,J995_ARC _B4_slice8-Ort.czi,adult,gal,lower
147,19.0,14.789473684210526,281.0,J995_ARC _B4_slice8-Ort.czi,adult,gal,lower
148,64.0,13.25,848.0,J995_ARC _B4_slice8-Ort.czi,adult,gal,lower
149,101.0,13.673267326732674,1381.0,J995_ARC _B4_slice8-Ort.czi,adult,gal,lower
150,33.0,13.06060606060606,431.0,J995_ARC _B4_slice8-Ort.czi,adult,gal,lower
151,64.0,15.203125,973.0,J995_ARC _B4_slice8-Ort.czi,adult,gal,lower
152,8.0,15.125,121.0,J995_ARC _B4_slice8-Ort.czi,adult,gal,lower
153,35.0,14.085714285714285,493.0,J995_ARC _B4_slice8-Ort.czi,adult,gal,lower
154,29.0,12.724137931034482,369.0,J995_ARC _B4_slice8-Ort.czi,adult,gal,lower
155,20.0,18.05,361.0,J995_ARC _B4_slice8-Ort.czi,adult,gal,lower
156,137.0,19.26277372262774,2639.0,J995_ARC _B4_slice8-Ort.czi,adult,gal,lower
157,68.0,13.441176470588236,914.0,J995_ARC _B4_slice8-Ort.czi,adult,gal,lower
158,162.0,16.85185185185185,2730.0,J995_ARC _B4_slice8-Ort.czi,adult,gal,lower
159,18.0,15.61111111111111,281.0,J995_ARC _B4_slice8-Ort.czi,adult,gal,lower
160,16.0,13.625,218.0,J995_ARC _B4_slice8-Ort.czi,adult,gal,lower
161,19.0,12.842105263157896,244.00000000000003,J995_ARC _B4_slice8-Ort.czi,adult,gal,lower
162,9.0,12.11111111111111,109.0,J995_ARC _B4_slice8-Ort.czi,adult,gal,lower
163,117.0,14.051282051282051,1644.0,J995_ARC _B4_slice8-Ort.czi,adult,gal,lower
164,584.0,23.840753424657535,13923.0,J995_ARC _B4_slice8-Ort.czi,adult,gal,lower
165,50.0,21.46,1073.0,J995_ARC _B4_slice8-Ort.czi,adult,gal,lower
166,90.0,13.911111111111111,1252.0,J995_ARC _B4_slice8-Ort.czi,adult,gal,lower
167,25.0,14.96,374.0,J995_ARC _B4_slice8-Ort.czi,adult,gal,lower
168,207.0,14.927536231884059,3090.0,J995_ARC _B4_slice8-Ort.czi,adult,gal,lower
169,6.0,46.166666666666664,277.0,J995_ARC _B4_slice8-Ort.czi,adult,gal,lower
170,9.0,21.555555555555557,194.0,J995_ARC _B4_slice8-Ort.czi,adult,gal,lower
171,54.0,13.37037037037037,722.0,J995_ARC _B4_slice8-Ort.czi,adult,gal,lower
172,69.0,15.115942028985508,1043.0,J995_ARC _B4_slice8-Ort.czi,adult,gal,lower
173,17.0,12.647058823529411,215.0,J995_ARC _B4_slice8-Ort.czi,adult,gal,lower
174,24.0,16.916666666666668,406.0,J995_ARC _B4_slice8-Ort.czi,adult,gal,lower
175,211.0,18.933649289099527,3995.0000000000005,J995_ARC _B4_slice8-Ort.czi,adult,gal,lower
176,45.0,13.266666666666667,597.0,J995_ARC _B4_slice8-Ort.czi,adult,gal,lower
177,8.0,13.125,105.0,J995_ARC _B4_slice8-Ort.czi,adult,gal,lower
178,22.0,17.272727272727273,380.0,J995_ARC _B4_slice8-Ort.czi,adult,gal,lower
179,66.0,14.606060606060606,964.0,J995_ARC _B4_slice8-Ort.czi,adult,gal,lower
180,50.0,15.32,766.0,J995_ARC _B4_slice8-Ort.czi,adult,gal,lower
181,153.0,20.143790849673202,3082.0,J995_ARC _B4_slice8-Ort.czi,adult,gal,lower
182,43.0,17.697674418604652,761.0,J995_ARC _B4_slice8-Ort.czi,adult,gal,lower
183,1578.0,19.231939163498097,30347.999999999996,J995_ARC _B4_slice8-Ort.czi,adult,gal,lower
184,93.0,15.838709677419354,1473.0,J995_ARC _B4_slice8-Ort.czi,adult,gal,lower
185,65.0,14.738461538461538,958.0,J995_ARC _B4_slice8-Ort.czi,adult,gal,lower
186,33.0,19.303030303030305,637.0,J995_ARC _B4_slice8-Ort.czi,adult,gal,lower
187,34.0,15.617647058823529,531.0,J995_ARC _B4_slice8-Ort.czi,adult,gal,lower
188,5.0,14.2,71.0,J995_ARC _B4_slice8-Ort.czi,adult,gal,lower
189,21.0,15.666666666666666,329.0,J995_ARC _B4_slice8-Ort.czi,adult,gal,lower
190,101.0,13.603960396039604,1374.0,J995_ARC _B4_slice8-Ort.czi,adult,gal,lower
191,4.0,16.5,66.0,J995_ARC _B4_slice8-Ort.czi,adult,gal,lower
192,612.0,16.99019607843137,10397.999999999998,J995_ARC _B4_slice8-Ort.czi,adult,gal,lower
193,223.0,13.304932735426009,2967.0,J995_ARC _B4_slice8-Ort.czi,adult,gal,lower
194,7.0,16.571428571428573,116.00000000000001,J995_ARC _B4_slice8-Ort.czi,adult,gal,lower
195,12.0,14.583333333333334,175.0,J995_ARC _B4_slice8-Ort.czi,adult,gal,lower
196,30.0,15.7,471.0,J995_ARC _B4_slice8-Ort.czi,adult,gal,lower
197,16.0,13.9375,223.0,J995_ARC _B4_slice8-Ort.czi,adult,gal,lower
198,15.0,16.266666666666666,244.0,J995_ARC _B4_slice8-Ort.czi,adult,gal,lower
199,1300.0,23.341538461538462,30344.0,J995_ARC _B4_slice8-Ort.czi,adult,gal,lower
200,29.0,15.10344827586207,438.0,J995_ARC _B4_slice8-Ort.czi,adult,gal,lower
201,64.0,13.328125,853.0,J995_ARC _B4_slice8-Ort.czi,adult,gal,lower
202,94.0,15.52127659574468,1459.0,J995_ARC _B4_slice8-Ort.czi,adult,gal,lower
203,77.0,16.766233766233768,1291.0,J995_ARC _B4_slice8-Ort.czi,adult,gal,lower
204,2.0,13.0,26.0,J995_ARC _B4_slice8-Ort.czi,adult,gal,lower
205,461.0,17.676789587852493,8148.999999999999,J995_ARC _B4_slice8-Ort.czi,adult,gal,lower
206,33.0,16.060606060606062,530.0,J995_ARC _B4_slice8-Ort.czi,adult,gal,lower
207,15.0,16.133333333333333,242.0,J995_ARC _B4_slice8-Ort.czi,adult,gal,lower
208,194.0,15.381443298969073,2984.0,J995_ARC _B4_slice8-Ort.czi,adult,gal,lower
209,162.0,15.950617283950617,2584.0,J995_ARC _B4_slice8-Ort.czi,adult,gal,lower
210,83.0,14.72289156626506,1222.0,J995_ARC _B4_slice8-Ort.czi,adult,gal,lower
211,155.0,14.638709677419355,2269.0,J995_ARC _B4_slice8-Ort.czi,adult,gal,lower
212,193.0,15.461139896373057,2984.0,J995_ARC _B4_slice8-Ort.czi,adult,gal,lower
213,56.0,19.589285714285715,1097.0,J995_ARC _B4_slice8-Ort.czi,adult,gal,lower
214,35.0,14.771428571428572,517.0,J995_ARC _B4_slice8-Ort.czi,adult,gal,lower
215,8.0,14.25,114.0,J995_ARC _B4_slice8-Ort.czi,adult,gal,lower
216,33.0,16.515151515151516,545.0,J995_ARC _B4_slice8-Ort.czi,adult,gal,lower
217,246.0,18.195121951219512,4476.0,J995_ARC _B4_slice8-Ort.czi,adult,gal,lower
218,16.0,16.1875,259.0,J995_ARC _B4_slice8-Ort.czi,adult,gal,lower
219,45.0,16.133333333333333,726.0,J995_ARC _B4_slice8-Ort.czi,adult,gal,lower
220,84.0,16.333333333333332,1372.0,J995_ARC _B4_slice8-Ort.czi,adult,gal,lower
221,27.0,17.444444444444443,470.99999999999994,J995_ARC _B4_slice8-Ort.czi,adult,gal,lower
222,90.0,15.055555555555555,1355.0,J995_ARC _B4_slice8-Ort.czi,adult,gal,lower
223,37.0,13.216216216216216,489.0,J995_ARC _B4_slice8-Ort.czi,adult,gal,lower
224,63.0,15.380952380952381,969.0,J995_ARC _B4_slice8-Ort.czi,adult,gal,lower
225,16.0,14.4375,231.0,J995_ARC _B4_slice8-Ort.czi,adult,gal,lower
226,29.0,15.689655172413794,455.0,J995_ARC _B4_slice8-Ort.czi,adult,gal,lower
227,263.0,16.247148288973385,4273.0,J995_ARC _B4_slice8-Ort.czi,adult,gal,lower
228,26.0,16.076923076923077,418.0,J995_ARC _B4_slice8-Ort.czi,adult,gal,lower
229,16.0,13.4375,215.0,J995_ARC _B4_slice8-Ort.czi,adult,gal,lower
230,38.0,19.342105263157894,735.0,J995_ARC _B4_slice8-Ort.czi,adult,gal,lower
231,22.0,13.227272727272727,291.0,J995_ARC _B4_slice8-Ort.czi,adult,gal,lower
232,69.0,15.63768115942029,1079.0,J995_ARC _B4_slice8-Ort.czi,adult,gal,lower
233,102.0,14.647058823529411,1494.0,J995_ARC _B4_slice8-Ort.czi,adult,gal,lower
234,30.0,17.5,525.0,J995_ARC _B4_slice8-Ort.czi,adult,gal,lower
235,73.0,15.835616438356164,1156.0,J995_ARC _B4_slice8-Ort.czi,adult,gal,lower
236,854.0,15.611241217798595,13332.0,J995_ARC _B4_slice8-Ort.czi,adult,gal,lower
237,621.0,13.73913043478261,8532.0,J995_ARC _B4_slice8-Ort.czi,adult,gal,lower
238,142.0,15.23943661971831,2164.0,J995_ARC _B4_slice8-Ort.czi,adult,gal,lower
239,304.0,15.092105263157896,4588.0,J995_ARC _B4_slice8-Ort.czi,adult,gal,lower
240,90.0,15.655555555555555,1409.0,J995_ARC _B4_slice8-Ort.czi,adult,gal,lower
241,140.0,14.971428571428572,2096.0,J995_ARC _B4_slice8-Ort.czi,adult,gal,lower
242,19.0,14.263157894736842,271.0,J995_ARC _B4_slice8-Ort.czi,adult,gal,lower
243,186.0,15.580645161290322,2898.0,J995_ARC _B4_slice8-Ort.czi,adult,gal,lower
244,21.0,14.095238095238095,296.0,J995_ARC _B4_slice8-Ort.czi,adult,gal,lower
245,35.0,15.085714285714285,528.0,J995_ARC _B4_slice8-Ort.czi,adult,gal,lower
246,323.0,16.854489164086687,5444.0,J995_ARC _B4_slice8-Ort.czi,adult,gal,lower
247,11.0,22.363636363636363,246.0,J995_ARC _B4_slice8-Ort.czi,adult,gal,lower
248,25.0,16.36,409.0,J995_ARC _B4_slice8-Ort.czi,adult,gal,lower
249,218.0,18.19724770642202,3967.0,J995_ARC _B4_slice8-Ort.czi,adult,gal,lower
250,28.0,12.785714285714286,358.0,J995_ARC _B4_slice8-Ort.czi,adult,gal,lower
251,98.0,15.489795918367347,1518.0,J995_ARC _B4_slice8-Ort.czi,adult,gal,lower
252,24.0,17.291666666666668,415.0,J995_ARC _B4_slice8-Ort.czi,adult,gal,lower
253,230.0,17.591304347826085,4045.9999999999995,J995_ARC _B4_slice8-Ort.czi,adult,gal,lower
254,37.0,14.972972972972974,554.0,J995_ARC _B4_slice8-Ort.czi,adult,gal,lower
255,22.0,12.772727272727273,281.0,J995_ARC _B4_slice8-Ort.czi,adult,gal,lower
256,102.0,15.098039215686274,1540.0,J995_ARC _B4_slice8-Ort.czi,adult,gal,lower
257,150.0,15.4,2310.0,J995_ARC _B4_slice8-Ort.czi,adult,gal,lower
258,74.0,14.635135135135135,1083.0,J995_ARC _B4_slice8-Ort.czi,adult,gal,lower
259,38.0,16.0,608.0,J995_ARC _B4_slice8-Ort.czi,adult,gal,lower
260,40.0,14.225,569.0,J995_ARC _B4_slice8-Ort.czi,adult,gal,lower
261,60.0,13.616666666666667,817.0,J995_ARC _B4_slice8-Ort.czi,adult,gal,lower
262,14.0,14.571428571428571,204.0,J995_ARC _B4_slice8-Ort.czi,adult,gal,lower
263,58.0,17.29310344827586,1003.0,J995_ARC _B4_slice8-Ort.czi,adult,gal,lower
264,344.0,15.32267441860465,5271.0,J995_ARC _B4_slice8-Ort.czi,adult,gal,lower
265,102.0,20.38235294117647,2079.0,J995_ARC _B4_slice8-Ort.czi,adult,gal,lower
266,220.0,37.29090909090909,8204.0,J995_ARC _B4_slice8-Ort.czi,adult,gal,lower
267,18.0,14.61111111111111,263.0,J995_ARC _B4_slice8-Ort.czi,adult,gal,lower
268,15.0,19.0,285.0,J995_ARC _B4_slice8-Ort.czi,adult,gal,lower
269,101.0,32.35643564356435,3267.9999999999995,J995_ARC _B4_slice8-Ort.czi,adult,gal,lower
270,44.0,15.090909090909092,664.0,J995_ARC _B4_slice8-Ort.czi,adult,gal,lower
271,154.0,17.2987012987013,2664.0,J995_ARC _B4_slice8-Ort.czi,adult,gal,lower
272,13.0,13.384615384615385,174.0,J995_ARC _B4_slice8-Ort.czi,adult,gal,lower
273,102.0,14.568627450980392,1486.0,J995_ARC _B4_slice8-Ort.czi,adult,gal,lower
274,84.0,21.321428571428573,1791.0000000000002,J995_ARC _B4_slice8-Ort.czi,adult,gal,lower
275,23.0,48.391304347826086,1113.0,J995_ARC _B4_slice8-Ort.czi,adult,gal,lower
276,4.0,14.75,59.0,J995_ARC _B4_slice8-Ort.czi,adult,gal,lower
277,9.0,13.666666666666666,123.0,J995_ARC _B4_slice8-Ort.czi,adult,gal,lower
278,75.0,15.053333333333333,1129.0,J995_ARC _B4_slice8-Ort.czi,adult,gal,lower
279,40.0,14.525,581.0,J995_ARC _B4_slice8-Ort.czi,adult,gal,lower
280,78.0,16.58974358974359,1294.0,J995_ARC _B4_slice8-Ort.czi,adult,gal,lower
281,51.0,14.450980392156863,737.0,J995_ARC _B4_slice8-Ort.czi,adult,gal,lower
282,324.0,14.5,4698.0,J995_ARC _B4_slice8-Ort.czi,adult,gal,lower
283,548.0,19.866788321167885,10887.0,J995_ARC _B4_slice8-Ort.czi,adult,gal,lower
284,111.0,17.873873873873872,1983.9999999999998,J995_ARC _B4_slice8-Ort.czi,adult,gal,lower
285,102.0,15.627450980392156,1594.0,J995_ARC _B4_slice8-Ort.czi,adult,gal,lower
286,230.0,20.46086956521739,4706.0,J995_ARC _B4_slice8-Ort.czi,adult,gal,lower
287,29.0,15.931034482758621,462.0,J995_ARC _B4_slice8-Ort.czi,adult,gal,lower
288,16.0,15.0,240.0,J995_ARC _B4_slice8-Ort.czi,adult,gal,lower
289,138.0,13.782608695652174,1902.0,J995_ARC _B4_slice8-Ort.czi,adult,gal,lower
290,64.0,16.4375,1052.0,J995_ARC _B4_slice8-Ort.czi,adult,gal,lower
291,97.0,16.371134020618555,1587.9999999999998,J995_ARC _B4_slice8-Ort.czi,adult,gal,lower
292,306.0,17.607843137254903,5388.0,J995_ARC _B4_slice8-Ort.czi,adult,gal,lower
293,148.0,16.527027027027028,2446.0,J995_ARC _B4_slice8-Ort.czi,adult,gal,lower
294,30.0,13.233333333333333,397.0,J995_ARC _B4_slice8-Ort.czi,adult,gal,lower
295,271.0,14.273062730627306,3868.0,J995_ARC _B4_slice8-Ort.czi,adult,gal,lower
296,886.0,20.034988713318285,17751.0,J995_ARC _B4_slice8-Ort.czi,adult,gal,lower
297,101.0,14.643564356435643,1479.0,J995_ARC _B4_slice8-Ort.czi,adult,gal,lower
298,87.0,13.96551724137931,1215.0,J995_ARC _B4_slice8-Ort.czi,adult,gal,lower
299,56.0,14.303571428571429,801.0,J995_ARC _B4_slice8-Ort.czi,adult,gal,lower
300,177.0,16.0225988700565,2836.0,J995_ARC _B4_slice8-Ort.czi,adult,gal,lower
301,1449.0,43.86887508626639,63566.0,J995_ARC _B4_slice8-Ort.czi,adult,gal,lower
302,23.0,14.869565217391305,342.0,J995_ARC _B4_slice8-Ort.czi,adult,gal,lower
303,32.0,14.125,452.0,J995_ARC _B4_slice8-Ort.czi,adult,gal,lower
304,119.0,13.722689075630251,1633.0,J995_ARC _B4_slice8-Ort.czi,adult,gal,lower
305,30.0,20.833333333333332,625.0,J995_ARC _B4_slice8-Ort.czi,adult,gal,lower
306,229.0,17.842794759825328,4086.0,J995_ARC _B4_slice8-Ort.czi,adult,gal,lower
307,103.0,14.048543689320388,1447.0,J995_ARC _B4_slice8-Ort.czi,adult,gal,lower
308,2814.0,21.790334044065386,61317.99999999999,J995_ARC _B4_slice8-Ort.czi,adult,gal,lower
309,420.0,21.5,9030.0,J995_ARC _B4_slice8-Ort.czi,adult,gal,lower
310,661.0,57.09682299546142,37741.0,J995_ARC _B4_slice8-Ort.czi,adult,gal,lower
311,1569.0,22.41300191204589,35166.0,J995_ARC _B4_slice8-Ort.czi,adult,gal,lower
312,340.0,27.63529411764706,9396.0,J995_ARC _B4_slice8-Ort.czi,adult,gal,lower
313,589.0,24.893039049235995,14662.0,J995_ARC _B4_slice8-Ort.czi,adult,gal,lower
314,174.0,22.436781609195403,3904.0,J995_ARC _B4_slice8-Ort.czi,adult,gal,lower
315,57.0,15.614035087719298,890.0,J995_ARC _B4_slice8-Ort.czi,adult,gal,lower
1,111.0,148.02702702702703,16431.0,J987_ARC _C3_slice5-Ort.czi,adult,gal,lower
2,18.0,108.55555555555556,1954.0,J987_ARC _C3_slice5-Ort.czi,adult,gal,lower
3,12.0,169.33333333333334,2032.0,J987_ARC _C3_slice5-Ort.czi,adult,gal,lower
4,16.0,162.125,2594.0,J987_ARC _C3_slice5-Ort.czi,adult,gal,lower
5,11.0,108.9090909090909,1198.0,J987_ARC _C3_slice5-Ort.czi,adult,gal,lower
6,11.0,132.36363636363637,1456.0,J987_ARC _C3_slice5-Ort.czi,adult,gal,lower
7,7.0,114.57142857142857,802.0,J987_ARC _C3_slice5-Ort.czi,adult,gal,lower
8,133.0,169.26315789473685,22512.0,J987_ARC _C3_slice5-Ort.czi,adult,gal,lower
9,17.0,101.29411764705883,1722.0,J987_ARC _C3_slice5-Ort.czi,adult,gal,lower
10,26.0,162.34615384615384,4221.0,J987_ARC _C3_slice5-Ort.czi,adult,gal,lower
11,93.0,200.05376344086022,18605.0,J987_ARC _C3_slice5-Ort.czi,adult,gal,lower
12,78.0,149.69230769230768,11675.999999999998,J987_ARC _C3_slice5-Ort.czi,adult,gal,lower
13,83.0,227.3012048192771,18866.0,J987_ARC _C3_slice5-Ort.czi,adult,gal,lower
14,32.0,141.90625,4541.0,J987_ARC _C3_slice5-Ort.czi,adult,gal,lower
15,15.0,107.26666666666667,1609.0,J987_ARC _C3_slice5-Ort.czi,adult,gal,lower
16,8.0,205.25,1642.0,J987_ARC _C3_slice5-Ort.czi,adult,gal,lower
17,4.0,92.25,369.0,J987_ARC _C3_slice5-Ort.czi,adult,gal,lower
18,49.0,141.6734693877551,6941.999999999999,J987_ARC _C3_slice5-Ort.czi,adult,gal,lower
19,34.0,218.61764705882354,7433.0,J987_ARC _C3_slice5-Ort.czi,adult,gal,lower
20,2.0,115.0,230.0,J987_ARC _C3_slice5-Ort.czi,adult,gal,lower
21,13.0,140.69230769230768,1828.9999999999998,J987_ARC _C3_slice5-Ort.czi,adult,gal,lower
22,15.0,169.2,2538.0,J987_ARC _C3_slice5-Ort.czi,adult,gal,lower
23,5.0,142.8,714.0,J987_ARC _C3_slice5-Ort.czi,adult,gal,lower
24,53.0,149.83018867924528,7941.0,J987_ARC _C3_slice5-Ort.czi,adult,gal,lower
25,9.0,111.77777777777777,1006.0,J987_ARC _C3_slice5-Ort.czi,adult,gal,lower
26,27.0,146.85185185185185,3965.0,J987_ARC _C3_slice5-Ort.czi,adult,gal,lower
27,51.0,155.68627450980392,7940.0,J987_ARC _C3_slice5-Ort.czi,adult,gal,lower
28,49.0,154.81632653061226,7586.000000000001,J987_ARC _C3_slice5-Ort.czi,adult,gal,lower
29,29.0,128.27586206896552,3720.0,J987_ARC _C3_slice5-Ort.czi,adult,gal,lower
30,41.0,166.9512195121951,6844.999999999999,J987_ARC _C3_slice5-Ort.czi,adult,gal,lower
31,139.0,221.9928057553957,30857.0,J987_ARC _C3_slice5-Ort.czi,adult,gal,lower
32,21.0,106.85714285714286,2244.0,J987_ARC _C3_slice5-Ort.czi,adult,gal,lower
33,30.0,121.4,3642.0,J987_ARC _C3_slice5-Ort.czi,adult,gal,lower
34,15.0,151.2,2268.0,J987_ARC _C3_slice5-Ort.czi,adult,gal,lower
35,8.0,128.625,1029.0,J987_ARC _C3_slice5-Ort.czi,adult,gal,lower
36,9.0,119.11111111111111,1072.0,J987_ARC _C3_slice5-Ort.czi,adult,gal,lower
37,2.0,129.5,259.0,J987_ARC _C3_slice5-Ort.czi,adult,gal,lower
38,10.0,105.8,1058.0,J987_ARC _C3_slice5-Ort.czi,adult,gal,lower
39,10.0,158.8,1588.0,J987_ARC _C3_slice5-Ort.czi,adult,gal,lower
40,4.0,106.5,426.0,J987_ARC _C3_slice5-Ort.czi,adult,gal,lower
41,69.0,164.768115942029,11369.0,J987_ARC _C3_slice5-Ort.czi,adult,gal,lower
42,28.0,131.78571428571428,3690.0,J987_ARC _C3_slice5-Ort.czi,adult,gal,lower
43,56.0,126.98214285714286,7111.0,J987_ARC _C3_slice5-Ort.czi,adult,gal,lower
44,15.0,114.33333333333333,1715.0,J987_ARC _C3_slice5-Ort.czi,adult,gal,lower
45,135.0,202.11851851851853,27286.0,J987_ARC _C3_slice5-Ort.czi,adult,gal,lower
46,115.0,201.0608695652174,23122.0,J987_ARC _C3_slice5-Ort.czi,adult,gal,lower
47,121.0,157.11570247933884,19011.0,J987_ARC _C3_slice5-Ort.czi,adult,gal,lower
48,15.0,151.33333333333334,2270.0,J987_ARC _C3_slice5-Ort.czi,adult,gal,lower
49,140.0,186.87857142857143,26163.0,J987_ARC _C3_slice5-Ort.czi,adult,gal,lower
50,5.0,145.6,728.0,J987_ARC _C3_slice5-Ort.czi,adult,gal,lower
51,25.0,157.24,3931.0,J987_ARC _C3_slice5-Ort.czi,adult,gal,lower
52,20.0,143.75,2875.0,J987_ARC _C3_slice5-Ort.czi,adult,gal,lower
53,61.0,175.50819672131146,10706.0,J987_ARC _C3_slice5-Ort.czi,adult,gal,lower
54,2.0,98.5,197.0,J987_ARC _C3_slice5-Ort.czi,adult,gal,lower
55,126.0,234.67460317460316,29569.0,J987_ARC _C3_slice5-Ort.czi,adult,gal,lower
56,38.0,113.0,4294.0,J987_ARC _C3_slice5-Ort.czi,adult,gal,lower
57,2.0,213.0,426.0,J987_ARC _C3_slice5-Ort.czi,adult,gal,lower
58,108.0,191.7962962962963,20714.0,J987_ARC _C3_slice5-Ort.czi,adult,gal,lower
59,16.0,120.375,1926.0,J987_ARC _C3_slice5-Ort.czi,adult,gal,lower
60,24.0,180.375,4329.0,J987_ARC _C3_slice5-Ort.czi,adult,gal,lower
61,40.0,196.875,7875.0,J987_ARC _C3_slice5-Ort.czi,adult,gal,lower
62,23.0,127.21739130434783,2926.0,J987_ARC _C3_slice5-Ort.czi,adult,gal,lower
63,1.0,101.0,101.0,J987_ARC _C3_slice5-Ort.czi,adult,gal,lower
64,105.0,188.93333333333334,19838.0,J987_ARC _C3_slice5-Ort.czi,adult,gal,lower
65,33.0,141.15151515151516,4658.0,J987_ARC _C3_slice5-Ort.czi,adult,gal,lower
66,11.0,170.63636363636363,1877.0,J987_ARC _C3_slice5-Ort.czi,adult,gal,lower
67,22.0,152.9090909090909,3364.0,J987_ARC _C3_slice5-Ort.czi,adult,gal,lower
1,88.0,161.64772727272728,14225.0,J987_ARC _C3_slice4-Ort.czi,adult,gal,lower
2,64.0,198.28125,12690.0,J987_ARC _C3_slice4-Ort.czi,adult,gal,lower
3,1.0,100.0,100.0,J987_ARC _C3_slice4-Ort.czi,adult,gal,lower
4,19.0,150.68421052631578,2863.0,J987_ARC _C3_slice4-Ort.czi,adult,gal,lower
5,6.0,147.16666666666666,883.0,J987_ARC _C3_slice4-Ort.czi,adult,gal,lower
6,31.0,162.51612903225808,5038.0,J987_ARC _C3_slice4-Ort.czi,adult,gal,lower
7,26.0,150.46153846153845,3912.0,J987_ARC _C3_slice4-Ort.czi,adult,gal,lower
8,23.0,169.08695652173913,3889.0,J987_ARC _C3_slice4-Ort.czi,adult,gal,lower
9,45.0,118.33333333333333,5325.0,J987_ARC _C3_slice4-Ort.czi,adult,gal,lower
10,112.0,181.85714285714286,20368.0,J987_ARC _C3_slice4-Ort.czi,adult,gal,lower
11,37.0,131.59459459459458,4869.0,J987_ARC _C3_slice4-Ort.czi,adult,gal,lower
12,5.0,132.8,664.0,J987_ARC _C3_slice4-Ort.czi,adult,gal,lower
13,131.0,215.17557251908397,28188.0,J987_ARC _C3_slice4-Ort.czi,adult,gal,lower
14,78.0,227.01282051282053,17707.0,J987_ARC _C3_slice4-Ort.czi,adult,gal,lower
15,3.0,151.33333333333334,454.0,J987_ARC _C3_slice4-Ort.czi,adult,gal,lower
16,11.0,114.81818181818181,1263.0,J987_ARC _C3_slice4-Ort.czi,adult,gal,lower
17,9.0,171.88888888888889,1547.0,J987_ARC _C3_slice4-Ort.czi,adult,gal,lower
18,27.0,210.85185185185185,5693.0,J987_ARC _C3_slice4-Ort.czi,adult,gal,lower
19,85.0,192.8470588235294,16392.0,J987_ARC _C3_slice4-Ort.czi,adult,gal,lower
20,66.0,156.33333333333334,10318.0,J987_ARC _C3_slice4-Ort.czi,adult,gal,lower
21,1.0,135.0,135.0,J987_ARC _C3_slice4-Ort.czi,adult,gal,lower
22,122.0,168.02459016393442,20499.0,J987_ARC _C3_slice4-Ort.czi,adult,gal,lower
23,28.0,231.14285714285714,6472.0,J987_ARC _C3_slice4-Ort.czi,adult,gal,lower
24,122.0,223.00819672131146,27207.0,J987_ARC _C3_slice4-Ort.czi,adult,gal,lower
25,39.0,135.17948717948718,5272.0,J987_ARC _C3_slice4-Ort.czi,adult,gal,lower
26,43.0,128.46511627906978,5524.0,J987_ARC _C3_slice4-Ort.czi,adult,gal,lower
27,159.0,207.13836477987422,32935.0,J987_ARC _C3_slice4-Ort.czi,adult,gal,lower
28,109.0,210.0091743119266,22891.0,J987_ARC _C3_slice4-Ort.czi,adult,gal,lower
29,108.0,242.03703703703704,26140.0,J987_ARC _C3_slice4-Ort.czi,adult,gal,lower
30,6.0,128.83333333333334,773.0,J987_ARC _C3_slice4-Ort.czi,adult,gal,lower
31,22.0,190.54545454545453,4192.0,J987_ARC _C3_slice4-Ort.czi,adult,gal,lower
32,1.0,119.0,119.0,J987_ARC _C3_slice4-Ort.czi,adult,gal,lower
33,4.0,179.75,719.0,J987_ARC _C3_slice4-Ort.czi,adult,gal,lower
34,1.0,147.0,147.0,J987_ARC _C3_slice4-Ort.czi,adult,gal,lower
35,1.0,101.0,101.0,J987_ARC _C3_slice4-Ort.czi,adult,gal,lower
36,94.0,167.88297872340425,15781.0,J987_ARC _C3_slice4-Ort.czi,adult,gal,lower
37,1.0,122.0,122.0,J987_ARC _C3_slice4-Ort.czi,adult,gal,lower
38,44.0,138.5,6094.0,J987_ARC _C3_slice4-Ort.czi,adult,gal,lower
39,8.0,137.25,1098.0,J987_ARC _C3_slice4-Ort.czi,adult,gal,lower
40,22.0,109.63636363636364,2412.0,J987_ARC _C3_slice4-Ort.czi,adult,gal,lower
41,9.0,97.88888888888889,881.0,J987_ARC _C3_slice4-Ort.czi,adult,gal,lower
42,102.0,198.23529411764707,20220.0,J987_ARC _C3_slice4-Ort.czi,adult,gal,lower
43,12.0,134.58333333333334,1615.0,J987_ARC _C3_slice4-Ort.czi,adult,gal,lower
44,8.0,166.5,1332.0,J987_ARC _C3_slice4-Ort.czi,adult,gal,lower
45,54.0,193.61111111111111,10455.0,J987_ARC _C3_slice4-Ort.czi,adult,gal,lower
46,146.0,199.26712328767124,29093.0,J987_ARC _C3_slice4-Ort.czi,adult,gal,lower
47,8.0,158.125,1265.0,J987_ARC _C3_slice4-Ort.czi,adult,gal,lower
48,8.0,112.625,901.0,J987_ARC _C3_slice4-Ort.czi,adult,gal,lower
49,12.0,128.83333333333334,1546.0,J987_ARC _C3_slice4-Ort.czi,adult,gal,lower
50,2.0,112.5,225.0,J987_ARC _C3_slice4-Ort.czi,adult,gal,lower
51,13.0,132.07692307692307,1716.9999999999998,J987_ARC _C3_slice4-Ort.czi,adult,gal,lower
52,32.0,212.71875,6807.0,J987_ARC _C3_slice4-Ort.czi,adult,gal,lower
53,35.0,133.68571428571428,4679.0,J987_ARC _C3_slice4-Ort.czi,adult,gal,lower
54,4.0,128.25,513.0,J987_ARC _C3_slice4-Ort.czi,adult,gal,lower
55,14.0,164.28571428571428,2300.0,J987_ARC _C3_slice4-Ort.czi,adult,gal,lower
56,8.0,183.25,1466.0,J987_ARC _C3_slice4-Ort.czi,adult,gal,lower
57,30.0,187.9,5637.0,J987_ARC _C3_slice4-Ort.czi,adult,gal,lower
58,59.0,164.84745762711864,9726.0,J987_ARC _C3_slice4-Ort.czi,adult,gal,lower
59,10.0,182.9,1829.0,J987_ARC _C3_slice4-Ort.czi,adult,gal,lower
60,101.0,154.1881188118812,15573.0,J987_ARC _C3_slice4-Ort.czi,adult,gal,lower
61,54.0,154.62962962962962,8350.0,J987_ARC _C3_slice4-Ort.czi,adult,gal,lower
62,116.0,174.68103448275863,20263.0,J987_ARC _C3_slice4-Ort.czi,adult,gal,lower
63,120.0,196.18333333333334,23542.0,J987_ARC _C3_slice4-Ort.czi,adult,gal,lower
64,10.0,124.9,1249.0,J987_ARC _C3_slice4-Ort.czi,adult,gal,lower
65,4.0,127.75,511.0,J987_ARC _C3_slice4-Ort.czi,adult,gal,lower
66,100.0,188.17,18817.0,J987_ARC _C3_slice4-Ort.czi,adult,gal,lower
67,8.0,167.5,1340.0,J987_ARC _C3_slice4-Ort.czi,adult,gal,lower
68,14.0,139.42857142857142,1951.9999999999998,J987_ARC _C3_slice4-Ort.czi,adult,gal,lower
69,9.0,205.0,1845.0,J987_ARC _C3_slice4-Ort.czi,adult,gal,lower
70,18.0,176.38888888888889,3175.0,J987_ARC _C3_slice4-Ort.czi,adult,gal,lower
71,17.0,167.76470588235293,2852.0,J987_ARC _C3_slice4-Ort.czi,adult,gal,lower
72,4.0,122.25,489.0,J987_ARC _C3_slice4-Ort.czi,adult,gal,lower
73,42.0,154.83333333333334,6503.0,J987_ARC _C3_slice4-Ort.czi,adult,gal,lower
74,150.0,229.32666666666665,34399.0,J987_ARC _C3_slice4-Ort.czi,adult,gal,lower
75,43.0,166.1860465116279,7145.999999999999,J987_ARC _C3_slice4-Ort.czi,adult,gal,lower
76,22.0,177.95454545454547,3915.0000000000005,J987_ARC _C3_slice4-Ort.czi,adult,gal,lower
77,7.0,229.71428571428572,1608.0,J987_ARC _C3_slice4-Ort.czi,adult,gal,lower
78,1.0,73.0,73.0,J987_ARC _C3_slice4-Ort.czi,adult,gal,lower
79,36.0,136.19444444444446,4903.0,J987_ARC _C3_slice4-Ort.czi,adult,gal,lower
80,6.0,161.33333333333334,968.0,J987_ARC _C3_slice4-Ort.czi,adult,gal,lower
81,1.0,146.0,146.0,J987_ARC _C3_slice4-Ort.czi,adult,gal,lower
82,15.0,195.6,2934.0,J987_ARC _C3_slice4-Ort.czi,adult,gal,lower
83,49.0,175.26530612244898,8588.0,J987_ARC _C3_slice4-Ort.czi,adult,gal,lower
84,79.0,171.69620253164558,13564.000000000002,J987_ARC _C3_slice4-Ort.czi,adult,gal,lower
85,55.0,208.96363636363637,11493.0,J987_ARC _C3_slice4-Ort.czi,adult,gal,lower
86,1.0,183.0,183.0,J987_ARC _C3_slice4-Ort.czi,adult,gal,lower
87,228.0,217.3640350877193,49559.0,J987_ARC _C3_slice4-Ort.czi,adult,gal,lower
88,2.0,124.0,248.0,J987_ARC _C3_slice4-Ort.czi,adult,gal,lower
89,48.0,195.3125,9375.0,J987_ARC _C3_slice4-Ort.czi,adult,gal,lower
90,78.0,163.07692307692307,12720.0,J987_ARC _C3_slice4-Ort.czi,adult,gal,lower
91,59.0,162.83050847457628,9607.0,J987_ARC _C3_slice4-Ort.czi,adult,gal,lower
92,33.0,154.3939393939394,5095.0,J987_ARC _C3_slice4-Ort.czi,adult,gal,lower
93,60.0,155.96666666666667,9358.0,J987_ARC _C3_slice4-Ort.czi,adult,gal,lower
94,103.0,195.8640776699029,20174.0,J987_ARC _C3_slice4-Ort.czi,adult,gal,lower
95,14.0,145.28571428571428,2034.0,J987_ARC _C3_slice4-Ort.czi,adult,gal,lower
96,39.0,120.61538461538461,4704.0,J987_ARC _C3_slice4-Ort.czi,adult,gal,lower
97,90.0,180.42222222222222,16238.0,J987_ARC _C3_slice4-Ort.czi,adult,gal,lower
98,94.0,164.64893617021278,15477.000000000002,J987_ARC _C3_slice4-Ort.czi,adult,gal,lower
99,23.0,159.91304347826087,3678.0,J987_ARC _C3_slice4-Ort.czi,adult,gal,lower
100,110.0,219.1727272727273,24109.0,J987_ARC _C3_slice4-Ort.czi,adult,gal,lower
101,68.0,157.36764705882354,10701.0,J987_ARC _C3_slice4-Ort.czi,adult,gal,lower
102,3.0,93.66666666666667,281.0,J987_ARC _C3_slice4-Ort.czi,adult,gal,lower
103,7.0,109.42857142857143,766.0,J987_ARC _C3_slice4-Ort.czi,adult,gal,lower
104,13.0,176.6153846153846,2296.0,J987_ARC _C3_slice4-Ort.czi,adult,gal,lower
105,76.0,174.75,13281.0,J987_ARC _C3_slice4-Ort.czi,adult,gal,lower
106,26.0,160.42307692307693,4171.0,J987_ARC _C3_slice4-Ort.czi,adult,gal,lower
107,4.0,152.25,609.0,J987_ARC _C3_slice4-Ort.czi,adult,gal,lower
108,50.0,137.38,6869.0,J987_ARC _C3_slice4-Ort.czi,adult,gal,lower
109,23.0,114.78260869565217,2640.0,J987_ARC _C3_slice4-Ort.czi,adult,gal,lower
110,71.0,190.56338028169014,13530.0,J987_ARC _C3_slice4-Ort.czi,adult,gal,lower
111,14.0,164.42857142857142,2302.0,J987_ARC _C3_slice4-Ort.czi,adult,gal,lower
112,90.0,190.8,17172.0,J987_ARC _C3_slice4-Ort.czi,adult,gal,lower
113,47.0,117.25531914893617,5511.0,J987_ARC _C3_slice4-Ort.czi,adult,gal,lower
114,5.0,131.2,656.0,J987_ARC _C3_slice4-Ort.czi,adult,gal,lower
115,24.0,167.70833333333334,4025.0,J987_ARC _C3_slice4-Ort.czi,adult,gal,lower
116,8.0,161.375,1291.0,J987_ARC _C3_slice4-Ort.czi,adult,gal,lower
117,44.0,131.11363636363637,5769.0,J987_ARC _C3_slice4-Ort.czi,adult,gal,lower
118,37.0,150.83783783783784,5581.0,J987_ARC _C3_slice4-Ort.czi,adult,gal,lower
119,84.0,161.6547619047619,13579.0,J987_ARC _C3_slice4-Ort.czi,adult,gal,lower
120,142.0,222.3661971830986,31576.0,J987_ARC _C3_slice4-Ort.czi,adult,gal,lower
121,4.0,111.25,445.0,J987_ARC _C3_slice4-Ort.czi,adult,gal,lower
122,26.0,168.73076923076923,4387.0,J987_ARC _C3_slice4-Ort.czi,adult,gal,lower
123,26.0,165.46153846153845,4302.0,J987_ARC _C3_slice4-Ort.czi,adult,gal,lower
124,90.0,165.13333333333333,14862.0,J987_ARC _C3_slice4-Ort.czi,adult,gal,lower
125,1.0,160.0,160.0,J987_ARC _C3_slice4-Ort.czi,adult,gal,lower
126,99.0,181.15151515151516,17934.0,J987_ARC _C3_slice4-Ort.czi,adult,gal,lower
127,77.0,157.76623376623377,12148.0,J987_ARC _C3_slice4-Ort.czi,adult,gal,lower
128,94.0,178.85106382978722,16812.0,J987_ARC _C3_slice4-Ort.czi,adult,gal,lower
129,36.0,171.63888888888889,6179.0,J987_ARC _C3_slice4-Ort.czi,adult,gal,lower
130,13.0,148.30769230769232,1928.0000000000002,J987_ARC _C3_slice4-Ort.czi,adult,gal,lower
131,59.0,199.03389830508473,11743.0,J987_ARC _C3_slice4-Ort.czi,adult,gal,lower
132,76.0,136.81578947368422,10398.0,J987_ARC _C3_slice4-Ort.czi,adult,gal,lower
133,13.0,126.61538461538461,1646.0,J987_ARC _C3_slice4-Ort.czi,adult,gal,lower
134,14.0,106.14285714285714,1486.0,J987_ARC _C3_slice4-Ort.czi,adult,gal,lower
135,52.0,167.90384615384616,8731.0,J987_ARC _C3_slice4-Ort.czi,adult,gal,lower
136,18.0,124.33333333333333,2238.0,J987_ARC _C3_slice4-Ort.czi,adult,gal,lower
137,44.0,154.0909090909091,6780.0,J987_ARC _C3_slice4-Ort.czi,adult,gal,lower
138,3.0,99.66666666666667,299.0,J987_ARC _C3_slice4-Ort.czi,adult,gal,lower
139,7.0,112.0,784.0,J987_ARC _C3_slice4-Ort.czi,adult,gal,lower
140,15.0,143.53333333333333,2153.0,J987_ARC _C3_slice4-Ort.czi,adult,gal,lower
141,4.0,147.5,590.0,J987_ARC _C3_slice4-Ort.czi,adult,gal,lower
142,29.0,151.9655172413793,4407.0,J987_ARC _C3_slice4-Ort.czi,adult,gal,lower
143,21.0,205.14285714285714,4308.0,J987_ARC _C3_slice4-Ort.czi,adult,gal,lower
144,5.0,171.2,856.0,J987_ARC _C3_slice4-Ort.czi,adult,gal,lower
145,56.0,168.125,9415.0,J987_ARC _C3_slice4-Ort.czi,adult,gal,lower
146,9.0,107.0,963.0,J987_ARC _C3_slice4-Ort.czi,adult,gal,lower
147,82.0,151.6951219512195,12439.0,J987_ARC _C3_slice4-Ort.czi,adult,gal,lower
148,72.0,180.56944444444446,13001.0,J987_ARC _C3_slice4-Ort.czi,adult,gal,lower
149,10.0,161.4,1614.0,J987_ARC _C3_slice4-Ort.czi,adult,gal,lower
150,8.0,128.25,1026.0,J987_ARC _C3_slice4-Ort.czi,adult,gal,lower
151,14.0,130.64285714285714,1829.0,J987_ARC _C3_slice4-Ort.czi,adult,gal,lower
152,46.0,170.69565217391303,7851.999999999999,J987_ARC _C3_slice4-Ort.czi,adult,gal,lower
153,37.0,187.1081081081081,6923.0,J987_ARC _C3_slice4-Ort.czi,adult,gal,lower
154,217.0,172.35944700460828,37402.0,J987_ARC _C3_slice4-Ort.czi,adult,gal,lower
155,79.0,181.69620253164558,14354.000000000002,J987_ARC _C3_slice4-Ort.czi,adult,gal,lower
156,52.0,144.1153846153846,7494.0,J987_ARC _C3_slice4-Ort.czi,adult,gal,lower
157,10.0,145.0,1450.0,J987_ARC _C3_slice4-Ort.czi,adult,gal,lower
158,104.0,154.9903846153846,16119.0,J987_ARC _C3_slice4-Ort.czi,adult,gal,lower
159,109.0,191.1559633027523,20836.0,J987_ARC _C3_slice4-Ort.czi,adult,gal,lower
160,18.0,155.44444444444446,2798.0,J987_ARC _C3_slice4-Ort.czi,adult,gal,lower
161,114.0,202.6578947368421,23103.0,J987_ARC _C3_slice4-Ort.czi,adult,gal,lower
162,28.0,208.92857142857142,5850.0,J987_ARC _C3_slice4-Ort.czi,adult,gal,lower
163,109.0,188.52293577981652,20549.0,J987_ARC _C3_slice4-Ort.czi,adult,gal,lower
164,33.0,131.42424242424244,4337.0,J987_ARC _C3_slice4-Ort.czi,adult,gal,lower
165,15.0,138.26666666666668,2074.0,J987_ARC _C3_slice4-Ort.czi,adult,gal,lower
166,119.0,197.890756302521,23549.0,J987_ARC _C3_slice4-Ort.czi,adult,gal,lower
167,18.0,180.33333333333334,3246.0,J987_ARC _C3_slice4-Ort.czi,adult,gal,lower
168,115.0,144.7478260869565,16646.0,J987_ARC _C3_slice4-Ort.czi,adult,gal,lower
169,8.0,111.0,888.0,J987_ARC _C3_slice4-Ort.czi,adult,gal,lower
170,60.0,124.8,7488.0,J987_ARC _C3_slice4-Ort.czi,adult,gal,lower
171,193.0,232.4663212435233,44866.0,J987_ARC _C3_slice4-Ort.czi,adult,gal,lower
172,81.0,234.8148148148148,19020.0,J987_ARC _C3_slice4-Ort.czi,adult,gal,lower
173,13.0,190.23076923076923,2473.0,J987_ARC _C3_slice4-Ort.czi,adult,gal,lower
174,132.0,220.53030303030303,29110.0,J987_ARC _C3_slice4-Ort.czi,adult,gal,lower
175,15.0,165.13333333333333,2477.0,J987_ARC _C3_slice4-Ort.czi,adult,gal,lower
1,148.0,221.40540540540542,32768.0,J987_ARC _C3_slice1-Ort.czi,adult,gal,lower
2,17.0,136.52941176470588,2321.0,J987_ARC _C3_slice1-Ort.czi,adult,gal,lower
3,8.0,154.875,1239.0,J987_ARC _C3_slice1-Ort.czi,adult,gal,lower
4,3.0,151.0,453.0,J987_ARC _C3_slice1-Ort.czi,adult,gal,lower
5,57.0,164.2982456140351,9365.0,J987_ARC _C3_slice1-Ort.czi,adult,gal,lower
6,16.0,109.0,1744.0,J987_ARC _C3_slice1-Ort.czi,adult,gal,lower
7,73.0,117.13698630136986,8551.0,J987_ARC _C3_slice1-Ort.czi,adult,gal,lower
8,102.0,140.42156862745097,14322.999999999998,J987_ARC _C3_slice1-Ort.czi,adult,gal,lower
9,90.0,176.84444444444443,15916.0,J987_ARC _C3_slice1-Ort.czi,adult,gal,lower
10,100.0,151.54,15154.0,J987_ARC _C3_slice1-Ort.czi,adult,gal,lower
11,70.0,144.07142857142858,10085.0,J987_ARC _C3_slice1-Ort.czi,adult,gal,lower
12,30.0,183.73333333333332,5512.0,J987_ARC _C3_slice1-Ort.czi,adult,gal,lower
13,8.0,164.125,1313.0,J987_ARC _C3_slice1-Ort.czi,adult,gal,lower
14,67.0,127.16417910447761,8520.0,J987_ARC _C3_slice1-Ort.czi,adult,gal,lower
15,9.0,170.55555555555554,1535.0,J987_ARC _C3_slice1-Ort.czi,adult,gal,lower
16,11.0,150.36363636363637,1654.0,J987_ARC _C3_slice1-Ort.czi,adult,gal,lower
17,28.0,114.14285714285714,3196.0,J987_ARC _C3_slice1-Ort.czi,adult,gal,lower
18,59.0,149.11864406779662,8798.0,J987_ARC _C3_slice1-Ort.czi,adult,gal,lower
19,231.0,203.4069264069264,46987.0,J987_ARC _C3_slice1-Ort.czi,adult,gal,lower
20,23.0,168.56521739130434,3877.0,J987_ARC _C3_slice1-Ort.czi,adult,gal,lower
21,138.0,138.14492753623188,19064.0,J987_ARC _C3_slice1-Ort.czi,adult,gal,lower
22,11.0,124.63636363636364,1371.0,J987_ARC _C3_slice1-Ort.czi,adult,gal,lower
23,72.0,151.33333333333334,10896.0,J987_ARC _C3_slice1-Ort.czi,adult,gal,lower
24,1.0,105.0,105.0,J987_ARC _C3_slice1-Ort.czi,adult,gal,lower
25,90.0,183.4,16506.0,J987_ARC _C3_slice1-Ort.czi,adult,gal,lower
26,125.0,213.36,26670.0,J987_ARC _C3_slice1-Ort.czi,adult,gal,lower
27,24.0,125.83333333333333,3020.0,J987_ARC _C3_slice1-Ort.czi,adult,gal,lower
28,53.0,175.58490566037736,9306.0,J987_ARC _C3_slice1-Ort.czi,adult,gal,lower
29,189.0,164.3968253968254,31071.0,J987_ARC _C3_slice1-Ort.czi,adult,gal,lower
30,123.0,151.390243902439,18621.0,J987_ARC _C3_slice1-Ort.czi,adult,gal,lower
31,36.0,140.83333333333334,5070.0,J987_ARC _C3_slice1-Ort.czi,adult,gal,lower
32,3.0,120.66666666666667,362.0,J987_ARC _C3_slice1-Ort.czi,adult,gal,lower
33,16.0,155.5,2488.0,J987_ARC _C3_slice1-Ort.czi,adult,gal,lower
34,14.0,136.42857142857142,1909.9999999999998,J987_ARC _C3_slice1-Ort.czi,adult,gal,lower
35,60.0,185.16666666666666,11110.0,J987_ARC _C3_slice1-Ort.czi,adult,gal,lower
36,95.0,191.10526315789474,18155.0,J987_ARC _C3_slice1-Ort.czi,adult,gal,lower
37,144.0,181.86805555555554,26189.0,J987_ARC _C3_slice1-Ort.czi,adult,gal,lower
38,152.0,141.51973684210526,21511.0,J987_ARC _C3_slice1-Ort.czi,adult,gal,lower
39,21.0,99.47619047619048,2089.0,J987_ARC _C3_slice1-Ort.czi,adult,gal,lower
40,12.0,183.91666666666666,2207.0,J987_ARC _C3_slice1-Ort.czi,adult,gal,lower
41,50.0,120.26,6013.0,J987_ARC _C3_slice1-Ort.czi,adult,gal,lower
42,3.0,121.33333333333333,364.0,J987_ARC _C3_slice1-Ort.czi,adult,gal,lower
43,26.0,144.07692307692307,3745.9999999999995,J987_ARC _C3_slice1-Ort.czi,adult,gal,lower
44,45.0,168.15555555555557,7567.0,J987_ARC _C3_slice1-Ort.czi,adult,gal,lower
45,12.0,173.66666666666666,2084.0,J987_ARC _C3_slice1-Ort.czi,adult,gal,lower
46,10.0,153.8,1538.0,J987_ARC _C3_slice1-Ort.czi,adult,gal,lower
47,7.0,177.71428571428572,1244.0,J987_ARC _C3_slice1-Ort.czi,adult,gal,lower
48,32.0,133.4375,4270.0,J987_ARC _C3_slice1-Ort.czi,adult,gal,lower
49,309.0,160.37864077669903,49557.0,J987_ARC _C3_slice1-Ort.czi,adult,gal,lower
50,43.0,161.6046511627907,6949.0,J987_ARC _C3_slice1-Ort.czi,adult,gal,lower
51,12.0,171.75,2061.0,J987_ARC _C3_slice1-Ort.czi,adult,gal,lower
52,11.0,103.0,1133.0,J987_ARC _C3_slice1-Ort.czi,adult,gal,lower
53,95.0,168.9578947368421,16050.999999999998,J987_ARC _C3_slice1-Ort.czi,adult,gal,lower
54,34.0,127.55882352941177,4337.0,J987_ARC _C3_slice1-Ort.czi,adult,gal,lower
55,27.0,119.4074074074074,3224.0,J987_ARC _C3_slice1-Ort.czi,adult,gal,lower
56,32.0,135.78125,4345.0,J987_ARC _C3_slice1-Ort.czi,adult,gal,lower
57,212.0,191.21226415094338,40537.0,J987_ARC _C3_slice1-Ort.czi,adult,gal,lower
58,22.0,154.3181818181818,3395.0,J987_ARC _C3_slice1-Ort.czi,adult,gal,lower
59,3.0,107.0,321.0,J987_ARC _C3_slice1-Ort.czi,adult,gal,lower
60,16.0,173.1875,2771.0,J987_ARC _C3_slice1-Ort.czi,adult,gal,lower
61,5.0,161.8,809.0,J987_ARC _C3_slice1-Ort.czi,adult,gal,lower
62,104.0,186.43269230769232,19389.0,J987_ARC _C3_slice1-Ort.czi,adult,gal,lower
63,1.0,86.0,86.0,J987_ARC _C3_slice1-Ort.czi,adult,gal,lower
64,14.0,139.0,1946.0,J987_ARC _C3_slice1-Ort.czi,adult,gal,lower
65,107.0,163.01869158878506,17443.0,J987_ARC _C3_slice1-Ort.czi,adult,gal,lower
66,94.0,143.2340425531915,13464.000000000002,J987_ARC _C3_slice1-Ort.czi,adult,gal,lower
67,69.0,151.97101449275362,10486.0,J987_ARC _C3_slice1-Ort.czi,adult,gal,lower
68,71.0,135.54929577464787,9623.999999999998,J987_ARC _C3_slice1-Ort.czi,adult,gal,lower
69,22.0,95.22727272727273,2095.0,J987_ARC _C3_slice1-Ort.czi,adult,gal,lower
70,92.0,203.6413043478261,18735.0,J987_ARC _C3_slice1-Ort.czi,adult,gal,lower
71,26.0,148.23076923076923,3854.0,J987_ARC _C3_slice1-Ort.czi,adult,gal,lower
72,4.0,113.25,453.0,J987_ARC _C3_slice1-Ort.czi,adult,gal,lower
73,73.0,142.08219178082192,10372.0,J987_ARC _C3_slice1-Ort.czi,adult,gal,lower
74,1.0,147.0,147.0,J987_ARC _C3_slice1-Ort.czi,adult,gal,lower
75,2.0,122.0,244.0,J987_ARC _C3_slice1-Ort.czi,adult,gal,lower
76,19.0,180.05263157894737,3421.0,J987_ARC _C3_slice1-Ort.czi,adult,gal,lower
77,61.0,193.88524590163934,11827.0,J987_ARC _C3_slice1-Ort.czi,adult,gal,lower
78,74.0,139.98648648648648,10359.0,J987_ARC _C3_slice1-Ort.czi,adult,gal,lower
79,242.0,196.93388429752065,47658.0,J987_ARC _C3_slice1-Ort.czi,adult,gal,lower
80,23.0,129.04347826086956,2968.0,J987_ARC _C3_slice1-Ort.czi,adult,gal,lower
81,74.0,182.16216216216216,13480.0,J987_ARC _C3_slice1-Ort.czi,adult,gal,lower
82,25.0,166.32,4158.0,J987_ARC _C3_slice1-Ort.czi,adult,gal,lower
83,111.0,160.3153153153153,17795.0,J987_ARC _C3_slice1-Ort.czi,adult,gal,lower
1,68.0,128.69117647058823,8751.0,J987_ARC _C3_slice8-Ort.czi,adult,gal,lower
2,4.0,53.0,212.0,J987_ARC _C3_slice8-Ort.czi,adult,gal,lower
3,21.0,89.0952380952381,1871.0000000000002,J987_ARC _C3_slice8-Ort.czi,adult,gal,lower
4,13.0,78.84615384615384,1025.0,J987_ARC _C3_slice8-Ort.czi,adult,gal,lower
5,5.0,55.2,276.0,J987_ARC _C3_slice8-Ort.czi,adult,gal,lower
6,27.0,70.25925925925925,1896.9999999999998,J987_ARC _C3_slice8-Ort.czi,adult,gal,lower
7,8.0,66.25,530.0,J987_ARC _C3_slice8-Ort.czi,adult,gal,lower
8,5.0,71.6,358.0,J987_ARC _C3_slice8-Ort.czi,adult,gal,lower
9,1.0,92.0,92.0,J987_ARC _C3_slice8-Ort.czi,adult,gal,lower
10,56.0,112.28571428571429,6288.0,J987_ARC _C3_slice8-Ort.czi,adult,gal,lower
1,39.0,173.17948717948718,6754.0,J995_ARC _B4_slice7-Ort.czi,adult,gal,lower
2,1.0,167.0,167.0,J995_ARC _B4_slice7-Ort.czi,adult,gal,lower
3,77.0,166.24675324675326,12801.0,J995_ARC _B4_slice7-Ort.czi,adult,gal,lower
4,63.0,119.5079365079365,7529.0,J995_ARC _B4_slice7-Ort.czi,adult,gal,lower
5,65.0,144.95384615384614,9422.0,J995_ARC _B4_slice7-Ort.czi,adult,gal,lower
6,89.0,148.57303370786516,13223.0,J995_ARC _B4_slice7-Ort.czi,adult,gal,lower
7,10.0,127.0,1270.0,J995_ARC _B4_slice7-Ort.czi,adult,gal,lower
8,42.0,145.45238095238096,6109.0,J995_ARC _B4_slice7-Ort.czi,adult,gal,lower
9,3.0,139.0,417.0,J995_ARC _B4_slice7-Ort.czi,adult,gal,lower
10,5.0,144.2,721.0,J995_ARC _B4_slice7-Ort.czi,adult,gal,lower
11,17.0,106.94117647058823,1818.0,J995_ARC _B4_slice7-Ort.czi,adult,gal,lower
12,2.0,107.5,215.0,J995_ARC _B4_slice7-Ort.czi,adult,gal,lower
13,96.0,183.13541666666666,17581.0,J995_ARC _B4_slice7-Ort.czi,adult,gal,lower
14,19.0,119.78947368421052,2276.0,J995_ARC _B4_slice7-Ort.czi,adult,gal,lower
15,4.0,106.5,426.0,J995_ARC _B4_slice7-Ort.czi,adult,gal,lower
16,3.0,106.33333333333333,319.0,J995_ARC _B4_slice7-Ort.czi,adult,gal,lower
17,81.0,170.8395061728395,13837.999999999998,J995_ARC _B4_slice7-Ort.czi,adult,gal,lower
18,1.0,57.0,57.0,J995_ARC _B4_slice7-Ort.czi,adult,gal,lower
19,5.0,124.0,620.0,J995_ARC _B4_slice7-Ort.czi,adult,gal,lower
20,29.0,109.51724137931035,3176.0,J995_ARC _B4_slice7-Ort.czi,adult,gal,lower
21,21.0,145.0,3045.0,J995_ARC _B4_slice7-Ort.czi,adult,gal,lower
22,34.0,130.52941176470588,4438.0,J995_ARC _B4_slice7-Ort.czi,adult,gal,lower
23,55.0,168.92727272727274,9291.0,J995_ARC _B4_slice7-Ort.czi,adult,gal,lower
24,105.0,231.11428571428573,24267.0,J995_ARC _B4_slice7-Ort.czi,adult,gal,lower
25,6.0,121.66666666666667,730.0,J995_ARC _B4_slice7-Ort.czi,adult,gal,lower
26,8.0,108.0,864.0,J995_ARC _B4_slice7-Ort.czi,adult,gal,lower
27,26.0,129.3846153846154,3364.0,J995_ARC _B4_slice7-Ort.czi,adult,gal,lower
28,11.0,122.45454545454545,1347.0,J995_ARC _B4_slice7-Ort.czi,adult,gal,lower
29,17.0,110.47058823529412,1878.0,J995_ARC _B4_slice7-Ort.czi,adult,gal,lower
30,28.0,183.78571428571428,5146.0,J995_ARC _B4_slice7-Ort.czi,adult,gal,lower
31,101.0,148.55445544554456,15004.0,J995_ARC _B4_slice7-Ort.czi,adult,gal,lower
32,5.0,203.8,1019.0,J995_ARC _B4_slice7-Ort.czi,adult,gal,lower
33,4.0,154.0,616.0,J995_ARC _B4_slice7-Ort.czi,adult,gal,lower
34,184.0,218.3804347826087,40182.0,J995_ARC _B4_slice7-Ort.czi,adult,gal,lower
35,54.0,182.74074074074073,9868.0,J995_ARC _B4_slice7-Ort.czi,adult,gal,lower
36,24.0,134.5,3228.0,J995_ARC _B4_slice7-Ort.czi,adult,gal,lower
37,81.0,164.25925925925927,13305.0,J995_ARC _B4_slice7-Ort.czi,adult,gal,lower
38,4.0,109.25,437.0,J995_ARC _B4_slice7-Ort.czi,adult,gal,lower
39,40.0,144.0,5760.0,J995_ARC _B4_slice7-Ort.czi,adult,gal,lower
40,76.0,168.3815789473684,12797.0,J995_ARC _B4_slice7-Ort.czi,adult,gal,lower
41,18.0,141.5,2547.0,J995_ARC _B4_slice7-Ort.czi,adult,gal,lower
42,18.0,176.22222222222223,3172.0,J995_ARC _B4_slice7-Ort.czi,adult,gal,lower
43,90.0,185.04444444444445,16654.0,J995_ARC _B4_slice7-Ort.czi,adult,gal,lower
44,21.0,143.33333333333334,3010.0,J995_ARC _B4_slice7-Ort.czi,adult,gal,lower
45,70.0,183.44285714285715,12841.0,J995_ARC _B4_slice7-Ort.czi,adult,gal,lower
46,31.0,144.51612903225808,4480.0,J995_ARC _B4_slice7-Ort.czi,adult,gal,lower
47,37.0,132.0,4884.0,J995_ARC _B4_slice7-Ort.czi,adult,gal,lower
48,37.0,142.7027027027027,5280.0,J995_ARC _B4_slice7-Ort.czi,adult,gal,lower
49,91.0,207.87912087912088,18917.0,J995_ARC _B4_slice7-Ort.czi,adult,gal,lower
50,99.0,208.22222222222223,20614.0,J995_ARC _B4_slice7-Ort.czi,adult,gal,lower
51,68.0,150.91176470588235,10262.0,J995_ARC _B4_slice7-Ort.czi,adult,gal,lower
52,5.0,94.0,470.0,J995_ARC _B4_slice7-Ort.czi,adult,gal,lower
53,21.0,157.66666666666666,3311.0,J995_ARC _B4_slice7-Ort.czi,adult,gal,lower
54,20.0,102.65,2053.0,J995_ARC _B4_slice7-Ort.czi,adult,gal,lower
55,30.0,101.7,3051.0,J995_ARC _B4_slice7-Ort.czi,adult,gal,lower
56,12.0,119.08333333333333,1429.0,J995_ARC _B4_slice7-Ort.czi,adult,gal,lower
57,183.0,238.59562841530055,43663.0,J995_ARC _B4_slice7-Ort.czi,adult,gal,lower
58,91.0,140.37362637362637,12774.0,J995_ARC _B4_slice7-Ort.czi,adult,gal,lower
59,114.0,205.08771929824562,23380.0,J995_ARC _B4_slice7-Ort.czi,adult,gal,lower
60,1.0,92.0,92.0,J995_ARC _B4_slice7-Ort.czi,adult,gal,lower
61,49.0,172.14285714285714,8435.0,J995_ARC _B4_slice7-Ort.czi,adult,gal,lower
62,19.0,144.05263157894737,2737.0,J995_ARC _B4_slice7-Ort.czi,adult,gal,lower
63,7.0,161.42857142857142,1130.0,J995_ARC _B4_slice7-Ort.czi,adult,gal,lower
64,57.0,138.82456140350877,7913.0,J995_ARC _B4_slice7-Ort.czi,adult,gal,lower
65,8.0,115.625,925.0,J995_ARC _B4_slice7-Ort.czi,adult,gal,lower
66,5.0,140.0,700.0,J995_ARC _B4_slice7-Ort.czi,adult,gal,lower
67,56.0,134.28571428571428,7520.0,J995_ARC _B4_slice7-Ort.czi,adult,gal,lower
68,1.0,123.0,123.0,J995_ARC _B4_slice7-Ort.czi,adult,gal,lower
69,48.0,159.625,7662.0,J995_ARC _B4_slice7-Ort.czi,adult,gal,lower
70,199.0,188.43718592964825,37499.0,J995_ARC _B4_slice7-Ort.czi,adult,gal,lower
71,21.0,115.42857142857143,2424.0,J995_ARC _B4_slice7-Ort.czi,adult,gal,lower
72,12.0,179.25,2151.0,J995_ARC _B4_slice7-Ort.czi,adult,gal,lower
73,11.0,221.0,2431.0,J995_ARC _B4_slice7-Ort.czi,adult,gal,lower
74,142.0,158.28169014084506,22476.0,J995_ARC _B4_slice7-Ort.czi,adult,gal,lower
75,25.0,212.32,5308.0,J995_ARC _B4_slice7-Ort.czi,adult,gal,lower
76,1.0,133.0,133.0,J995_ARC _B4_slice7-Ort.czi,adult,gal,lower
77,33.0,164.9090909090909,5442.0,J995_ARC _B4_slice7-Ort.czi,adult,gal,lower
78,33.0,157.24242424242425,5189.0,J995_ARC _B4_slice7-Ort.czi,adult,gal,lower
79,66.0,167.15151515151516,11032.0,J995_ARC _B4_slice7-Ort.czi,adult,gal,lower
80,169.0,138.36686390532543,23383.999999999996,J995_ARC _B4_slice7-Ort.czi,adult,gal,lower
81,35.0,138.65714285714284,4853.0,J995_ARC _B4_slice7-Ort.czi,adult,gal,lower
82,10.0,156.0,1560.0,J995_ARC _B4_slice7-Ort.czi,adult,gal,lower
83,65.0,136.63076923076923,8881.0,J995_ARC _B4_slice7-Ort.czi,adult,gal,lower
84,30.0,155.96666666666667,4679.0,J995_ARC _B4_slice7-Ort.czi,adult,gal,lower
85,62.0,145.67741935483872,9032.0,J995_ARC _B4_slice7-Ort.czi,adult,gal,lower
86,26.0,107.03846153846153,2783.0,J995_ARC _B4_slice7-Ort.czi,adult,gal,lower
87,39.0,116.38461538461539,4539.0,J995_ARC _B4_slice7-Ort.czi,adult,gal,lower
88,97.0,200.79381443298968,19477.0,J995_ARC _B4_slice7-Ort.czi,adult,gal,lower
89,1.0,149.0,149.0,J995_ARC _B4_slice7-Ort.czi,adult,gal,lower
90,39.0,141.05128205128204,5501.0,J995_ARC _B4_slice7-Ort.czi,adult,gal,lower
91,3.0,155.33333333333334,466.0,J995_ARC _B4_slice7-Ort.czi,adult,gal,lower
92,1.0,183.0,183.0,J995_ARC _B4_slice7-Ort.czi,adult,gal,lower
93,64.0,155.78125,9970.0,J995_ARC _B4_slice7-Ort.czi,adult,gal,lower
94,65.0,128.6153846153846,8360.0,J995_ARC _B4_slice7-Ort.czi,adult,gal,lower
95,97.0,166.3298969072165,16134.0,J995_ARC _B4_slice7-Ort.czi,adult,gal,lower
96,81.0,191.30864197530863,15496.0,J995_ARC _B4_slice7-Ort.czi,adult,gal,lower
97,88.0,142.5,12540.0,J995_ARC _B4_slice7-Ort.czi,adult,gal,lower
98,31.0,197.38709677419354,6119.0,J995_ARC _B4_slice7-Ort.czi,adult,gal,lower
99,53.0,161.1320754716981,8540.0,J995_ARC _B4_slice7-Ort.czi,adult,gal,lower
100,23.0,194.7391304347826,4479.0,J995_ARC _B4_slice7-Ort.czi,adult,gal,lower
101,26.0,161.84615384615384,4208.0,J995_ARC _B4_slice7-Ort.czi,adult,gal,lower
102,33.0,185.78787878787878,6131.0,J995_ARC _B4_slice7-Ort.czi,adult,gal,lower
103,81.0,214.49382716049382,17374.0,J995_ARC _B4_slice7-Ort.czi,adult,gal,lower
104,4.0,225.75,903.0,J995_ARC _B4_slice7-Ort.czi,adult,gal,lower
105,14.0,159.28571428571428,2230.0,J995_ARC _B4_slice7-Ort.czi,adult,gal,lower
106,5.0,133.4,667.0,J995_ARC _B4_slice7-Ort.czi,adult,gal,lower
107,26.0,188.34615384615384,4897.0,J995_ARC _B4_slice7-Ort.czi,adult,gal,lower
108,44.0,168.3409090909091,7407.0,J995_ARC _B4_slice7-Ort.czi,adult,gal,lower
109,45.0,170.82222222222222,7687.0,J995_ARC _B4_slice7-Ort.czi,adult,gal,lower
110,48.0,134.25,6444.0,J995_ARC _B4_slice7-Ort.czi,adult,gal,lower
111,137.0,206.54014598540147,28296.0,J995_ARC _B4_slice7-Ort.czi,adult,gal,lower
112,20.0,123.75,2475.0,J995_ARC _B4_slice7-Ort.czi,adult,gal,lower
113,176.0,163.0681818181818,28700.0,J995_ARC _B4_slice7-Ort.czi,adult,gal,lower
114,41.0,156.0731707317073,6399.0,J995_ARC _B4_slice7-Ort.czi,adult,gal,lower
115,33.0,168.0,5544.0,J995_ARC _B4_slice7-Ort.czi,adult,gal,lower
116,72.0,165.91666666666666,11946.0,J995_ARC _B4_slice7-Ort.czi,adult,gal,lower
117,26.0,124.34615384615384,3233.0,J995_ARC _B4_slice7-Ort.czi,adult,gal,lower
118,3.0,127.33333333333333,382.0,J995_ARC _B4_slice7-Ort.czi,adult,gal,lower
119,27.0,166.55555555555554,4497.0,J995_ARC _B4_slice7-Ort.czi,adult,gal,lower
120,22.0,120.72727272727273,2656.0,J995_ARC _B4_slice7-Ort.czi,adult,gal,lower
121,34.0,126.23529411764706,4292.0,J995_ARC _B4_slice7-Ort.czi,adult,gal,lower
122,68.0,200.94117647058823,13664.0,J995_ARC _B4_slice7-Ort.czi,adult,gal,lower
123,44.0,133.6818181818182,5882.0,J995_ARC _B4_slice7-Ort.czi,adult,gal,lower
124,4.0,146.0,584.0,J995_ARC _B4_slice7-Ort.czi,adult,gal,lower
125,3.0,138.0,414.0,J995_ARC _B4_slice7-Ort.czi,adult,gal,lower
126,24.0,143.08333333333334,3434.0,J995_ARC _B4_slice7-Ort.czi,adult,gal,lower
127,70.0,175.27142857142857,12269.0,J995_ARC _B4_slice7-Ort.czi,adult,gal,lower
128,104.0,165.69230769230768,17232.0,J995_ARC _B4_slice7-Ort.czi,adult,gal,lower
129,3.0,135.33333333333334,406.0,J995_ARC _B4_slice7-Ort.czi,adult,gal,lower
130,50.0,196.56,9828.0,J995_ARC _B4_slice7-Ort.czi,adult,gal,lower
131,57.0,201.56140350877192,11489.0,J995_ARC _B4_slice7-Ort.czi,adult,gal,lower
132,62.0,174.38709677419354,10812.0,J995_ARC _B4_slice7-Ort.czi,adult,gal,lower
133,26.0,116.92307692307692,3040.0,J995_ARC _B4_slice7-Ort.czi,adult,gal,lower
134,73.0,163.97260273972603,11970.0,J995_ARC _B4_slice7-Ort.czi,adult,gal,lower
135,101.0,153.87128712871288,15541.0,J995_ARC _B4_slice7-Ort.czi,adult,gal,lower
1,29.0,230.0,6670.0,J995_ARC_xxx_slice1-Ort.czi,adult,gal,lower
2,5.0,116.2,581.0,J995_ARC_xxx_slice1-Ort.czi,adult,gal,lower
3,84.0,114.77380952380952,9641.0,J995_ARC_xxx_slice1-Ort.czi,adult,gal,lower
4,32.0,116.21875,3719.0,J995_ARC_xxx_slice1-Ort.czi,adult,gal,lower
5,4.0,67.25,269.0,J995_ARC_xxx_slice1-Ort.czi,adult,gal,lower
6,84.0,179.89285714285714,15111.0,J995_ARC_xxx_slice1-Ort.czi,adult,gal,lower
7,25.0,101.72,2543.0,J995_ARC_xxx_slice1-Ort.czi,adult,gal,lower
8,14.0,101.35714285714286,1419.0,J995_ARC_xxx_slice1-Ort.czi,adult,gal,lower
9,16.0,137.3125,2197.0,J995_ARC_xxx_slice1-Ort.czi,adult,gal,lower
10,9.0,93.88888888888889,845.0,J995_ARC_xxx_slice1-Ort.czi,adult,gal,lower
11,29.0,112.82758620689656,3272.0,J995_ARC_xxx_slice1-Ort.czi,adult,gal,lower
12,11.0,110.0909090909091,1211.0,J995_ARC_xxx_slice1-Ort.czi,adult,gal,lower
13,4.0,139.5,558.0,J995_ARC_xxx_slice1-Ort.czi,adult,gal,lower
14,4.0,128.75,515.0,J995_ARC_xxx_slice1-Ort.czi,adult,gal,lower
15,17.0,140.41176470588235,2387.0,J995_ARC_xxx_slice1-Ort.czi,adult,gal,lower
16,25.0,130.0,3250.0,J995_ARC_xxx_slice1-Ort.czi,adult,gal,lower
17,21.0,114.9047619047619,2413.0,J995_ARC_xxx_slice1-Ort.czi,adult,gal,lower
18,84.0,90.86904761904762,7633.0,J995_ARC_xxx_slice1-Ort.czi,adult,gal,lower
19,44.0,126.54545454545455,5568.0,J995_ARC_xxx_slice1-Ort.czi,adult,gal,lower
20,91.0,120.3956043956044,10956.0,J995_ARC_xxx_slice1-Ort.czi,adult,gal,lower
21,15.0,96.73333333333333,1451.0,J995_ARC_xxx_slice1-Ort.czi,adult,gal,lower
22,88.0,90.625,7975.0,J995_ARC_xxx_slice1-Ort.czi,adult,gal,lower
23,1.0,164.0,164.0,J995_ARC_xxx_slice1-Ort.czi,adult,gal,lower
24,5.0,87.4,437.0,J995_ARC_xxx_slice1-Ort.czi,adult,gal,lower
25,70.0,129.0142857142857,9031.0,J995_ARC_xxx_slice1-Ort.czi,adult,gal,lower
26,8.0,95.5,764.0,J995_ARC_xxx_slice1-Ort.czi,adult,gal,lower
27,5.0,101.6,508.0,J995_ARC_xxx_slice1-Ort.czi,adult,gal,lower
28,40.0,136.4,5456.0,J995_ARC_xxx_slice1-Ort.czi,adult,gal,lower
29,35.0,120.97142857142858,4234.0,J995_ARC_xxx_slice1-Ort.czi,adult,gal,lower
30,29.0,142.13793103448276,4122.0,J995_ARC_xxx_slice1-Ort.czi,adult,gal,lower
31,4.0,135.5,542.0,J995_ARC_xxx_slice1-Ort.czi,adult,gal,lower
32,6.0,127.0,762.0,J995_ARC_xxx_slice1-Ort.czi,adult,gal,lower
33,24.0,140.0,3360.0,J995_ARC_xxx_slice1-Ort.czi,adult,gal,lower
34,5.0,128.4,642.0,J995_ARC_xxx_slice1-Ort.czi,adult,gal,lower
35,61.0,118.37704918032787,7221.0,J995_ARC_xxx_slice1-Ort.czi,adult,gal,lower
36,56.0,150.28571428571428,8416.0,J995_ARC_xxx_slice1-Ort.czi,adult,gal,lower
37,11.0,104.27272727272727,1147.0,J995_ARC_xxx_slice1-Ort.czi,adult,gal,lower
38,1.0,114.0,114.0,J995_ARC_xxx_slice1-Ort.czi,adult,gal,lower
39,4.0,85.0,340.0,J995_ARC_xxx_slice1-Ort.czi,adult,gal,lower
40,4.0,75.0,300.0,J995_ARC_xxx_slice1-Ort.czi,adult,gal,lower
41,29.0,92.48275862068965,2682.0,J995_ARC_xxx_slice1-Ort.czi,adult,gal,lower
42,1.0,125.0,125.0,J995_ARC_xxx_slice1-Ort.czi,adult,gal,lower
43,2.0,112.5,225.0,J995_ARC_xxx_slice1-Ort.czi,adult,gal,lower
44,11.0,131.54545454545453,1446.9999999999998,J995_ARC_xxx_slice1-Ort.czi,adult,gal,lower
45,51.0,92.56862745098039,4721.0,J995_ARC_xxx_slice1-Ort.czi,adult,gal,lower
46,9.0,101.33333333333333,912.0,J995_ARC_xxx_slice1-Ort.czi,adult,gal,lower
47,1.0,62.0,62.0,J995_ARC_xxx_slice1-Ort.czi,adult,gal,lower
48,54.0,141.2962962962963,7630.0,J995_ARC_xxx_slice1-Ort.czi,adult,gal,lower
49,16.0,98.4375,1575.0,J995_ARC_xxx_slice1-Ort.czi,adult,gal,lower
50,11.0,128.54545454545453,1413.9999999999998,J995_ARC_xxx_slice1-Ort.czi,adult,gal,lower
51,67.0,209.97014925373134,14068.0,J995_ARC_xxx_slice1-Ort.czi,adult,gal,lower
52,27.0,134.92592592592592,3643.0,J995_ARC_xxx_slice1-Ort.czi,adult,gal,lower
53,46.0,132.1086956521739,6077.0,J995_ARC_xxx_slice1-Ort.czi,adult,gal,lower
54,71.0,181.46478873239437,12884.0,J995_ARC_xxx_slice1-Ort.czi,adult,gal,lower
55,12.0,120.66666666666667,1448.0,J995_ARC_xxx_slice1-Ort.czi,adult,gal,lower
1,17.0,158.52941176470588,2695.0,K731_ARC _C1_slice2-Ort.czi,adult,gal,lower
2,37.0,120.35135135135135,4453.0,K731_ARC _C1_slice2-Ort.czi,adult,gal,lower
3,14.0,126.64285714285714,1773.0,K731_ARC _C1_slice2-Ort.czi,adult,gal,lower
4,3.0,119.66666666666667,359.0,K731_ARC _C1_slice2-Ort.czi,adult,gal,lower
5,4.0,160.5,642.0,K731_ARC _C1_slice2-Ort.czi,adult,gal,lower
6,17.0,154.76470588235293,2631.0,K731_ARC _C1_slice2-Ort.czi,adult,gal,lower
7,57.0,142.859649122807,8143.0,K731_ARC _C1_slice2-Ort.czi,adult,gal,lower
8,21.0,129.9047619047619,2728.0,K731_ARC _C1_slice2-Ort.czi,adult,gal,lower
9,43.0,149.90697674418604,6446.0,K731_ARC _C1_slice2-Ort.czi,adult,gal,lower
10,17.0,126.88235294117646,2157.0,K731_ARC _C1_slice2-Ort.czi,adult,gal,lower
11,67.0,202.29850746268656,13554.0,K731_ARC _C1_slice2-Ort.czi,adult,gal,lower
12,12.0,169.83333333333334,2038.0,K731_ARC _C1_slice2-Ort.czi,adult,gal,lower
13,76.0,161.82894736842104,12299.0,K731_ARC _C1_slice2-Ort.czi,adult,gal,lower
14,58.0,192.48275862068965,11164.0,K731_ARC _C1_slice2-Ort.czi,adult,gal,lower
15,99.0,220.5050505050505,21830.0,K731_ARC _C1_slice2-Ort.czi,adult,gal,lower
16,88.0,210.5340909090909,18527.0,K731_ARC _C1_slice2-Ort.czi,adult,gal,lower
17,12.0,99.25,1191.0,K731_ARC _C1_slice2-Ort.czi,adult,gal,lower
18,92.0,185.9673913043478,17109.0,K731_ARC _C1_slice2-Ort.czi,adult,gal,lower
19,56.0,204.44642857142858,11449.0,K731_ARC _C1_slice2-Ort.czi,adult,gal,lower
20,103.0,200.79611650485438,20682.0,K731_ARC _C1_slice2-Ort.czi,adult,gal,lower
21,66.0,137.1818181818182,9054.0,K731_ARC _C1_slice2-Ort.czi,adult,gal,lower
22,3.0,113.33333333333333,340.0,K731_ARC _C1_slice2-Ort.czi,adult,gal,lower
23,81.0,115.91358024691358,9389.0,K731_ARC _C1_slice2-Ort.czi,adult,gal,lower
24,19.0,137.42105263157896,2611.0,K731_ARC _C1_slice2-Ort.czi,adult,gal,lower
25,188.0,203.0744680851064,38178.0,K731_ARC _C1_slice2-Ort.czi,adult,gal,lower
26,25.0,134.92,3372.9999999999995,K731_ARC _C1_slice2-Ort.czi,adult,gal,lower
27,50.0,200.44,10022.0,K731_ARC _C1_slice2-Ort.czi,adult,gal,lower
28,109.0,182.85321100917432,19931.0,K731_ARC _C1_slice2-Ort.czi,adult,gal,lower
29,44.0,194.36363636363637,8552.0,K731_ARC _C1_slice2-Ort.czi,adult,gal,lower
30,51.0,134.90196078431373,6880.0,K731_ARC _C1_slice2-Ort.czi,adult,gal,lower
31,12.0,155.75,1869.0,K731_ARC _C1_slice2-Ort.czi,adult,gal,lower
32,128.0,187.875,24048.0,K731_ARC _C1_slice2-Ort.czi,adult,gal,lower
33,30.0,149.33333333333334,4480.0,K731_ARC _C1_slice2-Ort.czi,adult,gal,lower
34,17.0,133.94117647058823,2277.0,K731_ARC _C1_slice2-Ort.czi,adult,gal,lower
35,57.0,151.80701754385964,8653.0,K731_ARC _C1_slice2-Ort.czi,adult,gal,lower
36,32.0,139.84375,4475.0,K731_ARC _C1_slice2-Ort.czi,adult,gal,lower
37,5.0,196.0,980.0,K731_ARC _C1_slice2-Ort.czi,adult,gal,lower
38,1.0,168.0,168.0,K731_ARC _C1_slice2-Ort.czi,adult,gal,lower
39,77.0,191.7922077922078,14768.0,K731_ARC _C1_slice2-Ort.czi,adult,gal,lower
40,21.0,163.33333333333334,3430.0,K731_ARC _C1_slice2-Ort.czi,adult,gal,lower
41,14.0,112.64285714285714,1577.0,K731_ARC _C1_slice2-Ort.czi,adult,gal,lower
42,18.0,123.88888888888889,2230.0,K731_ARC _C1_slice2-Ort.czi,adult,gal,lower
43,20.0,114.35,2287.0,K731_ARC _C1_slice2-Ort.czi,adult,gal,lower
44,106.0,170.72641509433961,18097.0,K731_ARC _C1_slice2-Ort.czi,adult,gal,lower
45,18.0,106.66666666666667,1920.0,K731_ARC _C1_slice2-Ort.czi,adult,gal,lower
46,157.0,166.57324840764332,26152.0,K731_ARC _C1_slice2-Ort.czi,adult,gal,lower
47,44.0,124.0909090909091,5460.0,K731_ARC _C1_slice2-Ort.czi,adult,gal,lower
48,94.0,140.89361702127658,13243.999999999998,K731_ARC _C1_slice2-Ort.czi,adult,gal,lower
49,29.0,133.17241379310346,3862.0000000000005,K731_ARC _C1_slice2-Ort.czi,adult,gal,lower
50,31.0,155.2258064516129,4812.0,K731_ARC _C1_slice2-Ort.czi,adult,gal,lower
51,4.0,125.0,500.0,K731_ARC _C1_slice2-Ort.czi,adult,gal,lower
52,73.0,163.013698630137,11900.0,K731_ARC _C1_slice2-Ort.czi,adult,gal,lower
53,62.0,132.70967741935485,8228.0,K731_ARC _C1_slice2-Ort.czi,adult,gal,lower
54,35.0,113.42857142857143,3970.0,K731_ARC _C1_slice2-Ort.czi,adult,gal,lower
55,33.0,125.33333333333333,4136.0,K731_ARC _C1_slice2-Ort.czi,adult,gal,lower
56,1.0,87.0,87.0,K731_ARC _C1_slice2-Ort.czi,adult,gal,lower
57,78.0,130.78205128205127,10201.0,K731_ARC _C1_slice2-Ort.czi,adult,gal,lower
58,10.0,99.1,991.0,K731_ARC _C1_slice2-Ort.czi,adult,gal,lower
59,16.0,100.75,1612.0,K731_ARC _C1_slice2-Ort.czi,adult,gal,lower
1,41.0,179.2439024390244,7349.0,J987_ARC _C3_slice3-Ort.czi,adult,gal,lower
2,24.0,154.25,3702.0,J987_ARC _C3_slice3-Ort.czi,adult,gal,lower
3,140.0,218.35714285714286,30570.0,J987_ARC _C3_slice3-Ort.czi,adult,gal,lower
4,25.0,145.08,3627.0000000000005,J987_ARC _C3_slice3-Ort.czi,adult,gal,lower
5,38.0,120.78947368421052,4590.0,J987_ARC _C3_slice3-Ort.czi,adult,gal,lower
6,24.0,206.70833333333334,4961.0,J987_ARC _C3_slice3-Ort.czi,adult,gal,lower
7,7.0,133.14285714285714,932.0,J987_ARC _C3_slice3-Ort.czi,adult,gal,lower
8,1.0,187.0,187.0,J987_ARC _C3_slice3-Ort.czi,adult,gal,lower
9,22.0,161.22727272727272,3547.0,J987_ARC _C3_slice3-Ort.czi,adult,gal,lower
10,3.0,120.0,360.0,J987_ARC _C3_slice3-Ort.czi,adult,gal,lower
11,17.0,179.2941176470588,3048.0,J987_ARC _C3_slice3-Ort.czi,adult,gal,lower
12,61.0,219.50819672131146,13390.0,J987_ARC _C3_slice3-Ort.czi,adult,gal,lower
13,2.0,124.0,248.0,J987_ARC _C3_slice3-Ort.czi,adult,gal,lower
14,19.0,99.73684210526316,1895.0000000000002,J987_ARC _C3_slice3-Ort.czi,adult,gal,lower
15,41.0,161.0,6601.0,J987_ARC _C3_slice3-Ort.czi,adult,gal,lower
16,25.0,166.36,4159.0,J987_ARC _C3_slice3-Ort.czi,adult,gal,lower
17,25.0,134.52,3363.0000000000005,J987_ARC _C3_slice3-Ort.czi,adult,gal,lower
18,89.0,170.46067415730337,15171.0,J987_ARC _C3_slice3-Ort.czi,adult,gal,lower
19,122.0,197.64754098360655,24113.0,J987_ARC _C3_slice3-Ort.czi,adult,gal,lower
20,64.0,203.953125,13053.0,J987_ARC _C3_slice3-Ort.czi,adult,gal,lower
21,10.0,115.3,1153.0,J987_ARC _C3_slice3-Ort.czi,adult,gal,lower
22,7.0,140.85714285714286,986.0,J987_ARC _C3_slice3-Ort.czi,adult,gal,lower
23,19.0,180.94736842105263,3438.0,J987_ARC _C3_slice3-Ort.czi,adult,gal,lower
24,27.0,127.70370370370371,3448.0,J987_ARC _C3_slice3-Ort.czi,adult,gal,lower
25,9.0,142.11111111111111,1279.0,J987_ARC _C3_slice3-Ort.czi,adult,gal,lower
26,106.0,218.87735849056602,23201.0,J987_ARC _C3_slice3-Ort.czi,adult,gal,lower
27,84.0,195.78571428571428,16446.0,J987_ARC _C3_slice3-Ort.czi,adult,gal,lower
28,15.0,128.0,1920.0,J987_ARC _C3_slice3-Ort.czi,adult,gal,lower
29,8.0,112.125,897.0,J987_ARC _C3_slice3-Ort.czi,adult,gal,lower
30,60.0,163.35,9801.0,J987_ARC _C3_slice3-Ort.czi,adult,gal,lower
31,21.0,187.71428571428572,3942.0,J987_ARC _C3_slice3-Ort.czi,adult,gal,lower
32,48.0,151.77083333333334,7285.0,J987_ARC _C3_slice3-Ort.czi,adult,gal,lower
33,17.0,134.0,2278.0,J987_ARC _C3_slice3-Ort.czi,adult,gal,lower
34,10.0,158.5,1585.0,J987_ARC _C3_slice3-Ort.czi,adult,gal,lower
35,3.0,152.33333333333334,457.0,J987_ARC _C3_slice3-Ort.czi,adult,gal,lower
36,4.0,147.25,589.0,J987_ARC _C3_slice3-Ort.czi,adult,gal,lower
37,89.0,209.4943820224719,18645.0,J987_ARC _C3_slice3-Ort.czi,adult,gal,lower
38,114.0,236.59649122807016,26972.0,J987_ARC _C3_slice3-Ort.czi,adult,gal,lower
39,83.0,162.95180722891567,13525.0,J987_ARC _C3_slice3-Ort.czi,adult,gal,lower
40,12.0,192.83333333333334,2314.0,J987_ARC _C3_slice3-Ort.czi,adult,gal,lower
41,58.0,154.79310344827587,8978.0,J987_ARC _C3_slice3-Ort.czi,adult,gal,lower
42,15.0,156.46666666666667,2347.0,J987_ARC _C3_slice3-Ort.czi,adult,gal,lower
43,23.0,157.47826086956522,3622.0,J987_ARC _C3_slice3-Ort.czi,adult,gal,lower
44,38.0,162.44736842105263,6173.0,J987_ARC _C3_slice3-Ort.czi,adult,gal,lower
45,7.0,126.14285714285714,883.0,J987_ARC _C3_slice3-Ort.czi,adult,gal,lower
46,9.0,195.11111111111111,1756.0,J987_ARC _C3_slice3-Ort.czi,adult,gal,lower
47,1.0,135.0,135.0,J987_ARC _C3_slice3-Ort.czi,adult,gal,lower
48,52.0,163.6346153846154,8509.0,J987_ARC _C3_slice3-Ort.czi,adult,gal,lower
49,10.0,163.1,1631.0,J987_ARC _C3_slice3-Ort.czi,adult,gal,lower
50,106.0,221.87735849056602,23519.0,J987_ARC _C3_slice3-Ort.czi,adult,gal,lower
51,112.0,202.96428571428572,22732.0,J987_ARC _C3_slice3-Ort.czi,adult,gal,lower
52,64.0,184.265625,11793.0,J987_ARC _C3_slice3-Ort.czi,adult,gal,lower
53,6.0,138.0,828.0,J987_ARC _C3_slice3-Ort.czi,adult,gal,lower
54,25.0,155.8,3895.0000000000005,J987_ARC _C3_slice3-Ort.czi,adult,gal,lower
55,15.0,149.53333333333333,2243.0,J987_ARC _C3_slice3-Ort.czi,adult,gal,lower
56,38.0,159.68421052631578,6068.0,J987_ARC _C3_slice3-Ort.czi,adult,gal,lower
57,118.0,190.24576271186442,22449.0,J987_ARC _C3_slice3-Ort.czi,adult,gal,lower
58,8.0,182.875,1463.0,J987_ARC _C3_slice3-Ort.czi,adult,gal,lower
59,18.0,130.16666666666666,2343.0,J987_ARC _C3_slice3-Ort.czi,adult,gal,lower
60,66.0,164.36363636363637,10848.0,J987_ARC _C3_slice3-Ort.czi,adult,gal,lower
61,62.0,185.40322580645162,11495.0,J987_ARC _C3_slice3-Ort.czi,adult,gal,lower
62,17.0,180.58823529411765,3070.0,J987_ARC _C3_slice3-Ort.czi,adult,gal,lower
63,120.0,186.83333333333334,22420.0,J987_ARC _C3_slice3-Ort.czi,adult,gal,lower
64,15.0,158.66666666666666,2380.0,J987_ARC _C3_slice3-Ort.czi,adult,gal,lower
65,137.0,211.79562043795622,29016.0,J987_ARC _C3_slice3-Ort.czi,adult,gal,lower
66,9.0,112.44444444444444,1012.0,J987_ARC _C3_slice3-Ort.czi,adult,gal,lower
67,21.0,187.76190476190476,3943.0,J987_ARC _C3_slice3-Ort.czi,adult,gal,lower
68,16.0,167.75,2684.0,J987_ARC _C3_slice3-Ort.czi,adult,gal,lower
69,29.0,166.89655172413794,4840.0,J987_ARC _C3_slice3-Ort.czi,adult,gal,lower
70,2.0,123.0,246.0,J987_ARC _C3_slice3-Ort.czi,adult,gal,lower
71,12.0,136.83333333333334,1642.0,J987_ARC _C3_slice3-Ort.czi,adult,gal,lower
72,59.0,137.22033898305085,8096.0,J987_ARC _C3_slice3-Ort.czi,adult,gal,lower
73,46.0,157.08695652173913,7226.0,J987_ARC _C3_slice3-Ort.czi,adult,gal,lower
74,26.0,131.3846153846154,3416.0,J987_ARC _C3_slice3-Ort.czi,adult,gal,lower
75,35.0,178.42857142857142,6245.0,J987_ARC _C3_slice3-Ort.czi,adult,gal,lower
76,49.0,190.3265306122449,9326.0,J987_ARC _C3_slice3-Ort.czi,adult,gal,lower
77,15.0,162.66666666666666,2440.0,J987_ARC _C3_slice3-Ort.czi,adult,gal,lower
78,22.0,136.6818181818182,3007.0,J987_ARC _C3_slice3-Ort.czi,adult,gal,lower
79,25.0,219.8,5495.0,J987_ARC _C3_slice3-Ort.czi,adult,gal,lower
80,112.0,212.67857142857142,23820.0,J987_ARC _C3_slice3-Ort.czi,adult,gal,lower
81,120.0,190.0,22800.0,J987_ARC _C3_slice3-Ort.czi,adult,gal,lower
82,77.0,206.2207792207792,15878.999999999998,J987_ARC _C3_slice3-Ort.czi,adult,gal,lower
83,70.0,182.78571428571428,12795.0,J987_ARC _C3_slice3-Ort.czi,adult,gal,lower
84,38.0,159.73684210526315,6070.0,J987_ARC _C3_slice3-Ort.czi,adult,gal,lower
85,9.0,152.66666666666666,1374.0,J987_ARC _C3_slice3-Ort.czi,adult,gal,lower
86,47.0,223.74468085106383,10516.0,J987_ARC _C3_slice3-Ort.czi,adult,gal,lower
87,25.0,171.12,4278.0,J987_ARC _C3_slice3-Ort.czi,adult,gal,lower
88,7.0,168.71428571428572,1181.0,J987_ARC _C3_slice3-Ort.czi,adult,gal,lower
89,102.0,223.22549019607843,22769.0,J987_ARC _C3_slice3-Ort.czi,adult,gal,lower
90,38.0,113.84210526315789,4326.0,J987_ARC _C3_slice3-Ort.czi,adult,gal,lower
91,58.0,230.82758620689654,13388.0,J987_ARC _C3_slice3-Ort.czi,adult,gal,lower
92,30.0,118.93333333333334,3568.0,J987_ARC _C3_slice3-Ort.czi,adult,gal,lower
93,255.0,204.69019607843137,52196.0,J987_ARC _C3_slice3-Ort.czi,adult,gal,lower
94,1.0,92.0,92.0,J987_ARC _C3_slice3-Ort.czi,adult,gal,lower
95,18.0,116.88888888888889,2104.0,J987_ARC _C3_slice3-Ort.czi,adult,gal,lower
96,10.0,123.2,1232.0,J987_ARC _C3_slice3-Ort.czi,adult,gal,lower
97,85.0,171.6705882352941,14591.999999999998,J987_ARC _C3_slice3-Ort.czi,adult,gal,lower
98,21.0,170.0,3570.0,J987_ARC _C3_slice3-Ort.czi,adult,gal,lower
99,115.0,233.68695652173912,26874.0,J987_ARC _C3_slice3-Ort.czi,adult,gal,lower
100,14.0,174.85714285714286,2448.0,J987_ARC _C3_slice3-Ort.czi,adult,gal,lower
101,5.0,164.6,823.0,J987_ARC _C3_slice3-Ort.czi,adult,gal,lower
102,7.0,193.0,1351.0,J987_ARC _C3_slice3-Ort.czi,adult,gal,lower
103,35.0,164.68571428571428,5764.0,J987_ARC _C3_slice3-Ort.czi,adult,gal,lower
104,106.0,184.27358490566039,19533.0,J987_ARC _C3_slice3-Ort.czi,adult,gal,lower
105,184.0,204.2173913043478,37576.0,J987_ARC _C3_slice3-Ort.czi,adult,gal,lower
106,8.0,148.625,1189.0,J987_ARC _C3_slice3-Ort.czi,adult,gal,lower
107,22.0,165.13636363636363,3633.0,J987_ARC _C3_slice3-Ort.czi,adult,gal,lower
108,54.0,173.40740740740742,9364.0,J987_ARC _C3_slice3-Ort.czi,adult,gal,lower
109,127.0,240.11023622047244,30494.0,J987_ARC _C3_slice3-Ort.czi,adult,gal,lower
110,151.0,228.158940397351,34452.0,J987_ARC _C3_slice3-Ort.czi,adult,gal,lower
111,136.0,165.23529411764707,22472.0,J987_ARC _C3_slice3-Ort.czi,adult,gal,lower
112,19.0,127.63157894736842,2425.0,J987_ARC _C3_slice3-Ort.czi,adult,gal,lower
113,4.0,148.25,593.0,J987_ARC _C3_slice3-Ort.czi,adult,gal,lower
114,11.0,140.8181818181818,1549.0,J987_ARC _C3_slice3-Ort.czi,adult,gal,lower
115,50.0,140.1,7005.0,J987_ARC _C3_slice3-Ort.czi,adult,gal,lower
116,206.0,181.25242718446603,37338.0,J987_ARC _C3_slice3-Ort.czi,adult,gal,lower
117,45.0,167.22222222222223,7525.0,J987_ARC _C3_slice3-Ort.czi,adult,gal,lower
118,1.0,110.0,110.0,J987_ARC _C3_slice3-Ort.czi,adult,gal,lower
119,17.0,145.52941176470588,2474.0,J987_ARC _C3_slice3-Ort.czi,adult,gal,lower
120,9.0,124.66666666666667,1122.0,J987_ARC _C3_slice3-Ort.czi,adult,gal,lower
121,80.0,166.55,13324.0,J987_ARC _C3_slice3-Ort.czi,adult,gal,lower
122,61.0,180.60655737704917,11017.0,J987_ARC _C3_slice3-Ort.czi,adult,gal,lower
123,12.0,142.0,1704.0,J987_ARC _C3_slice3-Ort.czi,adult,gal,lower
124,58.0,213.20689655172413,12366.0,J987_ARC _C3_slice3-Ort.czi,adult,gal,lower
125,66.0,179.0909090909091,11820.0,J987_ARC _C3_slice3-Ort.czi,adult,gal,lower
126,10.0,165.4,1654.0,J987_ARC _C3_slice3-Ort.czi,adult,gal,lower
127,133.0,236.8045112781955,31495.0,J987_ARC _C3_slice3-Ort.czi,adult,gal,lower
128,83.0,202.59036144578315,16815.0,J987_ARC _C3_slice3-Ort.czi,adult,gal,lower
129,72.0,187.84722222222223,13525.0,J987_ARC _C3_slice3-Ort.czi,adult,gal,lower
130,84.0,141.16666666666666,11858.0,J987_ARC _C3_slice3-Ort.czi,adult,gal,lower
131,135.0,175.1037037037037,23639.0,J987_ARC _C3_slice3-Ort.czi,adult,gal,lower
132,134.0,234.38805970149255,31408.000000000004,J987_ARC _C3_slice3-Ort.czi,adult,gal,lower
133,17.0,170.88235294117646,2905.0,J987_ARC _C3_slice3-Ort.czi,adult,gal,lower
134,107.0,186.61682242990653,19968.0,J987_ARC _C3_slice3-Ort.czi,adult,gal,lower
135,69.0,159.02898550724638,10973.0,J987_ARC _C3_slice3-Ort.czi,adult,gal,lower
136,23.0,106.78260869565217,2456.0,J987_ARC _C3_slice3-Ort.czi,adult,gal,lower
137,116.0,211.5344827586207,24538.0,J987_ARC _C3_slice3-Ort.czi,adult,gal,lower
138,11.0,188.27272727272728,2071.0,J987_ARC _C3_slice3-Ort.czi,adult,gal,lower
139,210.0,199.0857142857143,41808.0,J987_ARC _C3_slice3-Ort.czi,adult,gal,lower
140,122.0,136.04098360655738,16597.0,J987_ARC _C3_slice3-Ort.czi,adult,gal,lower
141,19.0,189.8421052631579,3607.0,J987_ARC _C3_slice3-Ort.czi,adult,gal,lower
142,51.0,166.84313725490196,8509.0,J987_ARC _C3_slice3-Ort.czi,adult,gal,lower
143,4.0,141.5,566.0,J987_ARC _C3_slice3-Ort.czi,adult,gal,lower
144,106.0,192.47169811320754,20402.0,J987_ARC _C3_slice3-Ort.czi,adult,gal,lower
145,46.0,166.06521739130434,7639.0,J987_ARC _C3_slice3-Ort.czi,adult,gal,lower
146,155.0,184.33548387096775,28572.0,J987_ARC _C3_slice3-Ort.czi,adult,gal,lower
147,129.0,180.06201550387595,23228.0,J987_ARC _C3_slice3-Ort.czi,adult,gal,lower
148,151.0,232.2980132450331,35077.0,J987_ARC _C3_slice3-Ort.czi,adult,gal,lower
149,155.0,192.18709677419355,29789.0,J987_ARC _C3_slice3-Ort.czi,adult,gal,lower
150,151.0,183.83443708609272,27759.0,J987_ARC _C3_slice3-Ort.czi,adult,gal,lower
151,32.0,150.03125,4801.0,J987_ARC _C3_slice3-Ort.czi,adult,gal,lower
152,43.0,179.93023255813952,7736.999999999999,J987_ARC _C3_slice3-Ort.czi,adult,gal,lower
153,38.0,151.6578947368421,5763.0,J987_ARC _C3_slice3-Ort.czi,adult,gal,lower
154,5.0,203.4,1017.0,J987_ARC _C3_slice3-Ort.czi,adult,gal,lower
155,137.0,204.12408759124088,27965.0,J987_ARC _C3_slice3-Ort.czi,adult,gal,lower
156,189.0,223.87301587301587,42312.0,J987_ARC _C3_slice3-Ort.czi,adult,gal,lower
157,3.0,136.33333333333334,409.0,J987_ARC _C3_slice3-Ort.czi,adult,gal,lower
158,14.0,135.14285714285714,1892.0,J987_ARC _C3_slice3-Ort.czi,adult,gal,lower
159,11.0,158.8181818181818,1747.0,J987_ARC _C3_slice3-Ort.czi,adult,gal,lower
160,72.0,187.625,13509.0,J987_ARC _C3_slice3-Ort.czi,adult,gal,lower
161,38.0,199.6315789473684,7586.0,J987_ARC _C3_slice3-Ort.czi,adult,gal,lower
162,19.0,189.8421052631579,3607.0,J987_ARC _C3_slice3-Ort.czi,adult,gal,lower
163,7.0,200.57142857142858,1404.0,J987_ARC _C3_slice3-Ort.czi,adult,gal,lower
164,13.0,122.3076923076923,1590.0,J987_ARC _C3_slice3-Ort.czi,adult,gal,lower
165,110.0,189.8,20878.0,J987_ARC _C3_slice3-Ort.czi,adult,gal,lower
166,28.0,134.71428571428572,3772.0,J987_ARC _C3_slice3-Ort.czi,adult,gal,lower
167,47.0,160.91489361702128,7563.0,J987_ARC _C3_slice3-Ort.czi,adult,gal,lower
168,184.0,231.08152173913044,42519.0,J987_ARC _C3_slice3-Ort.czi,adult,gal,lower
169,63.0,212.4920634920635,13387.0,J987_ARC _C3_slice3-Ort.czi,adult,gal,lower
170,18.0,175.5,3159.0,J987_ARC _C3_slice3-Ort.czi,adult,gal,lower
171,178.0,180.2865168539326,32091.000000000004,J987_ARC _C3_slice3-Ort.czi,adult,gal,lower
172,8.0,175.125,1401.0,J987_ARC _C3_slice3-Ort.czi,adult,gal,lower
173,106.0,154.87735849056602,16417.0,J987_ARC _C3_slice3-Ort.czi,adult,gal,lower
174,1.0,126.0,126.0,J987_ARC _C3_slice3-Ort.czi,adult,gal,lower
175,120.0,232.68333333333334,27922.0,J987_ARC _C3_slice3-Ort.czi,adult,gal,lower
176,193.0,186.27461139896374,35951.0,J987_ARC _C3_slice3-Ort.czi,adult,gal,lower
177,158.0,215.68354430379748,34078.0,J987_ARC _C3_slice3-Ort.czi,adult,gal,lower
178,30.0,143.66666666666666,4310.0,J987_ARC _C3_slice3-Ort.czi,adult,gal,lower
179,103.0,187.40776699029126,19303.0,J987_ARC _C3_slice3-Ort.czi,adult,gal,lower
180,47.0,194.19148936170214,9127.0,J987_ARC _C3_slice3-Ort.czi,adult,gal,lower
1,73.0,111.94520547945206,8172.0,J995_ARC_B4_slice3-Ort.czi,adult,gal,lower
2,44.0,78.0909090909091,3436.0,J995_ARC_B4_slice3-Ort.czi,adult,gal,lower
3,1.0,71.0,71.0,J995_ARC_B4_slice3-Ort.czi,adult,gal,lower
4,113.0,89.90265486725664,10159.0,J995_ARC_B4_slice3-Ort.czi,adult,gal,lower
5,307.0,99.88925081433224,30666.0,J995_ARC_B4_slice3-Ort.czi,adult,gal,lower
6,60.0,87.15,5229.0,J995_ARC_B4_slice3-Ort.czi,adult,gal,lower
7,99.0,114.91919191919192,11377.0,J995_ARC_B4_slice3-Ort.czi,adult,gal,lower
8,167.0,91.41317365269461,15266.0,J995_ARC_B4_slice3-Ort.czi,adult,gal,lower
9,23.0,81.1304347826087,1866.0000000000002,J995_ARC_B4_slice3-Ort.czi,adult,gal,lower
10,50.0,71.78,3589.0,J995_ARC_B4_slice3-Ort.czi,adult,gal,lower
11,4.0,60.5,242.0,J995_ARC_B4_slice3-Ort.czi,adult,gal,lower
12,20.0,61.7,1234.0,J995_ARC_B4_slice3-Ort.czi,adult,gal,lower
13,17.0,73.58823529411765,1251.0,J995_ARC_B4_slice3-Ort.czi,adult,gal,lower
14,3.0,56.0,168.0,J995_ARC_B4_slice3-Ort.czi,adult,gal,lower
15,69.0,78.31884057971014,5404.0,J995_ARC_B4_slice3-Ort.czi,adult,gal,lower
16,39.0,72.25641025641026,2818.0000000000005,J995_ARC_B4_slice3-Ort.czi,adult,gal,lower
17,17.0,56.0,952.0,J995_ARC_B4_slice3-Ort.czi,adult,gal,lower
18,32.0,72.78125,2329.0,J995_ARC_B4_slice3-Ort.czi,adult,gal,lower
19,89.0,63.640449438202246,5664.0,J995_ARC_B4_slice3-Ort.czi,adult,gal,lower
20,20.0,101.0,2020.0,J995_ARC_B4_slice3-Ort.czi,adult,gal,lower
21,13.0,67.53846153846153,877.9999999999999,J995_ARC_B4_slice3-Ort.czi,adult,gal,lower
22,16.0,82.3125,1317.0,J995_ARC_B4_slice3-Ort.czi,adult,gal,lower
23,51.0,90.27450980392157,4604.0,J995_ARC_B4_slice3-Ort.czi,adult,gal,lower
24,5.0,72.2,361.0,J995_ARC_B4_slice3-Ort.czi,adult,gal,lower
