label,area,mean_intensity,integrated_density,filename,age,channel,region
1,8.0,61.125,489.0,F656_ARC _B3_slice3-Ort.czi,old,glp1r,lower
2,8.0,48.0,384.0,F656_ARC _B3_slice3-Ort.czi,old,glp1r,lower
3,28.0,48.357142857142854,1354.0,F656_ARC _B3_slice3-Ort.czi,old,glp1r,lower
4,20.0,50.5,1010.0,F656_ARC _B3_slice3-Ort.czi,old,glp1r,lower
5,31.0,57.38709677419355,1779.0,F656_ARC _B3_slice3-Ort.czi,old,glp1r,lower
6,1.0,54.0,54.0,F656_ARC _B3_slice3-Ort.czi,old,glp1r,lower
7,56.0,57.44642857142857,3217.0,F656_ARC _B3_slice3-Ort.czi,old,glp1r,lower
8,23.0,52.21739130434783,1201.0,F656_ARC _B3_slice3-Ort.czi,old,glp1r,lower
9,15.0,38.2,573.0,F656_ARC _B3_slice3-Ort.czi,old,glp1r,lower
10,7.0,73.85714285714286,517.0,F656_ARC _B3_slice3-Ort.czi,old,glp1r,lower
11,63.0,62.44444444444444,3934.0,F656_ARC _B3_slice3-Ort.czi,old,glp1r,lower
12,5.0,61.2,306.0,F656_ARC _B3_slice3-Ort.czi,old,glp1r,lower
13,77.0,57.90909090909091,4459.0,F656_ARC _B3_slice3-Ort.czi,old,glp1r,lower
14,33.0,53.03030303030303,1750.0,F656_ARC _B3_slice3-Ort.czi,old,glp1r,lower
15,22.0,58.18181818181818,1280.0,F656_ARC _B3_slice3-Ort.czi,old,glp1r,lower
16,23.0,50.95652173913044,1172.0,F656_ARC _B3_slice3-Ort.czi,old,glp1r,lower
17,37.0,55.891891891891895,2068.0,F656_ARC _B3_slice3-Ort.czi,old,glp1r,lower
18,29.0,38.51724137931034,1117.0,F656_ARC _B3_slice3-Ort.czi,old,glp1r,lower
19,53.0,51.339622641509436,2721.0,F656_ARC _B3_slice3-Ort.czi,old,glp1r,lower
20,23.0,46.21739130434783,1063.0,F656_ARC _B3_slice3-Ort.czi,old,glp1r,lower
21,92.0,51.380434782608695,4727.0,F656_ARC _B3_slice3-Ort.czi,old,glp1r,lower
22,55.0,68.45454545454545,3765.0,F656_ARC _B3_slice3-Ort.czi,old,glp1r,lower
23,56.0,60.55357142857143,3391.0,F656_ARC _B3_slice3-Ort.czi,old,glp1r,lower
24,75.0,70.81333333333333,5311.0,F656_ARC _B3_slice3-Ort.czi,old,glp1r,lower
25,59.0,56.32203389830509,3323.0,F656_ARC _B3_slice3-Ort.czi,old,glp1r,lower
26,56.0,52.82142857142857,2958.0,F656_ARC _B3_slice3-Ort.czi,old,glp1r,lower
27,41.0,61.78048780487805,2533.0,F656_ARC _B3_slice3-Ort.czi,old,glp1r,lower
28,185.0,48.79459459459459,9027.0,F656_ARC _B3_slice3-Ort.czi,old,glp1r,lower
29,80.0,53.7875,4303.0,F656_ARC _B3_slice3-Ort.czi,old,glp1r,lower
30,21.0,38.80952380952381,815.0,F656_ARC _B3_slice3-Ort.czi,old,glp1r,lower
31,96.0,51.645833333333336,4958.0,F656_ARC _B3_slice3-Ort.czi,old,glp1r,lower
32,45.0,51.644444444444446,2324.0,F656_ARC _B3_slice3-Ort.czi,old,glp1r,lower
33,5.0,96.8,484.0,F656_ARC _B3_slice3-Ort.czi,old,glp1r,lower
34,156.0,62.1474358974359,9695.0,F656_ARC _B3_slice3-Ort.czi,old,glp1r,lower
35,2.0,49.0,98.0,F656_ARC _B3_slice3-Ort.czi,old,glp1r,lower
36,2.0,30.5,61.0,F656_ARC _B3_slice3-Ort.czi,old,glp1r,lower
37,60.0,57.11666666666667,3427.0,F656_ARC _B3_slice3-Ort.czi,old,glp1r,lower
38,35.0,66.62857142857143,2332.0,F656_ARC _B3_slice3-Ort.czi,old,glp1r,lower
39,91.0,72.37362637362638,6586.000000000001,F656_ARC _B3_slice3-Ort.czi,old,glp1r,lower
40,177.0,45.559322033898304,8064.0,F656_ARC _B3_slice3-Ort.czi,old,glp1r,lower
41,230.0,65.62608695652175,15094.000000000002,F656_ARC _B3_slice3-Ort.czi,old,glp1r,lower
42,55.0,75.25454545454545,4139.0,F656_ARC _B3_slice3-Ort.czi,old,glp1r,lower
43,38.0,66.57894736842105,2530.0,F656_ARC _B3_slice3-Ort.czi,old,glp1r,lower
44,57.0,51.3859649122807,2929.0,F656_ARC _B3_slice3-Ort.czi,old,glp1r,lower
45,139.0,67.76978417266187,9420.0,F656_ARC _B3_slice3-Ort.czi,old,glp1r,lower
46,66.0,73.18181818181819,4830.0,F656_ARC _B3_slice3-Ort.czi,old,glp1r,lower
47,83.0,44.33734939759036,3679.9999999999995,F656_ARC _B3_slice3-Ort.czi,old,glp1r,lower
48,69.0,44.7536231884058,3088.0,F656_ARC _B3_slice3-Ort.czi,old,glp1r,lower
49,11.0,51.90909090909091,571.0,F656_ARC _B3_slice3-Ort.czi,old,glp1r,lower
50,35.0,79.28571428571429,2775.0,F656_ARC _B3_slice3-Ort.czi,old,glp1r,lower
51,8.0,46.5,372.0,F656_ARC _B3_slice3-Ort.czi,old,glp1r,lower
52,30.0,52.13333333333333,1564.0,F656_ARC _B3_slice3-Ort.czi,old,glp1r,lower
53,21.0,37.19047619047619,781.0,F656_ARC _B3_slice3-Ort.czi,old,glp1r,lower
54,90.0,60.82222222222222,5474.0,F656_ARC _B3_slice3-Ort.czi,old,glp1r,lower
55,46.0,50.54347826086956,2325.0,F656_ARC _B3_slice3-Ort.czi,old,glp1r,lower
56,67.0,87.32835820895522,5851.0,F656_ARC _B3_slice3-Ort.czi,old,glp1r,lower
57,59.0,49.94915254237288,2947.0,F656_ARC _B3_slice3-Ort.czi,old,glp1r,lower
58,56.0,65.94642857142857,3693.0,F656_ARC _B3_slice3-Ort.czi,old,glp1r,lower
59,22.0,53.0,1166.0,F656_ARC _B3_slice3-Ort.czi,old,glp1r,lower
60,11.0,55.09090909090909,606.0,F656_ARC _B3_slice3-Ort.czi,old,glp1r,lower
61,74.0,84.1891891891892,6230.0,F656_ARC _B3_slice3-Ort.czi,old,glp1r,lower
62,79.0,82.12658227848101,6488.0,F656_ARC _B3_slice3-Ort.czi,old,glp1r,lower
63,26.0,65.03846153846153,1690.9999999999998,F656_ARC _B3_slice3-Ort.czi,old,glp1r,lower
64,65.0,59.07692307692308,3840.0,F656_ARC _B3_slice3-Ort.czi,old,glp1r,lower
65,97.0,69.35051546391753,6727.000000000001,F656_ARC _B3_slice3-Ort.czi,old,glp1r,lower
66,256.0,65.37109375,16735.0,F656_ARC _B3_slice3-Ort.czi,old,glp1r,lower
67,91.0,54.05494505494506,4919.0,F656_ARC _B3_slice3-Ort.czi,old,glp1r,lower
68,26.0,56.80769230769231,1477.0,F656_ARC _B3_slice3-Ort.czi,old,glp1r,lower
69,121.0,58.768595041322314,7111.0,F656_ARC _B3_slice3-Ort.czi,old,glp1r,lower
70,16.0,56.4375,903.0,F656_ARC _B3_slice3-Ort.czi,old,glp1r,lower
71,64.0,47.078125,3013.0,F656_ARC _B3_slice3-Ort.czi,old,glp1r,lower
72,30.0,73.76666666666667,2213.0,F656_ARC _B3_slice3-Ort.czi,old,glp1r,lower
73,19.0,46.89473684210526,891.0,F656_ARC _B3_slice3-Ort.czi,old,glp1r,lower
74,138.0,68.73913043478261,9486.0,F656_ARC _B3_slice3-Ort.czi,old,glp1r,lower
75,144.0,50.104166666666664,7215.0,F656_ARC _B3_slice3-Ort.czi,old,glp1r,lower
76,49.0,64.71428571428571,3170.9999999999995,F656_ARC _B3_slice3-Ort.czi,old,glp1r,lower
77,42.0,48.88095238095238,2053.0,F656_ARC _B3_slice3-Ort.czi,old,glp1r,lower
78,5.0,29.4,147.0,F656_ARC _B3_slice3-Ort.czi,old,glp1r,lower
79,250.0,76.592,19148.0,F656_ARC _B3_slice3-Ort.czi,old,glp1r,lower
1,5.0,218.2,1091.0,B489_ARC_xxx_slice2-Ort.czi,old,glp1r,lower
2,20.0,189.2,3784.0,B489_ARC_xxx_slice2-Ort.czi,old,glp1r,lower
3,61.0,191.54098360655738,11684.0,B489_ARC_xxx_slice2-Ort.czi,old,glp1r,lower
4,16.0,216.75,3468.0,B489_ARC_xxx_slice2-Ort.czi,old,glp1r,lower
5,9.0,162.0,1458.0,B489_ARC_xxx_slice2-Ort.czi,old,glp1r,lower
6,37.0,174.0,6438.0,B489_ARC_xxx_slice2-Ort.czi,old,glp1r,lower
7,21.0,189.71428571428572,3984.0,B489_ARC_xxx_slice2-Ort.czi,old,glp1r,lower
8,4.0,190.25,761.0,B489_ARC_xxx_slice2-Ort.czi,old,glp1r,lower
9,1.0,147.0,147.0,B489_ARC_xxx_slice2-Ort.czi,old,glp1r,lower
10,1.0,30.0,30.0,B489_ARC_xxx_slice2-Ort.czi,old,glp1r,lower
11,7.0,161.28571428571428,1129.0,B489_ARC_xxx_slice2-Ort.czi,old,glp1r,lower
12,3.0,107.0,321.0,B489_ARC_xxx_slice2-Ort.czi,old,glp1r,lower
13,8.0,216.5,1732.0,B489_ARC_xxx_slice2-Ort.czi,old,glp1r,lower
14,1.0,64.0,64.0,B489_ARC_xxx_slice2-Ort.czi,old,glp1r,lower
15,6.0,168.0,1008.0,B489_ARC_xxx_slice2-Ort.czi,old,glp1r,lower
16,3.0,79.33333333333333,238.0,B489_ARC_xxx_slice2-Ort.czi,old,glp1r,lower
17,3.0,245.33333333333334,736.0,B489_ARC_xxx_slice2-Ort.czi,old,glp1r,lower
18,9.0,201.22222222222223,1811.0,B489_ARC_xxx_slice2-Ort.czi,old,glp1r,lower
19,2.0,56.5,113.0,B489_ARC_xxx_slice2-Ort.czi,old,glp1r,lower
20,2.0,109.5,219.0,B489_ARC_xxx_slice2-Ort.czi,old,glp1r,lower
21,38.0,158.39473684210526,6019.0,B489_ARC_xxx_slice2-Ort.czi,old,glp1r,lower
22,1.0,255.0,255.0,B489_ARC_xxx_slice2-Ort.czi,old,glp1r,lower
23,28.0,193.32142857142858,5413.0,B489_ARC_xxx_slice2-Ort.czi,old,glp1r,lower
24,70.0,196.28571428571428,13740.0,B489_ARC_xxx_slice2-Ort.czi,old,glp1r,lower
25,5.0,155.0,775.0,B489_ARC_xxx_slice2-Ort.czi,old,glp1r,lower
26,40.0,245.475,9819.0,B489_ARC_xxx_slice2-Ort.czi,old,glp1r,lower
27,88.0,231.97727272727272,20414.0,B489_ARC_xxx_slice2-Ort.czi,old,glp1r,lower
28,38.0,240.5,9139.0,B489_ARC_xxx_slice2-Ort.czi,old,glp1r,lower
29,64.0,218.0,13952.0,B489_ARC_xxx_slice2-Ort.czi,old,glp1r,lower
30,31.0,158.67741935483872,4919.0,B489_ARC_xxx_slice2-Ort.czi,old,glp1r,lower
31,13.0,212.30769230769232,2760.0,B489_ARC_xxx_slice2-Ort.czi,old,glp1r,lower
32,72.0,229.61111111111111,16532.0,B489_ARC_xxx_slice2-Ort.czi,old,glp1r,lower
33,71.0,234.40845070422534,16643.0,B489_ARC_xxx_slice2-Ort.czi,old,glp1r,lower
34,63.0,206.20634920634922,12991.0,B489_ARC_xxx_slice2-Ort.czi,old,glp1r,lower
35,35.0,205.42857142857142,7190.0,B489_ARC_xxx_slice2-Ort.czi,old,glp1r,lower
36,27.0,186.88888888888889,5046.0,B489_ARC_xxx_slice2-Ort.czi,old,glp1r,lower
37,125.0,234.288,29286.0,B489_ARC_xxx_slice2-Ort.czi,old,glp1r,lower
38,52.0,183.0,9516.0,B489_ARC_xxx_slice2-Ort.czi,old,glp1r,lower
39,7.0,192.85714285714286,1350.0,B489_ARC_xxx_slice2-Ort.czi,old,glp1r,lower
40,44.0,234.54545454545453,10320.0,B489_ARC_xxx_slice2-Ort.czi,old,glp1r,lower
41,46.0,212.43478260869566,9772.0,B489_ARC_xxx_slice2-Ort.czi,old,glp1r,lower
42,81.0,198.54320987654322,16082.0,B489_ARC_xxx_slice2-Ort.czi,old,glp1r,lower
43,2.0,172.5,345.0,B489_ARC_xxx_slice2-Ort.czi,old,glp1r,lower
44,85.0,207.14117647058825,17607.0,B489_ARC_xxx_slice2-Ort.czi,old,glp1r,lower
45,1.0,195.0,195.0,B489_ARC_xxx_slice2-Ort.czi,old,glp1r,lower
46,77.0,238.83116883116884,18390.0,B489_ARC_xxx_slice2-Ort.czi,old,glp1r,lower
47,31.0,215.1290322580645,6669.0,B489_ARC_xxx_slice2-Ort.czi,old,glp1r,lower
48,91.0,228.95604395604394,20835.0,B489_ARC_xxx_slice2-Ort.czi,old,glp1r,lower
49,125.0,187.96,23495.0,B489_ARC_xxx_slice2-Ort.czi,old,glp1r,lower
50,12.0,185.08333333333334,2221.0,B489_ARC_xxx_slice2-Ort.czi,old,glp1r,lower
51,83.0,195.6024096385542,16235.0,B489_ARC_xxx_slice2-Ort.czi,old,glp1r,lower
52,101.0,241.62376237623764,24404.0,B489_ARC_xxx_slice2-Ort.czi,old,glp1r,lower
53,189.0,239.93650793650792,45348.0,B489_ARC_xxx_slice2-Ort.czi,old,glp1r,lower
54,72.0,200.94444444444446,14468.0,B489_ARC_xxx_slice2-Ort.czi,old,glp1r,lower
55,70.0,213.72857142857143,14961.0,B489_ARC_xxx_slice2-Ort.czi,old,glp1r,lower
56,32.0,190.65625,6101.0,B489_ARC_xxx_slice2-Ort.czi,old,glp1r,lower
57,106.0,231.8679245283019,24578.0,B489_ARC_xxx_slice2-Ort.czi,old,glp1r,lower
58,371.0,244.2722371967655,90625.0,B489_ARC_xxx_slice2-Ort.czi,old,glp1r,lower
59,113.0,238.9203539823009,26998.0,B489_ARC_xxx_slice2-Ort.czi,old,glp1r,lower
60,130.0,221.03846153846155,28735.0,B489_ARC_xxx_slice2-Ort.czi,old,glp1r,lower
61,45.0,169.22222222222223,7615.0,B489_ARC_xxx_slice2-Ort.czi,old,glp1r,lower
62,72.0,199.34722222222223,14353.0,B489_ARC_xxx_slice2-Ort.czi,old,glp1r,lower
63,10.0,182.8,1828.0,B489_ARC_xxx_slice2-Ort.czi,old,glp1r,lower
64,496.0,225.88104838709677,112037.0,B489_ARC_xxx_slice2-Ort.czi,old,glp1r,lower
65,51.0,215.86274509803923,11009.0,B489_ARC_xxx_slice2-Ort.czi,old,glp1r,lower
66,19.0,187.89473684210526,3570.0,B489_ARC_xxx_slice2-Ort.czi,old,glp1r,lower
67,158.0,240.5379746835443,38005.0,B489_ARC_xxx_slice2-Ort.czi,old,glp1r,lower
68,53.0,183.11320754716982,9705.0,B489_ARC_xxx_slice2-Ort.czi,old,glp1r,lower
69,1.0,117.0,117.0,B489_ARC_xxx_slice2-Ort.czi,old,glp1r,lower
70,87.0,224.70114942528735,19549.0,B489_ARC_xxx_slice2-Ort.czi,old,glp1r,lower
71,7.0,255.0,1785.0,B489_ARC_xxx_slice2-Ort.czi,old,glp1r,lower
72,867.0,218.0472895040369,189047.0,B489_ARC_xxx_slice2-Ort.czi,old,glp1r,lower
73,130.0,220.52307692307693,28668.0,B489_ARC_xxx_slice2-Ort.czi,old,glp1r,lower
74,54.0,203.6851851851852,10999.0,B489_ARC_xxx_slice2-Ort.czi,old,glp1r,lower
75,103.0,203.89320388349515,21001.0,B489_ARC_xxx_slice2-Ort.czi,old,glp1r,lower
76,111.0,185.1081081081081,20547.0,B489_ARC_xxx_slice2-Ort.czi,old,glp1r,lower
77,36.0,168.97222222222223,6083.0,B489_ARC_xxx_slice2-Ort.czi,old,glp1r,lower
78,369.0,234.8970189701897,86677.0,B489_ARC_xxx_slice2-Ort.czi,old,glp1r,lower
79,19.0,211.10526315789474,4011.0,B489_ARC_xxx_slice2-Ort.czi,old,glp1r,lower
80,95.0,204.67368421052632,19444.0,B489_ARC_xxx_slice2-Ort.czi,old,glp1r,lower
81,11.0,131.45454545454547,1446.0000000000002,B489_ARC_xxx_slice2-Ort.czi,old,glp1r,lower
82,150.0,236.80666666666667,35521.0,B489_ARC_xxx_slice2-Ort.czi,old,glp1r,lower
83,33.0,227.84848484848484,7519.0,B489_ARC_xxx_slice2-Ort.czi,old,glp1r,lower
84,106.0,202.06603773584905,21419.0,B489_ARC_xxx_slice2-Ort.czi,old,glp1r,lower
85,172.0,218.73837209302326,37623.0,B489_ARC_xxx_slice2-Ort.czi,old,glp1r,lower
86,34.0,198.05882352941177,6734.0,B489_ARC_xxx_slice2-Ort.czi,old,glp1r,lower
87,41.0,188.8780487804878,7744.0,B489_ARC_xxx_slice2-Ort.czi,old,glp1r,lower
88,607.0,219.3673805601318,133156.0,B489_ARC_xxx_slice2-Ort.czi,old,glp1r,lower
89,532.0,241.87781954887217,128679.0,B489_ARC_xxx_slice2-Ort.czi,old,glp1r,lower
90,34.0,233.73529411764707,7947.0,B489_ARC_xxx_slice2-Ort.czi,old,glp1r,lower
91,7.0,185.0,1295.0,B489_ARC_xxx_slice2-Ort.czi,old,glp1r,lower
92,9.0,224.33333333333334,2019.0,B489_ARC_xxx_slice2-Ort.czi,old,glp1r,lower
93,94.0,206.0744680851064,19371.0,B489_ARC_xxx_slice2-Ort.czi,old,glp1r,lower
94,268.0,239.5634328358209,64203.0,B489_ARC_xxx_slice2-Ort.czi,old,glp1r,lower
95,129.0,210.89147286821705,27205.0,B489_ARC_xxx_slice2-Ort.czi,old,glp1r,lower
96,104.0,219.84615384615384,22864.0,B489_ARC_xxx_slice2-Ort.czi,old,glp1r,lower
97,55.0,188.9090909090909,10390.0,B489_ARC_xxx_slice2-Ort.czi,old,glp1r,lower
98,951.0,220.53207150368033,209726.0,B489_ARC_xxx_slice2-Ort.czi,old,glp1r,lower
99,99.0,175.6060606060606,17385.0,B489_ARC_xxx_slice2-Ort.czi,old,glp1r,lower
100,121.0,231.4214876033058,28002.0,B489_ARC_xxx_slice2-Ort.czi,old,glp1r,lower
101,25.0,158.08,3952.0000000000005,B489_ARC_xxx_slice2-Ort.czi,old,glp1r,lower
102,168.0,231.20238095238096,38842.0,B489_ARC_xxx_slice2-Ort.czi,old,glp1r,lower
103,285.0,209.75438596491227,59780.0,B489_ARC_xxx_slice2-Ort.czi,old,glp1r,lower
104,81.0,214.97530864197532,17413.0,B489_ARC_xxx_slice2-Ort.czi,old,glp1r,lower
105,13.0,198.3846153846154,2579.0,B489_ARC_xxx_slice2-Ort.czi,old,glp1r,lower
106,131.0,213.34351145038167,27948.0,B489_ARC_xxx_slice2-Ort.czi,old,glp1r,lower
107,106.0,229.49056603773585,24326.0,B489_ARC_xxx_slice2-Ort.czi,old,glp1r,lower
108,102.0,217.0,22134.0,B489_ARC_xxx_slice2-Ort.czi,old,glp1r,lower
109,167.0,222.88023952095807,37221.0,B489_ARC_xxx_slice2-Ort.czi,old,glp1r,lower
110,67.0,239.47761194029852,16045.0,B489_ARC_xxx_slice2-Ort.czi,old,glp1r,lower
111,22.0,174.9090909090909,3848.0,B489_ARC_xxx_slice2-Ort.czi,old,glp1r,lower
112,23.0,197.43478260869566,4541.0,B489_ARC_xxx_slice2-Ort.czi,old,glp1r,lower
113,136.0,195.4485294117647,26581.0,B489_ARC_xxx_slice2-Ort.czi,old,glp1r,lower
114,44.0,174.5681818181818,7681.0,B489_ARC_xxx_slice2-Ort.czi,old,glp1r,lower
115,89.0,232.32584269662922,20677.0,B489_ARC_xxx_slice2-Ort.czi,old,glp1r,lower
116,106.0,223.39622641509433,23680.0,B489_ARC_xxx_slice2-Ort.czi,old,glp1r,lower
117,126.0,233.86507936507937,29467.0,B489_ARC_xxx_slice2-Ort.czi,old,glp1r,lower
118,111.0,220.55855855855856,24482.0,B489_ARC_xxx_slice2-Ort.czi,old,glp1r,lower
119,145.0,236.84137931034482,34342.0,B489_ARC_xxx_slice2-Ort.czi,old,glp1r,lower
120,82.0,226.08536585365854,18539.0,B489_ARC_xxx_slice2-Ort.czi,old,glp1r,lower
121,119.0,238.08403361344537,28332.0,B489_ARC_xxx_slice2-Ort.czi,old,glp1r,lower
122,45.0,204.66666666666666,9210.0,B489_ARC_xxx_slice2-Ort.czi,old,glp1r,lower
123,139.0,213.1294964028777,29625.0,B489_ARC_xxx_slice2-Ort.czi,old,glp1r,lower
124,62.0,232.03225806451613,14386.0,B489_ARC_xxx_slice2-Ort.czi,old,glp1r,lower
125,26.0,140.46153846153845,3652.0,B489_ARC_xxx_slice2-Ort.czi,old,glp1r,lower
126,24.0,242.04166666666666,5809.0,B489_ARC_xxx_slice2-Ort.czi,old,glp1r,lower
127,787.0,235.6327827191868,185443.0,B489_ARC_xxx_slice2-Ort.czi,old,glp1r,lower
128,205.0,202.09756097560975,41430.0,B489_ARC_xxx_slice2-Ort.czi,old,glp1r,lower
129,123.0,191.6178861788618,23569.0,B489_ARC_xxx_slice2-Ort.czi,old,glp1r,lower
130,237.0,237.41772151898735,56268.0,B489_ARC_xxx_slice2-Ort.czi,old,glp1r,lower
131,175.0,240.58285714285714,42102.0,B489_ARC_xxx_slice2-Ort.czi,old,glp1r,lower
132,80.0,178.35,14268.0,B489_ARC_xxx_slice2-Ort.czi,old,glp1r,lower
133,180.0,225.07777777777778,40514.0,B489_ARC_xxx_slice2-Ort.czi,old,glp1r,lower
134,145.0,224.4344827586207,32543.000000000004,B489_ARC_xxx_slice2-Ort.czi,old,glp1r,lower
135,269.0,223.54646840148698,60134.0,B489_ARC_xxx_slice2-Ort.czi,old,glp1r,lower
136,164.0,240.3658536585366,39420.0,B489_ARC_xxx_slice2-Ort.czi,old,glp1r,lower
137,10.0,160.6,1606.0,B489_ARC_xxx_slice2-Ort.czi,old,glp1r,lower
138,1154.0,225.79722703639516,260570.0,B489_ARC_xxx_slice2-Ort.czi,old,glp1r,lower
139,209.0,223.13875598086125,46636.0,B489_ARC_xxx_slice2-Ort.czi,old,glp1r,lower
140,123.0,230.03252032520325,28294.0,B489_ARC_xxx_slice2-Ort.czi,old,glp1r,lower
141,128.0,231.078125,29578.0,B489_ARC_xxx_slice2-Ort.czi,old,glp1r,lower
142,19.0,188.78947368421052,3587.0,B489_ARC_xxx_slice2-Ort.czi,old,glp1r,lower
143,116.0,240.79310344827587,27932.0,B489_ARC_xxx_slice2-Ort.czi,old,glp1r,lower
144,495.0,235.53333333333333,116589.0,B489_ARC_xxx_slice2-Ort.czi,old,glp1r,lower
145,94.0,237.67021276595744,22341.0,B489_ARC_xxx_slice2-Ort.czi,old,glp1r,lower
146,30.0,146.86666666666667,4406.0,B489_ARC_xxx_slice2-Ort.czi,old,glp1r,lower
1,99.0,20.939393939393938,2073.0,B482_ARC _B3_slice6-Ort.czi,old,glp1r,lower
2,18.0,15.444444444444445,278.0,B482_ARC _B3_slice6-Ort.czi,old,glp1r,lower
3,117.0,15.923076923076923,1863.0,B482_ARC _B3_slice6-Ort.czi,old,glp1r,lower
4,56.0,20.0,1120.0,B482_ARC _B3_slice6-Ort.czi,old,glp1r,lower
5,63.0,16.285714285714285,1026.0,B482_ARC _B3_slice6-Ort.czi,old,glp1r,lower
6,51.0,15.313725490196079,781.0,B482_ARC _B3_slice6-Ort.czi,old,glp1r,lower
7,48.0,18.104166666666668,869.0,B482_ARC _B3_slice6-Ort.czi,old,glp1r,lower
8,62.0,14.112903225806452,875.0,B482_ARC _B3_slice6-Ort.czi,old,glp1r,lower
9,189.0,16.761904761904763,3168.0,B482_ARC _B3_slice6-Ort.czi,old,glp1r,lower
10,31.0,14.096774193548388,437.0,B482_ARC _B3_slice6-Ort.czi,old,glp1r,lower
11,118.0,15.805084745762711,1865.0,B482_ARC _B3_slice6-Ort.czi,old,glp1r,lower
12,4.0,15.0,60.0,B482_ARC _B3_slice6-Ort.czi,old,glp1r,lower
13,154.0,17.681818181818183,2723.0000000000005,B482_ARC _B3_slice6-Ort.czi,old,glp1r,lower
14,70.0,18.02857142857143,1262.0,B482_ARC _B3_slice6-Ort.czi,old,glp1r,lower
15,4.0,16.25,65.0,B482_ARC _B3_slice6-Ort.czi,old,glp1r,lower
16,17.0,11.764705882352942,200.0,B482_ARC _B3_slice6-Ort.czi,old,glp1r,lower
17,10.0,17.5,175.0,B482_ARC _B3_slice6-Ort.czi,old,glp1r,lower
18,351.0,19.216524216524217,6745.0,B482_ARC _B3_slice6-Ort.czi,old,glp1r,lower
19,73.0,14.808219178082192,1081.0,B482_ARC _B3_slice6-Ort.czi,old,glp1r,lower
20,50.0,15.84,792.0,B482_ARC _B3_slice6-Ort.czi,old,glp1r,lower
21,36.0,16.444444444444443,592.0,B482_ARC _B3_slice6-Ort.czi,old,glp1r,lower
22,102.0,15.088235294117647,1539.0,B482_ARC _B3_slice6-Ort.czi,old,glp1r,lower
23,100.0,17.83,1782.9999999999998,B482_ARC _B3_slice6-Ort.czi,old,glp1r,lower
24,113.0,16.04424778761062,1813.0,B482_ARC _B3_slice6-Ort.czi,old,glp1r,lower
25,109.0,15.752293577981652,1717.0,B482_ARC _B3_slice6-Ort.czi,old,glp1r,lower
26,31.0,16.677419354838708,517.0,B482_ARC _B3_slice6-Ort.czi,old,glp1r,lower
27,193.0,21.041450777202073,4061.0,B482_ARC _B3_slice6-Ort.czi,old,glp1r,lower
28,128.0,21.75,2784.0,B482_ARC _B3_slice6-Ort.czi,old,glp1r,lower
29,48.0,17.5625,843.0,B482_ARC _B3_slice6-Ort.czi,old,glp1r,lower
30,18.0,13.722222222222221,247.0,B482_ARC _B3_slice6-Ort.czi,old,glp1r,lower
31,16.0,13.0,208.0,B482_ARC _B3_slice6-Ort.czi,old,glp1r,lower
32,7.0,12.714285714285714,89.0,B482_ARC _B3_slice6-Ort.czi,old,glp1r,lower
33,32.0,15.75,504.0,B482_ARC _B3_slice6-Ort.czi,old,glp1r,lower
34,42.0,17.5,735.0,B482_ARC _B3_slice6-Ort.czi,old,glp1r,lower
35,41.0,17.78048780487805,729.0,B482_ARC _B3_slice6-Ort.czi,old,glp1r,lower
36,65.0,20.953846153846154,1362.0,B482_ARC _B3_slice6-Ort.czi,old,glp1r,lower
37,31.0,16.387096774193548,508.0,B482_ARC _B3_slice6-Ort.czi,old,glp1r,lower
38,57.0,17.42105263157895,993.0000000000001,B482_ARC _B3_slice6-Ort.czi,old,glp1r,lower
39,346.0,17.38150289017341,6014.0,B482_ARC _B3_slice6-Ort.czi,old,glp1r,lower
40,1.0,12.0,12.0,B482_ARC _B3_slice6-Ort.czi,old,glp1r,lower
41,30.0,17.533333333333335,526.0,B482_ARC _B3_slice6-Ort.czi,old,glp1r,lower
42,110.0,21.763636363636362,2394.0,B482_ARC _B3_slice6-Ort.czi,old,glp1r,lower
43,27.0,13.592592592592593,367.0,B482_ARC _B3_slice6-Ort.czi,old,glp1r,lower
44,10.0,14.7,147.0,B482_ARC _B3_slice6-Ort.czi,old,glp1r,lower
45,19.0,25.42105263157895,483.0,B482_ARC _B3_slice6-Ort.czi,old,glp1r,lower
46,17.0,13.294117647058824,226.0,B482_ARC _B3_slice6-Ort.czi,old,glp1r,lower
47,34.0,15.529411764705882,528.0,B482_ARC _B3_slice6-Ort.czi,old,glp1r,lower
48,8.0,12.375,99.0,B482_ARC _B3_slice6-Ort.czi,old,glp1r,lower
49,147.0,18.632653061224488,2738.9999999999995,B482_ARC _B3_slice6-Ort.czi,old,glp1r,lower
50,87.0,23.701149425287355,2062.0,B482_ARC _B3_slice6-Ort.czi,old,glp1r,lower
51,49.0,14.571428571428571,714.0,B482_ARC _B3_slice6-Ort.czi,old,glp1r,lower
52,93.0,15.688172043010752,1459.0,B482_ARC _B3_slice6-Ort.czi,old,glp1r,lower
53,31.0,16.93548387096774,525.0,B482_ARC _B3_slice6-Ort.czi,old,glp1r,lower
54,44.0,15.886363636363637,699.0,B482_ARC _B3_slice6-Ort.czi,old,glp1r,lower
55,53.0,13.830188679245284,733.0,B482_ARC _B3_slice6-Ort.czi,old,glp1r,lower
56,3.0,10.666666666666666,32.0,B482_ARC _B3_slice6-Ort.czi,old,glp1r,lower
57,2.0,10.0,20.0,B482_ARC _B3_slice6-Ort.czi,old,glp1r,lower
58,7.0,23.571428571428573,165.0,B482_ARC _B3_slice6-Ort.czi,old,glp1r,lower
59,28.0,14.571428571428571,408.0,B482_ARC _B3_slice6-Ort.czi,old,glp1r,lower
60,52.0,17.53846153846154,912.0000000000001,B482_ARC _B3_slice6-Ort.czi,old,glp1r,lower
61,45.0,15.355555555555556,691.0,B482_ARC _B3_slice6-Ort.czi,old,glp1r,lower
62,78.0,17.82051282051282,1390.0,B482_ARC _B3_slice6-Ort.czi,old,glp1r,lower
63,65.0,16.353846153846153,1063.0,B482_ARC _B3_slice6-Ort.czi,old,glp1r,lower
64,24.0,15.666666666666666,376.0,B482_ARC _B3_slice6-Ort.czi,old,glp1r,lower
65,58.0,18.517241379310345,1074.0,B482_ARC _B3_slice6-Ort.czi,old,glp1r,lower
66,70.0,14.485714285714286,1014.0,B482_ARC _B3_slice6-Ort.czi,old,glp1r,lower
67,14.0,15.785714285714286,221.0,B482_ARC _B3_slice6-Ort.czi,old,glp1r,lower
68,50.0,24.22,1211.0,B482_ARC _B3_slice6-Ort.czi,old,glp1r,lower
69,4921.0,13.996342206868523,68876.0,B482_ARC _B3_slice6-Ort.czi,old,glp1r,lower
70,40.0,16.025,641.0,B482_ARC _B3_slice6-Ort.czi,old,glp1r,lower
71,40.0,18.025,721.0,B482_ARC _B3_slice6-Ort.czi,old,glp1r,lower
72,35.0,13.057142857142857,457.0,B482_ARC _B3_slice6-Ort.czi,old,glp1r,lower
73,62.0,14.53225806451613,901.0,B482_ARC _B3_slice6-Ort.czi,old,glp1r,lower
74,67.0,15.537313432835822,1041.0,B482_ARC _B3_slice6-Ort.czi,old,glp1r,lower
75,33.0,14.969696969696969,494.0,B482_ARC _B3_slice6-Ort.czi,old,glp1r,lower
76,105.0,18.81904761904762,1976.0,B482_ARC _B3_slice6-Ort.czi,old,glp1r,lower
77,13.0,27.0,351.0,B482_ARC _B3_slice6-Ort.czi,old,glp1r,lower
78,12.0,25.666666666666668,308.0,B482_ARC _B3_slice6-Ort.czi,old,glp1r,lower
79,1.0,17.0,17.0,B482_ARC _B3_slice6-Ort.czi,old,glp1r,lower
80,1.0,13.0,13.0,B482_ARC _B3_slice6-Ort.czi,old,glp1r,lower
81,72.0,18.25,1314.0,B482_ARC _B3_slice6-Ort.czi,old,glp1r,lower
82,397.0,13.105793450881611,5203.0,B482_ARC _B3_slice6-Ort.czi,old,glp1r,lower
83,22.0,14.545454545454545,320.0,B482_ARC _B3_slice6-Ort.czi,old,glp1r,lower
84,32.0,14.28125,457.0,B482_ARC _B3_slice6-Ort.czi,old,glp1r,lower
85,11.0,14.818181818181818,163.0,B482_ARC _B3_slice6-Ort.czi,old,glp1r,lower
86,19.0,13.578947368421053,258.0,B482_ARC _B3_slice6-Ort.czi,old,glp1r,lower
87,45.0,17.4,782.9999999999999,B482_ARC _B3_slice6-Ort.czi,old,glp1r,lower
88,179.0,13.675977653631286,2448.0,B482_ARC _B3_slice6-Ort.czi,old,glp1r,lower
89,52.0,18.23076923076923,948.0,B482_ARC _B3_slice6-Ort.czi,old,glp1r,lower
90,130.0,17.03076923076923,2214.0,B482_ARC _B3_slice6-Ort.czi,old,glp1r,lower
91,22.0,19.636363636363637,432.0,B482_ARC _B3_slice6-Ort.czi,old,glp1r,lower
92,1.0,11.0,11.0,B482_ARC _B3_slice6-Ort.czi,old,glp1r,lower
93,191.0,18.25130890052356,3486.0,B482_ARC _B3_slice6-Ort.czi,old,glp1r,lower
94,75.0,16.866666666666667,1265.0,B482_ARC _B3_slice6-Ort.czi,old,glp1r,lower
95,53.0,22.452830188679247,1190.0,B482_ARC _B3_slice6-Ort.czi,old,glp1r,lower
96,316.0,14.370253164556962,4541.0,B482_ARC _B3_slice6-Ort.czi,old,glp1r,lower
97,103.0,20.485436893203882,2110.0,B482_ARC _B3_slice6-Ort.czi,old,glp1r,lower
98,66.0,16.0,1056.0,B482_ARC _B3_slice6-Ort.czi,old,glp1r,lower
99,50.0,17.62,881.0,B482_ARC _B3_slice6-Ort.czi,old,glp1r,lower
100,36.0,18.38888888888889,662.0,B482_ARC _B3_slice6-Ort.czi,old,glp1r,lower
101,118.0,17.93220338983051,2116.0,B482_ARC _B3_slice6-Ort.czi,old,glp1r,lower
102,42.0,16.785714285714285,705.0,B482_ARC _B3_slice6-Ort.czi,old,glp1r,lower
103,2864.0,14.36731843575419,41148.0,B482_ARC _B3_slice6-Ort.czi,old,glp1r,lower
104,37.0,15.054054054054054,557.0,B482_ARC _B3_slice6-Ort.czi,old,glp1r,lower
105,28.0,17.678571428571427,494.99999999999994,B482_ARC _B3_slice6-Ort.czi,old,glp1r,lower
106,41.0,22.390243902439025,918.0,B482_ARC _B3_slice6-Ort.czi,old,glp1r,lower
107,86.0,15.151162790697674,1303.0,B482_ARC _B3_slice6-Ort.czi,old,glp1r,lower
108,58.0,17.43103448275862,1010.9999999999999,B482_ARC _B3_slice6-Ort.czi,old,glp1r,lower
109,61.0,16.721311475409838,1020.0000000000001,B482_ARC _B3_slice6-Ort.czi,old,glp1r,lower
110,16.0,21.5,344.0,B482_ARC _B3_slice6-Ort.czi,old,glp1r,lower
111,145.0,14.096551724137932,2044.0,B482_ARC _B3_slice6-Ort.czi,old,glp1r,lower
112,190.0,17.44736842105263,3314.9999999999995,B482_ARC _B3_slice6-Ort.czi,old,glp1r,lower
113,28.0,24.428571428571427,684.0,B482_ARC _B3_slice6-Ort.czi,old,glp1r,lower
114,55.0,12.49090909090909,687.0,B482_ARC _B3_slice6-Ort.czi,old,glp1r,lower
115,3.0,17.666666666666668,53.0,B482_ARC _B3_slice6-Ort.czi,old,glp1r,lower
116,32.0,15.71875,503.0,B482_ARC _B3_slice6-Ort.czi,old,glp1r,lower
117,4.0,15.0,60.0,B482_ARC _B3_slice6-Ort.czi,old,glp1r,lower
118,13.0,18.923076923076923,246.0,B482_ARC _B3_slice6-Ort.czi,old,glp1r,lower
119,46.0,20.52173913043478,944.0,B482_ARC _B3_slice6-Ort.czi,old,glp1r,lower
120,89.0,16.696629213483146,1486.0,B482_ARC _B3_slice6-Ort.czi,old,glp1r,lower
121,51.0,17.764705882352942,906.0,B482_ARC _B3_slice6-Ort.czi,old,glp1r,lower
122,35.0,15.685714285714285,549.0,B482_ARC _B3_slice6-Ort.czi,old,glp1r,lower
123,219.0,17.041095890410958,3731.9999999999995,B482_ARC _B3_slice6-Ort.czi,old,glp1r,lower
124,16.0,17.125,274.0,B482_ARC _B3_slice6-Ort.czi,old,glp1r,lower
125,225.0,16.43111111111111,3697.0,B482_ARC _B3_slice6-Ort.czi,old,glp1r,lower
126,91.0,18.978021978021978,1727.0,B482_ARC _B3_slice6-Ort.czi,old,glp1r,lower
127,77.0,16.51948051948052,1272.0,B482_ARC _B3_slice6-Ort.czi,old,glp1r,lower
128,82.0,16.634146341463413,1364.0,B482_ARC _B3_slice6-Ort.czi,old,glp1r,lower
129,248.0,29.60483870967742,7342.0,B482_ARC _B3_slice6-Ort.czi,old,glp1r,lower
130,3.0,12.666666666666666,38.0,B482_ARC _B3_slice6-Ort.czi,old,glp1r,lower
131,103.0,17.233009708737864,1775.0,B482_ARC _B3_slice6-Ort.czi,old,glp1r,lower
132,49.0,17.081632653061224,837.0,B482_ARC _B3_slice6-Ort.czi,old,glp1r,lower
133,3.0,15.0,45.0,B482_ARC _B3_slice6-Ort.czi,old,glp1r,lower
134,12.0,16.25,195.0,B482_ARC _B3_slice6-Ort.czi,old,glp1r,lower
135,30.0,17.6,528.0,B482_ARC _B3_slice6-Ort.czi,old,glp1r,lower
136,24.0,17.875,429.0,B482_ARC _B3_slice6-Ort.czi,old,glp1r,lower
137,21.0,16.0,336.0,B482_ARC _B3_slice6-Ort.czi,old,glp1r,lower
138,6.0,21.5,129.0,B482_ARC _B3_slice6-Ort.czi,old,glp1r,lower
139,29.0,18.655172413793103,541.0,B482_ARC _B3_slice6-Ort.czi,old,glp1r,lower
140,35.0,21.114285714285714,739.0,B482_ARC _B3_slice6-Ort.czi,old,glp1r,lower
141,1.0,12.0,12.0,B482_ARC _B3_slice6-Ort.czi,old,glp1r,lower
142,7.0,12.857142857142858,90.0,B482_ARC _B3_slice6-Ort.czi,old,glp1r,lower
143,273.0,14.622710622710622,3992.0,B482_ARC _B3_slice6-Ort.czi,old,glp1r,lower
144,43.0,17.046511627906977,733.0,B482_ARC _B3_slice6-Ort.czi,old,glp1r,lower
145,12.0,17.916666666666668,215.0,B482_ARC _B3_slice6-Ort.czi,old,glp1r,lower
146,162.0,16.69753086419753,2705.0,B482_ARC _B3_slice6-Ort.czi,old,glp1r,lower
147,51.0,11.843137254901961,604.0,B482_ARC _B3_slice6-Ort.czi,old,glp1r,lower
148,16.0,20.3125,325.0,B482_ARC _B3_slice6-Ort.czi,old,glp1r,lower
149,40.0,14.85,594.0,B482_ARC _B3_slice6-Ort.czi,old,glp1r,lower
150,24.0,16.166666666666668,388.0,B482_ARC _B3_slice6-Ort.czi,old,glp1r,lower
151,61.0,16.16393442622951,986.0000000000001,B482_ARC _B3_slice6-Ort.czi,old,glp1r,lower
152,69.0,16.492753623188406,1138.0,B482_ARC _B3_slice6-Ort.czi,old,glp1r,lower
153,47.0,34.12765957446808,1604.0,B482_ARC _B3_slice6-Ort.czi,old,glp1r,lower
154,52.0,17.115384615384617,890.0000000000001,B482_ARC _B3_slice6-Ort.czi,old,glp1r,lower
155,163.0,12.153374233128835,1981.0,B482_ARC _B3_slice6-Ort.czi,old,glp1r,lower
156,7.0,17.571428571428573,123.00000000000001,B482_ARC _B3_slice6-Ort.czi,old,glp1r,lower
157,1337.0,14.218399401645476,19010.0,B482_ARC _B3_slice6-Ort.czi,old,glp1r,lower
158,2.0,11.5,23.0,B482_ARC _B3_slice6-Ort.czi,old,glp1r,lower
159,99.0,16.11111111111111,1595.0,B482_ARC _B3_slice6-Ort.czi,old,glp1r,lower
160,67.0,16.37313432835821,1097.0,B482_ARC _B3_slice6-Ort.czi,old,glp1r,lower
161,1.0,8.0,8.0,B482_ARC _B3_slice6-Ort.czi,old,glp1r,lower
162,83.0,32.06024096385542,2661.0,B482_ARC _B3_slice6-Ort.czi,old,glp1r,lower
163,219.0,14.972602739726028,3279.0,B482_ARC _B3_slice6-Ort.czi,old,glp1r,lower
164,84.0,24.13095238095238,2027.0,B482_ARC _B3_slice6-Ort.czi,old,glp1r,lower
165,270.0,17.814814814814813,4809.999999999999,B482_ARC _B3_slice6-Ort.czi,old,glp1r,lower
166,180.0,37.21666666666667,6699.0,B482_ARC _B3_slice6-Ort.czi,old,glp1r,lower
167,26.0,18.0,468.0,B482_ARC _B3_slice6-Ort.czi,old,glp1r,lower
168,56.0,12.482142857142858,699.0,B482_ARC _B3_slice6-Ort.czi,old,glp1r,lower
169,106.0,16.50943396226415,1750.0,B482_ARC _B3_slice6-Ort.czi,old,glp1r,lower
170,160.0,35.06875,5611.0,B482_ARC _B3_slice6-Ort.czi,old,glp1r,lower
171,3.0,8.0,24.0,B482_ARC _B3_slice6-Ort.czi,old,glp1r,lower
172,44.0,15.340909090909092,675.0,B482_ARC _B3_slice6-Ort.czi,old,glp1r,lower
173,35.0,12.971428571428572,454.0,B482_ARC _B3_slice6-Ort.czi,old,glp1r,lower
174,11.0,11.454545454545455,126.0,B482_ARC _B3_slice6-Ort.czi,old,glp1r,lower
175,53.0,17.547169811320753,929.9999999999999,B482_ARC _B3_slice6-Ort.czi,old,glp1r,lower
176,32.0,16.03125,513.0,B482_ARC _B3_slice6-Ort.czi,old,glp1r,lower
177,4.0,14.75,59.0,B482_ARC _B3_slice6-Ort.czi,old,glp1r,lower
178,53.0,16.433962264150942,870.9999999999999,B482_ARC _B3_slice6-Ort.czi,old,glp1r,lower
179,47.0,14.914893617021276,701.0,B482_ARC _B3_slice6-Ort.czi,old,glp1r,lower
180,75.0,21.733333333333334,1630.0,B482_ARC _B3_slice6-Ort.czi,old,glp1r,lower
181,198.0,16.95959595959596,3358.0,B482_ARC _B3_slice6-Ort.czi,old,glp1r,lower
182,77.0,14.051948051948052,1082.0,B482_ARC _B3_slice6-Ort.czi,old,glp1r,lower
183,1.0,9.0,9.0,B482_ARC _B3_slice6-Ort.czi,old,glp1r,lower
184,43.0,15.418604651162791,663.0,B482_ARC _B3_slice6-Ort.czi,old,glp1r,lower
185,107.0,14.542056074766355,1556.0,B482_ARC _B3_slice6-Ort.czi,old,glp1r,lower
186,87.0,15.74712643678161,1370.0,B482_ARC _B3_slice6-Ort.czi,old,glp1r,lower
187,121.0,19.876033057851238,2405.0,B482_ARC _B3_slice6-Ort.czi,old,glp1r,lower
188,24.0,18.541666666666668,445.0,B482_ARC _B3_slice6-Ort.czi,old,glp1r,lower
189,10.0,12.3,123.0,B482_ARC _B3_slice6-Ort.czi,old,glp1r,lower
190,27.0,14.62962962962963,395.0,B482_ARC _B3_slice6-Ort.czi,old,glp1r,lower
191,217.0,18.92626728110599,4107.0,B482_ARC _B3_slice6-Ort.czi,old,glp1r,lower
192,94.0,15.106382978723405,1420.0,B482_ARC _B3_slice6-Ort.czi,old,glp1r,lower
193,42.0,18.261904761904763,767.0,B482_ARC _B3_slice6-Ort.czi,old,glp1r,lower
194,84.0,14.904761904761905,1252.0,B482_ARC _B3_slice6-Ort.czi,old,glp1r,lower
195,1.0,7.0,7.0,B482_ARC _B3_slice6-Ort.czi,old,glp1r,lower
196,7.0,18.857142857142858,132.0,B482_ARC _B3_slice6-Ort.czi,old,glp1r,lower
197,16.0,19.125,306.0,B482_ARC _B3_slice6-Ort.czi,old,glp1r,lower
198,20.0,13.95,279.0,B482_ARC _B3_slice6-Ort.czi,old,glp1r,lower
199,134.0,17.492537313432837,2344.0,B482_ARC _B3_slice6-Ort.czi,old,glp1r,lower
200,1.0,11.0,11.0,B482_ARC _B3_slice6-Ort.czi,old,glp1r,lower
201,176.0,49.53977272727273,8719.0,B482_ARC _B3_slice6-Ort.czi,old,glp1r,lower
202,45.0,16.644444444444446,749.0,B482_ARC _B3_slice6-Ort.czi,old,glp1r,lower
203,61.0,20.540983606557376,1253.0,B482_ARC _B3_slice6-Ort.czi,old,glp1r,lower
204,586.0,14.43174061433447,8457.0,B482_ARC _B3_slice6-Ort.czi,old,glp1r,lower
205,61.0,14.37704918032787,877.0,B482_ARC _B3_slice6-Ort.czi,old,glp1r,lower
206,19.0,19.42105263157895,369.0,B482_ARC _B3_slice6-Ort.czi,old,glp1r,lower
207,8.0,43.0,344.0,B482_ARC _B3_slice6-Ort.czi,old,glp1r,lower
208,93.0,15.150537634408602,1409.0,B482_ARC _B3_slice6-Ort.czi,old,glp1r,lower
209,13.0,19.307692307692307,251.0,B482_ARC _B3_slice6-Ort.czi,old,glp1r,lower
210,132.0,12.545454545454545,1656.0,B482_ARC _B3_slice6-Ort.czi,old,glp1r,lower
211,19.0,13.789473684210526,262.0,B482_ARC _B3_slice6-Ort.czi,old,glp1r,lower
212,26.0,30.423076923076923,791.0,B482_ARC _B3_slice6-Ort.czi,old,glp1r,lower
213,41.0,20.78048780487805,852.0,B482_ARC _B3_slice6-Ort.czi,old,glp1r,lower
214,71.0,16.901408450704224,1200.0,B482_ARC _B3_slice6-Ort.czi,old,glp1r,lower
215,4.0,21.0,84.0,B482_ARC _B3_slice6-Ort.czi,old,glp1r,lower
216,49.0,18.408163265306122,902.0,B482_ARC _B3_slice6-Ort.czi,old,glp1r,lower
217,48.0,17.229166666666668,827.0,B482_ARC _B3_slice6-Ort.czi,old,glp1r,lower
218,30.0,17.366666666666667,521.0,B482_ARC _B3_slice6-Ort.czi,old,glp1r,lower
219,26.0,18.26923076923077,475.0,B482_ARC _B3_slice6-Ort.czi,old,glp1r,lower
220,211.0,29.786729857819907,6285.0,B482_ARC _B3_slice6-Ort.czi,old,glp1r,lower
221,45.0,17.22222222222222,775.0,B482_ARC _B3_slice6-Ort.czi,old,glp1r,lower
222,88.0,22.102272727272727,1945.0,B482_ARC _B3_slice6-Ort.czi,old,glp1r,lower
223,81.0,15.098765432098766,1223.0,B482_ARC _B3_slice6-Ort.czi,old,glp1r,lower
224,26.0,17.73076923076923,461.0,B482_ARC _B3_slice6-Ort.czi,old,glp1r,lower
225,67.0,14.0,938.0,B482_ARC _B3_slice6-Ort.czi,old,glp1r,lower
226,71.0,13.943661971830986,990.0,B482_ARC _B3_slice6-Ort.czi,old,glp1r,lower
227,74.0,15.027027027027026,1112.0,B482_ARC _B3_slice6-Ort.czi,old,glp1r,lower
228,22.0,26.363636363636363,580.0,B482_ARC _B3_slice6-Ort.czi,old,glp1r,lower
229,162.0,27.72222222222222,4491.0,B482_ARC _B3_slice6-Ort.czi,old,glp1r,lower
230,45.0,16.933333333333334,762.0,B482_ARC _B3_slice6-Ort.czi,old,glp1r,lower
231,42.0,14.30952380952381,601.0,B482_ARC _B3_slice6-Ort.czi,old,glp1r,lower
232,823.0,17.30133657351154,14238.999999999998,B482_ARC _B3_slice6-Ort.czi,old,glp1r,lower
233,797.0,13.378920953575909,10663.0,B482_ARC _B3_slice6-Ort.czi,old,glp1r,lower
234,33.0,20.363636363636363,672.0,B482_ARC _B3_slice6-Ort.czi,old,glp1r,lower
235,32.0,14.71875,471.0,B482_ARC _B3_slice6-Ort.czi,old,glp1r,lower
236,12.0,15.583333333333334,187.0,B482_ARC _B3_slice6-Ort.czi,old,glp1r,lower
237,27.0,13.518518518518519,365.0,B482_ARC _B3_slice6-Ort.czi,old,glp1r,lower
238,46.0,15.782608695652174,726.0,B482_ARC _B3_slice6-Ort.czi,old,glp1r,lower
239,41.0,18.195121951219512,746.0,B482_ARC _B3_slice6-Ort.czi,old,glp1r,lower
240,125.0,18.36,2295.0,B482_ARC _B3_slice6-Ort.czi,old,glp1r,lower
241,9.0,14.88888888888889,134.0,B482_ARC _B3_slice6-Ort.czi,old,glp1r,lower
242,254.0,18.3503937007874,4661.0,B482_ARC _B3_slice6-Ort.czi,old,glp1r,lower
243,26.0,19.423076923076923,505.0,B482_ARC _B3_slice6-Ort.czi,old,glp1r,lower
244,59.0,17.016949152542374,1004.0,B482_ARC _B3_slice6-Ort.czi,old,glp1r,lower
245,88.0,19.431818181818183,1710.0000000000002,B482_ARC _B3_slice6-Ort.czi,old,glp1r,lower
246,226.0,16.376106194690266,3701.0,B482_ARC _B3_slice6-Ort.czi,old,glp1r,lower
247,43.0,17.74418604651163,763.0,B482_ARC _B3_slice6-Ort.czi,old,glp1r,lower
248,33.0,14.030303030303031,463.0,B482_ARC _B3_slice6-Ort.czi,old,glp1r,lower
249,1.0,10.0,10.0,B482_ARC _B3_slice6-Ort.czi,old,glp1r,lower
250,81.0,16.08641975308642,1303.0,B482_ARC _B3_slice6-Ort.czi,old,glp1r,lower
251,15.0,29.666666666666668,445.0,B482_ARC _B3_slice6-Ort.czi,old,glp1r,lower
252,129.0,14.364341085271318,1853.0,B482_ARC _B3_slice6-Ort.czi,old,glp1r,lower
253,55.0,19.69090909090909,1083.0,B482_ARC _B3_slice6-Ort.czi,old,glp1r,lower
254,21.0,21.047619047619047,442.0,B482_ARC _B3_slice6-Ort.czi,old,glp1r,lower
255,174.0,15.344827586206897,2670.0,B482_ARC _B3_slice6-Ort.czi,old,glp1r,lower
256,67.0,23.46268656716418,1572.0,B482_ARC _B3_slice6-Ort.czi,old,glp1r,lower
257,18.0,14.277777777777779,257.0,B482_ARC _B3_slice6-Ort.czi,old,glp1r,lower
258,111.0,14.396396396396396,1598.0,B482_ARC _B3_slice6-Ort.czi,old,glp1r,lower
259,73.0,15.356164383561644,1121.0,B482_ARC _B3_slice6-Ort.czi,old,glp1r,lower
260,142.0,25.54225352112676,3627.0,B482_ARC _B3_slice6-Ort.czi,old,glp1r,lower
261,13.0,14.76923076923077,192.0,B482_ARC _B3_slice6-Ort.czi,old,glp1r,lower
262,188.0,14.77659574468085,2778.0,B482_ARC _B3_slice6-Ort.czi,old,glp1r,lower
263,127.0,17.834645669291337,2265.0,B482_ARC _B3_slice6-Ort.czi,old,glp1r,lower
264,73.0,17.616438356164384,1286.0,B482_ARC _B3_slice6-Ort.czi,old,glp1r,lower
265,251.0,20.239043824701195,5080.0,B482_ARC _B3_slice6-Ort.czi,old,glp1r,lower
266,39.0,16.333333333333332,637.0,B482_ARC _B3_slice6-Ort.czi,old,glp1r,lower
267,53.0,22.169811320754718,1175.0,B482_ARC _B3_slice6-Ort.czi,old,glp1r,lower
268,60.0,24.516666666666666,1471.0,B482_ARC _B3_slice6-Ort.czi,old,glp1r,lower
269,60.0,12.1,726.0,B482_ARC _B3_slice6-Ort.czi,old,glp1r,lower
270,140.0,19.235714285714284,2692.9999999999995,B482_ARC _B3_slice6-Ort.czi,old,glp1r,lower
271,214.0,16.635514018691588,3559.9999999999995,B482_ARC _B3_slice6-Ort.czi,old,glp1r,lower
272,113.0,17.654867256637168,1995.0,B482_ARC _B3_slice6-Ort.czi,old,glp1r,lower
273,24.0,13.458333333333334,323.0,B482_ARC _B3_slice6-Ort.czi,old,glp1r,lower
274,28.0,19.0,532.0,B482_ARC _B3_slice6-Ort.czi,old,glp1r,lower
275,187.0,17.315508021390375,3238.0,B482_ARC _B3_slice6-Ort.czi,old,glp1r,lower
276,196.0,18.352040816326532,3597.0000000000005,B482_ARC _B3_slice6-Ort.czi,old,glp1r,lower
277,152.0,16.967105263157894,2579.0,B482_ARC _B3_slice6-Ort.czi,old,glp1r,lower
278,76.0,16.38157894736842,1245.0,B482_ARC _B3_slice6-Ort.czi,old,glp1r,lower
279,16.0,12.0,192.0,B482_ARC _B3_slice6-Ort.czi,old,glp1r,lower
280,65.0,17.984615384615385,1169.0,B482_ARC _B3_slice6-Ort.czi,old,glp1r,lower
281,31.0,18.548387096774192,575.0,B482_ARC _B3_slice6-Ort.czi,old,glp1r,lower
282,725.0,17.219310344827587,12484.0,B482_ARC _B3_slice6-Ort.czi,old,glp1r,lower
283,1.0,12.0,12.0,B482_ARC _B3_slice6-Ort.czi,old,glp1r,lower
284,90.0,25.044444444444444,2254.0,B482_ARC _B3_slice6-Ort.czi,old,glp1r,lower
285,23.0,28.91304347826087,665.0,B482_ARC _B3_slice6-Ort.czi,old,glp1r,lower
286,300.0,15.2,4560.0,B482_ARC _B3_slice6-Ort.czi,old,glp1r,lower
287,83.0,14.0,1162.0,B482_ARC _B3_slice6-Ort.czi,old,glp1r,lower
288,54.0,15.018518518518519,811.0,B482_ARC _B3_slice6-Ort.czi,old,glp1r,lower
289,5.0,13.0,65.0,B482_ARC _B3_slice6-Ort.czi,old,glp1r,lower
290,69.0,14.014492753623188,967.0,B482_ARC _B3_slice6-Ort.czi,old,glp1r,lower
291,16.0,14.625,234.0,B482_ARC _B3_slice6-Ort.czi,old,glp1r,lower
292,7.0,13.857142857142858,97.0,B482_ARC _B3_slice6-Ort.czi,old,glp1r,lower
293,199.0,18.597989949748744,3701.0,B482_ARC _B3_slice6-Ort.czi,old,glp1r,lower
294,92.0,18.380434782608695,1691.0,B482_ARC _B3_slice6-Ort.czi,old,glp1r,lower
295,26.0,28.26923076923077,735.0,B482_ARC _B3_slice6-Ort.czi,old,glp1r,lower
296,64.0,17.109375,1095.0,B482_ARC _B3_slice6-Ort.czi,old,glp1r,lower
297,18.0,16.77777777777778,302.0,B482_ARC _B3_slice6-Ort.czi,old,glp1r,lower
298,154.0,16.558441558441558,2550.0,B482_ARC _B3_slice6-Ort.czi,old,glp1r,lower
299,23.0,22.26086956521739,512.0,B482_ARC _B3_slice6-Ort.czi,old,glp1r,lower
300,11.0,13.363636363636363,147.0,B482_ARC _B3_slice6-Ort.czi,old,glp1r,lower
301,31.0,13.161290322580646,408.0,B482_ARC _B3_slice6-Ort.czi,old,glp1r,lower
302,60.0,14.483333333333333,869.0,B482_ARC _B3_slice6-Ort.czi,old,glp1r,lower
303,60.0,31.916666666666668,1915.0,B482_ARC _B3_slice6-Ort.czi,old,glp1r,lower
304,21.0,17.38095238095238,365.0,B482_ARC _B3_slice6-Ort.czi,old,glp1r,lower
305,14.0,14.5,203.0,B482_ARC _B3_slice6-Ort.czi,old,glp1r,lower
306,18.0,16.333333333333332,294.0,B482_ARC _B3_slice6-Ort.czi,old,glp1r,lower
307,47.0,17.04255319148936,801.0,B482_ARC _B3_slice6-Ort.czi,old,glp1r,lower
308,83.0,15.650602409638553,1299.0,B482_ARC _B3_slice6-Ort.czi,old,glp1r,lower
309,139.0,17.762589928057555,2469.0,B482_ARC _B3_slice6-Ort.czi,old,glp1r,lower
310,9.0,16.444444444444443,148.0,B482_ARC _B3_slice6-Ort.czi,old,glp1r,lower
311,7.0,11.857142857142858,83.0,B482_ARC _B3_slice6-Ort.czi,old,glp1r,lower
312,35.0,17.714285714285715,620.0,B482_ARC _B3_slice6-Ort.czi,old,glp1r,lower
313,88.0,23.488636363636363,2067.0,B482_ARC _B3_slice6-Ort.czi,old,glp1r,lower
314,421.0,18.465558194774346,7773.999999999999,B482_ARC _B3_slice6-Ort.czi,old,glp1r,lower
315,51.0,18.254901960784313,931.0,B482_ARC _B3_slice6-Ort.czi,old,glp1r,lower
316,66.0,13.757575757575758,908.0,B482_ARC _B3_slice6-Ort.czi,old,glp1r,lower
317,23.0,13.608695652173912,313.0,B482_ARC _B3_slice6-Ort.czi,old,glp1r,lower
318,80.0,13.3375,1067.0,B482_ARC _B3_slice6-Ort.czi,old,glp1r,lower
319,56.0,33.910714285714285,1899.0,B482_ARC _B3_slice6-Ort.czi,old,glp1r,lower
320,177.0,14.994350282485875,2654.0,B482_ARC _B3_slice6-Ort.czi,old,glp1r,lower
321,145.0,14.441379310344828,2094.0,B482_ARC _B3_slice6-Ort.czi,old,glp1r,lower
322,196.0,39.005102040816325,7645.0,B482_ARC _B3_slice6-Ort.czi,old,glp1r,lower
323,97.0,14.845360824742269,1440.0,B482_ARC _B3_slice6-Ort.czi,old,glp1r,lower
324,158.0,21.025316455696203,3322.0,B482_ARC _B3_slice6-Ort.czi,old,glp1r,lower
325,12.0,19.5,234.0,B482_ARC _B3_slice6-Ort.czi,old,glp1r,lower
326,29.0,13.068965517241379,379.0,B482_ARC _B3_slice6-Ort.czi,old,glp1r,lower
327,39.0,21.71794871794872,847.0,B482_ARC _B3_slice6-Ort.czi,old,glp1r,lower
328,71.0,14.366197183098592,1020.0,B482_ARC _B3_slice6-Ort.czi,old,glp1r,lower
329,180.0,34.705555555555556,6247.0,B482_ARC _B3_slice6-Ort.czi,old,glp1r,lower
330,41.0,14.268292682926829,585.0,B482_ARC _B3_slice6-Ort.czi,old,glp1r,lower
331,51.0,20.666666666666668,1054.0,B482_ARC _B3_slice6-Ort.czi,old,glp1r,lower
332,1.0,11.0,11.0,B482_ARC _B3_slice6-Ort.czi,old,glp1r,lower
333,39.0,21.256410256410255,829.0,B482_ARC _B3_slice6-Ort.czi,old,glp1r,lower
334,255.0,25.28627450980392,6448.0,B482_ARC _B3_slice6-Ort.czi,old,glp1r,lower
335,61.0,14.508196721311476,885.0,B482_ARC _B3_slice6-Ort.czi,old,glp1r,lower
336,148.0,17.66216216216216,2614.0,B482_ARC _B3_slice6-Ort.czi,old,glp1r,lower
337,11.0,16.727272727272727,184.0,B482_ARC _B3_slice6-Ort.czi,old,glp1r,lower
338,90.0,37.13333333333333,3342.0,B482_ARC _B3_slice6-Ort.czi,old,glp1r,lower
339,31.0,18.451612903225808,572.0,B482_ARC _B3_slice6-Ort.czi,old,glp1r,lower
340,24.0,20.291666666666668,487.0,B482_ARC _B3_slice6-Ort.czi,old,glp1r,lower
341,20.0,26.65,533.0,B482_ARC _B3_slice6-Ort.czi,old,glp1r,lower
342,14.0,24.714285714285715,346.0,B482_ARC _B3_slice6-Ort.czi,old,glp1r,lower
343,55.0,20.036363636363635,1102.0,B482_ARC _B3_slice6-Ort.czi,old,glp1r,lower
344,20.0,13.95,279.0,B482_ARC _B3_slice6-Ort.czi,old,glp1r,lower
345,5.0,18.6,93.0,B482_ARC _B3_slice6-Ort.czi,old,glp1r,lower
346,59.0,16.89830508474576,996.9999999999999,B482_ARC _B3_slice6-Ort.czi,old,glp1r,lower
347,73.0,17.534246575342465,1280.0,B482_ARC _B3_slice6-Ort.czi,old,glp1r,lower
348,82.0,14.841463414634147,1217.0,B482_ARC _B3_slice6-Ort.czi,old,glp1r,lower
349,41.0,16.829268292682926,690.0,B482_ARC _B3_slice6-Ort.czi,old,glp1r,lower
350,137.0,18.014598540145986,2468.0,B482_ARC _B3_slice6-Ort.czi,old,glp1r,lower
351,161.0,20.683229813664596,3330.0,B482_ARC _B3_slice6-Ort.czi,old,glp1r,lower
352,7.0,24.857142857142858,174.0,B482_ARC _B3_slice6-Ort.czi,old,glp1r,lower
353,26.0,18.192307692307693,473.0,B482_ARC _B3_slice6-Ort.czi,old,glp1r,lower
354,19.0,15.578947368421053,296.0,B482_ARC _B3_slice6-Ort.czi,old,glp1r,lower
355,84.0,14.19047619047619,1192.0,B482_ARC _B3_slice6-Ort.czi,old,glp1r,lower
356,78.0,14.320512820512821,1117.0,B482_ARC _B3_slice6-Ort.czi,old,glp1r,lower
357,237.0,15.995780590717299,3791.0,B482_ARC _B3_slice6-Ort.czi,old,glp1r,lower
358,65.0,17.015384615384615,1106.0,B482_ARC _B3_slice6-Ort.czi,old,glp1r,lower
359,44.0,17.931818181818183,789.0000000000001,B482_ARC _B3_slice6-Ort.czi,old,glp1r,lower
360,3.0,9.333333333333334,28.0,B482_ARC _B3_slice6-Ort.czi,old,glp1r,lower
361,15.0,17.733333333333334,266.0,B482_ARC _B3_slice6-Ort.czi,old,glp1r,lower
362,84.0,17.44047619047619,1465.0,B482_ARC _B3_slice6-Ort.czi,old,glp1r,lower
363,60.0,15.616666666666667,937.0,B482_ARC _B3_slice6-Ort.czi,old,glp1r,lower
364,39.0,19.102564102564102,745.0,B482_ARC _B3_slice6-Ort.czi,old,glp1r,lower
365,190.0,22.0,4180.0,B482_ARC _B3_slice6-Ort.czi,old,glp1r,lower
366,139.0,20.841726618705035,2897.0,B482_ARC _B3_slice6-Ort.czi,old,glp1r,lower
367,12.0,11.166666666666666,134.0,B482_ARC _B3_slice6-Ort.czi,old,glp1r,lower
368,38.0,17.210526315789473,654.0,B482_ARC _B3_slice6-Ort.czi,old,glp1r,lower
369,40.0,12.55,502.0,B482_ARC _B3_slice6-Ort.czi,old,glp1r,lower
370,2.0,9.0,18.0,B482_ARC _B3_slice6-Ort.czi,old,glp1r,lower
371,134.0,16.62686567164179,2228.0,B482_ARC _B3_slice6-Ort.czi,old,glp1r,lower
372,64.0,18.171875,1163.0,B482_ARC _B3_slice6-Ort.czi,old,glp1r,lower
373,1.0,14.0,14.0,B482_ARC _B3_slice6-Ort.czi,old,glp1r,lower
374,15.0,17.133333333333333,257.0,B482_ARC _B3_slice6-Ort.czi,old,glp1r,lower
375,70.0,26.057142857142857,1824.0,B482_ARC _B3_slice6-Ort.czi,old,glp1r,lower
376,46.0,18.043478260869566,830.0,B482_ARC _B3_slice6-Ort.czi,old,glp1r,lower
377,10.0,16.0,160.0,B482_ARC _B3_slice6-Ort.czi,old,glp1r,lower
378,5.0,19.6,98.0,B482_ARC _B3_slice6-Ort.czi,old,glp1r,lower
379,19.0,16.68421052631579,317.00000000000006,B482_ARC _B3_slice6-Ort.czi,old,glp1r,lower
380,44.0,23.772727272727273,1046.0,B482_ARC _B3_slice6-Ort.czi,old,glp1r,lower
381,1.0,16.0,16.0,B482_ARC _B3_slice6-Ort.czi,old,glp1r,lower
382,1.0,19.0,19.0,B482_ARC _B3_slice6-Ort.czi,old,glp1r,lower
383,3.0,10.333333333333334,31.0,B482_ARC _B3_slice6-Ort.czi,old,glp1r,lower
384,4.0,19.0,76.0,B482_ARC _B3_slice6-Ort.czi,old,glp1r,lower
385,52.0,24.057692307692307,1251.0,B482_ARC _B3_slice6-Ort.czi,old,glp1r,lower
386,95.0,32.49473684210526,3087.0,B482_ARC _B3_slice6-Ort.czi,old,glp1r,lower
387,17.0,14.529411764705882,247.0,B482_ARC _B3_slice6-Ort.czi,old,glp1r,lower
388,286.0,16.47902097902098,4713.0,B482_ARC _B3_slice6-Ort.czi,old,glp1r,lower
389,68.0,15.882352941176471,1080.0,B482_ARC _B3_slice6-Ort.czi,old,glp1r,lower
390,13.0,16.23076923076923,211.0,B482_ARC _B3_slice6-Ort.czi,old,glp1r,lower
391,49.0,24.79591836734694,1215.0,B482_ARC _B3_slice6-Ort.czi,old,glp1r,lower
392,20.0,14.45,289.0,B482_ARC _B3_slice6-Ort.czi,old,glp1r,lower
393,60.0,14.266666666666667,856.0,B482_ARC _B3_slice6-Ort.czi,old,glp1r,lower
394,19.0,18.94736842105263,360.0,B482_ARC _B3_slice6-Ort.czi,old,glp1r,lower
395,152.0,18.32236842105263,2785.0,B482_ARC _B3_slice6-Ort.czi,old,glp1r,lower
396,237.0,17.345991561181435,4111.0,B482_ARC _B3_slice6-Ort.czi,old,glp1r,lower
397,23.0,16.347826086956523,376.00000000000006,B482_ARC _B3_slice6-Ort.czi,old,glp1r,lower
398,75.0,16.813333333333333,1261.0,B482_ARC _B3_slice6-Ort.czi,old,glp1r,lower
399,31.0,14.451612903225806,448.0,B482_ARC _B3_slice6-Ort.czi,old,glp1r,lower
400,39.0,13.384615384615385,522.0,B482_ARC _B3_slice6-Ort.czi,old,glp1r,lower
401,208.0,21.341346153846153,4439.0,B482_ARC _B3_slice6-Ort.czi,old,glp1r,lower
402,53.0,18.77358490566038,995.0,B482_ARC _B3_slice6-Ort.czi,old,glp1r,lower
403,1.0,10.0,10.0,B482_ARC _B3_slice6-Ort.czi,old,glp1r,lower
404,267.0,18.119850187265918,4838.0,B482_ARC _B3_slice6-Ort.czi,old,glp1r,lower
405,106.0,17.160377358490567,1819.0000000000002,B482_ARC _B3_slice6-Ort.czi,old,glp1r,lower
406,1.0,16.0,16.0,B482_ARC _B3_slice6-Ort.czi,old,glp1r,lower
407,11.0,27.181818181818183,299.0,B482_ARC _B3_slice6-Ort.czi,old,glp1r,lower
408,315.0,16.466666666666665,5186.999999999999,B482_ARC _B3_slice6-Ort.czi,old,glp1r,lower
409,4.0,18.5,74.0,B482_ARC _B3_slice6-Ort.czi,old,glp1r,lower
410,85.0,31.435294117647057,2672.0,B482_ARC _B3_slice6-Ort.czi,old,glp1r,lower
411,4.0,15.5,62.0,B482_ARC _B3_slice6-Ort.czi,old,glp1r,lower
412,42.0,12.833333333333334,539.0,B482_ARC _B3_slice6-Ort.czi,old,glp1r,lower
413,63.0,21.444444444444443,1351.0,B482_ARC _B3_slice6-Ort.czi,old,glp1r,lower
414,25.0,23.36,584.0,B482_ARC _B3_slice6-Ort.czi,old,glp1r,lower
415,26.0,13.73076923076923,357.0,B482_ARC _B3_slice6-Ort.czi,old,glp1r,lower
416,144.0,17.729166666666668,2553.0,B482_ARC _B3_slice6-Ort.czi,old,glp1r,lower
417,63.0,18.61904761904762,1173.0,B482_ARC _B3_slice6-Ort.czi,old,glp1r,lower
418,303.0,32.353135313531354,9803.0,B482_ARC _B3_slice6-Ort.czi,old,glp1r,lower
419,345.0,23.571014492753623,8132.0,B482_ARC _B3_slice6-Ort.czi,old,glp1r,lower
420,43.0,20.511627906976745,882.0,B482_ARC _B3_slice6-Ort.czi,old,glp1r,lower
421,35.0,21.2,742.0,B482_ARC _B3_slice6-Ort.czi,old,glp1r,lower
422,222.0,26.774774774774773,5944.0,B482_ARC _B3_slice6-Ort.czi,old,glp1r,lower
423,154.0,40.883116883116884,6296.0,B482_ARC _B3_slice6-Ort.czi,old,glp1r,lower
424,44.0,19.09090909090909,840.0,B482_ARC _B3_slice6-Ort.czi,old,glp1r,lower
425,103.0,17.07766990291262,1759.0,B482_ARC _B3_slice6-Ort.czi,old,glp1r,lower
426,55.0,16.327272727272728,898.0,B482_ARC _B3_slice6-Ort.czi,old,glp1r,lower
427,55.0,22.2,1221.0,B482_ARC _B3_slice6-Ort.czi,old,glp1r,lower
428,79.0,21.82278481012658,1724.0,B482_ARC _B3_slice6-Ort.czi,old,glp1r,lower
429,12.0,24.75,297.0,B482_ARC _B3_slice6-Ort.czi,old,glp1r,lower
430,438.0,14.333333333333334,6278.0,B482_ARC _B3_slice6-Ort.czi,old,glp1r,lower
431,52.0,13.634615384615385,709.0,B482_ARC _B3_slice6-Ort.czi,old,glp1r,lower
432,227.0,17.030837004405285,3865.9999999999995,B482_ARC _B3_slice6-Ort.czi,old,glp1r,lower
433,20.0,18.1,362.0,B482_ARC _B3_slice6-Ort.czi,old,glp1r,lower
434,3.0,17.666666666666668,53.0,B482_ARC _B3_slice6-Ort.czi,old,glp1r,lower
435,17.0,27.470588235294116,467.0,B482_ARC _B3_slice6-Ort.czi,old,glp1r,lower
436,42.0,12.452380952380953,523.0,B482_ARC _B3_slice6-Ort.czi,old,glp1r,lower
437,165.0,14.666666666666666,2420.0,B482_ARC _B3_slice6-Ort.czi,old,glp1r,lower
438,6.0,12.666666666666666,76.0,B482_ARC _B3_slice6-Ort.czi,old,glp1r,lower
439,23.0,13.043478260869565,300.0,B482_ARC _B3_slice6-Ort.czi,old,glp1r,lower
440,590.0,13.36949152542373,7888.0,B482_ARC _B3_slice6-Ort.czi,old,glp1r,lower
441,24.0,19.083333333333332,458.0,B482_ARC _B3_slice6-Ort.czi,old,glp1r,lower
442,118.0,16.26271186440678,1918.9999999999998,B482_ARC _B3_slice6-Ort.czi,old,glp1r,lower
443,110.0,15.50909090909091,1706.0,B482_ARC _B3_slice6-Ort.czi,old,glp1r,lower
444,21.0,17.523809523809526,368.00000000000006,B482_ARC _B3_slice6-Ort.czi,old,glp1r,lower
445,24.0,29.291666666666668,703.0,B482_ARC _B3_slice6-Ort.czi,old,glp1r,lower
446,40.0,14.575,583.0,B482_ARC _B3_slice6-Ort.czi,old,glp1r,lower
447,66.0,16.015151515151516,1057.0,B482_ARC _B3_slice6-Ort.czi,old,glp1r,lower
448,229.0,14.85589519650655,3402.0,B482_ARC _B3_slice6-Ort.czi,old,glp1r,lower
449,1.0,11.0,11.0,B482_ARC _B3_slice6-Ort.czi,old,glp1r,lower
450,451.0,19.374722838137473,8738.0,B482_ARC _B3_slice6-Ort.czi,old,glp1r,lower
451,98.0,30.357142857142858,2975.0,B482_ARC _B3_slice6-Ort.czi,old,glp1r,lower
452,45.0,19.666666666666668,885.0,B482_ARC _B3_slice6-Ort.czi,old,glp1r,lower
453,123.0,17.682926829268293,2175.0,B482_ARC _B3_slice6-Ort.czi,old,glp1r,lower
454,39.0,13.64102564102564,532.0,B482_ARC _B3_slice6-Ort.czi,old,glp1r,lower
455,139.0,17.280575539568346,2402.0,B482_ARC _B3_slice6-Ort.czi,old,glp1r,lower
456,78.0,16.192307692307693,1263.0,B482_ARC _B3_slice6-Ort.czi,old,glp1r,lower
457,77.0,14.779220779220779,1138.0,B482_ARC _B3_slice6-Ort.czi,old,glp1r,lower
458,31.0,15.612903225806452,484.0,B482_ARC _B3_slice6-Ort.czi,old,glp1r,lower
459,26.0,11.961538461538462,311.0,B482_ARC _B3_slice6-Ort.czi,old,glp1r,lower
460,335.0,17.594029850746267,5893.999999999999,B482_ARC _B3_slice6-Ort.czi,old,glp1r,lower
461,2.0,14.0,28.0,B482_ARC _B3_slice6-Ort.czi,old,glp1r,lower
462,69.0,13.652173913043478,942.0,B482_ARC _B3_slice6-Ort.czi,old,glp1r,lower
463,78.0,18.641025641025642,1454.0,B482_ARC _B3_slice6-Ort.czi,old,glp1r,lower
464,61.0,14.508196721311476,885.0,B482_ARC _B3_slice6-Ort.czi,old,glp1r,lower
465,76.0,17.55263157894737,1334.0,B482_ARC _B3_slice6-Ort.czi,old,glp1r,lower
466,141.0,15.411347517730496,2173.0,B482_ARC _B3_slice6-Ort.czi,old,glp1r,lower
467,78.0,14.41025641025641,1124.0,B482_ARC _B3_slice6-Ort.czi,old,glp1r,lower
468,19.0,14.421052631578947,274.0,B482_ARC _B3_slice6-Ort.czi,old,glp1r,lower
469,60.0,23.35,1401.0,B482_ARC _B3_slice6-Ort.czi,old,glp1r,lower
470,20.0,25.6,512.0,B482_ARC _B3_slice6-Ort.czi,old,glp1r,lower
471,33.0,15.515151515151516,512.0,B482_ARC _B3_slice6-Ort.czi,old,glp1r,lower
472,36.0,16.0,576.0,B482_ARC _B3_slice6-Ort.czi,old,glp1r,lower
473,21.0,17.095238095238095,359.0,B482_ARC _B3_slice6-Ort.czi,old,glp1r,lower
474,175.0,22.457142857142856,3929.9999999999995,B482_ARC _B3_slice6-Ort.czi,old,glp1r,lower
475,82.0,16.670731707317074,1367.0,B482_ARC _B3_slice6-Ort.czi,old,glp1r,lower
476,473.0,18.097251585623678,8560.0,B482_ARC _B3_slice6-Ort.czi,old,glp1r,lower
477,448.0,16.180803571428573,7249.000000000001,B482_ARC _B3_slice6-Ort.czi,old,glp1r,lower
478,236.0,15.872881355932204,3746.0,B482_ARC _B3_slice6-Ort.czi,old,glp1r,lower
479,76.0,14.25,1083.0,B482_ARC _B3_slice6-Ort.czi,old,glp1r,lower
480,122.0,20.33606557377049,2481.0,B482_ARC _B3_slice6-Ort.czi,old,glp1r,lower
481,46.0,15.369565217391305,707.0,B482_ARC _B3_slice6-Ort.czi,old,glp1r,lower
482,150.0,18.786666666666665,2818.0,B482_ARC _B3_slice6-Ort.czi,old,glp1r,lower
483,45.0,15.444444444444445,695.0,B482_ARC _B3_slice6-Ort.czi,old,glp1r,lower
484,5.0,12.4,62.0,B482_ARC _B3_slice6-Ort.czi,old,glp1r,lower
485,27.0,12.777777777777779,345.0,B482_ARC _B3_slice6-Ort.czi,old,glp1r,lower
486,9.0,15.777777777777779,142.0,B482_ARC _B3_slice6-Ort.czi,old,glp1r,lower
487,11.0,18.09090909090909,199.0,B482_ARC _B3_slice6-Ort.czi,old,glp1r,lower
488,127.0,18.03937007874016,2291.0,B482_ARC _B3_slice6-Ort.czi,old,glp1r,lower
489,202.0,20.861386138613863,4214.0,B482_ARC _B3_slice6-Ort.czi,old,glp1r,lower
490,29.0,13.310344827586206,386.0,B482_ARC _B3_slice6-Ort.czi,old,glp1r,lower
491,42.0,13.666666666666666,574.0,B482_ARC _B3_slice6-Ort.czi,old,glp1r,lower
492,229.0,14.97816593886463,3430.0,B482_ARC _B3_slice6-Ort.czi,old,glp1r,lower
493,46.0,21.08695652173913,969.9999999999999,B482_ARC _B3_slice6-Ort.czi,old,glp1r,lower
494,73.0,17.931506849315067,1308.9999999999998,B482_ARC _B3_slice6-Ort.czi,old,glp1r,lower
495,84.0,15.821428571428571,1329.0,B482_ARC _B3_slice6-Ort.czi,old,glp1r,lower
496,12.0,18.416666666666668,221.0,B482_ARC _B3_slice6-Ort.czi,old,glp1r,lower
497,1.0,14.0,14.0,B482_ARC _B3_slice6-Ort.czi,old,glp1r,lower
498,80.0,15.525,1242.0,B482_ARC _B3_slice6-Ort.czi,old,glp1r,lower
499,109.0,18.577981651376145,2024.9999999999998,B482_ARC _B3_slice6-Ort.czi,old,glp1r,lower
500,9.0,24.22222222222222,218.0,B482_ARC _B3_slice6-Ort.czi,old,glp1r,lower
501,3.0,9.666666666666666,29.0,B482_ARC _B3_slice6-Ort.czi,old,glp1r,lower
502,22.0,18.636363636363637,410.0,B482_ARC _B3_slice6-Ort.czi,old,glp1r,lower
503,68.0,14.955882352941176,1017.0,B482_ARC _B3_slice6-Ort.czi,old,glp1r,lower
504,59.0,19.915254237288135,1175.0,B482_ARC _B3_slice6-Ort.czi,old,glp1r,lower
505,262.0,18.087786259541986,4739.0,B482_ARC _B3_slice6-Ort.czi,old,glp1r,lower
506,158.0,17.329113924050635,2738.0000000000005,B482_ARC _B3_slice6-Ort.czi,old,glp1r,lower
507,40.0,15.85,634.0,B482_ARC _B3_slice6-Ort.czi,old,glp1r,lower
508,249.0,15.738955823293173,3919.0,B482_ARC _B3_slice6-Ort.czi,old,glp1r,lower
509,32.0,19.1875,614.0,B482_ARC _B3_slice6-Ort.czi,old,glp1r,lower
510,5.0,14.6,73.0,B482_ARC _B3_slice6-Ort.czi,old,glp1r,lower
511,725.0,17.830344827586206,12927.0,B482_ARC _B3_slice6-Ort.czi,old,glp1r,lower
512,18.0,19.11111111111111,344.0,B482_ARC _B3_slice6-Ort.czi,old,glp1r,lower
513,11.0,19.09090909090909,210.0,B482_ARC _B3_slice6-Ort.czi,old,glp1r,lower
514,92.0,16.32608695652174,1502.0,B482_ARC _B3_slice6-Ort.czi,old,glp1r,lower
515,16.0,20.5,328.0,B482_ARC _B3_slice6-Ort.czi,old,glp1r,lower
516,35.0,16.257142857142856,569.0,B482_ARC _B3_slice6-Ort.czi,old,glp1r,lower
517,4.0,17.25,69.0,B482_ARC _B3_slice6-Ort.czi,old,glp1r,lower
518,14.0,20.5,287.0,B482_ARC _B3_slice6-Ort.czi,old,glp1r,lower
519,42.0,16.642857142857142,699.0,B482_ARC _B3_slice6-Ort.czi,old,glp1r,lower
520,116.0,18.724137931034484,2172.0,B482_ARC _B3_slice6-Ort.czi,old,glp1r,lower
521,40.0,15.725,629.0,B482_ARC _B3_slice6-Ort.czi,old,glp1r,lower
522,297.0,19.824915824915823,5888.0,B482_ARC _B3_slice6-Ort.czi,old,glp1r,lower
523,12.0,26.416666666666668,317.0,B482_ARC _B3_slice6-Ort.czi,old,glp1r,lower
524,67.0,13.074626865671641,876.0,B482_ARC _B3_slice6-Ort.czi,old,glp1r,lower
525,68.0,13.485294117647058,917.0,B482_ARC _B3_slice6-Ort.czi,old,glp1r,lower
526,121.0,17.776859504132233,2151.0,B482_ARC _B3_slice6-Ort.czi,old,glp1r,lower
527,209.0,17.09090909090909,3572.0,B482_ARC _B3_slice6-Ort.czi,old,glp1r,lower
528,369.0,17.29539295392954,6382.0,B482_ARC _B3_slice6-Ort.czi,old,glp1r,lower
529,61.0,17.704918032786885,1080.0,B482_ARC _B3_slice6-Ort.czi,old,glp1r,lower
530,77.0,17.155844155844157,1321.0,B482_ARC _B3_slice6-Ort.czi,old,glp1r,lower
531,33.0,13.636363636363637,450.0,B482_ARC _B3_slice6-Ort.czi,old,glp1r,lower
532,1.0,11.0,11.0,B482_ARC _B3_slice6-Ort.czi,old,glp1r,lower
533,27.0,19.37037037037037,523.0,B482_ARC _B3_slice6-Ort.czi,old,glp1r,lower
534,6.0,13.833333333333334,83.0,B482_ARC _B3_slice6-Ort.czi,old,glp1r,lower
535,34.0,17.58823529411765,598.0,B482_ARC _B3_slice6-Ort.czi,old,glp1r,lower
536,1.0,8.0,8.0,B482_ARC _B3_slice6-Ort.czi,old,glp1r,lower
537,94.0,15.159574468085106,1425.0,B482_ARC _B3_slice6-Ort.czi,old,glp1r,lower
538,47.0,15.361702127659575,722.0,B482_ARC _B3_slice6-Ort.czi,old,glp1r,lower
539,15.0,16.8,252.0,B482_ARC _B3_slice6-Ort.czi,old,glp1r,lower
540,70.0,14.628571428571428,1024.0,B482_ARC _B3_slice6-Ort.czi,old,glp1r,lower
541,6.0,11.333333333333334,68.0,B482_ARC _B3_slice6-Ort.czi,old,glp1r,lower
542,12.0,15.916666666666666,191.0,B482_ARC _B3_slice6-Ort.czi,old,glp1r,lower
543,22.0,13.227272727272727,291.0,B482_ARC _B3_slice6-Ort.czi,old,glp1r,lower
544,22.0,15.954545454545455,351.0,B482_ARC _B3_slice6-Ort.czi,old,glp1r,lower
545,17.0,18.11764705882353,308.0,B482_ARC _B3_slice6-Ort.czi,old,glp1r,lower
546,5.0,12.6,63.0,B482_ARC _B3_slice6-Ort.czi,old,glp1r,lower
547,16.0,15.4375,247.0,B482_ARC _B3_slice6-Ort.czi,old,glp1r,lower
548,112.0,16.892857142857142,1892.0,B482_ARC _B3_slice6-Ort.czi,old,glp1r,lower
549,12.0,17.583333333333332,211.0,B482_ARC _B3_slice6-Ort.czi,old,glp1r,lower
550,13.0,19.46153846153846,252.99999999999997,B482_ARC _B3_slice6-Ort.czi,old,glp1r,lower
551,36.0,18.11111111111111,652.0,B482_ARC _B3_slice6-Ort.czi,old,glp1r,lower
552,7.0,16.285714285714285,114.0,B482_ARC _B3_slice6-Ort.czi,old,glp1r,lower
553,16.0,15.75,252.0,B482_ARC _B3_slice6-Ort.czi,old,glp1r,lower
554,24.0,21.291666666666668,511.0,B482_ARC _B3_slice6-Ort.czi,old,glp1r,lower
555,38.0,14.763157894736842,561.0,B482_ARC _B3_slice6-Ort.czi,old,glp1r,lower
556,58.0,19.913793103448278,1155.0,B482_ARC _B3_slice6-Ort.czi,old,glp1r,lower
557,117.0,18.846153846153847,2205.0,B482_ARC _B3_slice6-Ort.czi,old,glp1r,lower
558,1.0,14.0,14.0,B482_ARC _B3_slice6-Ort.czi,old,glp1r,lower
559,297.0,16.437710437710436,4881.999999999999,B482_ARC _B3_slice6-Ort.czi,old,glp1r,lower
560,15.0,13.933333333333334,209.0,B482_ARC _B3_slice6-Ort.czi,old,glp1r,lower
561,391.0,16.88235294117647,6601.0,B482_ARC _B3_slice6-Ort.czi,old,glp1r,lower
562,75.0,17.026666666666667,1277.0,B482_ARC _B3_slice6-Ort.czi,old,glp1r,lower
563,2.0,16.0,32.0,B482_ARC _B3_slice6-Ort.czi,old,glp1r,lower
564,24.0,16.166666666666668,388.0,B482_ARC _B3_slice6-Ort.czi,old,glp1r,lower
565,1268.0,20.2807570977918,25716.0,B482_ARC _B3_slice6-Ort.czi,old,glp1r,lower
566,46.0,16.782608695652176,772.0000000000001,B482_ARC _B3_slice6-Ort.czi,old,glp1r,lower
567,9.0,15.555555555555555,140.0,B482_ARC _B3_slice6-Ort.czi,old,glp1r,lower
568,38.0,14.657894736842104,557.0,B482_ARC _B3_slice6-Ort.czi,old,glp1r,lower
569,9.0,17.333333333333332,156.0,B482_ARC _B3_slice6-Ort.czi,old,glp1r,lower
570,14.0,12.785714285714286,179.0,B482_ARC _B3_slice6-Ort.czi,old,glp1r,lower
571,68.0,16.13235294117647,1097.0,B482_ARC _B3_slice6-Ort.czi,old,glp1r,lower
572,56.0,23.964285714285715,1342.0,B482_ARC _B3_slice6-Ort.czi,old,glp1r,lower
573,54.0,23.314814814814813,1259.0,B482_ARC _B3_slice6-Ort.czi,old,glp1r,lower
574,5.0,19.8,99.0,B482_ARC _B3_slice6-Ort.czi,old,glp1r,lower
575,68.0,16.176470588235293,1100.0,B482_ARC _B3_slice6-Ort.czi,old,glp1r,lower
576,1223.0,18.157808667211775,22207.0,B482_ARC _B3_slice6-Ort.czi,old,glp1r,lower
577,11.0,20.636363636363637,227.0,B482_ARC _B3_slice6-Ort.czi,old,glp1r,lower
578,44.0,15.159090909090908,667.0,B482_ARC _B3_slice6-Ort.czi,old,glp1r,lower
579,1.0,12.0,12.0,B482_ARC _B3_slice6-Ort.czi,old,glp1r,lower
580,6.0,10.666666666666666,64.0,B482_ARC _B3_slice6-Ort.czi,old,glp1r,lower
581,17.0,15.058823529411764,256.0,B482_ARC _B3_slice6-Ort.czi,old,glp1r,lower
582,80.0,18.9375,1515.0,B482_ARC _B3_slice6-Ort.czi,old,glp1r,lower
583,20.0,13.75,275.0,B482_ARC _B3_slice6-Ort.czi,old,glp1r,lower
584,121.0,14.140495867768594,1711.0,B482_ARC _B3_slice6-Ort.czi,old,glp1r,lower
585,1.0,11.0,11.0,B482_ARC _B3_slice6-Ort.czi,old,glp1r,lower
586,41.0,15.634146341463415,641.0,B482_ARC _B3_slice6-Ort.czi,old,glp1r,lower
587,57.0,14.912280701754385,850.0,B482_ARC _B3_slice6-Ort.czi,old,glp1r,lower
588,658.0,15.775075987841944,10380.0,B482_ARC _B3_slice6-Ort.czi,old,glp1r,lower
589,52.0,16.78846153846154,873.0000000000001,B482_ARC _B3_slice6-Ort.czi,old,glp1r,lower
590,28.0,14.964285714285714,419.0,B482_ARC _B3_slice6-Ort.czi,old,glp1r,lower
591,90.0,34.0,3060.0,B482_ARC _B3_slice6-Ort.czi,old,glp1r,lower
592,5.0,64.8,324.0,B482_ARC _B3_slice6-Ort.czi,old,glp1r,lower
593,131.0,13.50381679389313,1769.0,B482_ARC _B3_slice6-Ort.czi,old,glp1r,lower
594,18.0,16.555555555555557,298.0,B482_ARC _B3_slice6-Ort.czi,old,glp1r,lower
595,1740.0,18.54942528735632,32276.0,B482_ARC _B3_slice6-Ort.czi,old,glp1r,lower
596,39.0,12.717948717948717,495.99999999999994,B482_ARC _B3_slice6-Ort.czi,old,glp1r,lower
597,531.0,17.11487758945386,9088.0,B482_ARC _B3_slice6-Ort.czi,old,glp1r,lower
598,75.0,16.0,1200.0,B482_ARC _B3_slice6-Ort.czi,old,glp1r,lower
599,4.0,20.0,80.0,B482_ARC _B3_slice6-Ort.czi,old,glp1r,lower
600,209.0,15.889952153110048,3321.0,B482_ARC _B3_slice6-Ort.czi,old,glp1r,lower
601,867.0,17.181084198385236,14896.0,B482_ARC _B3_slice6-Ort.czi,old,glp1r,lower
602,9.0,14.444444444444445,130.0,B482_ARC _B3_slice6-Ort.czi,old,glp1r,lower
603,53.0,16.30188679245283,864.0,B482_ARC _B3_slice6-Ort.czi,old,glp1r,lower
604,1039.0,17.637151106833493,18325.0,B482_ARC _B3_slice6-Ort.czi,old,glp1r,lower
605,16.0,17.25,276.0,B482_ARC _B3_slice6-Ort.czi,old,glp1r,lower
606,2646.0,20.402116402116402,53984.0,B482_ARC _B3_slice6-Ort.czi,old,glp1r,lower
607,297.0,20.595959595959595,6117.0,B482_ARC _B3_slice6-Ort.czi,old,glp1r,lower
608,1.0,7.0,7.0,B482_ARC _B3_slice6-Ort.czi,old,glp1r,lower
609,6.0,15.5,93.0,B482_ARC _B3_slice6-Ort.czi,old,glp1r,lower
610,40.0,18.375,735.0,B482_ARC _B3_slice6-Ort.czi,old,glp1r,lower
611,1.0,19.0,19.0,B482_ARC _B3_slice6-Ort.czi,old,glp1r,lower
612,44.0,17.068181818181817,750.9999999999999,B482_ARC _B3_slice6-Ort.czi,old,glp1r,lower
613,2212.0,17.34132007233273,38359.0,B482_ARC _B3_slice6-Ort.czi,old,glp1r,lower
614,3109.0,21.409134770022515,66561.0,B482_ARC _B3_slice6-Ort.czi,old,glp1r,lower
615,59.0,14.542372881355933,858.0,B482_ARC _B3_slice6-Ort.czi,old,glp1r,lower
616,5.0,13.4,67.0,B482_ARC _B3_slice6-Ort.czi,old,glp1r,lower
617,71.0,17.633802816901408,1252.0,B482_ARC _B3_slice6-Ort.czi,old,glp1r,lower
618,26.0,22.53846153846154,586.0,B482_ARC _B3_slice6-Ort.czi,old,glp1r,lower
619,66.0,14.984848484848484,989.0,B482_ARC _B3_slice6-Ort.czi,old,glp1r,lower
620,1.0,21.0,21.0,B482_ARC _B3_slice6-Ort.czi,old,glp1r,lower
621,57.0,23.263157894736842,1326.0,B482_ARC _B3_slice6-Ort.czi,old,glp1r,lower
622,6.0,18.333333333333332,110.0,B482_ARC _B3_slice6-Ort.czi,old,glp1r,lower
623,1119.0,26.45933869526363,29608.0,B482_ARC _B3_slice6-Ort.czi,old,glp1r,lower
624,30.0,22.766666666666666,683.0,B482_ARC _B3_slice6-Ort.czi,old,glp1r,lower
625,420.0,29.597619047619048,12431.0,B482_ARC _B3_slice6-Ort.czi,old,glp1r,lower
626,4.0,7.0,28.0,B482_ARC _B3_slice6-Ort.czi,old,glp1r,lower
627,97.0,16.824742268041238,1632.0,B482_ARC _B3_slice6-Ort.czi,old,glp1r,lower
628,36.0,25.02777777777778,901.0,B482_ARC _B3_slice6-Ort.czi,old,glp1r,lower
629,4.0,39.5,158.0,B482_ARC _B3_slice6-Ort.czi,old,glp1r,lower
630,22.0,14.590909090909092,321.0,B482_ARC _B3_slice6-Ort.czi,old,glp1r,lower
631,9.0,18.666666666666668,168.0,B482_ARC _B3_slice6-Ort.czi,old,glp1r,lower
632,137.0,35.35036496350365,4843.0,B482_ARC _B3_slice6-Ort.czi,old,glp1r,lower
633,27.0,16.925925925925927,457.00000000000006,B482_ARC _B3_slice6-Ort.czi,old,glp1r,lower
634,83.0,29.40963855421687,2441.0,B482_ARC _B3_slice6-Ort.czi,old,glp1r,lower
635,164.0,21.628048780487806,3547.0,B482_ARC _B3_slice6-Ort.czi,old,glp1r,lower
636,51.0,28.745098039215687,1466.0,B482_ARC _B3_slice6-Ort.czi,old,glp1r,lower
637,27.0,22.814814814814813,616.0,B482_ARC _B3_slice6-Ort.czi,old,glp1r,lower
638,179.0,28.379888268156424,5080.0,B482_ARC _B3_slice6-Ort.czi,old,glp1r,lower
639,230.0,26.752173913043478,6153.0,B482_ARC _B3_slice6-Ort.czi,old,glp1r,lower
640,47.0,20.361702127659573,956.9999999999999,B482_ARC _B3_slice6-Ort.czi,old,glp1r,lower
641,116.0,22.29310344827586,2586.0,B482_ARC _B3_slice6-Ort.czi,old,glp1r,lower
642,72.0,22.34722222222222,1609.0,B482_ARC _B3_slice6-Ort.czi,old,glp1r,lower
643,21.0,26.761904761904763,562.0,B482_ARC _B3_slice6-Ort.czi,old,glp1r,lower
644,28.0,19.678571428571427,551.0,B482_ARC _B3_slice6-Ort.czi,old,glp1r,lower
645,23.0,19.73913043478261,454.0,B482_ARC _B3_slice6-Ort.czi,old,glp1r,lower
646,9.0,15.88888888888889,143.0,B482_ARC _B3_slice6-Ort.czi,old,glp1r,lower
647,38.0,17.789473684210527,676.0,B482_ARC _B3_slice6-Ort.czi,old,glp1r,lower
1,283.0,8.685512367491166,2458.0,F656_ARC _B3_slice8-Ort.czi,old,glp1r,lower
2,71.0,8.690140845070422,617.0,F656_ARC _B3_slice8-Ort.czi,old,glp1r,lower
3,12259.0,11.278407700464964,138262.0,F656_ARC _B3_slice8-Ort.czi,old,glp1r,lower
4,173.0,8.017341040462428,1387.0,F656_ARC _B3_slice8-Ort.czi,old,glp1r,lower
5,205.0,7.575609756097561,1553.0,F656_ARC _B3_slice8-Ort.czi,old,glp1r,lower
6,40.0,7.975,319.0,F656_ARC _B3_slice8-Ort.czi,old,glp1r,lower
7,213.0,8.417840375586854,1793.0,F656_ARC _B3_slice8-Ort.czi,old,glp1r,lower
8,21.0,7.761904761904762,163.0,F656_ARC _B3_slice8-Ort.czi,old,glp1r,lower
9,5.0,7.2,36.0,F656_ARC _B3_slice8-Ort.czi,old,glp1r,lower
10,982.0,8.960285132382893,8799.0,F656_ARC _B3_slice8-Ort.czi,old,glp1r,lower
11,1422.0,10.444444444444445,14852.0,F656_ARC _B3_slice8-Ort.czi,old,glp1r,lower
12,24.0,8.083333333333334,194.0,F656_ARC _B3_slice8-Ort.czi,old,glp1r,lower
13,10.0,8.8,88.0,F656_ARC _B3_slice8-Ort.czi,old,glp1r,lower
14,1515.0,7.988778877887789,12103.0,F656_ARC _B3_slice8-Ort.czi,old,glp1r,lower
15,11.0,6.363636363636363,70.0,F656_ARC _B3_slice8-Ort.czi,old,glp1r,lower
16,32.0,8.9375,286.0,F656_ARC _B3_slice8-Ort.czi,old,glp1r,lower
17,6.0,17.666666666666668,106.0,F656_ARC _B3_slice8-Ort.czi,old,glp1r,lower
18,2804.0,10.735734664764623,30103.000000000004,F656_ARC _B3_slice8-Ort.czi,old,glp1r,lower
19,12.0,6.833333333333333,82.0,F656_ARC _B3_slice8-Ort.czi,old,glp1r,lower
20,88.0,7.636363636363637,672.0,F656_ARC _B3_slice8-Ort.czi,old,glp1r,lower
21,8.0,14.5,116.0,F656_ARC _B3_slice8-Ort.czi,old,glp1r,lower
22,28.0,7.214285714285714,202.0,F656_ARC _B3_slice8-Ort.czi,old,glp1r,lower
23,32.0,8.3125,266.0,F656_ARC _B3_slice8-Ort.czi,old,glp1r,lower
24,66.0,8.424242424242424,556.0,F656_ARC _B3_slice8-Ort.czi,old,glp1r,lower
25,24.0,7.041666666666667,169.0,F656_ARC _B3_slice8-Ort.czi,old,glp1r,lower
26,10.0,7.5,75.0,F656_ARC _B3_slice8-Ort.czi,old,glp1r,lower
27,28.0,9.142857142857142,256.0,F656_ARC _B3_slice8-Ort.czi,old,glp1r,lower
28,39.0,8.794871794871796,343.0,F656_ARC _B3_slice8-Ort.czi,old,glp1r,lower
29,8.0,8.0,64.0,F656_ARC _B3_slice8-Ort.czi,old,glp1r,lower
30,309.0,8.783171521035598,2714.0,F656_ARC _B3_slice8-Ort.czi,old,glp1r,lower
31,689.0,7.754716981132075,5343.0,F656_ARC _B3_slice8-Ort.czi,old,glp1r,lower
32,100.0,8.04,803.9999999999999,F656_ARC _B3_slice8-Ort.czi,old,glp1r,lower
33,2.0,10.0,20.0,F656_ARC _B3_slice8-Ort.czi,old,glp1r,lower
34,66.0,9.424242424242424,622.0,F656_ARC _B3_slice8-Ort.czi,old,glp1r,lower
35,42.0,9.357142857142858,393.0,F656_ARC _B3_slice8-Ort.czi,old,glp1r,lower
36,52.0,8.173076923076923,425.0,F656_ARC _B3_slice8-Ort.czi,old,glp1r,lower
37,5603.0,8.951276102088167,50154.0,F656_ARC _B3_slice8-Ort.czi,old,glp1r,lower
38,111.0,8.405405405405405,933.0,F656_ARC _B3_slice8-Ort.czi,old,glp1r,lower
39,15.0,10.933333333333334,164.0,F656_ARC _B3_slice8-Ort.czi,old,glp1r,lower
40,75.0,8.8,660.0,F656_ARC _B3_slice8-Ort.czi,old,glp1r,lower
41,229.0,6.995633187772926,1602.0,F656_ARC _B3_slice8-Ort.czi,old,glp1r,lower
42,44.0,12.386363636363637,545.0,F656_ARC _B3_slice8-Ort.czi,old,glp1r,lower
43,43.0,8.0,344.0,F656_ARC _B3_slice8-Ort.czi,old,glp1r,lower
44,19.0,8.421052631578947,160.0,F656_ARC _B3_slice8-Ort.czi,old,glp1r,lower
45,21.0,9.619047619047619,202.0,F656_ARC _B3_slice8-Ort.czi,old,glp1r,lower
46,44.0,13.454545454545455,592.0,F656_ARC _B3_slice8-Ort.czi,old,glp1r,lower
47,30.0,9.433333333333334,283.0,F656_ARC _B3_slice8-Ort.czi,old,glp1r,lower
48,23.0,9.173913043478262,211.00000000000003,F656_ARC _B3_slice8-Ort.czi,old,glp1r,lower
49,1.0,5.0,5.0,F656_ARC _B3_slice8-Ort.czi,old,glp1r,lower
50,11752.0,7.215112321307012,84792.0,F656_ARC _B3_slice8-Ort.czi,old,glp1r,lower
51,5822.0,7.9532806595671595,46304.0,F656_ARC _B3_slice8-Ort.czi,old,glp1r,lower
52,12353.0,8.083947219298956,99861.0,F656_ARC _B3_slice8-Ort.czi,old,glp1r,lower
53,76.0,8.013157894736842,609.0,F656_ARC _B3_slice8-Ort.czi,old,glp1r,lower
54,38.0,8.18421052631579,311.0,F656_ARC _B3_slice8-Ort.czi,old,glp1r,lower
55,114.0,9.75438596491228,1112.0,F656_ARC _B3_slice8-Ort.czi,old,glp1r,lower
56,210.0,7.814285714285714,1641.0,F656_ARC _B3_slice8-Ort.czi,old,glp1r,lower
57,36.0,10.36111111111111,373.0,F656_ARC _B3_slice8-Ort.czi,old,glp1r,lower
58,15864.0,8.068772062531519,128003.00000000001,F656_ARC _B3_slice8-Ort.czi,old,glp1r,lower
59,98.0,9.938775510204081,974.0,F656_ARC _B3_slice8-Ort.czi,old,glp1r,lower
60,17.0,9.941176470588236,169.0,F656_ARC _B3_slice8-Ort.czi,old,glp1r,lower
61,28198.0,7.776154337187035,219272.0,F656_ARC _B3_slice8-Ort.czi,old,glp1r,lower
62,47.0,7.276595744680851,342.0,F656_ARC _B3_slice8-Ort.czi,old,glp1r,lower
63,17.0,7.176470588235294,122.0,F656_ARC _B3_slice8-Ort.czi,old,glp1r,lower
64,17.0,8.294117647058824,141.0,F656_ARC _B3_slice8-Ort.czi,old,glp1r,lower
65,14.0,8.071428571428571,113.0,F656_ARC _B3_slice8-Ort.czi,old,glp1r,lower
66,11.0,12.818181818181818,141.0,F656_ARC _B3_slice8-Ort.czi,old,glp1r,lower
67,39.0,7.538461538461538,294.0,F656_ARC _B3_slice8-Ort.czi,old,glp1r,lower
68,60.0,8.183333333333334,491.0,F656_ARC _B3_slice8-Ort.czi,old,glp1r,lower
69,79.0,8.50632911392405,671.9999999999999,F656_ARC _B3_slice8-Ort.czi,old,glp1r,lower
70,44.0,7.931818181818182,349.0,F656_ARC _B3_slice8-Ort.czi,old,glp1r,lower
71,69.0,7.797101449275362,538.0,F656_ARC _B3_slice8-Ort.czi,old,glp1r,lower
72,9.0,8.11111111111111,73.0,F656_ARC _B3_slice8-Ort.czi,old,glp1r,lower
73,29.0,8.724137931034482,252.99999999999997,F656_ARC _B3_slice8-Ort.czi,old,glp1r,lower
74,152.0,8.098684210526315,1231.0,F656_ARC _B3_slice8-Ort.czi,old,glp1r,lower
75,156.0,8.397435897435898,1310.0,F656_ARC _B3_slice8-Ort.czi,old,glp1r,lower
76,79.0,8.379746835443038,662.0,F656_ARC _B3_slice8-Ort.czi,old,glp1r,lower
77,12.0,8.0,96.0,F656_ARC _B3_slice8-Ort.czi,old,glp1r,lower
78,136.0,8.463235294117647,1151.0,F656_ARC _B3_slice8-Ort.czi,old,glp1r,lower
79,20.0,9.95,199.0,F656_ARC _B3_slice8-Ort.czi,old,glp1r,lower
80,196.0,7.183673469387755,1408.0,F656_ARC _B3_slice8-Ort.czi,old,glp1r,lower
81,451.0,6.831485587583148,3081.0,F656_ARC _B3_slice8-Ort.czi,old,glp1r,lower
82,234.0,7.196581196581197,1684.0,F656_ARC _B3_slice8-Ort.czi,old,glp1r,lower
83,1.0,9.0,9.0,F656_ARC _B3_slice8-Ort.czi,old,glp1r,lower
84,4.0,7.75,31.0,F656_ARC _B3_slice8-Ort.czi,old,glp1r,lower
85,63.0,9.444444444444445,595.0,F656_ARC _B3_slice8-Ort.czi,old,glp1r,lower
86,1.0,7.0,7.0,F656_ARC _B3_slice8-Ort.czi,old,glp1r,lower
87,7.0,8.571428571428571,60.0,F656_ARC _B3_slice8-Ort.czi,old,glp1r,lower
88,937.0,7.68409818569904,7200.0,F656_ARC _B3_slice8-Ort.czi,old,glp1r,lower
89,35.0,8.857142857142858,310.0,F656_ARC _B3_slice8-Ort.czi,old,glp1r,lower
90,4.0,7.0,28.0,F656_ARC _B3_slice8-Ort.czi,old,glp1r,lower
91,21.0,11.095238095238095,233.0,F656_ARC _B3_slice8-Ort.czi,old,glp1r,lower
92,45.0,9.088888888888889,409.0,F656_ARC _B3_slice8-Ort.czi,old,glp1r,lower
93,15.0,11.0,165.0,F656_ARC _B3_slice8-Ort.czi,old,glp1r,lower
94,77.0,8.35064935064935,643.0,F656_ARC _B3_slice8-Ort.czi,old,glp1r,lower
95,37.0,11.054054054054054,409.0,F656_ARC _B3_slice8-Ort.czi,old,glp1r,lower
96,10.0,8.7,87.0,F656_ARC _B3_slice8-Ort.czi,old,glp1r,lower
97,18.0,7.611111111111111,137.0,F656_ARC _B3_slice8-Ort.czi,old,glp1r,lower
98,56.0,8.410714285714286,471.00000000000006,F656_ARC _B3_slice8-Ort.czi,old,glp1r,lower
99,2.0,4.0,8.0,F656_ARC _B3_slice8-Ort.czi,old,glp1r,lower
100,113.0,7.353982300884955,831.0,F656_ARC _B3_slice8-Ort.czi,old,glp1r,lower
101,56.0,8.5,476.0,F656_ARC _B3_slice8-Ort.czi,old,glp1r,lower
102,30.0,32.4,972.0,F656_ARC _B3_slice8-Ort.czi,old,glp1r,lower
103,90.0,10.7,962.9999999999999,F656_ARC _B3_slice8-Ort.czi,old,glp1r,lower
104,44.0,10.477272727272727,461.0,F656_ARC _B3_slice8-Ort.czi,old,glp1r,lower
105,17.0,6.823529411764706,116.0,F656_ARC _B3_slice8-Ort.czi,old,glp1r,lower
106,10.0,11.1,111.0,F656_ARC _B3_slice8-Ort.czi,old,glp1r,lower
107,23.0,9.434782608695652,217.0,F656_ARC _B3_slice8-Ort.czi,old,glp1r,lower
108,24.0,9.791666666666666,235.0,F656_ARC _B3_slice8-Ort.czi,old,glp1r,lower
109,71.0,6.76056338028169,480.0,F656_ARC _B3_slice8-Ort.czi,old,glp1r,lower
110,67.0,9.283582089552239,622.0,F656_ARC _B3_slice8-Ort.czi,old,glp1r,lower
111,37.0,9.054054054054054,335.0,F656_ARC _B3_slice8-Ort.czi,old,glp1r,lower
112,143.0,7.594405594405594,1086.0,F656_ARC _B3_slice8-Ort.czi,old,glp1r,lower
113,13.0,5.923076923076923,77.0,F656_ARC _B3_slice8-Ort.czi,old,glp1r,lower
114,44.0,8.090909090909092,356.00000000000006,F656_ARC _B3_slice8-Ort.czi,old,glp1r,lower
115,2.0,4.0,8.0,F656_ARC _B3_slice8-Ort.czi,old,glp1r,lower
116,26.0,7.923076923076923,206.0,F656_ARC _B3_slice8-Ort.czi,old,glp1r,lower
117,3.0,5.0,15.0,F656_ARC _B3_slice8-Ort.czi,old,glp1r,lower
118,13.0,9.384615384615385,122.0,F656_ARC _B3_slice8-Ort.czi,old,glp1r,lower
119,127.0,9.039370078740157,1148.0,F656_ARC _B3_slice8-Ort.czi,old,glp1r,lower
120,256.0,7.86328125,2013.0,F656_ARC _B3_slice8-Ort.czi,old,glp1r,lower
121,87.0,8.758620689655173,762.0,F656_ARC _B3_slice8-Ort.czi,old,glp1r,lower
122,14.0,9.214285714285714,129.0,F656_ARC _B3_slice8-Ort.czi,old,glp1r,lower
123,52.0,6.826923076923077,355.0,F656_ARC _B3_slice8-Ort.czi,old,glp1r,lower
124,45.0,9.644444444444444,434.0,F656_ARC _B3_slice8-Ort.czi,old,glp1r,lower
125,47.0,7.808510638297872,367.0,F656_ARC _B3_slice8-Ort.czi,old,glp1r,lower
126,139.0,8.633093525179856,1200.0,F656_ARC _B3_slice8-Ort.czi,old,glp1r,lower
127,30.0,9.666666666666666,290.0,F656_ARC _B3_slice8-Ort.czi,old,glp1r,lower
128,38.0,9.578947368421053,364.0,F656_ARC _B3_slice8-Ort.czi,old,glp1r,lower
129,121.0,7.338842975206612,888.0,F656_ARC _B3_slice8-Ort.czi,old,glp1r,lower
130,56.0,9.321428571428571,522.0,F656_ARC _B3_slice8-Ort.czi,old,glp1r,lower
131,1.0,6.0,6.0,F656_ARC _B3_slice8-Ort.czi,old,glp1r,lower
132,17.0,10.176470588235293,173.0,F656_ARC _B3_slice8-Ort.czi,old,glp1r,lower
133,291.0,8.790378006872853,2558.0,F656_ARC _B3_slice8-Ort.czi,old,glp1r,lower
134,38.0,13.026315789473685,495.0,F656_ARC _B3_slice8-Ort.czi,old,glp1r,lower
135,494.0,8.212550607287449,4057.0,F656_ARC _B3_slice8-Ort.czi,old,glp1r,lower
136,89.0,7.719101123595506,687.0,F656_ARC _B3_slice8-Ort.czi,old,glp1r,lower
137,1.0,8.0,8.0,F656_ARC _B3_slice8-Ort.czi,old,glp1r,lower
138,35.0,8.542857142857143,299.0,F656_ARC _B3_slice8-Ort.czi,old,glp1r,lower
139,16.0,8.375,134.0,F656_ARC _B3_slice8-Ort.czi,old,glp1r,lower
140,2.0,8.0,16.0,F656_ARC _B3_slice8-Ort.czi,old,glp1r,lower
141,294.0,8.479591836734693,2493.0,F656_ARC _B3_slice8-Ort.czi,old,glp1r,lower
142,22.0,7.954545454545454,175.0,F656_ARC _B3_slice8-Ort.czi,old,glp1r,lower
143,726.0,6.741046831955923,4894.0,F656_ARC _B3_slice8-Ort.czi,old,glp1r,lower
144,14.0,7.5,105.0,F656_ARC _B3_slice8-Ort.czi,old,glp1r,lower
145,39.0,8.333333333333334,325.0,F656_ARC _B3_slice8-Ort.czi,old,glp1r,lower
146,13.0,7.076923076923077,92.0,F656_ARC _B3_slice8-Ort.czi,old,glp1r,lower
147,74.0,7.581081081081081,561.0,F656_ARC _B3_slice8-Ort.czi,old,glp1r,lower
148,10.0,8.3,83.0,F656_ARC _B3_slice8-Ort.czi,old,glp1r,lower
149,93.0,8.612903225806452,801.0,F656_ARC _B3_slice8-Ort.czi,old,glp1r,lower
150,49.0,9.10204081632653,446.0,F656_ARC _B3_slice8-Ort.czi,old,glp1r,lower
151,215.0,6.948837209302326,1494.0,F656_ARC _B3_slice8-Ort.czi,old,glp1r,lower
152,3.0,6.0,18.0,F656_ARC _B3_slice8-Ort.czi,old,glp1r,lower
153,11.0,8.181818181818182,90.0,F656_ARC _B3_slice8-Ort.czi,old,glp1r,lower
154,8.0,8.125,65.0,F656_ARC _B3_slice8-Ort.czi,old,glp1r,lower
155,2.0,10.5,21.0,F656_ARC _B3_slice8-Ort.czi,old,glp1r,lower
156,154.0,8.844155844155845,1362.0,F656_ARC _B3_slice8-Ort.czi,old,glp1r,lower
157,31.0,8.387096774193548,260.0,F656_ARC _B3_slice8-Ort.czi,old,glp1r,lower
158,58.0,7.379310344827586,428.0,F656_ARC _B3_slice8-Ort.czi,old,glp1r,lower
159,115.0,7.730434782608696,889.0,F656_ARC _B3_slice8-Ort.czi,old,glp1r,lower
160,3.0,10.333333333333334,31.0,F656_ARC _B3_slice8-Ort.czi,old,glp1r,lower
161,81.0,7.481481481481482,606.0,F656_ARC _B3_slice8-Ort.czi,old,glp1r,lower
162,31665.0,7.436570345807674,235479.0,F656_ARC _B3_slice8-Ort.czi,old,glp1r,lower
163,20.0,6.2,124.0,F656_ARC _B3_slice8-Ort.czi,old,glp1r,lower
164,34.0,6.911764705882353,235.0,F656_ARC _B3_slice8-Ort.czi,old,glp1r,lower
165,105.0,8.057142857142857,846.0,F656_ARC _B3_slice8-Ort.czi,old,glp1r,lower
166,99.0,8.505050505050505,842.0,F656_ARC _B3_slice8-Ort.czi,old,glp1r,lower
167,1.0,8.0,8.0,F656_ARC _B3_slice8-Ort.czi,old,glp1r,lower
168,95.0,7.484210526315789,711.0,F656_ARC _B3_slice8-Ort.czi,old,glp1r,lower
169,83.0,8.012048192771084,665.0,F656_ARC _B3_slice8-Ort.czi,old,glp1r,lower
170,150.0,6.933333333333334,1040.0,F656_ARC _B3_slice8-Ort.czi,old,glp1r,lower
171,81.0,7.802469135802469,632.0,F656_ARC _B3_slice8-Ort.czi,old,glp1r,lower
172,11.0,7.7272727272727275,85.0,F656_ARC _B3_slice8-Ort.czi,old,glp1r,lower
173,71.0,7.47887323943662,531.0,F656_ARC _B3_slice8-Ort.czi,old,glp1r,lower
174,52.0,8.73076923076923,453.99999999999994,F656_ARC _B3_slice8-Ort.czi,old,glp1r,lower
175,44.0,6.886363636363637,303.0,F656_ARC _B3_slice8-Ort.czi,old,glp1r,lower
176,97.0,8.969072164948454,870.0,F656_ARC _B3_slice8-Ort.czi,old,glp1r,lower
177,93.0,8.666666666666666,806.0,F656_ARC _B3_slice8-Ort.czi,old,glp1r,lower
178,234.0,9.465811965811966,2215.0,F656_ARC _B3_slice8-Ort.czi,old,glp1r,lower
179,33.0,8.909090909090908,294.0,F656_ARC _B3_slice8-Ort.czi,old,glp1r,lower
180,106.0,8.877358490566039,941.0000000000001,F656_ARC _B3_slice8-Ort.czi,old,glp1r,lower
181,100.0,8.15,815.0,F656_ARC _B3_slice8-Ort.czi,old,glp1r,lower
182,74.0,8.121621621621621,601.0,F656_ARC _B3_slice8-Ort.czi,old,glp1r,lower
183,310.0,8.480645161290322,2629.0,F656_ARC _B3_slice8-Ort.czi,old,glp1r,lower
184,13.0,8.153846153846153,106.0,F656_ARC _B3_slice8-Ort.czi,old,glp1r,lower
185,26.0,8.807692307692308,229.00000000000003,F656_ARC _B3_slice8-Ort.czi,old,glp1r,lower
186,10.0,10.1,101.0,F656_ARC _B3_slice8-Ort.czi,old,glp1r,lower
187,73.0,7.602739726027397,555.0,F656_ARC _B3_slice8-Ort.czi,old,glp1r,lower
188,528.0,7.9147727272727275,4179.0,F656_ARC _B3_slice8-Ort.czi,old,glp1r,lower
189,634.0,7.509463722397476,4761.0,F656_ARC _B3_slice8-Ort.czi,old,glp1r,lower
190,180.0,8.1,1458.0,F656_ARC _B3_slice8-Ort.czi,old,glp1r,lower
191,49.0,8.26530612244898,405.0,F656_ARC _B3_slice8-Ort.czi,old,glp1r,lower
192,69.0,6.913043478260869,477.0,F656_ARC _B3_slice8-Ort.czi,old,glp1r,lower
193,35.0,8.771428571428572,307.0,F656_ARC _B3_slice8-Ort.czi,old,glp1r,lower
194,90.0,8.644444444444444,778.0,F656_ARC _B3_slice8-Ort.czi,old,glp1r,lower
195,52.0,8.865384615384615,461.0,F656_ARC _B3_slice8-Ort.czi,old,glp1r,lower
196,220.0,9.781818181818181,2152.0,F656_ARC _B3_slice8-Ort.czi,old,glp1r,lower
197,3.0,8.0,24.0,F656_ARC _B3_slice8-Ort.czi,old,glp1r,lower
198,272.0,9.073529411764707,2468.0,F656_ARC _B3_slice8-Ort.czi,old,glp1r,lower
199,152.0,8.157894736842104,1239.9999999999998,F656_ARC _B3_slice8-Ort.czi,old,glp1r,lower
200,50.0,7.76,388.0,F656_ARC _B3_slice8-Ort.czi,old,glp1r,lower
201,33.0,17.0,561.0,F656_ARC _B3_slice8-Ort.czi,old,glp1r,lower
202,76.0,8.157894736842104,619.9999999999999,F656_ARC _B3_slice8-Ort.czi,old,glp1r,lower
203,555.0,7.257657657657657,4027.9999999999995,F656_ARC _B3_slice8-Ort.czi,old,glp1r,lower
204,78.0,7.038461538461538,549.0,F656_ARC _B3_slice8-Ort.czi,old,glp1r,lower
205,17.0,8.647058823529411,147.0,F656_ARC _B3_slice8-Ort.czi,old,glp1r,lower
206,12.0,17.0,204.0,F656_ARC _B3_slice8-Ort.czi,old,glp1r,lower
207,49.0,7.673469387755102,376.0,F656_ARC _B3_slice8-Ort.czi,old,glp1r,lower
208,3.0,9.0,27.0,F656_ARC _B3_slice8-Ort.czi,old,glp1r,lower
209,72.0,8.791666666666666,633.0,F656_ARC _B3_slice8-Ort.czi,old,glp1r,lower
210,17.0,7.411764705882353,126.0,F656_ARC _B3_slice8-Ort.czi,old,glp1r,lower
211,77.0,8.311688311688311,639.9999999999999,F656_ARC _B3_slice8-Ort.czi,old,glp1r,lower
212,416.0,7.913461538461538,3292.0,F656_ARC _B3_slice8-Ort.czi,old,glp1r,lower
213,11.0,10.909090909090908,119.99999999999999,F656_ARC _B3_slice8-Ort.czi,old,glp1r,lower
214,49.0,7.510204081632653,368.0,F656_ARC _B3_slice8-Ort.czi,old,glp1r,lower
215,35.0,9.2,322.0,F656_ARC _B3_slice8-Ort.czi,old,glp1r,lower
216,86.0,8.546511627906977,735.0,F656_ARC _B3_slice8-Ort.czi,old,glp1r,lower
217,43.0,8.953488372093023,385.0,F656_ARC _B3_slice8-Ort.czi,old,glp1r,lower
218,71.0,8.169014084507042,580.0,F656_ARC _B3_slice8-Ort.czi,old,glp1r,lower
219,1.0,14.0,14.0,F656_ARC _B3_slice8-Ort.czi,old,glp1r,lower
220,94.0,7.98936170212766,751.0,F656_ARC _B3_slice8-Ort.czi,old,glp1r,lower
221,181.0,8.80110497237569,1592.9999999999998,F656_ARC _B3_slice8-Ort.czi,old,glp1r,lower
222,11.0,12.818181818181818,141.0,F656_ARC _B3_slice8-Ort.czi,old,glp1r,lower
223,158.0,7.2784810126582276,1150.0,F656_ARC _B3_slice8-Ort.czi,old,glp1r,lower
224,179.0,6.76536312849162,1211.0,F656_ARC _B3_slice8-Ort.czi,old,glp1r,lower
225,220.0,9.018181818181818,1983.9999999999998,F656_ARC _B3_slice8-Ort.czi,old,glp1r,lower
226,16.0,10.3125,165.0,F656_ARC _B3_slice8-Ort.czi,old,glp1r,lower
227,22.0,8.181818181818182,180.0,F656_ARC _B3_slice8-Ort.czi,old,glp1r,lower
228,18.0,18.5,333.0,F656_ARC _B3_slice8-Ort.czi,old,glp1r,lower
229,69.0,8.318840579710145,574.0,F656_ARC _B3_slice8-Ort.czi,old,glp1r,lower
230,45.0,8.88888888888889,400.0,F656_ARC _B3_slice8-Ort.czi,old,glp1r,lower
231,91.0,7.5054945054945055,683.0,F656_ARC _B3_slice8-Ort.czi,old,glp1r,lower
232,48.0,7.479166666666667,359.0,F656_ARC _B3_slice8-Ort.czi,old,glp1r,lower
233,6.0,8.166666666666666,49.0,F656_ARC _B3_slice8-Ort.czi,old,glp1r,lower
234,17.0,9.705882352941176,165.0,F656_ARC _B3_slice8-Ort.czi,old,glp1r,lower
235,104.0,9.01923076923077,938.0000000000001,F656_ARC _B3_slice8-Ort.czi,old,glp1r,lower
236,48.0,8.854166666666666,425.0,F656_ARC _B3_slice8-Ort.czi,old,glp1r,lower
237,69.0,8.101449275362318,559.0,F656_ARC _B3_slice8-Ort.czi,old,glp1r,lower
238,5.0,6.8,34.0,F656_ARC _B3_slice8-Ort.czi,old,glp1r,lower
239,49.0,7.775510204081633,381.0,F656_ARC _B3_slice8-Ort.czi,old,glp1r,lower
240,127.0,8.692913385826772,1104.0,F656_ARC _B3_slice8-Ort.czi,old,glp1r,lower
241,68.0,7.661764705882353,521.0,F656_ARC _B3_slice8-Ort.czi,old,glp1r,lower
242,1003.0,7.8005982053838485,7824.0,F656_ARC _B3_slice8-Ort.czi,old,glp1r,lower
243,23.0,7.478260869565218,172.0,F656_ARC _B3_slice8-Ort.czi,old,glp1r,lower
244,135.0,9.125925925925927,1232.0,F656_ARC _B3_slice8-Ort.czi,old,glp1r,lower
245,166.0,8.46987951807229,1406.0,F656_ARC _B3_slice8-Ort.czi,old,glp1r,lower
246,87.0,7.057471264367816,614.0,F656_ARC _B3_slice8-Ort.czi,old,glp1r,lower
247,333.0,8.876876876876876,2956.0,F656_ARC _B3_slice8-Ort.czi,old,glp1r,lower
248,81.0,6.827160493827161,553.0,F656_ARC _B3_slice8-Ort.czi,old,glp1r,lower
249,91.0,9.494505494505495,864.0,F656_ARC _B3_slice8-Ort.czi,old,glp1r,lower
250,3086.0,9.374918988982502,28931.0,F656_ARC _B3_slice8-Ort.czi,old,glp1r,lower
251,20.0,7.2,144.0,F656_ARC _B3_slice8-Ort.czi,old,glp1r,lower
252,32.0,7.09375,227.0,F656_ARC _B3_slice8-Ort.czi,old,glp1r,lower
253,13.0,8.307692307692308,108.00000000000001,F656_ARC _B3_slice8-Ort.czi,old,glp1r,lower
254,62.0,9.112903225806452,565.0,F656_ARC _B3_slice8-Ort.czi,old,glp1r,lower
255,178.0,7.617977528089888,1356.0,F656_ARC _B3_slice8-Ort.czi,old,glp1r,lower
256,66.0,8.93939393939394,590.0,F656_ARC _B3_slice8-Ort.czi,old,glp1r,lower
257,132.0,8.492424242424242,1121.0,F656_ARC _B3_slice8-Ort.czi,old,glp1r,lower
258,42.0,7.095238095238095,298.0,F656_ARC _B3_slice8-Ort.czi,old,glp1r,lower
259,244.0,8.102459016393443,1977.0,F656_ARC _B3_slice8-Ort.czi,old,glp1r,lower
260,71.0,6.985915492957746,495.99999999999994,F656_ARC _B3_slice8-Ort.czi,old,glp1r,lower
261,27.0,8.222222222222221,221.99999999999997,F656_ARC _B3_slice8-Ort.czi,old,glp1r,lower
262,63.0,8.634920634920634,544.0,F656_ARC _B3_slice8-Ort.czi,old,glp1r,lower
263,17.0,27.058823529411764,460.0,F656_ARC _B3_slice8-Ort.czi,old,glp1r,lower
264,221.0,7.656108597285068,1692.0,F656_ARC _B3_slice8-Ort.czi,old,glp1r,lower
265,90.0,7.3,657.0,F656_ARC _B3_slice8-Ort.czi,old,glp1r,lower
266,686.0,8.285714285714286,5684.000000000001,F656_ARC _B3_slice8-Ort.czi,old,glp1r,lower
267,169.0,8.142011834319527,1376.0000000000002,F656_ARC _B3_slice8-Ort.czi,old,glp1r,lower
268,75.0,8.84,663.0,F656_ARC _B3_slice8-Ort.czi,old,glp1r,lower
269,63.0,7.825396825396825,493.0,F656_ARC _B3_slice8-Ort.czi,old,glp1r,lower
270,366.0,7.726775956284153,2828.0,F656_ARC _B3_slice8-Ort.czi,old,glp1r,lower
271,45.0,6.911111111111111,311.0,F656_ARC _B3_slice8-Ort.czi,old,glp1r,lower
272,32.0,7.46875,239.0,F656_ARC _B3_slice8-Ort.czi,old,glp1r,lower
273,85.0,7.952941176470588,676.0,F656_ARC _B3_slice8-Ort.czi,old,glp1r,lower
274,422.0,7.838862559241706,3308.0,F656_ARC _B3_slice8-Ort.czi,old,glp1r,lower
275,650.0,10.113846153846154,6574.0,F656_ARC _B3_slice8-Ort.czi,old,glp1r,lower
276,34.0,8.823529411764707,300.0,F656_ARC _B3_slice8-Ort.czi,old,glp1r,lower
277,2.0,4.5,9.0,F656_ARC _B3_slice8-Ort.czi,old,glp1r,lower
278,4.0,6.25,25.0,F656_ARC _B3_slice8-Ort.czi,old,glp1r,lower
279,1015.0,13.45615763546798,13658.0,F656_ARC _B3_slice8-Ort.czi,old,glp1r,lower
280,8.0,7.25,58.0,F656_ARC _B3_slice8-Ort.czi,old,glp1r,lower
281,53.0,7.962264150943396,422.0,F656_ARC _B3_slice8-Ort.czi,old,glp1r,lower
282,177.0,7.497175141242938,1327.0,F656_ARC _B3_slice8-Ort.czi,old,glp1r,lower
283,35.0,9.2,322.0,F656_ARC _B3_slice8-Ort.czi,old,glp1r,lower
284,134.0,10.604477611940299,1421.0,F656_ARC _B3_slice8-Ort.czi,old,glp1r,lower
285,65.0,8.676923076923076,564.0,F656_ARC _B3_slice8-Ort.czi,old,glp1r,lower
286,1.0,7.0,7.0,F656_ARC _B3_slice8-Ort.czi,old,glp1r,lower
287,3172.0,8.210907944514501,26044.999999999996,F656_ARC _B3_slice8-Ort.czi,old,glp1r,lower
288,33.0,12.212121212121213,403.0,F656_ARC _B3_slice8-Ort.czi,old,glp1r,lower
289,619.0,10.633279483037157,6582.0,F656_ARC _B3_slice8-Ort.czi,old,glp1r,lower
290,2.0,9.5,19.0,F656_ARC _B3_slice8-Ort.czi,old,glp1r,lower
291,200.0,8.695,1739.0,F656_ARC _B3_slice8-Ort.czi,old,glp1r,lower
292,92.0,7.771739130434782,715.0,F656_ARC _B3_slice8-Ort.czi,old,glp1r,lower
293,65.0,7.061538461538461,459.0,F656_ARC _B3_slice8-Ort.czi,old,glp1r,lower
294,31.0,7.548387096774194,234.0,F656_ARC _B3_slice8-Ort.czi,old,glp1r,lower
295,40.0,7.575,303.0,F656_ARC _B3_slice8-Ort.czi,old,glp1r,lower
296,75.0,10.16,762.0,F656_ARC _B3_slice8-Ort.czi,old,glp1r,lower
297,59.0,7.033898305084746,415.0,F656_ARC _B3_slice8-Ort.czi,old,glp1r,lower
298,75.0,8.253333333333334,619.0,F656_ARC _B3_slice8-Ort.czi,old,glp1r,lower
299,1125.0,12.932444444444444,14549.0,F656_ARC _B3_slice8-Ort.czi,old,glp1r,lower
300,45.0,7.311111111111111,329.0,F656_ARC _B3_slice8-Ort.czi,old,glp1r,lower
301,4.0,11.25,45.0,F656_ARC _B3_slice8-Ort.czi,old,glp1r,lower
302,1.0,6.0,6.0,F656_ARC _B3_slice8-Ort.czi,old,glp1r,lower
303,30.0,8.433333333333334,253.0,F656_ARC _B3_slice8-Ort.czi,old,glp1r,lower
304,13.0,9.153846153846153,119.0,F656_ARC _B3_slice8-Ort.czi,old,glp1r,lower
305,64.0,7.296875,467.0,F656_ARC _B3_slice8-Ort.czi,old,glp1r,lower
306,186.0,10.204301075268818,1898.0000000000002,F656_ARC _B3_slice8-Ort.czi,old,glp1r,lower
307,133.0,7.496240601503759,997.0,F656_ARC _B3_slice8-Ort.czi,old,glp1r,lower
308,35.0,6.885714285714286,241.0,F656_ARC _B3_slice8-Ort.czi,old,glp1r,lower
309,27.0,8.037037037037036,216.99999999999997,F656_ARC _B3_slice8-Ort.czi,old,glp1r,lower
310,145.0,10.082758620689654,1462.0,F656_ARC _B3_slice8-Ort.czi,old,glp1r,lower
311,29.0,8.89655172413793,258.0,F656_ARC _B3_slice8-Ort.czi,old,glp1r,lower
312,113.0,8.336283185840708,942.0,F656_ARC _B3_slice8-Ort.czi,old,glp1r,lower
313,17.0,6.9411764705882355,118.0,F656_ARC _B3_slice8-Ort.czi,old,glp1r,lower
314,199.0,7.422110552763819,1477.0,F656_ARC _B3_slice8-Ort.czi,old,glp1r,lower
315,55.0,8.327272727272728,458.00000000000006,F656_ARC _B3_slice8-Ort.czi,old,glp1r,lower
316,18.0,18.72222222222222,337.0,F656_ARC _B3_slice8-Ort.czi,old,glp1r,lower
317,1141.0,11.40578439964943,13014.0,F656_ARC _B3_slice8-Ort.czi,old,glp1r,lower
318,607.0,12.00823723228995,7289.0,F656_ARC _B3_slice8-Ort.czi,old,glp1r,lower
319,2292.0,10.31980802792321,23653.0,F656_ARC _B3_slice8-Ort.czi,old,glp1r,lower
320,8.0,5.625,45.0,F656_ARC _B3_slice8-Ort.czi,old,glp1r,lower
321,1333.0,11.375843960990247,15164.0,F656_ARC _B3_slice8-Ort.czi,old,glp1r,lower
322,2279.0,12.060991663010093,27487.0,F656_ARC _B3_slice8-Ort.czi,old,glp1r,lower
323,3115.0,15.50561797752809,48300.0,F656_ARC _B3_slice8-Ort.czi,old,glp1r,lower
324,743.0,12.39434724091521,9209.0,F656_ARC _B3_slice8-Ort.czi,old,glp1r,lower
325,1910.0,11.286910994764398,21558.0,F656_ARC _B3_slice8-Ort.czi,old,glp1r,lower
326,762.0,12.662729658792651,9649.0,F656_ARC _B3_slice8-Ort.czi,old,glp1r,lower
327,5.0,7.0,35.0,F656_ARC _B3_slice8-Ort.czi,old,glp1r,lower
328,24.0,7.541666666666667,181.0,F656_ARC _B3_slice8-Ort.czi,old,glp1r,lower
329,2352.0,17.094812925170068,40207.0,F656_ARC _B3_slice8-Ort.czi,old,glp1r,lower
330,11.0,7.545454545454546,83.0,F656_ARC _B3_slice8-Ort.czi,old,glp1r,lower
1,39.0,22.256410256410255,868.0,B482_ARC _B3_slice7-Ort.czi,old,glp1r,lower
2,32.0,17.5,560.0,B482_ARC _B3_slice7-Ort.czi,old,glp1r,lower
3,99.0,15.696969696969697,1554.0,B482_ARC _B3_slice7-Ort.czi,old,glp1r,lower
4,11.0,39.45454545454545,434.0,B482_ARC _B3_slice7-Ort.czi,old,glp1r,lower
5,14.0,20.928571428571427,293.0,B482_ARC _B3_slice7-Ort.czi,old,glp1r,lower
6,31.0,18.64516129032258,578.0,B482_ARC _B3_slice7-Ort.czi,old,glp1r,lower
7,13.0,19.53846153846154,254.00000000000003,B482_ARC _B3_slice7-Ort.czi,old,glp1r,lower
8,51.0,17.07843137254902,871.0,B482_ARC _B3_slice7-Ort.czi,old,glp1r,lower
9,3.0,42.0,126.0,B482_ARC _B3_slice7-Ort.czi,old,glp1r,lower
10,18.0,19.166666666666668,345.0,B482_ARC _B3_slice7-Ort.czi,old,glp1r,lower
11,21.0,17.238095238095237,362.0,B482_ARC _B3_slice7-Ort.czi,old,glp1r,lower
12,21.0,22.333333333333332,469.0,B482_ARC _B3_slice7-Ort.czi,old,glp1r,lower
13,14.0,18.0,252.0,B482_ARC _B3_slice7-Ort.czi,old,glp1r,lower
14,4.0,19.5,78.0,B482_ARC _B3_slice7-Ort.czi,old,glp1r,lower
15,9.0,19.22222222222222,173.0,B482_ARC _B3_slice7-Ort.czi,old,glp1r,lower
16,21.0,17.238095238095237,362.0,B482_ARC _B3_slice7-Ort.czi,old,glp1r,lower
17,19.0,17.0,323.0,B482_ARC _B3_slice7-Ort.czi,old,glp1r,lower
18,4.0,21.75,87.0,B482_ARC _B3_slice7-Ort.czi,old,glp1r,lower
19,9.0,17.88888888888889,161.0,B482_ARC _B3_slice7-Ort.czi,old,glp1r,lower
20,22.0,25.954545454545453,571.0,B482_ARC _B3_slice7-Ort.czi,old,glp1r,lower
21,6.0,38.166666666666664,229.0,B482_ARC _B3_slice7-Ort.czi,old,glp1r,lower
22,22.0,17.454545454545453,384.0,B482_ARC _B3_slice7-Ort.czi,old,glp1r,lower
23,84.0,17.392857142857142,1461.0,B482_ARC _B3_slice7-Ort.czi,old,glp1r,lower
24,4.0,18.25,73.0,B482_ARC _B3_slice7-Ort.czi,old,glp1r,lower
25,33.0,17.545454545454547,579.0,B482_ARC _B3_slice7-Ort.czi,old,glp1r,lower
26,2.0,13.5,27.0,B482_ARC _B3_slice7-Ort.czi,old,glp1r,lower
27,1.0,12.0,12.0,B482_ARC _B3_slice7-Ort.czi,old,glp1r,lower
28,2.0,23.0,46.0,B482_ARC _B3_slice7-Ort.czi,old,glp1r,lower
29,1.0,16.0,16.0,B482_ARC _B3_slice7-Ort.czi,old,glp1r,lower
30,19.0,17.842105263157894,339.0,B482_ARC _B3_slice7-Ort.czi,old,glp1r,lower
31,9.0,19.0,171.0,B482_ARC _B3_slice7-Ort.czi,old,glp1r,lower
32,33.0,17.03030303030303,562.0,B482_ARC _B3_slice7-Ort.czi,old,glp1r,lower
33,2.0,14.5,29.0,B482_ARC _B3_slice7-Ort.czi,old,glp1r,lower
34,1.0,15.0,15.0,B482_ARC _B3_slice7-Ort.czi,old,glp1r,lower
35,18.0,22.666666666666668,408.0,B482_ARC _B3_slice7-Ort.czi,old,glp1r,lower
36,28.0,15.214285714285714,426.0,B482_ARC _B3_slice7-Ort.czi,old,glp1r,lower
37,3.0,16.333333333333332,49.0,B482_ARC _B3_slice7-Ort.czi,old,glp1r,lower
38,23.0,20.304347826086957,467.0,B482_ARC _B3_slice7-Ort.czi,old,glp1r,lower
39,28.0,16.178571428571427,452.99999999999994,B482_ARC _B3_slice7-Ort.czi,old,glp1r,lower
40,3.0,19.333333333333332,58.0,B482_ARC _B3_slice7-Ort.czi,old,glp1r,lower
41,15.0,29.066666666666666,436.0,B482_ARC _B3_slice7-Ort.czi,old,glp1r,lower
42,29.0,16.75862068965517,485.99999999999994,B482_ARC _B3_slice7-Ort.czi,old,glp1r,lower
43,23.0,39.08695652173913,899.0,B482_ARC _B3_slice7-Ort.czi,old,glp1r,lower
44,10.0,38.6,386.0,B482_ARC _B3_slice7-Ort.czi,old,glp1r,lower
45,10.0,44.7,447.0,B482_ARC _B3_slice7-Ort.czi,old,glp1r,lower
46,30.0,51.166666666666664,1535.0,B482_ARC _B3_slice7-Ort.czi,old,glp1r,lower
47,12.0,19.916666666666668,239.0,B482_ARC _B3_slice7-Ort.czi,old,glp1r,lower
48,13.0,26.0,338.0,B482_ARC _B3_slice7-Ort.czi,old,glp1r,lower
49,73.0,15.876712328767123,1159.0,B482_ARC _B3_slice7-Ort.czi,old,glp1r,lower
50,9.0,19.333333333333332,174.0,B482_ARC _B3_slice7-Ort.czi,old,glp1r,lower
51,10.0,24.5,245.0,B482_ARC _B3_slice7-Ort.czi,old,glp1r,lower
52,28.0,20.678571428571427,579.0,B482_ARC _B3_slice7-Ort.czi,old,glp1r,lower
53,1.0,13.0,13.0,B482_ARC _B3_slice7-Ort.czi,old,glp1r,lower
54,80.0,19.0625,1525.0,B482_ARC _B3_slice7-Ort.czi,old,glp1r,lower
55,83.0,17.156626506024097,1424.0,B482_ARC _B3_slice7-Ort.czi,old,glp1r,lower
56,40.0,16.225,649.0,B482_ARC _B3_slice7-Ort.czi,old,glp1r,lower
57,15.0,23.466666666666665,352.0,B482_ARC _B3_slice7-Ort.czi,old,glp1r,lower
58,57.0,16.75438596491228,955.0,B482_ARC _B3_slice7-Ort.czi,old,glp1r,lower
59,9.0,23.77777777777778,214.0,B482_ARC _B3_slice7-Ort.czi,old,glp1r,lower
60,2.0,10.0,20.0,B482_ARC _B3_slice7-Ort.czi,old,glp1r,lower
61,16.0,25.9375,415.0,B482_ARC _B3_slice7-Ort.czi,old,glp1r,lower
62,7.0,17.142857142857142,120.0,B482_ARC _B3_slice7-Ort.czi,old,glp1r,lower
63,19.0,17.842105263157894,339.0,B482_ARC _B3_slice7-Ort.czi,old,glp1r,lower
64,18.0,20.22222222222222,364.0,B482_ARC _B3_slice7-Ort.czi,old,glp1r,lower
65,14.0,25.071428571428573,351.0,B482_ARC _B3_slice7-Ort.czi,old,glp1r,lower
66,1.0,17.0,17.0,B482_ARC _B3_slice7-Ort.czi,old,glp1r,lower
67,8.0,40.5,324.0,B482_ARC _B3_slice7-Ort.czi,old,glp1r,lower
68,13.0,20.692307692307693,269.0,B482_ARC _B3_slice7-Ort.czi,old,glp1r,lower
69,61.0,16.37704918032787,999.0,B482_ARC _B3_slice7-Ort.czi,old,glp1r,lower
70,1.0,22.0,22.0,B482_ARC _B3_slice7-Ort.czi,old,glp1r,lower
71,9.0,23.555555555555557,212.0,B482_ARC _B3_slice7-Ort.czi,old,glp1r,lower
72,28.0,23.964285714285715,671.0,B482_ARC _B3_slice7-Ort.czi,old,glp1r,lower
73,2.0,15.0,30.0,B482_ARC _B3_slice7-Ort.czi,old,glp1r,lower
74,1.0,18.0,18.0,B482_ARC _B3_slice7-Ort.czi,old,glp1r,lower
75,11.0,19.90909090909091,219.0,B482_ARC _B3_slice7-Ort.czi,old,glp1r,lower
76,2.0,13.5,27.0,B482_ARC _B3_slice7-Ort.czi,old,glp1r,lower
77,4.0,20.25,81.0,B482_ARC _B3_slice7-Ort.czi,old,glp1r,lower
78,14.0,20.142857142857142,282.0,B482_ARC _B3_slice7-Ort.czi,old,glp1r,lower
79,13.0,18.384615384615383,238.99999999999997,B482_ARC _B3_slice7-Ort.czi,old,glp1r,lower
80,3.0,16.0,48.0,B482_ARC _B3_slice7-Ort.czi,old,glp1r,lower
81,17.0,14.882352941176471,253.0,B482_ARC _B3_slice7-Ort.czi,old,glp1r,lower
82,20.0,18.35,367.0,B482_ARC _B3_slice7-Ort.czi,old,glp1r,lower
83,1.0,18.0,18.0,B482_ARC _B3_slice7-Ort.czi,old,glp1r,lower
84,28.0,17.5,490.0,B482_ARC _B3_slice7-Ort.czi,old,glp1r,lower
85,123.0,15.601626016260163,1919.0,B482_ARC _B3_slice7-Ort.czi,old,glp1r,lower
86,12.0,29.0,348.0,B482_ARC _B3_slice7-Ort.czi,old,glp1r,lower
87,3.0,23.0,69.0,B482_ARC _B3_slice7-Ort.czi,old,glp1r,lower
88,16.0,14.75,236.0,B482_ARC _B3_slice7-Ort.czi,old,glp1r,lower
89,66.0,18.0,1188.0,B482_ARC _B3_slice7-Ort.czi,old,glp1r,lower
90,25.0,22.88,572.0,B482_ARC _B3_slice7-Ort.czi,old,glp1r,lower
91,36.0,29.055555555555557,1046.0,B482_ARC _B3_slice7-Ort.czi,old,glp1r,lower
92,5.0,17.0,85.0,B482_ARC _B3_slice7-Ort.czi,old,glp1r,lower
93,10.0,20.4,204.0,B482_ARC _B3_slice7-Ort.czi,old,glp1r,lower
94,2.0,12.5,25.0,B482_ARC _B3_slice7-Ort.czi,old,glp1r,lower
95,1.0,15.0,15.0,B482_ARC _B3_slice7-Ort.czi,old,glp1r,lower
96,36.0,18.805555555555557,677.0,B482_ARC _B3_slice7-Ort.czi,old,glp1r,lower
97,10.0,19.0,190.0,B482_ARC _B3_slice7-Ort.czi,old,glp1r,lower
98,1.0,20.0,20.0,B482_ARC _B3_slice7-Ort.czi,old,glp1r,lower
99,10.0,19.6,196.0,B482_ARC _B3_slice7-Ort.czi,old,glp1r,lower
100,1.0,15.0,15.0,B482_ARC _B3_slice7-Ort.czi,old,glp1r,lower
101,2.0,18.0,36.0,B482_ARC _B3_slice7-Ort.czi,old,glp1r,lower
102,17.0,35.94117647058823,611.0,B482_ARC _B3_slice7-Ort.czi,old,glp1r,lower
103,19.0,18.473684210526315,351.0,B482_ARC _B3_slice7-Ort.czi,old,glp1r,lower
104,4.0,19.5,78.0,B482_ARC _B3_slice7-Ort.czi,old,glp1r,lower
105,3.0,25.333333333333332,76.0,B482_ARC _B3_slice7-Ort.czi,old,glp1r,lower
106,1.0,12.0,12.0,B482_ARC _B3_slice7-Ort.czi,old,glp1r,lower
107,16.0,15.9375,255.0,B482_ARC _B3_slice7-Ort.czi,old,glp1r,lower
108,25.0,22.84,571.0,B482_ARC _B3_slice7-Ort.czi,old,glp1r,lower
109,50.0,16.78,839.0,B482_ARC _B3_slice7-Ort.czi,old,glp1r,lower
110,21.0,18.142857142857142,381.0,B482_ARC _B3_slice7-Ort.czi,old,glp1r,lower
111,2.0,12.5,25.0,B482_ARC _B3_slice7-Ort.czi,old,glp1r,lower
112,2.0,30.5,61.0,B482_ARC _B3_slice7-Ort.czi,old,glp1r,lower
113,7.0,16.714285714285715,117.0,B482_ARC _B3_slice7-Ort.czi,old,glp1r,lower
114,7.0,15.0,105.0,B482_ARC _B3_slice7-Ort.czi,old,glp1r,lower
115,8.0,18.125,145.0,B482_ARC _B3_slice7-Ort.czi,old,glp1r,lower
116,22.0,17.5,385.0,B482_ARC _B3_slice7-Ort.czi,old,glp1r,lower
117,52.0,16.03846153846154,834.0000000000001,B482_ARC _B3_slice7-Ort.czi,old,glp1r,lower
118,38.0,16.5,627.0,B482_ARC _B3_slice7-Ort.czi,old,glp1r,lower
119,32.0,25.5625,818.0,B482_ARC _B3_slice7-Ort.czi,old,glp1r,lower
120,11.0,18.636363636363637,205.0,B482_ARC _B3_slice7-Ort.czi,old,glp1r,lower
121,245.0,15.253061224489796,3737.0,B482_ARC _B3_slice7-Ort.czi,old,glp1r,lower
122,2.0,29.0,58.0,B482_ARC _B3_slice7-Ort.czi,old,glp1r,lower
123,15.0,19.133333333333333,287.0,B482_ARC _B3_slice7-Ort.czi,old,glp1r,lower
124,1.0,10.0,10.0,B482_ARC _B3_slice7-Ort.czi,old,glp1r,lower
125,2.0,14.5,29.0,B482_ARC _B3_slice7-Ort.czi,old,glp1r,lower
126,4.0,18.25,73.0,B482_ARC _B3_slice7-Ort.czi,old,glp1r,lower
127,7.0,16.857142857142858,118.0,B482_ARC _B3_slice7-Ort.czi,old,glp1r,lower
128,14.0,23.071428571428573,323.0,B482_ARC _B3_slice7-Ort.czi,old,glp1r,lower
129,37.0,22.27027027027027,824.0,B482_ARC _B3_slice7-Ort.czi,old,glp1r,lower
130,3.0,36.666666666666664,110.0,B482_ARC _B3_slice7-Ort.czi,old,glp1r,lower
131,7.0,25.142857142857142,176.0,B482_ARC _B3_slice7-Ort.czi,old,glp1r,lower
132,23.0,21.956521739130434,505.0,B482_ARC _B3_slice7-Ort.czi,old,glp1r,lower
133,4.0,21.25,85.0,B482_ARC _B3_slice7-Ort.czi,old,glp1r,lower
134,82.0,17.76829268292683,1457.0,B482_ARC _B3_slice7-Ort.czi,old,glp1r,lower
135,27.0,16.0,432.0,B482_ARC _B3_slice7-Ort.czi,old,glp1r,lower
136,2.0,12.0,24.0,B482_ARC _B3_slice7-Ort.czi,old,glp1r,lower
137,2.0,19.0,38.0,B482_ARC _B3_slice7-Ort.czi,old,glp1r,lower
138,26.0,15.923076923076923,414.0,B482_ARC _B3_slice7-Ort.czi,old,glp1r,lower
139,16.0,20.8125,333.0,B482_ARC _B3_slice7-Ort.czi,old,glp1r,lower
140,1.0,29.0,29.0,B482_ARC _B3_slice7-Ort.czi,old,glp1r,lower
141,416.0,18.478365384615383,7686.999999999999,B482_ARC _B3_slice7-Ort.czi,old,glp1r,lower
142,11.0,13.545454545454545,149.0,B482_ARC _B3_slice7-Ort.czi,old,glp1r,lower
143,19.0,56.78947368421053,1079.0,B482_ARC _B3_slice7-Ort.czi,old,glp1r,lower
144,63.0,18.333333333333332,1155.0,B482_ARC _B3_slice7-Ort.czi,old,glp1r,lower
145,4.0,20.75,83.0,B482_ARC _B3_slice7-Ort.czi,old,glp1r,lower
146,4.0,28.25,113.0,B482_ARC _B3_slice7-Ort.czi,old,glp1r,lower
147,1.0,16.0,16.0,B482_ARC _B3_slice7-Ort.czi,old,glp1r,lower
148,6.0,21.166666666666668,127.0,B482_ARC _B3_slice7-Ort.czi,old,glp1r,lower
149,3.0,18.0,54.0,B482_ARC _B3_slice7-Ort.czi,old,glp1r,lower
150,2.0,12.5,25.0,B482_ARC _B3_slice7-Ort.czi,old,glp1r,lower
151,10.0,19.7,197.0,B482_ARC _B3_slice7-Ort.czi,old,glp1r,lower
152,35.0,14.942857142857143,523.0,B482_ARC _B3_slice7-Ort.czi,old,glp1r,lower
153,12.0,19.916666666666668,239.0,B482_ARC _B3_slice7-Ort.czi,old,glp1r,lower
154,19.0,20.68421052631579,393.00000000000006,B482_ARC _B3_slice7-Ort.czi,old,glp1r,lower
155,5.0,15.8,79.0,B482_ARC _B3_slice7-Ort.czi,old,glp1r,lower
156,1.0,9.0,9.0,B482_ARC _B3_slice7-Ort.czi,old,glp1r,lower
157,68.0,21.823529411764707,1484.0,B482_ARC _B3_slice7-Ort.czi,old,glp1r,lower
158,12.0,16.666666666666668,200.0,B482_ARC _B3_slice7-Ort.czi,old,glp1r,lower
159,9.0,16.88888888888889,152.0,B482_ARC _B3_slice7-Ort.czi,old,glp1r,lower
160,10.0,23.8,238.0,B482_ARC _B3_slice7-Ort.czi,old,glp1r,lower
161,457.0,16.897155361050327,7721.999999999999,B482_ARC _B3_slice7-Ort.czi,old,glp1r,lower
162,13.0,16.46153846153846,213.99999999999997,B482_ARC _B3_slice7-Ort.czi,old,glp1r,lower
163,9.0,18.555555555555557,167.0,B482_ARC _B3_slice7-Ort.czi,old,glp1r,lower
164,26.0,18.26923076923077,475.0,B482_ARC _B3_slice7-Ort.czi,old,glp1r,lower
165,28.0,16.964285714285715,475.0,B482_ARC _B3_slice7-Ort.czi,old,glp1r,lower
166,14.0,46.07142857142857,645.0,B482_ARC _B3_slice7-Ort.czi,old,glp1r,lower
167,34.0,18.323529411764707,623.0,B482_ARC _B3_slice7-Ort.czi,old,glp1r,lower
168,1.0,20.0,20.0,B482_ARC _B3_slice7-Ort.czi,old,glp1r,lower
169,10.0,20.3,203.0,B482_ARC _B3_slice7-Ort.czi,old,glp1r,lower
170,9.0,34.22222222222222,308.0,B482_ARC _B3_slice7-Ort.czi,old,glp1r,lower
171,30.0,15.333333333333334,460.0,B482_ARC _B3_slice7-Ort.czi,old,glp1r,lower
172,39.0,15.076923076923077,588.0,B482_ARC _B3_slice7-Ort.czi,old,glp1r,lower
173,4.0,14.25,57.0,B482_ARC _B3_slice7-Ort.czi,old,glp1r,lower
174,32.0,18.65625,597.0,B482_ARC _B3_slice7-Ort.czi,old,glp1r,lower
175,60.0,18.616666666666667,1117.0,B482_ARC _B3_slice7-Ort.czi,old,glp1r,lower
176,23.0,17.652173913043477,405.99999999999994,B482_ARC _B3_slice7-Ort.czi,old,glp1r,lower
177,71.0,18.08450704225352,1284.0,B482_ARC _B3_slice7-Ort.czi,old,glp1r,lower
178,218.0,15.596330275229358,3400.0,B482_ARC _B3_slice7-Ort.czi,old,glp1r,lower
179,93.0,19.634408602150536,1825.9999999999998,B482_ARC _B3_slice7-Ort.czi,old,glp1r,lower
180,58.0,16.56896551724138,961.0000000000001,B482_ARC _B3_slice7-Ort.czi,old,glp1r,lower
181,31.0,16.677419354838708,517.0,B482_ARC _B3_slice7-Ort.czi,old,glp1r,lower
182,29.0,17.79310344827586,516.0,B482_ARC _B3_slice7-Ort.czi,old,glp1r,lower
183,4.0,14.0,56.0,B482_ARC _B3_slice7-Ort.czi,old,glp1r,lower
184,32.0,19.125,612.0,B482_ARC _B3_slice7-Ort.czi,old,glp1r,lower
185,5.0,14.2,71.0,B482_ARC _B3_slice7-Ort.czi,old,glp1r,lower
186,67.0,16.19402985074627,1085.0,B482_ARC _B3_slice7-Ort.czi,old,glp1r,lower
187,101.0,17.93069306930693,1811.0,B482_ARC _B3_slice7-Ort.czi,old,glp1r,lower
188,1.0,13.0,13.0,B482_ARC _B3_slice7-Ort.czi,old,glp1r,lower
189,65.0,22.70769230769231,1476.0,B482_ARC _B3_slice7-Ort.czi,old,glp1r,lower
190,39.0,16.17948717948718,631.0,B482_ARC _B3_slice7-Ort.czi,old,glp1r,lower
191,5.0,17.8,89.0,B482_ARC _B3_slice7-Ort.czi,old,glp1r,lower
192,13.0,26.384615384615383,343.0,B482_ARC _B3_slice7-Ort.czi,old,glp1r,lower
193,21.0,15.0,315.0,B482_ARC _B3_slice7-Ort.czi,old,glp1r,lower
194,32.0,15.5625,498.0,B482_ARC _B3_slice7-Ort.czi,old,glp1r,lower
195,33.0,15.848484848484848,523.0,B482_ARC _B3_slice7-Ort.czi,old,glp1r,lower
196,36.0,16.86111111111111,607.0,B482_ARC _B3_slice7-Ort.czi,old,glp1r,lower
197,93.0,18.333333333333332,1705.0,B482_ARC _B3_slice7-Ort.czi,old,glp1r,lower
198,15.0,16.0,240.0,B482_ARC _B3_slice7-Ort.czi,old,glp1r,lower
199,3.0,22.333333333333332,67.0,B482_ARC _B3_slice7-Ort.czi,old,glp1r,lower
200,74.0,17.2972972972973,1280.0,B482_ARC _B3_slice7-Ort.czi,old,glp1r,lower
201,167.0,17.2874251497006,2887.0,B482_ARC _B3_slice7-Ort.czi,old,glp1r,lower
202,2.0,16.0,32.0,B482_ARC _B3_slice7-Ort.czi,old,glp1r,lower
203,2.0,23.5,47.0,B482_ARC _B3_slice7-Ort.czi,old,glp1r,lower
204,12.0,19.583333333333332,235.0,B482_ARC _B3_slice7-Ort.czi,old,glp1r,lower
205,138.0,17.28985507246377,2386.0,B482_ARC _B3_slice7-Ort.czi,old,glp1r,lower
206,31.0,16.870967741935484,523.0,B482_ARC _B3_slice7-Ort.czi,old,glp1r,lower
207,56.0,16.732142857142858,937.0,B482_ARC _B3_slice7-Ort.czi,old,glp1r,lower
208,25.0,19.28,482.0,B482_ARC _B3_slice7-Ort.czi,old,glp1r,lower
209,8.0,17.375,139.0,B482_ARC _B3_slice7-Ort.czi,old,glp1r,lower
210,23.0,20.956521739130434,482.0,B482_ARC _B3_slice7-Ort.czi,old,glp1r,lower
211,21.0,18.0,378.0,B482_ARC _B3_slice7-Ort.czi,old,glp1r,lower
212,4.0,21.25,85.0,B482_ARC _B3_slice7-Ort.czi,old,glp1r,lower
213,34.0,16.235294117647058,552.0,B482_ARC _B3_slice7-Ort.czi,old,glp1r,lower
214,41.0,21.878048780487806,897.0,B482_ARC _B3_slice7-Ort.czi,old,glp1r,lower
215,10.0,20.6,206.0,B482_ARC _B3_slice7-Ort.czi,old,glp1r,lower
216,17.0,14.764705882352942,251.0,B482_ARC _B3_slice7-Ort.czi,old,glp1r,lower
217,1.0,20.0,20.0,B482_ARC _B3_slice7-Ort.czi,old,glp1r,lower
218,1.0,18.0,18.0,B482_ARC _B3_slice7-Ort.czi,old,glp1r,lower
219,20.0,20.2,404.0,B482_ARC _B3_slice7-Ort.czi,old,glp1r,lower
220,35.0,19.6,686.0,B482_ARC _B3_slice7-Ort.czi,old,glp1r,lower
221,1.0,8.0,8.0,B482_ARC _B3_slice7-Ort.czi,old,glp1r,lower
222,1.0,14.0,14.0,B482_ARC _B3_slice7-Ort.czi,old,glp1r,lower
223,7.0,14.285714285714286,100.0,B482_ARC _B3_slice7-Ort.czi,old,glp1r,lower
224,7.0,14.0,98.0,B482_ARC _B3_slice7-Ort.czi,old,glp1r,lower
225,78.0,18.96153846153846,1478.9999999999998,B482_ARC _B3_slice7-Ort.czi,old,glp1r,lower
226,120.0,20.116666666666667,2414.0,B482_ARC _B3_slice7-Ort.czi,old,glp1r,lower
227,18.0,21.72222222222222,391.0,B482_ARC _B3_slice7-Ort.czi,old,glp1r,lower
228,25.0,14.88,372.0,B482_ARC _B3_slice7-Ort.czi,old,glp1r,lower
229,27.0,17.185185185185187,464.00000000000006,B482_ARC _B3_slice7-Ort.czi,old,glp1r,lower
230,48.0,18.708333333333332,898.0,B482_ARC _B3_slice7-Ort.czi,old,glp1r,lower
231,2.0,16.5,33.0,B482_ARC _B3_slice7-Ort.czi,old,glp1r,lower
232,34.0,20.823529411764707,708.0,B482_ARC _B3_slice7-Ort.czi,old,glp1r,lower
233,1.0,14.0,14.0,B482_ARC _B3_slice7-Ort.czi,old,glp1r,lower
234,5.0,17.2,86.0,B482_ARC _B3_slice7-Ort.czi,old,glp1r,lower
235,3.0,14.0,42.0,B482_ARC _B3_slice7-Ort.czi,old,glp1r,lower
236,1.0,8.0,8.0,B482_ARC _B3_slice7-Ort.czi,old,glp1r,lower
237,2.0,22.0,44.0,B482_ARC _B3_slice7-Ort.czi,old,glp1r,lower
238,30.0,25.4,762.0,B482_ARC _B3_slice7-Ort.czi,old,glp1r,lower
239,49.0,20.183673469387756,989.0,B482_ARC _B3_slice7-Ort.czi,old,glp1r,lower
240,1.0,18.0,18.0,B482_ARC _B3_slice7-Ort.czi,old,glp1r,lower
241,29.0,16.862068965517242,489.0,B482_ARC _B3_slice7-Ort.czi,old,glp1r,lower
242,2.0,19.0,38.0,B482_ARC _B3_slice7-Ort.czi,old,glp1r,lower
243,106.0,21.4811320754717,2277.0,B482_ARC _B3_slice7-Ort.czi,old,glp1r,lower
244,20.0,17.45,349.0,B482_ARC _B3_slice7-Ort.czi,old,glp1r,lower
245,41.0,16.853658536585368,691.0000000000001,B482_ARC _B3_slice7-Ort.czi,old,glp1r,lower
246,6.0,15.666666666666666,94.0,B482_ARC _B3_slice7-Ort.czi,old,glp1r,lower
247,7.0,13.285714285714286,93.0,B482_ARC _B3_slice7-Ort.czi,old,glp1r,lower
248,1.0,9.0,9.0,B482_ARC _B3_slice7-Ort.czi,old,glp1r,lower
249,117.0,17.444444444444443,2040.9999999999998,B482_ARC _B3_slice7-Ort.czi,old,glp1r,lower
250,1.0,15.0,15.0,B482_ARC _B3_slice7-Ort.czi,old,glp1r,lower
251,11.0,16.90909090909091,186.0,B482_ARC _B3_slice7-Ort.czi,old,glp1r,lower
252,6.0,17.5,105.0,B482_ARC _B3_slice7-Ort.czi,old,glp1r,lower
253,12.0,16.25,195.0,B482_ARC _B3_slice7-Ort.czi,old,glp1r,lower
254,15.0,18.2,273.0,B482_ARC _B3_slice7-Ort.czi,old,glp1r,lower
255,14.0,20.357142857142858,285.0,B482_ARC _B3_slice7-Ort.czi,old,glp1r,lower
256,28.0,17.035714285714285,477.0,B482_ARC _B3_slice7-Ort.czi,old,glp1r,lower
257,9.0,17.555555555555557,158.0,B482_ARC _B3_slice7-Ort.czi,old,glp1r,lower
258,8.0,15.875,127.0,B482_ARC _B3_slice7-Ort.czi,old,glp1r,lower
259,5.0,15.4,77.0,B482_ARC _B3_slice7-Ort.czi,old,glp1r,lower
260,20.0,15.2,304.0,B482_ARC _B3_slice7-Ort.czi,old,glp1r,lower
261,18.0,18.77777777777778,338.0,B482_ARC _B3_slice7-Ort.czi,old,glp1r,lower
262,13.0,17.53846153846154,228.00000000000003,B482_ARC _B3_slice7-Ort.czi,old,glp1r,lower
263,29.0,18.0,522.0,B482_ARC _B3_slice7-Ort.czi,old,glp1r,lower
264,1.0,15.0,15.0,B482_ARC _B3_slice7-Ort.czi,old,glp1r,lower
265,40.0,17.125,685.0,B482_ARC _B3_slice7-Ort.czi,old,glp1r,lower
266,73.0,16.726027397260275,1221.0,B482_ARC _B3_slice7-Ort.czi,old,glp1r,lower
267,292.0,21.5,6278.0,B482_ARC _B3_slice7-Ort.czi,old,glp1r,lower
268,37.0,17.91891891891892,663.0,B482_ARC _B3_slice7-Ort.czi,old,glp1r,lower
269,154.0,18.525974025974026,2853.0,B482_ARC _B3_slice7-Ort.czi,old,glp1r,lower
270,7.0,19.0,133.0,B482_ARC _B3_slice7-Ort.czi,old,glp1r,lower
271,11.0,16.0,176.0,B482_ARC _B3_slice7-Ort.czi,old,glp1r,lower
272,100.0,25.82,2582.0,B482_ARC _B3_slice7-Ort.czi,old,glp1r,lower
273,26.0,28.5,741.0,B482_ARC _B3_slice7-Ort.czi,old,glp1r,lower
274,1.0,15.0,15.0,B482_ARC _B3_slice7-Ort.czi,old,glp1r,lower
275,39.0,59.94871794871795,2338.0,B482_ARC _B3_slice7-Ort.czi,old,glp1r,lower
276,32.0,17.28125,553.0,B482_ARC _B3_slice7-Ort.czi,old,glp1r,lower
277,666.0,20.024024024024023,13335.999999999998,B482_ARC _B3_slice7-Ort.czi,old,glp1r,lower
278,43.0,29.209302325581394,1256.0,B482_ARC _B3_slice7-Ort.czi,old,glp1r,lower
279,12.0,36.916666666666664,443.0,B482_ARC _B3_slice7-Ort.czi,old,glp1r,lower
280,438.0,24.863013698630137,10890.0,B482_ARC _B3_slice7-Ort.czi,old,glp1r,lower
281,10.0,22.5,225.0,B482_ARC _B3_slice7-Ort.czi,old,glp1r,lower
282,146.0,21.164383561643834,3090.0,B482_ARC _B3_slice7-Ort.czi,old,glp1r,lower
283,103.0,19.145631067961165,1972.0,B482_ARC _B3_slice7-Ort.czi,old,glp1r,lower
284,18.0,23.72222222222222,427.0,B482_ARC _B3_slice7-Ort.czi,old,glp1r,lower
285,106.0,19.80188679245283,2099.0,B482_ARC _B3_slice7-Ort.czi,old,glp1r,lower
286,9.0,57.888888888888886,521.0,B482_ARC _B3_slice7-Ort.czi,old,glp1r,lower
287,22.0,16.681818181818183,367.00000000000006,B482_ARC _B3_slice7-Ort.czi,old,glp1r,lower
288,91.0,16.736263736263737,1523.0,B482_ARC _B3_slice7-Ort.czi,old,glp1r,lower
289,2323.0,25.757640981489452,59835.0,B482_ARC _B3_slice7-Ort.czi,old,glp1r,lower
290,18.0,18.38888888888889,331.0,B482_ARC _B3_slice7-Ort.czi,old,glp1r,lower
291,18.0,21.555555555555557,388.0,B482_ARC _B3_slice7-Ort.czi,old,glp1r,lower
292,143.0,21.447552447552447,3067.0,B482_ARC _B3_slice7-Ort.czi,old,glp1r,lower
293,2.0,17.5,35.0,B482_ARC _B3_slice7-Ort.czi,old,glp1r,lower
294,56.0,45.30357142857143,2537.0,B482_ARC _B3_slice7-Ort.czi,old,glp1r,lower
295,10.0,13.3,133.0,B482_ARC _B3_slice7-Ort.czi,old,glp1r,lower
296,16.0,37.4375,599.0,B482_ARC _B3_slice7-Ort.czi,old,glp1r,lower
297,12.0,19.083333333333332,229.0,B482_ARC _B3_slice7-Ort.czi,old,glp1r,lower
298,3.0,16.666666666666668,50.0,B482_ARC _B3_slice7-Ort.czi,old,glp1r,lower
299,5.0,19.2,96.0,B482_ARC _B3_slice7-Ort.czi,old,glp1r,lower
300,29.0,28.310344827586206,821.0,B482_ARC _B3_slice7-Ort.czi,old,glp1r,lower
301,64.0,17.71875,1134.0,B482_ARC _B3_slice7-Ort.czi,old,glp1r,lower
302,719.0,26.714881780250348,19208.0,B482_ARC _B3_slice7-Ort.czi,old,glp1r,lower
303,318.0,20.49685534591195,6518.0,B482_ARC _B3_slice7-Ort.czi,old,glp1r,lower
304,65.0,19.876923076923077,1292.0,B482_ARC _B3_slice7-Ort.czi,old,glp1r,lower
305,10.0,15.5,155.0,B482_ARC _B3_slice7-Ort.czi,old,glp1r,lower
306,20.0,82.35,1647.0,B482_ARC _B3_slice7-Ort.czi,old,glp1r,lower
307,12.0,16.0,192.0,B482_ARC _B3_slice7-Ort.czi,old,glp1r,lower
308,336.0,17.154761904761905,5764.0,B482_ARC _B3_slice7-Ort.czi,old,glp1r,lower
309,812.0,23.42241379310345,19019.0,B482_ARC _B3_slice7-Ort.czi,old,glp1r,lower
310,1122.0,23.281639928698752,26122.0,B482_ARC _B3_slice7-Ort.czi,old,glp1r,lower
311,1262.0,26.233755942947703,33107.0,B482_ARC _B3_slice7-Ort.czi,old,glp1r,lower
312,2186.0,27.877859103385177,60941.0,B482_ARC _B3_slice7-Ort.czi,old,glp1r,lower
313,912.0,31.723684210526315,28932.0,B482_ARC _B3_slice7-Ort.czi,old,glp1r,lower
314,2347.0,37.69152109075415,88461.99999999999,B482_ARC _B3_slice7-Ort.czi,old,glp1r,lower
315,40.0,17.275,691.0,B482_ARC _B3_slice7-Ort.czi,old,glp1r,lower
316,1537.0,33.16590761223162,50976.0,B482_ARC _B3_slice7-Ort.czi,old,glp1r,lower
317,492.0,25.166666666666668,12382.0,B482_ARC _B3_slice7-Ort.czi,old,glp1r,lower
318,864.0,30.74884259259259,26567.0,B482_ARC _B3_slice7-Ort.czi,old,glp1r,lower
319,811.0,27.781750924784216,22531.0,B482_ARC _B3_slice7-Ort.czi,old,glp1r,lower
320,751.0,34.82822902796271,26155.999999999996,B482_ARC _B3_slice7-Ort.czi,old,glp1r,lower
321,46.0,17.76086956521739,817.0,B482_ARC _B3_slice7-Ort.czi,old,glp1r,lower
322,60.0,15.9,954.0,B482_ARC _B3_slice7-Ort.czi,old,glp1r,lower
323,2.0,18.5,37.0,B482_ARC _B3_slice7-Ort.czi,old,glp1r,lower
324,20.0,40.05,801.0,B482_ARC _B3_slice7-Ort.czi,old,glp1r,lower
325,10.0,16.7,167.0,B482_ARC _B3_slice7-Ort.czi,old,glp1r,lower
326,32.0,20.625,660.0,B482_ARC _B3_slice7-Ort.czi,old,glp1r,lower
327,717.0,29.627615062761507,21243.0,B482_ARC _B3_slice7-Ort.czi,old,glp1r,lower
328,12.0,19.583333333333332,235.0,B482_ARC _B3_slice7-Ort.czi,old,glp1r,lower
329,516.0,24.9031007751938,12850.0,B482_ARC _B3_slice7-Ort.czi,old,glp1r,lower
330,6.0,16.333333333333332,98.0,B482_ARC _B3_slice7-Ort.czi,old,glp1r,lower
331,1.0,19.0,19.0,B482_ARC _B3_slice7-Ort.czi,old,glp1r,lower
1,10.0,64.3,643.0,F656_ARC _B3_slice4-Ort.czi,old,glp1r,lower
2,53.0,40.84905660377358,2165.0,F656_ARC _B3_slice4-Ort.czi,old,glp1r,lower
3,5.0,55.2,276.0,F656_ARC _B3_slice4-Ort.czi,old,glp1r,lower
4,37.0,56.45945945945946,2089.0,F656_ARC _B3_slice4-Ort.czi,old,glp1r,lower
5,59.0,80.11864406779661,4727.0,F656_ARC _B3_slice4-Ort.czi,old,glp1r,lower
6,15.0,40.2,603.0,F656_ARC _B3_slice4-Ort.czi,old,glp1r,lower
7,8.0,28.875,231.0,F656_ARC _B3_slice4-Ort.czi,old,glp1r,lower
8,1.0,29.0,29.0,F656_ARC _B3_slice4-Ort.czi,old,glp1r,lower
9,5.0,103.4,517.0,F656_ARC _B3_slice4-Ort.czi,old,glp1r,lower
10,55.0,44.30909090909091,2437.0,F656_ARC _B3_slice4-Ort.czi,old,glp1r,lower
11,64.0,48.15625,3082.0,F656_ARC _B3_slice4-Ort.czi,old,glp1r,lower
12,60.0,54.0,3240.0,F656_ARC _B3_slice4-Ort.czi,old,glp1r,lower
13,36.0,50.25,1809.0,F656_ARC _B3_slice4-Ort.czi,old,glp1r,lower
14,1.0,33.0,33.0,F656_ARC _B3_slice4-Ort.czi,old,glp1r,lower
15,91.0,53.527472527472526,4871.0,F656_ARC _B3_slice4-Ort.czi,old,glp1r,lower
16,93.0,71.65591397849462,6664.0,F656_ARC _B3_slice4-Ort.czi,old,glp1r,lower
17,151.0,56.19867549668874,8486.0,F656_ARC _B3_slice4-Ort.czi,old,glp1r,lower
18,248.0,56.850806451612904,14099.0,F656_ARC _B3_slice4-Ort.czi,old,glp1r,lower
19,70.0,58.285714285714285,4080.0,F656_ARC _B3_slice4-Ort.czi,old,glp1r,lower
20,37.0,54.729729729729726,2024.9999999999998,F656_ARC _B3_slice4-Ort.czi,old,glp1r,lower
21,16.0,50.4375,807.0,F656_ARC _B3_slice4-Ort.czi,old,glp1r,lower
22,83.0,57.19277108433735,4747.0,F656_ARC _B3_slice4-Ort.czi,old,glp1r,lower
23,46.0,61.04347826086956,2808.0,F656_ARC _B3_slice4-Ort.czi,old,glp1r,lower
24,8.0,43.0,344.0,F656_ARC _B3_slice4-Ort.czi,old,glp1r,lower
25,21.0,93.85714285714286,1971.0,F656_ARC _B3_slice4-Ort.czi,old,glp1r,lower
26,62.0,52.354838709677416,3246.0,F656_ARC _B3_slice4-Ort.czi,old,glp1r,lower
27,13.0,46.38461538461539,603.0,F656_ARC _B3_slice4-Ort.czi,old,glp1r,lower
28,62.0,66.16129032258064,4102.0,F656_ARC _B3_slice4-Ort.czi,old,glp1r,lower
29,68.0,52.05882352941177,3540.0,F656_ARC _B3_slice4-Ort.czi,old,glp1r,lower
30,15.0,56.0,840.0,F656_ARC _B3_slice4-Ort.czi,old,glp1r,lower
31,16.0,34.1875,547.0,F656_ARC _B3_slice4-Ort.czi,old,glp1r,lower
32,126.0,47.55555555555556,5992.0,F656_ARC _B3_slice4-Ort.czi,old,glp1r,lower
33,12.0,42.916666666666664,515.0,F656_ARC _B3_slice4-Ort.czi,old,glp1r,lower
34,31.0,38.12903225806452,1182.0,F656_ARC _B3_slice4-Ort.czi,old,glp1r,lower
35,16.0,35.3125,565.0,F656_ARC _B3_slice4-Ort.czi,old,glp1r,lower
36,25.0,46.84,1171.0,F656_ARC _B3_slice4-Ort.czi,old,glp1r,lower
37,60.0,53.43333333333333,3206.0,F656_ARC _B3_slice4-Ort.czi,old,glp1r,lower
38,224.0,55.02232142857143,12325.0,F656_ARC _B3_slice4-Ort.czi,old,glp1r,lower
39,70.0,55.214285714285715,3865.0,F656_ARC _B3_slice4-Ort.czi,old,glp1r,lower
40,44.0,51.84090909090909,2281.0,F656_ARC _B3_slice4-Ort.czi,old,glp1r,lower
41,19.0,48.473684210526315,921.0,F656_ARC _B3_slice4-Ort.czi,old,glp1r,lower
42,75.0,66.48,4986.0,F656_ARC _B3_slice4-Ort.czi,old,glp1r,lower
43,61.0,49.9344262295082,3046.0,F656_ARC _B3_slice4-Ort.czi,old,glp1r,lower
44,6.0,34.333333333333336,206.0,F656_ARC _B3_slice4-Ort.czi,old,glp1r,lower
45,52.0,48.01923076923077,2497.0,F656_ARC _B3_slice4-Ort.czi,old,glp1r,lower
46,31.0,43.16129032258065,1338.0,F656_ARC _B3_slice4-Ort.czi,old,glp1r,lower
47,71.0,57.08450704225352,4053.0,F656_ARC _B3_slice4-Ort.czi,old,glp1r,lower
48,4.0,49.25,197.0,F656_ARC _B3_slice4-Ort.czi,old,glp1r,lower
49,69.0,75.6376811594203,5219.0,F656_ARC _B3_slice4-Ort.czi,old,glp1r,lower
50,29.0,37.241379310344826,1080.0,F656_ARC _B3_slice4-Ort.czi,old,glp1r,lower
51,6.0,31.666666666666668,190.0,F656_ARC _B3_slice4-Ort.czi,old,glp1r,lower
52,78.0,62.80769230769231,4899.0,F656_ARC _B3_slice4-Ort.czi,old,glp1r,lower
53,33.0,50.515151515151516,1667.0,F656_ARC _B3_slice4-Ort.czi,old,glp1r,lower
54,21.0,49.904761904761905,1048.0,F656_ARC _B3_slice4-Ort.czi,old,glp1r,lower
55,37.0,76.35135135135135,2825.0,F656_ARC _B3_slice4-Ort.czi,old,glp1r,lower
56,30.0,50.2,1506.0,F656_ARC _B3_slice4-Ort.czi,old,glp1r,lower
57,4.0,29.25,117.0,F656_ARC _B3_slice4-Ort.czi,old,glp1r,lower
58,41.0,47.78048780487805,1959.0,F656_ARC _B3_slice4-Ort.czi,old,glp1r,lower
59,14.0,49.0,686.0,F656_ARC _B3_slice4-Ort.czi,old,glp1r,lower
60,76.0,53.69736842105263,4081.0,F656_ARC _B3_slice4-Ort.czi,old,glp1r,lower
61,229.0,53.86899563318777,12336.0,F656_ARC _B3_slice4-Ort.czi,old,glp1r,lower
62,19.0,41.31578947368421,785.0,F656_ARC _B3_slice4-Ort.czi,old,glp1r,lower
63,15.0,58.8,882.0,F656_ARC _B3_slice4-Ort.czi,old,glp1r,lower
64,67.0,64.26865671641791,4306.0,F656_ARC _B3_slice4-Ort.czi,old,glp1r,lower
65,27.0,54.0,1458.0,F656_ARC _B3_slice4-Ort.czi,old,glp1r,lower
66,128.0,55.21875,7068.0,F656_ARC _B3_slice4-Ort.czi,old,glp1r,lower
67,48.0,70.125,3366.0,F656_ARC _B3_slice4-Ort.czi,old,glp1r,lower
68,161.0,135.416149068323,21802.000000000004,F656_ARC _B3_slice4-Ort.czi,old,glp1r,lower
69,63.0,61.79365079365079,3893.0,F656_ARC _B3_slice4-Ort.czi,old,glp1r,lower
70,24.0,54.791666666666664,1315.0,F656_ARC _B3_slice4-Ort.czi,old,glp1r,lower
71,204.0,56.166666666666664,11458.0,F656_ARC _B3_slice4-Ort.czi,old,glp1r,lower
72,87.0,53.39080459770115,4645.0,F656_ARC _B3_slice4-Ort.czi,old,glp1r,lower
73,129.0,62.24031007751938,8029.0,F656_ARC _B3_slice4-Ort.czi,old,glp1r,lower
74,53.0,66.37735849056604,3518.0,F656_ARC _B3_slice4-Ort.czi,old,glp1r,lower
75,24.0,48.208333333333336,1157.0,F656_ARC _B3_slice4-Ort.czi,old,glp1r,lower
76,42.0,46.88095238095238,1969.0,F656_ARC _B3_slice4-Ort.czi,old,glp1r,lower
77,96.0,48.114583333333336,4619.0,F656_ARC _B3_slice4-Ort.czi,old,glp1r,lower
78,380.0,48.17368421052632,18306.0,F656_ARC _B3_slice4-Ort.czi,old,glp1r,lower
79,18.0,51.166666666666664,921.0,F656_ARC _B3_slice4-Ort.czi,old,glp1r,lower
80,178.0,52.62359550561798,9367.0,F656_ARC _B3_slice4-Ort.czi,old,glp1r,lower
81,21.0,53.333333333333336,1120.0,F656_ARC _B3_slice4-Ort.czi,old,glp1r,lower
82,75.0,52.85333333333333,3964.0,F656_ARC _B3_slice4-Ort.czi,old,glp1r,lower
83,68.0,54.36764705882353,3697.0,F656_ARC _B3_slice4-Ort.czi,old,glp1r,lower
84,114.0,68.37719298245614,7795.0,F656_ARC _B3_slice4-Ort.czi,old,glp1r,lower
85,159.0,68.44654088050315,10883.0,F656_ARC _B3_slice4-Ort.czi,old,glp1r,lower
86,255.0,48.258823529411764,12306.0,F656_ARC _B3_slice4-Ort.czi,old,glp1r,lower
87,84.0,66.27380952380952,5567.0,F656_ARC _B3_slice4-Ort.czi,old,glp1r,lower
88,29.0,61.275862068965516,1777.0,F656_ARC _B3_slice4-Ort.czi,old,glp1r,lower
89,63.0,61.20634920634921,3856.0,F656_ARC _B3_slice4-Ort.czi,old,glp1r,lower
90,45.0,44.68888888888889,2011.0,F656_ARC _B3_slice4-Ort.czi,old,glp1r,lower
1,31.0,92.51612903225806,2868.0,B465_ARC _C3_slice6-Ort.czi,old,glp1r,lower
2,4.0,70.25,281.0,B465_ARC _C3_slice6-Ort.czi,old,glp1r,lower
3,28.0,90.14285714285714,2524.0,B465_ARC _C3_slice6-Ort.czi,old,glp1r,lower
4,4.0,54.0,216.0,B465_ARC _C3_slice6-Ort.czi,old,glp1r,lower
5,72.0,137.58333333333334,9906.0,B465_ARC _C3_slice6-Ort.czi,old,glp1r,lower
6,39.0,110.46153846153847,4308.0,B465_ARC _C3_slice6-Ort.czi,old,glp1r,lower
7,12.0,107.16666666666667,1286.0,B465_ARC _C3_slice6-Ort.czi,old,glp1r,lower
8,28.0,147.28571428571428,4124.0,B465_ARC _C3_slice6-Ort.czi,old,glp1r,lower
9,54.0,101.0925925925926,5459.0,B465_ARC _C3_slice6-Ort.czi,old,glp1r,lower
10,5.0,87.0,435.0,B465_ARC _C3_slice6-Ort.czi,old,glp1r,lower
11,1.0,131.0,131.0,B465_ARC _C3_slice6-Ort.czi,old,glp1r,lower
12,5.0,59.0,295.0,B465_ARC _C3_slice6-Ort.czi,old,glp1r,lower
13,2.0,95.5,191.0,B465_ARC _C3_slice6-Ort.czi,old,glp1r,lower
14,7.0,98.57142857142857,690.0,B465_ARC _C3_slice6-Ort.czi,old,glp1r,lower
15,8.0,155.125,1241.0,B465_ARC _C3_slice6-Ort.czi,old,glp1r,lower
16,23.0,78.21739130434783,1799.0,B465_ARC _C3_slice6-Ort.czi,old,glp1r,lower
17,37.0,93.24324324324324,3450.0,B465_ARC _C3_slice6-Ort.czi,old,glp1r,lower
18,2.0,118.0,236.0,B465_ARC _C3_slice6-Ort.czi,old,glp1r,lower
19,73.0,137.02739726027397,10003.0,B465_ARC _C3_slice6-Ort.czi,old,glp1r,lower
20,77.0,154.9090909090909,11928.0,B465_ARC _C3_slice6-Ort.czi,old,glp1r,lower
21,22.0,97.04545454545455,2135.0,B465_ARC _C3_slice6-Ort.czi,old,glp1r,lower
22,56.0,95.08928571428571,5325.0,B465_ARC _C3_slice6-Ort.czi,old,glp1r,lower
23,16.0,118.0,1888.0,B465_ARC _C3_slice6-Ort.czi,old,glp1r,lower
24,8.0,75.875,607.0,B465_ARC _C3_slice6-Ort.czi,old,glp1r,lower
25,121.0,86.84297520661157,10508.0,B465_ARC _C3_slice6-Ort.czi,old,glp1r,lower
26,5.0,65.2,326.0,B465_ARC _C3_slice6-Ort.czi,old,glp1r,lower
27,83.0,86.80722891566265,7205.0,B465_ARC _C3_slice6-Ort.czi,old,glp1r,lower
28,49.0,120.6734693877551,5913.0,B465_ARC _C3_slice6-Ort.czi,old,glp1r,lower
29,10.0,93.6,936.0,B465_ARC _C3_slice6-Ort.czi,old,glp1r,lower
30,64.0,134.890625,8633.0,B465_ARC _C3_slice6-Ort.czi,old,glp1r,lower
31,9.0,89.66666666666667,807.0,B465_ARC _C3_slice6-Ort.czi,old,glp1r,lower
32,52.0,91.0,4732.0,B465_ARC _C3_slice6-Ort.czi,old,glp1r,lower
33,20.0,119.45,2389.0,B465_ARC _C3_slice6-Ort.czi,old,glp1r,lower
34,37.0,143.16216216216216,5297.0,B465_ARC _C3_slice6-Ort.czi,old,glp1r,lower
35,58.0,74.98275862068965,4349.0,B465_ARC _C3_slice6-Ort.czi,old,glp1r,lower
36,264.0,89.22348484848484,23555.0,B465_ARC _C3_slice6-Ort.czi,old,glp1r,lower
37,98.0,130.74489795918367,12813.0,B465_ARC _C3_slice6-Ort.czi,old,glp1r,lower
38,134.0,102.2910447761194,13707.0,B465_ARC _C3_slice6-Ort.czi,old,glp1r,lower
39,40.0,93.375,3735.0,B465_ARC _C3_slice6-Ort.czi,old,glp1r,lower
40,61.0,82.29508196721312,5020.0,B465_ARC _C3_slice6-Ort.czi,old,glp1r,lower
41,56.0,132.57142857142858,7424.000000000001,B465_ARC _C3_slice6-Ort.czi,old,glp1r,lower
42,11.0,85.18181818181819,937.0,B465_ARC _C3_slice6-Ort.czi,old,glp1r,lower
43,231.0,87.87878787878788,20300.0,B465_ARC _C3_slice6-Ort.czi,old,glp1r,lower
44,53.0,126.37735849056604,6698.0,B465_ARC _C3_slice6-Ort.czi,old,glp1r,lower
45,135.0,143.3111111111111,19347.0,B465_ARC _C3_slice6-Ort.czi,old,glp1r,lower
46,153.0,119.0,18207.0,B465_ARC _C3_slice6-Ort.czi,old,glp1r,lower
47,116.0,118.83620689655173,13785.0,B465_ARC _C3_slice6-Ort.czi,old,glp1r,lower
48,119.0,96.42857142857143,11475.0,B465_ARC _C3_slice6-Ort.czi,old,glp1r,lower
49,152.0,122.96052631578948,18690.0,B465_ARC _C3_slice6-Ort.czi,old,glp1r,lower
50,200.0,121.585,24317.0,B465_ARC _C3_slice6-Ort.czi,old,glp1r,lower
51,99.0,160.62626262626262,15901.999999999998,B465_ARC _C3_slice6-Ort.czi,old,glp1r,lower
52,27.0,100.37037037037037,2710.0,B465_ARC _C3_slice6-Ort.czi,old,glp1r,lower
53,62.0,109.58064516129032,6794.0,B465_ARC _C3_slice6-Ort.czi,old,glp1r,lower
54,10.0,79.2,792.0,B465_ARC _C3_slice6-Ort.czi,old,glp1r,lower
55,54.0,145.12962962962962,7836.999999999999,B465_ARC _C3_slice6-Ort.czi,old,glp1r,lower
56,74.0,94.06756756756756,6961.0,B465_ARC _C3_slice6-Ort.czi,old,glp1r,lower
57,84.0,118.47619047619048,9952.0,B465_ARC _C3_slice6-Ort.czi,old,glp1r,lower
58,39.0,98.46153846153847,3840.0,B465_ARC _C3_slice6-Ort.czi,old,glp1r,lower
59,90.0,140.23333333333332,12620.999999999998,B465_ARC _C3_slice6-Ort.czi,old,glp1r,lower
60,37.0,80.89189189189189,2993.0,B465_ARC _C3_slice6-Ort.czi,old,glp1r,lower
61,51.0,90.6078431372549,4621.0,B465_ARC _C3_slice6-Ort.czi,old,glp1r,lower
62,11.0,81.54545454545455,897.0,B465_ARC _C3_slice6-Ort.czi,old,glp1r,lower
63,57.0,151.89473684210526,8658.0,B465_ARC _C3_slice6-Ort.czi,old,glp1r,lower
64,222.0,152.25675675675674,33801.0,B465_ARC _C3_slice6-Ort.czi,old,glp1r,lower
65,56.0,94.55357142857143,5295.0,B465_ARC _C3_slice6-Ort.czi,old,glp1r,lower
66,129.0,87.44961240310077,11281.0,B465_ARC _C3_slice6-Ort.czi,old,glp1r,lower
67,6.0,57.833333333333336,347.0,B465_ARC _C3_slice6-Ort.czi,old,glp1r,lower
68,48.0,81.125,3894.0,B465_ARC _C3_slice6-Ort.czi,old,glp1r,lower
69,43.0,118.0,5074.0,B465_ARC _C3_slice6-Ort.czi,old,glp1r,lower
70,8.0,104.0,832.0,B465_ARC _C3_slice6-Ort.czi,old,glp1r,lower
71,19.0,76.3157894736842,1450.0,B465_ARC _C3_slice6-Ort.czi,old,glp1r,lower
72,51.0,142.58823529411765,7272.0,B465_ARC _C3_slice6-Ort.czi,old,glp1r,lower
73,32.0,111.875,3580.0,B465_ARC _C3_slice6-Ort.czi,old,glp1r,lower
1,26.0,14.307692307692308,372.0,B465_ARC _C3_slice7-Ort.czi,old,glp1r,lower
2,16.0,13.375,214.0,B465_ARC _C3_slice7-Ort.czi,old,glp1r,lower
3,10.0,11.6,116.0,B465_ARC _C3_slice7-Ort.czi,old,glp1r,lower
4,7.0,11.142857142857142,78.0,B465_ARC _C3_slice7-Ort.czi,old,glp1r,lower
5,20.0,12.6,252.0,B465_ARC _C3_slice7-Ort.czi,old,glp1r,lower
6,4.0,12.75,51.0,B465_ARC _C3_slice7-Ort.czi,old,glp1r,lower
7,25.0,19.28,482.0,B465_ARC _C3_slice7-Ort.czi,old,glp1r,lower
8,4.0,13.5,54.0,B465_ARC _C3_slice7-Ort.czi,old,glp1r,lower
9,13.0,11.307692307692308,147.0,B465_ARC _C3_slice7-Ort.czi,old,glp1r,lower
10,11.0,13.545454545454545,149.0,B465_ARC _C3_slice7-Ort.czi,old,glp1r,lower
11,38.0,18.18421052631579,691.0000000000001,B465_ARC _C3_slice7-Ort.czi,old,glp1r,lower
12,12.0,18.416666666666668,221.0,B465_ARC _C3_slice7-Ort.czi,old,glp1r,lower
13,5.0,17.8,89.0,B465_ARC _C3_slice7-Ort.czi,old,glp1r,lower
14,8.0,14.625,117.0,B465_ARC _C3_slice7-Ort.czi,old,glp1r,lower
15,4.0,12.0,48.0,B465_ARC _C3_slice7-Ort.czi,old,glp1r,lower
16,74.0,14.77027027027027,1093.0,B465_ARC _C3_slice7-Ort.czi,old,glp1r,lower
17,7.0,16.428571428571427,114.99999999999999,B465_ARC _C3_slice7-Ort.czi,old,glp1r,lower
18,20.0,14.0,280.0,B465_ARC _C3_slice7-Ort.czi,old,glp1r,lower
19,39.0,18.615384615384617,726.0,B465_ARC _C3_slice7-Ort.czi,old,glp1r,lower
20,5.0,11.6,58.0,B465_ARC _C3_slice7-Ort.czi,old,glp1r,lower
21,1.0,10.0,10.0,B465_ARC _C3_slice7-Ort.czi,old,glp1r,lower
22,13.0,17.384615384615383,225.99999999999997,B465_ARC _C3_slice7-Ort.czi,old,glp1r,lower
23,24.0,11.458333333333334,275.0,B465_ARC _C3_slice7-Ort.czi,old,glp1r,lower
24,1.0,33.0,33.0,B465_ARC _C3_slice7-Ort.czi,old,glp1r,lower
25,26.0,14.615384615384615,380.0,B465_ARC _C3_slice7-Ort.czi,old,glp1r,lower
26,1.0,13.0,13.0,B465_ARC _C3_slice7-Ort.czi,old,glp1r,lower
27,54.0,14.685185185185185,793.0,B465_ARC _C3_slice7-Ort.czi,old,glp1r,lower
28,4.0,9.75,39.0,B465_ARC _C3_slice7-Ort.czi,old,glp1r,lower
29,1.0,10.0,10.0,B465_ARC _C3_slice7-Ort.czi,old,glp1r,lower
30,11.0,23.272727272727273,256.0,B465_ARC _C3_slice7-Ort.czi,old,glp1r,lower
31,8.0,9.625,77.0,B465_ARC _C3_slice7-Ort.czi,old,glp1r,lower
32,11.0,28.90909090909091,318.0,B465_ARC _C3_slice7-Ort.czi,old,glp1r,lower
33,7.0,11.428571428571429,80.0,B465_ARC _C3_slice7-Ort.czi,old,glp1r,lower
34,1.0,9.0,9.0,B465_ARC _C3_slice7-Ort.czi,old,glp1r,lower
35,43.0,14.906976744186046,641.0,B465_ARC _C3_slice7-Ort.czi,old,glp1r,lower
36,1.0,15.0,15.0,B465_ARC _C3_slice7-Ort.czi,old,glp1r,lower
37,12.0,19.166666666666668,230.0,B465_ARC _C3_slice7-Ort.czi,old,glp1r,lower
38,8.0,15.875,127.0,B465_ARC _C3_slice7-Ort.czi,old,glp1r,lower
39,7.0,19.714285714285715,138.0,B465_ARC _C3_slice7-Ort.czi,old,glp1r,lower
40,18.0,16.5,297.0,B465_ARC _C3_slice7-Ort.czi,old,glp1r,lower
41,59.0,22.135593220338983,1306.0,B465_ARC _C3_slice7-Ort.czi,old,glp1r,lower
42,40.0,10.75,430.0,B465_ARC _C3_slice7-Ort.czi,old,glp1r,lower
43,13.0,16.846153846153847,219.0,B465_ARC _C3_slice7-Ort.czi,old,glp1r,lower
44,4.0,11.25,45.0,B465_ARC _C3_slice7-Ort.czi,old,glp1r,lower
45,13.0,18.923076923076923,246.0,B465_ARC _C3_slice7-Ort.czi,old,glp1r,lower
46,38.0,13.105263157894736,498.0,B465_ARC _C3_slice7-Ort.czi,old,glp1r,lower
47,9.0,11.222222222222221,101.0,B465_ARC _C3_slice7-Ort.czi,old,glp1r,lower
48,2.0,11.0,22.0,B465_ARC _C3_slice7-Ort.czi,old,glp1r,lower
49,8.0,18.375,147.0,B465_ARC _C3_slice7-Ort.czi,old,glp1r,lower
50,33.0,33.515151515151516,1106.0,B465_ARC _C3_slice7-Ort.czi,old,glp1r,lower
51,19.0,12.736842105263158,242.0,B465_ARC _C3_slice7-Ort.czi,old,glp1r,lower
52,12.0,15.0,180.0,B465_ARC _C3_slice7-Ort.czi,old,glp1r,lower
53,16.0,12.25,196.0,B465_ARC _C3_slice7-Ort.czi,old,glp1r,lower
54,66.0,11.590909090909092,765.0,B465_ARC _C3_slice7-Ort.czi,old,glp1r,lower
55,17.0,16.11764705882353,274.0,B465_ARC _C3_slice7-Ort.czi,old,glp1r,lower
56,7.0,12.571428571428571,88.0,B465_ARC _C3_slice7-Ort.czi,old,glp1r,lower
57,24.0,18.083333333333332,434.0,B465_ARC _C3_slice7-Ort.czi,old,glp1r,lower
58,20.0,13.2,264.0,B465_ARC _C3_slice7-Ort.czi,old,glp1r,lower
59,1.0,21.0,21.0,B465_ARC _C3_slice7-Ort.czi,old,glp1r,lower
60,3.0,11.666666666666666,35.0,B465_ARC _C3_slice7-Ort.czi,old,glp1r,lower
61,28.0,16.571428571428573,464.00000000000006,B465_ARC _C3_slice7-Ort.czi,old,glp1r,lower
62,10.0,17.6,176.0,B465_ARC _C3_slice7-Ort.czi,old,glp1r,lower
63,32.0,12.1875,390.0,B465_ARC _C3_slice7-Ort.czi,old,glp1r,lower
64,9.0,13.222222222222221,119.0,B465_ARC _C3_slice7-Ort.czi,old,glp1r,lower
65,28.0,13.321428571428571,373.0,B465_ARC _C3_slice7-Ort.czi,old,glp1r,lower
66,5.0,29.6,148.0,B465_ARC _C3_slice7-Ort.czi,old,glp1r,lower
67,1.0,10.0,10.0,B465_ARC _C3_slice7-Ort.czi,old,glp1r,lower
68,170.0,12.170588235294117,2069.0,B465_ARC _C3_slice7-Ort.czi,old,glp1r,lower
69,2.0,7.0,14.0,B465_ARC _C3_slice7-Ort.czi,old,glp1r,lower
70,10.0,24.9,249.0,B465_ARC _C3_slice7-Ort.czi,old,glp1r,lower
71,34.0,13.147058823529411,447.0,B465_ARC _C3_slice7-Ort.czi,old,glp1r,lower
72,1.0,12.0,12.0,B465_ARC _C3_slice7-Ort.czi,old,glp1r,lower
73,55.0,13.163636363636364,724.0,B465_ARC _C3_slice7-Ort.czi,old,glp1r,lower
74,3.0,10.333333333333334,31.0,B465_ARC _C3_slice7-Ort.czi,old,glp1r,lower
75,88.0,13.534090909090908,1191.0,B465_ARC _C3_slice7-Ort.czi,old,glp1r,lower
76,33.0,14.666666666666666,484.0,B465_ARC _C3_slice7-Ort.czi,old,glp1r,lower
77,27.0,14.777777777777779,399.0,B465_ARC _C3_slice7-Ort.czi,old,glp1r,lower
78,2.0,7.5,15.0,B465_ARC _C3_slice7-Ort.czi,old,glp1r,lower
79,8.0,14.875,119.0,B465_ARC _C3_slice7-Ort.czi,old,glp1r,lower
80,42.0,21.333333333333332,896.0,B465_ARC _C3_slice7-Ort.czi,old,glp1r,lower
81,23.0,13.608695652173912,313.0,B465_ARC _C3_slice7-Ort.czi,old,glp1r,lower
82,19.0,12.473684210526315,237.0,B465_ARC _C3_slice7-Ort.czi,old,glp1r,lower
83,67.0,12.194029850746269,817.0,B465_ARC _C3_slice7-Ort.czi,old,glp1r,lower
84,7.0,9.0,63.0,B465_ARC _C3_slice7-Ort.czi,old,glp1r,lower
85,17.0,18.529411764705884,315.0,B465_ARC _C3_slice7-Ort.czi,old,glp1r,lower
86,4.0,11.75,47.0,B465_ARC _C3_slice7-Ort.czi,old,glp1r,lower
87,16.0,11.5625,185.0,B465_ARC _C3_slice7-Ort.czi,old,glp1r,lower
88,18.0,21.88888888888889,394.0,B465_ARC _C3_slice7-Ort.czi,old,glp1r,lower
89,19.0,15.368421052631579,292.0,B465_ARC _C3_slice7-Ort.czi,old,glp1r,lower
90,12.0,14.916666666666666,179.0,B465_ARC _C3_slice7-Ort.czi,old,glp1r,lower
91,22.0,11.681818181818182,257.0,B465_ARC _C3_slice7-Ort.czi,old,glp1r,lower
92,13.0,14.384615384615385,187.0,B465_ARC _C3_slice7-Ort.czi,old,glp1r,lower
93,1.0,11.0,11.0,B465_ARC _C3_slice7-Ort.czi,old,glp1r,lower
94,59.0,14.76271186440678,871.0,B465_ARC _C3_slice7-Ort.czi,old,glp1r,lower
95,4.0,11.0,44.0,B465_ARC _C3_slice7-Ort.czi,old,glp1r,lower
96,73.0,11.726027397260275,856.0,B465_ARC _C3_slice7-Ort.czi,old,glp1r,lower
97,68.0,34.23529411764706,2328.0,B465_ARC _C3_slice7-Ort.czi,old,glp1r,lower
98,28.0,14.285714285714286,400.0,B465_ARC _C3_slice7-Ort.czi,old,glp1r,lower
99,30.0,13.133333333333333,394.0,B465_ARC _C3_slice7-Ort.czi,old,glp1r,lower
100,121.0,11.066115702479339,1339.0,B465_ARC _C3_slice7-Ort.czi,old,glp1r,lower
101,2.0,9.0,18.0,B465_ARC _C3_slice7-Ort.czi,old,glp1r,lower
102,4.0,10.75,43.0,B465_ARC _C3_slice7-Ort.czi,old,glp1r,lower
103,26.0,15.73076923076923,409.0,B465_ARC _C3_slice7-Ort.czi,old,glp1r,lower
104,2.0,23.0,46.0,B465_ARC _C3_slice7-Ort.czi,old,glp1r,lower
105,4.0,11.0,44.0,B465_ARC _C3_slice7-Ort.czi,old,glp1r,lower
106,1.0,14.0,14.0,B465_ARC _C3_slice7-Ort.czi,old,glp1r,lower
107,22.0,11.181818181818182,246.0,B465_ARC _C3_slice7-Ort.czi,old,glp1r,lower
108,78.0,10.666666666666666,832.0,B465_ARC _C3_slice7-Ort.czi,old,glp1r,lower
109,64.0,13.09375,838.0,B465_ARC _C3_slice7-Ort.czi,old,glp1r,lower
110,10.0,11.5,115.0,B465_ARC _C3_slice7-Ort.czi,old,glp1r,lower
111,78.0,10.58974358974359,826.0,B465_ARC _C3_slice7-Ort.czi,old,glp1r,lower
112,2.0,12.0,24.0,B465_ARC _C3_slice7-Ort.czi,old,glp1r,lower
113,24.0,11.0,264.0,B465_ARC _C3_slice7-Ort.czi,old,glp1r,lower
114,23.0,14.73913043478261,339.0,B465_ARC _C3_slice7-Ort.czi,old,glp1r,lower
115,37.0,22.27027027027027,824.0,B465_ARC _C3_slice7-Ort.czi,old,glp1r,lower
116,62.0,20.048387096774192,1243.0,B465_ARC _C3_slice7-Ort.czi,old,glp1r,lower
117,13.0,10.461538461538462,136.0,B465_ARC _C3_slice7-Ort.czi,old,glp1r,lower
118,9.0,15.222222222222221,137.0,B465_ARC _C3_slice7-Ort.czi,old,glp1r,lower
119,36.0,11.416666666666666,411.0,B465_ARC _C3_slice7-Ort.czi,old,glp1r,lower
120,28.0,12.25,343.0,B465_ARC _C3_slice7-Ort.czi,old,glp1r,lower
121,27.0,13.703703703703704,370.0,B465_ARC _C3_slice7-Ort.czi,old,glp1r,lower
122,36.0,13.36111111111111,481.0,B465_ARC _C3_slice7-Ort.czi,old,glp1r,lower
123,4.0,17.25,69.0,B465_ARC _C3_slice7-Ort.czi,old,glp1r,lower
124,70.0,13.085714285714285,916.0,B465_ARC _C3_slice7-Ort.czi,old,glp1r,lower
125,53.0,12.867924528301886,682.0,B465_ARC _C3_slice7-Ort.czi,old,glp1r,lower
126,75.0,12.92,969.0,B465_ARC _C3_slice7-Ort.czi,old,glp1r,lower
127,1.0,10.0,10.0,B465_ARC _C3_slice7-Ort.czi,old,glp1r,lower
128,7.0,10.0,70.0,B465_ARC _C3_slice7-Ort.czi,old,glp1r,lower
129,10.0,13.5,135.0,B465_ARC _C3_slice7-Ort.czi,old,glp1r,lower
130,3.0,10.333333333333334,31.0,B465_ARC _C3_slice7-Ort.czi,old,glp1r,lower
131,7.0,9.714285714285714,68.0,B465_ARC _C3_slice7-Ort.czi,old,glp1r,lower
132,60.0,21.933333333333334,1316.0,B465_ARC _C3_slice7-Ort.czi,old,glp1r,lower
133,28.0,13.892857142857142,389.0,B465_ARC _C3_slice7-Ort.czi,old,glp1r,lower
134,20.0,23.2,464.0,B465_ARC _C3_slice7-Ort.czi,old,glp1r,lower
135,36.0,12.916666666666666,465.0,B465_ARC _C3_slice7-Ort.czi,old,glp1r,lower
136,22.0,13.090909090909092,288.0,B465_ARC _C3_slice7-Ort.czi,old,glp1r,lower
137,3.0,13.666666666666666,41.0,B465_ARC _C3_slice7-Ort.czi,old,glp1r,lower
138,8.0,12.875,103.0,B465_ARC _C3_slice7-Ort.czi,old,glp1r,lower
139,10.0,17.6,176.0,B465_ARC _C3_slice7-Ort.czi,old,glp1r,lower
140,9.0,12.333333333333334,111.0,B465_ARC _C3_slice7-Ort.czi,old,glp1r,lower
141,46.0,19.065217391304348,877.0,B465_ARC _C3_slice7-Ort.czi,old,glp1r,lower
142,23.0,12.434782608695652,286.0,B465_ARC _C3_slice7-Ort.czi,old,glp1r,lower
143,8.0,11.375,91.0,B465_ARC _C3_slice7-Ort.czi,old,glp1r,lower
144,25.0,12.68,317.0,B465_ARC _C3_slice7-Ort.czi,old,glp1r,lower
145,2.0,11.0,22.0,B465_ARC _C3_slice7-Ort.czi,old,glp1r,lower
146,2.0,12.0,24.0,B465_ARC _C3_slice7-Ort.czi,old,glp1r,lower
147,50.0,13.46,673.0,B465_ARC _C3_slice7-Ort.czi,old,glp1r,lower
148,6.0,19.833333333333332,119.0,B465_ARC _C3_slice7-Ort.czi,old,glp1r,lower
149,6.0,9.666666666666666,58.0,B465_ARC _C3_slice7-Ort.czi,old,glp1r,lower
150,68.0,19.602941176470587,1333.0,B465_ARC _C3_slice7-Ort.czi,old,glp1r,lower
151,26.0,13.5,351.0,B465_ARC _C3_slice7-Ort.czi,old,glp1r,lower
152,132.0,24.015151515151516,3170.0,B465_ARC _C3_slice7-Ort.czi,old,glp1r,lower
153,9.0,11.444444444444445,103.0,B465_ARC _C3_slice7-Ort.czi,old,glp1r,lower
154,14.0,12.642857142857142,177.0,B465_ARC _C3_slice7-Ort.czi,old,glp1r,lower
155,3.0,12.0,36.0,B465_ARC _C3_slice7-Ort.czi,old,glp1r,lower
156,1.0,11.0,11.0,B465_ARC _C3_slice7-Ort.czi,old,glp1r,lower
157,11.0,18.363636363636363,202.0,B465_ARC _C3_slice7-Ort.czi,old,glp1r,lower
158,1.0,15.0,15.0,B465_ARC _C3_slice7-Ort.czi,old,glp1r,lower
159,8.0,10.875,87.0,B465_ARC _C3_slice7-Ort.czi,old,glp1r,lower
160,11.0,28.818181818181817,317.0,B465_ARC _C3_slice7-Ort.czi,old,glp1r,lower
161,4.0,17.25,69.0,B465_ARC _C3_slice7-Ort.czi,old,glp1r,lower
162,27.0,12.25925925925926,331.0,B465_ARC _C3_slice7-Ort.czi,old,glp1r,lower
163,18.0,11.722222222222221,211.0,B465_ARC _C3_slice7-Ort.czi,old,glp1r,lower
164,9.0,15.666666666666666,141.0,B465_ARC _C3_slice7-Ort.czi,old,glp1r,lower
165,71.0,14.154929577464788,1005.0,B465_ARC _C3_slice7-Ort.czi,old,glp1r,lower
166,7.0,15.571428571428571,109.0,B465_ARC _C3_slice7-Ort.czi,old,glp1r,lower
167,1.0,13.0,13.0,B465_ARC _C3_slice7-Ort.czi,old,glp1r,lower
168,1.0,16.0,16.0,B465_ARC _C3_slice7-Ort.czi,old,glp1r,lower
169,3.0,11.333333333333334,34.0,B465_ARC _C3_slice7-Ort.czi,old,glp1r,lower
170,5.0,16.2,81.0,B465_ARC _C3_slice7-Ort.czi,old,glp1r,lower
171,4.0,16.0,64.0,B465_ARC _C3_slice7-Ort.czi,old,glp1r,lower
172,25.0,14.84,371.0,B465_ARC _C3_slice7-Ort.czi,old,glp1r,lower
173,14.0,15.571428571428571,218.0,B465_ARC _C3_slice7-Ort.czi,old,glp1r,lower
174,5.0,16.0,80.0,B465_ARC _C3_slice7-Ort.czi,old,glp1r,lower
175,50.0,24.28,1214.0,B465_ARC _C3_slice7-Ort.czi,old,glp1r,lower
176,78.0,14.794871794871796,1154.0,B465_ARC _C3_slice7-Ort.czi,old,glp1r,lower
177,60.0,22.533333333333335,1352.0,B465_ARC _C3_slice7-Ort.czi,old,glp1r,lower
178,12.0,13.25,159.0,B465_ARC _C3_slice7-Ort.czi,old,glp1r,lower
179,32.0,17.25,552.0,B465_ARC _C3_slice7-Ort.czi,old,glp1r,lower
180,3.0,9.666666666666666,29.0,B465_ARC _C3_slice7-Ort.czi,old,glp1r,lower
181,1.0,14.0,14.0,B465_ARC _C3_slice7-Ort.czi,old,glp1r,lower
182,11.0,13.818181818181818,152.0,B465_ARC _C3_slice7-Ort.czi,old,glp1r,lower
183,40.0,14.9,596.0,B465_ARC _C3_slice7-Ort.czi,old,glp1r,lower
184,9.0,14.666666666666666,132.0,B465_ARC _C3_slice7-Ort.czi,old,glp1r,lower
185,11.0,20.09090909090909,221.0,B465_ARC _C3_slice7-Ort.czi,old,glp1r,lower
186,8.0,15.375,123.0,B465_ARC _C3_slice7-Ort.czi,old,glp1r,lower
187,7.0,14.428571428571429,101.0,B465_ARC _C3_slice7-Ort.czi,old,glp1r,lower
188,32.0,17.46875,559.0,B465_ARC _C3_slice7-Ort.czi,old,glp1r,lower
189,9.0,17.88888888888889,161.0,B465_ARC _C3_slice7-Ort.czi,old,glp1r,lower
190,12.0,15.333333333333334,184.0,B465_ARC _C3_slice7-Ort.czi,old,glp1r,lower
191,1.0,14.0,14.0,B465_ARC _C3_slice7-Ort.czi,old,glp1r,lower
192,10.0,12.8,128.0,B465_ARC _C3_slice7-Ort.czi,old,glp1r,lower
193,1.0,10.0,10.0,B465_ARC _C3_slice7-Ort.czi,old,glp1r,lower
194,72.0,35.263888888888886,2539.0,B465_ARC _C3_slice7-Ort.czi,old,glp1r,lower
195,86.0,16.674418604651162,1434.0,B465_ARC _C3_slice7-Ort.czi,old,glp1r,lower
196,20.0,15.2,304.0,B465_ARC _C3_slice7-Ort.czi,old,glp1r,lower
197,5.0,9.2,46.0,B465_ARC _C3_slice7-Ort.czi,old,glp1r,lower
198,9.0,13.777777777777779,124.0,B465_ARC _C3_slice7-Ort.czi,old,glp1r,lower
199,19.0,13.842105263157896,263.0,B465_ARC _C3_slice7-Ort.czi,old,glp1r,lower
200,30.0,12.633333333333333,379.0,B465_ARC _C3_slice7-Ort.czi,old,glp1r,lower
201,29.0,39.689655172413794,1151.0,B465_ARC _C3_slice7-Ort.czi,old,glp1r,lower
202,1.0,8.0,8.0,B465_ARC _C3_slice7-Ort.czi,old,glp1r,lower
203,8.0,16.75,134.0,B465_ARC _C3_slice7-Ort.czi,old,glp1r,lower
204,10.0,22.3,223.0,B465_ARC _C3_slice7-Ort.czi,old,glp1r,lower
205,2.0,17.5,35.0,B465_ARC _C3_slice7-Ort.czi,old,glp1r,lower
206,23.0,14.782608695652174,340.0,B465_ARC _C3_slice7-Ort.czi,old,glp1r,lower
207,4.0,10.0,40.0,B465_ARC _C3_slice7-Ort.czi,old,glp1r,lower
208,18.0,11.11111111111111,200.0,B465_ARC _C3_slice7-Ort.czi,old,glp1r,lower
209,49.0,27.142857142857142,1330.0,B465_ARC _C3_slice7-Ort.czi,old,glp1r,lower
210,29.0,19.655172413793103,570.0,B465_ARC _C3_slice7-Ort.czi,old,glp1r,lower
211,42.0,19.5,819.0,B465_ARC _C3_slice7-Ort.czi,old,glp1r,lower
212,25.0,10.32,258.0,B465_ARC _C3_slice7-Ort.czi,old,glp1r,lower
213,4.0,38.25,153.0,B465_ARC _C3_slice7-Ort.czi,old,glp1r,lower
214,80.0,16.2125,1297.0,B465_ARC _C3_slice7-Ort.czi,old,glp1r,lower
215,71.0,22.464788732394368,1595.0,B465_ARC _C3_slice7-Ort.czi,old,glp1r,lower
216,16.0,10.0,160.0,B465_ARC _C3_slice7-Ort.czi,old,glp1r,lower
217,3.0,15.666666666666666,47.0,B465_ARC _C3_slice7-Ort.czi,old,glp1r,lower
218,13.0,13.153846153846153,171.0,B465_ARC _C3_slice7-Ort.czi,old,glp1r,lower
219,4.0,14.25,57.0,B465_ARC _C3_slice7-Ort.czi,old,glp1r,lower
220,63.0,12.80952380952381,807.0,B465_ARC _C3_slice7-Ort.czi,old,glp1r,lower
221,16.0,17.0,272.0,B465_ARC _C3_slice7-Ort.czi,old,glp1r,lower
222,66.0,20.106060606060606,1327.0,B465_ARC _C3_slice7-Ort.czi,old,glp1r,lower
223,9.0,18.11111111111111,163.0,B465_ARC _C3_slice7-Ort.czi,old,glp1r,lower
224,18.0,17.38888888888889,313.0,B465_ARC _C3_slice7-Ort.czi,old,glp1r,lower
225,35.0,12.028571428571428,421.0,B465_ARC _C3_slice7-Ort.czi,old,glp1r,lower
226,3.0,10.666666666666666,32.0,B465_ARC _C3_slice7-Ort.czi,old,glp1r,lower
227,67.0,31.29850746268657,2097.0,B465_ARC _C3_slice7-Ort.czi,old,glp1r,lower
228,105.0,14.133333333333333,1484.0,B465_ARC _C3_slice7-Ort.czi,old,glp1r,lower
229,12.0,15.5,186.0,B465_ARC _C3_slice7-Ort.czi,old,glp1r,lower
230,30.0,12.333333333333334,370.0,B465_ARC _C3_slice7-Ort.czi,old,glp1r,lower
231,134.0,25.149253731343283,3370.0,B465_ARC _C3_slice7-Ort.czi,old,glp1r,lower
232,23.0,12.956521739130435,298.0,B465_ARC _C3_slice7-Ort.czi,old,glp1r,lower
233,54.0,14.203703703703704,767.0,B465_ARC _C3_slice7-Ort.czi,old,glp1r,lower
234,34.0,14.294117647058824,486.0,B465_ARC _C3_slice7-Ort.czi,old,glp1r,lower
235,6.0,22.333333333333332,134.0,B465_ARC _C3_slice7-Ort.czi,old,glp1r,lower
236,14.0,13.285714285714286,186.0,B465_ARC _C3_slice7-Ort.czi,old,glp1r,lower
237,39.0,12.871794871794872,502.0,B465_ARC _C3_slice7-Ort.czi,old,glp1r,lower
238,211.0,21.127962085308056,4458.0,B465_ARC _C3_slice7-Ort.czi,old,glp1r,lower
239,39.0,16.53846153846154,645.0000000000001,B465_ARC _C3_slice7-Ort.czi,old,glp1r,lower
240,24.0,12.291666666666666,295.0,B465_ARC _C3_slice7-Ort.czi,old,glp1r,lower
241,12.0,14.416666666666666,173.0,B465_ARC _C3_slice7-Ort.czi,old,glp1r,lower
242,8.0,19.375,155.0,B465_ARC _C3_slice7-Ort.czi,old,glp1r,lower
243,35.0,20.142857142857142,705.0,B465_ARC _C3_slice7-Ort.czi,old,glp1r,lower
244,156.0,39.67948717948718,6190.0,B465_ARC _C3_slice7-Ort.czi,old,glp1r,lower
245,29.0,15.10344827586207,438.0,B465_ARC _C3_slice7-Ort.czi,old,glp1r,lower
246,2.0,25.0,50.0,B465_ARC _C3_slice7-Ort.czi,old,glp1r,lower
247,46.0,12.0,552.0,B465_ARC _C3_slice7-Ort.czi,old,glp1r,lower
248,30.0,15.7,471.0,B465_ARC _C3_slice7-Ort.czi,old,glp1r,lower
249,37.0,20.486486486486488,758.0,B465_ARC _C3_slice7-Ort.czi,old,glp1r,lower
250,98.0,27.214285714285715,2667.0,B465_ARC _C3_slice7-Ort.czi,old,glp1r,lower
251,80.0,14.95,1196.0,B465_ARC _C3_slice7-Ort.czi,old,glp1r,lower
252,12.0,13.25,159.0,B465_ARC _C3_slice7-Ort.czi,old,glp1r,lower
253,70.0,17.414285714285715,1219.0,B465_ARC _C3_slice7-Ort.czi,old,glp1r,lower
254,85.0,21.129411764705882,1796.0,B465_ARC _C3_slice7-Ort.czi,old,glp1r,lower
255,81.0,15.08641975308642,1222.0,B465_ARC _C3_slice7-Ort.czi,old,glp1r,lower
256,81.0,25.65432098765432,2078.0,B465_ARC _C3_slice7-Ort.czi,old,glp1r,lower
257,62.0,21.20967741935484,1315.0,B465_ARC _C3_slice7-Ort.czi,old,glp1r,lower
258,97.0,30.288659793814432,2938.0,B465_ARC _C3_slice7-Ort.czi,old,glp1r,lower
259,30.0,15.566666666666666,467.0,B465_ARC _C3_slice7-Ort.czi,old,glp1r,lower
260,140.0,15.642857142857142,2190.0,B465_ARC _C3_slice7-Ort.czi,old,glp1r,lower
261,1.0,12.0,12.0,B465_ARC _C3_slice7-Ort.czi,old,glp1r,lower
262,8.0,15.75,126.0,B465_ARC _C3_slice7-Ort.czi,old,glp1r,lower
263,18.0,14.88888888888889,268.0,B465_ARC _C3_slice7-Ort.czi,old,glp1r,lower
264,159.0,21.867924528301888,3477.0,B465_ARC _C3_slice7-Ort.czi,old,glp1r,lower
265,1.0,7.0,7.0,B465_ARC _C3_slice7-Ort.czi,old,glp1r,lower
266,178.0,33.348314606741575,5936.0,B465_ARC _C3_slice7-Ort.czi,old,glp1r,lower
267,3.0,13.0,39.0,B465_ARC _C3_slice7-Ort.czi,old,glp1r,lower
268,289.0,20.301038062283737,5867.0,B465_ARC _C3_slice7-Ort.czi,old,glp1r,lower
269,54.0,28.09259259259259,1517.0,B465_ARC _C3_slice7-Ort.czi,old,glp1r,lower
270,29.0,33.172413793103445,961.9999999999999,B465_ARC _C3_slice7-Ort.czi,old,glp1r,lower
271,70.0,26.8,1876.0,B465_ARC _C3_slice7-Ort.czi,old,glp1r,lower
272,5.0,17.2,86.0,B465_ARC _C3_slice7-Ort.czi,old,glp1r,lower
273,97.0,30.412371134020617,2950.0,B465_ARC _C3_slice7-Ort.czi,old,glp1r,lower
274,219.0,15.474885844748858,3389.0,B465_ARC _C3_slice7-Ort.czi,old,glp1r,lower
275,108.0,19.89814814814815,2149.0,B465_ARC _C3_slice7-Ort.czi,old,glp1r,lower
276,19.0,14.473684210526315,275.0,B465_ARC _C3_slice7-Ort.czi,old,glp1r,lower
277,59.0,12.847457627118644,758.0,B465_ARC _C3_slice7-Ort.czi,old,glp1r,lower
278,16.0,11.875,190.0,B465_ARC _C3_slice7-Ort.czi,old,glp1r,lower
279,44.0,12.113636363636363,533.0,B465_ARC _C3_slice7-Ort.czi,old,glp1r,lower
280,4.0,8.5,34.0,B465_ARC _C3_slice7-Ort.czi,old,glp1r,lower
281,12.0,12.333333333333334,148.0,B465_ARC _C3_slice7-Ort.czi,old,glp1r,lower
282,91.0,18.846153846153847,1715.0,B465_ARC _C3_slice7-Ort.czi,old,glp1r,lower
283,162.0,30.771604938271604,4985.0,B465_ARC _C3_slice7-Ort.czi,old,glp1r,lower
284,308.0,36.243506493506494,11163.0,B465_ARC _C3_slice7-Ort.czi,old,glp1r,lower
285,47.0,11.148936170212766,524.0,B465_ARC _C3_slice7-Ort.czi,old,glp1r,lower
286,8.0,15.5,124.0,B465_ARC _C3_slice7-Ort.czi,old,glp1r,lower
287,5.0,13.6,68.0,B465_ARC _C3_slice7-Ort.czi,old,glp1r,lower
288,45.0,15.466666666666667,696.0,B465_ARC _C3_slice7-Ort.czi,old,glp1r,lower
289,64.0,11.75,752.0,B465_ARC _C3_slice7-Ort.czi,old,glp1r,lower
290,14.0,39.57142857142857,554.0,B465_ARC _C3_slice7-Ort.czi,old,glp1r,lower
291,13.0,14.0,182.0,B465_ARC _C3_slice7-Ort.czi,old,glp1r,lower
292,24.0,16.791666666666668,403.0,B465_ARC _C3_slice7-Ort.czi,old,glp1r,lower
293,127.0,17.73228346456693,2252.0,B465_ARC _C3_slice7-Ort.czi,old,glp1r,lower
294,32.0,16.8125,538.0,B465_ARC _C3_slice7-Ort.czi,old,glp1r,lower
295,158.0,31.556962025316455,4986.0,B465_ARC _C3_slice7-Ort.czi,old,glp1r,lower
296,116.0,24.051724137931036,2790.0,B465_ARC _C3_slice7-Ort.czi,old,glp1r,lower
297,26.0,14.384615384615385,374.0,B465_ARC _C3_slice7-Ort.czi,old,glp1r,lower
298,68.0,27.676470588235293,1882.0,B465_ARC _C3_slice7-Ort.czi,old,glp1r,lower
299,154.0,22.435064935064936,3455.0,B465_ARC _C3_slice7-Ort.czi,old,glp1r,lower
300,96.0,21.229166666666668,2038.0,B465_ARC _C3_slice7-Ort.czi,old,glp1r,lower
301,9.0,17.0,153.0,B465_ARC _C3_slice7-Ort.czi,old,glp1r,lower
302,52.0,18.26923076923077,950.0,B465_ARC _C3_slice7-Ort.czi,old,glp1r,lower
303,44.0,14.045454545454545,618.0,B465_ARC _C3_slice7-Ort.czi,old,glp1r,lower
304,281.0,36.99644128113879,10396.0,B465_ARC _C3_slice7-Ort.czi,old,glp1r,lower
305,27.0,37.851851851851855,1022.0000000000001,B465_ARC _C3_slice7-Ort.czi,old,glp1r,lower
306,207.0,25.78743961352657,5338.0,B465_ARC _C3_slice7-Ort.czi,old,glp1r,lower
307,99.0,18.272727272727273,1809.0,B465_ARC _C3_slice7-Ort.czi,old,glp1r,lower
308,8.0,10.5,84.0,B465_ARC _C3_slice7-Ort.czi,old,glp1r,lower
309,68.0,17.529411764705884,1192.0,B465_ARC _C3_slice7-Ort.czi,old,glp1r,lower
310,1.0,8.0,8.0,B465_ARC _C3_slice7-Ort.czi,old,glp1r,lower
311,108.0,18.87037037037037,2038.0,B465_ARC _C3_slice7-Ort.czi,old,glp1r,lower
312,60.0,13.516666666666667,811.0,B465_ARC _C3_slice7-Ort.czi,old,glp1r,lower
313,79.0,32.31645569620253,2553.0,B465_ARC _C3_slice7-Ort.czi,old,glp1r,lower
314,8.0,8.75,70.0,B465_ARC _C3_slice7-Ort.czi,old,glp1r,lower
315,8.0,13.375,107.0,B465_ARC _C3_slice7-Ort.czi,old,glp1r,lower
316,71.0,12.80281690140845,909.0,B465_ARC _C3_slice7-Ort.czi,old,glp1r,lower
317,46.0,14.608695652173912,672.0,B465_ARC _C3_slice7-Ort.czi,old,glp1r,lower
318,9.0,18.22222222222222,164.0,B465_ARC _C3_slice7-Ort.czi,old,glp1r,lower
319,66.0,21.757575757575758,1436.0,B465_ARC _C3_slice7-Ort.czi,old,glp1r,lower
320,23.0,12.478260869565217,287.0,B465_ARC _C3_slice7-Ort.czi,old,glp1r,lower
321,5.0,12.0,60.0,B465_ARC _C3_slice7-Ort.czi,old,glp1r,lower
322,10.0,19.9,199.0,B465_ARC _C3_slice7-Ort.czi,old,glp1r,lower
323,30.0,11.966666666666667,359.0,B465_ARC _C3_slice7-Ort.czi,old,glp1r,lower
324,30.0,16.533333333333335,496.00000000000006,B465_ARC _C3_slice7-Ort.czi,old,glp1r,lower
325,134.0,12.417910447761194,1664.0,B465_ARC _C3_slice7-Ort.czi,old,glp1r,lower
326,48.0,11.854166666666666,569.0,B465_ARC _C3_slice7-Ort.czi,old,glp1r,lower
327,16.0,12.1875,195.0,B465_ARC _C3_slice7-Ort.czi,old,glp1r,lower
328,394.0,10.725888324873097,4226.0,B465_ARC _C3_slice7-Ort.czi,old,glp1r,lower
329,109.0,22.08256880733945,2407.0,B465_ARC _C3_slice7-Ort.czi,old,glp1r,lower
330,4.0,13.0,52.0,B465_ARC _C3_slice7-Ort.czi,old,glp1r,lower
331,28.0,16.75,469.0,B465_ARC _C3_slice7-Ort.czi,old,glp1r,lower
332,48.0,19.916666666666668,956.0,B465_ARC _C3_slice7-Ort.czi,old,glp1r,lower
333,13.0,14.76923076923077,192.0,B465_ARC _C3_slice7-Ort.czi,old,glp1r,lower
334,16.0,13.4375,215.0,B465_ARC _C3_slice7-Ort.czi,old,glp1r,lower
335,9.0,11.222222222222221,101.0,B465_ARC _C3_slice7-Ort.czi,old,glp1r,lower
336,26.0,10.384615384615385,270.0,B465_ARC _C3_slice7-Ort.czi,old,glp1r,lower
337,4.0,15.5,62.0,B465_ARC _C3_slice7-Ort.czi,old,glp1r,lower
338,16.0,15.125,242.0,B465_ARC _C3_slice7-Ort.czi,old,glp1r,lower
339,147.0,12.34013605442177,1814.0000000000002,B465_ARC _C3_slice7-Ort.czi,old,glp1r,lower
340,50.0,14.58,729.0,B465_ARC _C3_slice7-Ort.czi,old,glp1r,lower
341,87.0,19.597701149425287,1705.0,B465_ARC _C3_slice7-Ort.czi,old,glp1r,lower
342,62.0,15.838709677419354,982.0,B465_ARC _C3_slice7-Ort.czi,old,glp1r,lower
343,75.0,18.44,1383.0,B465_ARC _C3_slice7-Ort.czi,old,glp1r,lower
344,117.0,27.367521367521366,3202.0,B465_ARC _C3_slice7-Ort.czi,old,glp1r,lower
345,103.0,31.009708737864077,3194.0,B465_ARC _C3_slice7-Ort.czi,old,glp1r,lower
346,689.0,25.526850507982584,17588.0,B465_ARC _C3_slice7-Ort.czi,old,glp1r,lower
347,40.0,12.925,517.0,B465_ARC _C3_slice7-Ort.czi,old,glp1r,lower
348,56.0,16.625,931.0,B465_ARC _C3_slice7-Ort.czi,old,glp1r,lower
349,107.0,41.925233644859816,4486.0,B465_ARC _C3_slice7-Ort.czi,old,glp1r,lower
350,244.0,11.459016393442623,2796.0,B465_ARC _C3_slice7-Ort.czi,old,glp1r,lower
351,1.0,9.0,9.0,B465_ARC _C3_slice7-Ort.czi,old,glp1r,lower
352,1.0,10.0,10.0,B465_ARC _C3_slice7-Ort.czi,old,glp1r,lower
353,80.0,26.2625,2101.0,B465_ARC _C3_slice7-Ort.czi,old,glp1r,lower
354,177.0,22.135593220338983,3918.0,B465_ARC _C3_slice7-Ort.czi,old,glp1r,lower
355,197.0,11.284263959390863,2223.0,B465_ARC _C3_slice7-Ort.czi,old,glp1r,lower
356,3.0,13.666666666666666,41.0,B465_ARC _C3_slice7-Ort.czi,old,glp1r,lower
357,892.0,12.538116591928251,11184.0,B465_ARC _C3_slice7-Ort.czi,old,glp1r,lower
358,28.0,14.071428571428571,394.0,B465_ARC _C3_slice7-Ort.czi,old,glp1r,lower
359,1.0,17.0,17.0,B465_ARC _C3_slice7-Ort.czi,old,glp1r,lower
360,72.0,11.152777777777779,803.0,B465_ARC _C3_slice7-Ort.czi,old,glp1r,lower
361,6.0,10.5,63.0,B465_ARC _C3_slice7-Ort.czi,old,glp1r,lower
362,317.0,11.725552050473187,3717.0000000000005,B465_ARC _C3_slice7-Ort.czi,old,glp1r,lower
363,451.0,11.623059866962306,5242.0,B465_ARC _C3_slice7-Ort.czi,old,glp1r,lower
364,329.0,11.753799392097264,3867.0,B465_ARC _C3_slice7-Ort.czi,old,glp1r,lower
365,28.0,13.25,371.0,B465_ARC _C3_slice7-Ort.czi,old,glp1r,lower
366,43.0,13.581395348837209,584.0,B465_ARC _C3_slice7-Ort.czi,old,glp1r,lower
367,22.0,14.136363636363637,311.0,B465_ARC _C3_slice7-Ort.czi,old,glp1r,lower
368,554.0,13.207581227436823,7317.0,B465_ARC _C3_slice7-Ort.czi,old,glp1r,lower
369,8.0,19.125,153.0,B465_ARC _C3_slice7-Ort.czi,old,glp1r,lower
370,11.0,14.090909090909092,155.0,B465_ARC _C3_slice7-Ort.czi,old,glp1r,lower
371,99.0,11.808080808080808,1169.0,B465_ARC _C3_slice7-Ort.czi,old,glp1r,lower
372,9.0,12.222222222222221,110.0,B465_ARC _C3_slice7-Ort.czi,old,glp1r,lower
373,65.0,13.538461538461538,880.0,B465_ARC _C3_slice7-Ort.czi,old,glp1r,lower
374,148.0,11.39864864864865,1687.0,B465_ARC _C3_slice7-Ort.czi,old,glp1r,lower
375,28.0,11.571428571428571,324.0,B465_ARC _C3_slice7-Ort.czi,old,glp1r,lower
376,146.0,12.664383561643836,1849.0,B465_ARC _C3_slice7-Ort.czi,old,glp1r,lower
377,387.0,12.41343669250646,4804.0,B465_ARC _C3_slice7-Ort.czi,old,glp1r,lower
378,27.0,11.88888888888889,321.0,B465_ARC _C3_slice7-Ort.czi,old,glp1r,lower
379,119.0,11.050420168067227,1315.0,B465_ARC _C3_slice7-Ort.czi,old,glp1r,lower
380,61.0,11.0,671.0,B465_ARC _C3_slice7-Ort.czi,old,glp1r,lower
381,129.0,13.093023255813954,1689.0,B465_ARC _C3_slice7-Ort.czi,old,glp1r,lower
382,286.0,12.304195804195805,3519.0000000000005,B465_ARC _C3_slice7-Ort.czi,old,glp1r,lower
383,64.0,11.84375,758.0,B465_ARC _C3_slice7-Ort.czi,old,glp1r,lower
384,5.0,22.4,112.0,B465_ARC _C3_slice7-Ort.czi,old,glp1r,lower
385,304.0,10.980263157894736,3338.0,B465_ARC _C3_slice7-Ort.czi,old,glp1r,lower
386,13.0,25.153846153846153,327.0,B465_ARC _C3_slice7-Ort.czi,old,glp1r,lower
387,1.0,10.0,10.0,B465_ARC _C3_slice7-Ort.czi,old,glp1r,lower
388,2.0,15.0,30.0,B465_ARC _C3_slice7-Ort.czi,old,glp1r,lower
389,1.0,13.0,13.0,B465_ARC _C3_slice7-Ort.czi,old,glp1r,lower
390,6.0,11.5,69.0,B465_ARC _C3_slice7-Ort.czi,old,glp1r,lower
391,6.0,9.833333333333334,59.0,B465_ARC _C3_slice7-Ort.czi,old,glp1r,lower
392,66.0,12.833333333333334,847.0,B465_ARC _C3_slice7-Ort.czi,old,glp1r,lower
1,10.0,150.7,1507.0,B489_ARC_xxx_slice5-Ort.czi,old,glp1r,lower
2,134.0,195.94776119402985,26257.0,B489_ARC_xxx_slice5-Ort.czi,old,glp1r,lower
3,15.0,120.26666666666667,1804.0,B489_ARC_xxx_slice5-Ort.czi,old,glp1r,lower
4,35.0,146.25714285714287,5119.0,B489_ARC_xxx_slice5-Ort.czi,old,glp1r,lower
5,13.0,129.3846153846154,1682.0,B489_ARC_xxx_slice5-Ort.czi,old,glp1r,lower
6,29.0,147.79310344827587,4286.0,B489_ARC_xxx_slice5-Ort.czi,old,glp1r,lower
7,39.0,144.74358974358975,5645.0,B489_ARC_xxx_slice5-Ort.czi,old,glp1r,lower
8,31.0,171.58064516129033,5319.0,B489_ARC_xxx_slice5-Ort.czi,old,glp1r,lower
9,41.0,201.02439024390245,8242.0,B489_ARC_xxx_slice5-Ort.czi,old,glp1r,lower
10,55.0,174.8181818181818,9615.0,B489_ARC_xxx_slice5-Ort.czi,old,glp1r,lower
11,6.0,134.5,807.0,B489_ARC_xxx_slice5-Ort.czi,old,glp1r,lower
12,8.0,121.75,974.0,B489_ARC_xxx_slice5-Ort.czi,old,glp1r,lower
13,6.0,136.16666666666666,817.0,B489_ARC_xxx_slice5-Ort.czi,old,glp1r,lower
14,1.0,156.0,156.0,B489_ARC_xxx_slice5-Ort.czi,old,glp1r,lower
15,1.0,100.0,100.0,B489_ARC_xxx_slice5-Ort.czi,old,glp1r,lower
16,79.0,196.54430379746836,15527.0,B489_ARC_xxx_slice5-Ort.czi,old,glp1r,lower
17,51.0,194.47058823529412,9918.0,B489_ARC_xxx_slice5-Ort.czi,old,glp1r,lower
18,11.0,150.45454545454547,1655.0000000000002,B489_ARC_xxx_slice5-Ort.czi,old,glp1r,lower
19,63.0,222.46031746031747,14015.0,B489_ARC_xxx_slice5-Ort.czi,old,glp1r,lower
20,20.0,218.85,4377.0,B489_ARC_xxx_slice5-Ort.czi,old,glp1r,lower
21,53.0,231.49056603773585,12269.0,B489_ARC_xxx_slice5-Ort.czi,old,glp1r,lower
22,35.0,171.68571428571428,6009.0,B489_ARC_xxx_slice5-Ort.czi,old,glp1r,lower
23,11.0,213.27272727272728,2346.0,B489_ARC_xxx_slice5-Ort.czi,old,glp1r,lower
24,114.0,206.0438596491228,23489.0,B489_ARC_xxx_slice5-Ort.czi,old,glp1r,lower
25,84.0,221.86904761904762,18637.0,B489_ARC_xxx_slice5-Ort.czi,old,glp1r,lower
26,9.0,166.11111111111111,1495.0,B489_ARC_xxx_slice5-Ort.czi,old,glp1r,lower
27,27.0,181.11111111111111,4890.0,B489_ARC_xxx_slice5-Ort.czi,old,glp1r,lower
28,30.0,201.53333333333333,6046.0,B489_ARC_xxx_slice5-Ort.czi,old,glp1r,lower
29,38.0,142.60526315789474,5419.0,B489_ARC_xxx_slice5-Ort.czi,old,glp1r,lower
30,22.0,143.04545454545453,3146.9999999999995,B489_ARC_xxx_slice5-Ort.czi,old,glp1r,lower
31,5.0,85.0,425.0,B489_ARC_xxx_slice5-Ort.czi,old,glp1r,lower
32,6.0,162.16666666666666,973.0,B489_ARC_xxx_slice5-Ort.czi,old,glp1r,lower
33,229.0,196.3231441048035,44958.0,B489_ARC_xxx_slice5-Ort.czi,old,glp1r,lower
34,36.0,233.52777777777777,8407.0,B489_ARC_xxx_slice5-Ort.czi,old,glp1r,lower
35,83.0,210.710843373494,17489.0,B489_ARC_xxx_slice5-Ort.czi,old,glp1r,lower
36,19.0,232.42105263157896,4416.0,B489_ARC_xxx_slice5-Ort.czi,old,glp1r,lower
37,74.0,195.97297297297297,14502.0,B489_ARC_xxx_slice5-Ort.czi,old,glp1r,lower
38,19.0,176.05263157894737,3345.0,B489_ARC_xxx_slice5-Ort.czi,old,glp1r,lower
39,66.0,192.4848484848485,12704.0,B489_ARC_xxx_slice5-Ort.czi,old,glp1r,lower
40,2.0,98.0,196.0,B489_ARC_xxx_slice5-Ort.czi,old,glp1r,lower
41,141.0,217.5177304964539,30670.0,B489_ARC_xxx_slice5-Ort.czi,old,glp1r,lower
42,7.0,97.28571428571429,681.0,B489_ARC_xxx_slice5-Ort.czi,old,glp1r,lower
43,2.0,83.0,166.0,B489_ARC_xxx_slice5-Ort.czi,old,glp1r,lower
44,46.0,191.8695652173913,8826.0,B489_ARC_xxx_slice5-Ort.czi,old,glp1r,lower
45,108.0,236.13888888888889,25503.0,B489_ARC_xxx_slice5-Ort.czi,old,glp1r,lower
46,78.0,227.85897435897436,17773.0,B489_ARC_xxx_slice5-Ort.czi,old,glp1r,lower
47,72.0,204.69444444444446,14738.0,B489_ARC_xxx_slice5-Ort.czi,old,glp1r,lower
48,86.0,233.9418604651163,20119.0,B489_ARC_xxx_slice5-Ort.czi,old,glp1r,lower
49,76.0,206.98684210526315,15731.0,B489_ARC_xxx_slice5-Ort.czi,old,glp1r,lower
50,59.0,191.84745762711864,11319.0,B489_ARC_xxx_slice5-Ort.czi,old,glp1r,lower
51,147.0,235.91156462585033,34679.0,B489_ARC_xxx_slice5-Ort.czi,old,glp1r,lower
52,14.0,171.5,2401.0,B489_ARC_xxx_slice5-Ort.czi,old,glp1r,lower
53,52.0,152.48076923076923,7929.0,B489_ARC_xxx_slice5-Ort.czi,old,glp1r,lower
54,40.0,225.975,9039.0,B489_ARC_xxx_slice5-Ort.czi,old,glp1r,lower
55,96.0,236.29166666666666,22684.0,B489_ARC_xxx_slice5-Ort.czi,old,glp1r,lower
56,43.0,212.3953488372093,9133.0,B489_ARC_xxx_slice5-Ort.czi,old,glp1r,lower
57,10.0,225.6,2256.0,B489_ARC_xxx_slice5-Ort.czi,old,glp1r,lower
58,68.0,187.9558823529412,12781.0,B489_ARC_xxx_slice5-Ort.czi,old,glp1r,lower
59,26.0,231.84615384615384,6028.0,B489_ARC_xxx_slice5-Ort.czi,old,glp1r,lower
60,84.0,235.66666666666666,19796.0,B489_ARC_xxx_slice5-Ort.czi,old,glp1r,lower
61,23.0,165.2173913043478,3799.9999999999995,B489_ARC_xxx_slice5-Ort.czi,old,glp1r,lower
62,75.0,202.62666666666667,15197.0,B489_ARC_xxx_slice5-Ort.czi,old,glp1r,lower
63,77.0,228.23376623376623,17574.0,B489_ARC_xxx_slice5-Ort.czi,old,glp1r,lower
64,77.0,188.1818181818182,14490.0,B489_ARC_xxx_slice5-Ort.czi,old,glp1r,lower
65,4.0,255.0,1020.0,B489_ARC_xxx_slice5-Ort.czi,old,glp1r,lower
66,83.0,211.0120481927711,17514.0,B489_ARC_xxx_slice5-Ort.czi,old,glp1r,lower
67,11.0,127.81818181818181,1406.0,B489_ARC_xxx_slice5-Ort.czi,old,glp1r,lower
68,84.0,188.9047619047619,15868.0,B489_ARC_xxx_slice5-Ort.czi,old,glp1r,lower
69,17.0,174.23529411764707,2962.0,B489_ARC_xxx_slice5-Ort.czi,old,glp1r,lower
70,81.0,239.09876543209876,19367.0,B489_ARC_xxx_slice5-Ort.czi,old,glp1r,lower
71,27.0,133.40740740740742,3602.0000000000005,B489_ARC_xxx_slice5-Ort.czi,old,glp1r,lower
72,86.0,207.88372093023256,17878.0,B489_ARC_xxx_slice5-Ort.czi,old,glp1r,lower
73,5.0,109.6,548.0,B489_ARC_xxx_slice5-Ort.czi,old,glp1r,lower
74,115.0,172.76521739130436,19868.0,B489_ARC_xxx_slice5-Ort.czi,old,glp1r,lower
75,1.0,241.0,241.0,B489_ARC_xxx_slice5-Ort.czi,old,glp1r,lower
76,167.0,197.32335329341316,32953.0,B489_ARC_xxx_slice5-Ort.czi,old,glp1r,lower
77,82.0,189.90243902439025,15572.0,B489_ARC_xxx_slice5-Ort.czi,old,glp1r,lower
78,73.0,222.2876712328767,16227.0,B489_ARC_xxx_slice5-Ort.czi,old,glp1r,lower
79,6.0,171.33333333333334,1028.0,B489_ARC_xxx_slice5-Ort.czi,old,glp1r,lower
80,61.0,239.0983606557377,14585.0,B489_ARC_xxx_slice5-Ort.czi,old,glp1r,lower
81,48.0,157.70833333333334,7570.0,B489_ARC_xxx_slice5-Ort.czi,old,glp1r,lower
82,2.0,178.5,357.0,B489_ARC_xxx_slice5-Ort.czi,old,glp1r,lower
83,79.0,177.40506329113924,14015.0,B489_ARC_xxx_slice5-Ort.czi,old,glp1r,lower
84,19.0,108.94736842105263,2070.0,B489_ARC_xxx_slice5-Ort.czi,old,glp1r,lower
85,23.0,170.69565217391303,3925.9999999999995,B489_ARC_xxx_slice5-Ort.czi,old,glp1r,lower
86,2.0,139.0,278.0,B489_ARC_xxx_slice5-Ort.czi,old,glp1r,lower
87,8.0,149.875,1199.0,B489_ARC_xxx_slice5-Ort.czi,old,glp1r,lower
88,4.0,162.75,651.0,B489_ARC_xxx_slice5-Ort.czi,old,glp1r,lower
89,31.0,183.0,5673.0,B489_ARC_xxx_slice5-Ort.czi,old,glp1r,lower
90,1.0,68.0,68.0,B489_ARC_xxx_slice5-Ort.czi,old,glp1r,lower
91,6.0,219.16666666666666,1315.0,B489_ARC_xxx_slice5-Ort.czi,old,glp1r,lower
92,18.0,174.33333333333334,3138.0,B489_ARC_xxx_slice5-Ort.czi,old,glp1r,lower
93,28.0,179.71428571428572,5032.0,B489_ARC_xxx_slice5-Ort.czi,old,glp1r,lower
94,44.0,159.11363636363637,7001.0,B489_ARC_xxx_slice5-Ort.czi,old,glp1r,lower
95,11.0,157.9090909090909,1737.0,B489_ARC_xxx_slice5-Ort.czi,old,glp1r,lower
96,64.0,209.109375,13383.0,B489_ARC_xxx_slice5-Ort.czi,old,glp1r,lower
97,48.0,165.22916666666666,7931.0,B489_ARC_xxx_slice5-Ort.czi,old,glp1r,lower
98,39.0,170.51282051282053,6650.000000000001,B489_ARC_xxx_slice5-Ort.czi,old,glp1r,lower
99,112.0,226.17857142857142,25332.0,B489_ARC_xxx_slice5-Ort.czi,old,glp1r,lower
100,6.0,119.5,717.0,B489_ARC_xxx_slice5-Ort.czi,old,glp1r,lower
101,50.0,222.8,11140.0,B489_ARC_xxx_slice5-Ort.czi,old,glp1r,lower
102,9.0,191.88888888888889,1727.0,B489_ARC_xxx_slice5-Ort.czi,old,glp1r,lower
103,85.0,209.76470588235293,17830.0,B489_ARC_xxx_slice5-Ort.czi,old,glp1r,lower
104,86.0,204.7093023255814,17605.0,B489_ARC_xxx_slice5-Ort.czi,old,glp1r,lower
105,4.0,132.5,530.0,B489_ARC_xxx_slice5-Ort.czi,old,glp1r,lower
106,4.0,137.25,549.0,B489_ARC_xxx_slice5-Ort.czi,old,glp1r,lower
107,74.0,211.14864864864865,15625.0,B489_ARC_xxx_slice5-Ort.czi,old,glp1r,lower
108,26.0,183.3846153846154,4768.0,B489_ARC_xxx_slice5-Ort.czi,old,glp1r,lower
109,6.0,49.333333333333336,296.0,B489_ARC_xxx_slice5-Ort.czi,old,glp1r,lower
110,68.0,227.5,15470.0,B489_ARC_xxx_slice5-Ort.czi,old,glp1r,lower
111,40.0,142.5,5700.0,B489_ARC_xxx_slice5-Ort.czi,old,glp1r,lower
112,78.0,208.80769230769232,16287.000000000002,B489_ARC_xxx_slice5-Ort.czi,old,glp1r,lower
113,36.0,214.33333333333334,7716.0,B489_ARC_xxx_slice5-Ort.czi,old,glp1r,lower
114,10.0,134.8,1348.0,B489_ARC_xxx_slice5-Ort.czi,old,glp1r,lower
115,107.0,237.94392523364485,25460.0,B489_ARC_xxx_slice5-Ort.czi,old,glp1r,lower
116,108.0,233.53703703703704,25222.0,B489_ARC_xxx_slice5-Ort.czi,old,glp1r,lower
117,85.0,210.16470588235293,17864.0,B489_ARC_xxx_slice5-Ort.czi,old,glp1r,lower
118,100.0,210.42,21042.0,B489_ARC_xxx_slice5-Ort.czi,old,glp1r,lower
1,8.0,34.125,273.0,F656_ARC _B3_slice5-Ort.czi,old,glp1r,lower
2,88.0,118.95454545454545,10468.0,F656_ARC _B3_slice5-Ort.czi,old,glp1r,lower
3,54.0,70.68518518518519,3817.0000000000005,F656_ARC _B3_slice5-Ort.czi,old,glp1r,lower
4,94.0,103.41489361702128,9721.0,F656_ARC _B3_slice5-Ort.czi,old,glp1r,lower
5,16.0,59.4375,951.0,F656_ARC _B3_slice5-Ort.czi,old,glp1r,lower
6,103.0,82.04854368932038,8451.0,F656_ARC _B3_slice5-Ort.czi,old,glp1r,lower
7,103.0,153.39805825242718,15800.0,F656_ARC _B3_slice5-Ort.czi,old,glp1r,lower
8,56.0,60.5,3388.0,F656_ARC _B3_slice5-Ort.czi,old,glp1r,lower
9,5.0,54.0,270.0,F656_ARC _B3_slice5-Ort.czi,old,glp1r,lower
10,4.0,37.25,149.0,F656_ARC _B3_slice5-Ort.czi,old,glp1r,lower
11,64.0,51.453125,3293.0,F656_ARC _B3_slice5-Ort.czi,old,glp1r,lower
12,10.0,45.8,458.0,F656_ARC _B3_slice5-Ort.czi,old,glp1r,lower
13,5.0,38.2,191.0,F656_ARC _B3_slice5-Ort.czi,old,glp1r,lower
14,35.0,48.2,1687.0,F656_ARC _B3_slice5-Ort.czi,old,glp1r,lower
15,143.0,57.70629370629371,8252.0,F656_ARC _B3_slice5-Ort.czi,old,glp1r,lower
16,96.0,76.96875,7389.0,F656_ARC _B3_slice5-Ort.czi,old,glp1r,lower
17,152.0,65.4407894736842,9947.0,F656_ARC _B3_slice5-Ort.czi,old,glp1r,lower
18,76.0,60.86842105263158,4626.0,F656_ARC _B3_slice5-Ort.czi,old,glp1r,lower
19,36.0,50.416666666666664,1815.0,F656_ARC _B3_slice5-Ort.czi,old,glp1r,lower
20,1.0,51.0,51.0,F656_ARC _B3_slice5-Ort.czi,old,glp1r,lower
21,182.0,67.0,12194.0,F656_ARC _B3_slice5-Ort.czi,old,glp1r,lower
22,128.0,68.265625,8738.0,F656_ARC _B3_slice5-Ort.czi,old,glp1r,lower
23,40.0,60.325,2413.0,F656_ARC _B3_slice5-Ort.czi,old,glp1r,lower
24,24.0,76.79166666666667,1843.0,F656_ARC _B3_slice5-Ort.czi,old,glp1r,lower
25,11.0,49.63636363636363,546.0,F656_ARC _B3_slice5-Ort.czi,old,glp1r,lower
26,46.0,55.54347826086956,2555.0,F656_ARC _B3_slice5-Ort.czi,old,glp1r,lower
27,30.0,63.03333333333333,1891.0,F656_ARC _B3_slice5-Ort.czi,old,glp1r,lower
28,20.0,55.55,1111.0,F656_ARC _B3_slice5-Ort.czi,old,glp1r,lower
29,80.0,37.7125,3017.0,F656_ARC _B3_slice5-Ort.czi,old,glp1r,lower
30,37.0,81.94594594594595,3032.0,F656_ARC _B3_slice5-Ort.czi,old,glp1r,lower
31,20.0,57.15,1143.0,F656_ARC _B3_slice5-Ort.czi,old,glp1r,lower
32,28.0,58.142857142857146,1628.0,F656_ARC _B3_slice5-Ort.czi,old,glp1r,lower
33,48.0,76.72916666666667,3683.0,F656_ARC _B3_slice5-Ort.czi,old,glp1r,lower
34,48.0,62.541666666666664,3002.0,F656_ARC _B3_slice5-Ort.czi,old,glp1r,lower
35,23.0,48.43478260869565,1114.0,F656_ARC _B3_slice5-Ort.czi,old,glp1r,lower
36,48.0,55.645833333333336,2671.0,F656_ARC _B3_slice5-Ort.czi,old,glp1r,lower
37,79.0,58.962025316455694,4658.0,F656_ARC _B3_slice5-Ort.czi,old,glp1r,lower
38,123.0,49.4390243902439,6081.0,F656_ARC _B3_slice5-Ort.czi,old,glp1r,lower
39,48.0,55.125,2646.0,F656_ARC _B3_slice5-Ort.czi,old,glp1r,lower
40,179.0,41.229050279329606,7379.999999999999,F656_ARC _B3_slice5-Ort.czi,old,glp1r,lower
41,10.0,58.1,581.0,F656_ARC _B3_slice5-Ort.czi,old,glp1r,lower
42,97.0,73.41237113402062,7121.0,F656_ARC _B3_slice5-Ort.czi,old,glp1r,lower
43,25.0,62.12,1553.0,F656_ARC _B3_slice5-Ort.czi,old,glp1r,lower
44,167.0,68.50898203592814,11441.0,F656_ARC _B3_slice5-Ort.czi,old,glp1r,lower
45,294.0,43.29251700680272,12728.0,F656_ARC _B3_slice5-Ort.czi,old,glp1r,lower
46,84.0,63.01190476190476,5293.0,F656_ARC _B3_slice5-Ort.czi,old,glp1r,lower
47,29.0,51.96551724137931,1507.0,F656_ARC _B3_slice5-Ort.czi,old,glp1r,lower
48,6.0,59.666666666666664,358.0,F656_ARC _B3_slice5-Ort.czi,old,glp1r,lower
49,58.0,69.58620689655173,4036.0000000000005,F656_ARC _B3_slice5-Ort.czi,old,glp1r,lower
50,25.0,40.2,1005.0000000000001,F656_ARC _B3_slice5-Ort.czi,old,glp1r,lower
51,68.0,53.69117647058823,3651.0,F656_ARC _B3_slice5-Ort.czi,old,glp1r,lower
52,29.0,50.6551724137931,1469.0,F656_ARC _B3_slice5-Ort.czi,old,glp1r,lower
53,11.0,40.0,440.0,F656_ARC _B3_slice5-Ort.czi,old,glp1r,lower
54,30.0,76.76666666666667,2303.0,F656_ARC _B3_slice5-Ort.czi,old,glp1r,lower
55,93.0,110.61290322580645,10287.0,F656_ARC _B3_slice5-Ort.czi,old,glp1r,lower
56,6.0,65.83333333333333,395.0,F656_ARC _B3_slice5-Ort.czi,old,glp1r,lower
57,40.0,73.4,2936.0,F656_ARC _B3_slice5-Ort.czi,old,glp1r,lower
58,13.0,59.38461538461539,772.0,F656_ARC _B3_slice5-Ort.czi,old,glp1r,lower
59,6.0,71.0,426.0,F656_ARC _B3_slice5-Ort.czi,old,glp1r,lower
60,89.0,105.70786516853933,9408.0,F656_ARC _B3_slice5-Ort.czi,old,glp1r,lower
61,8.0,59.0,472.0,F656_ARC _B3_slice5-Ort.czi,old,glp1r,lower
62,62.0,52.20967741935484,3237.0,F656_ARC _B3_slice5-Ort.czi,old,glp1r,lower
63,97.0,72.95876288659794,7077.0,F656_ARC _B3_slice5-Ort.czi,old,glp1r,lower
64,16.0,46.25,740.0,F656_ARC _B3_slice5-Ort.czi,old,glp1r,lower
65,1.0,36.0,36.0,F656_ARC _B3_slice5-Ort.czi,old,glp1r,lower
66,79.0,89.0126582278481,7032.0,F656_ARC _B3_slice5-Ort.czi,old,glp1r,lower
67,36.0,74.5,2682.0,F656_ARC _B3_slice5-Ort.czi,old,glp1r,lower
68,70.0,62.98571428571429,4409.0,F656_ARC _B3_slice5-Ort.czi,old,glp1r,lower
69,99.0,55.515151515151516,5496.0,F656_ARC _B3_slice5-Ort.czi,old,glp1r,lower
70,31.0,53.774193548387096,1667.0,F656_ARC _B3_slice5-Ort.czi,old,glp1r,lower
71,75.0,74.54666666666667,5591.0,F656_ARC _B3_slice5-Ort.czi,old,glp1r,lower
72,22.0,64.63636363636364,1422.0,F656_ARC _B3_slice5-Ort.czi,old,glp1r,lower
73,51.0,58.490196078431374,2983.0,F656_ARC _B3_slice5-Ort.czi,old,glp1r,lower
74,63.0,67.71428571428571,4266.0,F656_ARC _B3_slice5-Ort.czi,old,glp1r,lower
75,21.0,59.333333333333336,1246.0,F656_ARC _B3_slice5-Ort.czi,old,glp1r,lower
76,1.0,84.0,84.0,F656_ARC _B3_slice5-Ort.czi,old,glp1r,lower
77,155.0,75.07096774193549,11636.000000000002,F656_ARC _B3_slice5-Ort.czi,old,glp1r,lower
78,48.0,54.083333333333336,2596.0,F656_ARC _B3_slice5-Ort.czi,old,glp1r,lower
79,34.0,64.73529411764706,2201.0,F656_ARC _B3_slice5-Ort.czi,old,glp1r,lower
80,128.0,52.8125,6760.0,F656_ARC _B3_slice5-Ort.czi,old,glp1r,lower
81,141.0,57.46808510638298,8103.0,F656_ARC _B3_slice5-Ort.czi,old,glp1r,lower
82,171.0,76.15789473684211,13023.0,F656_ARC _B3_slice5-Ort.czi,old,glp1r,lower
83,1.0,18.0,18.0,F656_ARC _B3_slice5-Ort.czi,old,glp1r,lower
1,24.0,82.58333333333333,1982.0,B465_ARC _C3_slice5-Ort.czi,old,glp1r,lower
2,52.0,126.01923076923077,6553.0,B465_ARC _C3_slice5-Ort.czi,old,glp1r,lower
3,45.0,117.62222222222222,5293.0,B465_ARC _C3_slice5-Ort.czi,old,glp1r,lower
4,10.0,123.7,1237.0,B465_ARC _C3_slice5-Ort.czi,old,glp1r,lower
5,2.0,149.0,298.0,B465_ARC _C3_slice5-Ort.czi,old,glp1r,lower
6,23.0,81.52173913043478,1875.0,B465_ARC _C3_slice5-Ort.czi,old,glp1r,lower
7,3.0,111.33333333333333,334.0,B465_ARC _C3_slice5-Ort.czi,old,glp1r,lower
8,10.0,124.0,1240.0,B465_ARC _C3_slice5-Ort.czi,old,glp1r,lower
9,88.0,136.39772727272728,12003.0,B465_ARC _C3_slice5-Ort.czi,old,glp1r,lower
10,15.0,142.13333333333333,2132.0,B465_ARC _C3_slice5-Ort.czi,old,glp1r,lower
11,52.0,111.57692307692308,5802.0,B465_ARC _C3_slice5-Ort.czi,old,glp1r,lower
12,46.0,130.3913043478261,5998.0,B465_ARC _C3_slice5-Ort.czi,old,glp1r,lower
13,39.0,128.92307692307693,5028.0,B465_ARC _C3_slice5-Ort.czi,old,glp1r,lower
14,1.0,49.0,49.0,B465_ARC _C3_slice5-Ort.czi,old,glp1r,lower
15,89.0,129.95505617977528,11566.0,B465_ARC _C3_slice5-Ort.czi,old,glp1r,lower
16,130.0,91.3076923076923,11870.0,B465_ARC _C3_slice5-Ort.czi,old,glp1r,lower
17,18.0,110.83333333333333,1995.0,B465_ARC _C3_slice5-Ort.czi,old,glp1r,lower
18,51.0,111.09803921568627,5666.0,B465_ARC _C3_slice5-Ort.czi,old,glp1r,lower
19,43.0,103.81395348837209,4464.0,B465_ARC _C3_slice5-Ort.czi,old,glp1r,lower
20,15.0,99.8,1497.0,B465_ARC _C3_slice5-Ort.czi,old,glp1r,lower
21,25.0,116.6,2915.0,B465_ARC _C3_slice5-Ort.czi,old,glp1r,lower
22,21.0,169.0952380952381,3551.0,B465_ARC _C3_slice5-Ort.czi,old,glp1r,lower
23,19.0,95.6842105263158,1818.0,B465_ARC _C3_slice5-Ort.czi,old,glp1r,lower
24,35.0,80.94285714285714,2832.9999999999995,B465_ARC _C3_slice5-Ort.czi,old,glp1r,lower
25,15.0,108.73333333333333,1631.0,B465_ARC _C3_slice5-Ort.czi,old,glp1r,lower
26,64.0,105.484375,6751.0,B465_ARC _C3_slice5-Ort.czi,old,glp1r,lower
27,37.0,128.16216216216216,4742.0,B465_ARC _C3_slice5-Ort.czi,old,glp1r,lower
28,96.0,168.4375,16170.0,B465_ARC _C3_slice5-Ort.czi,old,glp1r,lower
29,80.0,135.1125,10809.0,B465_ARC _C3_slice5-Ort.czi,old,glp1r,lower
30,81.0,114.03703703703704,9237.0,B465_ARC _C3_slice5-Ort.czi,old,glp1r,lower
31,15.0,94.46666666666667,1417.0,B465_ARC _C3_slice5-Ort.czi,old,glp1r,lower
32,60.0,86.86666666666666,5212.0,B465_ARC _C3_slice5-Ort.czi,old,glp1r,lower
33,20.0,165.2,3304.0,B465_ARC _C3_slice5-Ort.czi,old,glp1r,lower
34,41.0,113.65853658536585,4660.0,B465_ARC _C3_slice5-Ort.czi,old,glp1r,lower
35,41.0,130.21951219512195,5339.0,B465_ARC _C3_slice5-Ort.czi,old,glp1r,lower
36,123.0,101.02439024390245,12426.0,B465_ARC _C3_slice5-Ort.czi,old,glp1r,lower
37,98.0,96.01020408163265,9409.0,B465_ARC _C3_slice5-Ort.czi,old,glp1r,lower
38,21.0,117.61904761904762,2470.0,B465_ARC _C3_slice5-Ort.czi,old,glp1r,lower
39,34.0,106.97058823529412,3637.0,B465_ARC _C3_slice5-Ort.czi,old,glp1r,lower
40,7.0,143.28571428571428,1003.0,B465_ARC _C3_slice5-Ort.czi,old,glp1r,lower
41,209.0,108.1244019138756,22598.0,B465_ARC _C3_slice5-Ort.czi,old,glp1r,lower
42,22.0,101.5909090909091,2235.0,B465_ARC _C3_slice5-Ort.czi,old,glp1r,lower
43,70.0,161.75714285714287,11323.0,B465_ARC _C3_slice5-Ort.czi,old,glp1r,lower
44,62.0,87.0,5394.0,B465_ARC _C3_slice5-Ort.czi,old,glp1r,lower
45,105.0,126.68571428571428,13302.0,B465_ARC _C3_slice5-Ort.czi,old,glp1r,lower
46,102.0,130.68627450980392,13330.0,B465_ARC _C3_slice5-Ort.czi,old,glp1r,lower
47,31.0,78.64516129032258,2438.0,B465_ARC _C3_slice5-Ort.czi,old,glp1r,lower
48,32.0,160.4375,5134.0,B465_ARC _C3_slice5-Ort.czi,old,glp1r,lower
49,50.0,86.46,4323.0,B465_ARC _C3_slice5-Ort.czi,old,glp1r,lower
50,11.0,120.0,1320.0,B465_ARC _C3_slice5-Ort.czi,old,glp1r,lower
51,54.0,118.25925925925925,6386.0,B465_ARC _C3_slice5-Ort.czi,old,glp1r,lower
52,10.0,73.9,739.0,B465_ARC _C3_slice5-Ort.czi,old,glp1r,lower
53,31.0,137.06451612903226,4249.0,B465_ARC _C3_slice5-Ort.czi,old,glp1r,lower
54,30.0,161.16666666666666,4835.0,B465_ARC _C3_slice5-Ort.czi,old,glp1r,lower
55,23.0,108.0,2484.0,B465_ARC _C3_slice5-Ort.czi,old,glp1r,lower
56,42.0,102.35714285714286,4299.0,B465_ARC _C3_slice5-Ort.czi,old,glp1r,lower
57,54.0,87.22222222222223,4710.0,B465_ARC _C3_slice5-Ort.czi,old,glp1r,lower
58,71.0,135.91549295774647,9649.999999999998,B465_ARC _C3_slice5-Ort.czi,old,glp1r,lower
59,40.0,97.925,3917.0,B465_ARC _C3_slice5-Ort.czi,old,glp1r,lower
60,310.0,115.73225806451613,35877.0,B465_ARC _C3_slice5-Ort.czi,old,glp1r,lower
61,168.0,104.14880952380952,17497.0,B465_ARC _C3_slice5-Ort.czi,old,glp1r,lower
62,154.0,101.18181818181819,15582.0,B465_ARC _C3_slice5-Ort.czi,old,glp1r,lower
63,44.0,117.77272727272727,5182.0,B465_ARC _C3_slice5-Ort.czi,old,glp1r,lower
64,3.0,78.0,234.0,B465_ARC _C3_slice5-Ort.czi,old,glp1r,lower
65,298.0,101.61409395973155,30281.0,B465_ARC _C3_slice5-Ort.czi,old,glp1r,lower
66,6.0,102.33333333333333,614.0,B465_ARC _C3_slice5-Ort.czi,old,glp1r,lower
67,43.0,137.65116279069767,5919.0,B465_ARC _C3_slice5-Ort.czi,old,glp1r,lower
68,60.0,126.6,7596.0,B465_ARC _C3_slice5-Ort.czi,old,glp1r,lower
69,67.0,121.50746268656717,8141.0,B465_ARC _C3_slice5-Ort.czi,old,glp1r,lower
70,115.0,131.5304347826087,15126.0,B465_ARC _C3_slice5-Ort.czi,old,glp1r,lower
71,4.0,90.5,362.0,B465_ARC _C3_slice5-Ort.czi,old,glp1r,lower
72,83.0,90.24096385542168,7490.0,B465_ARC _C3_slice5-Ort.czi,old,glp1r,lower
73,101.0,107.5049504950495,10858.0,B465_ARC _C3_slice5-Ort.czi,old,glp1r,lower
74,25.0,103.04,2576.0,B465_ARC _C3_slice5-Ort.czi,old,glp1r,lower
75,22.0,143.54545454545453,3157.9999999999995,B465_ARC _C3_slice5-Ort.czi,old,glp1r,lower
1,2.0,44.0,88.0,B489_ARC_xxx_slice7-Ort.czi,old,glp1r,lower
2,46.0,104.26086956521739,4796.0,B489_ARC_xxx_slice7-Ort.czi,old,glp1r,lower
3,18.0,112.27777777777777,2021.0,B489_ARC_xxx_slice7-Ort.czi,old,glp1r,lower
4,1.0,106.0,106.0,B489_ARC_xxx_slice7-Ort.czi,old,glp1r,lower
5,66.0,113.8030303030303,7511.0,B489_ARC_xxx_slice7-Ort.czi,old,glp1r,lower
6,29.0,115.79310344827586,3358.0,B489_ARC_xxx_slice7-Ort.czi,old,glp1r,lower
7,13.0,86.76923076923077,1128.0,B489_ARC_xxx_slice7-Ort.czi,old,glp1r,lower
8,1.0,67.0,67.0,B489_ARC_xxx_slice7-Ort.czi,old,glp1r,lower
9,2.0,49.0,98.0,B489_ARC_xxx_slice7-Ort.czi,old,glp1r,lower
10,53.0,134.62264150943398,7135.000000000001,B489_ARC_xxx_slice7-Ort.czi,old,glp1r,lower
11,5.0,93.6,468.0,B489_ARC_xxx_slice7-Ort.czi,old,glp1r,lower
12,61.0,137.19672131147541,8369.0,B489_ARC_xxx_slice7-Ort.czi,old,glp1r,lower
13,31.0,85.35483870967742,2646.0,B489_ARC_xxx_slice7-Ort.czi,old,glp1r,lower
14,32.0,101.25,3240.0,B489_ARC_xxx_slice7-Ort.czi,old,glp1r,lower
15,73.0,123.27397260273973,8999.0,B489_ARC_xxx_slice7-Ort.czi,old,glp1r,lower
16,9.0,95.44444444444444,859.0,B489_ARC_xxx_slice7-Ort.czi,old,glp1r,lower
17,14.0,78.07142857142857,1093.0,B489_ARC_xxx_slice7-Ort.czi,old,glp1r,lower
18,58.0,207.6551724137931,12044.0,B489_ARC_xxx_slice7-Ort.czi,old,glp1r,lower
19,1.0,198.0,198.0,B489_ARC_xxx_slice7-Ort.czi,old,glp1r,lower
20,78.0,133.94871794871796,10448.0,B489_ARC_xxx_slice7-Ort.czi,old,glp1r,lower
21,59.0,163.25423728813558,9632.0,B489_ARC_xxx_slice7-Ort.czi,old,glp1r,lower
22,24.0,125.83333333333333,3020.0,B489_ARC_xxx_slice7-Ort.czi,old,glp1r,lower
23,15.0,177.6,2664.0,B489_ARC_xxx_slice7-Ort.czi,old,glp1r,lower
24,13.0,116.23076923076923,1511.0,B489_ARC_xxx_slice7-Ort.czi,old,glp1r,lower
25,27.0,130.74074074074073,3530.0,B489_ARC_xxx_slice7-Ort.czi,old,glp1r,lower
26,18.0,103.44444444444444,1862.0,B489_ARC_xxx_slice7-Ort.czi,old,glp1r,lower
27,91.0,129.41758241758242,11777.0,B489_ARC_xxx_slice7-Ort.czi,old,glp1r,lower
28,15.0,113.66666666666667,1705.0,B489_ARC_xxx_slice7-Ort.czi,old,glp1r,lower
29,76.0,173.55263157894737,13190.0,B489_ARC_xxx_slice7-Ort.czi,old,glp1r,lower
30,17.0,203.05882352941177,3452.0,B489_ARC_xxx_slice7-Ort.czi,old,glp1r,lower
31,51.0,219.8235294117647,11211.0,B489_ARC_xxx_slice7-Ort.czi,old,glp1r,lower
32,22.0,101.77272727272727,2239.0,B489_ARC_xxx_slice7-Ort.czi,old,glp1r,lower
33,13.0,149.53846153846155,1944.0,B489_ARC_xxx_slice7-Ort.czi,old,glp1r,lower
34,17.0,144.94117647058823,2464.0,B489_ARC_xxx_slice7-Ort.czi,old,glp1r,lower
35,29.0,183.27586206896552,5315.0,B489_ARC_xxx_slice7-Ort.czi,old,glp1r,lower
36,62.0,97.51612903225806,6046.0,B489_ARC_xxx_slice7-Ort.czi,old,glp1r,lower
37,99.0,145.66666666666666,14420.999999999998,B489_ARC_xxx_slice7-Ort.czi,old,glp1r,lower
38,8.0,79.375,635.0,B489_ARC_xxx_slice7-Ort.czi,old,glp1r,lower
39,9.0,84.66666666666667,762.0,B489_ARC_xxx_slice7-Ort.czi,old,glp1r,lower
40,1.0,55.0,55.0,B489_ARC_xxx_slice7-Ort.czi,old,glp1r,lower
41,47.0,215.2127659574468,10115.0,B489_ARC_xxx_slice7-Ort.czi,old,glp1r,lower
42,3.0,73.0,219.0,B489_ARC_xxx_slice7-Ort.czi,old,glp1r,lower
43,37.0,137.43243243243242,5085.0,B489_ARC_xxx_slice7-Ort.czi,old,glp1r,lower
44,39.0,115.46153846153847,4503.0,B489_ARC_xxx_slice7-Ort.czi,old,glp1r,lower
45,69.0,145.15942028985506,10016.0,B489_ARC_xxx_slice7-Ort.czi,old,glp1r,lower
46,24.0,109.29166666666667,2623.0,B489_ARC_xxx_slice7-Ort.czi,old,glp1r,lower
47,121.0,167.21487603305786,20233.0,B489_ARC_xxx_slice7-Ort.czi,old,glp1r,lower
48,17.0,100.88235294117646,1715.0,B489_ARC_xxx_slice7-Ort.czi,old,glp1r,lower
49,16.0,117.5625,1881.0,B489_ARC_xxx_slice7-Ort.czi,old,glp1r,lower
1,4.0,81.25,325.0,F656_ARC _B3_slice7-Ort.czi,old,glp1r,lower
2,23.0,82.65217391304348,1901.0000000000002,F656_ARC _B3_slice7-Ort.czi,old,glp1r,lower
3,2006.0,56.45762711864407,113254.0,F656_ARC _B3_slice7-Ort.czi,old,glp1r,lower
4,1119.0,69.75960679177837,78061.0,F656_ARC _B3_slice7-Ort.czi,old,glp1r,lower
5,146.0,66.1917808219178,9664.0,F656_ARC _B3_slice7-Ort.czi,old,glp1r,lower
6,26.0,54.92307692307692,1428.0,F656_ARC _B3_slice7-Ort.czi,old,glp1r,lower
7,80.0,49.5625,3965.0,F656_ARC _B3_slice7-Ort.czi,old,glp1r,lower
8,42.0,54.214285714285715,2277.0,F656_ARC _B3_slice7-Ort.czi,old,glp1r,lower
9,14.0,58.07142857142857,813.0,F656_ARC _B3_slice7-Ort.czi,old,glp1r,lower
1,46.0,118.8913043478261,5469.0,B489_ARC_xxx_slice6-Ort.czi,old,glp1r,lower
2,2.0,76.5,153.0,B489_ARC_xxx_slice6-Ort.czi,old,glp1r,lower
3,5.0,124.8,624.0,B489_ARC_xxx_slice6-Ort.czi,old,glp1r,lower
4,7.0,148.0,1036.0,B489_ARC_xxx_slice6-Ort.czi,old,glp1r,lower
5,10.0,147.6,1476.0,B489_ARC_xxx_slice6-Ort.czi,old,glp1r,lower
6,1.0,48.0,48.0,B489_ARC_xxx_slice6-Ort.czi,old,glp1r,lower
7,13.0,120.23076923076923,1563.0,B489_ARC_xxx_slice6-Ort.czi,old,glp1r,lower
8,15.0,95.13333333333334,1427.0,B489_ARC_xxx_slice6-Ort.czi,old,glp1r,lower
9,60.0,189.45,11367.0,B489_ARC_xxx_slice6-Ort.czi,old,glp1r,lower
10,6.0,79.16666666666667,475.0,B489_ARC_xxx_slice6-Ort.czi,old,glp1r,lower
11,51.0,102.72549019607843,5239.0,B489_ARC_xxx_slice6-Ort.czi,old,glp1r,lower
12,51.0,134.23529411764707,6846.000000000001,B489_ARC_xxx_slice6-Ort.czi,old,glp1r,lower
13,8.0,115.5,924.0,B489_ARC_xxx_slice6-Ort.czi,old,glp1r,lower
14,23.0,198.8695652173913,4574.0,B489_ARC_xxx_slice6-Ort.czi,old,glp1r,lower
15,17.0,103.94117647058823,1767.0,B489_ARC_xxx_slice6-Ort.czi,old,glp1r,lower
16,43.0,153.1627906976744,6586.0,B489_ARC_xxx_slice6-Ort.czi,old,glp1r,lower
17,10.0,122.8,1228.0,B489_ARC_xxx_slice6-Ort.czi,old,glp1r,lower
18,21.0,132.76190476190476,2788.0,B489_ARC_xxx_slice6-Ort.czi,old,glp1r,lower
19,53.0,138.9245283018868,7363.0,B489_ARC_xxx_slice6-Ort.czi,old,glp1r,lower
20,5.0,120.4,602.0,B489_ARC_xxx_slice6-Ort.czi,old,glp1r,lower
21,34.0,115.29411764705883,3920.0,B489_ARC_xxx_slice6-Ort.czi,old,glp1r,lower
22,32.0,135.53125,4337.0,B489_ARC_xxx_slice6-Ort.czi,old,glp1r,lower
23,14.0,125.21428571428571,1753.0,B489_ARC_xxx_slice6-Ort.czi,old,glp1r,lower
24,60.0,157.15,9429.0,B489_ARC_xxx_slice6-Ort.czi,old,glp1r,lower
25,72.0,204.20833333333334,14703.0,B489_ARC_xxx_slice6-Ort.czi,old,glp1r,lower
26,30.0,134.1,4023.0,B489_ARC_xxx_slice6-Ort.czi,old,glp1r,lower
27,23.0,166.2608695652174,3824.0000000000005,B489_ARC_xxx_slice6-Ort.czi,old,glp1r,lower
28,90.0,136.44444444444446,12280.000000000002,B489_ARC_xxx_slice6-Ort.czi,old,glp1r,lower
29,24.0,213.04166666666666,5113.0,B489_ARC_xxx_slice6-Ort.czi,old,glp1r,lower
30,25.0,178.4,4460.0,B489_ARC_xxx_slice6-Ort.czi,old,glp1r,lower
31,5.0,95.0,475.0,B489_ARC_xxx_slice6-Ort.czi,old,glp1r,lower
32,32.0,186.34375,5963.0,B489_ARC_xxx_slice6-Ort.czi,old,glp1r,lower
33,19.0,166.42105263157896,3162.0,B489_ARC_xxx_slice6-Ort.czi,old,glp1r,lower
34,1.0,57.0,57.0,B489_ARC_xxx_slice6-Ort.czi,old,glp1r,lower
35,135.0,217.14814814814815,29315.0,B489_ARC_xxx_slice6-Ort.czi,old,glp1r,lower
36,11.0,102.63636363636364,1129.0,B489_ARC_xxx_slice6-Ort.czi,old,glp1r,lower
37,1.0,160.0,160.0,B489_ARC_xxx_slice6-Ort.czi,old,glp1r,lower
38,60.0,202.96666666666667,12178.0,B489_ARC_xxx_slice6-Ort.czi,old,glp1r,lower
39,45.0,199.73333333333332,8988.0,B489_ARC_xxx_slice6-Ort.czi,old,glp1r,lower
40,58.0,139.98275862068965,8119.0,B489_ARC_xxx_slice6-Ort.czi,old,glp1r,lower
41,76.0,216.51315789473685,16455.0,B489_ARC_xxx_slice6-Ort.czi,old,glp1r,lower
42,105.0,215.52380952380952,22630.0,B489_ARC_xxx_slice6-Ort.czi,old,glp1r,lower
43,7.0,58.857142857142854,412.0,B489_ARC_xxx_slice6-Ort.czi,old,glp1r,lower
44,68.0,235.60294117647058,16021.0,B489_ARC_xxx_slice6-Ort.czi,old,glp1r,lower
45,30.0,121.9,3657.0,B489_ARC_xxx_slice6-Ort.czi,old,glp1r,lower
46,105.0,192.06666666666666,20167.0,B489_ARC_xxx_slice6-Ort.czi,old,glp1r,lower
47,28.0,133.17857142857142,3728.9999999999995,B489_ARC_xxx_slice6-Ort.czi,old,glp1r,lower
48,11.0,131.27272727272728,1444.0,B489_ARC_xxx_slice6-Ort.czi,old,glp1r,lower
49,93.0,177.91397849462365,16546.0,B489_ARC_xxx_slice6-Ort.czi,old,glp1r,lower
50,75.0,198.05333333333334,14854.0,B489_ARC_xxx_slice6-Ort.czi,old,glp1r,lower
51,9.0,101.55555555555556,914.0,B489_ARC_xxx_slice6-Ort.czi,old,glp1r,lower
52,36.0,121.66666666666667,4380.0,B489_ARC_xxx_slice6-Ort.czi,old,glp1r,lower
53,171.0,200.12865497076024,34222.0,B489_ARC_xxx_slice6-Ort.czi,old,glp1r,lower
54,66.0,184.3030303030303,12164.0,B489_ARC_xxx_slice6-Ort.czi,old,glp1r,lower
55,181.0,159.43093922651934,28857.0,B489_ARC_xxx_slice6-Ort.czi,old,glp1r,lower
56,3.0,131.33333333333334,394.0,B489_ARC_xxx_slice6-Ort.czi,old,glp1r,lower
57,106.0,204.14150943396226,21639.0,B489_ARC_xxx_slice6-Ort.czi,old,glp1r,lower
58,39.0,191.64102564102564,7474.0,B489_ARC_xxx_slice6-Ort.czi,old,glp1r,lower
59,6.0,146.33333333333334,878.0,B489_ARC_xxx_slice6-Ort.czi,old,glp1r,lower
60,78.0,177.75641025641025,13865.0,B489_ARC_xxx_slice6-Ort.czi,old,glp1r,lower
61,78.0,231.82051282051282,18082.0,B489_ARC_xxx_slice6-Ort.czi,old,glp1r,lower
62,21.0,160.23809523809524,3365.0,B489_ARC_xxx_slice6-Ort.czi,old,glp1r,lower
63,26.0,128.73076923076923,3347.0,B489_ARC_xxx_slice6-Ort.czi,old,glp1r,lower
64,34.0,193.8235294117647,6590.0,B489_ARC_xxx_slice6-Ort.czi,old,glp1r,lower
65,61.0,112.1639344262295,6842.0,B489_ARC_xxx_slice6-Ort.czi,old,glp1r,lower
66,83.0,217.79518072289156,18077.0,B489_ARC_xxx_slice6-Ort.czi,old,glp1r,lower
67,2.0,125.5,251.0,B489_ARC_xxx_slice6-Ort.czi,old,glp1r,lower
68,20.0,189.05,3781.0,B489_ARC_xxx_slice6-Ort.czi,old,glp1r,lower
69,8.0,100.0,800.0,B489_ARC_xxx_slice6-Ort.czi,old,glp1r,lower
70,20.0,116.0,2320.0,B489_ARC_xxx_slice6-Ort.czi,old,glp1r,lower
71,51.0,181.62745098039215,9263.0,B489_ARC_xxx_slice6-Ort.czi,old,glp1r,lower
72,110.0,152.56363636363636,16782.0,B489_ARC_xxx_slice6-Ort.czi,old,glp1r,lower
73,39.0,163.69230769230768,6383.999999999999,B489_ARC_xxx_slice6-Ort.czi,old,glp1r,lower
74,9.0,82.44444444444444,742.0,B489_ARC_xxx_slice6-Ort.czi,old,glp1r,lower
75,3.0,103.66666666666667,311.0,B489_ARC_xxx_slice6-Ort.czi,old,glp1r,lower
76,3.0,111.0,333.0,B489_ARC_xxx_slice6-Ort.czi,old,glp1r,lower
77,2.0,147.5,295.0,B489_ARC_xxx_slice6-Ort.czi,old,glp1r,lower
78,19.0,125.05263157894737,2376.0,B489_ARC_xxx_slice6-Ort.czi,old,glp1r,lower
79,42.0,124.66666666666667,5236.0,B489_ARC_xxx_slice6-Ort.czi,old,glp1r,lower
80,46.0,203.80434782608697,9375.0,B489_ARC_xxx_slice6-Ort.czi,old,glp1r,lower
1,182.0,7.104395604395604,1293.0,F656_ARC _B3_slice6-Ort.czi,old,glp1r,lower
2,46.0,7.1521739130434785,329.0,F656_ARC _B3_slice6-Ort.czi,old,glp1r,lower
3,39.0,8.846153846153847,345.0,F656_ARC _B3_slice6-Ort.czi,old,glp1r,lower
4,5.0,11.2,56.0,F656_ARC _B3_slice6-Ort.czi,old,glp1r,lower
5,12.0,7.583333333333333,91.0,F656_ARC _B3_slice6-Ort.czi,old,glp1r,lower
6,11.0,11.818181818181818,130.0,F656_ARC _B3_slice6-Ort.czi,old,glp1r,lower
7,4.0,10.75,43.0,F656_ARC _B3_slice6-Ort.czi,old,glp1r,lower
8,44.0,6.545454545454546,288.0,F656_ARC _B3_slice6-Ort.czi,old,glp1r,lower
9,701.0,9.165477888730384,6424.999999999999,F656_ARC _B3_slice6-Ort.czi,old,glp1r,lower
10,13.0,6.769230769230769,88.0,F656_ARC _B3_slice6-Ort.czi,old,glp1r,lower
11,57.0,6.666666666666667,380.0,F656_ARC _B3_slice6-Ort.czi,old,glp1r,lower
12,27.0,28.25925925925926,763.0,F656_ARC _B3_slice6-Ort.czi,old,glp1r,lower
13,6.0,8.333333333333334,50.0,F656_ARC _B3_slice6-Ort.czi,old,glp1r,lower
14,425.0,7.402352941176471,3146.0,F656_ARC _B3_slice6-Ort.czi,old,glp1r,lower
15,13.0,8.23076923076923,106.99999999999999,F656_ARC _B3_slice6-Ort.czi,old,glp1r,lower
16,41.0,8.75609756097561,359.0,F656_ARC _B3_slice6-Ort.czi,old,glp1r,lower
17,20.0,8.7,174.0,F656_ARC _B3_slice6-Ort.czi,old,glp1r,lower
18,6.0,7.0,42.0,F656_ARC _B3_slice6-Ort.czi,old,glp1r,lower
19,3.0,6.333333333333333,19.0,F656_ARC _B3_slice6-Ort.czi,old,glp1r,lower
20,138.0,12.246376811594203,1690.0,F656_ARC _B3_slice6-Ort.czi,old,glp1r,lower
21,200.0,9.07,1814.0,F656_ARC _B3_slice6-Ort.czi,old,glp1r,lower
22,30.0,13.133333333333333,394.0,F656_ARC _B3_slice6-Ort.czi,old,glp1r,lower
23,85.0,6.929411764705883,589.0,F656_ARC _B3_slice6-Ort.czi,old,glp1r,lower
24,33.0,8.848484848484848,292.0,F656_ARC _B3_slice6-Ort.czi,old,glp1r,lower
25,22.0,8.363636363636363,184.0,F656_ARC _B3_slice6-Ort.czi,old,glp1r,lower
26,2.0,6.5,13.0,F656_ARC _B3_slice6-Ort.czi,old,glp1r,lower
27,94.0,7.638297872340425,718.0,F656_ARC _B3_slice6-Ort.czi,old,glp1r,lower
28,84.0,7.404761904761905,622.0,F656_ARC _B3_slice6-Ort.czi,old,glp1r,lower
29,19.0,6.894736842105263,131.0,F656_ARC _B3_slice6-Ort.czi,old,glp1r,lower
30,10.0,6.9,69.0,F656_ARC _B3_slice6-Ort.czi,old,glp1r,lower
31,38.0,7.184210526315789,273.0,F656_ARC _B3_slice6-Ort.czi,old,glp1r,lower
32,1.0,5.0,5.0,F656_ARC _B3_slice6-Ort.czi,old,glp1r,lower
33,37.0,7.972972972972973,295.0,F656_ARC _B3_slice6-Ort.czi,old,glp1r,lower
34,1.0,3.0,3.0,F656_ARC _B3_slice6-Ort.czi,old,glp1r,lower
35,142498.0,9.680493761315947,1379450.9999999998,F656_ARC _B3_slice6-Ort.czi,old,glp1r,lower
36,114.0,9.0,1026.0,F656_ARC _B3_slice6-Ort.czi,old,glp1r,lower
37,25.0,7.2,180.0,F656_ARC _B3_slice6-Ort.czi,old,glp1r,lower
38,59.0,6.406779661016949,378.0,F656_ARC _B3_slice6-Ort.czi,old,glp1r,lower
39,741.0,7.620782726045884,5647.0,F656_ARC _B3_slice6-Ort.czi,old,glp1r,lower
40,31.0,7.67741935483871,238.0,F656_ARC _B3_slice6-Ort.czi,old,glp1r,lower
41,51.0,7.803921568627451,398.0,F656_ARC _B3_slice6-Ort.czi,old,glp1r,lower
42,198.0,9.94949494949495,1970.0,F656_ARC _B3_slice6-Ort.czi,old,glp1r,lower
43,15.0,8.0,120.0,F656_ARC _B3_slice6-Ort.czi,old,glp1r,lower
44,7.0,7.285714285714286,51.0,F656_ARC _B3_slice6-Ort.czi,old,glp1r,lower
45,293.0,8.672354948805461,2541.0,F656_ARC _B3_slice6-Ort.czi,old,glp1r,lower
46,33.0,6.545454545454546,216.0,F656_ARC _B3_slice6-Ort.czi,old,glp1r,lower
47,19.0,6.526315789473684,124.0,F656_ARC _B3_slice6-Ort.czi,old,glp1r,lower
48,483.0,8.031055900621118,3878.9999999999995,F656_ARC _B3_slice6-Ort.czi,old,glp1r,lower
49,58.0,7.275862068965517,422.0,F656_ARC _B3_slice6-Ort.czi,old,glp1r,lower
50,33.0,8.666666666666666,286.0,F656_ARC _B3_slice6-Ort.czi,old,glp1r,lower
51,6.0,7.0,42.0,F656_ARC _B3_slice6-Ort.czi,old,glp1r,lower
52,7.0,7.0,49.0,F656_ARC _B3_slice6-Ort.czi,old,glp1r,lower
53,476.0,8.752100840336135,4166.0,F656_ARC _B3_slice6-Ort.czi,old,glp1r,lower
54,71.0,15.126760563380282,1074.0,F656_ARC _B3_slice6-Ort.czi,old,glp1r,lower
55,12.0,6.0,72.0,F656_ARC _B3_slice6-Ort.czi,old,glp1r,lower
56,13.0,6.461538461538462,84.0,F656_ARC _B3_slice6-Ort.czi,old,glp1r,lower
57,5.0,6.2,31.0,F656_ARC _B3_slice6-Ort.czi,old,glp1r,lower
58,219.0,7.200913242009133,1577.0,F656_ARC _B3_slice6-Ort.czi,old,glp1r,lower
59,7.0,5.714285714285714,40.0,F656_ARC _B3_slice6-Ort.czi,old,glp1r,lower
60,46.0,8.652173913043478,398.0,F656_ARC _B3_slice6-Ort.czi,old,glp1r,lower
61,160.0,7.18125,1149.0,F656_ARC _B3_slice6-Ort.czi,old,glp1r,lower
62,12.0,8.166666666666666,98.0,F656_ARC _B3_slice6-Ort.czi,old,glp1r,lower
63,171539.0,9.341863949305989,1602494.0,F656_ARC _B3_slice6-Ort.czi,old,glp1r,lower
64,34.0,8.058823529411764,274.0,F656_ARC _B3_slice6-Ort.czi,old,glp1r,lower
65,74.0,7.635135135135135,565.0,F656_ARC _B3_slice6-Ort.czi,old,glp1r,lower
66,7.0,8.428571428571429,59.0,F656_ARC _B3_slice6-Ort.czi,old,glp1r,lower
67,9.0,7.555555555555555,68.0,F656_ARC _B3_slice6-Ort.czi,old,glp1r,lower
68,63.0,8.285714285714286,522.0,F656_ARC _B3_slice6-Ort.czi,old,glp1r,lower
69,1.0,8.0,8.0,F656_ARC _B3_slice6-Ort.czi,old,glp1r,lower
70,3.0,5.666666666666667,17.0,F656_ARC _B3_slice6-Ort.czi,old,glp1r,lower
71,30.0,6.833333333333333,205.0,F656_ARC _B3_slice6-Ort.czi,old,glp1r,lower
72,49.0,7.285714285714286,357.0,F656_ARC _B3_slice6-Ort.czi,old,glp1r,lower
73,67.0,8.507462686567164,570.0,F656_ARC _B3_slice6-Ort.czi,old,glp1r,lower
74,859.0,9.852153667054715,8463.0,F656_ARC _B3_slice6-Ort.czi,old,glp1r,lower
75,40.0,7.625,305.0,F656_ARC _B3_slice6-Ort.czi,old,glp1r,lower
76,26.0,8.115384615384615,211.0,F656_ARC _B3_slice6-Ort.czi,old,glp1r,lower
77,23.0,7.565217391304348,174.0,F656_ARC _B3_slice6-Ort.czi,old,glp1r,lower
78,99.0,12.97979797979798,1285.0,F656_ARC _B3_slice6-Ort.czi,old,glp1r,lower
79,171.0,7.4035087719298245,1266.0,F656_ARC _B3_slice6-Ort.czi,old,glp1r,lower
80,23.0,8.652173913043478,199.0,F656_ARC _B3_slice6-Ort.czi,old,glp1r,lower
81,136.0,11.507352941176471,1565.0,F656_ARC _B3_slice6-Ort.czi,old,glp1r,lower
82,52.0,8.576923076923077,446.0,F656_ARC _B3_slice6-Ort.czi,old,glp1r,lower
83,1396.0,7.3187679083094554,10217.0,F656_ARC _B3_slice6-Ort.czi,old,glp1r,lower
84,42.0,7.857142857142857,330.0,F656_ARC _B3_slice6-Ort.czi,old,glp1r,lower
85,172.0,7.75,1333.0,F656_ARC _B3_slice6-Ort.czi,old,glp1r,lower
86,1.0,5.0,5.0,F656_ARC _B3_slice6-Ort.czi,old,glp1r,lower
87,537.0,7.72998137802607,4151.0,F656_ARC _B3_slice6-Ort.czi,old,glp1r,lower
88,277.0,7.527075812274369,2085.0,F656_ARC _B3_slice6-Ort.czi,old,glp1r,lower
89,31.0,8.193548387096774,254.0,F656_ARC _B3_slice6-Ort.czi,old,glp1r,lower
90,6.0,7.166666666666667,43.0,F656_ARC _B3_slice6-Ort.czi,old,glp1r,lower
91,24.0,10.0,240.0,F656_ARC _B3_slice6-Ort.czi,old,glp1r,lower
92,1.0,7.0,7.0,F656_ARC _B3_slice6-Ort.czi,old,glp1r,lower
93,32.0,7.4375,238.0,F656_ARC _B3_slice6-Ort.czi,old,glp1r,lower
94,44.0,9.568181818181818,421.0,F656_ARC _B3_slice6-Ort.czi,old,glp1r,lower
95,395.0,7.4379746835443035,2938.0,F656_ARC _B3_slice6-Ort.czi,old,glp1r,lower
96,27.0,8.0,216.0,F656_ARC _B3_slice6-Ort.czi,old,glp1r,lower
97,1.0,7.0,7.0,F656_ARC _B3_slice6-Ort.czi,old,glp1r,lower
98,42.0,12.238095238095237,514.0,F656_ARC _B3_slice6-Ort.czi,old,glp1r,lower
99,80.0,7.275,582.0,F656_ARC _B3_slice6-Ort.czi,old,glp1r,lower
100,6.0,11.833333333333334,71.0,F656_ARC _B3_slice6-Ort.czi,old,glp1r,lower
101,107.0,7.271028037383178,778.0,F656_ARC _B3_slice6-Ort.czi,old,glp1r,lower
102,38.0,6.7105263157894735,255.0,F656_ARC _B3_slice6-Ort.czi,old,glp1r,lower
103,4011.0,11.198703565195713,44918.0,F656_ARC _B3_slice6-Ort.czi,old,glp1r,lower
104,10.0,7.2,72.0,F656_ARC _B3_slice6-Ort.czi,old,glp1r,lower
105,8.0,11.125,89.0,F656_ARC _B3_slice6-Ort.czi,old,glp1r,lower
106,254.0,15.169291338582678,3853.0,F656_ARC _B3_slice6-Ort.czi,old,glp1r,lower
107,2588.0,8.889876352395673,23007.0,F656_ARC _B3_slice6-Ort.czi,old,glp1r,lower
108,90.0,7.233333333333333,651.0,F656_ARC _B3_slice6-Ort.czi,old,glp1r,lower
109,2959.0,10.742818519770193,31788.0,F656_ARC _B3_slice6-Ort.czi,old,glp1r,lower
110,27.0,6.7407407407407405,182.0,F656_ARC _B3_slice6-Ort.czi,old,glp1r,lower
111,5269.0,10.416587587777567,54885.0,F656_ARC _B3_slice6-Ort.czi,old,glp1r,lower
112,797.0,11.498117942283564,9164.0,F656_ARC _B3_slice6-Ort.czi,old,glp1r,lower
1,29.0,124.3103448275862,3605.0,B465_ARC _C3_slice4-Ort.czi,old,glp1r,lower
2,41.0,113.39024390243902,4649.0,B465_ARC _C3_slice4-Ort.czi,old,glp1r,lower
3,10.0,118.5,1185.0,B465_ARC _C3_slice4-Ort.czi,old,glp1r,lower
4,30.0,141.83333333333334,4255.0,B465_ARC _C3_slice4-Ort.czi,old,glp1r,lower
5,20.0,166.7,3334.0,B465_ARC _C3_slice4-Ort.czi,old,glp1r,lower
6,2.0,100.5,201.0,B465_ARC _C3_slice4-Ort.czi,old,glp1r,lower
7,28.0,131.42857142857142,3679.9999999999995,B465_ARC _C3_slice4-Ort.czi,old,glp1r,lower
8,5.0,149.4,747.0,B465_ARC _C3_slice4-Ort.czi,old,glp1r,lower
9,9.0,159.44444444444446,1435.0,B465_ARC _C3_slice4-Ort.czi,old,glp1r,lower
10,4.0,192.75,771.0,B465_ARC _C3_slice4-Ort.czi,old,glp1r,lower
11,14.0,116.21428571428571,1627.0,B465_ARC _C3_slice4-Ort.czi,old,glp1r,lower
12,17.0,115.41176470588235,1962.0,B465_ARC _C3_slice4-Ort.czi,old,glp1r,lower
13,24.0,118.70833333333333,2849.0,B465_ARC _C3_slice4-Ort.czi,old,glp1r,lower
14,10.0,101.6,1016.0,B465_ARC _C3_slice4-Ort.czi,old,glp1r,lower
15,13.0,103.61538461538461,1347.0,B465_ARC _C3_slice4-Ort.czi,old,glp1r,lower
16,8.0,112.5,900.0,B465_ARC _C3_slice4-Ort.czi,old,glp1r,lower
17,102.0,122.98039215686275,12544.0,B465_ARC _C3_slice4-Ort.czi,old,glp1r,lower
18,73.0,107.06849315068493,7816.0,B465_ARC _C3_slice4-Ort.czi,old,glp1r,lower
19,66.0,92.12121212121212,6080.0,B465_ARC _C3_slice4-Ort.czi,old,glp1r,lower
20,4.0,45.75,183.0,B465_ARC _C3_slice4-Ort.czi,old,glp1r,lower
21,69.0,142.20289855072463,9812.0,B465_ARC _C3_slice4-Ort.czi,old,glp1r,lower
22,151.0,142.34437086092714,21494.0,B465_ARC _C3_slice4-Ort.czi,old,glp1r,lower
23,10.0,117.0,1170.0,B465_ARC _C3_slice4-Ort.czi,old,glp1r,lower
24,236.0,116.10169491525424,27400.0,B465_ARC _C3_slice4-Ort.czi,old,glp1r,lower
25,74.0,125.01351351351352,9251.0,B465_ARC _C3_slice4-Ort.czi,old,glp1r,lower
26,51.0,112.49019607843137,5737.0,B465_ARC _C3_slice4-Ort.czi,old,glp1r,lower
27,48.0,120.54166666666667,5786.0,B465_ARC _C3_slice4-Ort.czi,old,glp1r,lower
28,19.0,96.57894736842105,1835.0,B465_ARC _C3_slice4-Ort.czi,old,glp1r,lower
29,65.0,126.47692307692307,8221.0,B465_ARC _C3_slice4-Ort.czi,old,glp1r,lower
30,59.0,126.47457627118644,7462.0,B465_ARC _C3_slice4-Ort.czi,old,glp1r,lower
31,29.0,108.48275862068965,3146.0,B465_ARC _C3_slice4-Ort.czi,old,glp1r,lower
32,11.0,132.36363636363637,1456.0,B465_ARC _C3_slice4-Ort.czi,old,glp1r,lower
33,136.0,118.65441176470588,16137.0,B465_ARC _C3_slice4-Ort.czi,old,glp1r,lower
34,128.0,149.6328125,19153.0,B465_ARC _C3_slice4-Ort.czi,old,glp1r,lower
35,86.0,140.8139534883721,12110.000000000002,B465_ARC _C3_slice4-Ort.czi,old,glp1r,lower
36,37.0,123.91891891891892,4585.0,B465_ARC _C3_slice4-Ort.czi,old,glp1r,lower
37,5.0,96.0,480.0,B465_ARC _C3_slice4-Ort.czi,old,glp1r,lower
38,31.0,120.61290322580645,3739.0,B465_ARC _C3_slice4-Ort.czi,old,glp1r,lower
39,59.0,142.3728813559322,8400.0,B465_ARC _C3_slice4-Ort.czi,old,glp1r,lower
40,40.0,93.75,3750.0,B465_ARC _C3_slice4-Ort.czi,old,glp1r,lower
41,30.0,166.06666666666666,4982.0,B465_ARC _C3_slice4-Ort.czi,old,glp1r,lower
42,202.0,159.46039603960395,32210.999999999996,B465_ARC _C3_slice4-Ort.czi,old,glp1r,lower
43,4.0,133.5,534.0,B465_ARC _C3_slice4-Ort.czi,old,glp1r,lower
44,132.0,150.4318181818182,19857.0,B465_ARC _C3_slice4-Ort.czi,old,glp1r,lower
45,55.0,127.7090909090909,7024.0,B465_ARC _C3_slice4-Ort.czi,old,glp1r,lower
46,37.0,130.6216216216216,4833.0,B465_ARC _C3_slice4-Ort.czi,old,glp1r,lower
47,247.0,162.94736842105263,40248.0,B465_ARC _C3_slice4-Ort.czi,old,glp1r,lower
48,120.0,138.98333333333332,16678.0,B465_ARC _C3_slice4-Ort.czi,old,glp1r,lower
49,27.0,127.18518518518519,3434.0,B465_ARC _C3_slice4-Ort.czi,old,glp1r,lower
50,47.0,147.2340425531915,6920.000000000001,B465_ARC _C3_slice4-Ort.czi,old,glp1r,lower
51,15.0,177.73333333333332,2666.0,B465_ARC _C3_slice4-Ort.czi,old,glp1r,lower
52,41.0,121.09756097560975,4965.0,B465_ARC _C3_slice4-Ort.czi,old,glp1r,lower
53,29.0,123.93103448275862,3594.0,B465_ARC _C3_slice4-Ort.czi,old,glp1r,lower
54,62.0,143.2741935483871,8883.0,B465_ARC _C3_slice4-Ort.czi,old,glp1r,lower
55,29.0,155.20689655172413,4501.0,B465_ARC _C3_slice4-Ort.czi,old,glp1r,lower
56,84.0,138.4047619047619,11626.0,B465_ARC _C3_slice4-Ort.czi,old,glp1r,lower
57,34.0,102.11764705882354,3472.0,B465_ARC _C3_slice4-Ort.czi,old,glp1r,lower
