label,area,mean_intensity,integrated_density,filename,age,channel,region
1,104.0,10.567307692307692,1099.0,F656_ARC _B3_slice3-Ort.czi,old,glp1r,upper
2,1.0,5.0,5.0,F656_ARC _B3_slice3-Ort.czi,old,glp1r,upper
3,103.0,11.184466019417476,1152.0,F656_ARC _B3_slice3-Ort.czi,old,glp1r,upper
4,92.0,8.0,736.0,F656_ARC _B3_slice3-Ort.czi,old,glp1r,upper
5,65.0,9.03076923076923,587.0,F656_ARC _B3_slice3-Ort.czi,old,glp1r,upper
6,75.0,9.306666666666667,698.0,F656_ARC _B3_slice3-Ort.czi,old,glp1r,upper
7,31.0,9.096774193548388,282.0,F656_ARC _B3_slice3-Ort.czi,old,glp1r,upper
8,1.0,13.0,13.0,F656_ARC _B3_slice3-Ort.czi,old,glp1r,upper
9,11.0,24.0,264.0,F656_ARC _B3_slice3-Ort.czi,old,glp1r,upper
10,49.0,8.285714285714286,406.00000000000006,F656_ARC _B3_slice3-Ort.czi,old,glp1r,upper
11,9.0,13.0,117.0,F656_ARC _B3_slice3-Ort.czi,old,glp1r,upper
12,16.0,11.0625,177.0,F656_ARC _B3_slice3-Ort.czi,old,glp1r,upper
13,37.0,11.945945945945946,442.0,F656_ARC _B3_slice3-Ort.czi,old,glp1r,upper
14,47.0,8.46808510638298,398.0,F656_ARC _B3_slice3-Ort.czi,old,glp1r,upper
15,155.0,9.174193548387096,1422.0,F656_ARC _B3_slice3-Ort.czi,old,glp1r,upper
16,82.0,9.353658536585366,767.0,F656_ARC _B3_slice3-Ort.czi,old,glp1r,upper
17,318.0,10.90251572327044,3467.0,F656_ARC _B3_slice3-Ort.czi,old,glp1r,upper
18,26.0,10.076923076923077,262.0,F656_ARC _B3_slice3-Ort.czi,old,glp1r,upper
19,4.0,5.5,22.0,F656_ARC _B3_slice3-Ort.czi,old,glp1r,upper
20,83.0,8.409638554216867,698.0,F656_ARC _B3_slice3-Ort.czi,old,glp1r,upper
21,24.0,16.75,402.0,F656_ARC _B3_slice3-Ort.czi,old,glp1r,upper
22,9.0,7.111111111111111,64.0,F656_ARC _B3_slice3-Ort.czi,old,glp1r,upper
23,4.0,9.0,36.0,F656_ARC _B3_slice3-Ort.czi,old,glp1r,upper
24,6.0,8.333333333333334,50.0,F656_ARC _B3_slice3-Ort.czi,old,glp1r,upper
25,18.0,11.444444444444445,206.0,F656_ARC _B3_slice3-Ort.czi,old,glp1r,upper
26,40.0,22.125,885.0,F656_ARC _B3_slice3-Ort.czi,old,glp1r,upper
27,20.0,9.55,191.0,F656_ARC _B3_slice3-Ort.czi,old,glp1r,upper
28,2.0,10.5,21.0,F656_ARC _B3_slice3-Ort.czi,old,glp1r,upper
29,3.0,11.0,33.0,F656_ARC _B3_slice3-Ort.czi,old,glp1r,upper
30,40.0,17.95,718.0,F656_ARC _B3_slice3-Ort.czi,old,glp1r,upper
31,14.0,8.785714285714286,123.00000000000001,F656_ARC _B3_slice3-Ort.czi,old,glp1r,upper
32,88.0,8.386363636363637,738.0,F656_ARC _B3_slice3-Ort.czi,old,glp1r,upper
33,53.0,11.39622641509434,604.0,F656_ARC _B3_slice3-Ort.czi,old,glp1r,upper
34,63.0,10.142857142857142,639.0,F656_ARC _B3_slice3-Ort.czi,old,glp1r,upper
35,11.0,9.909090909090908,108.99999999999999,F656_ARC _B3_slice3-Ort.czi,old,glp1r,upper
36,317.0,12.50788643533123,3965.0,F656_ARC _B3_slice3-Ort.czi,old,glp1r,upper
37,1.0,7.0,7.0,F656_ARC _B3_slice3-Ort.czi,old,glp1r,upper
38,63.0,11.88888888888889,749.0,F656_ARC _B3_slice3-Ort.czi,old,glp1r,upper
39,181.0,8.679558011049723,1570.9999999999998,F656_ARC _B3_slice3-Ort.czi,old,glp1r,upper
40,75.0,18.053333333333335,1354.0,F656_ARC _B3_slice3-Ort.czi,old,glp1r,upper
41,42.0,10.785714285714286,453.00000000000006,F656_ARC _B3_slice3-Ort.czi,old,glp1r,upper
42,105.0,9.476190476190476,995.0,F656_ARC _B3_slice3-Ort.czi,old,glp1r,upper
43,14.0,9.928571428571429,139.0,F656_ARC _B3_slice3-Ort.czi,old,glp1r,upper
44,1.0,7.0,7.0,F656_ARC _B3_slice3-Ort.czi,old,glp1r,upper
45,22.0,12.909090909090908,284.0,F656_ARC _B3_slice3-Ort.czi,old,glp1r,upper
46,164.0,8.926829268292684,1464.0000000000002,F656_ARC _B3_slice3-Ort.czi,old,glp1r,upper
47,131.0,9.664122137404581,1266.0,F656_ARC _B3_slice3-Ort.czi,old,glp1r,upper
48,54.0,27.074074074074073,1462.0,F656_ARC _B3_slice3-Ort.czi,old,glp1r,upper
49,13.0,9.384615384615385,122.0,F656_ARC _B3_slice3-Ort.czi,old,glp1r,upper
50,260.0,11.511538461538462,2993.0,F656_ARC _B3_slice3-Ort.czi,old,glp1r,upper
51,18.0,7.166666666666667,129.0,F656_ARC _B3_slice3-Ort.czi,old,glp1r,upper
52,9.0,8.88888888888889,80.0,F656_ARC _B3_slice3-Ort.czi,old,glp1r,upper
53,49.0,9.10204081632653,446.0,F656_ARC _B3_slice3-Ort.czi,old,glp1r,upper
54,53.0,8.981132075471699,476.00000000000006,F656_ARC _B3_slice3-Ort.czi,old,glp1r,upper
55,48.0,9.875,474.0,F656_ARC _B3_slice3-Ort.czi,old,glp1r,upper
56,13.0,9.076923076923077,118.0,F656_ARC _B3_slice3-Ort.czi,old,glp1r,upper
57,1.0,13.0,13.0,F656_ARC _B3_slice3-Ort.czi,old,glp1r,upper
58,2.0,7.0,14.0,F656_ARC _B3_slice3-Ort.czi,old,glp1r,upper
59,1.0,3.0,3.0,F656_ARC _B3_slice3-Ort.czi,old,glp1r,upper
60,136.0,8.404411764705882,1143.0,F656_ARC _B3_slice3-Ort.czi,old,glp1r,upper
61,1.0,6.0,6.0,F656_ARC _B3_slice3-Ort.czi,old,glp1r,upper
62,9.0,11.222222222222221,101.0,F656_ARC _B3_slice3-Ort.czi,old,glp1r,upper
63,20.0,9.65,193.0,F656_ARC _B3_slice3-Ort.czi,old,glp1r,upper
64,113.0,8.530973451327434,964.0,F656_ARC _B3_slice3-Ort.czi,old,glp1r,upper
65,41.0,14.75609756097561,605.0,F656_ARC _B3_slice3-Ort.czi,old,glp1r,upper
66,22.0,9.227272727272727,203.0,F656_ARC _B3_slice3-Ort.czi,old,glp1r,upper
67,10.0,7.8,78.0,F656_ARC _B3_slice3-Ort.czi,old,glp1r,upper
68,50.0,13.08,654.0,F656_ARC _B3_slice3-Ort.czi,old,glp1r,upper
69,4.0,4.5,18.0,F656_ARC _B3_slice3-Ort.czi,old,glp1r,upper
70,16.0,12.5,200.0,F656_ARC _B3_slice3-Ort.czi,old,glp1r,upper
71,90.0,10.38888888888889,935.0,F656_ARC _B3_slice3-Ort.czi,old,glp1r,upper
72,1.0,11.0,11.0,F656_ARC _B3_slice3-Ort.czi,old,glp1r,upper
73,9.0,20.0,180.0,F656_ARC _B3_slice3-Ort.czi,old,glp1r,upper
74,54.0,14.777777777777779,798.0,F656_ARC _B3_slice3-Ort.czi,old,glp1r,upper
75,21.0,8.476190476190476,178.0,F656_ARC _B3_slice3-Ort.czi,old,glp1r,upper
76,27.0,9.11111111111111,246.0,F656_ARC _B3_slice3-Ort.czi,old,glp1r,upper
77,34.0,15.617647058823529,531.0,F656_ARC _B3_slice3-Ort.czi,old,glp1r,upper
78,30.0,17.4,522.0,F656_ARC _B3_slice3-Ort.czi,old,glp1r,upper
79,410.0,12.204878048780488,5004.0,F656_ARC _B3_slice3-Ort.czi,old,glp1r,upper
80,5.0,8.2,41.0,F656_ARC _B3_slice3-Ort.czi,old,glp1r,upper
81,95.0,8.873684210526315,843.0,F656_ARC _B3_slice3-Ort.czi,old,glp1r,upper
82,1062.0,8.95009416195857,9505.0,F656_ARC _B3_slice3-Ort.czi,old,glp1r,upper
83,106.0,31.0,3286.0,F656_ARC _B3_slice3-Ort.czi,old,glp1r,upper
84,10.0,11.7,117.0,F656_ARC _B3_slice3-Ort.czi,old,glp1r,upper
85,70.0,9.442857142857143,661.0,F656_ARC _B3_slice3-Ort.czi,old,glp1r,upper
86,54.0,9.88888888888889,534.0,F656_ARC _B3_slice3-Ort.czi,old,glp1r,upper
87,59.0,9.610169491525424,567.0,F656_ARC _B3_slice3-Ort.czi,old,glp1r,upper
88,1.0,9.0,9.0,F656_ARC _B3_slice3-Ort.czi,old,glp1r,upper
89,1.0,9.0,9.0,F656_ARC _B3_slice3-Ort.czi,old,glp1r,upper
90,24.0,7.958333333333333,191.0,F656_ARC _B3_slice3-Ort.czi,old,glp1r,upper
91,43.0,17.6046511627907,757.0,F656_ARC _B3_slice3-Ort.czi,old,glp1r,upper
92,8.0,12.5,100.0,F656_ARC _B3_slice3-Ort.czi,old,glp1r,upper
93,74.0,11.797297297297296,872.9999999999999,F656_ARC _B3_slice3-Ort.czi,old,glp1r,upper
94,4.0,10.0,40.0,F656_ARC _B3_slice3-Ort.czi,old,glp1r,upper
95,35.0,9.628571428571428,337.0,F656_ARC _B3_slice3-Ort.czi,old,glp1r,upper
96,6.0,6.833333333333333,41.0,F656_ARC _B3_slice3-Ort.czi,old,glp1r,upper
97,1.0,5.0,5.0,F656_ARC _B3_slice3-Ort.czi,old,glp1r,upper
98,11.0,11.363636363636363,125.0,F656_ARC _B3_slice3-Ort.czi,old,glp1r,upper
99,69.0,10.159420289855072,701.0,F656_ARC _B3_slice3-Ort.czi,old,glp1r,upper
100,241.0,8.925311203319502,2151.0,F656_ARC _B3_slice3-Ort.czi,old,glp1r,upper
101,2.0,8.5,17.0,F656_ARC _B3_slice3-Ort.czi,old,glp1r,upper
102,25.0,8.36,209.0,F656_ARC _B3_slice3-Ort.czi,old,glp1r,upper
103,11.0,11.181818181818182,123.0,F656_ARC _B3_slice3-Ort.czi,old,glp1r,upper
104,3.0,4.666666666666667,14.0,F656_ARC _B3_slice3-Ort.czi,old,glp1r,upper
105,33.0,10.727272727272727,354.0,F656_ARC _B3_slice3-Ort.czi,old,glp1r,upper
106,171.0,8.95906432748538,1532.0,F656_ARC _B3_slice3-Ort.czi,old,glp1r,upper
107,21.0,8.19047619047619,172.0,F656_ARC _B3_slice3-Ort.czi,old,glp1r,upper
108,38.0,10.394736842105264,395.0,F656_ARC _B3_slice3-Ort.czi,old,glp1r,upper
109,2.0,6.0,12.0,F656_ARC _B3_slice3-Ort.czi,old,glp1r,upper
110,24.0,13.375,321.0,F656_ARC _B3_slice3-Ort.czi,old,glp1r,upper
111,33.0,11.0,363.0,F656_ARC _B3_slice3-Ort.czi,old,glp1r,upper
112,17.0,10.882352941176471,185.0,F656_ARC _B3_slice3-Ort.czi,old,glp1r,upper
113,37.0,12.54054054054054,464.0,F656_ARC _B3_slice3-Ort.czi,old,glp1r,upper
114,70.0,14.971428571428572,1048.0,F656_ARC _B3_slice3-Ort.czi,old,glp1r,upper
115,412.0,9.29368932038835,3829.0,F656_ARC _B3_slice3-Ort.czi,old,glp1r,upper
116,36.0,8.0,288.0,F656_ARC _B3_slice3-Ort.czi,old,glp1r,upper
117,17.0,9.352941176470589,159.0,F656_ARC _B3_slice3-Ort.czi,old,glp1r,upper
118,43.0,9.883720930232558,425.0,F656_ARC _B3_slice3-Ort.czi,old,glp1r,upper
119,4.0,9.25,37.0,F656_ARC _B3_slice3-Ort.czi,old,glp1r,upper
120,40.0,7.85,314.0,F656_ARC _B3_slice3-Ort.czi,old,glp1r,upper
121,5.0,14.4,72.0,F656_ARC _B3_slice3-Ort.czi,old,glp1r,upper
122,1.0,12.0,12.0,F656_ARC _B3_slice3-Ort.czi,old,glp1r,upper
123,1.0,3.0,3.0,F656_ARC _B3_slice3-Ort.czi,old,glp1r,upper
124,1.0,8.0,8.0,F656_ARC _B3_slice3-Ort.czi,old,glp1r,upper
125,6.0,14.166666666666666,85.0,F656_ARC _B3_slice3-Ort.czi,old,glp1r,upper
126,62.0,8.064516129032258,500.0,F656_ARC _B3_slice3-Ort.czi,old,glp1r,upper
127,1.0,14.0,14.0,F656_ARC _B3_slice3-Ort.czi,old,glp1r,upper
128,12.0,14.25,171.0,F656_ARC _B3_slice3-Ort.czi,old,glp1r,upper
129,29.0,9.379310344827585,272.0,F656_ARC _B3_slice3-Ort.czi,old,glp1r,upper
130,308.0,13.831168831168831,4260.0,F656_ARC _B3_slice3-Ort.czi,old,glp1r,upper
131,72.0,8.541666666666666,615.0,F656_ARC _B3_slice3-Ort.czi,old,glp1r,upper
132,62.0,9.870967741935484,612.0,F656_ARC _B3_slice3-Ort.czi,old,glp1r,upper
133,4.0,7.5,30.0,F656_ARC _B3_slice3-Ort.czi,old,glp1r,upper
134,18.0,10.722222222222221,193.0,F656_ARC _B3_slice3-Ort.czi,old,glp1r,upper
135,35.0,10.457142857142857,366.0,F656_ARC _B3_slice3-Ort.czi,old,glp1r,upper
136,15.0,12.933333333333334,194.0,F656_ARC _B3_slice3-Ort.czi,old,glp1r,upper
137,5.0,9.4,47.0,F656_ARC _B3_slice3-Ort.czi,old,glp1r,upper
138,317.0,13.772870662460567,4366.0,F656_ARC _B3_slice3-Ort.czi,old,glp1r,upper
139,12.0,15.166666666666666,182.0,F656_ARC _B3_slice3-Ort.czi,old,glp1r,upper
140,27.0,10.11111111111111,273.0,F656_ARC _B3_slice3-Ort.czi,old,glp1r,upper
141,37.0,9.08108108108108,336.0,F656_ARC _B3_slice3-Ort.czi,old,glp1r,upper
142,92.0,9.597826086956522,883.0,F656_ARC _B3_slice3-Ort.czi,old,glp1r,upper
143,137.0,9.773722627737227,1339.0,F656_ARC _B3_slice3-Ort.czi,old,glp1r,upper
144,11.0,9.818181818181818,108.0,F656_ARC _B3_slice3-Ort.czi,old,glp1r,upper
145,6.0,9.666666666666666,58.0,F656_ARC _B3_slice3-Ort.czi,old,glp1r,upper
146,1.0,6.0,6.0,F656_ARC _B3_slice3-Ort.czi,old,glp1r,upper
147,9.0,10.555555555555555,95.0,F656_ARC _B3_slice3-Ort.czi,old,glp1r,upper
148,18.0,10.222222222222221,184.0,F656_ARC _B3_slice3-Ort.czi,old,glp1r,upper
149,1.0,5.0,5.0,F656_ARC _B3_slice3-Ort.czi,old,glp1r,upper
150,2.0,7.0,14.0,F656_ARC _B3_slice3-Ort.czi,old,glp1r,upper
151,320.0,8.996875,2879.0,F656_ARC _B3_slice3-Ort.czi,old,glp1r,upper
152,63.0,11.571428571428571,729.0,F656_ARC _B3_slice3-Ort.czi,old,glp1r,upper
153,185.0,9.605405405405405,1776.9999999999998,F656_ARC _B3_slice3-Ort.czi,old,glp1r,upper
154,7.0,8.142857142857142,57.0,F656_ARC _B3_slice3-Ort.czi,old,glp1r,upper
155,46.0,9.543478260869565,438.99999999999994,F656_ARC _B3_slice3-Ort.czi,old,glp1r,upper
156,1.0,7.0,7.0,F656_ARC _B3_slice3-Ort.czi,old,glp1r,upper
157,36.0,9.527777777777779,343.0,F656_ARC _B3_slice3-Ort.czi,old,glp1r,upper
158,28.0,8.857142857142858,248.0,F656_ARC _B3_slice3-Ort.czi,old,glp1r,upper
159,35.0,10.17142857142857,356.0,F656_ARC _B3_slice3-Ort.czi,old,glp1r,upper
160,19.0,11.526315789473685,219.0,F656_ARC _B3_slice3-Ort.czi,old,glp1r,upper
161,1.0,10.0,10.0,F656_ARC _B3_slice3-Ort.czi,old,glp1r,upper
162,38.0,11.473684210526315,436.0,F656_ARC _B3_slice3-Ort.czi,old,glp1r,upper
163,46.0,8.23913043478261,379.0,F656_ARC _B3_slice3-Ort.czi,old,glp1r,upper
164,106.0,10.81132075471698,1146.0,F656_ARC _B3_slice3-Ort.czi,old,glp1r,upper
165,183.0,8.972677595628415,1642.0,F656_ARC _B3_slice3-Ort.czi,old,glp1r,upper
166,93.0,8.924731182795698,829.9999999999999,F656_ARC _B3_slice3-Ort.czi,old,glp1r,upper
167,14.0,12.0,168.0,F656_ARC _B3_slice3-Ort.czi,old,glp1r,upper
168,15.0,17.4,261.0,F656_ARC _B3_slice3-Ort.czi,old,glp1r,upper
169,86.0,9.383720930232558,807.0,F656_ARC _B3_slice3-Ort.czi,old,glp1r,upper
170,4.0,12.75,51.0,F656_ARC _B3_slice3-Ort.czi,old,glp1r,upper
171,5.0,9.6,48.0,F656_ARC _B3_slice3-Ort.czi,old,glp1r,upper
172,13.0,9.692307692307692,125.99999999999999,F656_ARC _B3_slice3-Ort.czi,old,glp1r,upper
173,65.0,10.523076923076923,684.0,F656_ARC _B3_slice3-Ort.czi,old,glp1r,upper
174,2.0,7.5,15.0,F656_ARC _B3_slice3-Ort.czi,old,glp1r,upper
175,19.0,9.736842105263158,185.0,F656_ARC _B3_slice3-Ort.czi,old,glp1r,upper
176,468.0,9.596153846153847,4491.0,F656_ARC _B3_slice3-Ort.czi,old,glp1r,upper
177,4.0,6.25,25.0,F656_ARC _B3_slice3-Ort.czi,old,glp1r,upper
178,23.0,11.521739130434783,265.0,F656_ARC _B3_slice3-Ort.czi,old,glp1r,upper
179,31.0,9.35483870967742,290.0,F656_ARC _B3_slice3-Ort.czi,old,glp1r,upper
180,1054.0,9.750474383301707,10277.0,F656_ARC _B3_slice3-Ort.czi,old,glp1r,upper
181,8.0,9.0,72.0,F656_ARC _B3_slice3-Ort.czi,old,glp1r,upper
182,3.0,12.0,36.0,F656_ARC _B3_slice3-Ort.czi,old,glp1r,upper
183,13.0,11.076923076923077,144.0,F656_ARC _B3_slice3-Ort.czi,old,glp1r,upper
184,25.0,9.0,225.0,F656_ARC _B3_slice3-Ort.czi,old,glp1r,upper
185,4.0,8.75,35.0,F656_ARC _B3_slice3-Ort.czi,old,glp1r,upper
186,51.0,10.411764705882353,531.0,F656_ARC _B3_slice3-Ort.czi,old,glp1r,upper
187,70.0,11.442857142857143,801.0,F656_ARC _B3_slice3-Ort.czi,old,glp1r,upper
188,9.0,6.555555555555555,59.0,F656_ARC _B3_slice3-Ort.czi,old,glp1r,upper
189,11.0,11.545454545454545,127.0,F656_ARC _B3_slice3-Ort.czi,old,glp1r,upper
190,1.0,10.0,10.0,F656_ARC _B3_slice3-Ort.czi,old,glp1r,upper
191,25.0,8.68,217.0,F656_ARC _B3_slice3-Ort.czi,old,glp1r,upper
192,1.0,6.0,6.0,F656_ARC _B3_slice3-Ort.czi,old,glp1r,upper
193,41.0,9.731707317073171,399.0,F656_ARC _B3_slice3-Ort.czi,old,glp1r,upper
194,1.0,7.0,7.0,F656_ARC _B3_slice3-Ort.czi,old,glp1r,upper
195,24.0,12.791666666666666,307.0,F656_ARC _B3_slice3-Ort.czi,old,glp1r,upper
196,127.0,8.511811023622048,1081.0,F656_ARC _B3_slice3-Ort.czi,old,glp1r,upper
197,131.0,9.49618320610687,1244.0,F656_ARC _B3_slice3-Ort.czi,old,glp1r,upper
198,65.0,8.123076923076923,528.0,F656_ARC _B3_slice3-Ort.czi,old,glp1r,upper
199,43.0,8.930232558139535,384.0,F656_ARC _B3_slice3-Ort.czi,old,glp1r,upper
200,22.0,8.454545454545455,186.0,F656_ARC _B3_slice3-Ort.czi,old,glp1r,upper
201,90.0,8.688888888888888,781.9999999999999,F656_ARC _B3_slice3-Ort.czi,old,glp1r,upper
202,13.0,7.923076923076923,103.0,F656_ARC _B3_slice3-Ort.czi,old,glp1r,upper
203,14.0,9.285714285714286,130.0,F656_ARC _B3_slice3-Ort.czi,old,glp1r,upper
204,21.0,10.761904761904763,226.00000000000003,F656_ARC _B3_slice3-Ort.czi,old,glp1r,upper
205,8.0,9.5,76.0,F656_ARC _B3_slice3-Ort.czi,old,glp1r,upper
206,43.0,8.488372093023257,365.00000000000006,F656_ARC _B3_slice3-Ort.czi,old,glp1r,upper
207,47.0,9.659574468085106,454.0,F656_ARC _B3_slice3-Ort.czi,old,glp1r,upper
208,5.0,8.8,44.0,F656_ARC _B3_slice3-Ort.czi,old,glp1r,upper
209,767.0,8.88135593220339,6812.0,F656_ARC _B3_slice3-Ort.czi,old,glp1r,upper
210,51.0,10.607843137254902,541.0,F656_ARC _B3_slice3-Ort.czi,old,glp1r,upper
211,113.0,9.20353982300885,1040.0,F656_ARC _B3_slice3-Ort.czi,old,glp1r,upper
212,35.0,8.742857142857142,305.99999999999994,F656_ARC _B3_slice3-Ort.czi,old,glp1r,upper
213,97.0,9.082474226804123,881.0,F656_ARC _B3_slice3-Ort.czi,old,glp1r,upper
214,60.0,9.05,543.0,F656_ARC _B3_slice3-Ort.czi,old,glp1r,upper
215,58.0,9.172413793103448,532.0,F656_ARC _B3_slice3-Ort.czi,old,glp1r,upper
216,11.0,14.363636363636363,158.0,F656_ARC _B3_slice3-Ort.czi,old,glp1r,upper
217,66.0,9.818181818181818,648.0,F656_ARC _B3_slice3-Ort.czi,old,glp1r,upper
218,50.0,9.06,453.0,F656_ARC _B3_slice3-Ort.czi,old,glp1r,upper
219,86.0,14.36046511627907,1235.0,F656_ARC _B3_slice3-Ort.czi,old,glp1r,upper
220,90.0,7.877777777777778,709.0,F656_ARC _B3_slice3-Ort.czi,old,glp1r,upper
221,6.0,9.666666666666666,58.0,F656_ARC _B3_slice3-Ort.czi,old,glp1r,upper
222,4.0,7.25,29.0,F656_ARC _B3_slice3-Ort.czi,old,glp1r,upper
223,4.0,9.0,36.0,F656_ARC _B3_slice3-Ort.czi,old,glp1r,upper
224,201.0,9.343283582089553,1878.0000000000002,F656_ARC _B3_slice3-Ort.czi,old,glp1r,upper
225,18.0,8.666666666666666,156.0,F656_ARC _B3_slice3-Ort.czi,old,glp1r,upper
226,49.0,7.959183673469388,390.0,F656_ARC _B3_slice3-Ort.czi,old,glp1r,upper
227,48.0,9.708333333333334,466.0,F656_ARC _B3_slice3-Ort.czi,old,glp1r,upper
228,22.0,8.818181818181818,194.0,F656_ARC _B3_slice3-Ort.czi,old,glp1r,upper
229,1.0,6.0,6.0,F656_ARC _B3_slice3-Ort.czi,old,glp1r,upper
230,467.0,8.113490364025695,3789.0,F656_ARC _B3_slice3-Ort.czi,old,glp1r,upper
231,98.0,11.255102040816327,1103.0,F656_ARC _B3_slice3-Ort.czi,old,glp1r,upper
232,58.0,9.413793103448276,546.0,F656_ARC _B3_slice3-Ort.czi,old,glp1r,upper
233,19.0,8.789473684210526,167.0,F656_ARC _B3_slice3-Ort.czi,old,glp1r,upper
234,2.0,12.0,24.0,F656_ARC _B3_slice3-Ort.czi,old,glp1r,upper
235,9.0,8.333333333333334,75.0,F656_ARC _B3_slice3-Ort.czi,old,glp1r,upper
236,23.0,10.652173913043478,245.0,F656_ARC _B3_slice3-Ort.czi,old,glp1r,upper
237,15.0,8.4,126.0,F656_ARC _B3_slice3-Ort.czi,old,glp1r,upper
238,52.0,12.403846153846153,645.0,F656_ARC _B3_slice3-Ort.czi,old,glp1r,upper
239,41.0,9.121951219512194,373.99999999999994,F656_ARC _B3_slice3-Ort.czi,old,glp1r,upper
240,5.0,9.2,46.0,F656_ARC _B3_slice3-Ort.czi,old,glp1r,upper
241,1.0,9.0,9.0,F656_ARC _B3_slice3-Ort.czi,old,glp1r,upper
242,34.0,9.529411764705882,324.0,F656_ARC _B3_slice3-Ort.czi,old,glp1r,upper
243,65.0,8.938461538461539,581.0,F656_ARC _B3_slice3-Ort.czi,old,glp1r,upper
244,115.0,11.2,1288.0,F656_ARC _B3_slice3-Ort.czi,old,glp1r,upper
245,19.0,10.105263157894736,192.0,F656_ARC _B3_slice3-Ort.czi,old,glp1r,upper
246,2.0,9.5,19.0,F656_ARC _B3_slice3-Ort.czi,old,glp1r,upper
247,73.0,8.73972602739726,638.0,F656_ARC _B3_slice3-Ort.czi,old,glp1r,upper
248,52.0,8.673076923076923,451.0,F656_ARC _B3_slice3-Ort.czi,old,glp1r,upper
249,44.0,9.022727272727273,397.0,F656_ARC _B3_slice3-Ort.czi,old,glp1r,upper
250,1.0,13.0,13.0,F656_ARC _B3_slice3-Ort.czi,old,glp1r,upper
251,151.0,8.993377483443709,1358.0,F656_ARC _B3_slice3-Ort.czi,old,glp1r,upper
252,9.0,12.88888888888889,116.0,F656_ARC _B3_slice3-Ort.czi,old,glp1r,upper
253,1.0,4.0,4.0,F656_ARC _B3_slice3-Ort.czi,old,glp1r,upper
254,11.0,12.272727272727273,135.0,F656_ARC _B3_slice3-Ort.czi,old,glp1r,upper
255,106.0,9.556603773584905,1013.0,F656_ARC _B3_slice3-Ort.czi,old,glp1r,upper
256,89.0,10.202247191011235,907.9999999999999,F656_ARC _B3_slice3-Ort.czi,old,glp1r,upper
257,167.0,9.305389221556887,1554.0,F656_ARC _B3_slice3-Ort.czi,old,glp1r,upper
258,11.0,7.909090909090909,87.0,F656_ARC _B3_slice3-Ort.czi,old,glp1r,upper
259,27.0,8.555555555555555,231.0,F656_ARC _B3_slice3-Ort.czi,old,glp1r,upper
260,26.0,8.384615384615385,218.0,F656_ARC _B3_slice3-Ort.czi,old,glp1r,upper
261,1.0,15.0,15.0,F656_ARC _B3_slice3-Ort.czi,old,glp1r,upper
262,16.0,11.625,186.0,F656_ARC _B3_slice3-Ort.czi,old,glp1r,upper
263,12.0,8.0,96.0,F656_ARC _B3_slice3-Ort.czi,old,glp1r,upper
264,4.0,8.0,32.0,F656_ARC _B3_slice3-Ort.czi,old,glp1r,upper
265,1.0,4.0,4.0,F656_ARC _B3_slice3-Ort.czi,old,glp1r,upper
266,34.0,8.558823529411764,291.0,F656_ARC _B3_slice3-Ort.czi,old,glp1r,upper
267,15.0,7.8,117.0,F656_ARC _B3_slice3-Ort.czi,old,glp1r,upper
268,26.0,8.76923076923077,228.00000000000003,F656_ARC _B3_slice3-Ort.czi,old,glp1r,upper
269,9.0,9.222222222222221,83.0,F656_ARC _B3_slice3-Ort.czi,old,glp1r,upper
270,4.0,8.75,35.0,F656_ARC _B3_slice3-Ort.czi,old,glp1r,upper
271,1.0,8.0,8.0,F656_ARC _B3_slice3-Ort.czi,old,glp1r,upper
272,20.0,14.9,298.0,F656_ARC _B3_slice3-Ort.czi,old,glp1r,upper
273,210.0,9.323809523809524,1958.0000000000002,F656_ARC _B3_slice3-Ort.czi,old,glp1r,upper
274,4.0,8.0,32.0,F656_ARC _B3_slice3-Ort.czi,old,glp1r,upper
275,1.0,9.0,9.0,F656_ARC _B3_slice3-Ort.czi,old,glp1r,upper
276,43.0,10.325581395348838,444.0,F656_ARC _B3_slice3-Ort.czi,old,glp1r,upper
277,34.0,11.941176470588236,406.0,F656_ARC _B3_slice3-Ort.czi,old,glp1r,upper
278,13.0,9.307692307692308,121.00000000000001,F656_ARC _B3_slice3-Ort.czi,old,glp1r,upper
279,6.0,11.666666666666666,70.0,F656_ARC _B3_slice3-Ort.czi,old,glp1r,upper
280,110.0,13.072727272727272,1438.0,F656_ARC _B3_slice3-Ort.czi,old,glp1r,upper
281,158.0,9.772151898734178,1544.0,F656_ARC _B3_slice3-Ort.czi,old,glp1r,upper
282,17.0,9.0,153.0,F656_ARC _B3_slice3-Ort.czi,old,glp1r,upper
283,243.0,9.979423868312757,2425.0,F656_ARC _B3_slice3-Ort.czi,old,glp1r,upper
284,85.0,11.129411764705882,946.0,F656_ARC _B3_slice3-Ort.czi,old,glp1r,upper
285,2.0,7.0,14.0,F656_ARC _B3_slice3-Ort.czi,old,glp1r,upper
286,19.0,8.31578947368421,158.0,F656_ARC _B3_slice3-Ort.czi,old,glp1r,upper
287,48.0,9.416666666666666,452.0,F656_ARC _B3_slice3-Ort.czi,old,glp1r,upper
288,1.0,9.0,9.0,F656_ARC _B3_slice3-Ort.czi,old,glp1r,upper
289,7.0,8.285714285714286,58.00000000000001,F656_ARC _B3_slice3-Ort.czi,old,glp1r,upper
290,23.0,8.652173913043478,199.0,F656_ARC _B3_slice3-Ort.czi,old,glp1r,upper
291,5.0,11.6,58.0,F656_ARC _B3_slice3-Ort.czi,old,glp1r,upper
292,62.0,13.290322580645162,824.0,F656_ARC _B3_slice3-Ort.czi,old,glp1r,upper
293,9.0,8.11111111111111,73.0,F656_ARC _B3_slice3-Ort.czi,old,glp1r,upper
294,60.0,11.0,660.0,F656_ARC _B3_slice3-Ort.czi,old,glp1r,upper
295,8.0,10.0,80.0,F656_ARC _B3_slice3-Ort.czi,old,glp1r,upper
296,26.0,10.846153846153847,282.0,F656_ARC _B3_slice3-Ort.czi,old,glp1r,upper
297,26.0,9.73076923076923,252.99999999999997,F656_ARC _B3_slice3-Ort.czi,old,glp1r,upper
298,40.0,11.4,456.0,F656_ARC _B3_slice3-Ort.czi,old,glp1r,upper
299,14.0,11.785714285714286,165.0,F656_ARC _B3_slice3-Ort.czi,old,glp1r,upper
300,7.0,9.428571428571429,66.0,F656_ARC _B3_slice3-Ort.czi,old,glp1r,upper
301,42.0,9.428571428571429,396.0,F656_ARC _B3_slice3-Ort.czi,old,glp1r,upper
302,97.0,8.65979381443299,840.0,F656_ARC _B3_slice3-Ort.czi,old,glp1r,upper
303,7.0,6.571428571428571,46.0,F656_ARC _B3_slice3-Ort.czi,old,glp1r,upper
304,13.0,11.846153846153847,154.0,F656_ARC _B3_slice3-Ort.czi,old,glp1r,upper
305,47.0,10.404255319148936,489.0,F656_ARC _B3_slice3-Ort.czi,old,glp1r,upper
306,138.0,8.891304347826088,1227.0000000000002,F656_ARC _B3_slice3-Ort.czi,old,glp1r,upper
307,11.0,11.818181818181818,130.0,F656_ARC _B3_slice3-Ort.czi,old,glp1r,upper
308,79.0,11.164556962025317,882.0000000000001,F656_ARC _B3_slice3-Ort.czi,old,glp1r,upper
309,32.0,11.8125,378.0,F656_ARC _B3_slice3-Ort.czi,old,glp1r,upper
310,40.0,11.65,466.0,F656_ARC _B3_slice3-Ort.czi,old,glp1r,upper
311,107.0,10.130841121495328,1084.0,F656_ARC _B3_slice3-Ort.czi,old,glp1r,upper
312,17.0,8.058823529411764,137.0,F656_ARC _B3_slice3-Ort.czi,old,glp1r,upper
313,85.0,9.094117647058823,773.0,F656_ARC _B3_slice3-Ort.czi,old,glp1r,upper
314,35.0,7.314285714285714,256.0,F656_ARC _B3_slice3-Ort.czi,old,glp1r,upper
315,60.0,10.066666666666666,604.0,F656_ARC _B3_slice3-Ort.czi,old,glp1r,upper
316,27.0,17.48148148148148,472.0,F656_ARC _B3_slice3-Ort.czi,old,glp1r,upper
317,121.0,8.561983471074381,1036.0,F656_ARC _B3_slice3-Ort.czi,old,glp1r,upper
318,594.0,9.186868686868687,5457.0,F656_ARC _B3_slice3-Ort.czi,old,glp1r,upper
319,16.0,9.125,146.0,F656_ARC _B3_slice3-Ort.czi,old,glp1r,upper
320,2.0,8.0,16.0,F656_ARC _B3_slice3-Ort.czi,old,glp1r,upper
321,37.0,9.243243243243244,342.0,F656_ARC _B3_slice3-Ort.czi,old,glp1r,upper
322,44.0,9.0,396.0,F656_ARC _B3_slice3-Ort.czi,old,glp1r,upper
323,64.0,9.21875,590.0,F656_ARC _B3_slice3-Ort.czi,old,glp1r,upper
324,2.0,19.5,39.0,F656_ARC _B3_slice3-Ort.czi,old,glp1r,upper
325,42.0,9.857142857142858,414.0,F656_ARC _B3_slice3-Ort.czi,old,glp1r,upper
326,22.0,10.045454545454545,221.0,F656_ARC _B3_slice3-Ort.czi,old,glp1r,upper
327,38.0,8.526315789473685,324.0,F656_ARC _B3_slice3-Ort.czi,old,glp1r,upper
328,37.0,14.18918918918919,525.0,F656_ARC _B3_slice3-Ort.czi,old,glp1r,upper
329,74.0,9.013513513513514,667.0,F656_ARC _B3_slice3-Ort.czi,old,glp1r,upper
330,17.0,8.823529411764707,150.0,F656_ARC _B3_slice3-Ort.czi,old,glp1r,upper
331,1.0,12.0,12.0,F656_ARC _B3_slice3-Ort.czi,old,glp1r,upper
332,33.0,8.06060606060606,266.0,F656_ARC _B3_slice3-Ort.czi,old,glp1r,upper
333,54.0,11.74074074074074,634.0,F656_ARC _B3_slice3-Ort.czi,old,glp1r,upper
334,37.0,11.0,407.0,F656_ARC _B3_slice3-Ort.czi,old,glp1r,upper
335,11.0,15.818181818181818,174.0,F656_ARC _B3_slice3-Ort.czi,old,glp1r,upper
336,97.0,9.402061855670103,912.0,F656_ARC _B3_slice3-Ort.czi,old,glp1r,upper
337,28.0,9.75,273.0,F656_ARC _B3_slice3-Ort.czi,old,glp1r,upper
338,46.0,8.652173913043478,398.0,F656_ARC _B3_slice3-Ort.czi,old,glp1r,upper
339,16.0,13.6875,219.0,F656_ARC _B3_slice3-Ort.czi,old,glp1r,upper
340,1.0,10.0,10.0,F656_ARC _B3_slice3-Ort.czi,old,glp1r,upper
341,746.0,9.231903485254692,6887.000000000001,F656_ARC _B3_slice3-Ort.czi,old,glp1r,upper
342,80.0,8.9875,719.0,F656_ARC _B3_slice3-Ort.czi,old,glp1r,upper
343,6.0,11.833333333333334,71.0,F656_ARC _B3_slice3-Ort.czi,old,glp1r,upper
344,58.0,8.96551724137931,520.0,F656_ARC _B3_slice3-Ort.czi,old,glp1r,upper
345,75.0,9.12,683.9999999999999,F656_ARC _B3_slice3-Ort.czi,old,glp1r,upper
346,49.0,8.795918367346939,431.0,F656_ARC _B3_slice3-Ort.czi,old,glp1r,upper
347,5.0,9.6,48.0,F656_ARC _B3_slice3-Ort.czi,old,glp1r,upper
348,8.0,32.0,256.0,F656_ARC _B3_slice3-Ort.czi,old,glp1r,upper
349,1.0,4.0,4.0,F656_ARC _B3_slice3-Ort.czi,old,glp1r,upper
350,23.0,9.347826086956522,215.0,F656_ARC _B3_slice3-Ort.czi,old,glp1r,upper
351,1.0,9.0,9.0,F656_ARC _B3_slice3-Ort.czi,old,glp1r,upper
352,266.0,8.157894736842104,2170.0,F656_ARC _B3_slice3-Ort.czi,old,glp1r,upper
353,7.0,8.571428571428571,60.0,F656_ARC _B3_slice3-Ort.czi,old,glp1r,upper
354,41.0,9.146341463414634,375.0,F656_ARC _B3_slice3-Ort.czi,old,glp1r,upper
355,179.0,25.452513966480446,4556.0,F656_ARC _B3_slice3-Ort.czi,old,glp1r,upper
356,18.0,12.166666666666666,219.0,F656_ARC _B3_slice3-Ort.czi,old,glp1r,upper
357,232.0,9.78448275862069,2270.0,F656_ARC _B3_slice3-Ort.czi,old,glp1r,upper
358,45.0,9.244444444444444,415.99999999999994,F656_ARC _B3_slice3-Ort.czi,old,glp1r,upper
359,1.0,14.0,14.0,F656_ARC _B3_slice3-Ort.czi,old,glp1r,upper
360,2.0,9.0,18.0,F656_ARC _B3_slice3-Ort.czi,old,glp1r,upper
361,10.0,9.3,93.0,F656_ARC _B3_slice3-Ort.czi,old,glp1r,upper
362,86.0,9.755813953488373,839.0,F656_ARC _B3_slice3-Ort.czi,old,glp1r,upper
363,17.0,10.764705882352942,183.0,F656_ARC _B3_slice3-Ort.czi,old,glp1r,upper
364,212.0,9.81132075471698,2080.0,F656_ARC _B3_slice3-Ort.czi,old,glp1r,upper
365,20.0,9.75,195.0,F656_ARC _B3_slice3-Ort.czi,old,glp1r,upper
366,66.0,9.833333333333334,649.0,F656_ARC _B3_slice3-Ort.czi,old,glp1r,upper
367,1.0,17.0,17.0,F656_ARC _B3_slice3-Ort.czi,old,glp1r,upper
368,60.0,9.033333333333333,542.0,F656_ARC _B3_slice3-Ort.czi,old,glp1r,upper
369,20.0,7.85,157.0,F656_ARC _B3_slice3-Ort.czi,old,glp1r,upper
370,78.0,9.487179487179487,740.0,F656_ARC _B3_slice3-Ort.czi,old,glp1r,upper
371,25.0,9.04,225.99999999999997,F656_ARC _B3_slice3-Ort.czi,old,glp1r,upper
372,10.0,10.1,101.0,F656_ARC _B3_slice3-Ort.czi,old,glp1r,upper
373,46.0,9.326086956521738,428.99999999999994,F656_ARC _B3_slice3-Ort.czi,old,glp1r,upper
374,15.0,8.666666666666666,130.0,F656_ARC _B3_slice3-Ort.czi,old,glp1r,upper
375,15.0,19.2,288.0,F656_ARC _B3_slice3-Ort.czi,old,glp1r,upper
376,88.0,8.852272727272727,779.0,F656_ARC _B3_slice3-Ort.czi,old,glp1r,upper
377,104.0,11.086538461538462,1153.0,F656_ARC _B3_slice3-Ort.czi,old,glp1r,upper
378,4.0,10.5,42.0,F656_ARC _B3_slice3-Ort.czi,old,glp1r,upper
379,11.0,18.181818181818183,200.00000000000003,F656_ARC _B3_slice3-Ort.czi,old,glp1r,upper
380,78.0,10.153846153846153,792.0,F656_ARC _B3_slice3-Ort.czi,old,glp1r,upper
381,15.0,7.133333333333334,107.0,F656_ARC _B3_slice3-Ort.czi,old,glp1r,upper
382,75.0,9.506666666666666,713.0,F656_ARC _B3_slice3-Ort.czi,old,glp1r,upper
383,7.0,10.714285714285714,75.0,F656_ARC _B3_slice3-Ort.czi,old,glp1r,upper
384,57.0,10.175438596491228,580.0,F656_ARC _B3_slice3-Ort.czi,old,glp1r,upper
385,27.0,8.777777777777779,237.00000000000003,F656_ARC _B3_slice3-Ort.czi,old,glp1r,upper
386,25.0,9.76,244.0,F656_ARC _B3_slice3-Ort.czi,old,glp1r,upper
387,105.0,10.704761904761904,1124.0,F656_ARC _B3_slice3-Ort.czi,old,glp1r,upper
388,42.0,12.904761904761905,542.0,F656_ARC _B3_slice3-Ort.czi,old,glp1r,upper
389,39.0,9.128205128205128,356.0,F656_ARC _B3_slice3-Ort.czi,old,glp1r,upper
390,2.0,8.5,17.0,F656_ARC _B3_slice3-Ort.czi,old,glp1r,upper
391,241.0,8.792531120331951,2119.0,F656_ARC _B3_slice3-Ort.czi,old,glp1r,upper
392,78.0,8.717948717948717,679.9999999999999,F656_ARC _B3_slice3-Ort.czi,old,glp1r,upper
393,3.0,8.0,24.0,F656_ARC _B3_slice3-Ort.czi,old,glp1r,upper
394,102.0,8.617647058823529,879.0,F656_ARC _B3_slice3-Ort.czi,old,glp1r,upper
395,76.0,9.368421052631579,712.0,F656_ARC _B3_slice3-Ort.czi,old,glp1r,upper
396,62.0,9.35483870967742,580.0,F656_ARC _B3_slice3-Ort.czi,old,glp1r,upper
397,2.0,9.5,19.0,F656_ARC _B3_slice3-Ort.czi,old,glp1r,upper
398,280.0,11.157142857142857,3124.0,F656_ARC _B3_slice3-Ort.czi,old,glp1r,upper
399,49.0,10.612244897959183,520.0,F656_ARC _B3_slice3-Ort.czi,old,glp1r,upper
400,21.0,8.095238095238095,170.0,F656_ARC _B3_slice3-Ort.czi,old,glp1r,upper
401,2.0,9.0,18.0,F656_ARC _B3_slice3-Ort.czi,old,glp1r,upper
402,49.0,7.836734693877551,384.0,F656_ARC _B3_slice3-Ort.czi,old,glp1r,upper
403,4.0,9.75,39.0,F656_ARC _B3_slice3-Ort.czi,old,glp1r,upper
404,1.0,6.0,6.0,F656_ARC _B3_slice3-Ort.czi,old,glp1r,upper
405,14.0,8.214285714285714,114.99999999999999,F656_ARC _B3_slice3-Ort.czi,old,glp1r,upper
406,24.0,9.958333333333334,239.0,F656_ARC _B3_slice3-Ort.czi,old,glp1r,upper
407,25.0,10.2,254.99999999999997,F656_ARC _B3_slice3-Ort.czi,old,glp1r,upper
408,205.0,12.682926829268293,2600.0,F656_ARC _B3_slice3-Ort.czi,old,glp1r,upper
409,21.0,8.904761904761905,187.0,F656_ARC _B3_slice3-Ort.czi,old,glp1r,upper
410,3.0,6.333333333333333,19.0,F656_ARC _B3_slice3-Ort.czi,old,glp1r,upper
411,136.0,8.544117647058824,1162.0,F656_ARC _B3_slice3-Ort.czi,old,glp1r,upper
412,13.0,9.23076923076923,119.99999999999999,F656_ARC _B3_slice3-Ort.czi,old,glp1r,upper
413,352.0,8.09375,2849.0,F656_ARC _B3_slice3-Ort.czi,old,glp1r,upper
414,146.0,8.719178082191782,1273.0000000000002,F656_ARC _B3_slice3-Ort.czi,old,glp1r,upper
415,56.0,10.214285714285714,572.0,F656_ARC _B3_slice3-Ort.czi,old,glp1r,upper
416,23.0,7.956521739130435,183.0,F656_ARC _B3_slice3-Ort.czi,old,glp1r,upper
417,200.0,8.63,1726.0000000000002,F656_ARC _B3_slice3-Ort.czi,old,glp1r,upper
418,50.0,8.14,407.0,F656_ARC _B3_slice3-Ort.czi,old,glp1r,upper
419,1.0,11.0,11.0,F656_ARC _B3_slice3-Ort.czi,old,glp1r,upper
420,40.0,12.0,480.0,F656_ARC _B3_slice3-Ort.czi,old,glp1r,upper
421,304.0,8.388157894736842,2550.0,F656_ARC _B3_slice3-Ort.czi,old,glp1r,upper
422,29.0,8.482758620689655,246.0,F656_ARC _B3_slice3-Ort.czi,old,glp1r,upper
423,105.0,8.533333333333333,896.0,F656_ARC _B3_slice3-Ort.czi,old,glp1r,upper
424,52.0,9.442307692307692,490.99999999999994,F656_ARC _B3_slice3-Ort.czi,old,glp1r,upper
425,23.0,9.173913043478262,211.00000000000003,F656_ARC _B3_slice3-Ort.czi,old,glp1r,upper
426,105.0,8.961904761904762,941.0,F656_ARC _B3_slice3-Ort.czi,old,glp1r,upper
427,186.0,9.634408602150538,1792.0,F656_ARC _B3_slice3-Ort.czi,old,glp1r,upper
428,70.0,10.285714285714286,720.0,F656_ARC _B3_slice3-Ort.czi,old,glp1r,upper
429,46.0,8.521739130434783,392.0,F656_ARC _B3_slice3-Ort.czi,old,glp1r,upper
430,4.0,23.0,92.0,F656_ARC _B3_slice3-Ort.czi,old,glp1r,upper
431,1.0,6.0,6.0,F656_ARC _B3_slice3-Ort.czi,old,glp1r,upper
432,478.0,8.930962343096235,4269.0,F656_ARC _B3_slice3-Ort.czi,old,glp1r,upper
433,40.0,9.075,363.0,F656_ARC _B3_slice3-Ort.czi,old,glp1r,upper
434,66.0,10.196969696969697,673.0,F656_ARC _B3_slice3-Ort.czi,old,glp1r,upper
435,422.0,9.395734597156398,3965.0,F656_ARC _B3_slice3-Ort.czi,old,glp1r,upper
436,210.0,9.947619047619048,2089.0,F656_ARC _B3_slice3-Ort.czi,old,glp1r,upper
437,3.0,11.333333333333334,34.0,F656_ARC _B3_slice3-Ort.czi,old,glp1r,upper
438,14.0,8.357142857142858,117.0,F656_ARC _B3_slice3-Ort.czi,old,glp1r,upper
439,14.0,9.571428571428571,134.0,F656_ARC _B3_slice3-Ort.czi,old,glp1r,upper
440,90.0,8.055555555555555,725.0,F656_ARC _B3_slice3-Ort.czi,old,glp1r,upper
441,412.0,8.070388349514563,3324.9999999999995,F656_ARC _B3_slice3-Ort.czi,old,glp1r,upper
442,241.0,9.639004149377593,2323.0,F656_ARC _B3_slice3-Ort.czi,old,glp1r,upper
443,26.0,29.384615384615383,764.0,F656_ARC _B3_slice3-Ort.czi,old,glp1r,upper
444,24.0,10.875,261.0,F656_ARC _B3_slice3-Ort.czi,old,glp1r,upper
445,27.0,9.185185185185185,248.0,F656_ARC _B3_slice3-Ort.czi,old,glp1r,upper
446,85.0,9.988235294117647,849.0,F656_ARC _B3_slice3-Ort.czi,old,glp1r,upper
447,24.0,9.541666666666666,229.0,F656_ARC _B3_slice3-Ort.czi,old,glp1r,upper
448,7.0,9.714285714285714,68.0,F656_ARC _B3_slice3-Ort.czi,old,glp1r,upper
449,102.0,8.049019607843137,821.0,F656_ARC _B3_slice3-Ort.czi,old,glp1r,upper
450,1.0,12.0,12.0,F656_ARC _B3_slice3-Ort.czi,old,glp1r,upper
451,133.0,8.556390977443609,1138.0,F656_ARC _B3_slice3-Ort.czi,old,glp1r,upper
452,8.0,24.625,197.0,F656_ARC _B3_slice3-Ort.czi,old,glp1r,upper
453,275.0,9.934545454545454,2731.9999999999995,F656_ARC _B3_slice3-Ort.czi,old,glp1r,upper
454,1195.0,8.898744769874478,10634.0,F656_ARC _B3_slice3-Ort.czi,old,glp1r,upper
455,29.0,11.862068965517242,344.0,F656_ARC _B3_slice3-Ort.czi,old,glp1r,upper
456,24.0,10.083333333333334,242.0,F656_ARC _B3_slice3-Ort.czi,old,glp1r,upper
457,23.0,10.304347826086957,237.0,F656_ARC _B3_slice3-Ort.czi,old,glp1r,upper
458,47.0,9.148936170212766,430.0,F656_ARC _B3_slice3-Ort.czi,old,glp1r,upper
459,5.0,12.0,60.0,F656_ARC _B3_slice3-Ort.czi,old,glp1r,upper
460,18.0,17.055555555555557,307.0,F656_ARC _B3_slice3-Ort.czi,old,glp1r,upper
461,10.0,8.9,89.0,F656_ARC _B3_slice3-Ort.czi,old,glp1r,upper
462,2.0,6.5,13.0,F656_ARC _B3_slice3-Ort.czi,old,glp1r,upper
463,2.0,14.0,28.0,F656_ARC _B3_slice3-Ort.czi,old,glp1r,upper
464,24.0,8.25,198.0,F656_ARC _B3_slice3-Ort.czi,old,glp1r,upper
465,81.0,8.283950617283951,671.0,F656_ARC _B3_slice3-Ort.czi,old,glp1r,upper
466,30.0,8.866666666666667,266.0,F656_ARC _B3_slice3-Ort.czi,old,glp1r,upper
467,69.0,10.55072463768116,728.0,F656_ARC _B3_slice3-Ort.czi,old,glp1r,upper
468,347.0,8.778097982708934,3046.0,F656_ARC _B3_slice3-Ort.czi,old,glp1r,upper
469,26.0,9.692307692307692,251.99999999999997,F656_ARC _B3_slice3-Ort.czi,old,glp1r,upper
470,689.0,14.181422351233673,9771.0,F656_ARC _B3_slice3-Ort.czi,old,glp1r,upper
471,82.0,8.5,697.0,F656_ARC _B3_slice3-Ort.czi,old,glp1r,upper
472,8.0,13.625,109.0,F656_ARC _B3_slice3-Ort.czi,old,glp1r,upper
473,72.0,10.180555555555555,733.0,F656_ARC _B3_slice3-Ort.czi,old,glp1r,upper
474,37.0,7.675675675675675,284.0,F656_ARC _B3_slice3-Ort.czi,old,glp1r,upper
475,44.0,8.522727272727273,375.0,F656_ARC _B3_slice3-Ort.czi,old,glp1r,upper
476,267.0,10.074906367041198,2690.0,F656_ARC _B3_slice3-Ort.czi,old,glp1r,upper
477,163.0,10.012269938650308,1632.0000000000002,F656_ARC _B3_slice3-Ort.czi,old,glp1r,upper
478,3.0,15.666666666666666,47.0,F656_ARC _B3_slice3-Ort.czi,old,glp1r,upper
479,7.0,7.857142857142857,55.0,F656_ARC _B3_slice3-Ort.czi,old,glp1r,upper
480,263.0,8.106463878326997,2132.0,F656_ARC _B3_slice3-Ort.czi,old,glp1r,upper
481,88.0,8.795454545454545,774.0,F656_ARC _B3_slice3-Ort.czi,old,glp1r,upper
482,27.0,13.481481481481481,364.0,F656_ARC _B3_slice3-Ort.czi,old,glp1r,upper
483,101.0,9.98019801980198,1008.0,F656_ARC _B3_slice3-Ort.czi,old,glp1r,upper
484,64.0,9.0625,580.0,F656_ARC _B3_slice3-Ort.czi,old,glp1r,upper
485,160.0,9.20625,1473.0,F656_ARC _B3_slice3-Ort.czi,old,glp1r,upper
486,17.0,10.117647058823529,172.0,F656_ARC _B3_slice3-Ort.czi,old,glp1r,upper
487,14.0,10.928571428571429,153.0,F656_ARC _B3_slice3-Ort.czi,old,glp1r,upper
488,7.0,9.571428571428571,67.0,F656_ARC _B3_slice3-Ort.czi,old,glp1r,upper
489,1.0,4.0,4.0,F656_ARC _B3_slice3-Ort.czi,old,glp1r,upper
490,18.0,9.0,162.0,F656_ARC _B3_slice3-Ort.czi,old,glp1r,upper
491,111.0,8.91891891891892,990.0,F656_ARC _B3_slice3-Ort.czi,old,glp1r,upper
492,1.0,7.0,7.0,F656_ARC _B3_slice3-Ort.czi,old,glp1r,upper
493,51.0,8.529411764705882,435.0,F656_ARC _B3_slice3-Ort.czi,old,glp1r,upper
494,6.0,11.333333333333334,68.0,F656_ARC _B3_slice3-Ort.czi,old,glp1r,upper
495,8.0,9.375,75.0,F656_ARC _B3_slice3-Ort.czi,old,glp1r,upper
496,34.0,9.558823529411764,325.0,F656_ARC _B3_slice3-Ort.czi,old,glp1r,upper
497,168.0,10.273809523809524,1726.0,F656_ARC _B3_slice3-Ort.czi,old,glp1r,upper
498,7.0,8.714285714285714,60.99999999999999,F656_ARC _B3_slice3-Ort.czi,old,glp1r,upper
499,1.0,11.0,11.0,F656_ARC _B3_slice3-Ort.czi,old,glp1r,upper
500,8.0,7.875,63.0,F656_ARC _B3_slice3-Ort.czi,old,glp1r,upper
501,51.0,7.784313725490196,397.0,F656_ARC _B3_slice3-Ort.czi,old,glp1r,upper
502,41.0,8.975609756097562,368.00000000000006,F656_ARC _B3_slice3-Ort.czi,old,glp1r,upper
503,44.0,9.659090909090908,424.99999999999994,F656_ARC _B3_slice3-Ort.czi,old,glp1r,upper
504,2992.0,8.753008021390375,26189.000000000004,F656_ARC _B3_slice3-Ort.czi,old,glp1r,upper
505,7.0,9.285714285714286,65.0,F656_ARC _B3_slice3-Ort.czi,old,glp1r,upper
506,1.0,3.0,3.0,F656_ARC _B3_slice3-Ort.czi,old,glp1r,upper
507,18.0,9.833333333333334,177.0,F656_ARC _B3_slice3-Ort.czi,old,glp1r,upper
508,1.0,8.0,8.0,F656_ARC _B3_slice3-Ort.czi,old,glp1r,upper
509,1.0,6.0,6.0,F656_ARC _B3_slice3-Ort.czi,old,glp1r,upper
510,76.0,8.223684210526315,625.0,F656_ARC _B3_slice3-Ort.czi,old,glp1r,upper
511,94.0,8.73404255319149,821.0,F656_ARC _B3_slice3-Ort.czi,old,glp1r,upper
512,44.0,13.818181818181818,608.0,F656_ARC _B3_slice3-Ort.czi,old,glp1r,upper
513,35.0,10.085714285714285,353.0,F656_ARC _B3_slice3-Ort.czi,old,glp1r,upper
514,52.0,8.615384615384615,448.0,F656_ARC _B3_slice3-Ort.czi,old,glp1r,upper
515,36.0,9.583333333333334,345.0,F656_ARC _B3_slice3-Ort.czi,old,glp1r,upper
516,20.0,9.05,181.0,F656_ARC _B3_slice3-Ort.czi,old,glp1r,upper
517,610.0,8.231147540983606,5021.0,F656_ARC _B3_slice3-Ort.czi,old,glp1r,upper
518,6.0,13.0,78.0,F656_ARC _B3_slice3-Ort.czi,old,glp1r,upper
519,29.0,7.103448275862069,206.0,F656_ARC _B3_slice3-Ort.czi,old,glp1r,upper
520,133.0,10.571428571428571,1406.0,F656_ARC _B3_slice3-Ort.czi,old,glp1r,upper
521,825.0,7.2715151515151515,5999.0,F656_ARC _B3_slice3-Ort.czi,old,glp1r,upper
522,837.0,7.798088410991637,6527.0,F656_ARC _B3_slice3-Ort.czi,old,glp1r,upper
523,93.0,8.440860215053764,785.0,F656_ARC _B3_slice3-Ort.czi,old,glp1r,upper
524,1.0,10.0,10.0,F656_ARC _B3_slice3-Ort.czi,old,glp1r,upper
525,37.0,10.945945945945946,405.0,F656_ARC _B3_slice3-Ort.czi,old,glp1r,upper
526,67.0,10.35820895522388,694.0,F656_ARC _B3_slice3-Ort.czi,old,glp1r,upper
527,362.0,8.218232044198896,2975.0,F656_ARC _B3_slice3-Ort.czi,old,glp1r,upper
528,55.0,8.272727272727273,455.00000000000006,F656_ARC _B3_slice3-Ort.czi,old,glp1r,upper
529,7.0,9.142857142857142,64.0,F656_ARC _B3_slice3-Ort.czi,old,glp1r,upper
530,22.0,9.409090909090908,206.99999999999997,F656_ARC _B3_slice3-Ort.czi,old,glp1r,upper
531,87.0,8.816091954022989,767.0,F656_ARC _B3_slice3-Ort.czi,old,glp1r,upper
532,5497.0,8.302164817173004,45637.00000000001,F656_ARC _B3_slice3-Ort.czi,old,glp1r,upper
533,5.0,8.6,43.0,F656_ARC _B3_slice3-Ort.czi,old,glp1r,upper
534,26.0,15.73076923076923,409.0,F656_ARC _B3_slice3-Ort.czi,old,glp1r,upper
535,33.0,9.969696969696969,329.0,F656_ARC _B3_slice3-Ort.czi,old,glp1r,upper
536,75.0,8.96,672.0000000000001,F656_ARC _B3_slice3-Ort.czi,old,glp1r,upper
537,103.0,12.87378640776699,1326.0,F656_ARC _B3_slice3-Ort.czi,old,glp1r,upper
538,85.0,8.8,748.0000000000001,F656_ARC _B3_slice3-Ort.czi,old,glp1r,upper
539,181.0,8.38121546961326,1517.0,F656_ARC _B3_slice3-Ort.czi,old,glp1r,upper
540,1.0,5.0,5.0,F656_ARC _B3_slice3-Ort.czi,old,glp1r,upper
541,11.0,15.363636363636363,169.0,F656_ARC _B3_slice3-Ort.czi,old,glp1r,upper
542,65.0,8.169230769230769,531.0,F656_ARC _B3_slice3-Ort.czi,old,glp1r,upper
543,172.0,9.098837209302326,1565.0,F656_ARC _B3_slice3-Ort.czi,old,glp1r,upper
544,1.0,5.0,5.0,F656_ARC _B3_slice3-Ort.czi,old,glp1r,upper
545,66.0,9.333333333333334,616.0,F656_ARC _B3_slice3-Ort.czi,old,glp1r,upper
546,12.0,8.333333333333334,100.0,F656_ARC _B3_slice3-Ort.czi,old,glp1r,upper
547,15.0,15.6,234.0,F656_ARC _B3_slice3-Ort.czi,old,glp1r,upper
548,121.0,8.578512396694215,1038.0,F656_ARC _B3_slice3-Ort.czi,old,glp1r,upper
549,29.0,33.58620689655172,974.0,F656_ARC _B3_slice3-Ort.czi,old,glp1r,upper
550,76.0,10.776315789473685,819.0,F656_ARC _B3_slice3-Ort.czi,old,glp1r,upper
551,25.0,9.04,225.99999999999997,F656_ARC _B3_slice3-Ort.czi,old,glp1r,upper
552,1.0,16.0,16.0,F656_ARC _B3_slice3-Ort.czi,old,glp1r,upper
553,396.0,8.234848484848484,3261.0,F656_ARC _B3_slice3-Ort.czi,old,glp1r,upper
554,32.0,9.375,300.0,F656_ARC _B3_slice3-Ort.czi,old,glp1r,upper
555,5.0,9.8,49.0,F656_ARC _B3_slice3-Ort.czi,old,glp1r,upper
556,175.0,9.09142857142857,1590.9999999999998,F656_ARC _B3_slice3-Ort.czi,old,glp1r,upper
557,106.0,8.556603773584905,907.0,F656_ARC _B3_slice3-Ort.czi,old,glp1r,upper
558,32.0,7.75,248.0,F656_ARC _B3_slice3-Ort.czi,old,glp1r,upper
559,285.0,9.217543859649123,2627.0,F656_ARC _B3_slice3-Ort.czi,old,glp1r,upper
560,144.0,9.36111111111111,1348.0,F656_ARC _B3_slice3-Ort.czi,old,glp1r,upper
561,1.0,5.0,5.0,F656_ARC _B3_slice3-Ort.czi,old,glp1r,upper
562,16.0,11.1875,179.0,F656_ARC _B3_slice3-Ort.czi,old,glp1r,upper
563,86.0,7.558139534883721,650.0,F656_ARC _B3_slice3-Ort.czi,old,glp1r,upper
564,37.0,8.972972972972974,332.0,F656_ARC _B3_slice3-Ort.czi,old,glp1r,upper
565,25.0,10.12,252.99999999999997,F656_ARC _B3_slice3-Ort.czi,old,glp1r,upper
566,87.0,9.091954022988507,791.0000000000001,F656_ARC _B3_slice3-Ort.czi,old,glp1r,upper
567,20.0,9.05,181.0,F656_ARC _B3_slice3-Ort.czi,old,glp1r,upper
568,40.0,14.75,590.0,F656_ARC _B3_slice3-Ort.czi,old,glp1r,upper
569,394.0,10.109137055837563,3982.9999999999995,F656_ARC _B3_slice3-Ort.czi,old,glp1r,upper
570,24.0,8.333333333333334,200.0,F656_ARC _B3_slice3-Ort.czi,old,glp1r,upper
571,85.0,9.51764705882353,809.0,F656_ARC _B3_slice3-Ort.czi,old,glp1r,upper
572,66.0,8.772727272727273,579.0,F656_ARC _B3_slice3-Ort.czi,old,glp1r,upper
573,10.0,9.8,98.0,F656_ARC _B3_slice3-Ort.czi,old,glp1r,upper
574,45.0,12.955555555555556,583.0,F656_ARC _B3_slice3-Ort.czi,old,glp1r,upper
575,54.0,8.88888888888889,480.0,F656_ARC _B3_slice3-Ort.czi,old,glp1r,upper
576,6.0,7.166666666666667,43.0,F656_ARC _B3_slice3-Ort.czi,old,glp1r,upper
577,1.0,9.0,9.0,F656_ARC _B3_slice3-Ort.czi,old,glp1r,upper
578,45.0,11.577777777777778,521.0,F656_ARC _B3_slice3-Ort.czi,old,glp1r,upper
579,20.0,11.15,223.0,F656_ARC _B3_slice3-Ort.czi,old,glp1r,upper
580,206.0,8.310679611650485,1712.0,F656_ARC _B3_slice3-Ort.czi,old,glp1r,upper
581,138.0,9.304347826086957,1284.0,F656_ARC _B3_slice3-Ort.czi,old,glp1r,upper
582,32.0,11.625,372.0,F656_ARC _B3_slice3-Ort.czi,old,glp1r,upper
583,34.0,8.970588235294118,305.0,F656_ARC _B3_slice3-Ort.czi,old,glp1r,upper
584,124.0,8.78225806451613,1089.0,F656_ARC _B3_slice3-Ort.czi,old,glp1r,upper
585,111.0,10.342342342342342,1148.0,F656_ARC _B3_slice3-Ort.czi,old,glp1r,upper
586,9.0,10.777777777777779,97.0,F656_ARC _B3_slice3-Ort.czi,old,glp1r,upper
587,20.0,9.4,188.0,F656_ARC _B3_slice3-Ort.czi,old,glp1r,upper
588,52.0,9.692307692307692,503.99999999999994,F656_ARC _B3_slice3-Ort.czi,old,glp1r,upper
589,55.0,9.745454545454546,536.0,F656_ARC _B3_slice3-Ort.czi,old,glp1r,upper
590,5.0,8.0,40.0,F656_ARC _B3_slice3-Ort.czi,old,glp1r,upper
591,98.0,9.785714285714286,959.0000000000001,F656_ARC _B3_slice3-Ort.czi,old,glp1r,upper
592,471.0,8.566878980891719,4034.9999999999995,F656_ARC _B3_slice3-Ort.czi,old,glp1r,upper
593,28.0,8.035714285714286,225.00000000000003,F656_ARC _B3_slice3-Ort.czi,old,glp1r,upper
594,66.0,10.575757575757576,698.0,F656_ARC _B3_slice3-Ort.czi,old,glp1r,upper
595,2.0,7.0,14.0,F656_ARC _B3_slice3-Ort.czi,old,glp1r,upper
596,2.0,6.5,13.0,F656_ARC _B3_slice3-Ort.czi,old,glp1r,upper
597,14.0,7.642857142857143,107.0,F656_ARC _B3_slice3-Ort.czi,old,glp1r,upper
598,1.0,9.0,9.0,F656_ARC _B3_slice3-Ort.czi,old,glp1r,upper
599,130.0,9.738461538461538,1266.0,F656_ARC _B3_slice3-Ort.czi,old,glp1r,upper
600,26456.0,7.825975204112488,207044.0,F656_ARC _B3_slice3-Ort.czi,old,glp1r,upper
601,15.0,15.333333333333334,230.0,F656_ARC _B3_slice3-Ort.czi,old,glp1r,upper
602,11.0,8.454545454545455,93.0,F656_ARC _B3_slice3-Ort.czi,old,glp1r,upper
603,313.0,8.476038338658148,2653.0000000000005,F656_ARC _B3_slice3-Ort.czi,old,glp1r,upper
604,18.0,10.722222222222221,193.0,F656_ARC _B3_slice3-Ort.czi,old,glp1r,upper
605,21.0,8.714285714285714,182.99999999999997,F656_ARC _B3_slice3-Ort.czi,old,glp1r,upper
606,42.0,8.380952380952381,352.0,F656_ARC _B3_slice3-Ort.czi,old,glp1r,upper
607,33.0,8.606060606060606,284.0,F656_ARC _B3_slice3-Ort.czi,old,glp1r,upper
608,137.0,9.956204379562044,1364.0,F656_ARC _B3_slice3-Ort.czi,old,glp1r,upper
609,37.0,10.054054054054054,372.0,F656_ARC _B3_slice3-Ort.czi,old,glp1r,upper
610,70.0,8.585714285714285,601.0,F656_ARC _B3_slice3-Ort.czi,old,glp1r,upper
611,18.0,8.333333333333334,150.0,F656_ARC _B3_slice3-Ort.czi,old,glp1r,upper
612,27.0,8.592592592592593,232.00000000000003,F656_ARC _B3_slice3-Ort.czi,old,glp1r,upper
613,72.0,9.11111111111111,656.0,F656_ARC _B3_slice3-Ort.czi,old,glp1r,upper
614,14.0,10.428571428571429,146.0,F656_ARC _B3_slice3-Ort.czi,old,glp1r,upper
615,44.0,8.909090909090908,391.99999999999994,F656_ARC _B3_slice3-Ort.czi,old,glp1r,upper
616,178.0,8.887640449438202,1581.9999999999998,F656_ARC _B3_slice3-Ort.czi,old,glp1r,upper
617,32.0,8.40625,269.0,F656_ARC _B3_slice3-Ort.czi,old,glp1r,upper
618,16.0,10.0,160.0,F656_ARC _B3_slice3-Ort.czi,old,glp1r,upper
619,29.0,8.275862068965518,240.00000000000003,F656_ARC _B3_slice3-Ort.czi,old,glp1r,upper
620,66.0,9.333333333333334,616.0,F656_ARC _B3_slice3-Ort.czi,old,glp1r,upper
621,19.0,13.31578947368421,253.0,F656_ARC _B3_slice3-Ort.czi,old,glp1r,upper
622,41.0,10.536585365853659,432.0,F656_ARC _B3_slice3-Ort.czi,old,glp1r,upper
623,56.0,8.910714285714286,499.00000000000006,F656_ARC _B3_slice3-Ort.czi,old,glp1r,upper
624,76.0,12.105263157894736,920.0,F656_ARC _B3_slice3-Ort.czi,old,glp1r,upper
625,112.0,7.776785714285714,871.0,F656_ARC _B3_slice3-Ort.czi,old,glp1r,upper
626,20.0,9.75,195.0,F656_ARC _B3_slice3-Ort.czi,old,glp1r,upper
627,15.0,15.533333333333333,233.0,F656_ARC _B3_slice3-Ort.czi,old,glp1r,upper
628,7.0,37.142857142857146,260.0,F656_ARC _B3_slice3-Ort.czi,old,glp1r,upper
629,11.0,10.636363636363637,117.0,F656_ARC _B3_slice3-Ort.czi,old,glp1r,upper
630,13.0,11.307692307692308,147.0,F656_ARC _B3_slice3-Ort.czi,old,glp1r,upper
631,24.0,7.375,177.0,F656_ARC _B3_slice3-Ort.czi,old,glp1r,upper
632,121.0,8.950413223140496,1083.0,F656_ARC _B3_slice3-Ort.czi,old,glp1r,upper
633,15.0,12.2,183.0,F656_ARC _B3_slice3-Ort.czi,old,glp1r,upper
634,282.0,9.109929078014185,2569.0,F656_ARC _B3_slice3-Ort.czi,old,glp1r,upper
635,34.0,10.647058823529411,362.0,F656_ARC _B3_slice3-Ort.czi,old,glp1r,upper
636,2.0,5.5,11.0,F656_ARC _B3_slice3-Ort.czi,old,glp1r,upper
637,526.0,10.543726235741445,5546.0,F656_ARC _B3_slice3-Ort.czi,old,glp1r,upper
638,174.0,10.063218390804598,1751.0000000000002,F656_ARC _B3_slice3-Ort.czi,old,glp1r,upper
639,17.0,8.352941176470589,142.0,F656_ARC _B3_slice3-Ort.czi,old,glp1r,upper
640,18.0,9.0,162.0,F656_ARC _B3_slice3-Ort.czi,old,glp1r,upper
641,6.0,10.0,60.0,F656_ARC _B3_slice3-Ort.czi,old,glp1r,upper
642,20.0,7.55,151.0,F656_ARC _B3_slice3-Ort.czi,old,glp1r,upper
643,148.0,10.202702702702704,1510.0000000000002,F656_ARC _B3_slice3-Ort.czi,old,glp1r,upper
644,1.0,10.0,10.0,F656_ARC _B3_slice3-Ort.czi,old,glp1r,upper
645,1600.0,10.30375,16486.0,F656_ARC _B3_slice3-Ort.czi,old,glp1r,upper
646,3.0,10.333333333333334,31.0,F656_ARC _B3_slice3-Ort.czi,old,glp1r,upper
647,15.0,11.6,174.0,F656_ARC _B3_slice3-Ort.czi,old,glp1r,upper
648,657.0,8.831050228310502,5802.0,F656_ARC _B3_slice3-Ort.czi,old,glp1r,upper
649,55.0,8.963636363636363,492.99999999999994,F656_ARC _B3_slice3-Ort.czi,old,glp1r,upper
650,1.0,4.0,4.0,F656_ARC _B3_slice3-Ort.czi,old,glp1r,upper
651,134.0,8.097014925373134,1085.0,F656_ARC _B3_slice3-Ort.czi,old,glp1r,upper
652,36.0,8.0,288.0,F656_ARC _B3_slice3-Ort.czi,old,glp1r,upper
653,8.0,9.25,74.0,F656_ARC _B3_slice3-Ort.czi,old,glp1r,upper
654,190.0,9.678947368421053,1839.0,F656_ARC _B3_slice3-Ort.czi,old,glp1r,upper
655,26.0,8.115384615384615,211.0,F656_ARC _B3_slice3-Ort.czi,old,glp1r,upper
656,33.0,10.333333333333334,341.0,F656_ARC _B3_slice3-Ort.czi,old,glp1r,upper
657,1.0,5.0,5.0,F656_ARC _B3_slice3-Ort.czi,old,glp1r,upper
658,81.0,8.839506172839506,716.0,F656_ARC _B3_slice3-Ort.czi,old,glp1r,upper
659,8.0,7.625,61.0,F656_ARC _B3_slice3-Ort.czi,old,glp1r,upper
660,71.0,12.95774647887324,920.0,F656_ARC _B3_slice3-Ort.czi,old,glp1r,upper
661,6.0,8.166666666666666,49.0,F656_ARC _B3_slice3-Ort.czi,old,glp1r,upper
662,5.0,7.2,36.0,F656_ARC _B3_slice3-Ort.czi,old,glp1r,upper
663,1.0,19.0,19.0,F656_ARC _B3_slice3-Ort.czi,old,glp1r,upper
664,8.0,9.0,72.0,F656_ARC _B3_slice3-Ort.czi,old,glp1r,upper
665,1.0,9.0,9.0,F656_ARC _B3_slice3-Ort.czi,old,glp1r,upper
666,56.0,21.928571428571427,1228.0,F656_ARC _B3_slice3-Ort.czi,old,glp1r,upper
667,13.0,12.076923076923077,157.0,F656_ARC _B3_slice3-Ort.czi,old,glp1r,upper
668,3.0,8.333333333333334,25.0,F656_ARC _B3_slice3-Ort.czi,old,glp1r,upper
669,14.0,8.357142857142858,117.0,F656_ARC _B3_slice3-Ort.czi,old,glp1r,upper
670,42.0,9.595238095238095,403.0,F656_ARC _B3_slice3-Ort.czi,old,glp1r,upper
671,51.0,11.117647058823529,567.0,F656_ARC _B3_slice3-Ort.czi,old,glp1r,upper
672,2.0,9.5,19.0,F656_ARC _B3_slice3-Ort.czi,old,glp1r,upper
673,76.0,11.342105263157896,862.0000000000001,F656_ARC _B3_slice3-Ort.czi,old,glp1r,upper
674,23.0,10.26086956521739,236.0,F656_ARC _B3_slice3-Ort.czi,old,glp1r,upper
675,20.0,11.95,239.0,F656_ARC _B3_slice3-Ort.czi,old,glp1r,upper
676,7.0,8.857142857142858,62.0,F656_ARC _B3_slice3-Ort.czi,old,glp1r,upper
677,976.0,12.533811475409836,12233.0,F656_ARC _B3_slice3-Ort.czi,old,glp1r,upper
678,37.0,8.216216216216216,304.0,F656_ARC _B3_slice3-Ort.czi,old,glp1r,upper
679,2.0,8.5,17.0,F656_ARC _B3_slice3-Ort.czi,old,glp1r,upper
680,97.0,9.938144329896907,964.0,F656_ARC _B3_slice3-Ort.czi,old,glp1r,upper
681,2.0,6.0,12.0,F656_ARC _B3_slice3-Ort.czi,old,glp1r,upper
682,368.0,8.714673913043478,3207.0,F656_ARC _B3_slice3-Ort.czi,old,glp1r,upper
683,96.0,9.114583333333334,875.0,F656_ARC _B3_slice3-Ort.czi,old,glp1r,upper
684,30.0,7.333333333333333,220.0,F656_ARC _B3_slice3-Ort.czi,old,glp1r,upper
685,41.0,8.121951219512194,332.99999999999994,F656_ARC _B3_slice3-Ort.czi,old,glp1r,upper
686,12.0,25.666666666666668,308.0,F656_ARC _B3_slice3-Ort.czi,old,glp1r,upper
687,937.0,10.108858057630737,9472.0,F656_ARC _B3_slice3-Ort.czi,old,glp1r,upper
688,27.0,11.703703703703704,316.0,F656_ARC _B3_slice3-Ort.czi,old,glp1r,upper
689,19.0,13.421052631578947,255.0,F656_ARC _B3_slice3-Ort.czi,old,glp1r,upper
690,101.0,9.356435643564357,945.0,F656_ARC _B3_slice3-Ort.czi,old,glp1r,upper
691,10.0,8.8,88.0,F656_ARC _B3_slice3-Ort.czi,old,glp1r,upper
692,6.0,11.0,66.0,F656_ARC _B3_slice3-Ort.czi,old,glp1r,upper
693,107.0,9.289719626168225,994.0,F656_ARC _B3_slice3-Ort.czi,old,glp1r,upper
694,3.0,18.0,54.0,F656_ARC _B3_slice3-Ort.czi,old,glp1r,upper
695,2938.0,9.492511912865895,27889.0,F656_ARC _B3_slice3-Ort.czi,old,glp1r,upper
696,4.0,8.0,32.0,F656_ARC _B3_slice3-Ort.czi,old,glp1r,upper
697,58.0,16.275862068965516,943.9999999999999,F656_ARC _B3_slice3-Ort.czi,old,glp1r,upper
698,22295.0,8.576093294460641,191204.0,F656_ARC _B3_slice3-Ort.czi,old,glp1r,upper
699,32.0,9.96875,319.0,F656_ARC _B3_slice3-Ort.czi,old,glp1r,upper
700,2.0,14.0,28.0,F656_ARC _B3_slice3-Ort.czi,old,glp1r,upper
701,5.0,12.8,64.0,F656_ARC _B3_slice3-Ort.czi,old,glp1r,upper
702,101.0,12.900990099009901,1303.0,F656_ARC _B3_slice3-Ort.czi,old,glp1r,upper
703,14.0,11.571428571428571,162.0,F656_ARC _B3_slice3-Ort.czi,old,glp1r,upper
704,39.0,9.820512820512821,383.0,F656_ARC _B3_slice3-Ort.czi,old,glp1r,upper
705,855.0,13.11111111111111,11210.0,F656_ARC _B3_slice3-Ort.czi,old,glp1r,upper
706,6.0,7.833333333333333,47.0,F656_ARC _B3_slice3-Ort.czi,old,glp1r,upper
707,29.0,8.586206896551724,249.0,F656_ARC _B3_slice3-Ort.czi,old,glp1r,upper
708,1.0,10.0,10.0,F656_ARC _B3_slice3-Ort.czi,old,glp1r,upper
709,884.0,9.599547511312217,8486.0,F656_ARC _B3_slice3-Ort.czi,old,glp1r,upper
710,30.0,12.5,375.0,F656_ARC _B3_slice3-Ort.czi,old,glp1r,upper
711,17.0,11.352941176470589,193.0,F656_ARC _B3_slice3-Ort.czi,old,glp1r,upper
712,4.0,12.75,51.0,F656_ARC _B3_slice3-Ort.czi,old,glp1r,upper
713,1.0,4.0,4.0,F656_ARC _B3_slice3-Ort.czi,old,glp1r,upper
714,6974.0,8.66547175222254,60433.0,F656_ARC _B3_slice3-Ort.czi,old,glp1r,upper
715,16.0,8.3125,133.0,F656_ARC _B3_slice3-Ort.czi,old,glp1r,upper
716,453.0,11.849889624724062,5368.0,F656_ARC _B3_slice3-Ort.czi,old,glp1r,upper
717,12.0,12.916666666666666,155.0,F656_ARC _B3_slice3-Ort.czi,old,glp1r,upper
718,21.0,28.38095238095238,596.0,F656_ARC _B3_slice3-Ort.czi,old,glp1r,upper
719,4.0,8.75,35.0,F656_ARC _B3_slice3-Ort.czi,old,glp1r,upper
720,3.0,14.333333333333334,43.0,F656_ARC _B3_slice3-Ort.czi,old,glp1r,upper
721,346.0,10.15028901734104,3511.9999999999995,F656_ARC _B3_slice3-Ort.czi,old,glp1r,upper
722,176.0,9.9375,1749.0,F656_ARC _B3_slice3-Ort.czi,old,glp1r,upper
723,29.0,10.758620689655173,312.0,F656_ARC _B3_slice3-Ort.czi,old,glp1r,upper
724,114.0,9.263157894736842,1056.0,F656_ARC _B3_slice3-Ort.czi,old,glp1r,upper
725,1.0,5.0,5.0,F656_ARC _B3_slice3-Ort.czi,old,glp1r,upper
726,35.0,8.342857142857143,292.0,F656_ARC _B3_slice3-Ort.czi,old,glp1r,upper
727,19.0,8.631578947368421,164.0,F656_ARC _B3_slice3-Ort.czi,old,glp1r,upper
728,1.0,10.0,10.0,F656_ARC _B3_slice3-Ort.czi,old,glp1r,upper
729,15.0,7.866666666666666,118.0,F656_ARC _B3_slice3-Ort.czi,old,glp1r,upper
730,42.0,11.547619047619047,485.0,F656_ARC _B3_slice3-Ort.czi,old,glp1r,upper
731,1882.0,9.487247608926674,17855.0,F656_ARC _B3_slice3-Ort.czi,old,glp1r,upper
732,24.0,9.0,216.0,F656_ARC _B3_slice3-Ort.czi,old,glp1r,upper
733,10.0,8.1,81.0,F656_ARC _B3_slice3-Ort.czi,old,glp1r,upper
734,151.0,9.278145695364238,1400.9999999999998,F656_ARC _B3_slice3-Ort.czi,old,glp1r,upper
735,11.0,7.636363636363637,84.0,F656_ARC _B3_slice3-Ort.czi,old,glp1r,upper
736,171.0,8.783625730994151,1501.9999999999998,F656_ARC _B3_slice3-Ort.czi,old,glp1r,upper
737,42.0,12.880952380952381,541.0,F656_ARC _B3_slice3-Ort.czi,old,glp1r,upper
738,1.0,8.0,8.0,F656_ARC _B3_slice3-Ort.czi,old,glp1r,upper
739,368.0,8.945652173913043,3292.0,F656_ARC _B3_slice3-Ort.czi,old,glp1r,upper
740,159.0,10.679245283018869,1698.0000000000002,F656_ARC _B3_slice3-Ort.czi,old,glp1r,upper
741,180.0,9.777777777777779,1760.0000000000002,F656_ARC _B3_slice3-Ort.czi,old,glp1r,upper
742,408.0,9.57843137254902,3908.0,F656_ARC _B3_slice3-Ort.czi,old,glp1r,upper
743,59.0,7.694915254237288,454.0,F656_ARC _B3_slice3-Ort.czi,old,glp1r,upper
744,16.0,8.625,138.0,F656_ARC _B3_slice3-Ort.czi,old,glp1r,upper
745,4.0,10.25,41.0,F656_ARC _B3_slice3-Ort.czi,old,glp1r,upper
746,35.0,9.771428571428572,342.0,F656_ARC _B3_slice3-Ort.czi,old,glp1r,upper
747,10.0,15.0,150.0,F656_ARC _B3_slice3-Ort.czi,old,glp1r,upper
748,36.0,8.61111111111111,310.0,F656_ARC _B3_slice3-Ort.czi,old,glp1r,upper
749,25.0,9.32,233.0,F656_ARC _B3_slice3-Ort.czi,old,glp1r,upper
750,75.0,10.306666666666667,773.0,F656_ARC _B3_slice3-Ort.czi,old,glp1r,upper
751,6.0,9.5,57.0,F656_ARC _B3_slice3-Ort.czi,old,glp1r,upper
752,15.0,9.2,138.0,F656_ARC _B3_slice3-Ort.czi,old,glp1r,upper
753,17.0,10.176470588235293,173.0,F656_ARC _B3_slice3-Ort.czi,old,glp1r,upper
754,91.0,8.010989010989011,729.0,F656_ARC _B3_slice3-Ort.czi,old,glp1r,upper
755,3.0,7.666666666666667,23.0,F656_ARC _B3_slice3-Ort.czi,old,glp1r,upper
756,90.0,9.622222222222222,866.0,F656_ARC _B3_slice3-Ort.czi,old,glp1r,upper
757,4.0,13.0,52.0,F656_ARC _B3_slice3-Ort.czi,old,glp1r,upper
758,65.0,10.246153846153845,666.0,F656_ARC _B3_slice3-Ort.czi,old,glp1r,upper
759,47.0,8.97872340425532,422.0,F656_ARC _B3_slice3-Ort.czi,old,glp1r,upper
760,1.0,12.0,12.0,F656_ARC _B3_slice3-Ort.czi,old,glp1r,upper
761,73.0,9.726027397260275,710.0,F656_ARC _B3_slice3-Ort.czi,old,glp1r,upper
762,81.0,9.530864197530864,772.0,F656_ARC _B3_slice3-Ort.czi,old,glp1r,upper
763,41.0,10.121951219512194,414.99999999999994,F656_ARC _B3_slice3-Ort.czi,old,glp1r,upper
764,54.0,9.648148148148149,521.0,F656_ARC _B3_slice3-Ort.czi,old,glp1r,upper
765,59.0,10.661016949152541,629.0,F656_ARC _B3_slice3-Ort.czi,old,glp1r,upper
766,25.0,9.2,229.99999999999997,F656_ARC _B3_slice3-Ort.czi,old,glp1r,upper
767,60.0,19.166666666666668,1150.0,F656_ARC _B3_slice3-Ort.czi,old,glp1r,upper
768,44.0,8.931818181818182,393.0,F656_ARC _B3_slice3-Ort.czi,old,glp1r,upper
769,256.0,10.29296875,2635.0,F656_ARC _B3_slice3-Ort.czi,old,glp1r,upper
770,71.0,8.464788732394366,601.0,F656_ARC _B3_slice3-Ort.czi,old,glp1r,upper
771,24.0,10.708333333333334,257.0,F656_ARC _B3_slice3-Ort.czi,old,glp1r,upper
772,37.0,9.72972972972973,360.0,F656_ARC _B3_slice3-Ort.czi,old,glp1r,upper
773,67.0,15.701492537313433,1052.0,F656_ARC _B3_slice3-Ort.czi,old,glp1r,upper
774,180.0,8.438888888888888,1518.9999999999998,F656_ARC _B3_slice3-Ort.czi,old,glp1r,upper
775,49.0,8.387755102040817,411.00000000000006,F656_ARC _B3_slice3-Ort.czi,old,glp1r,upper
776,24.0,8.458333333333334,203.0,F656_ARC _B3_slice3-Ort.czi,old,glp1r,upper
777,213.0,9.88262910798122,2105.0,F656_ARC _B3_slice3-Ort.czi,old,glp1r,upper
778,30.0,9.933333333333334,298.0,F656_ARC _B3_slice3-Ort.czi,old,glp1r,upper
779,190.0,11.047368421052632,2099.0,F656_ARC _B3_slice3-Ort.czi,old,glp1r,upper
780,60.0,11.316666666666666,679.0,F656_ARC _B3_slice3-Ort.czi,old,glp1r,upper
781,367.0,8.722070844686648,3201.0,F656_ARC _B3_slice3-Ort.czi,old,glp1r,upper
782,34.0,11.205882352941176,381.0,F656_ARC _B3_slice3-Ort.czi,old,glp1r,upper
783,36.0,13.11111111111111,472.0,F656_ARC _B3_slice3-Ort.czi,old,glp1r,upper
784,699.0,12.818311874105866,8960.0,F656_ARC _B3_slice3-Ort.czi,old,glp1r,upper
785,8.0,9.25,74.0,F656_ARC _B3_slice3-Ort.czi,old,glp1r,upper
786,52.0,9.423076923076923,490.0,F656_ARC _B3_slice3-Ort.czi,old,glp1r,upper
787,14.0,7.785714285714286,109.0,F656_ARC _B3_slice3-Ort.czi,old,glp1r,upper
788,211.0,8.274881516587678,1746.0,F656_ARC _B3_slice3-Ort.czi,old,glp1r,upper
789,6.0,13.833333333333334,83.0,F656_ARC _B3_slice3-Ort.czi,old,glp1r,upper
790,18.0,10.944444444444445,197.0,F656_ARC _B3_slice3-Ort.czi,old,glp1r,upper
791,36.0,10.944444444444445,394.0,F656_ARC _B3_slice3-Ort.czi,old,glp1r,upper
792,102.0,11.196078431372548,1142.0,F656_ARC _B3_slice3-Ort.czi,old,glp1r,upper
793,12.0,7.083333333333333,85.0,F656_ARC _B3_slice3-Ort.czi,old,glp1r,upper
794,185.0,10.54054054054054,1950.0,F656_ARC _B3_slice3-Ort.czi,old,glp1r,upper
795,4.0,7.5,30.0,F656_ARC _B3_slice3-Ort.czi,old,glp1r,upper
796,694.0,9.259365994236312,6426.0,F656_ARC _B3_slice3-Ort.czi,old,glp1r,upper
797,19.0,9.210526315789474,175.0,F656_ARC _B3_slice3-Ort.czi,old,glp1r,upper
798,19.0,8.0,152.0,F656_ARC _B3_slice3-Ort.czi,old,glp1r,upper
799,6.0,13.0,78.0,F656_ARC _B3_slice3-Ort.czi,old,glp1r,upper
800,95.0,9.547368421052632,907.0,F656_ARC _B3_slice3-Ort.czi,old,glp1r,upper
801,192.0,9.604166666666666,1844.0,F656_ARC _B3_slice3-Ort.czi,old,glp1r,upper
802,130.0,8.669230769230769,1127.0,F656_ARC _B3_slice3-Ort.czi,old,glp1r,upper
803,440.0,9.427272727272728,4148.0,F656_ARC _B3_slice3-Ort.czi,old,glp1r,upper
804,170.0,10.16470588235294,1728.0,F656_ARC _B3_slice3-Ort.czi,old,glp1r,upper
1,21.0,145.1904761904762,3049.0000000000005,B489_ARC_xxx_slice2-Ort.czi,old,glp1r,upper
2,31.0,169.61290322580646,5258.0,B489_ARC_xxx_slice2-Ort.czi,old,glp1r,upper
3,179.0,219.96648044692736,39374.0,B489_ARC_xxx_slice2-Ort.czi,old,glp1r,upper
4,36.0,221.55555555555554,7976.0,B489_ARC_xxx_slice2-Ort.czi,old,glp1r,upper
5,115.0,199.48695652173913,22941.0,B489_ARC_xxx_slice2-Ort.czi,old,glp1r,upper
6,9.0,173.0,1557.0,B489_ARC_xxx_slice2-Ort.czi,old,glp1r,upper
7,48.0,209.3125,10047.0,B489_ARC_xxx_slice2-Ort.czi,old,glp1r,upper
8,2.0,148.0,296.0,B489_ARC_xxx_slice2-Ort.czi,old,glp1r,upper
9,14.0,159.07142857142858,2227.0,B489_ARC_xxx_slice2-Ort.czi,old,glp1r,upper
10,28.0,182.67857142857142,5115.0,B489_ARC_xxx_slice2-Ort.czi,old,glp1r,upper
11,4.0,176.25,705.0,B489_ARC_xxx_slice2-Ort.czi,old,glp1r,upper
12,113.0,231.16814159292036,26122.0,B489_ARC_xxx_slice2-Ort.czi,old,glp1r,upper
13,15.0,153.8,2307.0,B489_ARC_xxx_slice2-Ort.czi,old,glp1r,upper
14,4.0,71.75,287.0,B489_ARC_xxx_slice2-Ort.czi,old,glp1r,upper
15,1.0,44.0,44.0,B489_ARC_xxx_slice2-Ort.czi,old,glp1r,upper
16,1.0,47.0,47.0,B489_ARC_xxx_slice2-Ort.czi,old,glp1r,upper
17,19.0,139.57894736842104,2652.0,B489_ARC_xxx_slice2-Ort.czi,old,glp1r,upper
18,14.0,149.64285714285714,2095.0,B489_ARC_xxx_slice2-Ort.czi,old,glp1r,upper
19,15.0,182.06666666666666,2731.0,B489_ARC_xxx_slice2-Ort.czi,old,glp1r,upper
20,22.0,150.1818181818182,3304.0,B489_ARC_xxx_slice2-Ort.czi,old,glp1r,upper
21,4.0,81.0,324.0,B489_ARC_xxx_slice2-Ort.czi,old,glp1r,upper
22,29.0,190.0,5510.0,B489_ARC_xxx_slice2-Ort.czi,old,glp1r,upper
23,27.0,187.7037037037037,5068.0,B489_ARC_xxx_slice2-Ort.czi,old,glp1r,upper
24,5.0,151.4,757.0,B489_ARC_xxx_slice2-Ort.czi,old,glp1r,upper
25,78.0,147.24358974358975,11485.0,B489_ARC_xxx_slice2-Ort.czi,old,glp1r,upper
26,55.0,156.47272727272727,8606.0,B489_ARC_xxx_slice2-Ort.czi,old,glp1r,upper
27,2.0,209.0,418.0,B489_ARC_xxx_slice2-Ort.czi,old,glp1r,upper
28,1.0,224.0,224.0,B489_ARC_xxx_slice2-Ort.czi,old,glp1r,upper
29,11.0,150.0,1650.0,B489_ARC_xxx_slice2-Ort.czi,old,glp1r,upper
30,3.0,196.66666666666666,590.0,B489_ARC_xxx_slice2-Ort.czi,old,glp1r,upper
31,9.0,159.33333333333334,1434.0,B489_ARC_xxx_slice2-Ort.czi,old,glp1r,upper
32,2.0,178.0,356.0,B489_ARC_xxx_slice2-Ort.czi,old,glp1r,upper
33,43.0,164.1627906976744,7059.0,B489_ARC_xxx_slice2-Ort.czi,old,glp1r,upper
34,2.0,239.0,478.0,B489_ARC_xxx_slice2-Ort.czi,old,glp1r,upper
35,17.0,145.76470588235293,2478.0,B489_ARC_xxx_slice2-Ort.czi,old,glp1r,upper
36,4.0,174.5,698.0,B489_ARC_xxx_slice2-Ort.czi,old,glp1r,upper
37,2.0,239.5,479.0,B489_ARC_xxx_slice2-Ort.czi,old,glp1r,upper
38,17.0,205.11764705882354,3487.0,B489_ARC_xxx_slice2-Ort.czi,old,glp1r,upper
39,1.0,55.0,55.0,B489_ARC_xxx_slice2-Ort.czi,old,glp1r,upper
40,8.0,131.5,1052.0,B489_ARC_xxx_slice2-Ort.czi,old,glp1r,upper
41,4.0,146.25,585.0,B489_ARC_xxx_slice2-Ort.czi,old,glp1r,upper
42,24.0,194.79166666666666,4675.0,B489_ARC_xxx_slice2-Ort.czi,old,glp1r,upper
43,1.0,96.0,96.0,B489_ARC_xxx_slice2-Ort.czi,old,glp1r,upper
44,13.0,97.61538461538461,1269.0,B489_ARC_xxx_slice2-Ort.czi,old,glp1r,upper
45,30.0,160.36666666666667,4811.0,B489_ARC_xxx_slice2-Ort.czi,old,glp1r,upper
46,9.0,131.44444444444446,1183.0,B489_ARC_xxx_slice2-Ort.czi,old,glp1r,upper
47,1.0,93.0,93.0,B489_ARC_xxx_slice2-Ort.czi,old,glp1r,upper
48,9.0,137.55555555555554,1238.0,B489_ARC_xxx_slice2-Ort.czi,old,glp1r,upper
49,1.0,255.0,255.0,B489_ARC_xxx_slice2-Ort.czi,old,glp1r,upper
50,43.0,139.65116279069767,6005.0,B489_ARC_xxx_slice2-Ort.czi,old,glp1r,upper
51,4.0,176.5,706.0,B489_ARC_xxx_slice2-Ort.czi,old,glp1r,upper
52,29.0,154.93103448275863,4493.0,B489_ARC_xxx_slice2-Ort.czi,old,glp1r,upper
53,9.0,162.77777777777777,1465.0,B489_ARC_xxx_slice2-Ort.czi,old,glp1r,upper
54,44.0,156.3181818181818,6878.0,B489_ARC_xxx_slice2-Ort.czi,old,glp1r,upper
55,6.0,122.83333333333333,737.0,B489_ARC_xxx_slice2-Ort.czi,old,glp1r,upper
56,50.0,171.54,8577.0,B489_ARC_xxx_slice2-Ort.czi,old,glp1r,upper
57,11.0,192.1818181818182,2114.0,B489_ARC_xxx_slice2-Ort.czi,old,glp1r,upper
58,3.0,161.66666666666666,485.0,B489_ARC_xxx_slice2-Ort.czi,old,glp1r,upper
59,10.0,162.8,1628.0,B489_ARC_xxx_slice2-Ort.czi,old,glp1r,upper
60,16.0,153.875,2462.0,B489_ARC_xxx_slice2-Ort.czi,old,glp1r,upper
61,5.0,83.4,417.0,B489_ARC_xxx_slice2-Ort.czi,old,glp1r,upper
62,28.0,142.21428571428572,3982.0,B489_ARC_xxx_slice2-Ort.czi,old,glp1r,upper
63,24.0,140.16666666666666,3364.0,B489_ARC_xxx_slice2-Ort.czi,old,glp1r,upper
64,1.0,234.0,234.0,B489_ARC_xxx_slice2-Ort.czi,old,glp1r,upper
65,25.0,160.36,4009.0000000000005,B489_ARC_xxx_slice2-Ort.czi,old,glp1r,upper
66,77.0,148.3116883116883,11420.0,B489_ARC_xxx_slice2-Ort.czi,old,glp1r,upper
67,41.0,127.29268292682927,5219.0,B489_ARC_xxx_slice2-Ort.czi,old,glp1r,upper
68,4.0,147.5,590.0,B489_ARC_xxx_slice2-Ort.czi,old,glp1r,upper
69,2.0,107.0,214.0,B489_ARC_xxx_slice2-Ort.czi,old,glp1r,upper
70,31.0,195.93548387096774,6074.0,B489_ARC_xxx_slice2-Ort.czi,old,glp1r,upper
71,102.0,186.73529411764707,19047.0,B489_ARC_xxx_slice2-Ort.czi,old,glp1r,upper
72,23.0,134.3913043478261,3091.0,B489_ARC_xxx_slice2-Ort.czi,old,glp1r,upper
73,7.0,109.42857142857143,766.0,B489_ARC_xxx_slice2-Ort.czi,old,glp1r,upper
74,2.0,143.0,286.0,B489_ARC_xxx_slice2-Ort.czi,old,glp1r,upper
75,98.0,156.09183673469389,15297.0,B489_ARC_xxx_slice2-Ort.czi,old,glp1r,upper
76,3.0,214.33333333333334,643.0,B489_ARC_xxx_slice2-Ort.czi,old,glp1r,upper
77,9.0,193.88888888888889,1745.0,B489_ARC_xxx_slice2-Ort.czi,old,glp1r,upper
78,24.0,168.45833333333334,4043.0,B489_ARC_xxx_slice2-Ort.czi,old,glp1r,upper
79,35.0,175.65714285714284,6148.0,B489_ARC_xxx_slice2-Ort.czi,old,glp1r,upper
80,45.0,152.95555555555555,6883.0,B489_ARC_xxx_slice2-Ort.czi,old,glp1r,upper
81,11.0,175.0,1925.0,B489_ARC_xxx_slice2-Ort.czi,old,glp1r,upper
82,33.0,161.57575757575756,5332.0,B489_ARC_xxx_slice2-Ort.czi,old,glp1r,upper
83,4.0,134.5,538.0,B489_ARC_xxx_slice2-Ort.czi,old,glp1r,upper
84,4.0,146.75,587.0,B489_ARC_xxx_slice2-Ort.czi,old,glp1r,upper
85,32.0,154.375,4940.0,B489_ARC_xxx_slice2-Ort.czi,old,glp1r,upper
86,20.0,163.8,3276.0,B489_ARC_xxx_slice2-Ort.czi,old,glp1r,upper
87,31.0,151.48387096774192,4696.0,B489_ARC_xxx_slice2-Ort.czi,old,glp1r,upper
88,6.0,190.5,1143.0,B489_ARC_xxx_slice2-Ort.czi,old,glp1r,upper
89,13.0,186.15384615384616,2420.0,B489_ARC_xxx_slice2-Ort.czi,old,glp1r,upper
90,7.0,130.0,910.0,B489_ARC_xxx_slice2-Ort.czi,old,glp1r,upper
91,1.0,24.0,24.0,B489_ARC_xxx_slice2-Ort.czi,old,glp1r,upper
92,36.0,182.41666666666666,6567.0,B489_ARC_xxx_slice2-Ort.czi,old,glp1r,upper
93,10.0,161.7,1617.0,B489_ARC_xxx_slice2-Ort.czi,old,glp1r,upper
94,15.0,160.06666666666666,2401.0,B489_ARC_xxx_slice2-Ort.czi,old,glp1r,upper
1,44.0,57.56818181818182,2533.0,B482_ARC _B3_slice6-Ort.czi,old,glp1r,upper
2,16.0,51.625,826.0,B482_ARC _B3_slice6-Ort.czi,old,glp1r,upper
3,4.0,64.25,257.0,B482_ARC _B3_slice6-Ort.czi,old,glp1r,upper
4,8.0,61.375,491.0,B482_ARC _B3_slice6-Ort.czi,old,glp1r,upper
5,26.0,52.76923076923077,1372.0,B482_ARC _B3_slice6-Ort.czi,old,glp1r,upper
6,5.0,61.6,308.0,B482_ARC _B3_slice6-Ort.czi,old,glp1r,upper
7,40.0,78.35,3134.0,B482_ARC _B3_slice6-Ort.czi,old,glp1r,upper
8,47.0,56.638297872340424,2662.0,B482_ARC _B3_slice6-Ort.czi,old,glp1r,upper
9,21.0,51.095238095238095,1073.0,B482_ARC _B3_slice6-Ort.czi,old,glp1r,upper
10,12.0,82.66666666666667,992.0,B482_ARC _B3_slice6-Ort.czi,old,glp1r,upper
11,1.0,29.0,29.0,B482_ARC _B3_slice6-Ort.czi,old,glp1r,upper
12,26.0,50.03846153846154,1301.0,B482_ARC _B3_slice6-Ort.czi,old,glp1r,upper
13,88.0,98.125,8635.0,B482_ARC _B3_slice6-Ort.czi,old,glp1r,upper
14,18.0,80.0,1440.0,B482_ARC _B3_slice6-Ort.czi,old,glp1r,upper
15,154.0,63.31818181818182,9751.0,B482_ARC _B3_slice6-Ort.czi,old,glp1r,upper
16,11.0,49.27272727272727,542.0,B482_ARC _B3_slice6-Ort.czi,old,glp1r,upper
17,17.0,87.17647058823529,1482.0,B482_ARC _B3_slice6-Ort.czi,old,glp1r,upper
18,41.0,67.6829268292683,2775.0,B482_ARC _B3_slice6-Ort.czi,old,glp1r,upper
19,43.0,96.3953488372093,4145.0,B482_ARC _B3_slice6-Ort.czi,old,glp1r,upper
20,1.0,30.0,30.0,B482_ARC _B3_slice6-Ort.czi,old,glp1r,upper
21,5.0,47.8,239.0,B482_ARC _B3_slice6-Ort.czi,old,glp1r,upper
22,16.0,82.0,1312.0,B482_ARC _B3_slice6-Ort.czi,old,glp1r,upper
23,24.0,51.333333333333336,1232.0,B482_ARC _B3_slice6-Ort.czi,old,glp1r,upper
24,15.0,70.53333333333333,1058.0,B482_ARC _B3_slice6-Ort.czi,old,glp1r,upper
25,23.0,53.34782608695652,1227.0,B482_ARC _B3_slice6-Ort.czi,old,glp1r,upper
26,88.0,55.19318181818182,4857.0,B482_ARC _B3_slice6-Ort.czi,old,glp1r,upper
27,188.0,64.83510638297872,12189.0,B482_ARC _B3_slice6-Ort.czi,old,glp1r,upper
28,21.0,51.0,1071.0,B482_ARC _B3_slice6-Ort.czi,old,glp1r,upper
29,64.0,56.328125,3605.0,B482_ARC _B3_slice6-Ort.czi,old,glp1r,upper
30,30.0,72.9,2187.0,B482_ARC _B3_slice6-Ort.czi,old,glp1r,upper
31,201.0,88.34825870646766,17758.0,B482_ARC _B3_slice6-Ort.czi,old,glp1r,upper
32,55.0,45.6,2508.0,B482_ARC _B3_slice6-Ort.czi,old,glp1r,upper
33,23.0,75.69565217391305,1741.0,B482_ARC _B3_slice6-Ort.czi,old,glp1r,upper
34,33.0,77.12121212121212,2545.0,B482_ARC _B3_slice6-Ort.czi,old,glp1r,upper
35,37.0,82.64864864864865,3058.0,B482_ARC _B3_slice6-Ort.czi,old,glp1r,upper
36,87.0,66.96551724137932,5826.000000000001,B482_ARC _B3_slice6-Ort.czi,old,glp1r,upper
37,186.0,52.93010752688172,9845.0,B482_ARC _B3_slice6-Ort.czi,old,glp1r,upper
38,44.0,58.38636363636363,2569.0,B482_ARC _B3_slice6-Ort.czi,old,glp1r,upper
39,32.0,78.15625,2501.0,B482_ARC _B3_slice6-Ort.czi,old,glp1r,upper
40,3.0,91.66666666666667,275.0,B482_ARC _B3_slice6-Ort.czi,old,glp1r,upper
41,16.0,51.3125,821.0,B482_ARC _B3_slice6-Ort.czi,old,glp1r,upper
42,8.0,47.0,376.0,B482_ARC _B3_slice6-Ort.czi,old,glp1r,upper
43,21.0,45.666666666666664,959.0,B482_ARC _B3_slice6-Ort.czi,old,glp1r,upper
44,74.0,69.41891891891892,5137.0,B482_ARC _B3_slice6-Ort.czi,old,glp1r,upper
45,32.0,54.15625,1733.0,B482_ARC _B3_slice6-Ort.czi,old,glp1r,upper
46,51.0,70.2156862745098,3581.0,B482_ARC _B3_slice6-Ort.czi,old,glp1r,upper
47,1.0,24.0,24.0,B482_ARC _B3_slice6-Ort.czi,old,glp1r,upper
48,15.0,69.06666666666666,1036.0,B482_ARC _B3_slice6-Ort.czi,old,glp1r,upper
49,25.0,73.36,1834.0,B482_ARC _B3_slice6-Ort.czi,old,glp1r,upper
50,72.0,57.625,4149.0,B482_ARC _B3_slice6-Ort.czi,old,glp1r,upper
51,3.0,57.666666666666664,173.0,B482_ARC _B3_slice6-Ort.czi,old,glp1r,upper
52,37.0,95.86486486486487,3547.0,B482_ARC _B3_slice6-Ort.czi,old,glp1r,upper
53,25.0,60.24,1506.0,B482_ARC _B3_slice6-Ort.czi,old,glp1r,upper
54,49.0,64.59183673469387,3164.9999999999995,B482_ARC _B3_slice6-Ort.czi,old,glp1r,upper
55,36.0,56.138888888888886,2021.0,B482_ARC _B3_slice6-Ort.czi,old,glp1r,upper
56,8.0,72.125,577.0,B482_ARC _B3_slice6-Ort.czi,old,glp1r,upper
57,8.0,70.375,563.0,B482_ARC _B3_slice6-Ort.czi,old,glp1r,upper
58,40.0,54.6,2184.0,B482_ARC _B3_slice6-Ort.czi,old,glp1r,upper
59,141.0,69.95744680851064,9864.0,B482_ARC _B3_slice6-Ort.czi,old,glp1r,upper
60,50.0,56.22,2811.0,B482_ARC _B3_slice6-Ort.czi,old,glp1r,upper
61,3.0,68.66666666666667,206.0,B482_ARC _B3_slice6-Ort.czi,old,glp1r,upper
62,68.0,59.69117647058823,4059.0,B482_ARC _B3_slice6-Ort.czi,old,glp1r,upper
63,1.0,68.0,68.0,B482_ARC _B3_slice6-Ort.czi,old,glp1r,upper
64,76.0,74.90789473684211,5693.0,B482_ARC _B3_slice6-Ort.czi,old,glp1r,upper
65,60.0,60.7,3642.0,B482_ARC _B3_slice6-Ort.czi,old,glp1r,upper
66,48.0,85.35416666666667,4097.0,B482_ARC _B3_slice6-Ort.czi,old,glp1r,upper
67,14.0,101.71428571428571,1424.0,B482_ARC _B3_slice6-Ort.czi,old,glp1r,upper
68,9.0,70.11111111111111,631.0,B482_ARC _B3_slice6-Ort.czi,old,glp1r,upper
69,60.0,82.3,4938.0,B482_ARC _B3_slice6-Ort.czi,old,glp1r,upper
70,95.0,70.4421052631579,6692.0,B482_ARC _B3_slice6-Ort.czi,old,glp1r,upper
71,20.0,55.55,1111.0,B482_ARC _B3_slice6-Ort.czi,old,glp1r,upper
72,31.0,55.0,1705.0,B482_ARC _B3_slice6-Ort.czi,old,glp1r,upper
73,38.0,74.05263157894737,2814.0,B482_ARC _B3_slice6-Ort.czi,old,glp1r,upper
74,2.0,27.5,55.0,B482_ARC _B3_slice6-Ort.czi,old,glp1r,upper
75,28.0,60.892857142857146,1705.0,B482_ARC _B3_slice6-Ort.czi,old,glp1r,upper
76,60.0,77.16666666666667,4630.0,B482_ARC _B3_slice6-Ort.czi,old,glp1r,upper
77,57.0,76.98245614035088,4388.0,B482_ARC _B3_slice6-Ort.czi,old,glp1r,upper
78,49.0,66.0,3234.0,B482_ARC _B3_slice6-Ort.czi,old,glp1r,upper
79,14.0,51.42857142857143,720.0,B482_ARC _B3_slice6-Ort.czi,old,glp1r,upper
80,35.0,100.2,3507.0,B482_ARC _B3_slice6-Ort.czi,old,glp1r,upper
81,54.0,62.53703703703704,3377.0,B482_ARC _B3_slice6-Ort.czi,old,glp1r,upper
82,106.0,69.39622641509433,7355.999999999999,B482_ARC _B3_slice6-Ort.czi,old,glp1r,upper
83,6.0,61.166666666666664,367.0,B482_ARC _B3_slice6-Ort.czi,old,glp1r,upper
84,37.0,71.45945945945945,2643.9999999999995,B482_ARC _B3_slice6-Ort.czi,old,glp1r,upper
85,29.0,45.03448275862069,1306.0,B482_ARC _B3_slice6-Ort.czi,old,glp1r,upper
86,54.0,71.64814814814815,3869.0,B482_ARC _B3_slice6-Ort.czi,old,glp1r,upper
87,51.0,45.588235294117645,2325.0,B482_ARC _B3_slice6-Ort.czi,old,glp1r,upper
88,10.0,67.5,675.0,B482_ARC _B3_slice6-Ort.czi,old,glp1r,upper
89,137.0,83.42335766423358,11429.0,B482_ARC _B3_slice6-Ort.czi,old,glp1r,upper
90,27.0,91.03703703703704,2458.0,B482_ARC _B3_slice6-Ort.czi,old,glp1r,upper
91,34.0,54.61764705882353,1857.0,B482_ARC _B3_slice6-Ort.czi,old,glp1r,upper
92,58.0,88.75862068965517,5148.0,B482_ARC _B3_slice6-Ort.czi,old,glp1r,upper
93,2.0,26.5,53.0,B482_ARC _B3_slice6-Ort.czi,old,glp1r,upper
94,45.0,78.4,3528.0000000000005,B482_ARC _B3_slice6-Ort.czi,old,glp1r,upper
95,61.0,60.24590163934426,3675.0,B482_ARC _B3_slice6-Ort.czi,old,glp1r,upper
96,20.0,80.3,1606.0,B482_ARC _B3_slice6-Ort.czi,old,glp1r,upper
97,59.0,63.08474576271186,3722.0,B482_ARC _B3_slice6-Ort.czi,old,glp1r,upper
98,56.0,94.07142857142857,5268.0,B482_ARC _B3_slice6-Ort.czi,old,glp1r,upper
99,16.0,47.1875,755.0,B482_ARC _B3_slice6-Ort.czi,old,glp1r,upper
100,1.0,33.0,33.0,B482_ARC _B3_slice6-Ort.czi,old,glp1r,upper
101,20.0,62.15,1243.0,B482_ARC _B3_slice6-Ort.czi,old,glp1r,upper
102,33.0,56.666666666666664,1870.0,B482_ARC _B3_slice6-Ort.czi,old,glp1r,upper
103,47.0,64.74468085106383,3043.0,B482_ARC _B3_slice6-Ort.czi,old,glp1r,upper
104,54.0,65.22222222222223,3522.0000000000005,B482_ARC _B3_slice6-Ort.czi,old,glp1r,upper
105,48.0,61.75,2964.0,B482_ARC _B3_slice6-Ort.czi,old,glp1r,upper
106,8.0,75.375,603.0,B482_ARC _B3_slice6-Ort.czi,old,glp1r,upper
107,18.0,56.611111111111114,1019.0,B482_ARC _B3_slice6-Ort.czi,old,glp1r,upper
108,83.0,71.73493975903614,5953.999999999999,B482_ARC _B3_slice6-Ort.czi,old,glp1r,upper
109,26.0,73.38461538461539,1908.0,B482_ARC _B3_slice6-Ort.czi,old,glp1r,upper
110,1.0,74.0,74.0,B482_ARC _B3_slice6-Ort.czi,old,glp1r,upper
111,15.0,34.6,519.0,B482_ARC _B3_slice6-Ort.czi,old,glp1r,upper
112,27.0,51.51851851851852,1391.0,B482_ARC _B3_slice6-Ort.czi,old,glp1r,upper
113,45.0,64.13333333333334,2886.0000000000005,B482_ARC _B3_slice6-Ort.czi,old,glp1r,upper
114,39.0,55.02564102564103,2146.0,B482_ARC _B3_slice6-Ort.czi,old,glp1r,upper
115,1.0,48.0,48.0,B482_ARC _B3_slice6-Ort.czi,old,glp1r,upper
116,6.0,65.16666666666667,391.0,B482_ARC _B3_slice6-Ort.czi,old,glp1r,upper
117,47.0,50.42553191489362,2370.0,B482_ARC _B3_slice6-Ort.czi,old,glp1r,upper
118,4.0,108.75,435.0,B482_ARC _B3_slice6-Ort.czi,old,glp1r,upper
119,1.0,40.0,40.0,B482_ARC _B3_slice6-Ort.czi,old,glp1r,upper
120,68.0,68.05882352941177,4628.0,B482_ARC _B3_slice6-Ort.czi,old,glp1r,upper
121,3.0,35.0,105.0,B482_ARC _B3_slice6-Ort.czi,old,glp1r,upper
122,15.0,52.93333333333333,794.0,B482_ARC _B3_slice6-Ort.czi,old,glp1r,upper
123,18.0,48.833333333333336,879.0,B482_ARC _B3_slice6-Ort.czi,old,glp1r,upper
124,2.0,41.0,82.0,B482_ARC _B3_slice6-Ort.czi,old,glp1r,upper
125,7.0,83.42857142857143,584.0,B482_ARC _B3_slice6-Ort.czi,old,glp1r,upper
1,69.0,8.521739130434783,588.0,F656_ARC _B3_slice8-Ort.czi,old,glp1r,upper
2,112.0,8.964285714285714,1003.9999999999999,F656_ARC _B3_slice8-Ort.czi,old,glp1r,upper
3,53.0,7.113207547169812,377.0,F656_ARC _B3_slice8-Ort.czi,old,glp1r,upper
4,124.0,9.274193548387096,1150.0,F656_ARC _B3_slice8-Ort.czi,old,glp1r,upper
5,52.0,10.057692307692308,523.0,F656_ARC _B3_slice8-Ort.czi,old,glp1r,upper
6,84.0,8.369047619047619,703.0,F656_ARC _B3_slice8-Ort.czi,old,glp1r,upper
7,41.0,7.512195121951219,308.0,F656_ARC _B3_slice8-Ort.czi,old,glp1r,upper
8,551.0,8.243194192377496,4542.0,F656_ARC _B3_slice8-Ort.czi,old,glp1r,upper
9,106.0,7.735849056603773,820.0,F656_ARC _B3_slice8-Ort.czi,old,glp1r,upper
10,186.0,7.602150537634409,1414.0,F656_ARC _B3_slice8-Ort.czi,old,glp1r,upper
11,72.0,8.652777777777779,623.0,F656_ARC _B3_slice8-Ort.czi,old,glp1r,upper
12,97.0,9.010309278350515,874.0,F656_ARC _B3_slice8-Ort.czi,old,glp1r,upper
13,52.0,7.961538461538462,414.0,F656_ARC _B3_slice8-Ort.czi,old,glp1r,upper
14,9.0,13.11111111111111,118.0,F656_ARC _B3_slice8-Ort.czi,old,glp1r,upper
15,10.0,9.0,90.0,F656_ARC _B3_slice8-Ort.czi,old,glp1r,upper
16,1.0,6.0,6.0,F656_ARC _B3_slice8-Ort.czi,old,glp1r,upper
17,117.0,9.213675213675213,1078.0,F656_ARC _B3_slice8-Ort.czi,old,glp1r,upper
18,28.0,11.892857142857142,333.0,F656_ARC _B3_slice8-Ort.czi,old,glp1r,upper
19,48.0,8.583333333333334,412.0,F656_ARC _B3_slice8-Ort.czi,old,glp1r,upper
20,204.0,10.034313725490197,2047.0000000000002,F656_ARC _B3_slice8-Ort.czi,old,glp1r,upper
21,7.0,10.428571428571429,73.0,F656_ARC _B3_slice8-Ort.czi,old,glp1r,upper
22,128.0,7.6328125,977.0,F656_ARC _B3_slice8-Ort.czi,old,glp1r,upper
23,90.0,10.022222222222222,902.0,F656_ARC _B3_slice8-Ort.czi,old,glp1r,upper
24,23.0,8.391304347826088,193.00000000000003,F656_ARC _B3_slice8-Ort.czi,old,glp1r,upper
25,23.0,13.08695652173913,301.0,F656_ARC _B3_slice8-Ort.czi,old,glp1r,upper
26,196.0,7.979591836734694,1564.0,F656_ARC _B3_slice8-Ort.czi,old,glp1r,upper
27,77.0,8.818181818181818,679.0,F656_ARC _B3_slice8-Ort.czi,old,glp1r,upper
28,14.0,9.357142857142858,131.0,F656_ARC _B3_slice8-Ort.czi,old,glp1r,upper
29,63.0,9.031746031746032,569.0,F656_ARC _B3_slice8-Ort.czi,old,glp1r,upper
30,166.0,8.078313253012048,1341.0,F656_ARC _B3_slice8-Ort.czi,old,glp1r,upper
31,12.0,8.75,105.0,F656_ARC _B3_slice8-Ort.czi,old,glp1r,upper
32,18.0,24.944444444444443,449.0,F656_ARC _B3_slice8-Ort.czi,old,glp1r,upper
33,39.0,7.82051282051282,305.0,F656_ARC _B3_slice8-Ort.czi,old,glp1r,upper
34,15.0,8.666666666666666,130.0,F656_ARC _B3_slice8-Ort.czi,old,glp1r,upper
35,10.0,9.2,92.0,F656_ARC _B3_slice8-Ort.czi,old,glp1r,upper
36,28.0,6.571428571428571,184.0,F656_ARC _B3_slice8-Ort.czi,old,glp1r,upper
37,663.0,7.586726998491704,5030.0,F656_ARC _B3_slice8-Ort.czi,old,glp1r,upper
38,1.0,5.0,5.0,F656_ARC _B3_slice8-Ort.czi,old,glp1r,upper
39,14.0,10.0,140.0,F656_ARC _B3_slice8-Ort.czi,old,glp1r,upper
40,453.0,8.19205298013245,3711.0,F656_ARC _B3_slice8-Ort.czi,old,glp1r,upper
41,513.0,8.814814814814815,4522.0,F656_ARC _B3_slice8-Ort.czi,old,glp1r,upper
42,512.0,8.25,4224.0,F656_ARC _B3_slice8-Ort.czi,old,glp1r,upper
43,39.0,7.538461538461538,294.0,F656_ARC _B3_slice8-Ort.czi,old,glp1r,upper
44,5.0,8.0,40.0,F656_ARC _B3_slice8-Ort.czi,old,glp1r,upper
45,113.0,8.893805309734514,1005.0000000000001,F656_ARC _B3_slice8-Ort.czi,old,glp1r,upper
46,117.0,8.435897435897436,987.0,F656_ARC _B3_slice8-Ort.czi,old,glp1r,upper
47,13.0,8.0,104.0,F656_ARC _B3_slice8-Ort.czi,old,glp1r,upper
48,75.0,8.52,639.0,F656_ARC _B3_slice8-Ort.czi,old,glp1r,upper
49,4.0,9.25,37.0,F656_ARC _B3_slice8-Ort.czi,old,glp1r,upper
50,634.0,7.761829652996846,4921.0,F656_ARC _B3_slice8-Ort.czi,old,glp1r,upper
51,23.0,7.521739130434782,173.0,F656_ARC _B3_slice8-Ort.czi,old,glp1r,upper
52,116.0,8.818965517241379,1023.0,F656_ARC _B3_slice8-Ort.czi,old,glp1r,upper
53,79.0,7.443037974683544,588.0,F656_ARC _B3_slice8-Ort.czi,old,glp1r,upper
54,34.0,9.941176470588236,338.0,F656_ARC _B3_slice8-Ort.czi,old,glp1r,upper
55,111.0,10.072072072072071,1118.0,F656_ARC _B3_slice8-Ort.czi,old,glp1r,upper
56,1.0,7.0,7.0,F656_ARC _B3_slice8-Ort.czi,old,glp1r,upper
57,91.0,8.45054945054945,769.0,F656_ARC _B3_slice8-Ort.czi,old,glp1r,upper
58,1.0,7.0,7.0,F656_ARC _B3_slice8-Ort.czi,old,glp1r,upper
59,36.0,9.777777777777779,352.0,F656_ARC _B3_slice8-Ort.czi,old,glp1r,upper
60,32.0,7.9375,254.0,F656_ARC _B3_slice8-Ort.czi,old,glp1r,upper
61,38.0,7.552631578947368,287.0,F656_ARC _B3_slice8-Ort.czi,old,glp1r,upper
62,77.0,8.454545454545455,651.0,F656_ARC _B3_slice8-Ort.czi,old,glp1r,upper
63,29.0,8.310344827586206,241.0,F656_ARC _B3_slice8-Ort.czi,old,glp1r,upper
64,30.0,8.266666666666667,248.00000000000003,F656_ARC _B3_slice8-Ort.czi,old,glp1r,upper
65,13.0,10.0,130.0,F656_ARC _B3_slice8-Ort.czi,old,glp1r,upper
66,70.0,10.871428571428572,761.0,F656_ARC _B3_slice8-Ort.czi,old,glp1r,upper
67,167.0,7.92814371257485,1324.0,F656_ARC _B3_slice8-Ort.czi,old,glp1r,upper
68,2.0,8.0,16.0,F656_ARC _B3_slice8-Ort.czi,old,glp1r,upper
69,30.0,7.933333333333334,238.0,F656_ARC _B3_slice8-Ort.czi,old,glp1r,upper
70,61.0,12.901639344262295,787.0,F656_ARC _B3_slice8-Ort.czi,old,glp1r,upper
71,10.0,8.6,86.0,F656_ARC _B3_slice8-Ort.czi,old,glp1r,upper
72,38.0,8.5,323.0,F656_ARC _B3_slice8-Ort.czi,old,glp1r,upper
73,139.0,9.748201438848922,1355.0,F656_ARC _B3_slice8-Ort.czi,old,glp1r,upper
74,14.0,7.571428571428571,106.0,F656_ARC _B3_slice8-Ort.czi,old,glp1r,upper
75,148.0,8.75,1295.0,F656_ARC _B3_slice8-Ort.czi,old,glp1r,upper
76,73.0,9.273972602739725,677.0,F656_ARC _B3_slice8-Ort.czi,old,glp1r,upper
77,24.0,10.291666666666666,247.0,F656_ARC _B3_slice8-Ort.czi,old,glp1r,upper
78,52.0,12.51923076923077,651.0,F656_ARC _B3_slice8-Ort.czi,old,glp1r,upper
79,15.0,10.0,150.0,F656_ARC _B3_slice8-Ort.czi,old,glp1r,upper
80,1.0,7.0,7.0,F656_ARC _B3_slice8-Ort.czi,old,glp1r,upper
81,73.0,7.780821917808219,568.0,F656_ARC _B3_slice8-Ort.czi,old,glp1r,upper
82,75.0,9.706666666666667,728.0,F656_ARC _B3_slice8-Ort.czi,old,glp1r,upper
83,172.0,10.511627906976743,1807.9999999999998,F656_ARC _B3_slice8-Ort.czi,old,glp1r,upper
84,9994.0,7.4194516710026015,74150.0,F656_ARC _B3_slice8-Ort.czi,old,glp1r,upper
85,1.0,7.0,7.0,F656_ARC _B3_slice8-Ort.czi,old,glp1r,upper
86,74.0,11.108108108108109,822.0,F656_ARC _B3_slice8-Ort.czi,old,glp1r,upper
87,11.0,10.454545454545455,115.0,F656_ARC _B3_slice8-Ort.czi,old,glp1r,upper
88,52.0,8.173076923076923,425.0,F656_ARC _B3_slice8-Ort.czi,old,glp1r,upper
89,19.0,13.473684210526315,256.0,F656_ARC _B3_slice8-Ort.czi,old,glp1r,upper
90,174.0,9.482758620689655,1650.0,F656_ARC _B3_slice8-Ort.czi,old,glp1r,upper
91,52.0,8.076923076923077,420.0,F656_ARC _B3_slice8-Ort.czi,old,glp1r,upper
92,21.0,11.380952380952381,239.0,F656_ARC _B3_slice8-Ort.czi,old,glp1r,upper
93,48.0,9.458333333333334,454.0,F656_ARC _B3_slice8-Ort.czi,old,glp1r,upper
94,18.0,9.61111111111111,173.0,F656_ARC _B3_slice8-Ort.czi,old,glp1r,upper
95,5.0,7.6,38.0,F656_ARC _B3_slice8-Ort.czi,old,glp1r,upper
96,51.0,10.215686274509803,521.0,F656_ARC _B3_slice8-Ort.czi,old,glp1r,upper
97,9.0,10.666666666666666,96.0,F656_ARC _B3_slice8-Ort.czi,old,glp1r,upper
98,136.0,9.441176470588236,1284.0,F656_ARC _B3_slice8-Ort.czi,old,glp1r,upper
99,39.0,8.23076923076923,320.99999999999994,F656_ARC _B3_slice8-Ort.czi,old,glp1r,upper
100,18.0,7.388888888888889,133.0,F656_ARC _B3_slice8-Ort.czi,old,glp1r,upper
101,214.0,8.322429906542055,1780.9999999999998,F656_ARC _B3_slice8-Ort.czi,old,glp1r,upper
102,18.0,14.444444444444445,260.0,F656_ARC _B3_slice8-Ort.czi,old,glp1r,upper
103,16.0,17.0,272.0,F656_ARC _B3_slice8-Ort.czi,old,glp1r,upper
104,50.0,9.78,488.99999999999994,F656_ARC _B3_slice8-Ort.czi,old,glp1r,upper
105,55.0,10.963636363636363,603.0,F656_ARC _B3_slice8-Ort.czi,old,glp1r,upper
106,29.0,9.137931034482758,265.0,F656_ARC _B3_slice8-Ort.czi,old,glp1r,upper
107,11.0,7.7272727272727275,85.0,F656_ARC _B3_slice8-Ort.czi,old,glp1r,upper
108,100.0,9.01,901.0,F656_ARC _B3_slice8-Ort.czi,old,glp1r,upper
109,30.0,10.266666666666667,308.0,F656_ARC _B3_slice8-Ort.czi,old,glp1r,upper
110,17.0,9.0,153.0,F656_ARC _B3_slice8-Ort.czi,old,glp1r,upper
111,24.0,10.791666666666666,259.0,F656_ARC _B3_slice8-Ort.czi,old,glp1r,upper
112,8.0,23.25,186.0,F656_ARC _B3_slice8-Ort.czi,old,glp1r,upper
113,4.0,10.75,43.0,F656_ARC _B3_slice8-Ort.czi,old,glp1r,upper
114,39.0,7.948717948717949,310.0,F656_ARC _B3_slice8-Ort.czi,old,glp1r,upper
115,229.0,8.847161572052402,2026.0,F656_ARC _B3_slice8-Ort.czi,old,glp1r,upper
116,23.0,9.434782608695652,217.0,F656_ARC _B3_slice8-Ort.czi,old,glp1r,upper
117,1.0,9.0,9.0,F656_ARC _B3_slice8-Ort.czi,old,glp1r,upper
118,17.0,10.058823529411764,171.0,F656_ARC _B3_slice8-Ort.czi,old,glp1r,upper
119,13.0,10.0,130.0,F656_ARC _B3_slice8-Ort.czi,old,glp1r,upper
120,359.0,8.116991643454039,2914.0,F656_ARC _B3_slice8-Ort.czi,old,glp1r,upper
121,38.0,8.447368421052632,321.0,F656_ARC _B3_slice8-Ort.czi,old,glp1r,upper
122,6.0,7.833333333333333,47.0,F656_ARC _B3_slice8-Ort.czi,old,glp1r,upper
123,113.0,8.68141592920354,981.0,F656_ARC _B3_slice8-Ort.czi,old,glp1r,upper
124,98.0,15.326530612244898,1502.0,F656_ARC _B3_slice8-Ort.czi,old,glp1r,upper
125,12.0,9.083333333333334,109.0,F656_ARC _B3_slice8-Ort.czi,old,glp1r,upper
126,7.0,7.714285714285714,54.0,F656_ARC _B3_slice8-Ort.czi,old,glp1r,upper
127,2.0,8.5,17.0,F656_ARC _B3_slice8-Ort.czi,old,glp1r,upper
128,54.0,8.296296296296296,448.0,F656_ARC _B3_slice8-Ort.czi,old,glp1r,upper
129,67.0,8.134328358208956,545.0,F656_ARC _B3_slice8-Ort.czi,old,glp1r,upper
130,10.0,9.7,97.0,F656_ARC _B3_slice8-Ort.czi,old,glp1r,upper
131,141.0,11.624113475177305,1639.0,F656_ARC _B3_slice8-Ort.czi,old,glp1r,upper
132,981.0,13.70540265035678,13445.0,F656_ARC _B3_slice8-Ort.czi,old,glp1r,upper
133,24.0,9.875,237.0,F656_ARC _B3_slice8-Ort.czi,old,glp1r,upper
134,66.0,8.954545454545455,591.0,F656_ARC _B3_slice8-Ort.czi,old,glp1r,upper
135,1.0,8.0,8.0,F656_ARC _B3_slice8-Ort.czi,old,glp1r,upper
136,5.0,9.4,47.0,F656_ARC _B3_slice8-Ort.czi,old,glp1r,upper
137,18.0,9.444444444444445,170.0,F656_ARC _B3_slice8-Ort.czi,old,glp1r,upper
138,32.0,8.53125,273.0,F656_ARC _B3_slice8-Ort.czi,old,glp1r,upper
139,9.0,8.555555555555555,77.0,F656_ARC _B3_slice8-Ort.czi,old,glp1r,upper
140,14.0,10.5,147.0,F656_ARC _B3_slice8-Ort.czi,old,glp1r,upper
141,116.0,7.137931034482759,828.0,F656_ARC _B3_slice8-Ort.czi,old,glp1r,upper
142,15.0,18.266666666666666,274.0,F656_ARC _B3_slice8-Ort.czi,old,glp1r,upper
143,88.0,9.045454545454545,796.0,F656_ARC _B3_slice8-Ort.czi,old,glp1r,upper
144,6.0,8.166666666666666,49.0,F656_ARC _B3_slice8-Ort.czi,old,glp1r,upper
145,34.0,7.235294117647059,246.0,F656_ARC _B3_slice8-Ort.czi,old,glp1r,upper
146,1.0,10.0,10.0,F656_ARC _B3_slice8-Ort.czi,old,glp1r,upper
147,65.0,8.569230769230769,557.0,F656_ARC _B3_slice8-Ort.czi,old,glp1r,upper
148,17.0,11.117647058823529,189.0,F656_ARC _B3_slice8-Ort.czi,old,glp1r,upper
149,7.0,9.714285714285714,68.0,F656_ARC _B3_slice8-Ort.czi,old,glp1r,upper
150,4.0,16.0,64.0,F656_ARC _B3_slice8-Ort.czi,old,glp1r,upper
151,1.0,5.0,5.0,F656_ARC _B3_slice8-Ort.czi,old,glp1r,upper
152,1.0,5.0,5.0,F656_ARC _B3_slice8-Ort.czi,old,glp1r,upper
153,26.0,10.923076923076923,284.0,F656_ARC _B3_slice8-Ort.czi,old,glp1r,upper
154,8.0,10.0,80.0,F656_ARC _B3_slice8-Ort.czi,old,glp1r,upper
155,3.0,7.333333333333333,22.0,F656_ARC _B3_slice8-Ort.czi,old,glp1r,upper
156,72.0,7.638888888888889,550.0,F656_ARC _B3_slice8-Ort.czi,old,glp1r,upper
157,33.0,9.181818181818182,303.0,F656_ARC _B3_slice8-Ort.czi,old,glp1r,upper
158,16.0,11.875,190.0,F656_ARC _B3_slice8-Ort.czi,old,glp1r,upper
159,88.0,7.829545454545454,689.0,F656_ARC _B3_slice8-Ort.czi,old,glp1r,upper
160,1.0,12.0,12.0,F656_ARC _B3_slice8-Ort.czi,old,glp1r,upper
161,22.0,16.59090909090909,365.0,F656_ARC _B3_slice8-Ort.czi,old,glp1r,upper
162,40.0,8.8,352.0,F656_ARC _B3_slice8-Ort.czi,old,glp1r,upper
163,3.0,7.666666666666667,23.0,F656_ARC _B3_slice8-Ort.czi,old,glp1r,upper
164,19.0,12.578947368421053,239.0,F656_ARC _B3_slice8-Ort.czi,old,glp1r,upper
165,24.0,7.416666666666667,178.0,F656_ARC _B3_slice8-Ort.czi,old,glp1r,upper
166,2.0,6.0,12.0,F656_ARC _B3_slice8-Ort.czi,old,glp1r,upper
167,51.0,7.470588235294118,381.0,F656_ARC _B3_slice8-Ort.czi,old,glp1r,upper
168,19562.0,7.714190778039056,150905.0,F656_ARC _B3_slice8-Ort.czi,old,glp1r,upper
169,11.0,6.545454545454546,72.0,F656_ARC _B3_slice8-Ort.czi,old,glp1r,upper
170,140.0,10.542857142857143,1476.0,F656_ARC _B3_slice8-Ort.czi,old,glp1r,upper
171,8.0,14.75,118.0,F656_ARC _B3_slice8-Ort.czi,old,glp1r,upper
172,4.0,12.75,51.0,F656_ARC _B3_slice8-Ort.czi,old,glp1r,upper
173,55.0,8.909090909090908,489.99999999999994,F656_ARC _B3_slice8-Ort.czi,old,glp1r,upper
174,90.0,10.61111111111111,955.0,F656_ARC _B3_slice8-Ort.czi,old,glp1r,upper
175,95.0,9.978947368421053,948.0000000000001,F656_ARC _B3_slice8-Ort.czi,old,glp1r,upper
176,2065.0,7.8121065375302665,16132.0,F656_ARC _B3_slice8-Ort.czi,old,glp1r,upper
177,3.0,8.333333333333334,25.0,F656_ARC _B3_slice8-Ort.czi,old,glp1r,upper
178,27.0,7.7407407407407405,209.0,F656_ARC _B3_slice8-Ort.czi,old,glp1r,upper
179,81.0,8.592592592592593,696.0000000000001,F656_ARC _B3_slice8-Ort.czi,old,glp1r,upper
180,9.0,9.333333333333334,84.0,F656_ARC _B3_slice8-Ort.czi,old,glp1r,upper
181,7.0,8.285714285714286,58.00000000000001,F656_ARC _B3_slice8-Ort.czi,old,glp1r,upper
182,1.0,16.0,16.0,F656_ARC _B3_slice8-Ort.czi,old,glp1r,upper
183,73.0,14.41095890410959,1052.0,F656_ARC _B3_slice8-Ort.czi,old,glp1r,upper
184,78.0,9.76923076923077,762.0000000000001,F656_ARC _B3_slice8-Ort.czi,old,glp1r,upper
185,21.0,8.904761904761905,187.0,F656_ARC _B3_slice8-Ort.czi,old,glp1r,upper
186,2.0,8.0,16.0,F656_ARC _B3_slice8-Ort.czi,old,glp1r,upper
187,15.0,12.0,180.0,F656_ARC _B3_slice8-Ort.czi,old,glp1r,upper
188,55.0,14.327272727272728,788.0,F656_ARC _B3_slice8-Ort.czi,old,glp1r,upper
189,4.0,9.5,38.0,F656_ARC _B3_slice8-Ort.czi,old,glp1r,upper
190,29.0,9.448275862068966,274.0,F656_ARC _B3_slice8-Ort.czi,old,glp1r,upper
191,20.0,6.2,124.0,F656_ARC _B3_slice8-Ort.czi,old,glp1r,upper
192,1.0,24.0,24.0,F656_ARC _B3_slice8-Ort.czi,old,glp1r,upper
193,8.0,6.5,52.0,F656_ARC _B3_slice8-Ort.czi,old,glp1r,upper
194,11.0,7.0,77.0,F656_ARC _B3_slice8-Ort.czi,old,glp1r,upper
195,15.0,12.133333333333333,182.0,F656_ARC _B3_slice8-Ort.czi,old,glp1r,upper
196,12.0,10.166666666666666,122.0,F656_ARC _B3_slice8-Ort.czi,old,glp1r,upper
197,37.0,8.486486486486486,314.0,F656_ARC _B3_slice8-Ort.czi,old,glp1r,upper
198,26.0,8.0,208.0,F656_ARC _B3_slice8-Ort.czi,old,glp1r,upper
199,36.0,7.805555555555555,281.0,F656_ARC _B3_slice8-Ort.czi,old,glp1r,upper
200,25.0,9.0,225.0,F656_ARC _B3_slice8-Ort.czi,old,glp1r,upper
201,32.0,15.96875,511.0,F656_ARC _B3_slice8-Ort.czi,old,glp1r,upper
202,10.0,7.3,73.0,F656_ARC _B3_slice8-Ort.czi,old,glp1r,upper
203,3.0,7.333333333333333,22.0,F656_ARC _B3_slice8-Ort.czi,old,glp1r,upper
204,15.0,9.933333333333334,149.0,F656_ARC _B3_slice8-Ort.czi,old,glp1r,upper
205,44.0,8.954545454545455,394.0,F656_ARC _B3_slice8-Ort.czi,old,glp1r,upper
206,18.0,16.27777777777778,293.0,F656_ARC _B3_slice8-Ort.czi,old,glp1r,upper
207,32.0,8.375,268.0,F656_ARC _B3_slice8-Ort.czi,old,glp1r,upper
208,1.0,6.0,6.0,F656_ARC _B3_slice8-Ort.czi,old,glp1r,upper
209,1.0,7.0,7.0,F656_ARC _B3_slice8-Ort.czi,old,glp1r,upper
210,67.0,7.462686567164179,500.0,F656_ARC _B3_slice8-Ort.czi,old,glp1r,upper
211,47.0,11.25531914893617,529.0,F656_ARC _B3_slice8-Ort.czi,old,glp1r,upper
212,14.0,9.142857142857142,128.0,F656_ARC _B3_slice8-Ort.czi,old,glp1r,upper
213,8.0,9.375,75.0,F656_ARC _B3_slice8-Ort.czi,old,glp1r,upper
214,7.0,9.428571428571429,66.0,F656_ARC _B3_slice8-Ort.czi,old,glp1r,upper
215,29.0,8.620689655172415,250.00000000000003,F656_ARC _B3_slice8-Ort.czi,old,glp1r,upper
216,33668.0,8.015593441843887,269869.0,F656_ARC _B3_slice8-Ort.czi,old,glp1r,upper
217,1.0,5.0,5.0,F656_ARC _B3_slice8-Ort.czi,old,glp1r,upper
218,8.0,9.875,79.0,F656_ARC _B3_slice8-Ort.czi,old,glp1r,upper
219,16.0,10.5625,169.0,F656_ARC _B3_slice8-Ort.czi,old,glp1r,upper
220,2.0,8.5,17.0,F656_ARC _B3_slice8-Ort.czi,old,glp1r,upper
221,5.0,6.8,34.0,F656_ARC _B3_slice8-Ort.czi,old,glp1r,upper
222,1.0,8.0,8.0,F656_ARC _B3_slice8-Ort.czi,old,glp1r,upper
223,1.0,15.0,15.0,F656_ARC _B3_slice8-Ort.czi,old,glp1r,upper
224,44.0,10.863636363636363,478.0,F656_ARC _B3_slice8-Ort.czi,old,glp1r,upper
225,22.0,7.2727272727272725,160.0,F656_ARC _B3_slice8-Ort.czi,old,glp1r,upper
226,1.0,7.0,7.0,F656_ARC _B3_slice8-Ort.czi,old,glp1r,upper
227,8.0,10.5,84.0,F656_ARC _B3_slice8-Ort.czi,old,glp1r,upper
228,1.0,8.0,8.0,F656_ARC _B3_slice8-Ort.czi,old,glp1r,upper
229,1.0,9.0,9.0,F656_ARC _B3_slice8-Ort.czi,old,glp1r,upper
230,18.0,23.055555555555557,415.0,F656_ARC _B3_slice8-Ort.czi,old,glp1r,upper
231,5.0,9.6,48.0,F656_ARC _B3_slice8-Ort.czi,old,glp1r,upper
232,8.0,7.875,63.0,F656_ARC _B3_slice8-Ort.czi,old,glp1r,upper
233,2.0,8.5,17.0,F656_ARC _B3_slice8-Ort.czi,old,glp1r,upper
234,9.0,17.88888888888889,161.0,F656_ARC _B3_slice8-Ort.czi,old,glp1r,upper
235,11.0,10.818181818181818,119.0,F656_ARC _B3_slice8-Ort.czi,old,glp1r,upper
236,15.0,9.8,147.0,F656_ARC _B3_slice8-Ort.czi,old,glp1r,upper
237,1.0,8.0,8.0,F656_ARC _B3_slice8-Ort.czi,old,glp1r,upper
238,16.0,7.5625,121.0,F656_ARC _B3_slice8-Ort.czi,old,glp1r,upper
239,15.0,12.333333333333334,185.0,F656_ARC _B3_slice8-Ort.czi,old,glp1r,upper
240,3.0,9.666666666666666,29.0,F656_ARC _B3_slice8-Ort.czi,old,glp1r,upper
241,1.0,10.0,10.0,F656_ARC _B3_slice8-Ort.czi,old,glp1r,upper
242,51.0,9.705882352941176,494.99999999999994,F656_ARC _B3_slice8-Ort.czi,old,glp1r,upper
243,30.0,6.733333333333333,202.0,F656_ARC _B3_slice8-Ort.czi,old,glp1r,upper
244,10.0,11.0,110.0,F656_ARC _B3_slice8-Ort.czi,old,glp1r,upper
245,1.0,10.0,10.0,F656_ARC _B3_slice8-Ort.czi,old,glp1r,upper
246,12.0,11.0,132.0,F656_ARC _B3_slice8-Ort.czi,old,glp1r,upper
247,13.0,12.76923076923077,166.0,F656_ARC _B3_slice8-Ort.czi,old,glp1r,upper
248,14.0,9.571428571428571,134.0,F656_ARC _B3_slice8-Ort.czi,old,glp1r,upper
249,42.0,10.857142857142858,456.0,F656_ARC _B3_slice8-Ort.czi,old,glp1r,upper
250,182.0,8.307692307692308,1512.0000000000002,F656_ARC _B3_slice8-Ort.czi,old,glp1r,upper
251,2.0,5.5,11.0,F656_ARC _B3_slice8-Ort.czi,old,glp1r,upper
252,3.0,32.666666666666664,98.0,F656_ARC _B3_slice8-Ort.czi,old,glp1r,upper
253,5.0,7.4,37.0,F656_ARC _B3_slice8-Ort.czi,old,glp1r,upper
254,29072.0,7.822681618051734,227421.0,F656_ARC _B3_slice8-Ort.czi,old,glp1r,upper
255,51.0,14.117647058823529,720.0,F656_ARC _B3_slice8-Ort.czi,old,glp1r,upper
256,57.0,7.5964912280701755,433.0,F656_ARC _B3_slice8-Ort.czi,old,glp1r,upper
257,25.0,7.52,188.0,F656_ARC _B3_slice8-Ort.czi,old,glp1r,upper
258,14.0,9.5,133.0,F656_ARC _B3_slice8-Ort.czi,old,glp1r,upper
259,470.0,9.374468085106383,4406.0,F656_ARC _B3_slice8-Ort.czi,old,glp1r,upper
260,49.0,7.795918367346939,382.0,F656_ARC _B3_slice8-Ort.czi,old,glp1r,upper
261,2.0,4.0,8.0,F656_ARC _B3_slice8-Ort.czi,old,glp1r,upper
262,41.0,8.414634146341463,345.0,F656_ARC _B3_slice8-Ort.czi,old,glp1r,upper
263,1.0,12.0,12.0,F656_ARC _B3_slice8-Ort.czi,old,glp1r,upper
264,31.0,7.806451612903226,242.0,F656_ARC _B3_slice8-Ort.czi,old,glp1r,upper
265,12.0,11.166666666666666,134.0,F656_ARC _B3_slice8-Ort.czi,old,glp1r,upper
266,26.0,10.653846153846153,277.0,F656_ARC _B3_slice8-Ort.czi,old,glp1r,upper
267,373.0,8.399463806970509,3133.0,F656_ARC _B3_slice8-Ort.czi,old,glp1r,upper
268,14.0,8.071428571428571,113.0,F656_ARC _B3_slice8-Ort.czi,old,glp1r,upper
269,1.0,6.0,6.0,F656_ARC _B3_slice8-Ort.czi,old,glp1r,upper
270,15.0,24.866666666666667,373.0,F656_ARC _B3_slice8-Ort.czi,old,glp1r,upper
271,17.0,11.588235294117647,197.0,F656_ARC _B3_slice8-Ort.czi,old,glp1r,upper
272,6.0,6.5,39.0,F656_ARC _B3_slice8-Ort.czi,old,glp1r,upper
273,18.0,11.055555555555555,199.0,F656_ARC _B3_slice8-Ort.czi,old,glp1r,upper
274,221.0,9.900452488687783,2188.0,F656_ARC _B3_slice8-Ort.czi,old,glp1r,upper
275,3.0,10.0,30.0,F656_ARC _B3_slice8-Ort.czi,old,glp1r,upper
276,7.0,8.571428571428571,60.0,F656_ARC _B3_slice8-Ort.czi,old,glp1r,upper
277,73.0,8.643835616438356,631.0,F656_ARC _B3_slice8-Ort.czi,old,glp1r,upper
278,2.0,19.0,38.0,F656_ARC _B3_slice8-Ort.czi,old,glp1r,upper
279,12.0,24.083333333333332,289.0,F656_ARC _B3_slice8-Ort.czi,old,glp1r,upper
280,222.0,8.27027027027027,1836.0,F656_ARC _B3_slice8-Ort.czi,old,glp1r,upper
281,55.0,9.036363636363637,497.00000000000006,F656_ARC _B3_slice8-Ort.czi,old,glp1r,upper
282,638.0,6.868338557993731,4382.0,F656_ARC _B3_slice8-Ort.czi,old,glp1r,upper
283,89.0,9.112359550561798,811.0000000000001,F656_ARC _B3_slice8-Ort.czi,old,glp1r,upper
284,79.0,8.759493670886076,692.0,F656_ARC _B3_slice8-Ort.czi,old,glp1r,upper
285,25.0,10.48,262.0,F656_ARC _B3_slice8-Ort.czi,old,glp1r,upper
286,3.0,9.0,27.0,F656_ARC _B3_slice8-Ort.czi,old,glp1r,upper
287,846.0,8.52127659574468,7209.0,F656_ARC _B3_slice8-Ort.czi,old,glp1r,upper
288,1656.0,7.783816425120773,12890.0,F656_ARC _B3_slice8-Ort.czi,old,glp1r,upper
289,11.0,9.545454545454545,105.0,F656_ARC _B3_slice8-Ort.czi,old,glp1r,upper
290,49.0,7.63265306122449,374.0,F656_ARC _B3_slice8-Ort.czi,old,glp1r,upper
291,46.0,13.934782608695652,641.0,F656_ARC _B3_slice8-Ort.czi,old,glp1r,upper
292,17.0,9.823529411764707,167.0,F656_ARC _B3_slice8-Ort.czi,old,glp1r,upper
293,2.0,4.0,8.0,F656_ARC _B3_slice8-Ort.czi,old,glp1r,upper
294,48.0,8.354166666666666,401.0,F656_ARC _B3_slice8-Ort.czi,old,glp1r,upper
295,16.0,9.0625,145.0,F656_ARC _B3_slice8-Ort.czi,old,glp1r,upper
296,8.0,10.625,85.0,F656_ARC _B3_slice8-Ort.czi,old,glp1r,upper
297,141.0,7.98581560283688,1126.0,F656_ARC _B3_slice8-Ort.czi,old,glp1r,upper
298,127.0,7.826771653543307,994.0,F656_ARC _B3_slice8-Ort.czi,old,glp1r,upper
299,143.0,8.097902097902098,1158.0,F656_ARC _B3_slice8-Ort.czi,old,glp1r,upper
300,56.0,6.892857142857143,386.0,F656_ARC _B3_slice8-Ort.czi,old,glp1r,upper
301,48.0,11.270833333333334,541.0,F656_ARC _B3_slice8-Ort.czi,old,glp1r,upper
302,3.0,11.333333333333334,34.0,F656_ARC _B3_slice8-Ort.czi,old,glp1r,upper
303,9.0,10.11111111111111,91.0,F656_ARC _B3_slice8-Ort.czi,old,glp1r,upper
304,196.0,8.290816326530612,1625.0,F656_ARC _B3_slice8-Ort.czi,old,glp1r,upper
305,5.0,10.6,53.0,F656_ARC _B3_slice8-Ort.czi,old,glp1r,upper
306,117.0,6.837606837606837,800.0,F656_ARC _B3_slice8-Ort.czi,old,glp1r,upper
307,140.0,7.735714285714286,1083.0,F656_ARC _B3_slice8-Ort.czi,old,glp1r,upper
308,7.0,6.142857142857143,43.0,F656_ARC _B3_slice8-Ort.czi,old,glp1r,upper
309,610.0,8.536065573770491,5207.0,F656_ARC _B3_slice8-Ort.czi,old,glp1r,upper
310,30.0,10.033333333333333,301.0,F656_ARC _B3_slice8-Ort.czi,old,glp1r,upper
311,213.0,7.892018779342723,1681.0,F656_ARC _B3_slice8-Ort.czi,old,glp1r,upper
312,372.0,8.599462365591398,3199.0,F656_ARC _B3_slice8-Ort.czi,old,glp1r,upper
313,23.0,8.043478260869565,184.99999999999997,F656_ARC _B3_slice8-Ort.czi,old,glp1r,upper
314,7.0,7.142857142857143,50.0,F656_ARC _B3_slice8-Ort.czi,old,glp1r,upper
315,20.0,11.65,233.0,F656_ARC _B3_slice8-Ort.czi,old,glp1r,upper
316,24.0,8.916666666666666,214.0,F656_ARC _B3_slice8-Ort.czi,old,glp1r,upper
317,55.0,13.581818181818182,747.0,F656_ARC _B3_slice8-Ort.czi,old,glp1r,upper
318,10.0,13.8,138.0,F656_ARC _B3_slice8-Ort.czi,old,glp1r,upper
319,237.0,7.194092827004219,1705.0,F656_ARC _B3_slice8-Ort.czi,old,glp1r,upper
320,6.0,9.166666666666666,55.0,F656_ARC _B3_slice8-Ort.czi,old,glp1r,upper
321,41.0,8.121951219512194,332.99999999999994,F656_ARC _B3_slice8-Ort.czi,old,glp1r,upper
322,2.0,13.5,27.0,F656_ARC _B3_slice8-Ort.czi,old,glp1r,upper
323,11.0,9.0,99.0,F656_ARC _B3_slice8-Ort.czi,old,glp1r,upper
324,48.0,9.875,474.0,F656_ARC _B3_slice8-Ort.czi,old,glp1r,upper
325,126.0,7.603174603174603,958.0,F656_ARC _B3_slice8-Ort.czi,old,glp1r,upper
326,577.0,7.197573656845754,4153.0,F656_ARC _B3_slice8-Ort.czi,old,glp1r,upper
327,216.0,8.097222222222221,1748.9999999999998,F656_ARC _B3_slice8-Ort.czi,old,glp1r,upper
328,10770.0,7.3844011142061285,79530.0,F656_ARC _B3_slice8-Ort.czi,old,glp1r,upper
329,301.0,7.4352159468438535,2238.0,F656_ARC _B3_slice8-Ort.czi,old,glp1r,upper
330,119.0,8.764705882352942,1043.0,F656_ARC _B3_slice8-Ort.czi,old,glp1r,upper
331,395.0,7.134177215189873,2818.0,F656_ARC _B3_slice8-Ort.czi,old,glp1r,upper
332,155.0,7.096774193548387,1100.0,F656_ARC _B3_slice8-Ort.czi,old,glp1r,upper
333,37.0,9.432432432432432,348.99999999999994,F656_ARC _B3_slice8-Ort.czi,old,glp1r,upper
334,227.0,8.449339207048459,1918.0,F656_ARC _B3_slice8-Ort.czi,old,glp1r,upper
335,3281.0,7.055470893020421,23149.0,F656_ARC _B3_slice8-Ort.czi,old,glp1r,upper
336,4.0,10.0,40.0,F656_ARC _B3_slice8-Ort.czi,old,glp1r,upper
337,41.0,10.536585365853659,432.0,F656_ARC _B3_slice8-Ort.czi,old,glp1r,upper
338,29.0,9.206896551724139,267.0,F656_ARC _B3_slice8-Ort.czi,old,glp1r,upper
339,2.0,17.5,35.0,F656_ARC _B3_slice8-Ort.czi,old,glp1r,upper
340,191.0,8.37696335078534,1600.0,F656_ARC _B3_slice8-Ort.czi,old,glp1r,upper
341,19.0,6.473684210526316,123.0,F656_ARC _B3_slice8-Ort.czi,old,glp1r,upper
342,14.0,12.071428571428571,169.0,F656_ARC _B3_slice8-Ort.czi,old,glp1r,upper
343,27.0,6.703703703703703,181.0,F656_ARC _B3_slice8-Ort.czi,old,glp1r,upper
344,34.0,7.147058823529412,243.0,F656_ARC _B3_slice8-Ort.czi,old,glp1r,upper
345,25.0,8.08,202.0,F656_ARC _B3_slice8-Ort.czi,old,glp1r,upper
346,4.0,8.5,34.0,F656_ARC _B3_slice8-Ort.czi,old,glp1r,upper
347,3234.0,7.2482993197278915,23441.0,F656_ARC _B3_slice8-Ort.czi,old,glp1r,upper
348,12.0,7.916666666666667,95.0,F656_ARC _B3_slice8-Ort.czi,old,glp1r,upper
349,29.0,7.413793103448276,215.0,F656_ARC _B3_slice8-Ort.czi,old,glp1r,upper
350,60.0,8.316666666666666,499.0,F656_ARC _B3_slice8-Ort.czi,old,glp1r,upper
351,1.0,8.0,8.0,F656_ARC _B3_slice8-Ort.czi,old,glp1r,upper
352,41.0,6.560975609756097,269.0,F656_ARC _B3_slice8-Ort.czi,old,glp1r,upper
353,26.0,7.423076923076923,193.0,F656_ARC _B3_slice8-Ort.czi,old,glp1r,upper
354,39.0,13.102564102564102,511.0,F656_ARC _B3_slice8-Ort.czi,old,glp1r,upper
355,18.0,9.055555555555555,163.0,F656_ARC _B3_slice8-Ort.czi,old,glp1r,upper
356,1734.0,7.320645905420992,12694.0,F656_ARC _B3_slice8-Ort.czi,old,glp1r,upper
357,1.0,12.0,12.0,F656_ARC _B3_slice8-Ort.czi,old,glp1r,upper
358,142.0,8.866197183098592,1259.0,F656_ARC _B3_slice8-Ort.czi,old,glp1r,upper
359,2681.0,7.3595673256247665,19731.0,F656_ARC _B3_slice8-Ort.czi,old,glp1r,upper
360,85.0,8.48235294117647,721.0,F656_ARC _B3_slice8-Ort.czi,old,glp1r,upper
361,9.0,8.333333333333334,75.0,F656_ARC _B3_slice8-Ort.czi,old,glp1r,upper
362,97.0,7.876288659793815,764.0,F656_ARC _B3_slice8-Ort.czi,old,glp1r,upper
363,888.0,7.688063063063063,6827.0,F656_ARC _B3_slice8-Ort.czi,old,glp1r,upper
364,3.0,7.666666666666667,23.0,F656_ARC _B3_slice8-Ort.czi,old,glp1r,upper
365,2286.0,9.367016622922135,21413.0,F656_ARC _B3_slice8-Ort.czi,old,glp1r,upper
366,153.0,9.183006535947712,1405.0,F656_ARC _B3_slice8-Ort.czi,old,glp1r,upper
367,1122.0,7.524955436720143,8443.0,F656_ARC _B3_slice8-Ort.czi,old,glp1r,upper
368,8.0,12.125,97.0,F656_ARC _B3_slice8-Ort.czi,old,glp1r,upper
369,1.0,6.0,6.0,F656_ARC _B3_slice8-Ort.czi,old,glp1r,upper
370,37.0,8.216216216216216,304.0,F656_ARC _B3_slice8-Ort.czi,old,glp1r,upper
371,47.0,7.042553191489362,331.0,F656_ARC _B3_slice8-Ort.czi,old,glp1r,upper
372,92.0,8.043478260869565,739.9999999999999,F656_ARC _B3_slice8-Ort.czi,old,glp1r,upper
373,906.0,11.650110375275938,10555.0,F656_ARC _B3_slice8-Ort.czi,old,glp1r,upper
374,2.0,8.5,17.0,F656_ARC _B3_slice8-Ort.czi,old,glp1r,upper
375,6.0,7.833333333333333,47.0,F656_ARC _B3_slice8-Ort.czi,old,glp1r,upper
376,64.0,8.65625,554.0,F656_ARC _B3_slice8-Ort.czi,old,glp1r,upper
377,51.0,9.0,459.0,F656_ARC _B3_slice8-Ort.czi,old,glp1r,upper
378,13.0,7.230769230769231,94.0,F656_ARC _B3_slice8-Ort.czi,old,glp1r,upper
379,1.0,5.0,5.0,F656_ARC _B3_slice8-Ort.czi,old,glp1r,upper
380,68.0,8.0,544.0,F656_ARC _B3_slice8-Ort.czi,old,glp1r,upper
381,6335.0,9.8318863456985,62285.0,F656_ARC _B3_slice8-Ort.czi,old,glp1r,upper
382,44.0,10.795454545454545,475.0,F656_ARC _B3_slice8-Ort.czi,old,glp1r,upper
383,4.0,7.0,28.0,F656_ARC _B3_slice8-Ort.czi,old,glp1r,upper
1,28.0,16.071428571428573,450.00000000000006,B482_ARC _B3_slice7-Ort.czi,old,glp1r,upper
2,36.0,13.444444444444445,484.0,B482_ARC _B3_slice7-Ort.czi,old,glp1r,upper
3,54.0,15.814814814814815,854.0,B482_ARC _B3_slice7-Ort.czi,old,glp1r,upper
4,72.0,13.0,936.0,B482_ARC _B3_slice7-Ort.czi,old,glp1r,upper
5,67.0,16.223880597014926,1087.0,B482_ARC _B3_slice7-Ort.czi,old,glp1r,upper
6,40.0,26.875,1075.0,B482_ARC _B3_slice7-Ort.czi,old,glp1r,upper
7,136.0,13.963235294117647,1899.0,B482_ARC _B3_slice7-Ort.czi,old,glp1r,upper
8,56.0,22.696428571428573,1271.0,B482_ARC _B3_slice7-Ort.czi,old,glp1r,upper
9,87.0,15.931034482758621,1386.0,B482_ARC _B3_slice7-Ort.czi,old,glp1r,upper
10,2.0,7.0,14.0,B482_ARC _B3_slice7-Ort.czi,old,glp1r,upper
11,5.0,19.2,96.0,B482_ARC _B3_slice7-Ort.czi,old,glp1r,upper
12,3.0,11.333333333333334,34.0,B482_ARC _B3_slice7-Ort.czi,old,glp1r,upper
13,4.0,15.0,60.0,B482_ARC _B3_slice7-Ort.czi,old,glp1r,upper
14,24.0,18.708333333333332,449.0,B482_ARC _B3_slice7-Ort.czi,old,glp1r,upper
15,15.0,15.733333333333333,236.0,B482_ARC _B3_slice7-Ort.czi,old,glp1r,upper
16,6.0,12.0,72.0,B482_ARC _B3_slice7-Ort.czi,old,glp1r,upper
17,19.0,16.105263157894736,306.0,B482_ARC _B3_slice7-Ort.czi,old,glp1r,upper
18,7.0,8.857142857142858,62.0,B482_ARC _B3_slice7-Ort.czi,old,glp1r,upper
19,19.0,17.736842105263158,337.0,B482_ARC _B3_slice7-Ort.czi,old,glp1r,upper
20,15.0,17.133333333333333,257.0,B482_ARC _B3_slice7-Ort.czi,old,glp1r,upper
21,5.0,14.6,73.0,B482_ARC _B3_slice7-Ort.czi,old,glp1r,upper
22,10.0,13.8,138.0,B482_ARC _B3_slice7-Ort.czi,old,glp1r,upper
23,46.0,16.82608695652174,774.0,B482_ARC _B3_slice7-Ort.czi,old,glp1r,upper
24,20.0,19.2,384.0,B482_ARC _B3_slice7-Ort.czi,old,glp1r,upper
25,33.0,15.151515151515152,500.0,B482_ARC _B3_slice7-Ort.czi,old,glp1r,upper
26,95.0,17.242105263157896,1638.0,B482_ARC _B3_slice7-Ort.czi,old,glp1r,upper
27,101.0,22.584158415841586,2281.0,B482_ARC _B3_slice7-Ort.czi,old,glp1r,upper
28,50.0,12.96,648.0,B482_ARC _B3_slice7-Ort.czi,old,glp1r,upper
29,146.0,18.698630136986303,2730.0,B482_ARC _B3_slice7-Ort.czi,old,glp1r,upper
30,16.0,17.0625,273.0,B482_ARC _B3_slice7-Ort.czi,old,glp1r,upper
31,4.0,13.25,53.0,B482_ARC _B3_slice7-Ort.czi,old,glp1r,upper
32,20.0,10.95,219.0,B482_ARC _B3_slice7-Ort.czi,old,glp1r,upper
33,9.0,11.666666666666666,105.0,B482_ARC _B3_slice7-Ort.czi,old,glp1r,upper
34,20.0,21.0,420.0,B482_ARC _B3_slice7-Ort.czi,old,glp1r,upper
35,9.0,13.666666666666666,123.0,B482_ARC _B3_slice7-Ort.czi,old,glp1r,upper
36,18.0,15.833333333333334,285.0,B482_ARC _B3_slice7-Ort.czi,old,glp1r,upper
37,30.0,12.5,375.0,B482_ARC _B3_slice7-Ort.czi,old,glp1r,upper
38,35.0,17.742857142857144,621.0,B482_ARC _B3_slice7-Ort.czi,old,glp1r,upper
39,83.0,12.493975903614459,1037.0,B482_ARC _B3_slice7-Ort.czi,old,glp1r,upper
40,10.0,17.1,171.0,B482_ARC _B3_slice7-Ort.czi,old,glp1r,upper
41,2.0,27.0,54.0,B482_ARC _B3_slice7-Ort.czi,old,glp1r,upper
42,34.0,24.970588235294116,849.0,B482_ARC _B3_slice7-Ort.czi,old,glp1r,upper
43,21.0,21.19047619047619,445.0,B482_ARC _B3_slice7-Ort.czi,old,glp1r,upper
44,43.0,14.720930232558139,633.0,B482_ARC _B3_slice7-Ort.czi,old,glp1r,upper
45,11.0,12.272727272727273,135.0,B482_ARC _B3_slice7-Ort.czi,old,glp1r,upper
46,41.0,11.853658536585366,486.0,B482_ARC _B3_slice7-Ort.czi,old,glp1r,upper
47,331.0,12.528700906344412,4147.0,B482_ARC _B3_slice7-Ort.czi,old,glp1r,upper
48,6.0,13.166666666666666,79.0,B482_ARC _B3_slice7-Ort.czi,old,glp1r,upper
49,42.0,11.523809523809524,484.0,B482_ARC _B3_slice7-Ort.czi,old,glp1r,upper
50,44.0,12.522727272727273,551.0,B482_ARC _B3_slice7-Ort.czi,old,glp1r,upper
51,47.0,15.446808510638299,726.0,B482_ARC _B3_slice7-Ort.czi,old,glp1r,upper
52,4.0,12.75,51.0,B482_ARC _B3_slice7-Ort.czi,old,glp1r,upper
53,176.0,11.647727272727273,2050.0,B482_ARC _B3_slice7-Ort.czi,old,glp1r,upper
54,8.0,13.125,105.0,B482_ARC _B3_slice7-Ort.czi,old,glp1r,upper
55,42.0,14.642857142857142,615.0,B482_ARC _B3_slice7-Ort.czi,old,glp1r,upper
56,1.0,10.0,10.0,B482_ARC _B3_slice7-Ort.czi,old,glp1r,upper
57,38.0,13.263157894736842,504.0,B482_ARC _B3_slice7-Ort.czi,old,glp1r,upper
58,87.0,28.620689655172413,2490.0,B482_ARC _B3_slice7-Ort.czi,old,glp1r,upper
59,36.0,15.722222222222221,566.0,B482_ARC _B3_slice7-Ort.czi,old,glp1r,upper
60,64.0,17.140625,1097.0,B482_ARC _B3_slice7-Ort.czi,old,glp1r,upper
61,19.0,30.473684210526315,579.0,B482_ARC _B3_slice7-Ort.czi,old,glp1r,upper
62,53.0,18.037735849056602,955.9999999999999,B482_ARC _B3_slice7-Ort.czi,old,glp1r,upper
63,145.0,16.862068965517242,2445.0,B482_ARC _B3_slice7-Ort.czi,old,glp1r,upper
64,858.0,11.25990675990676,9661.0,B482_ARC _B3_slice7-Ort.czi,old,glp1r,upper
65,55.0,16.09090909090909,885.0,B482_ARC _B3_slice7-Ort.czi,old,glp1r,upper
66,162.0,15.969135802469136,2587.0,B482_ARC _B3_slice7-Ort.czi,old,glp1r,upper
67,146.0,12.17123287671233,1777.0,B482_ARC _B3_slice7-Ort.czi,old,glp1r,upper
68,4.0,22.25,89.0,B482_ARC _B3_slice7-Ort.czi,old,glp1r,upper
69,90.0,22.633333333333333,2037.0,B482_ARC _B3_slice7-Ort.czi,old,glp1r,upper
70,5.0,12.8,64.0,B482_ARC _B3_slice7-Ort.czi,old,glp1r,upper
71,24.0,10.791666666666666,259.0,B482_ARC _B3_slice7-Ort.czi,old,glp1r,upper
72,9.0,12.666666666666666,114.0,B482_ARC _B3_slice7-Ort.czi,old,glp1r,upper
73,83.0,12.710843373493976,1055.0,B482_ARC _B3_slice7-Ort.czi,old,glp1r,upper
74,19.0,12.105263157894736,230.0,B482_ARC _B3_slice7-Ort.czi,old,glp1r,upper
75,17.0,13.117647058823529,223.0,B482_ARC _B3_slice7-Ort.czi,old,glp1r,upper
76,6.0,10.833333333333334,65.0,B482_ARC _B3_slice7-Ort.czi,old,glp1r,upper
77,18.0,14.444444444444445,260.0,B482_ARC _B3_slice7-Ort.czi,old,glp1r,upper
78,48.0,17.3125,831.0,B482_ARC _B3_slice7-Ort.czi,old,glp1r,upper
79,117.0,13.0,1521.0,B482_ARC _B3_slice7-Ort.czi,old,glp1r,upper
80,35.0,18.142857142857142,635.0,B482_ARC _B3_slice7-Ort.czi,old,glp1r,upper
81,10.0,11.3,113.0,B482_ARC _B3_slice7-Ort.czi,old,glp1r,upper
82,31.0,13.193548387096774,409.0,B482_ARC _B3_slice7-Ort.czi,old,glp1r,upper
83,16.0,12.9375,207.0,B482_ARC _B3_slice7-Ort.czi,old,glp1r,upper
84,13.0,12.76923076923077,166.0,B482_ARC _B3_slice7-Ort.czi,old,glp1r,upper
85,12.0,14.666666666666666,176.0,B482_ARC _B3_slice7-Ort.czi,old,glp1r,upper
86,46.0,20.543478260869566,945.0,B482_ARC _B3_slice7-Ort.czi,old,glp1r,upper
87,1.0,28.0,28.0,B482_ARC _B3_slice7-Ort.czi,old,glp1r,upper
88,36.0,18.38888888888889,662.0,B482_ARC _B3_slice7-Ort.czi,old,glp1r,upper
89,35.0,12.714285714285714,445.0,B482_ARC _B3_slice7-Ort.czi,old,glp1r,upper
90,8.0,13.25,106.0,B482_ARC _B3_slice7-Ort.czi,old,glp1r,upper
91,16.0,15.4375,247.0,B482_ARC _B3_slice7-Ort.czi,old,glp1r,upper
92,7.0,28.428571428571427,199.0,B482_ARC _B3_slice7-Ort.czi,old,glp1r,upper
93,15.0,14.266666666666667,214.0,B482_ARC _B3_slice7-Ort.czi,old,glp1r,upper
94,98.0,16.6734693877551,1634.0,B482_ARC _B3_slice7-Ort.czi,old,glp1r,upper
95,90.0,20.433333333333334,1839.0,B482_ARC _B3_slice7-Ort.czi,old,glp1r,upper
96,3.0,13.666666666666666,41.0,B482_ARC _B3_slice7-Ort.czi,old,glp1r,upper
97,1.0,7.0,7.0,B482_ARC _B3_slice7-Ort.czi,old,glp1r,upper
98,5.0,12.4,62.0,B482_ARC _B3_slice7-Ort.czi,old,glp1r,upper
99,32.0,19.84375,635.0,B482_ARC _B3_slice7-Ort.czi,old,glp1r,upper
100,4.0,12.0,48.0,B482_ARC _B3_slice7-Ort.czi,old,glp1r,upper
101,61.0,13.21311475409836,806.0,B482_ARC _B3_slice7-Ort.czi,old,glp1r,upper
102,12.0,16.5,198.0,B482_ARC _B3_slice7-Ort.czi,old,glp1r,upper
103,162.0,11.845679012345679,1919.0,B482_ARC _B3_slice7-Ort.czi,old,glp1r,upper
104,35.0,16.514285714285716,578.0000000000001,B482_ARC _B3_slice7-Ort.czi,old,glp1r,upper
105,49.0,13.63265306122449,668.0,B482_ARC _B3_slice7-Ort.czi,old,glp1r,upper
106,2.0,15.0,30.0,B482_ARC _B3_slice7-Ort.czi,old,glp1r,upper
107,32.0,23.9375,766.0,B482_ARC _B3_slice7-Ort.czi,old,glp1r,upper
108,87.0,11.482758620689655,999.0,B482_ARC _B3_slice7-Ort.czi,old,glp1r,upper
109,3.0,23.333333333333332,70.0,B482_ARC _B3_slice7-Ort.czi,old,glp1r,upper
110,39.0,17.333333333333332,676.0,B482_ARC _B3_slice7-Ort.czi,old,glp1r,upper
111,97.0,11.443298969072165,1110.0,B482_ARC _B3_slice7-Ort.czi,old,glp1r,upper
112,28.0,12.821428571428571,359.0,B482_ARC _B3_slice7-Ort.czi,old,glp1r,upper
113,6.0,18.0,108.0,B482_ARC _B3_slice7-Ort.czi,old,glp1r,upper
114,41.0,15.365853658536585,630.0,B482_ARC _B3_slice7-Ort.czi,old,glp1r,upper
115,20.0,14.05,281.0,B482_ARC _B3_slice7-Ort.czi,old,glp1r,upper
116,64.0,14.71875,942.0,B482_ARC _B3_slice7-Ort.czi,old,glp1r,upper
117,95.0,12.157894736842104,1155.0,B482_ARC _B3_slice7-Ort.czi,old,glp1r,upper
118,15.0,15.266666666666667,229.0,B482_ARC _B3_slice7-Ort.czi,old,glp1r,upper
119,55.0,21.727272727272727,1195.0,B482_ARC _B3_slice7-Ort.czi,old,glp1r,upper
120,1.0,14.0,14.0,B482_ARC _B3_slice7-Ort.czi,old,glp1r,upper
121,55.0,14.745454545454546,811.0,B482_ARC _B3_slice7-Ort.czi,old,glp1r,upper
122,174.0,11.155172413793103,1941.0,B482_ARC _B3_slice7-Ort.czi,old,glp1r,upper
123,38.0,17.5,665.0,B482_ARC _B3_slice7-Ort.czi,old,glp1r,upper
124,34.0,25.029411764705884,851.0,B482_ARC _B3_slice7-Ort.czi,old,glp1r,upper
125,58.0,22.29310344827586,1293.0,B482_ARC _B3_slice7-Ort.czi,old,glp1r,upper
126,14.0,14.714285714285714,206.0,B482_ARC _B3_slice7-Ort.czi,old,glp1r,upper
127,114.0,21.017543859649123,2396.0,B482_ARC _B3_slice7-Ort.czi,old,glp1r,upper
128,28.0,17.571428571428573,492.00000000000006,B482_ARC _B3_slice7-Ort.czi,old,glp1r,upper
129,26.0,15.961538461538462,415.0,B482_ARC _B3_slice7-Ort.czi,old,glp1r,upper
130,172.0,19.61046511627907,3373.0,B482_ARC _B3_slice7-Ort.czi,old,glp1r,upper
131,1.0,11.0,11.0,B482_ARC _B3_slice7-Ort.czi,old,glp1r,upper
132,15.0,17.666666666666668,265.0,B482_ARC _B3_slice7-Ort.czi,old,glp1r,upper
133,5.0,20.0,100.0,B482_ARC _B3_slice7-Ort.czi,old,glp1r,upper
134,11.0,11.727272727272727,129.0,B482_ARC _B3_slice7-Ort.czi,old,glp1r,upper
135,5.0,15.8,79.0,B482_ARC _B3_slice7-Ort.czi,old,glp1r,upper
136,44.0,15.477272727272727,681.0,B482_ARC _B3_slice7-Ort.czi,old,glp1r,upper
137,5.0,9.2,46.0,B482_ARC _B3_slice7-Ort.czi,old,glp1r,upper
138,4.0,24.0,96.0,B482_ARC _B3_slice7-Ort.czi,old,glp1r,upper
139,68.0,13.544117647058824,921.0,B482_ARC _B3_slice7-Ort.czi,old,glp1r,upper
140,4.0,17.0,68.0,B482_ARC _B3_slice7-Ort.czi,old,glp1r,upper
141,190.0,25.678947368421053,4879.0,B482_ARC _B3_slice7-Ort.czi,old,glp1r,upper
142,20.0,18.15,363.0,B482_ARC _B3_slice7-Ort.czi,old,glp1r,upper
143,13.0,17.615384615384617,229.00000000000003,B482_ARC _B3_slice7-Ort.czi,old,glp1r,upper
144,14.0,13.285714285714286,186.0,B482_ARC _B3_slice7-Ort.czi,old,glp1r,upper
145,61.0,22.311475409836067,1361.0,B482_ARC _B3_slice7-Ort.czi,old,glp1r,upper
146,1022.0,11.980430528375734,12244.0,B482_ARC _B3_slice7-Ort.czi,old,glp1r,upper
147,71.0,11.47887323943662,815.0,B482_ARC _B3_slice7-Ort.czi,old,glp1r,upper
148,48.0,24.1875,1161.0,B482_ARC _B3_slice7-Ort.czi,old,glp1r,upper
149,64.0,14.34375,918.0,B482_ARC _B3_slice7-Ort.czi,old,glp1r,upper
150,54.0,12.38888888888889,669.0,B482_ARC _B3_slice7-Ort.czi,old,glp1r,upper
151,68.0,18.235294117647058,1240.0,B482_ARC _B3_slice7-Ort.czi,old,glp1r,upper
152,91.0,14.516483516483516,1321.0,B482_ARC _B3_slice7-Ort.czi,old,glp1r,upper
153,1.0,13.0,13.0,B482_ARC _B3_slice7-Ort.czi,old,glp1r,upper
154,8.0,16.5,132.0,B482_ARC _B3_slice7-Ort.czi,old,glp1r,upper
155,1216.0,12.337171052631579,15002.0,B482_ARC _B3_slice7-Ort.czi,old,glp1r,upper
156,7.0,12.857142857142858,90.0,B482_ARC _B3_slice7-Ort.czi,old,glp1r,upper
157,13.0,11.23076923076923,146.0,B482_ARC _B3_slice7-Ort.czi,old,glp1r,upper
158,1.0,6.0,6.0,B482_ARC _B3_slice7-Ort.czi,old,glp1r,upper
159,7.0,13.142857142857142,92.0,B482_ARC _B3_slice7-Ort.czi,old,glp1r,upper
160,37.0,11.91891891891892,441.0,B482_ARC _B3_slice7-Ort.czi,old,glp1r,upper
161,252.0,16.738095238095237,4218.0,B482_ARC _B3_slice7-Ort.czi,old,glp1r,upper
162,35.0,15.142857142857142,530.0,B482_ARC _B3_slice7-Ort.czi,old,glp1r,upper
163,80.0,13.4,1072.0,B482_ARC _B3_slice7-Ort.czi,old,glp1r,upper
164,38.0,13.236842105263158,503.0,B482_ARC _B3_slice7-Ort.czi,old,glp1r,upper
165,51.0,14.549019607843137,742.0,B482_ARC _B3_slice7-Ort.czi,old,glp1r,upper
166,4.0,11.25,45.0,B482_ARC _B3_slice7-Ort.czi,old,glp1r,upper
167,132.0,19.727272727272727,2604.0,B482_ARC _B3_slice7-Ort.czi,old,glp1r,upper
168,1.0,28.0,28.0,B482_ARC _B3_slice7-Ort.czi,old,glp1r,upper
169,1.0,8.0,8.0,B482_ARC _B3_slice7-Ort.czi,old,glp1r,upper
170,58.0,14.620689655172415,848.0,B482_ARC _B3_slice7-Ort.czi,old,glp1r,upper
171,57.0,14.210526315789474,810.0,B482_ARC _B3_slice7-Ort.czi,old,glp1r,upper
172,1.0,14.0,14.0,B482_ARC _B3_slice7-Ort.czi,old,glp1r,upper
173,8.0,18.25,146.0,B482_ARC _B3_slice7-Ort.czi,old,glp1r,upper
174,48.0,14.916666666666666,716.0,B482_ARC _B3_slice7-Ort.czi,old,glp1r,upper
175,25.0,12.04,301.0,B482_ARC _B3_slice7-Ort.czi,old,glp1r,upper
176,14.0,15.285714285714286,214.0,B482_ARC _B3_slice7-Ort.czi,old,glp1r,upper
177,6.0,11.0,66.0,B482_ARC _B3_slice7-Ort.czi,old,glp1r,upper
178,140.0,12.878571428571428,1803.0,B482_ARC _B3_slice7-Ort.czi,old,glp1r,upper
179,9.0,10.222222222222221,92.0,B482_ARC _B3_slice7-Ort.czi,old,glp1r,upper
180,93.0,15.817204301075268,1471.0,B482_ARC _B3_slice7-Ort.czi,old,glp1r,upper
181,1.0,26.0,26.0,B482_ARC _B3_slice7-Ort.czi,old,glp1r,upper
182,29.0,13.310344827586206,386.0,B482_ARC _B3_slice7-Ort.czi,old,glp1r,upper
183,39.0,22.28205128205128,869.0,B482_ARC _B3_slice7-Ort.czi,old,glp1r,upper
184,32.0,13.8125,442.0,B482_ARC _B3_slice7-Ort.czi,old,glp1r,upper
185,83.0,15.44578313253012,1282.0,B482_ARC _B3_slice7-Ort.czi,old,glp1r,upper
186,5.0,11.6,58.0,B482_ARC _B3_slice7-Ort.czi,old,glp1r,upper
187,13.0,15.307692307692308,199.0,B482_ARC _B3_slice7-Ort.czi,old,glp1r,upper
188,35.0,12.4,434.0,B482_ARC _B3_slice7-Ort.czi,old,glp1r,upper
189,95.0,14.821052631578947,1408.0,B482_ARC _B3_slice7-Ort.czi,old,glp1r,upper
190,12.0,13.583333333333334,163.0,B482_ARC _B3_slice7-Ort.czi,old,glp1r,upper
191,1.0,13.0,13.0,B482_ARC _B3_slice7-Ort.czi,old,glp1r,upper
192,81.0,16.51851851851852,1338.0,B482_ARC _B3_slice7-Ort.czi,old,glp1r,upper
193,213.0,26.868544600938968,5723.0,B482_ARC _B3_slice7-Ort.czi,old,glp1r,upper
194,165.0,16.64242424242424,2745.9999999999995,B482_ARC _B3_slice7-Ort.czi,old,glp1r,upper
195,9.0,9.333333333333334,84.0,B482_ARC _B3_slice7-Ort.czi,old,glp1r,upper
196,2.0,44.0,88.0,B482_ARC _B3_slice7-Ort.czi,old,glp1r,upper
197,37.0,13.135135135135135,486.0,B482_ARC _B3_slice7-Ort.czi,old,glp1r,upper
198,78.0,14.371794871794872,1121.0,B482_ARC _B3_slice7-Ort.czi,old,glp1r,upper
199,35.0,16.65714285714286,583.0,B482_ARC _B3_slice7-Ort.czi,old,glp1r,upper
200,12.0,14.416666666666666,173.0,B482_ARC _B3_slice7-Ort.czi,old,glp1r,upper
201,35.0,12.228571428571428,428.0,B482_ARC _B3_slice7-Ort.czi,old,glp1r,upper
202,5.0,13.6,68.0,B482_ARC _B3_slice7-Ort.czi,old,glp1r,upper
203,108.0,13.25925925925926,1432.0,B482_ARC _B3_slice7-Ort.czi,old,glp1r,upper
204,22.0,15.454545454545455,340.0,B482_ARC _B3_slice7-Ort.czi,old,glp1r,upper
205,47.0,14.148936170212766,665.0,B482_ARC _B3_slice7-Ort.czi,old,glp1r,upper
206,11.0,13.181818181818182,145.0,B482_ARC _B3_slice7-Ort.czi,old,glp1r,upper
207,14.0,28.857142857142858,404.0,B482_ARC _B3_slice7-Ort.czi,old,glp1r,upper
208,88.0,14.125,1243.0,B482_ARC _B3_slice7-Ort.czi,old,glp1r,upper
209,7.0,13.428571428571429,94.0,B482_ARC _B3_slice7-Ort.czi,old,glp1r,upper
210,38.0,14.526315789473685,552.0,B482_ARC _B3_slice7-Ort.czi,old,glp1r,upper
211,184.0,24.157608695652176,4445.0,B482_ARC _B3_slice7-Ort.czi,old,glp1r,upper
212,15.0,11.066666666666666,166.0,B482_ARC _B3_slice7-Ort.czi,old,glp1r,upper
213,18.0,38.888888888888886,700.0,B482_ARC _B3_slice7-Ort.czi,old,glp1r,upper
214,4.0,23.25,93.0,B482_ARC _B3_slice7-Ort.czi,old,glp1r,upper
215,89.0,12.235955056179776,1089.0,B482_ARC _B3_slice7-Ort.czi,old,glp1r,upper
216,27.0,17.962962962962962,485.0,B482_ARC _B3_slice7-Ort.czi,old,glp1r,upper
217,113.0,17.0,1921.0,B482_ARC _B3_slice7-Ort.czi,old,glp1r,upper
218,99.0,13.93939393939394,1380.0,B482_ARC _B3_slice7-Ort.czi,old,glp1r,upper
219,75.0,18.64,1398.0,B482_ARC _B3_slice7-Ort.czi,old,glp1r,upper
220,42.0,11.285714285714286,474.00000000000006,B482_ARC _B3_slice7-Ort.czi,old,glp1r,upper
221,149.0,15.026845637583893,2239.0,B482_ARC _B3_slice7-Ort.czi,old,glp1r,upper
222,99.0,14.05050505050505,1391.0,B482_ARC _B3_slice7-Ort.czi,old,glp1r,upper
223,65.0,13.415384615384616,872.0,B482_ARC _B3_slice7-Ort.czi,old,glp1r,upper
224,98.0,22.642857142857142,2219.0,B482_ARC _B3_slice7-Ort.czi,old,glp1r,upper
225,41.0,14.804878048780488,607.0,B482_ARC _B3_slice7-Ort.czi,old,glp1r,upper
226,72.0,18.01388888888889,1297.0,B482_ARC _B3_slice7-Ort.czi,old,glp1r,upper
227,40.0,14.8,592.0,B482_ARC _B3_slice7-Ort.czi,old,glp1r,upper
228,94.0,21.904255319148938,2059.0,B482_ARC _B3_slice7-Ort.czi,old,glp1r,upper
229,15.0,16.866666666666667,253.0,B482_ARC _B3_slice7-Ort.czi,old,glp1r,upper
230,2.0,20.0,40.0,B482_ARC _B3_slice7-Ort.czi,old,glp1r,upper
231,2.0,19.5,39.0,B482_ARC _B3_slice7-Ort.czi,old,glp1r,upper
232,25.0,10.92,273.0,B482_ARC _B3_slice7-Ort.czi,old,glp1r,upper
233,38.0,17.18421052631579,653.0000000000001,B482_ARC _B3_slice7-Ort.czi,old,glp1r,upper
234,7.0,16.714285714285715,117.0,B482_ARC _B3_slice7-Ort.czi,old,glp1r,upper
235,47.0,11.787234042553191,554.0,B482_ARC _B3_slice7-Ort.czi,old,glp1r,upper
236,76.0,27.19736842105263,2067.0,B482_ARC _B3_slice7-Ort.czi,old,glp1r,upper
237,14.0,19.214285714285715,269.0,B482_ARC _B3_slice7-Ort.czi,old,glp1r,upper
238,54.0,22.833333333333332,1233.0,B482_ARC _B3_slice7-Ort.czi,old,glp1r,upper
239,105.0,22.466666666666665,2359.0,B482_ARC _B3_slice7-Ort.czi,old,glp1r,upper
240,15.0,11.6,174.0,B482_ARC _B3_slice7-Ort.czi,old,glp1r,upper
241,25.0,14.36,359.0,B482_ARC _B3_slice7-Ort.czi,old,glp1r,upper
242,5338.0,11.922630198576245,63642.99999999999,B482_ARC _B3_slice7-Ort.czi,old,glp1r,upper
243,151.0,14.649006622516556,2212.0,B482_ARC _B3_slice7-Ort.czi,old,glp1r,upper
244,30.0,33.9,1017.0,B482_ARC _B3_slice7-Ort.czi,old,glp1r,upper
245,40.0,14.125,565.0,B482_ARC _B3_slice7-Ort.czi,old,glp1r,upper
246,21.0,25.666666666666668,539.0,B482_ARC _B3_slice7-Ort.czi,old,glp1r,upper
247,162.0,16.814814814814813,2723.9999999999995,B482_ARC _B3_slice7-Ort.czi,old,glp1r,upper
248,240.0,20.429166666666667,4903.0,B482_ARC _B3_slice7-Ort.czi,old,glp1r,upper
249,36.0,20.166666666666668,726.0,B482_ARC _B3_slice7-Ort.czi,old,glp1r,upper
250,18.0,22.333333333333332,402.0,B482_ARC _B3_slice7-Ort.czi,old,glp1r,upper
251,111.0,21.234234234234233,2357.0,B482_ARC _B3_slice7-Ort.czi,old,glp1r,upper
252,60.0,16.783333333333335,1007.0000000000001,B482_ARC _B3_slice7-Ort.czi,old,glp1r,upper
253,21.0,16.428571428571427,344.99999999999994,B482_ARC _B3_slice7-Ort.czi,old,glp1r,upper
254,79.0,13.721518987341772,1084.0,B482_ARC _B3_slice7-Ort.czi,old,glp1r,upper
255,15.0,21.666666666666668,325.0,B482_ARC _B3_slice7-Ort.czi,old,glp1r,upper
256,22.0,17.59090909090909,387.0,B482_ARC _B3_slice7-Ort.czi,old,glp1r,upper
257,62.0,17.370967741935484,1077.0,B482_ARC _B3_slice7-Ort.czi,old,glp1r,upper
258,205.0,17.13170731707317,3512.0,B482_ARC _B3_slice7-Ort.czi,old,glp1r,upper
259,76.0,17.81578947368421,1353.9999999999998,B482_ARC _B3_slice7-Ort.czi,old,glp1r,upper
260,59.0,13.64406779661017,805.0,B482_ARC _B3_slice7-Ort.czi,old,glp1r,upper
261,75.0,16.733333333333334,1255.0,B482_ARC _B3_slice7-Ort.czi,old,glp1r,upper
262,106.0,26.21698113207547,2779.0,B482_ARC _B3_slice7-Ort.czi,old,glp1r,upper
263,168.0,13.017857142857142,2187.0,B482_ARC _B3_slice7-Ort.czi,old,glp1r,upper
264,142.0,26.14788732394366,3712.9999999999995,B482_ARC _B3_slice7-Ort.czi,old,glp1r,upper
265,15.0,18.8,282.0,B482_ARC _B3_slice7-Ort.czi,old,glp1r,upper
266,18.0,13.88888888888889,250.0,B482_ARC _B3_slice7-Ort.czi,old,glp1r,upper
267,38.0,14.421052631578947,548.0,B482_ARC _B3_slice7-Ort.czi,old,glp1r,upper
268,27.0,15.25925925925926,412.0,B482_ARC _B3_slice7-Ort.czi,old,glp1r,upper
269,42.0,15.19047619047619,638.0,B482_ARC _B3_slice7-Ort.czi,old,glp1r,upper
270,63.0,14.444444444444445,910.0,B482_ARC _B3_slice7-Ort.czi,old,glp1r,upper
271,91.0,12.945054945054945,1178.0,B482_ARC _B3_slice7-Ort.czi,old,glp1r,upper
272,132.0,18.272727272727273,2412.0,B482_ARC _B3_slice7-Ort.czi,old,glp1r,upper
273,36.0,19.38888888888889,698.0,B482_ARC _B3_slice7-Ort.czi,old,glp1r,upper
274,17.0,19.470588235294116,331.0,B482_ARC _B3_slice7-Ort.czi,old,glp1r,upper
275,3.0,19.333333333333332,58.0,B482_ARC _B3_slice7-Ort.czi,old,glp1r,upper
276,16.0,11.125,178.0,B482_ARC _B3_slice7-Ort.czi,old,glp1r,upper
277,154.0,13.38961038961039,2062.0,B482_ARC _B3_slice7-Ort.czi,old,glp1r,upper
278,27.0,15.074074074074074,407.0,B482_ARC _B3_slice7-Ort.czi,old,glp1r,upper
279,66.0,13.530303030303031,893.0,B482_ARC _B3_slice7-Ort.czi,old,glp1r,upper
280,106.0,13.877358490566039,1471.0,B482_ARC _B3_slice7-Ort.czi,old,glp1r,upper
281,115.0,19.22608695652174,2211.0,B482_ARC _B3_slice7-Ort.czi,old,glp1r,upper
282,53.0,12.754716981132075,676.0,B482_ARC _B3_slice7-Ort.czi,old,glp1r,upper
283,101.0,13.910891089108912,1405.0,B482_ARC _B3_slice7-Ort.czi,old,glp1r,upper
284,72.0,13.430555555555555,967.0,B482_ARC _B3_slice7-Ort.czi,old,glp1r,upper
285,33.0,14.757575757575758,487.0,B482_ARC _B3_slice7-Ort.czi,old,glp1r,upper
286,21.0,18.38095238095238,386.0,B482_ARC _B3_slice7-Ort.czi,old,glp1r,upper
287,47.0,13.595744680851064,639.0,B482_ARC _B3_slice7-Ort.czi,old,glp1r,upper
288,2.0,6.0,12.0,B482_ARC _B3_slice7-Ort.czi,old,glp1r,upper
289,183.0,16.15846994535519,2956.9999999999995,B482_ARC _B3_slice7-Ort.czi,old,glp1r,upper
290,126.0,23.650793650793652,2980.0,B482_ARC _B3_slice7-Ort.czi,old,glp1r,upper
291,47.0,15.0,705.0,B482_ARC _B3_slice7-Ort.czi,old,glp1r,upper
292,218.0,16.954128440366972,3696.0,B482_ARC _B3_slice7-Ort.czi,old,glp1r,upper
293,83.0,16.337349397590362,1356.0,B482_ARC _B3_slice7-Ort.czi,old,glp1r,upper
294,44.0,16.022727272727273,705.0,B482_ARC _B3_slice7-Ort.czi,old,glp1r,upper
295,23.0,13.91304347826087,320.0,B482_ARC _B3_slice7-Ort.czi,old,glp1r,upper
296,8.0,20.25,162.0,B482_ARC _B3_slice7-Ort.czi,old,glp1r,upper
297,142.0,18.161971830985916,2579.0,B482_ARC _B3_slice7-Ort.czi,old,glp1r,upper
298,41.0,15.097560975609756,619.0,B482_ARC _B3_slice7-Ort.czi,old,glp1r,upper
299,1.0,35.0,35.0,B482_ARC _B3_slice7-Ort.czi,old,glp1r,upper
300,113.0,16.424778761061948,1856.0,B482_ARC _B3_slice7-Ort.czi,old,glp1r,upper
301,56.0,23.285714285714285,1304.0,B482_ARC _B3_slice7-Ort.czi,old,glp1r,upper
302,33.0,15.272727272727273,504.0,B482_ARC _B3_slice7-Ort.czi,old,glp1r,upper
303,122.0,25.016393442622952,3052.0,B482_ARC _B3_slice7-Ort.czi,old,glp1r,upper
304,88.0,25.84090909090909,2274.0,B482_ARC _B3_slice7-Ort.czi,old,glp1r,upper
305,64.0,18.15625,1162.0,B482_ARC _B3_slice7-Ort.czi,old,glp1r,upper
306,190.0,12.442105263157895,2364.0,B482_ARC _B3_slice7-Ort.czi,old,glp1r,upper
307,50.0,17.28,864.0,B482_ARC _B3_slice7-Ort.czi,old,glp1r,upper
308,104.0,18.192307692307693,1892.0,B482_ARC _B3_slice7-Ort.czi,old,glp1r,upper
309,57.0,12.68421052631579,723.0,B482_ARC _B3_slice7-Ort.czi,old,glp1r,upper
310,204.0,21.205882352941178,4326.0,B482_ARC _B3_slice7-Ort.czi,old,glp1r,upper
311,14.0,16.857142857142858,236.0,B482_ARC _B3_slice7-Ort.czi,old,glp1r,upper
312,26.0,11.538461538461538,300.0,B482_ARC _B3_slice7-Ort.czi,old,glp1r,upper
313,48.0,15.083333333333334,724.0,B482_ARC _B3_slice7-Ort.czi,old,glp1r,upper
314,52.0,12.884615384615385,670.0,B482_ARC _B3_slice7-Ort.czi,old,glp1r,upper
315,59.0,12.033898305084746,710.0,B482_ARC _B3_slice7-Ort.czi,old,glp1r,upper
316,298.0,12.261744966442953,3654.0,B482_ARC _B3_slice7-Ort.czi,old,glp1r,upper
317,44.0,14.818181818181818,652.0,B482_ARC _B3_slice7-Ort.czi,old,glp1r,upper
318,25.0,23.24,581.0,B482_ARC _B3_slice7-Ort.czi,old,glp1r,upper
319,32.0,18.5,592.0,B482_ARC _B3_slice7-Ort.czi,old,glp1r,upper
320,6.0,14.333333333333334,86.0,B482_ARC _B3_slice7-Ort.czi,old,glp1r,upper
321,80.0,24.2125,1937.0,B482_ARC _B3_slice7-Ort.czi,old,glp1r,upper
322,55.0,17.654545454545456,971.0000000000001,B482_ARC _B3_slice7-Ort.czi,old,glp1r,upper
323,37.0,11.486486486486486,425.0,B482_ARC _B3_slice7-Ort.czi,old,glp1r,upper
324,173.0,31.589595375722542,5465.0,B482_ARC _B3_slice7-Ort.czi,old,glp1r,upper
325,97.0,23.88659793814433,2317.0,B482_ARC _B3_slice7-Ort.czi,old,glp1r,upper
326,163.0,23.466257668711656,3825.0,B482_ARC _B3_slice7-Ort.czi,old,glp1r,upper
327,70.0,15.17142857142857,1062.0,B482_ARC _B3_slice7-Ort.czi,old,glp1r,upper
328,25.0,13.0,325.0,B482_ARC _B3_slice7-Ort.czi,old,glp1r,upper
329,19.0,13.631578947368421,259.0,B482_ARC _B3_slice7-Ort.czi,old,glp1r,upper
330,308.0,23.727272727272727,7308.0,B482_ARC _B3_slice7-Ort.czi,old,glp1r,upper
331,78.0,12.743589743589743,993.9999999999999,B482_ARC _B3_slice7-Ort.czi,old,glp1r,upper
332,1.0,16.0,16.0,B482_ARC _B3_slice7-Ort.czi,old,glp1r,upper
333,81.0,21.691358024691358,1757.0,B482_ARC _B3_slice7-Ort.czi,old,glp1r,upper
334,4.0,18.75,75.0,B482_ARC _B3_slice7-Ort.czi,old,glp1r,upper
335,146.0,22.08219178082192,3224.0,B482_ARC _B3_slice7-Ort.czi,old,glp1r,upper
336,20.0,15.15,303.0,B482_ARC _B3_slice7-Ort.czi,old,glp1r,upper
337,96.0,17.375,1668.0,B482_ARC _B3_slice7-Ort.czi,old,glp1r,upper
338,26.0,15.76923076923077,410.0,B482_ARC _B3_slice7-Ort.czi,old,glp1r,upper
339,1171.0,12.721605465414177,14897.000000000002,B482_ARC _B3_slice7-Ort.czi,old,glp1r,upper
340,21.0,13.142857142857142,276.0,B482_ARC _B3_slice7-Ort.czi,old,glp1r,upper
341,117.0,16.324786324786324,1909.9999999999998,B482_ARC _B3_slice7-Ort.czi,old,glp1r,upper
342,145.0,22.09655172413793,3204.0,B482_ARC _B3_slice7-Ort.czi,old,glp1r,upper
343,33.0,15.181818181818182,501.0,B482_ARC _B3_slice7-Ort.czi,old,glp1r,upper
344,160.0,17.03125,2725.0,B482_ARC _B3_slice7-Ort.czi,old,glp1r,upper
345,148.0,15.885135135135135,2351.0,B482_ARC _B3_slice7-Ort.czi,old,glp1r,upper
346,16.0,15.6875,251.0,B482_ARC _B3_slice7-Ort.czi,old,glp1r,upper
347,221.0,22.031674208144796,4869.0,B482_ARC _B3_slice7-Ort.czi,old,glp1r,upper
348,112.0,24.857142857142858,2784.0,B482_ARC _B3_slice7-Ort.czi,old,glp1r,upper
349,128.0,23.7734375,3043.0,B482_ARC _B3_slice7-Ort.czi,old,glp1r,upper
350,49.0,15.204081632653061,745.0,B482_ARC _B3_slice7-Ort.czi,old,glp1r,upper
351,143.0,17.251748251748253,2467.0000000000005,B482_ARC _B3_slice7-Ort.czi,old,glp1r,upper
352,28.0,19.285714285714285,540.0,B482_ARC _B3_slice7-Ort.czi,old,glp1r,upper
353,109.0,12.247706422018348,1335.0,B482_ARC _B3_slice7-Ort.czi,old,glp1r,upper
354,61.0,15.59016393442623,951.0,B482_ARC _B3_slice7-Ort.czi,old,glp1r,upper
355,140.0,18.62142857142857,2607.0,B482_ARC _B3_slice7-Ort.czi,old,glp1r,upper
356,43.0,13.395348837209303,576.0,B482_ARC _B3_slice7-Ort.czi,old,glp1r,upper
357,40.0,12.725,509.0,B482_ARC _B3_slice7-Ort.czi,old,glp1r,upper
358,56.0,13.607142857142858,762.0,B482_ARC _B3_slice7-Ort.czi,old,glp1r,upper
359,84.0,19.845238095238095,1667.0,B482_ARC _B3_slice7-Ort.czi,old,glp1r,upper
360,147.0,27.020408163265305,3972.0,B482_ARC _B3_slice7-Ort.czi,old,glp1r,upper
361,236.0,18.809322033898304,4439.0,B482_ARC _B3_slice7-Ort.czi,old,glp1r,upper
362,125.0,23.464,2933.0,B482_ARC _B3_slice7-Ort.czi,old,glp1r,upper
363,178.0,14.426966292134832,2568.0,B482_ARC _B3_slice7-Ort.czi,old,glp1r,upper
364,158.0,21.265822784810126,3360.0,B482_ARC _B3_slice7-Ort.czi,old,glp1r,upper
365,83.0,21.253012048192772,1764.0,B482_ARC _B3_slice7-Ort.czi,old,glp1r,upper
366,71.0,22.901408450704224,1626.0,B482_ARC _B3_slice7-Ort.czi,old,glp1r,upper
367,70.0,23.728571428571428,1661.0,B482_ARC _B3_slice7-Ort.czi,old,glp1r,upper
368,131.0,19.51145038167939,2556.0,B482_ARC _B3_slice7-Ort.czi,old,glp1r,upper
369,75.0,16.56,1242.0,B482_ARC _B3_slice7-Ort.czi,old,glp1r,upper
370,68.0,21.705882352941178,1476.0,B482_ARC _B3_slice7-Ort.czi,old,glp1r,upper
371,95.0,27.652631578947368,2627.0,B482_ARC _B3_slice7-Ort.czi,old,glp1r,upper
372,64.0,21.28125,1362.0,B482_ARC _B3_slice7-Ort.czi,old,glp1r,upper
373,80.0,16.925,1354.0,B482_ARC _B3_slice7-Ort.czi,old,glp1r,upper
374,97.0,30.061855670103093,2916.0,B482_ARC _B3_slice7-Ort.czi,old,glp1r,upper
375,33.0,23.303030303030305,769.0,B482_ARC _B3_slice7-Ort.czi,old,glp1r,upper
376,20.0,15.8,316.0,B482_ARC _B3_slice7-Ort.czi,old,glp1r,upper
377,51.0,25.07843137254902,1279.0,B482_ARC _B3_slice7-Ort.czi,old,glp1r,upper
378,61.0,12.278688524590164,749.0,B482_ARC _B3_slice7-Ort.czi,old,glp1r,upper
379,96.0,18.041666666666668,1732.0,B482_ARC _B3_slice7-Ort.czi,old,glp1r,upper
380,215.0,14.153488372093022,3043.0,B482_ARC _B3_slice7-Ort.czi,old,glp1r,upper
381,165.0,22.484848484848484,3710.0,B482_ARC _B3_slice7-Ort.czi,old,glp1r,upper
382,527.0,14.79696394686907,7798.0,B482_ARC _B3_slice7-Ort.czi,old,glp1r,upper
383,77.0,20.07792207792208,1546.0,B482_ARC _B3_slice7-Ort.czi,old,glp1r,upper
384,186.0,18.29032258064516,3402.0,B482_ARC _B3_slice7-Ort.czi,old,glp1r,upper
385,154.0,29.175324675324674,4493.0,B482_ARC _B3_slice7-Ort.czi,old,glp1r,upper
386,37.0,15.324324324324325,567.0,B482_ARC _B3_slice7-Ort.czi,old,glp1r,upper
387,48.0,14.291666666666666,686.0,B482_ARC _B3_slice7-Ort.czi,old,glp1r,upper
388,54.0,12.5,675.0,B482_ARC _B3_slice7-Ort.czi,old,glp1r,upper
389,149.0,21.302013422818792,3174.0,B482_ARC _B3_slice7-Ort.czi,old,glp1r,upper
390,69.0,15.101449275362318,1042.0,B482_ARC _B3_slice7-Ort.czi,old,glp1r,upper
391,150.0,24.406666666666666,3661.0,B482_ARC _B3_slice7-Ort.czi,old,glp1r,upper
392,89.0,27.752808988764045,2470.0,B482_ARC _B3_slice7-Ort.czi,old,glp1r,upper
393,14.0,13.071428571428571,183.0,B482_ARC _B3_slice7-Ort.czi,old,glp1r,upper
394,78.0,16.26923076923077,1269.0,B482_ARC _B3_slice7-Ort.czi,old,glp1r,upper
395,56.0,13.303571428571429,745.0,B482_ARC _B3_slice7-Ort.czi,old,glp1r,upper
396,87.0,19.770114942528735,1720.0,B482_ARC _B3_slice7-Ort.czi,old,glp1r,upper
397,20.0,12.3,246.0,B482_ARC _B3_slice7-Ort.czi,old,glp1r,upper
398,64.0,12.859375,823.0,B482_ARC _B3_slice7-Ort.czi,old,glp1r,upper
399,112.0,22.0,2464.0,B482_ARC _B3_slice7-Ort.czi,old,glp1r,upper
400,78.0,21.653846153846153,1689.0,B482_ARC _B3_slice7-Ort.czi,old,glp1r,upper
401,171.0,21.526315789473685,3681.0,B482_ARC _B3_slice7-Ort.czi,old,glp1r,upper
402,10.0,20.0,200.0,B482_ARC _B3_slice7-Ort.czi,old,glp1r,upper
403,164.0,29.50609756097561,4839.0,B482_ARC _B3_slice7-Ort.czi,old,glp1r,upper
404,46.0,11.804347826086957,543.0,B482_ARC _B3_slice7-Ort.czi,old,glp1r,upper
405,153.0,17.725490196078432,2712.0,B482_ARC _B3_slice7-Ort.czi,old,glp1r,upper
406,316.0,16.32278481012658,5158.0,B482_ARC _B3_slice7-Ort.czi,old,glp1r,upper
407,1.0,10.0,10.0,B482_ARC _B3_slice7-Ort.czi,old,glp1r,upper
408,19.0,15.68421052631579,298.0,B482_ARC _B3_slice7-Ort.czi,old,glp1r,upper
409,1033.0,18.433688286544047,19042.0,B482_ARC _B3_slice7-Ort.czi,old,glp1r,upper
410,26.0,15.115384615384615,393.0,B482_ARC _B3_slice7-Ort.czi,old,glp1r,upper
411,15.0,22.066666666666666,331.0,B482_ARC _B3_slice7-Ort.czi,old,glp1r,upper
412,127.0,16.944881889763778,2152.0,B482_ARC _B3_slice7-Ort.czi,old,glp1r,upper
413,218.0,16.908256880733944,3686.0,B482_ARC _B3_slice7-Ort.czi,old,glp1r,upper
414,84.0,19.023809523809526,1598.0000000000002,B482_ARC _B3_slice7-Ort.czi,old,glp1r,upper
415,270.0,20.41111111111111,5511.0,B482_ARC _B3_slice7-Ort.czi,old,glp1r,upper
416,106.0,13.084905660377359,1387.0,B482_ARC _B3_slice7-Ort.czi,old,glp1r,upper
417,52.0,23.01923076923077,1197.0,B482_ARC _B3_slice7-Ort.czi,old,glp1r,upper
418,52.0,16.884615384615383,877.9999999999999,B482_ARC _B3_slice7-Ort.czi,old,glp1r,upper
419,401.0,13.481296758104738,5406.0,B482_ARC _B3_slice7-Ort.czi,old,glp1r,upper
420,9.0,21.11111111111111,190.0,B482_ARC _B3_slice7-Ort.czi,old,glp1r,upper
421,116.0,15.741379310344827,1826.0,B482_ARC _B3_slice7-Ort.czi,old,glp1r,upper
422,129.0,13.984496124031008,1804.0,B482_ARC _B3_slice7-Ort.czi,old,glp1r,upper
423,289.0,17.612456747404845,5090.0,B482_ARC _B3_slice7-Ort.czi,old,glp1r,upper
424,441.0,18.158730158730158,8008.0,B482_ARC _B3_slice7-Ort.czi,old,glp1r,upper
425,89.0,12.101123595505618,1077.0,B482_ARC _B3_slice7-Ort.czi,old,glp1r,upper
426,264.0,15.594696969696969,4117.0,B482_ARC _B3_slice7-Ort.czi,old,glp1r,upper
427,24.0,33.083333333333336,794.0,B482_ARC _B3_slice7-Ort.czi,old,glp1r,upper
428,26.0,19.0,494.0,B482_ARC _B3_slice7-Ort.czi,old,glp1r,upper
429,124.0,23.088709677419356,2863.0,B482_ARC _B3_slice7-Ort.czi,old,glp1r,upper
430,35.0,12.457142857142857,436.0,B482_ARC _B3_slice7-Ort.czi,old,glp1r,upper
431,118.0,18.093220338983052,2135.0,B482_ARC _B3_slice7-Ort.czi,old,glp1r,upper
432,17.0,29.58823529411765,503.0,B482_ARC _B3_slice7-Ort.czi,old,glp1r,upper
433,1.0,10.0,10.0,B482_ARC _B3_slice7-Ort.czi,old,glp1r,upper
434,249.0,18.265060240963855,4548.0,B482_ARC _B3_slice7-Ort.czi,old,glp1r,upper
435,66.0,24.28787878787879,1603.0,B482_ARC _B3_slice7-Ort.czi,old,glp1r,upper
436,26.0,14.807692307692308,385.0,B482_ARC _B3_slice7-Ort.czi,old,glp1r,upper
437,125.0,13.72,1715.0,B482_ARC _B3_slice7-Ort.czi,old,glp1r,upper
438,20.0,25.85,517.0,B482_ARC _B3_slice7-Ort.czi,old,glp1r,upper
439,238.0,19.037815126050422,4531.0,B482_ARC _B3_slice7-Ort.czi,old,glp1r,upper
440,61.0,18.34426229508197,1119.0,B482_ARC _B3_slice7-Ort.czi,old,glp1r,upper
441,6.0,13.166666666666666,79.0,B482_ARC _B3_slice7-Ort.czi,old,glp1r,upper
442,57.0,11.87719298245614,677.0,B482_ARC _B3_slice7-Ort.czi,old,glp1r,upper
443,32.0,16.53125,529.0,B482_ARC _B3_slice7-Ort.czi,old,glp1r,upper
444,5.0,13.0,65.0,B482_ARC _B3_slice7-Ort.czi,old,glp1r,upper
445,100.0,20.59,2059.0,B482_ARC _B3_slice7-Ort.czi,old,glp1r,upper
446,112.0,15.723214285714286,1761.0,B482_ARC _B3_slice7-Ort.czi,old,glp1r,upper
447,21.0,11.523809523809524,242.0,B482_ARC _B3_slice7-Ort.czi,old,glp1r,upper
448,187.0,13.358288770053475,2498.0,B482_ARC _B3_slice7-Ort.czi,old,glp1r,upper
449,18.0,11.833333333333334,213.0,B482_ARC _B3_slice7-Ort.czi,old,glp1r,upper
450,7.0,18.857142857142858,132.0,B482_ARC _B3_slice7-Ort.czi,old,glp1r,upper
451,16.0,18.6875,299.0,B482_ARC _B3_slice7-Ort.czi,old,glp1r,upper
452,104.0,13.788461538461538,1434.0,B482_ARC _B3_slice7-Ort.czi,old,glp1r,upper
453,16.0,12.5,200.0,B482_ARC _B3_slice7-Ort.czi,old,glp1r,upper
454,9.0,16.0,144.0,B482_ARC _B3_slice7-Ort.czi,old,glp1r,upper
455,53.0,14.037735849056604,744.0,B482_ARC _B3_slice7-Ort.czi,old,glp1r,upper
456,25.0,15.28,382.0,B482_ARC _B3_slice7-Ort.czi,old,glp1r,upper
457,269.0,13.62081784386617,3664.0,B482_ARC _B3_slice7-Ort.czi,old,glp1r,upper
458,56.0,11.732142857142858,657.0,B482_ARC _B3_slice7-Ort.czi,old,glp1r,upper
459,259.0,15.069498069498069,3903.0,B482_ARC _B3_slice7-Ort.czi,old,glp1r,upper
460,108.0,14.0,1512.0,B482_ARC _B3_slice7-Ort.czi,old,glp1r,upper
461,130.0,12.569230769230769,1634.0,B482_ARC _B3_slice7-Ort.czi,old,glp1r,upper
462,40.0,16.1,644.0,B482_ARC _B3_slice7-Ort.czi,old,glp1r,upper
463,3.0,18.333333333333332,55.0,B482_ARC _B3_slice7-Ort.czi,old,glp1r,upper
464,6.0,17.5,105.0,B482_ARC _B3_slice7-Ort.czi,old,glp1r,upper
465,5722.0,14.217406501223348,81352.0,B482_ARC _B3_slice7-Ort.czi,old,glp1r,upper
466,69.0,14.159420289855072,977.0,B482_ARC _B3_slice7-Ort.czi,old,glp1r,upper
467,22.0,17.727272727272727,390.0,B482_ARC _B3_slice7-Ort.czi,old,glp1r,upper
468,20.0,11.6,232.0,B482_ARC _B3_slice7-Ort.czi,old,glp1r,upper
469,23.0,12.565217391304348,289.0,B482_ARC _B3_slice7-Ort.czi,old,glp1r,upper
470,21.0,17.142857142857142,360.0,B482_ARC _B3_slice7-Ort.czi,old,glp1r,upper
471,3.0,17.333333333333332,52.0,B482_ARC _B3_slice7-Ort.czi,old,glp1r,upper
472,326.0,16.030674846625768,5226.0,B482_ARC _B3_slice7-Ort.czi,old,glp1r,upper
473,607.0,13.87479406919275,8422.0,B482_ARC _B3_slice7-Ort.czi,old,glp1r,upper
474,94.0,11.72340425531915,1102.0,B482_ARC _B3_slice7-Ort.czi,old,glp1r,upper
475,16.0,14.125,226.0,B482_ARC _B3_slice7-Ort.czi,old,glp1r,upper
476,1.0,14.0,14.0,B482_ARC _B3_slice7-Ort.czi,old,glp1r,upper
477,84.0,14.047619047619047,1180.0,B482_ARC _B3_slice7-Ort.czi,old,glp1r,upper
478,32.0,11.0625,354.0,B482_ARC _B3_slice7-Ort.czi,old,glp1r,upper
479,52.0,15.711538461538462,817.0,B482_ARC _B3_slice7-Ort.czi,old,glp1r,upper
480,238.0,12.546218487394958,2986.0,B482_ARC _B3_slice7-Ort.czi,old,glp1r,upper
481,127.0,16.661417322834644,2116.0,B482_ARC _B3_slice7-Ort.czi,old,glp1r,upper
482,1.0,9.0,9.0,B482_ARC _B3_slice7-Ort.czi,old,glp1r,upper
483,114.0,13.68421052631579,1560.0,B482_ARC _B3_slice7-Ort.czi,old,glp1r,upper
484,30.0,12.266666666666667,368.0,B482_ARC _B3_slice7-Ort.czi,old,glp1r,upper
485,25.0,13.16,329.0,B482_ARC _B3_slice7-Ort.czi,old,glp1r,upper
486,2.0,9.5,19.0,B482_ARC _B3_slice7-Ort.czi,old,glp1r,upper
487,22.0,14.045454545454545,309.0,B482_ARC _B3_slice7-Ort.czi,old,glp1r,upper
488,3.0,14.0,42.0,B482_ARC _B3_slice7-Ort.czi,old,glp1r,upper
489,69.0,13.521739130434783,933.0,B482_ARC _B3_slice7-Ort.czi,old,glp1r,upper
490,6.0,16.333333333333332,98.0,B482_ARC _B3_slice7-Ort.czi,old,glp1r,upper
491,160.0,11.86875,1899.0,B482_ARC _B3_slice7-Ort.czi,old,glp1r,upper
492,35.0,15.057142857142857,527.0,B482_ARC _B3_slice7-Ort.czi,old,glp1r,upper
493,49.0,12.142857142857142,595.0,B482_ARC _B3_slice7-Ort.czi,old,glp1r,upper
494,20.0,14.3,286.0,B482_ARC _B3_slice7-Ort.czi,old,glp1r,upper
495,141.0,15.460992907801419,2180.0,B482_ARC _B3_slice7-Ort.czi,old,glp1r,upper
496,9.0,28.444444444444443,256.0,B482_ARC _B3_slice7-Ort.czi,old,glp1r,upper
497,26.0,11.26923076923077,293.0,B482_ARC _B3_slice7-Ort.czi,old,glp1r,upper
498,8.0,12.625,101.0,B482_ARC _B3_slice7-Ort.czi,old,glp1r,upper
499,149.0,11.95973154362416,1782.0,B482_ARC _B3_slice7-Ort.czi,old,glp1r,upper
500,64.0,14.15625,906.0,B482_ARC _B3_slice7-Ort.czi,old,glp1r,upper
501,18.0,20.666666666666668,372.0,B482_ARC _B3_slice7-Ort.czi,old,glp1r,upper
502,38.0,13.81578947368421,525.0,B482_ARC _B3_slice7-Ort.czi,old,glp1r,upper
503,91.0,12.780219780219781,1163.0,B482_ARC _B3_slice7-Ort.czi,old,glp1r,upper
504,63.0,12.571428571428571,792.0,B482_ARC _B3_slice7-Ort.czi,old,glp1r,upper
505,22.0,10.318181818181818,227.0,B482_ARC _B3_slice7-Ort.czi,old,glp1r,upper
506,43.0,13.046511627906977,561.0,B482_ARC _B3_slice7-Ort.czi,old,glp1r,upper
507,1.0,10.0,10.0,B482_ARC _B3_slice7-Ort.czi,old,glp1r,upper
508,59.0,12.084745762711865,713.0,B482_ARC _B3_slice7-Ort.czi,old,glp1r,upper
509,77.0,14.311688311688311,1102.0,B482_ARC _B3_slice7-Ort.czi,old,glp1r,upper
510,6.0,12.5,75.0,B482_ARC _B3_slice7-Ort.czi,old,glp1r,upper
511,6.0,14.333333333333334,86.0,B482_ARC _B3_slice7-Ort.czi,old,glp1r,upper
512,405.0,15.725925925925926,6369.0,B482_ARC _B3_slice7-Ort.czi,old,glp1r,upper
513,18.0,14.0,252.0,B482_ARC _B3_slice7-Ort.czi,old,glp1r,upper
514,12.0,20.166666666666668,242.0,B482_ARC _B3_slice7-Ort.czi,old,glp1r,upper
515,312.0,13.099358974358974,4087.0,B482_ARC _B3_slice7-Ort.czi,old,glp1r,upper
516,79.0,14.949367088607595,1181.0,B482_ARC _B3_slice7-Ort.czi,old,glp1r,upper
517,1.0,11.0,11.0,B482_ARC _B3_slice7-Ort.czi,old,glp1r,upper
518,46.0,13.23913043478261,609.0,B482_ARC _B3_slice7-Ort.czi,old,glp1r,upper
519,30.0,14.1,423.0,B482_ARC _B3_slice7-Ort.czi,old,glp1r,upper
520,8.0,19.875,159.0,B482_ARC _B3_slice7-Ort.czi,old,glp1r,upper
521,41.0,12.634146341463415,518.0,B482_ARC _B3_slice7-Ort.czi,old,glp1r,upper
522,1.0,20.0,20.0,B482_ARC _B3_slice7-Ort.czi,old,glp1r,upper
523,17.0,13.294117647058824,226.0,B482_ARC _B3_slice7-Ort.czi,old,glp1r,upper
524,603.0,12.404643449419568,7480.0,B482_ARC _B3_slice7-Ort.czi,old,glp1r,upper
525,30.0,14.5,435.0,B482_ARC _B3_slice7-Ort.czi,old,glp1r,upper
526,2.0,14.0,28.0,B482_ARC _B3_slice7-Ort.czi,old,glp1r,upper
527,169.0,12.08284023668639,2042.0,B482_ARC _B3_slice7-Ort.czi,old,glp1r,upper
528,3.0,26.333333333333332,79.0,B482_ARC _B3_slice7-Ort.czi,old,glp1r,upper
529,8.0,12.0,96.0,B482_ARC _B3_slice7-Ort.czi,old,glp1r,upper
530,18.0,17.444444444444443,314.0,B482_ARC _B3_slice7-Ort.czi,old,glp1r,upper
531,64.0,13.421875,859.0,B482_ARC _B3_slice7-Ort.czi,old,glp1r,upper
532,38.0,18.526315789473685,704.0,B482_ARC _B3_slice7-Ort.czi,old,glp1r,upper
533,166.0,14.650602409638553,2432.0,B482_ARC _B3_slice7-Ort.czi,old,glp1r,upper
534,73.0,11.917808219178083,870.0,B482_ARC _B3_slice7-Ort.czi,old,glp1r,upper
535,86.0,13.383720930232558,1151.0,B482_ARC _B3_slice7-Ort.czi,old,glp1r,upper
536,37.0,13.513513513513514,500.0,B482_ARC _B3_slice7-Ort.czi,old,glp1r,upper
537,1.0,18.0,18.0,B482_ARC _B3_slice7-Ort.czi,old,glp1r,upper
538,7.0,16.142857142857142,113.0,B482_ARC _B3_slice7-Ort.czi,old,glp1r,upper
539,38.0,14.421052631578947,548.0,B482_ARC _B3_slice7-Ort.czi,old,glp1r,upper
540,40.0,13.75,550.0,B482_ARC _B3_slice7-Ort.czi,old,glp1r,upper
541,51.0,15.509803921568627,791.0,B482_ARC _B3_slice7-Ort.czi,old,glp1r,upper
542,147.0,14.047619047619047,2065.0,B482_ARC _B3_slice7-Ort.czi,old,glp1r,upper
543,85.0,14.788235294117648,1257.0,B482_ARC _B3_slice7-Ort.czi,old,glp1r,upper
544,29.0,12.620689655172415,366.0,B482_ARC _B3_slice7-Ort.czi,old,glp1r,upper
545,1.0,10.0,10.0,B482_ARC _B3_slice7-Ort.czi,old,glp1r,upper
546,38.0,17.289473684210527,657.0,B482_ARC _B3_slice7-Ort.czi,old,glp1r,upper
547,125.0,11.448,1431.0,B482_ARC _B3_slice7-Ort.czi,old,glp1r,upper
548,68.0,11.926470588235293,811.0,B482_ARC _B3_slice7-Ort.czi,old,glp1r,upper
549,7.0,15.857142857142858,111.0,B482_ARC _B3_slice7-Ort.czi,old,glp1r,upper
550,10.0,17.2,172.0,B482_ARC _B3_slice7-Ort.czi,old,glp1r,upper
551,150.0,12.033333333333333,1805.0,B482_ARC _B3_slice7-Ort.czi,old,glp1r,upper
552,30.0,16.733333333333334,502.0,B482_ARC _B3_slice7-Ort.czi,old,glp1r,upper
553,33.0,15.515151515151516,512.0,B482_ARC _B3_slice7-Ort.czi,old,glp1r,upper
554,25.0,10.44,261.0,B482_ARC _B3_slice7-Ort.czi,old,glp1r,upper
555,225.0,13.008888888888889,2927.0,B482_ARC _B3_slice7-Ort.czi,old,glp1r,upper
556,19.0,15.842105263157896,301.0,B482_ARC _B3_slice7-Ort.czi,old,glp1r,upper
557,319.0,13.33228840125392,4253.0,B482_ARC _B3_slice7-Ort.czi,old,glp1r,upper
558,67.0,14.253731343283581,955.0,B482_ARC _B3_slice7-Ort.czi,old,glp1r,upper
559,229.0,13.467248908296943,3084.0,B482_ARC _B3_slice7-Ort.czi,old,glp1r,upper
560,9.0,17.0,153.0,B482_ARC _B3_slice7-Ort.czi,old,glp1r,upper
561,14.0,14.5,203.0,B482_ARC _B3_slice7-Ort.czi,old,glp1r,upper
562,394.0,12.67005076142132,4992.0,B482_ARC _B3_slice7-Ort.czi,old,glp1r,upper
563,17.0,17.764705882352942,302.0,B482_ARC _B3_slice7-Ort.czi,old,glp1r,upper
564,47.0,18.170212765957448,854.0,B482_ARC _B3_slice7-Ort.czi,old,glp1r,upper
565,1.0,12.0,12.0,B482_ARC _B3_slice7-Ort.czi,old,glp1r,upper
566,5.0,16.2,81.0,B482_ARC _B3_slice7-Ort.czi,old,glp1r,upper
567,24.0,18.25,438.0,B482_ARC _B3_slice7-Ort.czi,old,glp1r,upper
568,38.0,25.86842105263158,983.0,B482_ARC _B3_slice7-Ort.czi,old,glp1r,upper
569,4.0,9.25,37.0,B482_ARC _B3_slice7-Ort.czi,old,glp1r,upper
570,45.0,13.733333333333333,618.0,B482_ARC _B3_slice7-Ort.czi,old,glp1r,upper
571,16.0,19.75,316.0,B482_ARC _B3_slice7-Ort.czi,old,glp1r,upper
572,9.0,20.333333333333332,183.0,B482_ARC _B3_slice7-Ort.czi,old,glp1r,upper
573,6.0,12.333333333333334,74.0,B482_ARC _B3_slice7-Ort.czi,old,glp1r,upper
574,345.0,14.802898550724638,5107.0,B482_ARC _B3_slice7-Ort.czi,old,glp1r,upper
575,176.0,15.727272727272727,2768.0,B482_ARC _B3_slice7-Ort.czi,old,glp1r,upper
576,28.0,19.178571428571427,537.0,B482_ARC _B3_slice7-Ort.czi,old,glp1r,upper
577,54.0,14.74074074074074,796.0,B482_ARC _B3_slice7-Ort.czi,old,glp1r,upper
578,142.0,15.183098591549296,2156.0,B482_ARC _B3_slice7-Ort.czi,old,glp1r,upper
579,120.0,14.008333333333333,1681.0,B482_ARC _B3_slice7-Ort.czi,old,glp1r,upper
580,25.0,14.04,351.0,B482_ARC _B3_slice7-Ort.czi,old,glp1r,upper
581,13.0,15.307692307692308,199.0,B482_ARC _B3_slice7-Ort.czi,old,glp1r,upper
582,25.0,12.56,314.0,B482_ARC _B3_slice7-Ort.czi,old,glp1r,upper
583,3.0,15.666666666666666,47.0,B482_ARC _B3_slice7-Ort.czi,old,glp1r,upper
584,75.0,14.906666666666666,1118.0,B482_ARC _B3_slice7-Ort.czi,old,glp1r,upper
585,100.0,14.86,1486.0,B482_ARC _B3_slice7-Ort.czi,old,glp1r,upper
586,18.0,16.0,288.0,B482_ARC _B3_slice7-Ort.czi,old,glp1r,upper
587,177.0,14.19774011299435,2513.0,B482_ARC _B3_slice7-Ort.czi,old,glp1r,upper
588,20.0,11.75,235.0,B482_ARC _B3_slice7-Ort.czi,old,glp1r,upper
589,34.0,21.705882352941178,738.0,B482_ARC _B3_slice7-Ort.czi,old,glp1r,upper
590,180.0,17.322222222222223,3118.0,B482_ARC _B3_slice7-Ort.czi,old,glp1r,upper
591,13.0,12.615384615384615,164.0,B482_ARC _B3_slice7-Ort.czi,old,glp1r,upper
592,22.0,13.545454545454545,298.0,B482_ARC _B3_slice7-Ort.czi,old,glp1r,upper
593,157.0,13.089171974522293,2055.0,B482_ARC _B3_slice7-Ort.czi,old,glp1r,upper
594,18.0,13.222222222222221,238.0,B482_ARC _B3_slice7-Ort.czi,old,glp1r,upper
595,169.0,13.55621301775148,2291.0,B482_ARC _B3_slice7-Ort.czi,old,glp1r,upper
596,9.0,12.555555555555555,113.0,B482_ARC _B3_slice7-Ort.czi,old,glp1r,upper
597,57.0,16.05263157894737,915.0000000000001,B482_ARC _B3_slice7-Ort.czi,old,glp1r,upper
598,123.0,13.666666666666666,1681.0,B482_ARC _B3_slice7-Ort.czi,old,glp1r,upper
599,44.0,14.318181818181818,630.0,B482_ARC _B3_slice7-Ort.czi,old,glp1r,upper
600,19.0,12.421052631578947,236.0,B482_ARC _B3_slice7-Ort.czi,old,glp1r,upper
601,39.0,16.974358974358974,662.0,B482_ARC _B3_slice7-Ort.czi,old,glp1r,upper
602,40.0,12.075,483.0,B482_ARC _B3_slice7-Ort.czi,old,glp1r,upper
603,418.0,29.69377990430622,12412.0,B482_ARC _B3_slice7-Ort.czi,old,glp1r,upper
604,13.0,16.0,208.0,B482_ARC _B3_slice7-Ort.czi,old,glp1r,upper
605,32.0,14.8125,474.0,B482_ARC _B3_slice7-Ort.czi,old,glp1r,upper
606,36.0,14.805555555555555,533.0,B482_ARC _B3_slice7-Ort.czi,old,glp1r,upper
607,298.0,13.208053691275168,3936.0,B482_ARC _B3_slice7-Ort.czi,old,glp1r,upper
608,23.0,12.565217391304348,289.0,B482_ARC _B3_slice7-Ort.czi,old,glp1r,upper
609,1.0,5.0,5.0,B482_ARC _B3_slice7-Ort.czi,old,glp1r,upper
610,103.0,12.640776699029127,1302.0,B482_ARC _B3_slice7-Ort.czi,old,glp1r,upper
611,44.0,13.340909090909092,587.0,B482_ARC _B3_slice7-Ort.czi,old,glp1r,upper
612,6.0,12.166666666666666,73.0,B482_ARC _B3_slice7-Ort.czi,old,glp1r,upper
613,33.0,13.424242424242424,443.0,B482_ARC _B3_slice7-Ort.czi,old,glp1r,upper
614,31.0,18.0,558.0,B482_ARC _B3_slice7-Ort.czi,old,glp1r,upper
615,8.0,13.75,110.0,B482_ARC _B3_slice7-Ort.czi,old,glp1r,upper
616,8.0,10.875,87.0,B482_ARC _B3_slice7-Ort.czi,old,glp1r,upper
617,70.0,14.057142857142857,984.0,B482_ARC _B3_slice7-Ort.czi,old,glp1r,upper
618,33.0,14.666666666666666,484.0,B482_ARC _B3_slice7-Ort.czi,old,glp1r,upper
619,21.0,18.714285714285715,393.0,B482_ARC _B3_slice7-Ort.czi,old,glp1r,upper
620,6.0,10.666666666666666,64.0,B482_ARC _B3_slice7-Ort.czi,old,glp1r,upper
621,21.0,14.714285714285714,309.0,B482_ARC _B3_slice7-Ort.czi,old,glp1r,upper
622,16.0,16.5625,265.0,B482_ARC _B3_slice7-Ort.czi,old,glp1r,upper
623,6.0,19.5,117.0,B482_ARC _B3_slice7-Ort.czi,old,glp1r,upper
624,37.0,13.27027027027027,491.0,B482_ARC _B3_slice7-Ort.czi,old,glp1r,upper
625,47.0,13.957446808510639,656.0,B482_ARC _B3_slice7-Ort.czi,old,glp1r,upper
626,11.0,20.545454545454547,226.0,B482_ARC _B3_slice7-Ort.czi,old,glp1r,upper
627,234.0,13.901709401709402,3253.0,B482_ARC _B3_slice7-Ort.czi,old,glp1r,upper
628,1.0,22.0,22.0,B482_ARC _B3_slice7-Ort.czi,old,glp1r,upper
629,9.0,17.444444444444443,157.0,B482_ARC _B3_slice7-Ort.czi,old,glp1r,upper
630,23.0,15.0,345.0,B482_ARC _B3_slice7-Ort.czi,old,glp1r,upper
631,19.0,11.842105263157896,225.00000000000003,B482_ARC _B3_slice7-Ort.czi,old,glp1r,upper
632,10.0,16.2,162.0,B482_ARC _B3_slice7-Ort.czi,old,glp1r,upper
633,1.0,8.0,8.0,B482_ARC _B3_slice7-Ort.czi,old,glp1r,upper
634,1.0,13.0,13.0,B482_ARC _B3_slice7-Ort.czi,old,glp1r,upper
635,14.0,12.071428571428571,169.0,B482_ARC _B3_slice7-Ort.czi,old,glp1r,upper
636,27.0,14.25925925925926,385.0,B482_ARC _B3_slice7-Ort.czi,old,glp1r,upper
637,9006.0,12.787363979569177,115163.00000000001,B482_ARC _B3_slice7-Ort.czi,old,glp1r,upper
638,70.0,15.342857142857143,1074.0,B482_ARC _B3_slice7-Ort.czi,old,glp1r,upper
639,42.0,19.61904761904762,824.0,B482_ARC _B3_slice7-Ort.czi,old,glp1r,upper
640,35.0,20.62857142857143,722.0,B482_ARC _B3_slice7-Ort.czi,old,glp1r,upper
641,26.0,15.192307692307692,395.0,B482_ARC _B3_slice7-Ort.czi,old,glp1r,upper
642,26.0,12.0,312.0,B482_ARC _B3_slice7-Ort.czi,old,glp1r,upper
643,941.0,12.287991498405951,11563.0,B482_ARC _B3_slice7-Ort.czi,old,glp1r,upper
644,33.0,12.515151515151516,413.0,B482_ARC _B3_slice7-Ort.czi,old,glp1r,upper
645,32.0,18.8125,602.0,B482_ARC _B3_slice7-Ort.czi,old,glp1r,upper
646,29.0,17.03448275862069,494.0,B482_ARC _B3_slice7-Ort.czi,old,glp1r,upper
647,99.0,13.686868686868687,1355.0,B482_ARC _B3_slice7-Ort.czi,old,glp1r,upper
648,13.0,16.307692307692307,212.0,B482_ARC _B3_slice7-Ort.czi,old,glp1r,upper
649,10.0,13.8,138.0,B482_ARC _B3_slice7-Ort.czi,old,glp1r,upper
650,24.0,11.458333333333334,275.0,B482_ARC _B3_slice7-Ort.czi,old,glp1r,upper
651,36.0,18.916666666666668,681.0,B482_ARC _B3_slice7-Ort.czi,old,glp1r,upper
652,21.0,14.285714285714286,300.0,B482_ARC _B3_slice7-Ort.czi,old,glp1r,upper
653,43.0,14.581395348837209,627.0,B482_ARC _B3_slice7-Ort.czi,old,glp1r,upper
654,153.0,17.947712418300654,2746.0,B482_ARC _B3_slice7-Ort.czi,old,glp1r,upper
655,42.0,17.166666666666668,721.0,B482_ARC _B3_slice7-Ort.czi,old,glp1r,upper
656,12.0,14.833333333333334,178.0,B482_ARC _B3_slice7-Ort.czi,old,glp1r,upper
657,23.0,18.26086956521739,420.0,B482_ARC _B3_slice7-Ort.czi,old,glp1r,upper
658,13.0,13.538461538461538,176.0,B482_ARC _B3_slice7-Ort.czi,old,glp1r,upper
659,117.0,11.965811965811966,1400.0,B482_ARC _B3_slice7-Ort.czi,old,glp1r,upper
660,158.0,13.265822784810126,2096.0,B482_ARC _B3_slice7-Ort.czi,old,glp1r,upper
661,30.0,14.533333333333333,436.0,B482_ARC _B3_slice7-Ort.czi,old,glp1r,upper
662,23.0,14.695652173913043,338.0,B482_ARC _B3_slice7-Ort.czi,old,glp1r,upper
663,5.0,14.8,74.0,B482_ARC _B3_slice7-Ort.czi,old,glp1r,upper
664,46.0,11.434782608695652,526.0,B482_ARC _B3_slice7-Ort.czi,old,glp1r,upper
665,25.0,12.6,315.0,B482_ARC _B3_slice7-Ort.czi,old,glp1r,upper
666,90.0,12.944444444444445,1165.0,B482_ARC _B3_slice7-Ort.czi,old,glp1r,upper
667,75.0,11.626666666666667,872.0,B482_ARC _B3_slice7-Ort.czi,old,glp1r,upper
668,6.0,10.833333333333334,65.0,B482_ARC _B3_slice7-Ort.czi,old,glp1r,upper
669,27.0,15.185185185185185,410.0,B482_ARC _B3_slice7-Ort.czi,old,glp1r,upper
670,2.0,26.0,52.0,B482_ARC _B3_slice7-Ort.czi,old,glp1r,upper
671,32.0,14.625,468.0,B482_ARC _B3_slice7-Ort.czi,old,glp1r,upper
672,1.0,15.0,15.0,B482_ARC _B3_slice7-Ort.czi,old,glp1r,upper
673,9.0,16.77777777777778,151.0,B482_ARC _B3_slice7-Ort.czi,old,glp1r,upper
674,96.0,12.03125,1155.0,B482_ARC _B3_slice7-Ort.czi,old,glp1r,upper
675,14.0,11.428571428571429,160.0,B482_ARC _B3_slice7-Ort.czi,old,glp1r,upper
676,3.0,10.0,30.0,B482_ARC _B3_slice7-Ort.czi,old,glp1r,upper
677,12.0,21.166666666666668,254.0,B482_ARC _B3_slice7-Ort.czi,old,glp1r,upper
678,19.0,14.0,266.0,B482_ARC _B3_slice7-Ort.czi,old,glp1r,upper
679,37.0,15.216216216216216,563.0,B482_ARC _B3_slice7-Ort.czi,old,glp1r,upper
680,38.0,16.394736842105264,623.0,B482_ARC _B3_slice7-Ort.czi,old,glp1r,upper
681,29.0,36.689655172413794,1064.0,B482_ARC _B3_slice7-Ort.czi,old,glp1r,upper
682,102.0,11.764705882352942,1200.0,B482_ARC _B3_slice7-Ort.czi,old,glp1r,upper
683,12.0,15.0,180.0,B482_ARC _B3_slice7-Ort.czi,old,glp1r,upper
684,49.0,13.489795918367347,661.0,B482_ARC _B3_slice7-Ort.czi,old,glp1r,upper
685,7.0,13.428571428571429,94.0,B482_ARC _B3_slice7-Ort.czi,old,glp1r,upper
686,116.0,13.862068965517242,1608.0,B482_ARC _B3_slice7-Ort.czi,old,glp1r,upper
687,5369.0,11.420934997206183,61319.0,B482_ARC _B3_slice7-Ort.czi,old,glp1r,upper
688,11598.0,11.802207277116745,136882.0,B482_ARC _B3_slice7-Ort.czi,old,glp1r,upper
689,57.0,15.912280701754385,907.0,B482_ARC _B3_slice7-Ort.czi,old,glp1r,upper
690,25.0,17.56,438.99999999999994,B482_ARC _B3_slice7-Ort.czi,old,glp1r,upper
691,48.0,14.208333333333334,682.0,B482_ARC _B3_slice7-Ort.czi,old,glp1r,upper
692,8.0,13.875,111.0,B482_ARC _B3_slice7-Ort.czi,old,glp1r,upper
693,24.0,14.666666666666666,352.0,B482_ARC _B3_slice7-Ort.czi,old,glp1r,upper
694,37.0,12.783783783783784,473.0,B482_ARC _B3_slice7-Ort.czi,old,glp1r,upper
695,63.0,12.65079365079365,797.0,B482_ARC _B3_slice7-Ort.czi,old,glp1r,upper
696,22.0,14.909090909090908,328.0,B482_ARC _B3_slice7-Ort.czi,old,glp1r,upper
697,1791.0,11.567280848687885,20717.0,B482_ARC _B3_slice7-Ort.czi,old,glp1r,upper
698,37.0,13.594594594594595,503.0,B482_ARC _B3_slice7-Ort.czi,old,glp1r,upper
699,35.0,13.114285714285714,459.0,B482_ARC _B3_slice7-Ort.czi,old,glp1r,upper
700,67.0,12.164179104477611,815.0,B482_ARC _B3_slice7-Ort.czi,old,glp1r,upper
701,29.0,12.758620689655173,370.0,B482_ARC _B3_slice7-Ort.czi,old,glp1r,upper
702,41.0,11.951219512195122,490.0,B482_ARC _B3_slice7-Ort.czi,old,glp1r,upper
703,14.0,12.428571428571429,174.0,B482_ARC _B3_slice7-Ort.czi,old,glp1r,upper
704,82.0,12.695121951219512,1041.0,B482_ARC _B3_slice7-Ort.czi,old,glp1r,upper
705,2.0,11.0,22.0,B482_ARC _B3_slice7-Ort.czi,old,glp1r,upper
706,67.0,14.223880597014926,953.0,B482_ARC _B3_slice7-Ort.czi,old,glp1r,upper
707,417.0,15.350119904076738,6401.0,B482_ARC _B3_slice7-Ort.czi,old,glp1r,upper
708,185.0,14.010810810810812,2592.0,B482_ARC _B3_slice7-Ort.czi,old,glp1r,upper
709,76.0,12.907894736842104,980.9999999999999,B482_ARC _B3_slice7-Ort.czi,old,glp1r,upper
710,102.0,13.362745098039216,1363.0,B482_ARC _B3_slice7-Ort.czi,old,glp1r,upper
711,71.0,13.140845070422536,933.0,B482_ARC _B3_slice7-Ort.czi,old,glp1r,upper
712,1.0,12.0,12.0,B482_ARC _B3_slice7-Ort.czi,old,glp1r,upper
713,1167.0,11.941730934018851,13936.0,B482_ARC _B3_slice7-Ort.czi,old,glp1r,upper
714,27.0,13.481481481481481,364.0,B482_ARC _B3_slice7-Ort.czi,old,glp1r,upper
715,43.0,12.372093023255815,532.0,B482_ARC _B3_slice7-Ort.czi,old,glp1r,upper
716,51.0,11.901960784313726,607.0,B482_ARC _B3_slice7-Ort.czi,old,glp1r,upper
717,33.0,13.030303030303031,430.0,B482_ARC _B3_slice7-Ort.czi,old,glp1r,upper
718,941.0,12.742826780021254,11991.0,B482_ARC _B3_slice7-Ort.czi,old,glp1r,upper
719,17.0,12.176470588235293,207.0,B482_ARC _B3_slice7-Ort.czi,old,glp1r,upper
720,41.0,13.926829268292684,571.0,B482_ARC _B3_slice7-Ort.czi,old,glp1r,upper
721,6.0,13.333333333333334,80.0,B482_ARC _B3_slice7-Ort.czi,old,glp1r,upper
722,22.0,12.818181818181818,282.0,B482_ARC _B3_slice7-Ort.czi,old,glp1r,upper
723,2.0,17.5,35.0,B482_ARC _B3_slice7-Ort.czi,old,glp1r,upper
724,23.0,12.173913043478262,280.0,B482_ARC _B3_slice7-Ort.czi,old,glp1r,upper
725,46.0,16.456521739130434,757.0,B482_ARC _B3_slice7-Ort.czi,old,glp1r,upper
726,166.0,14.180722891566266,2354.0,B482_ARC _B3_slice7-Ort.czi,old,glp1r,upper
727,42.0,12.642857142857142,531.0,B482_ARC _B3_slice7-Ort.czi,old,glp1r,upper
728,82.0,13.451219512195122,1103.0,B482_ARC _B3_slice7-Ort.czi,old,glp1r,upper
729,44.0,12.931818181818182,569.0,B482_ARC _B3_slice7-Ort.czi,old,glp1r,upper
730,4.0,16.0,64.0,B482_ARC _B3_slice7-Ort.czi,old,glp1r,upper
731,1.0,9.0,9.0,B482_ARC _B3_slice7-Ort.czi,old,glp1r,upper
732,88.0,12.181818181818182,1072.0,B482_ARC _B3_slice7-Ort.czi,old,glp1r,upper
733,34.0,13.382352941176471,455.0,B482_ARC _B3_slice7-Ort.czi,old,glp1r,upper
734,14.0,17.428571428571427,243.99999999999997,B482_ARC _B3_slice7-Ort.czi,old,glp1r,upper
735,52.0,13.73076923076923,714.0,B482_ARC _B3_slice7-Ort.czi,old,glp1r,upper
736,16.0,15.625,250.0,B482_ARC _B3_slice7-Ort.czi,old,glp1r,upper
737,11.0,10.909090909090908,119.99999999999999,B482_ARC _B3_slice7-Ort.czi,old,glp1r,upper
738,11.0,13.909090909090908,153.0,B482_ARC _B3_slice7-Ort.czi,old,glp1r,upper
739,19.0,17.05263157894737,324.0,B482_ARC _B3_slice7-Ort.czi,old,glp1r,upper
740,35.0,10.2,357.0,B482_ARC _B3_slice7-Ort.czi,old,glp1r,upper
741,17.0,13.352941176470589,227.0,B482_ARC _B3_slice7-Ort.czi,old,glp1r,upper
742,27.0,21.37037037037037,577.0,B482_ARC _B3_slice7-Ort.czi,old,glp1r,upper
743,30.0,13.066666666666666,392.0,B482_ARC _B3_slice7-Ort.czi,old,glp1r,upper
744,27.0,14.222222222222221,384.0,B482_ARC _B3_slice7-Ort.czi,old,glp1r,upper
745,25.0,11.92,298.0,B482_ARC _B3_slice7-Ort.czi,old,glp1r,upper
746,36.0,16.27777777777778,586.0,B482_ARC _B3_slice7-Ort.czi,old,glp1r,upper
747,1.0,17.0,17.0,B482_ARC _B3_slice7-Ort.czi,old,glp1r,upper
748,32.0,16.8125,538.0,B482_ARC _B3_slice7-Ort.czi,old,glp1r,upper
749,79.0,15.08860759493671,1192.0,B482_ARC _B3_slice7-Ort.czi,old,glp1r,upper
750,43.0,19.906976744186046,856.0,B482_ARC _B3_slice7-Ort.czi,old,glp1r,upper
751,1.0,14.0,14.0,B482_ARC _B3_slice7-Ort.czi,old,glp1r,upper
752,153.0,13.359477124183007,2044.0,B482_ARC _B3_slice7-Ort.czi,old,glp1r,upper
753,149.0,13.308724832214764,1983.0,B482_ARC _B3_slice7-Ort.czi,old,glp1r,upper
754,90.0,12.733333333333333,1146.0,B482_ARC _B3_slice7-Ort.czi,old,glp1r,upper
755,9.0,11.11111111111111,100.0,B482_ARC _B3_slice7-Ort.czi,old,glp1r,upper
756,44.0,14.068181818181818,619.0,B482_ARC _B3_slice7-Ort.czi,old,glp1r,upper
757,5.0,6.6,33.0,B482_ARC _B3_slice7-Ort.czi,old,glp1r,upper
758,123.0,13.853658536585366,1704.0,B482_ARC _B3_slice7-Ort.czi,old,glp1r,upper
759,15.0,15.2,228.0,B482_ARC _B3_slice7-Ort.czi,old,glp1r,upper
760,5.0,12.2,61.0,B482_ARC _B3_slice7-Ort.czi,old,glp1r,upper
761,8.0,17.125,137.0,B482_ARC _B3_slice7-Ort.czi,old,glp1r,upper
762,12.0,14.083333333333334,169.0,B482_ARC _B3_slice7-Ort.czi,old,glp1r,upper
763,29.0,18.137931034482758,526.0,B482_ARC _B3_slice7-Ort.czi,old,glp1r,upper
764,57.0,11.789473684210526,672.0,B482_ARC _B3_slice7-Ort.czi,old,glp1r,upper
765,41.0,13.146341463414634,539.0,B482_ARC _B3_slice7-Ort.czi,old,glp1r,upper
766,24.0,14.541666666666666,349.0,B482_ARC _B3_slice7-Ort.czi,old,glp1r,upper
767,24.0,11.916666666666666,286.0,B482_ARC _B3_slice7-Ort.czi,old,glp1r,upper
768,97.0,12.793814432989691,1241.0,B482_ARC _B3_slice7-Ort.czi,old,glp1r,upper
769,89.0,13.0,1157.0,B482_ARC _B3_slice7-Ort.czi,old,glp1r,upper
770,17.0,15.588235294117647,265.0,B482_ARC _B3_slice7-Ort.czi,old,glp1r,upper
771,12.0,13.75,165.0,B482_ARC _B3_slice7-Ort.czi,old,glp1r,upper
772,209.0,13.401913875598087,2801.0,B482_ARC _B3_slice7-Ort.czi,old,glp1r,upper
773,548.0,12.054744525547445,6606.0,B482_ARC _B3_slice7-Ort.czi,old,glp1r,upper
774,60.0,12.85,771.0,B482_ARC _B3_slice7-Ort.czi,old,glp1r,upper
1,41.0,8.170731707317072,334.99999999999994,F656_ARC _B3_slice4-Ort.czi,old,glp1r,upper
2,71.0,7.915492957746479,562.0,F656_ARC _B3_slice4-Ort.czi,old,glp1r,upper
3,111.0,9.162162162162161,1016.9999999999999,F656_ARC _B3_slice4-Ort.czi,old,glp1r,upper
4,67.0,9.716417910447761,651.0,F656_ARC _B3_slice4-Ort.czi,old,glp1r,upper
5,15.0,10.866666666666667,163.0,F656_ARC _B3_slice4-Ort.czi,old,glp1r,upper
6,26.0,9.192307692307692,238.99999999999997,F656_ARC _B3_slice4-Ort.czi,old,glp1r,upper
7,1.0,6.0,6.0,F656_ARC _B3_slice4-Ort.czi,old,glp1r,upper
8,1.0,7.0,7.0,F656_ARC _B3_slice4-Ort.czi,old,glp1r,upper
9,38.0,9.81578947368421,373.0,F656_ARC _B3_slice4-Ort.czi,old,glp1r,upper
10,29.0,9.344827586206897,271.0,F656_ARC _B3_slice4-Ort.czi,old,glp1r,upper
11,70.0,7.628571428571429,534.0,F656_ARC _B3_slice4-Ort.czi,old,glp1r,upper
12,5.0,8.0,40.0,F656_ARC _B3_slice4-Ort.czi,old,glp1r,upper
13,36.0,11.416666666666666,411.0,F656_ARC _B3_slice4-Ort.czi,old,glp1r,upper
14,100.0,8.8,880.0000000000001,F656_ARC _B3_slice4-Ort.czi,old,glp1r,upper
15,30.0,8.0,240.0,F656_ARC _B3_slice4-Ort.czi,old,glp1r,upper
16,190.0,9.047368421052632,1719.0,F656_ARC _B3_slice4-Ort.czi,old,glp1r,upper
17,29.0,10.620689655172415,308.0,F656_ARC _B3_slice4-Ort.czi,old,glp1r,upper
18,26.0,9.346153846153847,243.0,F656_ARC _B3_slice4-Ort.czi,old,glp1r,upper
19,100.0,19.26,1926.0000000000002,F656_ARC _B3_slice4-Ort.czi,old,glp1r,upper
20,45.0,8.622222222222222,388.0,F656_ARC _B3_slice4-Ort.czi,old,glp1r,upper
21,40.0,8.025,321.0,F656_ARC _B3_slice4-Ort.czi,old,glp1r,upper
22,2.0,6.5,13.0,F656_ARC _B3_slice4-Ort.czi,old,glp1r,upper
23,45.0,9.222222222222221,414.99999999999994,F656_ARC _B3_slice4-Ort.czi,old,glp1r,upper
24,42.0,8.904761904761905,374.0,F656_ARC _B3_slice4-Ort.czi,old,glp1r,upper
25,957.0,8.635318704284222,8264.0,F656_ARC _B3_slice4-Ort.czi,old,glp1r,upper
26,16.0,9.4375,151.0,F656_ARC _B3_slice4-Ort.czi,old,glp1r,upper
27,37.0,8.35135135135135,309.0,F656_ARC _B3_slice4-Ort.czi,old,glp1r,upper
28,5.0,14.2,71.0,F656_ARC _B3_slice4-Ort.czi,old,glp1r,upper
29,9.0,25.444444444444443,229.0,F656_ARC _B3_slice4-Ort.czi,old,glp1r,upper
30,26.0,7.423076923076923,193.0,F656_ARC _B3_slice4-Ort.czi,old,glp1r,upper
31,72.0,12.63888888888889,910.0,F656_ARC _B3_slice4-Ort.czi,old,glp1r,upper
32,1.0,8.0,8.0,F656_ARC _B3_slice4-Ort.czi,old,glp1r,upper
33,84.0,8.952380952380953,752.0,F656_ARC _B3_slice4-Ort.czi,old,glp1r,upper
34,693.0,8.668109668109668,6007.0,F656_ARC _B3_slice4-Ort.czi,old,glp1r,upper
35,1222.0,7.741407528641571,9460.0,F656_ARC _B3_slice4-Ort.czi,old,glp1r,upper
36,1.0,10.0,10.0,F656_ARC _B3_slice4-Ort.czi,old,glp1r,upper
37,2748.0,9.444687045123727,25954.000000000004,F656_ARC _B3_slice4-Ort.czi,old,glp1r,upper
38,62.0,10.403225806451612,645.0,F656_ARC _B3_slice4-Ort.czi,old,glp1r,upper
39,67.0,9.985074626865671,669.0,F656_ARC _B3_slice4-Ort.czi,old,glp1r,upper
40,45.0,13.577777777777778,611.0,F656_ARC _B3_slice4-Ort.czi,old,glp1r,upper
41,17.0,10.647058823529411,181.0,F656_ARC _B3_slice4-Ort.czi,old,glp1r,upper
42,54.0,9.425925925925926,509.0,F656_ARC _B3_slice4-Ort.czi,old,glp1r,upper
43,31.0,7.451612903225806,231.0,F656_ARC _B3_slice4-Ort.czi,old,glp1r,upper
44,26.0,9.961538461538462,259.0,F656_ARC _B3_slice4-Ort.czi,old,glp1r,upper
45,33.0,9.545454545454545,315.0,F656_ARC _B3_slice4-Ort.czi,old,glp1r,upper
46,22.0,7.363636363636363,162.0,F656_ARC _B3_slice4-Ort.czi,old,glp1r,upper
47,26.0,9.307692307692308,242.00000000000003,F656_ARC _B3_slice4-Ort.czi,old,glp1r,upper
48,82.0,9.231707317073171,757.0,F656_ARC _B3_slice4-Ort.czi,old,glp1r,upper
49,40.0,9.225,369.0,F656_ARC _B3_slice4-Ort.czi,old,glp1r,upper
50,4.0,8.5,34.0,F656_ARC _B3_slice4-Ort.czi,old,glp1r,upper
51,83.0,11.481927710843374,953.0,F656_ARC _B3_slice4-Ort.czi,old,glp1r,upper
52,88.0,8.829545454545455,777.0,F656_ARC _B3_slice4-Ort.czi,old,glp1r,upper
53,1710.0,9.503508771929825,16251.0,F656_ARC _B3_slice4-Ort.czi,old,glp1r,upper
54,213.0,11.23943661971831,2394.0,F656_ARC _B3_slice4-Ort.czi,old,glp1r,upper
55,14.0,11.0,154.0,F656_ARC _B3_slice4-Ort.czi,old,glp1r,upper
56,23.0,9.608695652173912,220.99999999999997,F656_ARC _B3_slice4-Ort.czi,old,glp1r,upper
57,7.0,13.142857142857142,92.0,F656_ARC _B3_slice4-Ort.czi,old,glp1r,upper
58,39.0,9.538461538461538,372.0,F656_ARC _B3_slice4-Ort.czi,old,glp1r,upper
59,23.0,10.217391304347826,235.0,F656_ARC _B3_slice4-Ort.czi,old,glp1r,upper
60,61.0,9.032786885245901,551.0,F656_ARC _B3_slice4-Ort.czi,old,glp1r,upper
61,26.0,10.153846153846153,264.0,F656_ARC _B3_slice4-Ort.czi,old,glp1r,upper
62,24.0,12.166666666666666,292.0,F656_ARC _B3_slice4-Ort.czi,old,glp1r,upper
63,19.0,12.263157894736842,233.0,F656_ARC _B3_slice4-Ort.czi,old,glp1r,upper
64,8.0,14.75,118.0,F656_ARC _B3_slice4-Ort.czi,old,glp1r,upper
65,3.0,6.0,18.0,F656_ARC _B3_slice4-Ort.czi,old,glp1r,upper
66,52.0,9.038461538461538,470.0,F656_ARC _B3_slice4-Ort.czi,old,glp1r,upper
67,15.0,9.733333333333333,146.0,F656_ARC _B3_slice4-Ort.czi,old,glp1r,upper
68,3.0,7.666666666666667,23.0,F656_ARC _B3_slice4-Ort.czi,old,glp1r,upper
69,175.0,8.217142857142857,1438.0,F656_ARC _B3_slice4-Ort.czi,old,glp1r,upper
70,42.0,10.619047619047619,446.0,F656_ARC _B3_slice4-Ort.czi,old,glp1r,upper
71,60.0,8.716666666666667,523.0,F656_ARC _B3_slice4-Ort.czi,old,glp1r,upper
72,3.0,8.666666666666666,26.0,F656_ARC _B3_slice4-Ort.czi,old,glp1r,upper
73,1.0,9.0,9.0,F656_ARC _B3_slice4-Ort.czi,old,glp1r,upper
74,16.0,8.9375,143.0,F656_ARC _B3_slice4-Ort.czi,old,glp1r,upper
75,246.0,8.666666666666666,2132.0,F656_ARC _B3_slice4-Ort.czi,old,glp1r,upper
76,10.0,15.1,151.0,F656_ARC _B3_slice4-Ort.czi,old,glp1r,upper
77,57.0,8.368421052631579,477.0,F656_ARC _B3_slice4-Ort.czi,old,glp1r,upper
78,47.0,12.53191489361702,589.0,F656_ARC _B3_slice4-Ort.czi,old,glp1r,upper
79,8.0,9.25,74.0,F656_ARC _B3_slice4-Ort.czi,old,glp1r,upper
80,11.0,9.0,99.0,F656_ARC _B3_slice4-Ort.czi,old,glp1r,upper
81,1.0,6.0,6.0,F656_ARC _B3_slice4-Ort.czi,old,glp1r,upper
82,71.0,9.732394366197184,691.0,F656_ARC _B3_slice4-Ort.czi,old,glp1r,upper
83,11.0,12.272727272727273,135.0,F656_ARC _B3_slice4-Ort.czi,old,glp1r,upper
84,35.0,22.37142857142857,783.0,F656_ARC _B3_slice4-Ort.czi,old,glp1r,upper
85,33.0,8.303030303030303,274.0,F656_ARC _B3_slice4-Ort.czi,old,glp1r,upper
86,34.0,8.588235294117647,292.0,F656_ARC _B3_slice4-Ort.czi,old,glp1r,upper
87,1.0,7.0,7.0,F656_ARC _B3_slice4-Ort.czi,old,glp1r,upper
88,14.0,8.214285714285714,114.99999999999999,F656_ARC _B3_slice4-Ort.czi,old,glp1r,upper
89,14.0,11.0,154.0,F656_ARC _B3_slice4-Ort.czi,old,glp1r,upper
90,1.0,8.0,8.0,F656_ARC _B3_slice4-Ort.czi,old,glp1r,upper
91,13.0,8.23076923076923,106.99999999999999,F656_ARC _B3_slice4-Ort.czi,old,glp1r,upper
92,1.0,7.0,7.0,F656_ARC _B3_slice4-Ort.czi,old,glp1r,upper
93,29.0,19.379310344827587,562.0,F656_ARC _B3_slice4-Ort.czi,old,glp1r,upper
94,26.0,10.038461538461538,261.0,F656_ARC _B3_slice4-Ort.czi,old,glp1r,upper
95,11.0,7.545454545454546,83.0,F656_ARC _B3_slice4-Ort.czi,old,glp1r,upper
96,62.0,8.725806451612904,541.0,F656_ARC _B3_slice4-Ort.czi,old,glp1r,upper
97,51.0,10.098039215686274,515.0,F656_ARC _B3_slice4-Ort.czi,old,glp1r,upper
98,36.0,8.305555555555555,299.0,F656_ARC _B3_slice4-Ort.czi,old,glp1r,upper
99,12.0,13.5,162.0,F656_ARC _B3_slice4-Ort.czi,old,glp1r,upper
100,27.0,9.481481481481481,256.0,F656_ARC _B3_slice4-Ort.czi,old,glp1r,upper
101,6.0,34.5,207.0,F656_ARC _B3_slice4-Ort.czi,old,glp1r,upper
102,16.0,10.875,174.0,F656_ARC _B3_slice4-Ort.czi,old,glp1r,upper
103,84.0,9.380952380952381,788.0,F656_ARC _B3_slice4-Ort.czi,old,glp1r,upper
104,91.0,8.791208791208792,800.0000000000001,F656_ARC _B3_slice4-Ort.czi,old,glp1r,upper
105,27.0,8.222222222222221,221.99999999999997,F656_ARC _B3_slice4-Ort.czi,old,glp1r,upper
106,14.0,23.071428571428573,323.0,F656_ARC _B3_slice4-Ort.czi,old,glp1r,upper
107,42.0,8.357142857142858,351.0,F656_ARC _B3_slice4-Ort.czi,old,glp1r,upper
108,71.0,10.95774647887324,778.0,F656_ARC _B3_slice4-Ort.czi,old,glp1r,upper
109,64.0,9.515625,609.0,F656_ARC _B3_slice4-Ort.czi,old,glp1r,upper
110,25.0,9.8,245.00000000000003,F656_ARC _B3_slice4-Ort.czi,old,glp1r,upper
111,38.0,10.921052631578947,415.0,F656_ARC _B3_slice4-Ort.czi,old,glp1r,upper
112,9.0,10.11111111111111,91.0,F656_ARC _B3_slice4-Ort.czi,old,glp1r,upper
113,5.0,7.6,38.0,F656_ARC _B3_slice4-Ort.czi,old,glp1r,upper
114,10.0,8.2,82.0,F656_ARC _B3_slice4-Ort.czi,old,glp1r,upper
115,1.0,7.0,7.0,F656_ARC _B3_slice4-Ort.czi,old,glp1r,upper
116,30.0,10.6,318.0,F656_ARC _B3_slice4-Ort.czi,old,glp1r,upper
117,5.0,9.2,46.0,F656_ARC _B3_slice4-Ort.czi,old,glp1r,upper
118,38.0,8.81578947368421,335.0,F656_ARC _B3_slice4-Ort.czi,old,glp1r,upper
119,11.0,9.818181818181818,108.0,F656_ARC _B3_slice4-Ort.czi,old,glp1r,upper
120,25.0,8.0,200.0,F656_ARC _B3_slice4-Ort.czi,old,glp1r,upper
121,12.0,9.25,111.0,F656_ARC _B3_slice4-Ort.czi,old,glp1r,upper
122,5.0,9.6,48.0,F656_ARC _B3_slice4-Ort.czi,old,glp1r,upper
123,8.0,17.875,143.0,F656_ARC _B3_slice4-Ort.czi,old,glp1r,upper
124,31707.0,8.374428359668212,265528.0,F656_ARC _B3_slice4-Ort.czi,old,glp1r,upper
125,14.0,13.0,182.0,F656_ARC _B3_slice4-Ort.czi,old,glp1r,upper
126,95.0,8.578947368421053,815.0,F656_ARC _B3_slice4-Ort.czi,old,glp1r,upper
127,6.0,6.833333333333333,41.0,F656_ARC _B3_slice4-Ort.czi,old,glp1r,upper
128,27.0,10.703703703703704,289.0,F656_ARC _B3_slice4-Ort.czi,old,glp1r,upper
129,17.0,9.117647058823529,155.0,F656_ARC _B3_slice4-Ort.czi,old,glp1r,upper
130,1.0,17.0,17.0,F656_ARC _B3_slice4-Ort.czi,old,glp1r,upper
131,90.0,9.466666666666667,852.0,F656_ARC _B3_slice4-Ort.czi,old,glp1r,upper
132,93.0,8.559139784946236,796.0,F656_ARC _B3_slice4-Ort.czi,old,glp1r,upper
133,18.0,9.61111111111111,173.0,F656_ARC _B3_slice4-Ort.czi,old,glp1r,upper
134,14.0,8.214285714285714,114.99999999999999,F656_ARC _B3_slice4-Ort.czi,old,glp1r,upper
135,48.0,10.395833333333334,499.0,F656_ARC _B3_slice4-Ort.czi,old,glp1r,upper
136,58.0,7.844827586206897,455.0,F656_ARC _B3_slice4-Ort.czi,old,glp1r,upper
137,226.0,8.079646017699115,1826.0,F656_ARC _B3_slice4-Ort.czi,old,glp1r,upper
138,1.0,7.0,7.0,F656_ARC _B3_slice4-Ort.czi,old,glp1r,upper
139,21.0,8.666666666666666,182.0,F656_ARC _B3_slice4-Ort.czi,old,glp1r,upper
140,23.0,9.73913043478261,224.0,F656_ARC _B3_slice4-Ort.czi,old,glp1r,upper
141,15.0,14.2,213.0,F656_ARC _B3_slice4-Ort.czi,old,glp1r,upper
142,183.0,10.049180327868852,1839.0,F656_ARC _B3_slice4-Ort.czi,old,glp1r,upper
143,7.0,14.142857142857142,99.0,F656_ARC _B3_slice4-Ort.czi,old,glp1r,upper
144,29.0,10.275862068965518,298.0,F656_ARC _B3_slice4-Ort.czi,old,glp1r,upper
145,54.0,7.351851851851852,397.0,F656_ARC _B3_slice4-Ort.czi,old,glp1r,upper
146,21.0,7.476190476190476,157.0,F656_ARC _B3_slice4-Ort.czi,old,glp1r,upper
147,38.0,16.605263157894736,631.0,F656_ARC _B3_slice4-Ort.czi,old,glp1r,upper
148,67.0,17.582089552238806,1178.0,F656_ARC _B3_slice4-Ort.czi,old,glp1r,upper
149,2.0,8.5,17.0,F656_ARC _B3_slice4-Ort.czi,old,glp1r,upper
150,31.0,9.064516129032258,281.0,F656_ARC _B3_slice4-Ort.czi,old,glp1r,upper
151,1.0,7.0,7.0,F656_ARC _B3_slice4-Ort.czi,old,glp1r,upper
152,89.0,10.719101123595506,954.0,F656_ARC _B3_slice4-Ort.czi,old,glp1r,upper
153,22.0,8.863636363636363,195.0,F656_ARC _B3_slice4-Ort.czi,old,glp1r,upper
154,40.0,10.025,401.0,F656_ARC _B3_slice4-Ort.czi,old,glp1r,upper
155,48.0,9.666666666666666,464.0,F656_ARC _B3_slice4-Ort.czi,old,glp1r,upper
156,84.0,8.523809523809524,716.0,F656_ARC _B3_slice4-Ort.czi,old,glp1r,upper
157,1.0,4.0,4.0,F656_ARC _B3_slice4-Ort.czi,old,glp1r,upper
158,130.0,10.553846153846154,1372.0,F656_ARC _B3_slice4-Ort.czi,old,glp1r,upper
159,19.0,8.473684210526315,161.0,F656_ARC _B3_slice4-Ort.czi,old,glp1r,upper
160,4.0,9.75,39.0,F656_ARC _B3_slice4-Ort.czi,old,glp1r,upper
161,23.0,8.0,184.0,F656_ARC _B3_slice4-Ort.czi,old,glp1r,upper
162,65.0,9.492307692307692,617.0,F656_ARC _B3_slice4-Ort.czi,old,glp1r,upper
163,16.0,10.8125,173.0,F656_ARC _B3_slice4-Ort.czi,old,glp1r,upper
164,21.0,9.19047619047619,193.0,F656_ARC _B3_slice4-Ort.czi,old,glp1r,upper
165,17.0,7.764705882352941,132.0,F656_ARC _B3_slice4-Ort.czi,old,glp1r,upper
166,38.0,8.052631578947368,306.0,F656_ARC _B3_slice4-Ort.czi,old,glp1r,upper
167,1.0,18.0,18.0,F656_ARC _B3_slice4-Ort.czi,old,glp1r,upper
168,42.0,8.666666666666666,364.0,F656_ARC _B3_slice4-Ort.czi,old,glp1r,upper
169,39.0,8.333333333333334,325.0,F656_ARC _B3_slice4-Ort.czi,old,glp1r,upper
170,17.0,11.470588235294118,195.0,F656_ARC _B3_slice4-Ort.czi,old,glp1r,upper
171,1.0,12.0,12.0,F656_ARC _B3_slice4-Ort.czi,old,glp1r,upper
172,3.0,7.666666666666667,23.0,F656_ARC _B3_slice4-Ort.czi,old,glp1r,upper
173,11.0,7.7272727272727275,85.0,F656_ARC _B3_slice4-Ort.czi,old,glp1r,upper
174,25.0,8.0,200.0,F656_ARC _B3_slice4-Ort.czi,old,glp1r,upper
175,59.0,8.898305084745763,525.0,F656_ARC _B3_slice4-Ort.czi,old,glp1r,upper
176,26.0,10.807692307692308,281.0,F656_ARC _B3_slice4-Ort.czi,old,glp1r,upper
177,6.0,9.5,57.0,F656_ARC _B3_slice4-Ort.czi,old,glp1r,upper
178,58.0,10.706896551724139,621.0,F656_ARC _B3_slice4-Ort.czi,old,glp1r,upper
179,1.0,9.0,9.0,F656_ARC _B3_slice4-Ort.czi,old,glp1r,upper
180,361.0,8.606648199445983,3107.0,F656_ARC _B3_slice4-Ort.czi,old,glp1r,upper
181,48.0,7.583333333333333,364.0,F656_ARC _B3_slice4-Ort.czi,old,glp1r,upper
182,12.0,11.75,141.0,F656_ARC _B3_slice4-Ort.czi,old,glp1r,upper
183,22.0,11.454545454545455,252.0,F656_ARC _B3_slice4-Ort.czi,old,glp1r,upper
184,59.0,9.322033898305085,550.0,F656_ARC _B3_slice4-Ort.czi,old,glp1r,upper
185,128.0,9.0859375,1163.0,F656_ARC _B3_slice4-Ort.czi,old,glp1r,upper
186,12.0,10.5,126.0,F656_ARC _B3_slice4-Ort.czi,old,glp1r,upper
187,3.0,14.0,42.0,F656_ARC _B3_slice4-Ort.czi,old,glp1r,upper
188,1.0,4.0,4.0,F656_ARC _B3_slice4-Ort.czi,old,glp1r,upper
189,15.0,10.6,159.0,F656_ARC _B3_slice4-Ort.czi,old,glp1r,upper
190,51.0,9.450980392156863,482.0,F656_ARC _B3_slice4-Ort.czi,old,glp1r,upper
191,19.0,8.31578947368421,158.0,F656_ARC _B3_slice4-Ort.czi,old,glp1r,upper
192,24.0,11.083333333333334,266.0,F656_ARC _B3_slice4-Ort.czi,old,glp1r,upper
193,4.0,7.0,28.0,F656_ARC _B3_slice4-Ort.czi,old,glp1r,upper
194,83.0,9.204819277108435,764.0000000000001,F656_ARC _B3_slice4-Ort.czi,old,glp1r,upper
195,38.0,8.421052631578947,320.0,F656_ARC _B3_slice4-Ort.czi,old,glp1r,upper
196,9.0,16.333333333333332,147.0,F656_ARC _B3_slice4-Ort.czi,old,glp1r,upper
197,22.0,8.863636363636363,195.0,F656_ARC _B3_slice4-Ort.czi,old,glp1r,upper
198,76.0,9.657894736842104,733.9999999999999,F656_ARC _B3_slice4-Ort.czi,old,glp1r,upper
199,2.0,10.0,20.0,F656_ARC _B3_slice4-Ort.czi,old,glp1r,upper
200,1.0,13.0,13.0,F656_ARC _B3_slice4-Ort.czi,old,glp1r,upper
201,1.0,10.0,10.0,F656_ARC _B3_slice4-Ort.czi,old,glp1r,upper
202,20.0,10.75,215.0,F656_ARC _B3_slice4-Ort.czi,old,glp1r,upper
203,96.0,11.135416666666666,1069.0,F656_ARC _B3_slice4-Ort.czi,old,glp1r,upper
204,46.0,8.304347826086957,382.0,F656_ARC _B3_slice4-Ort.czi,old,glp1r,upper
205,9.0,7.777777777777778,70.0,F656_ARC _B3_slice4-Ort.czi,old,glp1r,upper
206,2.0,12.5,25.0,F656_ARC _B3_slice4-Ort.czi,old,glp1r,upper
207,45.0,9.533333333333333,429.0,F656_ARC _B3_slice4-Ort.czi,old,glp1r,upper
208,1.0,9.0,9.0,F656_ARC _B3_slice4-Ort.czi,old,glp1r,upper
209,51.0,8.176470588235293,416.99999999999994,F656_ARC _B3_slice4-Ort.czi,old,glp1r,upper
210,19.0,13.31578947368421,253.0,F656_ARC _B3_slice4-Ort.czi,old,glp1r,upper
211,103.0,9.271844660194175,955.0,F656_ARC _B3_slice4-Ort.czi,old,glp1r,upper
212,41.0,8.829268292682928,362.00000000000006,F656_ARC _B3_slice4-Ort.czi,old,glp1r,upper
213,27.0,12.555555555555555,339.0,F656_ARC _B3_slice4-Ort.czi,old,glp1r,upper
214,1.0,5.0,5.0,F656_ARC _B3_slice4-Ort.czi,old,glp1r,upper
215,21.0,13.571428571428571,285.0,F656_ARC _B3_slice4-Ort.czi,old,glp1r,upper
216,38.0,8.526315789473685,324.0,F656_ARC _B3_slice4-Ort.czi,old,glp1r,upper
217,10.0,11.3,113.0,F656_ARC _B3_slice4-Ort.czi,old,glp1r,upper
218,19.0,9.578947368421053,182.0,F656_ARC _B3_slice4-Ort.czi,old,glp1r,upper
219,28.0,16.678571428571427,466.99999999999994,F656_ARC _B3_slice4-Ort.czi,old,glp1r,upper
220,99.0,9.515151515151516,942.0,F656_ARC _B3_slice4-Ort.czi,old,glp1r,upper
221,28.0,16.035714285714285,449.0,F656_ARC _B3_slice4-Ort.czi,old,glp1r,upper
222,323.0,8.755417956656347,2828.0,F656_ARC _B3_slice4-Ort.czi,old,glp1r,upper
223,3.0,13.0,39.0,F656_ARC _B3_slice4-Ort.czi,old,glp1r,upper
224,1.0,14.0,14.0,F656_ARC _B3_slice4-Ort.czi,old,glp1r,upper
225,1.0,8.0,8.0,F656_ARC _B3_slice4-Ort.czi,old,glp1r,upper
226,18.0,8.944444444444445,161.0,F656_ARC _B3_slice4-Ort.czi,old,glp1r,upper
227,1.0,6.0,6.0,F656_ARC _B3_slice4-Ort.czi,old,glp1r,upper
228,18.0,14.944444444444445,269.0,F656_ARC _B3_slice4-Ort.czi,old,glp1r,upper
229,132.0,11.727272727272727,1548.0,F656_ARC _B3_slice4-Ort.czi,old,glp1r,upper
230,58.0,8.413793103448276,488.0,F656_ARC _B3_slice4-Ort.czi,old,glp1r,upper
231,9.0,10.444444444444445,94.0,F656_ARC _B3_slice4-Ort.czi,old,glp1r,upper
232,64.0,17.96875,1150.0,F656_ARC _B3_slice4-Ort.czi,old,glp1r,upper
233,5.0,7.6,38.0,F656_ARC _B3_slice4-Ort.czi,old,glp1r,upper
234,54.0,9.907407407407407,535.0,F656_ARC _B3_slice4-Ort.czi,old,glp1r,upper
235,3.0,14.0,42.0,F656_ARC _B3_slice4-Ort.czi,old,glp1r,upper
236,20.0,20.2,404.0,F656_ARC _B3_slice4-Ort.czi,old,glp1r,upper
237,104.0,12.432692307692308,1293.0,F656_ARC _B3_slice4-Ort.czi,old,glp1r,upper
238,4.0,5.75,23.0,F656_ARC _B3_slice4-Ort.czi,old,glp1r,upper
239,2.0,13.0,26.0,F656_ARC _B3_slice4-Ort.czi,old,glp1r,upper
240,225.0,8.635555555555555,1943.0,F656_ARC _B3_slice4-Ort.czi,old,glp1r,upper
241,20.0,8.45,169.0,F656_ARC _B3_slice4-Ort.czi,old,glp1r,upper
242,69.0,12.797101449275363,883.0000000000001,F656_ARC _B3_slice4-Ort.czi,old,glp1r,upper
243,1.0,26.0,26.0,F656_ARC _B3_slice4-Ort.czi,old,glp1r,upper
244,27.0,9.962962962962964,269.0,F656_ARC _B3_slice4-Ort.czi,old,glp1r,upper
245,18.0,13.555555555555555,244.0,F656_ARC _B3_slice4-Ort.czi,old,glp1r,upper
246,9.0,10.0,90.0,F656_ARC _B3_slice4-Ort.czi,old,glp1r,upper
247,295.0,9.94915254237288,2935.0,F656_ARC _B3_slice4-Ort.czi,old,glp1r,upper
248,29.0,8.10344827586207,235.0,F656_ARC _B3_slice4-Ort.czi,old,glp1r,upper
249,128.0,11.2109375,1435.0,F656_ARC _B3_slice4-Ort.czi,old,glp1r,upper
250,125.0,9.048,1131.0,F656_ARC _B3_slice4-Ort.czi,old,glp1r,upper
251,37.0,9.108108108108109,337.0,F656_ARC _B3_slice4-Ort.czi,old,glp1r,upper
252,1803.0,13.23793677204659,23868.0,F656_ARC _B3_slice4-Ort.czi,old,glp1r,upper
253,47.0,8.106382978723405,381.0,F656_ARC _B3_slice4-Ort.czi,old,glp1r,upper
254,1.0,7.0,7.0,F656_ARC _B3_slice4-Ort.czi,old,glp1r,upper
255,2.0,5.5,11.0,F656_ARC _B3_slice4-Ort.czi,old,glp1r,upper
256,6.0,12.833333333333334,77.0,F656_ARC _B3_slice4-Ort.czi,old,glp1r,upper
257,116.0,8.560344827586206,993.0,F656_ARC _B3_slice4-Ort.czi,old,glp1r,upper
258,63.0,9.095238095238095,573.0,F656_ARC _B3_slice4-Ort.czi,old,glp1r,upper
259,46.0,10.717391304347826,493.0,F656_ARC _B3_slice4-Ort.czi,old,glp1r,upper
260,37.0,9.45945945945946,350.0,F656_ARC _B3_slice4-Ort.czi,old,glp1r,upper
261,23.0,9.391304347826088,216.00000000000003,F656_ARC _B3_slice4-Ort.czi,old,glp1r,upper
262,66.0,11.484848484848484,758.0,F656_ARC _B3_slice4-Ort.czi,old,glp1r,upper
263,10.0,14.1,141.0,F656_ARC _B3_slice4-Ort.czi,old,glp1r,upper
264,1.0,6.0,6.0,F656_ARC _B3_slice4-Ort.czi,old,glp1r,upper
265,2.0,10.5,21.0,F656_ARC _B3_slice4-Ort.czi,old,glp1r,upper
266,2027.0,8.402072027627035,17031.0,F656_ARC _B3_slice4-Ort.czi,old,glp1r,upper
267,21.0,10.761904761904763,226.00000000000003,F656_ARC _B3_slice4-Ort.czi,old,glp1r,upper
268,100.0,10.12,1011.9999999999999,F656_ARC _B3_slice4-Ort.czi,old,glp1r,upper
269,34.0,10.911764705882353,371.0,F656_ARC _B3_slice4-Ort.czi,old,glp1r,upper
270,19.0,9.368421052631579,178.0,F656_ARC _B3_slice4-Ort.czi,old,glp1r,upper
271,14.0,8.071428571428571,113.0,F656_ARC _B3_slice4-Ort.czi,old,glp1r,upper
272,387.0,10.064599483204134,3895.0,F656_ARC _B3_slice4-Ort.czi,old,glp1r,upper
273,39.0,10.333333333333334,403.0,F656_ARC _B3_slice4-Ort.czi,old,glp1r,upper
274,34.0,8.823529411764707,300.0,F656_ARC _B3_slice4-Ort.czi,old,glp1r,upper
275,1299.0,9.170130869899923,11912.0,F656_ARC _B3_slice4-Ort.czi,old,glp1r,upper
276,8.0,21.75,174.0,F656_ARC _B3_slice4-Ort.czi,old,glp1r,upper
277,403.0,8.012406947890819,3229.0,F656_ARC _B3_slice4-Ort.czi,old,glp1r,upper
278,35.0,13.371428571428572,468.0,F656_ARC _B3_slice4-Ort.czi,old,glp1r,upper
279,94.0,8.095744680851064,761.0,F656_ARC _B3_slice4-Ort.czi,old,glp1r,upper
280,641.0,13.508580343213728,8659.0,F656_ARC _B3_slice4-Ort.czi,old,glp1r,upper
281,31.0,12.161290322580646,377.0,F656_ARC _B3_slice4-Ort.czi,old,glp1r,upper
282,14.0,11.214285714285714,157.0,F656_ARC _B3_slice4-Ort.czi,old,glp1r,upper
283,28.0,14.321428571428571,401.0,F656_ARC _B3_slice4-Ort.czi,old,glp1r,upper
284,162.0,12.419753086419753,2012.0,F656_ARC _B3_slice4-Ort.czi,old,glp1r,upper
285,16.0,10.5625,169.0,F656_ARC _B3_slice4-Ort.czi,old,glp1r,upper
286,3.0,26.333333333333332,79.0,F656_ARC _B3_slice4-Ort.czi,old,glp1r,upper
287,40.0,14.425,577.0,F656_ARC _B3_slice4-Ort.czi,old,glp1r,upper
288,28.0,14.607142857142858,409.0,F656_ARC _B3_slice4-Ort.czi,old,glp1r,upper
289,2.0,13.0,26.0,F656_ARC _B3_slice4-Ort.czi,old,glp1r,upper
290,115.0,13.08695652173913,1505.0,F656_ARC _B3_slice4-Ort.czi,old,glp1r,upper
291,2.0,11.5,23.0,F656_ARC _B3_slice4-Ort.czi,old,glp1r,upper
292,1.0,8.0,8.0,F656_ARC _B3_slice4-Ort.czi,old,glp1r,upper
293,62.0,10.596774193548388,657.0,F656_ARC _B3_slice4-Ort.czi,old,glp1r,upper
294,18.0,12.944444444444445,233.0,F656_ARC _B3_slice4-Ort.czi,old,glp1r,upper
295,13.0,11.846153846153847,154.0,F656_ARC _B3_slice4-Ort.czi,old,glp1r,upper
296,353.0,8.453257790368271,2983.9999999999995,F656_ARC _B3_slice4-Ort.czi,old,glp1r,upper
297,695.0,10.906474820143885,7580.0,F656_ARC _B3_slice4-Ort.czi,old,glp1r,upper
298,1954.0,8.417093142272263,16447.0,F656_ARC _B3_slice4-Ort.czi,old,glp1r,upper
299,2.0,9.0,18.0,F656_ARC _B3_slice4-Ort.czi,old,glp1r,upper
300,4.0,10.75,43.0,F656_ARC _B3_slice4-Ort.czi,old,glp1r,upper
301,19.0,13.052631578947368,248.0,F656_ARC _B3_slice4-Ort.czi,old,glp1r,upper
302,51.0,8.27450980392157,422.00000000000006,F656_ARC _B3_slice4-Ort.czi,old,glp1r,upper
303,38.0,11.710526315789474,445.0,F656_ARC _B3_slice4-Ort.czi,old,glp1r,upper
304,46.0,12.021739130434783,553.0,F656_ARC _B3_slice4-Ort.czi,old,glp1r,upper
305,3.0,7.666666666666667,23.0,F656_ARC _B3_slice4-Ort.czi,old,glp1r,upper
306,54.0,9.592592592592593,518.0,F656_ARC _B3_slice4-Ort.czi,old,glp1r,upper
307,82.0,9.841463414634147,807.0,F656_ARC _B3_slice4-Ort.czi,old,glp1r,upper
308,40.0,11.175,447.0,F656_ARC _B3_slice4-Ort.czi,old,glp1r,upper
309,4.0,9.0,36.0,F656_ARC _B3_slice4-Ort.czi,old,glp1r,upper
310,1.0,23.0,23.0,F656_ARC _B3_slice4-Ort.czi,old,glp1r,upper
311,74.0,12.013513513513514,889.0,F656_ARC _B3_slice4-Ort.czi,old,glp1r,upper
312,36.0,9.61111111111111,346.0,F656_ARC _B3_slice4-Ort.czi,old,glp1r,upper
313,66.0,15.181818181818182,1002.0,F656_ARC _B3_slice4-Ort.czi,old,glp1r,upper
314,1708.0,8.988290398126464,15352.000000000002,F656_ARC _B3_slice4-Ort.czi,old,glp1r,upper
315,4.0,25.25,101.0,F656_ARC _B3_slice4-Ort.czi,old,glp1r,upper
316,21.0,41.714285714285715,876.0,F656_ARC _B3_slice4-Ort.czi,old,glp1r,upper
317,19.0,14.0,266.0,F656_ARC _B3_slice4-Ort.czi,old,glp1r,upper
318,71.0,10.774647887323944,765.0,F656_ARC _B3_slice4-Ort.czi,old,glp1r,upper
319,1047.0,9.608404966571156,10060.0,F656_ARC _B3_slice4-Ort.czi,old,glp1r,upper
320,45.0,11.088888888888889,499.0,F656_ARC _B3_slice4-Ort.czi,old,glp1r,upper
321,11.0,8.363636363636363,92.0,F656_ARC _B3_slice4-Ort.czi,old,glp1r,upper
322,18.0,12.88888888888889,232.0,F656_ARC _B3_slice4-Ort.czi,old,glp1r,upper
323,139.0,10.676258992805755,1484.0,F656_ARC _B3_slice4-Ort.czi,old,glp1r,upper
324,20.0,11.3,226.0,F656_ARC _B3_slice4-Ort.czi,old,glp1r,upper
325,19.0,9.842105263157896,187.00000000000003,F656_ARC _B3_slice4-Ort.czi,old,glp1r,upper
326,18.0,10.055555555555555,181.0,F656_ARC _B3_slice4-Ort.czi,old,glp1r,upper
327,56.0,9.517857142857142,533.0,F656_ARC _B3_slice4-Ort.czi,old,glp1r,upper
328,44.0,12.068181818181818,531.0,F656_ARC _B3_slice4-Ort.czi,old,glp1r,upper
329,1440.0,9.720833333333333,13998.0,F656_ARC _B3_slice4-Ort.czi,old,glp1r,upper
330,52.0,13.76923076923077,716.0,F656_ARC _B3_slice4-Ort.czi,old,glp1r,upper
331,29.0,14.413793103448276,418.0,F656_ARC _B3_slice4-Ort.czi,old,glp1r,upper
332,21.0,9.952380952380953,209.0,F656_ARC _B3_slice4-Ort.czi,old,glp1r,upper
333,21.0,10.904761904761905,229.0,F656_ARC _B3_slice4-Ort.czi,old,glp1r,upper
334,14.0,13.285714285714286,186.0,F656_ARC _B3_slice4-Ort.czi,old,glp1r,upper
335,50.0,11.5,575.0,F656_ARC _B3_slice4-Ort.czi,old,glp1r,upper
336,61.0,8.39344262295082,512.0,F656_ARC _B3_slice4-Ort.czi,old,glp1r,upper
337,142.0,10.549295774647888,1498.0,F656_ARC _B3_slice4-Ort.czi,old,glp1r,upper
338,10.0,19.9,199.0,F656_ARC _B3_slice4-Ort.czi,old,glp1r,upper
339,14.0,10.642857142857142,149.0,F656_ARC _B3_slice4-Ort.czi,old,glp1r,upper
340,39.0,9.923076923076923,387.0,F656_ARC _B3_slice4-Ort.czi,old,glp1r,upper
341,10.0,10.6,106.0,F656_ARC _B3_slice4-Ort.czi,old,glp1r,upper
342,23.0,10.0,230.0,F656_ARC _B3_slice4-Ort.czi,old,glp1r,upper
343,12.0,13.083333333333334,157.0,F656_ARC _B3_slice4-Ort.czi,old,glp1r,upper
344,14.0,9.857142857142858,138.0,F656_ARC _B3_slice4-Ort.czi,old,glp1r,upper
345,1202.0,9.930948419301165,11937.0,F656_ARC _B3_slice4-Ort.czi,old,glp1r,upper
346,24.0,10.708333333333334,257.0,F656_ARC _B3_slice4-Ort.czi,old,glp1r,upper
347,570.0,8.756140350877192,4991.0,F656_ARC _B3_slice4-Ort.czi,old,glp1r,upper
348,26.0,9.961538461538462,259.0,F656_ARC _B3_slice4-Ort.czi,old,glp1r,upper
349,12.0,14.0,168.0,F656_ARC _B3_slice4-Ort.czi,old,glp1r,upper
350,43.0,13.186046511627907,567.0,F656_ARC _B3_slice4-Ort.czi,old,glp1r,upper
351,49.0,13.714285714285714,672.0,F656_ARC _B3_slice4-Ort.czi,old,glp1r,upper
352,46.0,14.021739130434783,645.0,F656_ARC _B3_slice4-Ort.czi,old,glp1r,upper
353,5.0,9.8,49.0,F656_ARC _B3_slice4-Ort.czi,old,glp1r,upper
354,71.0,11.366197183098592,807.0,F656_ARC _B3_slice4-Ort.czi,old,glp1r,upper
355,12.0,18.75,225.0,F656_ARC _B3_slice4-Ort.czi,old,glp1r,upper
356,2.0,10.0,20.0,F656_ARC _B3_slice4-Ort.czi,old,glp1r,upper
357,5.0,9.2,46.0,F656_ARC _B3_slice4-Ort.czi,old,glp1r,upper
358,19.0,11.842105263157896,225.00000000000003,F656_ARC _B3_slice4-Ort.czi,old,glp1r,upper
359,34.0,11.558823529411764,393.0,F656_ARC _B3_slice4-Ort.czi,old,glp1r,upper
360,14134.0,8.71706523277204,123207.00000000001,F656_ARC _B3_slice4-Ort.czi,old,glp1r,upper
361,37.0,13.0,481.0,F656_ARC _B3_slice4-Ort.czi,old,glp1r,upper
362,122.0,20.737704918032787,2530.0,F656_ARC _B3_slice4-Ort.czi,old,glp1r,upper
363,15.0,11.0,165.0,F656_ARC _B3_slice4-Ort.czi,old,glp1r,upper
364,171.0,9.619883040935672,1645.0,F656_ARC _B3_slice4-Ort.czi,old,glp1r,upper
365,143.0,10.041958041958042,1436.0,F656_ARC _B3_slice4-Ort.czi,old,glp1r,upper
366,1.0,4.0,4.0,F656_ARC _B3_slice4-Ort.czi,old,glp1r,upper
367,30.0,9.733333333333333,292.0,F656_ARC _B3_slice4-Ort.czi,old,glp1r,upper
368,23.0,8.478260869565217,195.0,F656_ARC _B3_slice4-Ort.czi,old,glp1r,upper
369,13.0,8.153846153846153,106.0,F656_ARC _B3_slice4-Ort.czi,old,glp1r,upper
370,20.0,24.35,487.0,F656_ARC _B3_slice4-Ort.czi,old,glp1r,upper
371,67.0,11.955223880597014,801.0,F656_ARC _B3_slice4-Ort.czi,old,glp1r,upper
372,93.0,10.225806451612904,951.0000000000001,F656_ARC _B3_slice4-Ort.czi,old,glp1r,upper
373,2824.0,14.037181303116148,39641.0,F656_ARC _B3_slice4-Ort.czi,old,glp1r,upper
374,53.0,9.754716981132075,517.0,F656_ARC _B3_slice4-Ort.czi,old,glp1r,upper
375,57.0,10.964912280701755,625.0,F656_ARC _B3_slice4-Ort.czi,old,glp1r,upper
376,234.0,13.474358974358974,3153.0,F656_ARC _B3_slice4-Ort.czi,old,glp1r,upper
377,81.0,8.11111111111111,657.0,F656_ARC _B3_slice4-Ort.czi,old,glp1r,upper
378,9.0,9.11111111111111,82.0,F656_ARC _B3_slice4-Ort.czi,old,glp1r,upper
379,1.0,5.0,5.0,F656_ARC _B3_slice4-Ort.czi,old,glp1r,upper
380,36.0,10.305555555555555,371.0,F656_ARC _B3_slice4-Ort.czi,old,glp1r,upper
381,19.0,16.842105263157894,320.0,F656_ARC _B3_slice4-Ort.czi,old,glp1r,upper
382,11.0,13.363636363636363,147.0,F656_ARC _B3_slice4-Ort.czi,old,glp1r,upper
383,19.0,14.421052631578947,274.0,F656_ARC _B3_slice4-Ort.czi,old,glp1r,upper
384,29.0,9.517241379310345,276.0,F656_ARC _B3_slice4-Ort.czi,old,glp1r,upper
385,10.0,8.4,84.0,F656_ARC _B3_slice4-Ort.czi,old,glp1r,upper
386,34.0,11.794117647058824,401.0,F656_ARC _B3_slice4-Ort.czi,old,glp1r,upper
387,16.0,8.5,136.0,F656_ARC _B3_slice4-Ort.czi,old,glp1r,upper
388,41.0,11.707317073170731,480.0,F656_ARC _B3_slice4-Ort.czi,old,glp1r,upper
389,36.0,10.055555555555555,362.0,F656_ARC _B3_slice4-Ort.czi,old,glp1r,upper
390,21.0,9.761904761904763,205.00000000000003,F656_ARC _B3_slice4-Ort.czi,old,glp1r,upper
391,49.0,9.755102040816327,478.00000000000006,F656_ARC _B3_slice4-Ort.czi,old,glp1r,upper
392,26.0,9.461538461538462,246.0,F656_ARC _B3_slice4-Ort.czi,old,glp1r,upper
393,47.0,14.25531914893617,670.0,F656_ARC _B3_slice4-Ort.czi,old,glp1r,upper
394,9.0,9.444444444444445,85.0,F656_ARC _B3_slice4-Ort.czi,old,glp1r,upper
395,25.0,11.76,294.0,F656_ARC _B3_slice4-Ort.czi,old,glp1r,upper
396,27.0,18.88888888888889,510.0,F656_ARC _B3_slice4-Ort.czi,old,glp1r,upper
397,12.0,22.083333333333332,265.0,F656_ARC _B3_slice4-Ort.czi,old,glp1r,upper
398,1.0,11.0,11.0,F656_ARC _B3_slice4-Ort.czi,old,glp1r,upper
399,34.0,9.823529411764707,334.0,F656_ARC _B3_slice4-Ort.czi,old,glp1r,upper
400,56.0,7.839285714285714,439.0,F656_ARC _B3_slice4-Ort.czi,old,glp1r,upper
401,32.0,9.3125,298.0,F656_ARC _B3_slice4-Ort.czi,old,glp1r,upper
402,47.0,11.425531914893616,537.0,F656_ARC _B3_slice4-Ort.czi,old,glp1r,upper
403,15.0,11.533333333333333,173.0,F656_ARC _B3_slice4-Ort.czi,old,glp1r,upper
404,6.0,8.0,48.0,F656_ARC _B3_slice4-Ort.czi,old,glp1r,upper
405,20.0,11.75,235.0,F656_ARC _B3_slice4-Ort.czi,old,glp1r,upper
406,32.0,11.53125,369.0,F656_ARC _B3_slice4-Ort.czi,old,glp1r,upper
407,13.0,11.23076923076923,146.0,F656_ARC _B3_slice4-Ort.czi,old,glp1r,upper
408,28.0,10.5,294.0,F656_ARC _B3_slice4-Ort.czi,old,glp1r,upper
409,54.0,9.981481481481481,539.0,F656_ARC _B3_slice4-Ort.czi,old,glp1r,upper
410,101.0,12.475247524752476,1260.0,F656_ARC _B3_slice4-Ort.czi,old,glp1r,upper
411,17.0,22.470588235294116,382.0,F656_ARC _B3_slice4-Ort.czi,old,glp1r,upper
412,44.0,11.522727272727273,507.0,F656_ARC _B3_slice4-Ort.czi,old,glp1r,upper
413,30.0,10.133333333333333,304.0,F656_ARC _B3_slice4-Ort.czi,old,glp1r,upper
414,23.0,11.08695652173913,255.0,F656_ARC _B3_slice4-Ort.czi,old,glp1r,upper
415,98.0,12.153061224489797,1191.0,F656_ARC _B3_slice4-Ort.czi,old,glp1r,upper
416,1395.0,14.678853046594982,20477.0,F656_ARC _B3_slice4-Ort.czi,old,glp1r,upper
417,11.0,10.454545454545455,115.0,F656_ARC _B3_slice4-Ort.czi,old,glp1r,upper
418,2.0,7.5,15.0,F656_ARC _B3_slice4-Ort.czi,old,glp1r,upper
419,110.0,8.581818181818182,944.0,F656_ARC _B3_slice4-Ort.czi,old,glp1r,upper
420,23.0,11.08695652173913,255.0,F656_ARC _B3_slice4-Ort.czi,old,glp1r,upper
421,15.0,13.733333333333333,206.0,F656_ARC _B3_slice4-Ort.czi,old,glp1r,upper
422,5.0,9.2,46.0,F656_ARC _B3_slice4-Ort.czi,old,glp1r,upper
423,37.0,16.08108108108108,595.0,F656_ARC _B3_slice4-Ort.czi,old,glp1r,upper
424,18.0,12.11111111111111,218.0,F656_ARC _B3_slice4-Ort.czi,old,glp1r,upper
425,17.0,11.411764705882353,194.0,F656_ARC _B3_slice4-Ort.czi,old,glp1r,upper
426,1.0,14.0,14.0,F656_ARC _B3_slice4-Ort.czi,old,glp1r,upper
427,41.0,12.292682926829269,504.0,F656_ARC _B3_slice4-Ort.czi,old,glp1r,upper
428,34.0,8.882352941176471,302.0,F656_ARC _B3_slice4-Ort.czi,old,glp1r,upper
429,12.0,17.416666666666668,209.0,F656_ARC _B3_slice4-Ort.czi,old,glp1r,upper
430,21.0,13.047619047619047,274.0,F656_ARC _B3_slice4-Ort.czi,old,glp1r,upper
431,2.0,5.0,10.0,F656_ARC _B3_slice4-Ort.czi,old,glp1r,upper
432,43.0,14.651162790697674,630.0,F656_ARC _B3_slice4-Ort.czi,old,glp1r,upper
433,17.0,25.294117647058822,430.0,F656_ARC _B3_slice4-Ort.czi,old,glp1r,upper
434,29.0,11.758620689655173,341.0,F656_ARC _B3_slice4-Ort.czi,old,glp1r,upper
435,21.0,9.619047619047619,202.0,F656_ARC _B3_slice4-Ort.czi,old,glp1r,upper
436,23.0,9.478260869565217,218.0,F656_ARC _B3_slice4-Ort.czi,old,glp1r,upper
437,38.0,9.342105263157896,355.00000000000006,F656_ARC _B3_slice4-Ort.czi,old,glp1r,upper
438,13.0,35.84615384615385,466.0,F656_ARC _B3_slice4-Ort.czi,old,glp1r,upper
439,1.0,7.0,7.0,F656_ARC _B3_slice4-Ort.czi,old,glp1r,upper
440,85.0,11.16470588235294,949.0,F656_ARC _B3_slice4-Ort.czi,old,glp1r,upper
441,25.0,13.44,336.0,F656_ARC _B3_slice4-Ort.czi,old,glp1r,upper
442,332.0,14.268072289156626,4737.0,F656_ARC _B3_slice4-Ort.czi,old,glp1r,upper
443,37.0,12.18918918918919,451.0,F656_ARC _B3_slice4-Ort.czi,old,glp1r,upper
444,13.0,12.307692307692308,160.0,F656_ARC _B3_slice4-Ort.czi,old,glp1r,upper
445,26.0,15.23076923076923,396.0,F656_ARC _B3_slice4-Ort.czi,old,glp1r,upper
446,136.0,11.080882352941176,1507.0,F656_ARC _B3_slice4-Ort.czi,old,glp1r,upper
447,1.0,8.0,8.0,F656_ARC _B3_slice4-Ort.czi,old,glp1r,upper
448,3.0,6.666666666666667,20.0,F656_ARC _B3_slice4-Ort.czi,old,glp1r,upper
449,52.0,9.115384615384615,474.0,F656_ARC _B3_slice4-Ort.czi,old,glp1r,upper
450,135.0,10.148148148148149,1370.0,F656_ARC _B3_slice4-Ort.czi,old,glp1r,upper
451,12.0,12.166666666666666,146.0,F656_ARC _B3_slice4-Ort.czi,old,glp1r,upper
452,19.0,8.736842105263158,166.0,F656_ARC _B3_slice4-Ort.czi,old,glp1r,upper
453,21.0,11.428571428571429,240.0,F656_ARC _B3_slice4-Ort.czi,old,glp1r,upper
454,10.0,12.8,128.0,F656_ARC _B3_slice4-Ort.czi,old,glp1r,upper
455,553.0,12.638336347197107,6989.0,F656_ARC _B3_slice4-Ort.czi,old,glp1r,upper
456,140.0,11.664285714285715,1633.0,F656_ARC _B3_slice4-Ort.czi,old,glp1r,upper
457,4669.0,8.410794602698651,39270.0,F656_ARC _B3_slice4-Ort.czi,old,glp1r,upper
458,5.0,11.8,59.0,F656_ARC _B3_slice4-Ort.czi,old,glp1r,upper
459,393.0,8.633587786259541,3392.9999999999995,F656_ARC _B3_slice4-Ort.czi,old,glp1r,upper
460,24.0,12.208333333333334,293.0,F656_ARC _B3_slice4-Ort.czi,old,glp1r,upper
461,188.0,11.037234042553191,2075.0,F656_ARC _B3_slice4-Ort.czi,old,glp1r,upper
462,162.0,8.395061728395062,1360.0,F656_ARC _B3_slice4-Ort.czi,old,glp1r,upper
463,43.0,9.767441860465116,420.0,F656_ARC _B3_slice4-Ort.czi,old,glp1r,upper
464,23.0,9.0,207.0,F656_ARC _B3_slice4-Ort.czi,old,glp1r,upper
465,19.0,11.105263157894736,211.0,F656_ARC _B3_slice4-Ort.czi,old,glp1r,upper
466,37.0,8.18918918918919,303.0,F656_ARC _B3_slice4-Ort.czi,old,glp1r,upper
467,5.0,8.8,44.0,F656_ARC _B3_slice4-Ort.czi,old,glp1r,upper
468,144.0,9.472222222222221,1364.0,F656_ARC _B3_slice4-Ort.czi,old,glp1r,upper
469,2.0,11.5,23.0,F656_ARC _B3_slice4-Ort.czi,old,glp1r,upper
470,2.0,4.5,9.0,F656_ARC _B3_slice4-Ort.czi,old,glp1r,upper
471,24.0,11.666666666666666,280.0,F656_ARC _B3_slice4-Ort.czi,old,glp1r,upper
472,1.0,7.0,7.0,F656_ARC _B3_slice4-Ort.czi,old,glp1r,upper
473,37.0,9.702702702702704,359.00000000000006,F656_ARC _B3_slice4-Ort.czi,old,glp1r,upper
474,32.0,14.0,448.0,F656_ARC _B3_slice4-Ort.czi,old,glp1r,upper
475,5.0,9.0,45.0,F656_ARC _B3_slice4-Ort.czi,old,glp1r,upper
476,81.0,12.123456790123457,982.0,F656_ARC _B3_slice4-Ort.czi,old,glp1r,upper
477,1637.0,9.023213194868662,14771.0,F656_ARC _B3_slice4-Ort.czi,old,glp1r,upper
478,15.0,12.733333333333333,191.0,F656_ARC _B3_slice4-Ort.czi,old,glp1r,upper
479,37.0,10.432432432432432,385.99999999999994,F656_ARC _B3_slice4-Ort.czi,old,glp1r,upper
480,11.0,12.545454545454545,138.0,F656_ARC _B3_slice4-Ort.czi,old,glp1r,upper
481,3.0,14.333333333333334,43.0,F656_ARC _B3_slice4-Ort.czi,old,glp1r,upper
482,8.0,10.25,82.0,F656_ARC _B3_slice4-Ort.czi,old,glp1r,upper
483,17.0,13.058823529411764,222.0,F656_ARC _B3_slice4-Ort.czi,old,glp1r,upper
484,7.0,28.285714285714285,198.0,F656_ARC _B3_slice4-Ort.czi,old,glp1r,upper
485,19.0,8.421052631578947,160.0,F656_ARC _B3_slice4-Ort.czi,old,glp1r,upper
486,16.0,7.4375,119.0,F656_ARC _B3_slice4-Ort.czi,old,glp1r,upper
487,42.0,10.523809523809524,442.0,F656_ARC _B3_slice4-Ort.czi,old,glp1r,upper
488,34.0,11.205882352941176,381.0,F656_ARC _B3_slice4-Ort.czi,old,glp1r,upper
489,25.0,12.88,322.0,F656_ARC _B3_slice4-Ort.czi,old,glp1r,upper
490,153.0,9.398692810457517,1438.0,F656_ARC _B3_slice4-Ort.czi,old,glp1r,upper
491,13.0,8.384615384615385,109.0,F656_ARC _B3_slice4-Ort.czi,old,glp1r,upper
492,1302.0,9.047619047619047,11780.0,F656_ARC _B3_slice4-Ort.czi,old,glp1r,upper
493,2974.0,9.379623402824478,27895.0,F656_ARC _B3_slice4-Ort.czi,old,glp1r,upper
494,28.0,8.285714285714286,232.00000000000003,F656_ARC _B3_slice4-Ort.czi,old,glp1r,upper
495,1651.0,10.384009691096304,17144.0,F656_ARC _B3_slice4-Ort.czi,old,glp1r,upper
496,16.0,13.0625,209.0,F656_ARC _B3_slice4-Ort.czi,old,glp1r,upper
497,1526.0,9.295543905635649,14185.0,F656_ARC _B3_slice4-Ort.czi,old,glp1r,upper
498,90.0,9.255555555555556,833.0000000000001,F656_ARC _B3_slice4-Ort.czi,old,glp1r,upper
499,2.0,8.0,16.0,F656_ARC _B3_slice4-Ort.czi,old,glp1r,upper
500,9.0,8.88888888888889,80.0,F656_ARC _B3_slice4-Ort.czi,old,glp1r,upper
501,1.0,10.0,10.0,F656_ARC _B3_slice4-Ort.czi,old,glp1r,upper
502,2256.0,11.932624113475176,26919.999999999996,F656_ARC _B3_slice4-Ort.czi,old,glp1r,upper
503,14.0,10.0,140.0,F656_ARC _B3_slice4-Ort.czi,old,glp1r,upper
504,143.0,11.062937062937063,1582.0,F656_ARC _B3_slice4-Ort.czi,old,glp1r,upper
505,1.0,3.0,3.0,F656_ARC _B3_slice4-Ort.czi,old,glp1r,upper
506,15.0,11.733333333333333,176.0,F656_ARC _B3_slice4-Ort.czi,old,glp1r,upper
507,7.0,9.285714285714286,65.0,F656_ARC _B3_slice4-Ort.czi,old,glp1r,upper
508,8.0,8.75,70.0,F656_ARC _B3_slice4-Ort.czi,old,glp1r,upper
509,57.0,12.052631578947368,687.0,F656_ARC _B3_slice4-Ort.czi,old,glp1r,upper
510,31.0,11.96774193548387,371.0,F656_ARC _B3_slice4-Ort.czi,old,glp1r,upper
511,25.0,9.08,227.0,F656_ARC _B3_slice4-Ort.czi,old,glp1r,upper
512,1.0,9.0,9.0,F656_ARC _B3_slice4-Ort.czi,old,glp1r,upper
513,121.0,12.892561983471074,1560.0,F656_ARC _B3_slice4-Ort.czi,old,glp1r,upper
514,39.0,10.820512820512821,422.0,F656_ARC _B3_slice4-Ort.czi,old,glp1r,upper
515,23.0,9.26086956521739,213.0,F656_ARC _B3_slice4-Ort.czi,old,glp1r,upper
516,524.0,8.786259541984732,4604.0,F656_ARC _B3_slice4-Ort.czi,old,glp1r,upper
517,49.0,10.020408163265307,491.00000000000006,F656_ARC _B3_slice4-Ort.czi,old,glp1r,upper
518,11.0,13.636363636363637,150.0,F656_ARC _B3_slice4-Ort.czi,old,glp1r,upper
519,31.0,10.516129032258064,326.0,F656_ARC _B3_slice4-Ort.czi,old,glp1r,upper
520,112.0,8.616071428571429,965.0,F656_ARC _B3_slice4-Ort.czi,old,glp1r,upper
521,49.0,8.224489795918368,403.0,F656_ARC _B3_slice4-Ort.czi,old,glp1r,upper
522,112.0,10.839285714285714,1214.0,F656_ARC _B3_slice4-Ort.czi,old,glp1r,upper
523,5.0,13.4,67.0,F656_ARC _B3_slice4-Ort.czi,old,glp1r,upper
524,28.0,11.107142857142858,311.0,F656_ARC _B3_slice4-Ort.czi,old,glp1r,upper
525,1.0,7.0,7.0,F656_ARC _B3_slice4-Ort.czi,old,glp1r,upper
526,44.0,8.931818181818182,393.0,F656_ARC _B3_slice4-Ort.czi,old,glp1r,upper
527,23.0,7.043478260869565,162.0,F656_ARC _B3_slice4-Ort.czi,old,glp1r,upper
528,4.0,11.25,45.0,F656_ARC _B3_slice4-Ort.czi,old,glp1r,upper
529,14.0,9.428571428571429,132.0,F656_ARC _B3_slice4-Ort.czi,old,glp1r,upper
530,101.0,8.98019801980198,907.0,F656_ARC _B3_slice4-Ort.czi,old,glp1r,upper
531,14.0,8.428571428571429,118.0,F656_ARC _B3_slice4-Ort.czi,old,glp1r,upper
532,4.0,8.5,34.0,F656_ARC _B3_slice4-Ort.czi,old,glp1r,upper
533,338.0,9.15680473372781,3095.0,F656_ARC _B3_slice4-Ort.czi,old,glp1r,upper
534,57.0,10.947368421052632,624.0,F656_ARC _B3_slice4-Ort.czi,old,glp1r,upper
535,44.0,9.0,396.0,F656_ARC _B3_slice4-Ort.czi,old,glp1r,upper
536,62.0,9.887096774193548,613.0,F656_ARC _B3_slice4-Ort.czi,old,glp1r,upper
537,67.0,7.7164179104477615,517.0,F656_ARC _B3_slice4-Ort.czi,old,glp1r,upper
1,60.0,9.016666666666667,541.0,B465_ARC _C3_slice6-Ort.czi,old,glp1r,upper
2,35.0,12.2,427.0,B465_ARC _C3_slice6-Ort.czi,old,glp1r,upper
3,4.0,6.75,27.0,B465_ARC _C3_slice6-Ort.czi,old,glp1r,upper
4,49.0,16.285714285714285,798.0,B465_ARC _C3_slice6-Ort.czi,old,glp1r,upper
5,204.0,10.372549019607844,2116.0,B465_ARC _C3_slice6-Ort.czi,old,glp1r,upper
6,3.0,5.333333333333333,16.0,B465_ARC _C3_slice6-Ort.czi,old,glp1r,upper
7,3.0,10.0,30.0,B465_ARC _C3_slice6-Ort.czi,old,glp1r,upper
8,302.0,10.496688741721854,3170.0,B465_ARC _C3_slice6-Ort.czi,old,glp1r,upper
9,1253.0,11.23782920989625,14081.0,B465_ARC _C3_slice6-Ort.czi,old,glp1r,upper
10,1.0,6.0,6.0,B465_ARC _C3_slice6-Ort.czi,old,glp1r,upper
11,31.0,13.451612903225806,417.0,B465_ARC _C3_slice6-Ort.czi,old,glp1r,upper
12,110.0,10.190909090909091,1121.0,B465_ARC _C3_slice6-Ort.czi,old,glp1r,upper
13,4.0,9.5,38.0,B465_ARC _C3_slice6-Ort.czi,old,glp1r,upper
14,1082.0,11.699630314232902,12659.0,B465_ARC _C3_slice6-Ort.czi,old,glp1r,upper
15,58.0,15.637931034482758,907.0,B465_ARC _C3_slice6-Ort.czi,old,glp1r,upper
16,87.0,18.03448275862069,1569.0,B465_ARC _C3_slice6-Ort.czi,old,glp1r,upper
17,1.0,8.0,8.0,B465_ARC _C3_slice6-Ort.czi,old,glp1r,upper
18,12.0,11.0,132.0,B465_ARC _C3_slice6-Ort.czi,old,glp1r,upper
19,33.0,10.666666666666666,352.0,B465_ARC _C3_slice6-Ort.czi,old,glp1r,upper
20,112.0,9.794642857142858,1097.0,B465_ARC _C3_slice6-Ort.czi,old,glp1r,upper
21,8.0,9.75,78.0,B465_ARC _C3_slice6-Ort.czi,old,glp1r,upper
22,35.0,20.085714285714285,703.0,B465_ARC _C3_slice6-Ort.czi,old,glp1r,upper
23,59.0,10.372881355932204,612.0,B465_ARC _C3_slice6-Ort.czi,old,glp1r,upper
24,6.0,10.166666666666666,61.0,B465_ARC _C3_slice6-Ort.czi,old,glp1r,upper
25,95.0,10.347368421052632,983.0000000000001,B465_ARC _C3_slice6-Ort.czi,old,glp1r,upper
26,52.0,8.711538461538462,453.0,B465_ARC _C3_slice6-Ort.czi,old,glp1r,upper
27,60.0,9.15,549.0,B465_ARC _C3_slice6-Ort.czi,old,glp1r,upper
28,42.0,11.30952380952381,475.0,B465_ARC _C3_slice6-Ort.czi,old,glp1r,upper
29,145.0,9.841379310344827,1427.0,B465_ARC _C3_slice6-Ort.czi,old,glp1r,upper
30,2.0,11.0,22.0,B465_ARC _C3_slice6-Ort.czi,old,glp1r,upper
31,6.0,9.0,54.0,B465_ARC _C3_slice6-Ort.czi,old,glp1r,upper
32,12.0,18.083333333333332,217.0,B465_ARC _C3_slice6-Ort.czi,old,glp1r,upper
33,37.0,12.405405405405405,459.0,B465_ARC _C3_slice6-Ort.czi,old,glp1r,upper
34,362.0,9.450276243093922,3421.0,B465_ARC _C3_slice6-Ort.czi,old,glp1r,upper
35,27.0,33.03703703703704,892.0,B465_ARC _C3_slice6-Ort.czi,old,glp1r,upper
36,87.0,7.919540229885057,689.0,B465_ARC _C3_slice6-Ort.czi,old,glp1r,upper
37,36.0,18.88888888888889,680.0,B465_ARC _C3_slice6-Ort.czi,old,glp1r,upper
38,3.0,9.666666666666666,29.0,B465_ARC _C3_slice6-Ort.czi,old,glp1r,upper
39,2.0,21.0,42.0,B465_ARC _C3_slice6-Ort.czi,old,glp1r,upper
40,2214.0,10.495031616982837,23236.0,B465_ARC _C3_slice6-Ort.czi,old,glp1r,upper
41,339.0,8.398230088495575,2847.0,B465_ARC _C3_slice6-Ort.czi,old,glp1r,upper
42,76.0,9.43421052631579,717.0,B465_ARC _C3_slice6-Ort.czi,old,glp1r,upper
43,239.0,10.870292887029288,2598.0,B465_ARC _C3_slice6-Ort.czi,old,glp1r,upper
44,90.0,19.766666666666666,1779.0,B465_ARC _C3_slice6-Ort.czi,old,glp1r,upper
45,86.0,11.767441860465116,1012.0,B465_ARC _C3_slice6-Ort.czi,old,glp1r,upper
46,81.0,26.493827160493826,2146.0,B465_ARC _C3_slice6-Ort.czi,old,glp1r,upper
47,214.0,9.242990654205608,1978.0,B465_ARC _C3_slice6-Ort.czi,old,glp1r,upper
48,59.0,10.152542372881356,599.0,B465_ARC _C3_slice6-Ort.czi,old,glp1r,upper
49,83.0,11.096385542168674,921.0,B465_ARC _C3_slice6-Ort.czi,old,glp1r,upper
50,3.0,11.666666666666666,35.0,B465_ARC _C3_slice6-Ort.czi,old,glp1r,upper
51,17.0,14.058823529411764,239.0,B465_ARC _C3_slice6-Ort.czi,old,glp1r,upper
52,18.0,21.27777777777778,383.0,B465_ARC _C3_slice6-Ort.czi,old,glp1r,upper
53,2.0,10.5,21.0,B465_ARC _C3_slice6-Ort.czi,old,glp1r,upper
54,396.0,9.196969696969697,3642.0,B465_ARC _C3_slice6-Ort.czi,old,glp1r,upper
55,2.0,8.0,16.0,B465_ARC _C3_slice6-Ort.czi,old,glp1r,upper
56,11.0,13.272727272727273,146.0,B465_ARC _C3_slice6-Ort.czi,old,glp1r,upper
57,60.0,23.1,1386.0,B465_ARC _C3_slice6-Ort.czi,old,glp1r,upper
58,73.0,16.273972602739725,1188.0,B465_ARC _C3_slice6-Ort.czi,old,glp1r,upper
59,549.0,11.632058287795992,6386.0,B465_ARC _C3_slice6-Ort.czi,old,glp1r,upper
60,24.0,8.416666666666666,202.0,B465_ARC _C3_slice6-Ort.czi,old,glp1r,upper
61,65.0,10.953846153846154,712.0,B465_ARC _C3_slice6-Ort.czi,old,glp1r,upper
62,135.0,37.03703703703704,5000.0,B465_ARC _C3_slice6-Ort.czi,old,glp1r,upper
63,12.0,11.5,138.0,B465_ARC _C3_slice6-Ort.czi,old,glp1r,upper
64,124.0,27.241935483870968,3378.0,B465_ARC _C3_slice6-Ort.czi,old,glp1r,upper
65,5.0,9.2,46.0,B465_ARC _C3_slice6-Ort.czi,old,glp1r,upper
66,6.0,8.666666666666666,52.0,B465_ARC _C3_slice6-Ort.czi,old,glp1r,upper
67,14.0,9.214285714285714,129.0,B465_ARC _C3_slice6-Ort.czi,old,glp1r,upper
68,26.0,11.423076923076923,297.0,B465_ARC _C3_slice6-Ort.czi,old,glp1r,upper
69,40.0,8.775,351.0,B465_ARC _C3_slice6-Ort.czi,old,glp1r,upper
70,1.0,9.0,9.0,B465_ARC _C3_slice6-Ort.czi,old,glp1r,upper
71,2.0,12.0,24.0,B465_ARC _C3_slice6-Ort.czi,old,glp1r,upper
72,17.0,18.235294117647058,310.0,B465_ARC _C3_slice6-Ort.czi,old,glp1r,upper
73,46.0,8.08695652173913,372.0,B465_ARC _C3_slice6-Ort.czi,old,glp1r,upper
74,49.0,11.26530612244898,552.0,B465_ARC _C3_slice6-Ort.czi,old,glp1r,upper
75,16.0,11.375,182.0,B465_ARC _C3_slice6-Ort.czi,old,glp1r,upper
76,23.0,8.130434782608695,187.0,B465_ARC _C3_slice6-Ort.czi,old,glp1r,upper
77,38.0,14.763157894736842,561.0,B465_ARC _C3_slice6-Ort.czi,old,glp1r,upper
78,16.0,10.875,174.0,B465_ARC _C3_slice6-Ort.czi,old,glp1r,upper
79,24.0,12.458333333333334,299.0,B465_ARC _C3_slice6-Ort.czi,old,glp1r,upper
80,53.0,17.81132075471698,944.0,B465_ARC _C3_slice6-Ort.czi,old,glp1r,upper
81,6.0,7.166666666666667,43.0,B465_ARC _C3_slice6-Ort.czi,old,glp1r,upper
82,17.0,8.529411764705882,145.0,B465_ARC _C3_slice6-Ort.czi,old,glp1r,upper
83,25.0,12.28,307.0,B465_ARC _C3_slice6-Ort.czi,old,glp1r,upper
84,41.0,8.341463414634147,342.0,B465_ARC _C3_slice6-Ort.czi,old,glp1r,upper
85,574.0,10.996515679442508,6312.0,B465_ARC _C3_slice6-Ort.czi,old,glp1r,upper
86,9.0,8.666666666666666,78.0,B465_ARC _C3_slice6-Ort.czi,old,glp1r,upper
87,51.0,10.509803921568627,536.0,B465_ARC _C3_slice6-Ort.czi,old,glp1r,upper
88,36.0,9.805555555555555,353.0,B465_ARC _C3_slice6-Ort.czi,old,glp1r,upper
89,7.0,16.0,112.0,B465_ARC _C3_slice6-Ort.czi,old,glp1r,upper
90,1.0,10.0,10.0,B465_ARC _C3_slice6-Ort.czi,old,glp1r,upper
91,7.0,14.857142857142858,104.0,B465_ARC _C3_slice6-Ort.czi,old,glp1r,upper
92,12.0,16.916666666666668,203.0,B465_ARC _C3_slice6-Ort.czi,old,glp1r,upper
93,30.0,10.333333333333334,310.0,B465_ARC _C3_slice6-Ort.czi,old,glp1r,upper
94,14.0,11.071428571428571,155.0,B465_ARC _C3_slice6-Ort.czi,old,glp1r,upper
95,6.0,15.333333333333334,92.0,B465_ARC _C3_slice6-Ort.czi,old,glp1r,upper
96,2119.0,9.854648419065597,20882.0,B465_ARC _C3_slice6-Ort.czi,old,glp1r,upper
97,26.0,10.192307692307692,265.0,B465_ARC _C3_slice6-Ort.czi,old,glp1r,upper
98,3.0,14.666666666666666,44.0,B465_ARC _C3_slice6-Ort.czi,old,glp1r,upper
99,1.0,9.0,9.0,B465_ARC _C3_slice6-Ort.czi,old,glp1r,upper
100,6.0,7.0,42.0,B465_ARC _C3_slice6-Ort.czi,old,glp1r,upper
101,63.0,8.46031746031746,533.0,B465_ARC _C3_slice6-Ort.czi,old,glp1r,upper
102,1.0,7.0,7.0,B465_ARC _C3_slice6-Ort.czi,old,glp1r,upper
103,2.0,13.5,27.0,B465_ARC _C3_slice6-Ort.czi,old,glp1r,upper
104,1.0,13.0,13.0,B465_ARC _C3_slice6-Ort.czi,old,glp1r,upper
105,10.0,21.4,214.0,B465_ARC _C3_slice6-Ort.czi,old,glp1r,upper
106,2.0,13.5,27.0,B465_ARC _C3_slice6-Ort.czi,old,glp1r,upper
107,4.0,9.5,38.0,B465_ARC _C3_slice6-Ort.czi,old,glp1r,upper
108,38.0,10.526315789473685,400.0,B465_ARC _C3_slice6-Ort.czi,old,glp1r,upper
109,17.0,17.235294117647058,293.0,B465_ARC _C3_slice6-Ort.czi,old,glp1r,upper
110,14.0,12.928571428571429,181.0,B465_ARC _C3_slice6-Ort.czi,old,glp1r,upper
111,4.0,14.0,56.0,B465_ARC _C3_slice6-Ort.czi,old,glp1r,upper
112,497.0,9.116700201207243,4531.0,B465_ARC _C3_slice6-Ort.czi,old,glp1r,upper
113,124.0,11.806451612903226,1464.0,B465_ARC _C3_slice6-Ort.czi,old,glp1r,upper
114,1.0,8.0,8.0,B465_ARC _C3_slice6-Ort.czi,old,glp1r,upper
115,37.0,12.45945945945946,461.0,B465_ARC _C3_slice6-Ort.czi,old,glp1r,upper
116,7.0,7.857142857142857,55.0,B465_ARC _C3_slice6-Ort.czi,old,glp1r,upper
117,17.0,9.117647058823529,155.0,B465_ARC _C3_slice6-Ort.czi,old,glp1r,upper
118,52.0,7.788461538461538,405.0,B465_ARC _C3_slice6-Ort.czi,old,glp1r,upper
119,9.0,11.0,99.0,B465_ARC _C3_slice6-Ort.czi,old,glp1r,upper
120,24.0,11.583333333333334,278.0,B465_ARC _C3_slice6-Ort.czi,old,glp1r,upper
121,9.0,7.555555555555555,68.0,B465_ARC _C3_slice6-Ort.czi,old,glp1r,upper
122,39.0,8.794871794871796,343.0,B465_ARC _C3_slice6-Ort.czi,old,glp1r,upper
123,130.0,8.0,1040.0,B465_ARC _C3_slice6-Ort.czi,old,glp1r,upper
124,41.0,10.097560975609756,414.0,B465_ARC _C3_slice6-Ort.czi,old,glp1r,upper
125,37.0,10.054054054054054,372.0,B465_ARC _C3_slice6-Ort.czi,old,glp1r,upper
126,11.0,7.909090909090909,87.0,B465_ARC _C3_slice6-Ort.czi,old,glp1r,upper
127,10.0,8.5,85.0,B465_ARC _C3_slice6-Ort.czi,old,glp1r,upper
128,5.0,8.2,41.0,B465_ARC _C3_slice6-Ort.czi,old,glp1r,upper
129,58.0,37.793103448275865,2192.0,B465_ARC _C3_slice6-Ort.czi,old,glp1r,upper
130,293.0,8.215017064846416,2407.0,B465_ARC _C3_slice6-Ort.czi,old,glp1r,upper
131,54.0,10.12962962962963,547.0,B465_ARC _C3_slice6-Ort.czi,old,glp1r,upper
132,9.0,11.333333333333334,102.0,B465_ARC _C3_slice6-Ort.czi,old,glp1r,upper
133,108.0,9.13888888888889,987.0,B465_ARC _C3_slice6-Ort.czi,old,glp1r,upper
134,40.0,7.65,306.0,B465_ARC _C3_slice6-Ort.czi,old,glp1r,upper
135,655.0,8.036641221374046,5264.0,B465_ARC _C3_slice6-Ort.czi,old,glp1r,upper
136,107.0,10.0,1070.0,B465_ARC _C3_slice6-Ort.czi,old,glp1r,upper
137,23.0,11.91304347826087,274.0,B465_ARC _C3_slice6-Ort.czi,old,glp1r,upper
138,100.0,8.33,833.0,B465_ARC _C3_slice6-Ort.czi,old,glp1r,upper
139,54.0,17.14814814814815,926.0,B465_ARC _C3_slice6-Ort.czi,old,glp1r,upper
140,49.0,7.877551020408164,386.0,B465_ARC _C3_slice6-Ort.czi,old,glp1r,upper
141,20.0,10.6,212.0,B465_ARC _C3_slice6-Ort.czi,old,glp1r,upper
142,105.0,24.0,2520.0,B465_ARC _C3_slice6-Ort.czi,old,glp1r,upper
143,6.0,10.0,60.0,B465_ARC _C3_slice6-Ort.czi,old,glp1r,upper
144,3.0,10.666666666666666,32.0,B465_ARC _C3_slice6-Ort.czi,old,glp1r,upper
145,15.0,10.066666666666666,151.0,B465_ARC _C3_slice6-Ort.czi,old,glp1r,upper
146,34.0,16.794117647058822,571.0,B465_ARC _C3_slice6-Ort.czi,old,glp1r,upper
147,25.0,19.4,484.99999999999994,B465_ARC _C3_slice6-Ort.czi,old,glp1r,upper
148,3.0,8.666666666666666,26.0,B465_ARC _C3_slice6-Ort.czi,old,glp1r,upper
149,84.0,10.226190476190476,859.0,B465_ARC _C3_slice6-Ort.czi,old,glp1r,upper
150,83.0,9.096385542168674,755.0,B465_ARC _C3_slice6-Ort.czi,old,glp1r,upper
151,78.0,8.166666666666666,637.0,B465_ARC _C3_slice6-Ort.czi,old,glp1r,upper
152,90.0,12.344444444444445,1111.0,B465_ARC _C3_slice6-Ort.czi,old,glp1r,upper
153,4.0,14.25,57.0,B465_ARC _C3_slice6-Ort.czi,old,glp1r,upper
154,59.0,10.796610169491526,637.0,B465_ARC _C3_slice6-Ort.czi,old,glp1r,upper
155,4.0,8.5,34.0,B465_ARC _C3_slice6-Ort.czi,old,glp1r,upper
156,2175.0,7.8533333333333335,17081.0,B465_ARC _C3_slice6-Ort.czi,old,glp1r,upper
157,162.0,20.65432098765432,3345.9999999999995,B465_ARC _C3_slice6-Ort.czi,old,glp1r,upper
158,6.0,8.166666666666666,49.0,B465_ARC _C3_slice6-Ort.czi,old,glp1r,upper
159,15.0,13.666666666666666,205.0,B465_ARC _C3_slice6-Ort.czi,old,glp1r,upper
160,59.0,9.271186440677965,547.0,B465_ARC _C3_slice6-Ort.czi,old,glp1r,upper
161,282.0,8.570921985815604,2417.0,B465_ARC _C3_slice6-Ort.czi,old,glp1r,upper
162,198.0,14.545454545454545,2880.0,B465_ARC _C3_slice6-Ort.czi,old,glp1r,upper
163,204.0,8.857843137254902,1807.0,B465_ARC _C3_slice6-Ort.czi,old,glp1r,upper
164,3.0,10.666666666666666,32.0,B465_ARC _C3_slice6-Ort.czi,old,glp1r,upper
165,24.0,11.416666666666666,274.0,B465_ARC _C3_slice6-Ort.czi,old,glp1r,upper
166,16.0,7.625,122.0,B465_ARC _C3_slice6-Ort.czi,old,glp1r,upper
167,1009.0,7.142715559960357,7207.0,B465_ARC _C3_slice6-Ort.czi,old,glp1r,upper
168,4013.0,8.386743084973835,33656.0,B465_ARC _C3_slice6-Ort.czi,old,glp1r,upper
169,42.0,9.142857142857142,384.0,B465_ARC _C3_slice6-Ort.czi,old,glp1r,upper
170,5.0,12.0,60.0,B465_ARC _C3_slice6-Ort.czi,old,glp1r,upper
171,40.0,15.55,622.0,B465_ARC _C3_slice6-Ort.czi,old,glp1r,upper
172,14.0,10.357142857142858,145.0,B465_ARC _C3_slice6-Ort.czi,old,glp1r,upper
173,30.0,14.6,438.0,B465_ARC _C3_slice6-Ort.czi,old,glp1r,upper
174,1755.0,9.389173789173789,16478.0,B465_ARC _C3_slice6-Ort.czi,old,glp1r,upper
175,1.0,7.0,7.0,B465_ARC _C3_slice6-Ort.czi,old,glp1r,upper
176,132.0,8.666666666666666,1144.0,B465_ARC _C3_slice6-Ort.czi,old,glp1r,upper
177,8.0,8.0,64.0,B465_ARC _C3_slice6-Ort.czi,old,glp1r,upper
178,7.0,8.857142857142858,62.0,B465_ARC _C3_slice6-Ort.czi,old,glp1r,upper
179,45.0,15.666666666666666,705.0,B465_ARC _C3_slice6-Ort.czi,old,glp1r,upper
180,83.0,8.421686746987952,699.0,B465_ARC _C3_slice6-Ort.czi,old,glp1r,upper
181,292.0,9.722602739726028,2839.0,B465_ARC _C3_slice6-Ort.czi,old,glp1r,upper
182,89.0,11.202247191011235,996.9999999999999,B465_ARC _C3_slice6-Ort.czi,old,glp1r,upper
183,4.0,10.0,40.0,B465_ARC _C3_slice6-Ort.czi,old,glp1r,upper
184,4982.0,8.66138097149739,43151.0,B465_ARC _C3_slice6-Ort.czi,old,glp1r,upper
185,5.0,8.2,41.0,B465_ARC _C3_slice6-Ort.czi,old,glp1r,upper
186,10944.0,9.219663742690058,100899.99999999999,B465_ARC _C3_slice6-Ort.czi,old,glp1r,upper
187,20.0,23.7,474.0,B465_ARC _C3_slice6-Ort.czi,old,glp1r,upper
188,21.0,15.619047619047619,328.0,B465_ARC _C3_slice6-Ort.czi,old,glp1r,upper
189,39.0,16.94871794871795,661.0,B465_ARC _C3_slice6-Ort.czi,old,glp1r,upper
190,15.0,19.266666666666666,289.0,B465_ARC _C3_slice6-Ort.czi,old,glp1r,upper
191,127.0,8.527559055118111,1083.0,B465_ARC _C3_slice6-Ort.czi,old,glp1r,upper
192,168.0,8.363095238095237,1404.9999999999998,B465_ARC _C3_slice6-Ort.czi,old,glp1r,upper
193,139.0,8.179856115107913,1137.0,B465_ARC _C3_slice6-Ort.czi,old,glp1r,upper
194,12.0,17.833333333333332,214.0,B465_ARC _C3_slice6-Ort.czi,old,glp1r,upper
195,1.0,10.0,10.0,B465_ARC _C3_slice6-Ort.czi,old,glp1r,upper
196,145.0,8.206896551724139,1190.0000000000002,B465_ARC _C3_slice6-Ort.czi,old,glp1r,upper
197,3.0,14.333333333333334,43.0,B465_ARC _C3_slice6-Ort.czi,old,glp1r,upper
198,21.0,9.80952380952381,206.0,B465_ARC _C3_slice6-Ort.czi,old,glp1r,upper
199,5.0,9.8,49.0,B465_ARC _C3_slice6-Ort.czi,old,glp1r,upper
200,281.0,14.676156583629894,4124.0,B465_ARC _C3_slice6-Ort.czi,old,glp1r,upper
201,67.0,8.656716417910447,580.0,B465_ARC _C3_slice6-Ort.czi,old,glp1r,upper
202,27.0,7.962962962962963,215.0,B465_ARC _C3_slice6-Ort.czi,old,glp1r,upper
203,129.0,9.44186046511628,1218.0,B465_ARC _C3_slice6-Ort.czi,old,glp1r,upper
204,182.0,8.434065934065934,1535.0,B465_ARC _C3_slice6-Ort.czi,old,glp1r,upper
205,28.0,13.535714285714286,379.0,B465_ARC _C3_slice6-Ort.czi,old,glp1r,upper
206,21.0,8.333333333333334,175.0,B465_ARC _C3_slice6-Ort.czi,old,glp1r,upper
207,17.0,13.647058823529411,232.0,B465_ARC _C3_slice6-Ort.czi,old,glp1r,upper
208,2756.0,8.482946298984034,23378.999999999996,B465_ARC _C3_slice6-Ort.czi,old,glp1r,upper
209,680.0,8.227941176470589,5595.0,B465_ARC _C3_slice6-Ort.czi,old,glp1r,upper
210,107.0,8.644859813084112,925.0,B465_ARC _C3_slice6-Ort.czi,old,glp1r,upper
211,11.0,8.818181818181818,97.0,B465_ARC _C3_slice6-Ort.czi,old,glp1r,upper
212,90.0,16.488888888888887,1483.9999999999998,B465_ARC _C3_slice6-Ort.czi,old,glp1r,upper
213,49.0,13.591836734693878,666.0,B465_ARC _C3_slice6-Ort.czi,old,glp1r,upper
214,18.0,13.61111111111111,245.0,B465_ARC _C3_slice6-Ort.czi,old,glp1r,upper
215,56.0,8.339285714285714,466.99999999999994,B465_ARC _C3_slice6-Ort.czi,old,glp1r,upper
216,21.0,7.857142857142857,165.0,B465_ARC _C3_slice6-Ort.czi,old,glp1r,upper
217,34.0,10.235294117647058,348.0,B465_ARC _C3_slice6-Ort.czi,old,glp1r,upper
218,5.0,15.6,78.0,B465_ARC _C3_slice6-Ort.czi,old,glp1r,upper
219,62.0,7.709677419354839,478.0,B465_ARC _C3_slice6-Ort.czi,old,glp1r,upper
220,66.0,9.196969696969697,607.0,B465_ARC _C3_slice6-Ort.czi,old,glp1r,upper
221,76.0,14.81578947368421,1126.0,B465_ARC _C3_slice6-Ort.czi,old,glp1r,upper
222,173.0,11.705202312138729,2025.0,B465_ARC _C3_slice6-Ort.czi,old,glp1r,upper
223,50.0,12.9,645.0,B465_ARC _C3_slice6-Ort.czi,old,glp1r,upper
224,1.0,5.0,5.0,B465_ARC _C3_slice6-Ort.czi,old,glp1r,upper
225,29.0,8.0,232.0,B465_ARC _C3_slice6-Ort.czi,old,glp1r,upper
226,17.0,13.117647058823529,223.0,B465_ARC _C3_slice6-Ort.czi,old,glp1r,upper
227,16.0,18.6875,299.0,B465_ARC _C3_slice6-Ort.czi,old,glp1r,upper
228,102.0,8.794117647058824,897.0000000000001,B465_ARC _C3_slice6-Ort.czi,old,glp1r,upper
229,22.0,13.727272727272727,302.0,B465_ARC _C3_slice6-Ort.czi,old,glp1r,upper
230,97.0,9.577319587628866,929.0,B465_ARC _C3_slice6-Ort.czi,old,glp1r,upper
231,659.0,8.946889226100152,5896.000000000001,B465_ARC _C3_slice6-Ort.czi,old,glp1r,upper
232,21.0,9.285714285714286,195.00000000000003,B465_ARC _C3_slice6-Ort.czi,old,glp1r,upper
233,456.0,8.107456140350877,3697.0,B465_ARC _C3_slice6-Ort.czi,old,glp1r,upper
234,25.0,13.2,330.0,B465_ARC _C3_slice6-Ort.czi,old,glp1r,upper
235,98.0,8.5,833.0,B465_ARC _C3_slice6-Ort.czi,old,glp1r,upper
236,18.0,8.0,144.0,B465_ARC _C3_slice6-Ort.czi,old,glp1r,upper
237,131.0,14.213740458015268,1862.0,B465_ARC _C3_slice6-Ort.czi,old,glp1r,upper
238,84.0,12.952380952380953,1088.0,B465_ARC _C3_slice6-Ort.czi,old,glp1r,upper
239,12.0,19.666666666666668,236.0,B465_ARC _C3_slice6-Ort.czi,old,glp1r,upper
240,58.0,8.189655172413794,475.0,B465_ARC _C3_slice6-Ort.czi,old,glp1r,upper
241,2.0,6.5,13.0,B465_ARC _C3_slice6-Ort.czi,old,glp1r,upper
242,18.0,12.944444444444445,233.0,B465_ARC _C3_slice6-Ort.czi,old,glp1r,upper
243,70.0,15.157142857142857,1061.0,B465_ARC _C3_slice6-Ort.czi,old,glp1r,upper
244,4.0,14.0,56.0,B465_ARC _C3_slice6-Ort.czi,old,glp1r,upper
245,67.0,10.462686567164178,701.0,B465_ARC _C3_slice6-Ort.czi,old,glp1r,upper
246,28.0,14.714285714285714,412.0,B465_ARC _C3_slice6-Ort.czi,old,glp1r,upper
247,93.0,14.096774193548388,1311.0,B465_ARC _C3_slice6-Ort.czi,old,glp1r,upper
248,1.0,6.0,6.0,B465_ARC _C3_slice6-Ort.czi,old,glp1r,upper
249,177.0,9.796610169491526,1734.0,B465_ARC _C3_slice6-Ort.czi,old,glp1r,upper
250,15.0,10.666666666666666,160.0,B465_ARC _C3_slice6-Ort.czi,old,glp1r,upper
251,65.0,11.292307692307693,734.0,B465_ARC _C3_slice6-Ort.czi,old,glp1r,upper
252,128.0,8.71875,1116.0,B465_ARC _C3_slice6-Ort.czi,old,glp1r,upper
253,21.0,15.952380952380953,335.0,B465_ARC _C3_slice6-Ort.czi,old,glp1r,upper
254,5.0,9.2,46.0,B465_ARC _C3_slice6-Ort.czi,old,glp1r,upper
255,123.0,11.967479674796747,1472.0,B465_ARC _C3_slice6-Ort.czi,old,glp1r,upper
256,131.0,12.816793893129772,1679.0,B465_ARC _C3_slice6-Ort.czi,old,glp1r,upper
257,7.0,9.285714285714286,65.0,B465_ARC _C3_slice6-Ort.czi,old,glp1r,upper
258,99.0,11.88888888888889,1177.0,B465_ARC _C3_slice6-Ort.czi,old,glp1r,upper
259,48.0,8.083333333333334,388.0,B465_ARC _C3_slice6-Ort.czi,old,glp1r,upper
260,5.0,9.2,46.0,B465_ARC _C3_slice6-Ort.czi,old,glp1r,upper
261,33.0,13.06060606060606,431.0,B465_ARC _C3_slice6-Ort.czi,old,glp1r,upper
262,7.0,15.857142857142858,111.0,B465_ARC _C3_slice6-Ort.czi,old,glp1r,upper
263,25.0,13.56,339.0,B465_ARC _C3_slice6-Ort.czi,old,glp1r,upper
264,3.0,9.333333333333334,28.0,B465_ARC _C3_slice6-Ort.czi,old,glp1r,upper
265,46.0,10.630434782608695,489.0,B465_ARC _C3_slice6-Ort.czi,old,glp1r,upper
266,28.0,10.5,294.0,B465_ARC _C3_slice6-Ort.czi,old,glp1r,upper
267,2.0,8.0,16.0,B465_ARC _C3_slice6-Ort.czi,old,glp1r,upper
268,12.0,11.583333333333334,139.0,B465_ARC _C3_slice6-Ort.czi,old,glp1r,upper
269,19.0,9.631578947368421,183.0,B465_ARC _C3_slice6-Ort.czi,old,glp1r,upper
270,6.0,7.5,45.0,B465_ARC _C3_slice6-Ort.czi,old,glp1r,upper
271,11.0,14.636363636363637,161.0,B465_ARC _C3_slice6-Ort.czi,old,glp1r,upper
272,37.0,10.64864864864865,394.0,B465_ARC _C3_slice6-Ort.czi,old,glp1r,upper
273,4.0,17.25,69.0,B465_ARC _C3_slice6-Ort.czi,old,glp1r,upper
274,28.0,12.142857142857142,340.0,B465_ARC _C3_slice6-Ort.czi,old,glp1r,upper
275,1.0,10.0,10.0,B465_ARC _C3_slice6-Ort.czi,old,glp1r,upper
276,30.0,14.2,426.0,B465_ARC _C3_slice6-Ort.czi,old,glp1r,upper
277,81.0,13.506172839506172,1094.0,B465_ARC _C3_slice6-Ort.czi,old,glp1r,upper
278,98.0,13.887755102040817,1361.0,B465_ARC _C3_slice6-Ort.czi,old,glp1r,upper
279,66.0,8.242424242424242,544.0,B465_ARC _C3_slice6-Ort.czi,old,glp1r,upper
280,9.0,12.444444444444445,112.0,B465_ARC _C3_slice6-Ort.czi,old,glp1r,upper
281,90.0,10.955555555555556,986.0,B465_ARC _C3_slice6-Ort.czi,old,glp1r,upper
282,23.0,24.434782608695652,562.0,B465_ARC _C3_slice6-Ort.czi,old,glp1r,upper
283,73.0,13.547945205479452,989.0,B465_ARC _C3_slice6-Ort.czi,old,glp1r,upper
284,8.0,6.375,51.0,B465_ARC _C3_slice6-Ort.czi,old,glp1r,upper
285,8.0,13.0,104.0,B465_ARC _C3_slice6-Ort.czi,old,glp1r,upper
286,16.0,10.375,166.0,B465_ARC _C3_slice6-Ort.czi,old,glp1r,upper
287,14.0,9.285714285714286,130.0,B465_ARC _C3_slice6-Ort.czi,old,glp1r,upper
288,6.0,9.666666666666666,58.0,B465_ARC _C3_slice6-Ort.czi,old,glp1r,upper
289,2.0,6.5,13.0,B465_ARC _C3_slice6-Ort.czi,old,glp1r,upper
290,154.0,8.896103896103897,1370.0000000000002,B465_ARC _C3_slice6-Ort.czi,old,glp1r,upper
291,16.0,10.625,170.0,B465_ARC _C3_slice6-Ort.czi,old,glp1r,upper
292,3.0,15.0,45.0,B465_ARC _C3_slice6-Ort.czi,old,glp1r,upper
293,14.0,14.714285714285714,206.0,B465_ARC _C3_slice6-Ort.czi,old,glp1r,upper
294,9.0,11.777777777777779,106.0,B465_ARC _C3_slice6-Ort.czi,old,glp1r,upper
295,76.0,13.18421052631579,1002.0,B465_ARC _C3_slice6-Ort.czi,old,glp1r,upper
296,12.0,11.583333333333334,139.0,B465_ARC _C3_slice6-Ort.czi,old,glp1r,upper
297,153.0,14.516339869281046,2221.0,B465_ARC _C3_slice6-Ort.czi,old,glp1r,upper
298,11.0,9.818181818181818,108.0,B465_ARC _C3_slice6-Ort.czi,old,glp1r,upper
299,14.0,7.857142857142857,110.0,B465_ARC _C3_slice6-Ort.czi,old,glp1r,upper
300,30.0,11.433333333333334,343.0,B465_ARC _C3_slice6-Ort.czi,old,glp1r,upper
301,108.0,17.666666666666668,1908.0000000000002,B465_ARC _C3_slice6-Ort.czi,old,glp1r,upper
302,115.0,15.243478260869566,1753.0,B465_ARC _C3_slice6-Ort.czi,old,glp1r,upper
303,39.0,20.358974358974358,794.0,B465_ARC _C3_slice6-Ort.czi,old,glp1r,upper
304,57.0,12.771929824561404,728.0,B465_ARC _C3_slice6-Ort.czi,old,glp1r,upper
305,43.0,12.0,516.0,B465_ARC _C3_slice6-Ort.czi,old,glp1r,upper
306,61.0,10.311475409836065,629.0,B465_ARC _C3_slice6-Ort.czi,old,glp1r,upper
307,12.0,11.25,135.0,B465_ARC _C3_slice6-Ort.czi,old,glp1r,upper
308,90.0,13.033333333333333,1173.0,B465_ARC _C3_slice6-Ort.czi,old,glp1r,upper
309,28.0,10.428571428571429,292.0,B465_ARC _C3_slice6-Ort.czi,old,glp1r,upper
310,15.0,16.8,252.0,B465_ARC _C3_slice6-Ort.czi,old,glp1r,upper
311,90.0,12.822222222222223,1154.0,B465_ARC _C3_slice6-Ort.czi,old,glp1r,upper
312,65.0,12.507692307692308,813.0,B465_ARC _C3_slice6-Ort.czi,old,glp1r,upper
313,19.0,16.473684210526315,313.0,B465_ARC _C3_slice6-Ort.czi,old,glp1r,upper
314,4.0,7.25,29.0,B465_ARC _C3_slice6-Ort.czi,old,glp1r,upper
315,36.0,9.13888888888889,329.0,B465_ARC _C3_slice6-Ort.czi,old,glp1r,upper
316,9.0,9.555555555555555,86.0,B465_ARC _C3_slice6-Ort.czi,old,glp1r,upper
317,5.0,10.0,50.0,B465_ARC _C3_slice6-Ort.czi,old,glp1r,upper
318,15.0,17.733333333333334,266.0,B465_ARC _C3_slice6-Ort.czi,old,glp1r,upper
319,14.0,15.285714285714286,214.0,B465_ARC _C3_slice6-Ort.czi,old,glp1r,upper
320,38.0,11.605263157894736,441.0,B465_ARC _C3_slice6-Ort.czi,old,glp1r,upper
321,19.0,8.31578947368421,158.0,B465_ARC _C3_slice6-Ort.czi,old,glp1r,upper
322,7.0,12.714285714285714,89.0,B465_ARC _C3_slice6-Ort.czi,old,glp1r,upper
323,94.0,17.30851063829787,1627.0,B465_ARC _C3_slice6-Ort.czi,old,glp1r,upper
324,160.0,11.825,1892.0,B465_ARC _C3_slice6-Ort.czi,old,glp1r,upper
325,7.0,13.142857142857142,92.0,B465_ARC _C3_slice6-Ort.czi,old,glp1r,upper
326,2.0,11.5,23.0,B465_ARC _C3_slice6-Ort.czi,old,glp1r,upper
327,63.0,9.047619047619047,570.0,B465_ARC _C3_slice6-Ort.czi,old,glp1r,upper
328,13.0,35.92307692307692,466.99999999999994,B465_ARC _C3_slice6-Ort.czi,old,glp1r,upper
329,27.0,17.185185185185187,464.00000000000006,B465_ARC _C3_slice6-Ort.czi,old,glp1r,upper
330,9.0,10.666666666666666,96.0,B465_ARC _C3_slice6-Ort.czi,old,glp1r,upper
331,116.0,10.25,1189.0,B465_ARC _C3_slice6-Ort.czi,old,glp1r,upper
332,42.0,15.166666666666666,637.0,B465_ARC _C3_slice6-Ort.czi,old,glp1r,upper
333,61.0,10.39344262295082,634.0,B465_ARC _C3_slice6-Ort.czi,old,glp1r,upper
334,47.0,12.042553191489361,566.0,B465_ARC _C3_slice6-Ort.czi,old,glp1r,upper
335,4.0,22.25,89.0,B465_ARC _C3_slice6-Ort.czi,old,glp1r,upper
336,13.0,9.692307692307692,125.99999999999999,B465_ARC _C3_slice6-Ort.czi,old,glp1r,upper
337,125.0,13.528,1691.0,B465_ARC _C3_slice6-Ort.czi,old,glp1r,upper
338,9.0,10.555555555555555,95.0,B465_ARC _C3_slice6-Ort.czi,old,glp1r,upper
339,19.0,11.789473684210526,224.0,B465_ARC _C3_slice6-Ort.czi,old,glp1r,upper
340,8.0,10.125,81.0,B465_ARC _C3_slice6-Ort.czi,old,glp1r,upper
341,47.0,11.382978723404255,535.0,B465_ARC _C3_slice6-Ort.czi,old,glp1r,upper
342,106.0,17.41509433962264,1846.0,B465_ARC _C3_slice6-Ort.czi,old,glp1r,upper
343,5.0,18.2,91.0,B465_ARC _C3_slice6-Ort.czi,old,glp1r,upper
344,2.0,6.5,13.0,B465_ARC _C3_slice6-Ort.czi,old,glp1r,upper
345,79.0,11.645569620253164,920.0,B465_ARC _C3_slice6-Ort.czi,old,glp1r,upper
346,5.0,21.0,105.0,B465_ARC _C3_slice6-Ort.czi,old,glp1r,upper
347,24.0,15.208333333333334,365.0,B465_ARC _C3_slice6-Ort.czi,old,glp1r,upper
348,27.0,26.444444444444443,714.0,B465_ARC _C3_slice6-Ort.czi,old,glp1r,upper
349,32.0,13.5625,434.0,B465_ARC _C3_slice6-Ort.czi,old,glp1r,upper
350,44.0,12.022727272727273,529.0,B465_ARC _C3_slice6-Ort.czi,old,glp1r,upper
351,19.0,15.473684210526315,294.0,B465_ARC _C3_slice6-Ort.czi,old,glp1r,upper
352,104.0,13.538461538461538,1408.0,B465_ARC _C3_slice6-Ort.czi,old,glp1r,upper
353,109.0,13.403669724770642,1461.0,B465_ARC _C3_slice6-Ort.czi,old,glp1r,upper
354,1.0,10.0,10.0,B465_ARC _C3_slice6-Ort.czi,old,glp1r,upper
355,41.0,16.73170731707317,686.0,B465_ARC _C3_slice6-Ort.czi,old,glp1r,upper
356,75.0,10.733333333333333,804.9999999999999,B465_ARC _C3_slice6-Ort.czi,old,glp1r,upper
357,46.0,14.282608695652174,657.0,B465_ARC _C3_slice6-Ort.czi,old,glp1r,upper
358,329.0,12.139817629179332,3994.0,B465_ARC _C3_slice6-Ort.czi,old,glp1r,upper
359,26.0,14.5,377.0,B465_ARC _C3_slice6-Ort.czi,old,glp1r,upper
360,11.0,8.545454545454545,94.0,B465_ARC _C3_slice6-Ort.czi,old,glp1r,upper
361,36.0,16.194444444444443,583.0,B465_ARC _C3_slice6-Ort.czi,old,glp1r,upper
362,33.0,12.06060606060606,398.0,B465_ARC _C3_slice6-Ort.czi,old,glp1r,upper
363,47.0,13.25531914893617,623.0,B465_ARC _C3_slice6-Ort.czi,old,glp1r,upper
364,7.0,11.428571428571429,80.0,B465_ARC _C3_slice6-Ort.czi,old,glp1r,upper
365,5.0,22.2,111.0,B465_ARC _C3_slice6-Ort.czi,old,glp1r,upper
366,1.0,17.0,17.0,B465_ARC _C3_slice6-Ort.czi,old,glp1r,upper
367,6.0,12.833333333333334,77.0,B465_ARC _C3_slice6-Ort.czi,old,glp1r,upper
368,16.0,18.1875,291.0,B465_ARC _C3_slice6-Ort.czi,old,glp1r,upper
369,19.0,12.736842105263158,242.0,B465_ARC _C3_slice6-Ort.czi,old,glp1r,upper
370,20.0,10.35,207.0,B465_ARC _C3_slice6-Ort.czi,old,glp1r,upper
371,3.0,8.333333333333334,25.0,B465_ARC _C3_slice6-Ort.czi,old,glp1r,upper
372,36.0,12.444444444444445,448.0,B465_ARC _C3_slice6-Ort.czi,old,glp1r,upper
373,8.0,18.125,145.0,B465_ARC _C3_slice6-Ort.czi,old,glp1r,upper
374,15.0,14.066666666666666,211.0,B465_ARC _C3_slice6-Ort.czi,old,glp1r,upper
375,14.0,15.428571428571429,216.0,B465_ARC _C3_slice6-Ort.czi,old,glp1r,upper
376,4.0,6.25,25.0,B465_ARC _C3_slice6-Ort.czi,old,glp1r,upper
377,49.0,10.775510204081632,528.0,B465_ARC _C3_slice6-Ort.czi,old,glp1r,upper
378,12.0,15.333333333333334,184.0,B465_ARC _C3_slice6-Ort.czi,old,glp1r,upper
379,17.0,13.294117647058824,226.0,B465_ARC _C3_slice6-Ort.czi,old,glp1r,upper
380,14.0,16.785714285714285,235.0,B465_ARC _C3_slice6-Ort.czi,old,glp1r,upper
381,14.0,12.785714285714286,179.0,B465_ARC _C3_slice6-Ort.czi,old,glp1r,upper
382,56.0,10.392857142857142,582.0,B465_ARC _C3_slice6-Ort.czi,old,glp1r,upper
383,58.0,16.17241379310345,938.0,B465_ARC _C3_slice6-Ort.czi,old,glp1r,upper
384,48.0,9.979166666666666,479.0,B465_ARC _C3_slice6-Ort.czi,old,glp1r,upper
385,17.0,9.470588235294118,161.0,B465_ARC _C3_slice6-Ort.czi,old,glp1r,upper
386,102.0,9.990196078431373,1019.0,B465_ARC _C3_slice6-Ort.czi,old,glp1r,upper
387,18.0,11.61111111111111,209.0,B465_ARC _C3_slice6-Ort.czi,old,glp1r,upper
388,22.0,11.590909090909092,255.00000000000003,B465_ARC _C3_slice6-Ort.czi,old,glp1r,upper
389,44.0,14.886363636363637,655.0,B465_ARC _C3_slice6-Ort.czi,old,glp1r,upper
390,9.0,11.11111111111111,100.0,B465_ARC _C3_slice6-Ort.czi,old,glp1r,upper
391,39.0,12.0,468.0,B465_ARC _C3_slice6-Ort.czi,old,glp1r,upper
392,25.0,13.68,342.0,B465_ARC _C3_slice6-Ort.czi,old,glp1r,upper
393,68.0,14.058823529411764,956.0,B465_ARC _C3_slice6-Ort.czi,old,glp1r,upper
394,3.0,12.666666666666666,38.0,B465_ARC _C3_slice6-Ort.czi,old,glp1r,upper
395,11.0,11.909090909090908,131.0,B465_ARC _C3_slice6-Ort.czi,old,glp1r,upper
396,5.0,14.0,70.0,B465_ARC _C3_slice6-Ort.czi,old,glp1r,upper
397,4.0,11.25,45.0,B465_ARC _C3_slice6-Ort.czi,old,glp1r,upper
398,53.0,10.90566037735849,578.0,B465_ARC _C3_slice6-Ort.czi,old,glp1r,upper
399,10.0,17.8,178.0,B465_ARC _C3_slice6-Ort.czi,old,glp1r,upper
400,97.0,15.144329896907216,1469.0,B465_ARC _C3_slice6-Ort.czi,old,glp1r,upper
401,34.0,10.529411764705882,358.0,B465_ARC _C3_slice6-Ort.czi,old,glp1r,upper
402,10.0,9.4,94.0,B465_ARC _C3_slice6-Ort.czi,old,glp1r,upper
403,13.0,10.461538461538462,136.0,B465_ARC _C3_slice6-Ort.czi,old,glp1r,upper
404,1.0,15.0,15.0,B465_ARC _C3_slice6-Ort.czi,old,glp1r,upper
405,1.0,12.0,12.0,B465_ARC _C3_slice6-Ort.czi,old,glp1r,upper
406,49.0,12.306122448979592,603.0,B465_ARC _C3_slice6-Ort.czi,old,glp1r,upper
407,61.0,17.327868852459016,1057.0,B465_ARC _C3_slice6-Ort.czi,old,glp1r,upper
408,57.0,10.807017543859649,616.0,B465_ARC _C3_slice6-Ort.czi,old,glp1r,upper
409,4.0,10.75,43.0,B465_ARC _C3_slice6-Ort.czi,old,glp1r,upper
410,72.0,12.88888888888889,928.0,B465_ARC _C3_slice6-Ort.czi,old,glp1r,upper
411,44.0,13.431818181818182,591.0,B465_ARC _C3_slice6-Ort.czi,old,glp1r,upper
412,48.0,10.479166666666666,503.0,B465_ARC _C3_slice6-Ort.czi,old,glp1r,upper
413,1.0,4.0,4.0,B465_ARC _C3_slice6-Ort.czi,old,glp1r,upper
414,16.0,13.1875,211.0,B465_ARC _C3_slice6-Ort.czi,old,glp1r,upper
415,22.0,10.727272727272727,236.0,B465_ARC _C3_slice6-Ort.czi,old,glp1r,upper
416,5.0,11.8,59.0,B465_ARC _C3_slice6-Ort.czi,old,glp1r,upper
417,16.0,13.4375,215.0,B465_ARC _C3_slice6-Ort.czi,old,glp1r,upper
418,37.0,11.08108108108108,410.0,B465_ARC _C3_slice6-Ort.czi,old,glp1r,upper
419,11.0,13.181818181818182,145.0,B465_ARC _C3_slice6-Ort.czi,old,glp1r,upper
420,27.0,10.62962962962963,287.0,B465_ARC _C3_slice6-Ort.czi,old,glp1r,upper
421,10.0,21.4,214.0,B465_ARC _C3_slice6-Ort.czi,old,glp1r,upper
422,5.0,20.2,101.0,B465_ARC _C3_slice6-Ort.czi,old,glp1r,upper
423,1.0,12.0,12.0,B465_ARC _C3_slice6-Ort.czi,old,glp1r,upper
424,56.0,11.357142857142858,636.0,B465_ARC _C3_slice6-Ort.czi,old,glp1r,upper
425,11.0,13.363636363636363,147.0,B465_ARC _C3_slice6-Ort.czi,old,glp1r,upper
426,44.0,10.090909090909092,444.00000000000006,B465_ARC _C3_slice6-Ort.czi,old,glp1r,upper
427,42.0,12.523809523809524,526.0,B465_ARC _C3_slice6-Ort.czi,old,glp1r,upper
428,105.0,10.161904761904761,1067.0,B465_ARC _C3_slice6-Ort.czi,old,glp1r,upper
429,15.0,14.733333333333333,221.0,B465_ARC _C3_slice6-Ort.czi,old,glp1r,upper
430,113.0,10.743362831858407,1214.0,B465_ARC _C3_slice6-Ort.czi,old,glp1r,upper
431,17.0,10.294117647058824,175.0,B465_ARC _C3_slice6-Ort.czi,old,glp1r,upper
432,21.0,13.238095238095237,278.0,B465_ARC _C3_slice6-Ort.czi,old,glp1r,upper
433,49.0,9.142857142857142,448.0,B465_ARC _C3_slice6-Ort.czi,old,glp1r,upper
434,43.0,12.162790697674419,523.0,B465_ARC _C3_slice6-Ort.czi,old,glp1r,upper
435,17.0,12.117647058823529,206.0,B465_ARC _C3_slice6-Ort.czi,old,glp1r,upper
436,4.0,9.5,38.0,B465_ARC _C3_slice6-Ort.czi,old,glp1r,upper
437,43.0,11.511627906976743,494.99999999999994,B465_ARC _C3_slice6-Ort.czi,old,glp1r,upper
438,14.0,9.214285714285714,129.0,B465_ARC _C3_slice6-Ort.czi,old,glp1r,upper
439,62.0,17.112903225806452,1061.0,B465_ARC _C3_slice6-Ort.czi,old,glp1r,upper
440,7.0,10.142857142857142,71.0,B465_ARC _C3_slice6-Ort.czi,old,glp1r,upper
441,16.0,14.375,230.0,B465_ARC _C3_slice6-Ort.czi,old,glp1r,upper
442,4.0,7.25,29.0,B465_ARC _C3_slice6-Ort.czi,old,glp1r,upper
443,52.0,9.846153846153847,512.0,B465_ARC _C3_slice6-Ort.czi,old,glp1r,upper
444,8.0,9.0,72.0,B465_ARC _C3_slice6-Ort.czi,old,glp1r,upper
445,29.0,13.275862068965518,385.0,B465_ARC _C3_slice6-Ort.czi,old,glp1r,upper
446,15.0,11.133333333333333,167.0,B465_ARC _C3_slice6-Ort.czi,old,glp1r,upper
447,70.0,14.914285714285715,1044.0,B465_ARC _C3_slice6-Ort.czi,old,glp1r,upper
448,19.0,10.842105263157896,206.00000000000003,B465_ARC _C3_slice6-Ort.czi,old,glp1r,upper
449,26.0,15.076923076923077,392.0,B465_ARC _C3_slice6-Ort.czi,old,glp1r,upper
450,47.0,10.361702127659575,487.0,B465_ARC _C3_slice6-Ort.czi,old,glp1r,upper
451,29.0,16.379310344827587,475.0,B465_ARC _C3_slice6-Ort.czi,old,glp1r,upper
452,50.0,9.66,483.0,B465_ARC _C3_slice6-Ort.czi,old,glp1r,upper
453,8.0,15.75,126.0,B465_ARC _C3_slice6-Ort.czi,old,glp1r,upper
454,15.0,19.266666666666666,289.0,B465_ARC _C3_slice6-Ort.czi,old,glp1r,upper
455,67.0,12.26865671641791,822.0,B465_ARC _C3_slice6-Ort.czi,old,glp1r,upper
456,99.0,15.515151515151516,1536.0,B465_ARC _C3_slice6-Ort.czi,old,glp1r,upper
457,13.0,11.0,143.0,B465_ARC _C3_slice6-Ort.czi,old,glp1r,upper
458,1.0,17.0,17.0,B465_ARC _C3_slice6-Ort.czi,old,glp1r,upper
459,30.0,12.066666666666666,362.0,B465_ARC _C3_slice6-Ort.czi,old,glp1r,upper
460,34.0,11.970588235294118,407.0,B465_ARC _C3_slice6-Ort.czi,old,glp1r,upper
461,3.0,12.333333333333334,37.0,B465_ARC _C3_slice6-Ort.czi,old,glp1r,upper
462,18.0,13.166666666666666,237.0,B465_ARC _C3_slice6-Ort.czi,old,glp1r,upper
463,7.0,7.428571428571429,52.0,B465_ARC _C3_slice6-Ort.czi,old,glp1r,upper
464,810.0,8.880246913580248,7193.000000000001,B465_ARC _C3_slice6-Ort.czi,old,glp1r,upper
465,19.0,12.68421052631579,241.0,B465_ARC _C3_slice6-Ort.czi,old,glp1r,upper
466,1.0,7.0,7.0,B465_ARC _C3_slice6-Ort.czi,old,glp1r,upper
467,6.0,14.833333333333334,89.0,B465_ARC _C3_slice6-Ort.czi,old,glp1r,upper
468,20.0,12.45,249.0,B465_ARC _C3_slice6-Ort.czi,old,glp1r,upper
469,45.0,11.644444444444444,524.0,B465_ARC _C3_slice6-Ort.czi,old,glp1r,upper
470,50.0,10.46,523.0,B465_ARC _C3_slice6-Ort.czi,old,glp1r,upper
471,8.0,8.375,67.0,B465_ARC _C3_slice6-Ort.czi,old,glp1r,upper
472,15.0,15.666666666666666,235.0,B465_ARC _C3_slice6-Ort.czi,old,glp1r,upper
473,5.0,17.8,89.0,B465_ARC _C3_slice6-Ort.czi,old,glp1r,upper
474,4.0,8.5,34.0,B465_ARC _C3_slice6-Ort.czi,old,glp1r,upper
475,13.0,8.846153846153847,115.0,B465_ARC _C3_slice6-Ort.czi,old,glp1r,upper
476,113.0,8.867256637168142,1002.0,B465_ARC _C3_slice6-Ort.czi,old,glp1r,upper
477,15.0,12.933333333333334,194.0,B465_ARC _C3_slice6-Ort.czi,old,glp1r,upper
478,9.0,11.555555555555555,104.0,B465_ARC _C3_slice6-Ort.czi,old,glp1r,upper
479,109.0,11.577981651376147,1262.0,B465_ARC _C3_slice6-Ort.czi,old,glp1r,upper
480,18.0,17.944444444444443,323.0,B465_ARC _C3_slice6-Ort.czi,old,glp1r,upper
481,11.0,9.090909090909092,100.00000000000001,B465_ARC _C3_slice6-Ort.czi,old,glp1r,upper
482,10.0,9.9,99.0,B465_ARC _C3_slice6-Ort.czi,old,glp1r,upper
483,18.0,11.055555555555555,199.0,B465_ARC _C3_slice6-Ort.czi,old,glp1r,upper
484,51.0,9.901960784313726,505.0,B465_ARC _C3_slice6-Ort.czi,old,glp1r,upper
485,11.0,11.909090909090908,131.0,B465_ARC _C3_slice6-Ort.czi,old,glp1r,upper
486,15.0,11.133333333333333,167.0,B465_ARC _C3_slice6-Ort.czi,old,glp1r,upper
487,204.0,9.17156862745098,1871.0,B465_ARC _C3_slice6-Ort.czi,old,glp1r,upper
488,23.0,16.0,368.0,B465_ARC _C3_slice6-Ort.czi,old,glp1r,upper
489,69.0,12.826086956521738,885.0,B465_ARC _C3_slice6-Ort.czi,old,glp1r,upper
490,29.0,11.655172413793103,338.0,B465_ARC _C3_slice6-Ort.czi,old,glp1r,upper
491,8.0,9.25,74.0,B465_ARC _C3_slice6-Ort.czi,old,glp1r,upper
492,8.0,8.875,71.0,B465_ARC _C3_slice6-Ort.czi,old,glp1r,upper
493,24.0,11.416666666666666,274.0,B465_ARC _C3_slice6-Ort.czi,old,glp1r,upper
494,37.0,10.864864864864865,402.0,B465_ARC _C3_slice6-Ort.czi,old,glp1r,upper
495,130.0,10.192307692307692,1325.0,B465_ARC _C3_slice6-Ort.czi,old,glp1r,upper
496,20.0,21.0,420.0,B465_ARC _C3_slice6-Ort.czi,old,glp1r,upper
497,156.0,12.814102564102564,1999.0,B465_ARC _C3_slice6-Ort.czi,old,glp1r,upper
498,22.0,11.090909090909092,244.00000000000003,B465_ARC _C3_slice6-Ort.czi,old,glp1r,upper
499,33.0,27.303030303030305,901.0,B465_ARC _C3_slice6-Ort.czi,old,glp1r,upper
500,7.0,12.285714285714286,86.0,B465_ARC _C3_slice6-Ort.czi,old,glp1r,upper
501,11.0,12.0,132.0,B465_ARC _C3_slice6-Ort.czi,old,glp1r,upper
502,1.0,8.0,8.0,B465_ARC _C3_slice6-Ort.czi,old,glp1r,upper
503,66.0,16.78787878787879,1108.0,B465_ARC _C3_slice6-Ort.czi,old,glp1r,upper
504,1.0,8.0,8.0,B465_ARC _C3_slice6-Ort.czi,old,glp1r,upper
505,22.0,14.681818181818182,323.0,B465_ARC _C3_slice6-Ort.czi,old,glp1r,upper
506,7.0,10.428571428571429,73.0,B465_ARC _C3_slice6-Ort.czi,old,glp1r,upper
507,57.0,14.087719298245615,803.0,B465_ARC _C3_slice6-Ort.czi,old,glp1r,upper
508,89.0,12.07865168539326,1075.0,B465_ARC _C3_slice6-Ort.czi,old,glp1r,upper
509,10.0,12.2,122.0,B465_ARC _C3_slice6-Ort.czi,old,glp1r,upper
510,10.0,9.5,95.0,B465_ARC _C3_slice6-Ort.czi,old,glp1r,upper
511,42.0,10.476190476190476,440.0,B465_ARC _C3_slice6-Ort.czi,old,glp1r,upper
512,73.0,21.0,1533.0,B465_ARC _C3_slice6-Ort.czi,old,glp1r,upper
513,9.0,12.444444444444445,112.0,B465_ARC _C3_slice6-Ort.czi,old,glp1r,upper
514,3.0,29.0,87.0,B465_ARC _C3_slice6-Ort.czi,old,glp1r,upper
515,2.0,6.0,12.0,B465_ARC _C3_slice6-Ort.czi,old,glp1r,upper
516,20.0,13.7,274.0,B465_ARC _C3_slice6-Ort.czi,old,glp1r,upper
517,9.0,10.88888888888889,98.0,B465_ARC _C3_slice6-Ort.czi,old,glp1r,upper
518,19.0,11.421052631578947,217.0,B465_ARC _C3_slice6-Ort.czi,old,glp1r,upper
519,49.0,11.408163265306122,559.0,B465_ARC _C3_slice6-Ort.czi,old,glp1r,upper
520,48.0,9.270833333333334,445.0,B465_ARC _C3_slice6-Ort.czi,old,glp1r,upper
521,111.0,10.333333333333334,1147.0,B465_ARC _C3_slice6-Ort.czi,old,glp1r,upper
522,38.0,12.447368421052632,473.0,B465_ARC _C3_slice6-Ort.czi,old,glp1r,upper
523,1.0,8.0,8.0,B465_ARC _C3_slice6-Ort.czi,old,glp1r,upper
524,251.0,12.262948207171315,3078.0,B465_ARC _C3_slice6-Ort.czi,old,glp1r,upper
525,19.0,11.473684210526315,218.0,B465_ARC _C3_slice6-Ort.czi,old,glp1r,upper
526,7.0,13.0,91.0,B465_ARC _C3_slice6-Ort.czi,old,glp1r,upper
527,16.0,19.5,312.0,B465_ARC _C3_slice6-Ort.czi,old,glp1r,upper
528,25.0,9.72,243.00000000000003,B465_ARC _C3_slice6-Ort.czi,old,glp1r,upper
529,7.0,8.857142857142858,62.0,B465_ARC _C3_slice6-Ort.czi,old,glp1r,upper
530,28.0,12.785714285714286,358.0,B465_ARC _C3_slice6-Ort.czi,old,glp1r,upper
531,183.0,20.704918032786885,3789.0,B465_ARC _C3_slice6-Ort.czi,old,glp1r,upper
532,42.0,11.619047619047619,488.0,B465_ARC _C3_slice6-Ort.czi,old,glp1r,upper
533,68.0,13.485294117647058,917.0,B465_ARC _C3_slice6-Ort.czi,old,glp1r,upper
534,13.0,14.23076923076923,185.0,B465_ARC _C3_slice6-Ort.czi,old,glp1r,upper
535,12.0,9.75,117.0,B465_ARC _C3_slice6-Ort.czi,old,glp1r,upper
536,31.0,11.612903225806452,360.0,B465_ARC _C3_slice6-Ort.czi,old,glp1r,upper
537,70.0,18.32857142857143,1283.0,B465_ARC _C3_slice6-Ort.czi,old,glp1r,upper
538,49.0,12.979591836734693,636.0,B465_ARC _C3_slice6-Ort.czi,old,glp1r,upper
539,53.0,11.30188679245283,599.0,B465_ARC _C3_slice6-Ort.czi,old,glp1r,upper
540,14.0,10.642857142857142,149.0,B465_ARC _C3_slice6-Ort.czi,old,glp1r,upper
541,7.0,10.285714285714286,72.0,B465_ARC _C3_slice6-Ort.czi,old,glp1r,upper
542,40.0,10.3,412.0,B465_ARC _C3_slice6-Ort.czi,old,glp1r,upper
543,14.0,11.785714285714286,165.0,B465_ARC _C3_slice6-Ort.czi,old,glp1r,upper
544,19.0,10.736842105263158,204.0,B465_ARC _C3_slice6-Ort.czi,old,glp1r,upper
545,14.0,8.357142857142858,117.0,B465_ARC _C3_slice6-Ort.czi,old,glp1r,upper
546,15.0,10.266666666666667,154.0,B465_ARC _C3_slice6-Ort.czi,old,glp1r,upper
547,10.0,10.2,102.0,B465_ARC _C3_slice6-Ort.czi,old,glp1r,upper
548,14.0,14.357142857142858,201.0,B465_ARC _C3_slice6-Ort.czi,old,glp1r,upper
549,79.0,11.91139240506329,941.0,B465_ARC _C3_slice6-Ort.czi,old,glp1r,upper
550,5.0,15.6,78.0,B465_ARC _C3_slice6-Ort.czi,old,glp1r,upper
551,4.0,11.5,46.0,B465_ARC _C3_slice6-Ort.czi,old,glp1r,upper
552,28.0,11.714285714285714,328.0,B465_ARC _C3_slice6-Ort.czi,old,glp1r,upper
553,46.0,9.565217391304348,440.0,B465_ARC _C3_slice6-Ort.czi,old,glp1r,upper
554,343.0,10.784256559766764,3699.0,B465_ARC _C3_slice6-Ort.czi,old,glp1r,upper
555,34.0,19.235294117647058,654.0,B465_ARC _C3_slice6-Ort.czi,old,glp1r,upper
556,23.0,13.826086956521738,318.0,B465_ARC _C3_slice6-Ort.czi,old,glp1r,upper
557,38.0,11.0,418.0,B465_ARC _C3_slice6-Ort.czi,old,glp1r,upper
558,68.0,11.75,799.0,B465_ARC _C3_slice6-Ort.czi,old,glp1r,upper
559,65.0,8.2,533.0,B465_ARC _C3_slice6-Ort.czi,old,glp1r,upper
560,33.0,9.424242424242424,311.0,B465_ARC _C3_slice6-Ort.czi,old,glp1r,upper
561,21.0,11.380952380952381,239.0,B465_ARC _C3_slice6-Ort.czi,old,glp1r,upper
562,21.0,10.80952380952381,227.0,B465_ARC _C3_slice6-Ort.czi,old,glp1r,upper
563,28.0,9.642857142857142,270.0,B465_ARC _C3_slice6-Ort.czi,old,glp1r,upper
564,5.0,8.0,40.0,B465_ARC _C3_slice6-Ort.czi,old,glp1r,upper
565,76.0,12.236842105263158,930.0,B465_ARC _C3_slice6-Ort.czi,old,glp1r,upper
566,22.0,12.181818181818182,268.0,B465_ARC _C3_slice6-Ort.czi,old,glp1r,upper
567,124.0,13.564516129032258,1682.0,B465_ARC _C3_slice6-Ort.czi,old,glp1r,upper
568,10.0,12.4,124.0,B465_ARC _C3_slice6-Ort.czi,old,glp1r,upper
569,86.0,10.174418604651162,875.0,B465_ARC _C3_slice6-Ort.czi,old,glp1r,upper
570,37.0,10.864864864864865,402.0,B465_ARC _C3_slice6-Ort.czi,old,glp1r,upper
571,38.0,9.868421052631579,375.0,B465_ARC _C3_slice6-Ort.czi,old,glp1r,upper
572,10.0,21.4,214.0,B465_ARC _C3_slice6-Ort.czi,old,glp1r,upper
573,15.0,9.933333333333334,149.0,B465_ARC _C3_slice6-Ort.czi,old,glp1r,upper
574,37.0,11.108108108108109,411.0,B465_ARC _C3_slice6-Ort.czi,old,glp1r,upper
575,1.0,7.0,7.0,B465_ARC _C3_slice6-Ort.czi,old,glp1r,upper
576,79.0,16.253164556962027,1284.0,B465_ARC _C3_slice6-Ort.czi,old,glp1r,upper
577,10.0,12.1,121.0,B465_ARC _C3_slice6-Ort.czi,old,glp1r,upper
578,2.0,16.5,33.0,B465_ARC _C3_slice6-Ort.czi,old,glp1r,upper
579,4.0,11.0,44.0,B465_ARC _C3_slice6-Ort.czi,old,glp1r,upper
580,1.0,14.0,14.0,B465_ARC _C3_slice6-Ort.czi,old,glp1r,upper
581,30.0,11.333333333333334,340.0,B465_ARC _C3_slice6-Ort.czi,old,glp1r,upper
582,24.0,9.958333333333334,239.0,B465_ARC _C3_slice6-Ort.czi,old,glp1r,upper
583,21.0,14.095238095238095,296.0,B465_ARC _C3_slice6-Ort.czi,old,glp1r,upper
584,161.0,12.68944099378882,2043.0,B465_ARC _C3_slice6-Ort.czi,old,glp1r,upper
585,26.0,9.653846153846153,251.0,B465_ARC _C3_slice6-Ort.czi,old,glp1r,upper
586,149.0,11.986577181208053,1786.0,B465_ARC _C3_slice6-Ort.czi,old,glp1r,upper
587,1.0,7.0,7.0,B465_ARC _C3_slice6-Ort.czi,old,glp1r,upper
588,30.0,18.766666666666666,563.0,B465_ARC _C3_slice6-Ort.czi,old,glp1r,upper
589,32.0,16.78125,537.0,B465_ARC _C3_slice6-Ort.czi,old,glp1r,upper
590,393.0,10.04325699745547,3947.0,B465_ARC _C3_slice6-Ort.czi,old,glp1r,upper
591,164.0,11.317073170731707,1856.0,B465_ARC _C3_slice6-Ort.czi,old,glp1r,upper
592,135.0,13.91851851851852,1879.0000000000002,B465_ARC _C3_slice6-Ort.czi,old,glp1r,upper
593,19.0,12.368421052631579,235.0,B465_ARC _C3_slice6-Ort.czi,old,glp1r,upper
594,3.0,11.0,33.0,B465_ARC _C3_slice6-Ort.czi,old,glp1r,upper
595,33.0,16.181818181818183,534.0,B465_ARC _C3_slice6-Ort.czi,old,glp1r,upper
596,3.0,12.666666666666666,38.0,B465_ARC _C3_slice6-Ort.czi,old,glp1r,upper
1,49.0,8.122448979591837,398.0,B465_ARC _C3_slice7-Ort.czi,old,glp1r,upper
2,69.0,14.36231884057971,991.0,B465_ARC _C3_slice7-Ort.czi,old,glp1r,upper
3,82.0,9.426829268292684,773.0000000000001,B465_ARC _C3_slice7-Ort.czi,old,glp1r,upper
4,87.0,7.620689655172414,663.0,B465_ARC _C3_slice7-Ort.czi,old,glp1r,upper
5,21.0,7.714285714285714,162.0,B465_ARC _C3_slice7-Ort.czi,old,glp1r,upper
6,30.0,11.2,336.0,B465_ARC _C3_slice7-Ort.czi,old,glp1r,upper
7,54.0,8.092592592592593,437.00000000000006,B465_ARC _C3_slice7-Ort.czi,old,glp1r,upper
8,82.0,7.317073170731708,600.0,B465_ARC _C3_slice7-Ort.czi,old,glp1r,upper
9,13.0,6.846153846153846,89.0,B465_ARC _C3_slice7-Ort.czi,old,glp1r,upper
10,104.0,8.10576923076923,842.9999999999999,B465_ARC _C3_slice7-Ort.czi,old,glp1r,upper
11,4.0,7.75,31.0,B465_ARC _C3_slice7-Ort.czi,old,glp1r,upper
12,6.0,7.333333333333333,44.0,B465_ARC _C3_slice7-Ort.czi,old,glp1r,upper
13,32.0,12.71875,407.0,B465_ARC _C3_slice7-Ort.czi,old,glp1r,upper
14,6.0,7.0,42.0,B465_ARC _C3_slice7-Ort.czi,old,glp1r,upper
15,93.0,8.483870967741936,789.0,B465_ARC _C3_slice7-Ort.czi,old,glp1r,upper
16,56.0,6.910714285714286,387.0,B465_ARC _C3_slice7-Ort.czi,old,glp1r,upper
17,26.0,7.538461538461538,196.0,B465_ARC _C3_slice7-Ort.czi,old,glp1r,upper
18,12.0,7.416666666666667,89.0,B465_ARC _C3_slice7-Ort.czi,old,glp1r,upper
19,74.0,8.891891891891891,658.0,B465_ARC _C3_slice7-Ort.czi,old,glp1r,upper
20,5.0,8.4,42.0,B465_ARC _C3_slice7-Ort.czi,old,glp1r,upper
21,8.0,6.125,49.0,B465_ARC _C3_slice7-Ort.czi,old,glp1r,upper
22,8.0,6.75,54.0,B465_ARC _C3_slice7-Ort.czi,old,glp1r,upper
23,7.0,7.428571428571429,52.0,B465_ARC _C3_slice7-Ort.czi,old,glp1r,upper
24,157.0,14.707006369426752,2309.0,B465_ARC _C3_slice7-Ort.czi,old,glp1r,upper
25,64.0,6.484375,415.0,B465_ARC _C3_slice7-Ort.czi,old,glp1r,upper
26,38.0,9.263157894736842,352.0,B465_ARC _C3_slice7-Ort.czi,old,glp1r,upper
27,135.0,10.11111111111111,1365.0,B465_ARC _C3_slice7-Ort.czi,old,glp1r,upper
28,6.0,7.5,45.0,B465_ARC _C3_slice7-Ort.czi,old,glp1r,upper
29,15.0,10.866666666666667,163.0,B465_ARC _C3_slice7-Ort.czi,old,glp1r,upper
30,11.0,9.454545454545455,104.0,B465_ARC _C3_slice7-Ort.czi,old,glp1r,upper
31,26.0,7.8076923076923075,203.0,B465_ARC _C3_slice7-Ort.czi,old,glp1r,upper
32,20.0,8.8,176.0,B465_ARC _C3_slice7-Ort.czi,old,glp1r,upper
33,49.0,7.285714285714286,357.0,B465_ARC _C3_slice7-Ort.czi,old,glp1r,upper
34,150.0,15.246666666666666,2287.0,B465_ARC _C3_slice7-Ort.czi,old,glp1r,upper
35,51.0,11.27450980392157,575.0,B465_ARC _C3_slice7-Ort.czi,old,glp1r,upper
36,135.0,7.962962962962963,1075.0,B465_ARC _C3_slice7-Ort.czi,old,glp1r,upper
37,28.0,9.357142857142858,262.0,B465_ARC _C3_slice7-Ort.czi,old,glp1r,upper
38,44.0,7.863636363636363,346.0,B465_ARC _C3_slice7-Ort.czi,old,glp1r,upper
39,14.0,12.428571428571429,174.0,B465_ARC _C3_slice7-Ort.czi,old,glp1r,upper
40,181.0,11.2707182320442,2040.0,B465_ARC _C3_slice7-Ort.czi,old,glp1r,upper
41,90.0,9.833333333333334,885.0,B465_ARC _C3_slice7-Ort.czi,old,glp1r,upper
42,32.0,7.53125,241.0,B465_ARC _C3_slice7-Ort.czi,old,glp1r,upper
43,57.0,7.631578947368421,435.0,B465_ARC _C3_slice7-Ort.czi,old,glp1r,upper
44,10.0,7.7,77.0,B465_ARC _C3_slice7-Ort.czi,old,glp1r,upper
45,33.0,10.484848484848484,346.0,B465_ARC _C3_slice7-Ort.czi,old,glp1r,upper
46,159.0,8.572327044025156,1362.9999999999998,B465_ARC _C3_slice7-Ort.czi,old,glp1r,upper
47,105.0,7.6761904761904765,806.0,B465_ARC _C3_slice7-Ort.czi,old,glp1r,upper
48,88.0,7.068181818181818,622.0,B465_ARC _C3_slice7-Ort.czi,old,glp1r,upper
49,3.0,8.333333333333334,25.0,B465_ARC _C3_slice7-Ort.czi,old,glp1r,upper
50,39.0,5.666666666666667,221.0,B465_ARC _C3_slice7-Ort.czi,old,glp1r,upper
51,79.0,7.0,553.0,B465_ARC _C3_slice7-Ort.czi,old,glp1r,upper
52,15.0,12.4,186.0,B465_ARC _C3_slice7-Ort.czi,old,glp1r,upper
53,245.0,14.044897959183674,3441.0,B465_ARC _C3_slice7-Ort.czi,old,glp1r,upper
54,58.0,9.275862068965518,538.0,B465_ARC _C3_slice7-Ort.czi,old,glp1r,upper
55,1.0,6.0,6.0,B465_ARC _C3_slice7-Ort.czi,old,glp1r,upper
56,26.0,9.615384615384615,250.0,B465_ARC _C3_slice7-Ort.czi,old,glp1r,upper
57,20.0,8.5,170.0,B465_ARC _C3_slice7-Ort.czi,old,glp1r,upper
58,23.0,7.304347826086956,168.0,B465_ARC _C3_slice7-Ort.czi,old,glp1r,upper
59,12.0,9.083333333333334,109.0,B465_ARC _C3_slice7-Ort.czi,old,glp1r,upper
60,96.0,13.760416666666666,1321.0,B465_ARC _C3_slice7-Ort.czi,old,glp1r,upper
61,50.0,6.5,325.0,B465_ARC _C3_slice7-Ort.czi,old,glp1r,upper
62,11.0,8.090909090909092,89.00000000000001,B465_ARC _C3_slice7-Ort.czi,old,glp1r,upper
63,39.0,6.794871794871795,265.0,B465_ARC _C3_slice7-Ort.czi,old,glp1r,upper
64,5.0,5.6,28.0,B465_ARC _C3_slice7-Ort.czi,old,glp1r,upper
65,71.0,7.605633802816901,540.0,B465_ARC _C3_slice7-Ort.czi,old,glp1r,upper
66,39.0,7.051282051282051,275.0,B465_ARC _C3_slice7-Ort.czi,old,glp1r,upper
67,39.0,13.025641025641026,508.0,B465_ARC _C3_slice7-Ort.czi,old,glp1r,upper
68,47.0,8.76595744680851,412.0,B465_ARC _C3_slice7-Ort.czi,old,glp1r,upper
69,186.0,13.510752688172044,2513.0,B465_ARC _C3_slice7-Ort.czi,old,glp1r,upper
70,32.0,9.125,292.0,B465_ARC _C3_slice7-Ort.czi,old,glp1r,upper
71,65.0,8.338461538461539,542.0,B465_ARC _C3_slice7-Ort.czi,old,glp1r,upper
72,21.0,11.0,231.0,B465_ARC _C3_slice7-Ort.czi,old,glp1r,upper
73,7.0,6.428571428571429,45.0,B465_ARC _C3_slice7-Ort.czi,old,glp1r,upper
74,81.0,13.123456790123457,1063.0,B465_ARC _C3_slice7-Ort.czi,old,glp1r,upper
75,143.0,8.258741258741258,1181.0,B465_ARC _C3_slice7-Ort.czi,old,glp1r,upper
76,4.0,9.5,38.0,B465_ARC _C3_slice7-Ort.czi,old,glp1r,upper
77,26.0,7.153846153846154,186.0,B465_ARC _C3_slice7-Ort.czi,old,glp1r,upper
78,1.0,5.0,5.0,B465_ARC _C3_slice7-Ort.czi,old,glp1r,upper
79,130.0,11.73076923076923,1525.0,B465_ARC _C3_slice7-Ort.czi,old,glp1r,upper
80,193.0,13.393782383419689,2585.0,B465_ARC _C3_slice7-Ort.czi,old,glp1r,upper
81,4.0,6.25,25.0,B465_ARC _C3_slice7-Ort.czi,old,glp1r,upper
82,17.0,7.764705882352941,132.0,B465_ARC _C3_slice7-Ort.czi,old,glp1r,upper
83,112.0,7.589285714285714,850.0,B465_ARC _C3_slice7-Ort.czi,old,glp1r,upper
84,60.0,9.716666666666667,583.0,B465_ARC _C3_slice7-Ort.czi,old,glp1r,upper
85,22.0,8.636363636363637,190.0,B465_ARC _C3_slice7-Ort.czi,old,glp1r,upper
86,3.0,6.666666666666667,20.0,B465_ARC _C3_slice7-Ort.czi,old,glp1r,upper
87,41.0,7.853658536585366,322.0,B465_ARC _C3_slice7-Ort.czi,old,glp1r,upper
88,31.0,8.806451612903226,273.0,B465_ARC _C3_slice7-Ort.czi,old,glp1r,upper
89,15.0,7.533333333333333,113.0,B465_ARC _C3_slice7-Ort.czi,old,glp1r,upper
90,50.0,7.76,388.0,B465_ARC _C3_slice7-Ort.czi,old,glp1r,upper
91,6.0,23.5,141.0,B465_ARC _C3_slice7-Ort.czi,old,glp1r,upper
92,4.0,7.25,29.0,B465_ARC _C3_slice7-Ort.czi,old,glp1r,upper
93,1.0,3.0,3.0,B465_ARC _C3_slice7-Ort.czi,old,glp1r,upper
94,52.0,7.596153846153846,395.0,B465_ARC _C3_slice7-Ort.czi,old,glp1r,upper
95,3.0,6.666666666666667,20.0,B465_ARC _C3_slice7-Ort.czi,old,glp1r,upper
96,35.0,7.3428571428571425,257.0,B465_ARC _C3_slice7-Ort.czi,old,glp1r,upper
97,172.0,13.38953488372093,2303.0,B465_ARC _C3_slice7-Ort.czi,old,glp1r,upper
98,96.0,7.916666666666667,760.0,B465_ARC _C3_slice7-Ort.czi,old,glp1r,upper
99,42.0,6.357142857142857,267.0,B465_ARC _C3_slice7-Ort.czi,old,glp1r,upper
100,2.0,7.5,15.0,B465_ARC _C3_slice7-Ort.czi,old,glp1r,upper
101,28.0,7.642857142857143,214.0,B465_ARC _C3_slice7-Ort.czi,old,glp1r,upper
102,163.0,9.533742331288343,1553.9999999999998,B465_ARC _C3_slice7-Ort.czi,old,glp1r,upper
103,115.0,6.304347826086956,725.0,B465_ARC _C3_slice7-Ort.czi,old,glp1r,upper
104,15.0,6.733333333333333,101.0,B465_ARC _C3_slice7-Ort.czi,old,glp1r,upper
105,89.0,7.820224719101123,696.0,B465_ARC _C3_slice7-Ort.czi,old,glp1r,upper
106,1.0,5.0,5.0,B465_ARC _C3_slice7-Ort.czi,old,glp1r,upper
107,25.0,14.36,359.0,B465_ARC _C3_slice7-Ort.czi,old,glp1r,upper
108,53.0,6.943396226415095,368.0,B465_ARC _C3_slice7-Ort.czi,old,glp1r,upper
109,1.0,7.0,7.0,B465_ARC _C3_slice7-Ort.czi,old,glp1r,upper
110,95.0,10.863157894736842,1032.0,B465_ARC _C3_slice7-Ort.czi,old,glp1r,upper
111,102.0,11.372549019607844,1160.0,B465_ARC _C3_slice7-Ort.czi,old,glp1r,upper
112,10.0,16.2,162.0,B465_ARC _C3_slice7-Ort.czi,old,glp1r,upper
113,225.0,7.484444444444445,1684.0,B465_ARC _C3_slice7-Ort.czi,old,glp1r,upper
114,41.0,6.414634146341464,263.0,B465_ARC _C3_slice7-Ort.czi,old,glp1r,upper
115,11.0,10.272727272727273,113.0,B465_ARC _C3_slice7-Ort.czi,old,glp1r,upper
116,111.0,7.81981981981982,868.0,B465_ARC _C3_slice7-Ort.czi,old,glp1r,upper
117,34.0,6.617647058823529,225.0,B465_ARC _C3_slice7-Ort.czi,old,glp1r,upper
118,24.0,7.25,174.0,B465_ARC _C3_slice7-Ort.czi,old,glp1r,upper
119,34.0,8.911764705882353,303.0,B465_ARC _C3_slice7-Ort.czi,old,glp1r,upper
120,49.0,7.285714285714286,357.0,B465_ARC _C3_slice7-Ort.czi,old,glp1r,upper
121,16.0,7.875,126.0,B465_ARC _C3_slice7-Ort.czi,old,glp1r,upper
122,8.0,8.875,71.0,B465_ARC _C3_slice7-Ort.czi,old,glp1r,upper
123,43.0,34.18604651162791,1470.0,B465_ARC _C3_slice7-Ort.czi,old,glp1r,upper
124,9.0,5.555555555555555,50.0,B465_ARC _C3_slice7-Ort.czi,old,glp1r,upper
125,55.0,6.963636363636364,383.0,B465_ARC _C3_slice7-Ort.czi,old,glp1r,upper
126,61.0,7.524590163934426,459.0,B465_ARC _C3_slice7-Ort.czi,old,glp1r,upper
127,1.0,6.0,6.0,B465_ARC _C3_slice7-Ort.czi,old,glp1r,upper
128,37.0,8.027027027027026,297.0,B465_ARC _C3_slice7-Ort.czi,old,glp1r,upper
129,26.0,7.115384615384615,185.0,B465_ARC _C3_slice7-Ort.czi,old,glp1r,upper
130,65.0,7.569230769230769,492.0,B465_ARC _C3_slice7-Ort.czi,old,glp1r,upper
131,67.0,7.358208955223881,493.0,B465_ARC _C3_slice7-Ort.czi,old,glp1r,upper
132,6.0,9.166666666666666,55.0,B465_ARC _C3_slice7-Ort.czi,old,glp1r,upper
133,20.0,14.45,289.0,B465_ARC _C3_slice7-Ort.czi,old,glp1r,upper
134,72.0,7.277777777777778,524.0,B465_ARC _C3_slice7-Ort.czi,old,glp1r,upper
135,53.0,6.69811320754717,355.0,B465_ARC _C3_slice7-Ort.czi,old,glp1r,upper
136,13.0,8.076923076923077,105.0,B465_ARC _C3_slice7-Ort.czi,old,glp1r,upper
137,26.0,7.576923076923077,197.0,B465_ARC _C3_slice7-Ort.czi,old,glp1r,upper
138,49.0,8.224489795918368,403.0,B465_ARC _C3_slice7-Ort.czi,old,glp1r,upper
139,1.0,5.0,5.0,B465_ARC _C3_slice7-Ort.czi,old,glp1r,upper
140,20.0,7.95,159.0,B465_ARC _C3_slice7-Ort.czi,old,glp1r,upper
141,16.0,6.75,108.0,B465_ARC _C3_slice7-Ort.czi,old,glp1r,upper
142,49.0,8.510204081632653,417.0,B465_ARC _C3_slice7-Ort.czi,old,glp1r,upper
143,1.0,4.0,4.0,B465_ARC _C3_slice7-Ort.czi,old,glp1r,upper
144,22.0,7.363636363636363,162.0,B465_ARC _C3_slice7-Ort.czi,old,glp1r,upper
145,560.0,8.498214285714285,4759.0,B465_ARC _C3_slice7-Ort.czi,old,glp1r,upper
146,12.0,9.0,108.0,B465_ARC _C3_slice7-Ort.czi,old,glp1r,upper
147,178.0,11.331460674157304,2017.0000000000002,B465_ARC _C3_slice7-Ort.czi,old,glp1r,upper
148,22.0,7.136363636363637,157.0,B465_ARC _C3_slice7-Ort.czi,old,glp1r,upper
149,4.0,14.25,57.0,B465_ARC _C3_slice7-Ort.czi,old,glp1r,upper
150,1.0,20.0,20.0,B465_ARC _C3_slice7-Ort.czi,old,glp1r,upper
151,30.0,7.766666666666667,233.0,B465_ARC _C3_slice7-Ort.czi,old,glp1r,upper
152,10.0,6.9,69.0,B465_ARC _C3_slice7-Ort.czi,old,glp1r,upper
153,82.0,6.439024390243903,528.0,B465_ARC _C3_slice7-Ort.czi,old,glp1r,upper
154,33.0,7.0606060606060606,233.0,B465_ARC _C3_slice7-Ort.czi,old,glp1r,upper
155,317.0,7.460567823343848,2365.0,B465_ARC _C3_slice7-Ort.czi,old,glp1r,upper
156,22.0,5.2727272727272725,116.0,B465_ARC _C3_slice7-Ort.czi,old,glp1r,upper
157,35.0,7.6571428571428575,268.0,B465_ARC _C3_slice7-Ort.czi,old,glp1r,upper
158,342.0,9.038011695906432,3090.9999999999995,B465_ARC _C3_slice7-Ort.czi,old,glp1r,upper
159,259.0,7.096525096525096,1838.0,B465_ARC _C3_slice7-Ort.czi,old,glp1r,upper
160,112.0,6.008928571428571,673.0,B465_ARC _C3_slice7-Ort.czi,old,glp1r,upper
161,76.0,6.144736842105263,467.0,B465_ARC _C3_slice7-Ort.czi,old,glp1r,upper
162,1.0,8.0,8.0,B465_ARC _C3_slice7-Ort.czi,old,glp1r,upper
163,22.0,6.954545454545454,153.0,B465_ARC _C3_slice7-Ort.czi,old,glp1r,upper
164,14.0,6.285714285714286,88.0,B465_ARC _C3_slice7-Ort.czi,old,glp1r,upper
165,113.0,7.300884955752212,825.0,B465_ARC _C3_slice7-Ort.czi,old,glp1r,upper
166,226.0,6.225663716814159,1407.0,B465_ARC _C3_slice7-Ort.czi,old,glp1r,upper
167,23.0,7.521739130434782,173.0,B465_ARC _C3_slice7-Ort.czi,old,glp1r,upper
168,213.0,8.446009389671362,1799.0,B465_ARC _C3_slice7-Ort.czi,old,glp1r,upper
169,20.0,6.55,131.0,B465_ARC _C3_slice7-Ort.czi,old,glp1r,upper
170,95.0,6.073684210526316,577.0,B465_ARC _C3_slice7-Ort.czi,old,glp1r,upper
171,62.0,5.870967741935484,364.0,B465_ARC _C3_slice7-Ort.czi,old,glp1r,upper
172,1.0,10.0,10.0,B465_ARC _C3_slice7-Ort.czi,old,glp1r,upper
173,14.0,8.0,112.0,B465_ARC _C3_slice7-Ort.czi,old,glp1r,upper
174,55.0,10.018181818181818,551.0,B465_ARC _C3_slice7-Ort.czi,old,glp1r,upper
175,6.0,7.0,42.0,B465_ARC _C3_slice7-Ort.czi,old,glp1r,upper
176,23.0,8.434782608695652,194.0,B465_ARC _C3_slice7-Ort.czi,old,glp1r,upper
177,110.0,6.9818181818181815,768.0,B465_ARC _C3_slice7-Ort.czi,old,glp1r,upper
178,22.0,7.318181818181818,161.0,B465_ARC _C3_slice7-Ort.czi,old,glp1r,upper
179,71.0,7.647887323943662,543.0,B465_ARC _C3_slice7-Ort.czi,old,glp1r,upper
180,36.0,7.083333333333333,255.0,B465_ARC _C3_slice7-Ort.czi,old,glp1r,upper
181,16.0,8.3125,133.0,B465_ARC _C3_slice7-Ort.czi,old,glp1r,upper
182,79.0,5.860759493670886,463.0,B465_ARC _C3_slice7-Ort.czi,old,glp1r,upper
183,5.0,6.2,31.0,B465_ARC _C3_slice7-Ort.czi,old,glp1r,upper
184,7.0,15.571428571428571,109.0,B465_ARC _C3_slice7-Ort.czi,old,glp1r,upper
185,226.0,8.597345132743364,1943.0000000000002,B465_ARC _C3_slice7-Ort.czi,old,glp1r,upper
186,15.0,5.933333333333334,89.0,B465_ARC _C3_slice7-Ort.czi,old,glp1r,upper
187,83.0,8.373493975903614,695.0,B465_ARC _C3_slice7-Ort.czi,old,glp1r,upper
188,7.0,6.714285714285714,47.0,B465_ARC _C3_slice7-Ort.czi,old,glp1r,upper
189,252.0,7.2063492063492065,1816.0,B465_ARC _C3_slice7-Ort.czi,old,glp1r,upper
190,219.0,6.036529680365297,1322.0,B465_ARC _C3_slice7-Ort.czi,old,glp1r,upper
191,2.0,8.0,16.0,B465_ARC _C3_slice7-Ort.czi,old,glp1r,upper
192,131.0,12.206106870229007,1599.0,B465_ARC _C3_slice7-Ort.czi,old,glp1r,upper
193,30.0,8.4,252.0,B465_ARC _C3_slice7-Ort.czi,old,glp1r,upper
194,49.0,6.26530612244898,307.0,B465_ARC _C3_slice7-Ort.czi,old,glp1r,upper
195,94.0,6.872340425531915,646.0,B465_ARC _C3_slice7-Ort.czi,old,glp1r,upper
196,57.0,10.333333333333334,589.0,B465_ARC _C3_slice7-Ort.czi,old,glp1r,upper
197,62.0,6.096774193548387,378.0,B465_ARC _C3_slice7-Ort.czi,old,glp1r,upper
198,2214.0,6.125564588979223,13562.0,B465_ARC _C3_slice7-Ort.czi,old,glp1r,upper
199,27.0,5.962962962962963,161.0,B465_ARC _C3_slice7-Ort.czi,old,glp1r,upper
200,246.0,5.890243902439025,1449.0,B465_ARC _C3_slice7-Ort.czi,old,glp1r,upper
201,9.0,12.88888888888889,116.0,B465_ARC _C3_slice7-Ort.czi,old,glp1r,upper
202,71.0,6.774647887323944,481.0,B465_ARC _C3_slice7-Ort.czi,old,glp1r,upper
203,49.0,6.428571428571429,315.0,B465_ARC _C3_slice7-Ort.czi,old,glp1r,upper
204,8.0,7.875,63.0,B465_ARC _C3_slice7-Ort.czi,old,glp1r,upper
205,13.0,10.384615384615385,135.0,B465_ARC _C3_slice7-Ort.czi,old,glp1r,upper
206,51.0,9.156862745098039,467.0,B465_ARC _C3_slice7-Ort.czi,old,glp1r,upper
207,146.0,6.986301369863014,1020.0,B465_ARC _C3_slice7-Ort.czi,old,glp1r,upper
208,2.0,6.5,13.0,B465_ARC _C3_slice7-Ort.czi,old,glp1r,upper
209,21.0,6.333333333333333,133.0,B465_ARC _C3_slice7-Ort.czi,old,glp1r,upper
210,24.0,5.666666666666667,136.0,B465_ARC _C3_slice7-Ort.czi,old,glp1r,upper
211,270.0,8.225925925925926,2221.0,B465_ARC _C3_slice7-Ort.czi,old,glp1r,upper
212,101.0,20.722772277227723,2093.0,B465_ARC _C3_slice7-Ort.czi,old,glp1r,upper
213,69.0,6.869565217391305,474.0,B465_ARC _C3_slice7-Ort.czi,old,glp1r,upper
214,349.0,7.710601719197708,2691.0,B465_ARC _C3_slice7-Ort.czi,old,glp1r,upper
215,13.0,9.461538461538462,123.0,B465_ARC _C3_slice7-Ort.czi,old,glp1r,upper
216,13.0,6.769230769230769,88.0,B465_ARC _C3_slice7-Ort.czi,old,glp1r,upper
217,9.0,9.666666666666666,87.0,B465_ARC _C3_slice7-Ort.czi,old,glp1r,upper
218,19.0,11.31578947368421,215.0,B465_ARC _C3_slice7-Ort.czi,old,glp1r,upper
219,112.0,6.580357142857143,737.0,B465_ARC _C3_slice7-Ort.czi,old,glp1r,upper
220,24.0,7.583333333333333,182.0,B465_ARC _C3_slice7-Ort.czi,old,glp1r,upper
221,11.0,8.818181818181818,97.0,B465_ARC _C3_slice7-Ort.czi,old,glp1r,upper
222,37.0,8.91891891891892,330.0,B465_ARC _C3_slice7-Ort.czi,old,glp1r,upper
223,377.0,7.559681697612732,2850.0,B465_ARC _C3_slice7-Ort.czi,old,glp1r,upper
224,24.0,13.083333333333334,314.0,B465_ARC _C3_slice7-Ort.czi,old,glp1r,upper
225,4510.0,7.422172949002217,33474.0,B465_ARC _C3_slice7-Ort.czi,old,glp1r,upper
226,16.0,9.5625,153.0,B465_ARC _C3_slice7-Ort.czi,old,glp1r,upper
227,439.0,6.58997722095672,2893.0,B465_ARC _C3_slice7-Ort.czi,old,glp1r,upper
228,1.0,6.0,6.0,B465_ARC _C3_slice7-Ort.czi,old,glp1r,upper
229,404.0,6.4405940594059405,2602.0,B465_ARC _C3_slice7-Ort.czi,old,glp1r,upper
230,43.0,6.325581395348837,272.0,B465_ARC _C3_slice7-Ort.czi,old,glp1r,upper
231,12.0,9.083333333333334,109.0,B465_ARC _C3_slice7-Ort.czi,old,glp1r,upper
232,30.0,6.4,192.0,B465_ARC _C3_slice7-Ort.czi,old,glp1r,upper
233,1.0,8.0,8.0,B465_ARC _C3_slice7-Ort.czi,old,glp1r,upper
234,41.0,6.902439024390244,283.0,B465_ARC _C3_slice7-Ort.czi,old,glp1r,upper
235,26.0,6.653846153846154,173.0,B465_ARC _C3_slice7-Ort.czi,old,glp1r,upper
236,14.0,9.071428571428571,127.0,B465_ARC _C3_slice7-Ort.czi,old,glp1r,upper
237,11.0,6.454545454545454,71.0,B465_ARC _C3_slice7-Ort.czi,old,glp1r,upper
238,205.0,7.824390243902439,1604.0,B465_ARC _C3_slice7-Ort.czi,old,glp1r,upper
239,14.0,7.214285714285714,101.0,B465_ARC _C3_slice7-Ort.czi,old,glp1r,upper
240,16.0,11.3125,181.0,B465_ARC _C3_slice7-Ort.czi,old,glp1r,upper
241,213.0,12.413145539906104,2644.0,B465_ARC _C3_slice7-Ort.czi,old,glp1r,upper
242,4.0,9.0,36.0,B465_ARC _C3_slice7-Ort.czi,old,glp1r,upper
243,3974.0,6.280825364871665,24960.0,B465_ARC _C3_slice7-Ort.czi,old,glp1r,upper
244,41.0,7.170731707317073,294.0,B465_ARC _C3_slice7-Ort.czi,old,glp1r,upper
245,9.0,9.222222222222221,83.0,B465_ARC _C3_slice7-Ort.czi,old,glp1r,upper
246,7.0,7.142857142857143,50.0,B465_ARC _C3_slice7-Ort.czi,old,glp1r,upper
247,39.0,8.025641025641026,313.0,B465_ARC _C3_slice7-Ort.czi,old,glp1r,upper
248,76.0,7.5131578947368425,571.0,B465_ARC _C3_slice7-Ort.czi,old,glp1r,upper
249,1.0,6.0,6.0,B465_ARC _C3_slice7-Ort.czi,old,glp1r,upper
250,26.0,7.0,182.0,B465_ARC _C3_slice7-Ort.czi,old,glp1r,upper
251,8.0,6.0,48.0,B465_ARC _C3_slice7-Ort.czi,old,glp1r,upper
252,10529.0,6.177794662361098,65046.0,B465_ARC _C3_slice7-Ort.czi,old,glp1r,upper
253,2.0,6.5,13.0,B465_ARC _C3_slice7-Ort.czi,old,glp1r,upper
254,7.0,8.571428571428571,60.0,B465_ARC _C3_slice7-Ort.czi,old,glp1r,upper
255,1256.0,7.014331210191083,8810.0,B465_ARC _C3_slice7-Ort.czi,old,glp1r,upper
256,44.0,9.045454545454545,398.0,B465_ARC _C3_slice7-Ort.czi,old,glp1r,upper
257,24.0,7.041666666666667,169.0,B465_ARC _C3_slice7-Ort.czi,old,glp1r,upper
258,73.0,8.63013698630137,630.0,B465_ARC _C3_slice7-Ort.czi,old,glp1r,upper
259,42.0,6.904761904761905,290.0,B465_ARC _C3_slice7-Ort.czi,old,glp1r,upper
260,20.0,7.2,144.0,B465_ARC _C3_slice7-Ort.czi,old,glp1r,upper
261,8.0,7.875,63.0,B465_ARC _C3_slice7-Ort.czi,old,glp1r,upper
262,1.0,7.0,7.0,B465_ARC _C3_slice7-Ort.czi,old,glp1r,upper
263,171.0,6.239766081871345,1067.0,B465_ARC _C3_slice7-Ort.czi,old,glp1r,upper
264,23.0,10.826086956521738,248.99999999999997,B465_ARC _C3_slice7-Ort.czi,old,glp1r,upper
265,16.0,12.3125,197.0,B465_ARC _C3_slice7-Ort.czi,old,glp1r,upper
266,25.0,9.36,234.0,B465_ARC _C3_slice7-Ort.czi,old,glp1r,upper
267,101.0,7.247524752475248,732.0,B465_ARC _C3_slice7-Ort.czi,old,glp1r,upper
268,14.0,6.714285714285714,94.0,B465_ARC _C3_slice7-Ort.czi,old,glp1r,upper
269,3.0,13.0,39.0,B465_ARC _C3_slice7-Ort.czi,old,glp1r,upper
270,43.0,7.162790697674419,308.0,B465_ARC _C3_slice7-Ort.czi,old,glp1r,upper
271,21.0,10.333333333333334,217.0,B465_ARC _C3_slice7-Ort.czi,old,glp1r,upper
272,11.0,9.090909090909092,100.00000000000001,B465_ARC _C3_slice7-Ort.czi,old,glp1r,upper
273,4.0,8.0,32.0,B465_ARC _C3_slice7-Ort.czi,old,glp1r,upper
274,71.0,6.971830985915493,495.0,B465_ARC _C3_slice7-Ort.czi,old,glp1r,upper
275,27.0,7.407407407407407,200.0,B465_ARC _C3_slice7-Ort.czi,old,glp1r,upper
276,4.0,7.0,28.0,B465_ARC _C3_slice7-Ort.czi,old,glp1r,upper
277,2.0,6.5,13.0,B465_ARC _C3_slice7-Ort.czi,old,glp1r,upper
278,8.0,9.5,76.0,B465_ARC _C3_slice7-Ort.czi,old,glp1r,upper
279,18.0,6.722222222222222,121.0,B465_ARC _C3_slice7-Ort.czi,old,glp1r,upper
280,13.0,8.538461538461538,111.0,B465_ARC _C3_slice7-Ort.czi,old,glp1r,upper
281,161.0,7.130434782608695,1148.0,B465_ARC _C3_slice7-Ort.czi,old,glp1r,upper
282,8.0,7.75,62.0,B465_ARC _C3_slice7-Ort.czi,old,glp1r,upper
283,7.0,6.285714285714286,44.0,B465_ARC _C3_slice7-Ort.czi,old,glp1r,upper
284,12.0,11.75,141.0,B465_ARC _C3_slice7-Ort.czi,old,glp1r,upper
285,37.0,7.702702702702703,285.0,B465_ARC _C3_slice7-Ort.czi,old,glp1r,upper
286,118.0,8.296610169491526,979.0000000000001,B465_ARC _C3_slice7-Ort.czi,old,glp1r,upper
287,19.0,7.315789473684211,139.0,B465_ARC _C3_slice7-Ort.czi,old,glp1r,upper
288,4.0,8.25,33.0,B465_ARC _C3_slice7-Ort.czi,old,glp1r,upper
289,58.0,5.9655172413793105,346.0,B465_ARC _C3_slice7-Ort.czi,old,glp1r,upper
290,28.0,8.607142857142858,241.0,B465_ARC _C3_slice7-Ort.czi,old,glp1r,upper
291,41.0,9.75609756097561,400.0,B465_ARC _C3_slice7-Ort.czi,old,glp1r,upper
292,28.0,10.357142857142858,290.0,B465_ARC _C3_slice7-Ort.czi,old,glp1r,upper
293,1125.0,6.141333333333334,6909.000000000001,B465_ARC _C3_slice7-Ort.czi,old,glp1r,upper
294,15.0,6.6,99.0,B465_ARC _C3_slice7-Ort.czi,old,glp1r,upper
295,77.0,9.792207792207792,754.0,B465_ARC _C3_slice7-Ort.czi,old,glp1r,upper
296,64.0,7.0,448.0,B465_ARC _C3_slice7-Ort.czi,old,glp1r,upper
297,34.0,6.588235294117647,224.0,B465_ARC _C3_slice7-Ort.czi,old,glp1r,upper
298,22.0,14.181818181818182,312.0,B465_ARC _C3_slice7-Ort.czi,old,glp1r,upper
299,22.0,8.363636363636363,184.0,B465_ARC _C3_slice7-Ort.czi,old,glp1r,upper
300,1.0,10.0,10.0,B465_ARC _C3_slice7-Ort.czi,old,glp1r,upper
301,17.0,13.294117647058824,226.0,B465_ARC _C3_slice7-Ort.czi,old,glp1r,upper
302,44.0,7.931818181818182,349.0,B465_ARC _C3_slice7-Ort.czi,old,glp1r,upper
303,4.0,9.75,39.0,B465_ARC _C3_slice7-Ort.czi,old,glp1r,upper
304,3.0,11.333333333333334,34.0,B465_ARC _C3_slice7-Ort.czi,old,glp1r,upper
305,7.0,8.428571428571429,59.0,B465_ARC _C3_slice7-Ort.czi,old,glp1r,upper
306,89.0,7.842696629213483,698.0,B465_ARC _C3_slice7-Ort.czi,old,glp1r,upper
307,86.0,6.930232558139535,596.0,B465_ARC _C3_slice7-Ort.czi,old,glp1r,upper
308,305.0,6.659016393442623,2031.0,B465_ARC _C3_slice7-Ort.czi,old,glp1r,upper
309,3.0,9.666666666666666,29.0,B465_ARC _C3_slice7-Ort.czi,old,glp1r,upper
310,34.0,10.029411764705882,341.0,B465_ARC _C3_slice7-Ort.czi,old,glp1r,upper
311,4.0,6.25,25.0,B465_ARC _C3_slice7-Ort.czi,old,glp1r,upper
312,18.0,7.277777777777778,131.0,B465_ARC _C3_slice7-Ort.czi,old,glp1r,upper
313,25.0,7.76,194.0,B465_ARC _C3_slice7-Ort.czi,old,glp1r,upper
314,36.0,9.527777777777779,343.0,B465_ARC _C3_slice7-Ort.czi,old,glp1r,upper
315,22.0,6.818181818181818,150.0,B465_ARC _C3_slice7-Ort.czi,old,glp1r,upper
316,69.0,7.043478260869565,486.0,B465_ARC _C3_slice7-Ort.czi,old,glp1r,upper
317,111.0,6.576576576576577,730.0,B465_ARC _C3_slice7-Ort.czi,old,glp1r,upper
318,5.0,8.4,42.0,B465_ARC _C3_slice7-Ort.czi,old,glp1r,upper
319,16.0,6.4375,103.0,B465_ARC _C3_slice7-Ort.czi,old,glp1r,upper
320,12.0,10.916666666666666,131.0,B465_ARC _C3_slice7-Ort.czi,old,glp1r,upper
321,36.0,7.694444444444445,277.0,B465_ARC _C3_slice7-Ort.czi,old,glp1r,upper
322,39.0,6.923076923076923,270.0,B465_ARC _C3_slice7-Ort.czi,old,glp1r,upper
323,253.0,8.114624505928854,2053.0,B465_ARC _C3_slice7-Ort.czi,old,glp1r,upper
324,1.0,4.0,4.0,B465_ARC _C3_slice7-Ort.czi,old,glp1r,upper
325,51.0,8.254901960784315,421.00000000000006,B465_ARC _C3_slice7-Ort.czi,old,glp1r,upper
326,3.0,5.666666666666667,17.0,B465_ARC _C3_slice7-Ort.czi,old,glp1r,upper
327,96.0,11.395833333333334,1094.0,B465_ARC _C3_slice7-Ort.czi,old,glp1r,upper
328,95.0,6.91578947368421,657.0,B465_ARC _C3_slice7-Ort.czi,old,glp1r,upper
329,24.0,7.875,189.0,B465_ARC _C3_slice7-Ort.czi,old,glp1r,upper
330,2.0,8.5,17.0,B465_ARC _C3_slice7-Ort.czi,old,glp1r,upper
331,291.0,6.164948453608248,1794.0,B465_ARC _C3_slice7-Ort.czi,old,glp1r,upper
332,12.0,10.666666666666666,128.0,B465_ARC _C3_slice7-Ort.czi,old,glp1r,upper
333,195.0,8.892307692307693,1734.0,B465_ARC _C3_slice7-Ort.czi,old,glp1r,upper
334,36.0,6.666666666666667,240.0,B465_ARC _C3_slice7-Ort.czi,old,glp1r,upper
335,54.0,6.481481481481482,350.0,B465_ARC _C3_slice7-Ort.czi,old,glp1r,upper
336,66.0,7.484848484848484,494.0,B465_ARC _C3_slice7-Ort.czi,old,glp1r,upper
337,19.0,6.578947368421052,124.99999999999999,B465_ARC _C3_slice7-Ort.czi,old,glp1r,upper
338,6.0,7.0,42.0,B465_ARC _C3_slice7-Ort.czi,old,glp1r,upper
339,53.0,7.584905660377358,402.0,B465_ARC _C3_slice7-Ort.czi,old,glp1r,upper
340,15.0,6.8,102.0,B465_ARC _C3_slice7-Ort.czi,old,glp1r,upper
341,50.0,8.68,434.0,B465_ARC _C3_slice7-Ort.czi,old,glp1r,upper
342,1613.0,6.391196528208307,10309.0,B465_ARC _C3_slice7-Ort.czi,old,glp1r,upper
343,37.0,11.297297297297296,417.99999999999994,B465_ARC _C3_slice7-Ort.czi,old,glp1r,upper
344,48.0,6.229166666666667,299.0,B465_ARC _C3_slice7-Ort.czi,old,glp1r,upper
345,2.0,9.5,19.0,B465_ARC _C3_slice7-Ort.czi,old,glp1r,upper
346,113.0,6.398230088495575,723.0,B465_ARC _C3_slice7-Ort.czi,old,glp1r,upper
347,88.0,7.568181818181818,666.0,B465_ARC _C3_slice7-Ort.czi,old,glp1r,upper
348,14.0,9.357142857142858,131.0,B465_ARC _C3_slice7-Ort.czi,old,glp1r,upper
349,126.0,6.714285714285714,846.0,B465_ARC _C3_slice7-Ort.czi,old,glp1r,upper
350,68.0,8.176470588235293,556.0,B465_ARC _C3_slice7-Ort.czi,old,glp1r,upper
351,22.0,8.090909090909092,178.00000000000003,B465_ARC _C3_slice7-Ort.czi,old,glp1r,upper
352,199.0,8.4321608040201,1678.0,B465_ARC _C3_slice7-Ort.czi,old,glp1r,upper
353,129.0,7.069767441860465,912.0,B465_ARC _C3_slice7-Ort.czi,old,glp1r,upper
354,24.0,7.458333333333333,179.0,B465_ARC _C3_slice7-Ort.czi,old,glp1r,upper
355,31.0,5.32258064516129,165.0,B465_ARC _C3_slice7-Ort.czi,old,glp1r,upper
356,195.0,6.271794871794872,1223.0,B465_ARC _C3_slice7-Ort.czi,old,glp1r,upper
357,481.0,11.925155925155925,5736.0,B465_ARC _C3_slice7-Ort.czi,old,glp1r,upper
358,16.0,9.125,146.0,B465_ARC _C3_slice7-Ort.czi,old,glp1r,upper
359,745.0,7.236241610738255,5391.0,B465_ARC _C3_slice7-Ort.czi,old,glp1r,upper
360,4.0,5.25,21.0,B465_ARC _C3_slice7-Ort.czi,old,glp1r,upper
361,43.0,6.813953488372093,293.0,B465_ARC _C3_slice7-Ort.czi,old,glp1r,upper
362,26.0,9.26923076923077,241.00000000000003,B465_ARC _C3_slice7-Ort.czi,old,glp1r,upper
363,55.0,8.6,473.0,B465_ARC _C3_slice7-Ort.czi,old,glp1r,upper
364,1.0,11.0,11.0,B465_ARC _C3_slice7-Ort.czi,old,glp1r,upper
365,107.0,6.046728971962617,647.0,B465_ARC _C3_slice7-Ort.czi,old,glp1r,upper
366,38.0,6.7105263157894735,255.0,B465_ARC _C3_slice7-Ort.czi,old,glp1r,upper
367,4.0,8.75,35.0,B465_ARC _C3_slice7-Ort.czi,old,glp1r,upper
368,22.0,9.454545454545455,208.0,B465_ARC _C3_slice7-Ort.czi,old,glp1r,upper
369,171.0,9.824561403508772,1680.0,B465_ARC _C3_slice7-Ort.czi,old,glp1r,upper
370,2.0,12.5,25.0,B465_ARC _C3_slice7-Ort.czi,old,glp1r,upper
371,48.0,8.625,414.0,B465_ARC _C3_slice7-Ort.czi,old,glp1r,upper
372,13.0,6.615384615384615,86.0,B465_ARC _C3_slice7-Ort.czi,old,glp1r,upper
373,41.0,8.585365853658537,352.0,B465_ARC _C3_slice7-Ort.czi,old,glp1r,upper
374,34.0,9.205882352941176,313.0,B465_ARC _C3_slice7-Ort.czi,old,glp1r,upper
375,21.0,8.047619047619047,169.0,B465_ARC _C3_slice7-Ort.czi,old,glp1r,upper
376,109.0,6.972477064220183,760.0,B465_ARC _C3_slice7-Ort.czi,old,glp1r,upper
377,3081.0,7.427458617332035,22884.0,B465_ARC _C3_slice7-Ort.czi,old,glp1r,upper
378,1.0,6.0,6.0,B465_ARC _C3_slice7-Ort.czi,old,glp1r,upper
379,8.0,7.125,57.0,B465_ARC _C3_slice7-Ort.czi,old,glp1r,upper
380,701.0,7.686162624821684,5388.0,B465_ARC _C3_slice7-Ort.czi,old,glp1r,upper
381,25.0,6.12,153.0,B465_ARC _C3_slice7-Ort.czi,old,glp1r,upper
382,40.0,8.825,353.0,B465_ARC _C3_slice7-Ort.czi,old,glp1r,upper
383,318.0,7.128930817610063,2267.0,B465_ARC _C3_slice7-Ort.czi,old,glp1r,upper
384,15.0,9.133333333333333,137.0,B465_ARC _C3_slice7-Ort.czi,old,glp1r,upper
385,29.0,8.620689655172415,250.00000000000003,B465_ARC _C3_slice7-Ort.czi,old,glp1r,upper
386,45.0,7.977777777777778,359.0,B465_ARC _C3_slice7-Ort.czi,old,glp1r,upper
387,52.0,9.326923076923077,485.0,B465_ARC _C3_slice7-Ort.czi,old,glp1r,upper
388,87.0,9.045977011494253,787.0,B465_ARC _C3_slice7-Ort.czi,old,glp1r,upper
389,63.0,9.46031746031746,596.0,B465_ARC _C3_slice7-Ort.czi,old,glp1r,upper
390,298.0,6.315436241610739,1882.0,B465_ARC _C3_slice7-Ort.czi,old,glp1r,upper
391,22.0,6.636363636363637,146.0,B465_ARC _C3_slice7-Ort.czi,old,glp1r,upper
392,28.0,9.928571428571429,278.0,B465_ARC _C3_slice7-Ort.czi,old,glp1r,upper
393,15.0,8.266666666666667,124.00000000000001,B465_ARC _C3_slice7-Ort.czi,old,glp1r,upper
394,69.0,6.420289855072464,443.0,B465_ARC _C3_slice7-Ort.czi,old,glp1r,upper
395,60.0,9.183333333333334,551.0,B465_ARC _C3_slice7-Ort.czi,old,glp1r,upper
396,7.0,6.0,42.0,B465_ARC _C3_slice7-Ort.czi,old,glp1r,upper
397,45.0,5.866666666666666,264.0,B465_ARC _C3_slice7-Ort.czi,old,glp1r,upper
398,45.0,9.222222222222221,414.99999999999994,B465_ARC _C3_slice7-Ort.czi,old,glp1r,upper
399,94.0,7.1063829787234045,668.0,B465_ARC _C3_slice7-Ort.czi,old,glp1r,upper
400,88.0,7.409090909090909,652.0,B465_ARC _C3_slice7-Ort.czi,old,glp1r,upper
401,256.0,6.3359375,1622.0,B465_ARC _C3_slice7-Ort.czi,old,glp1r,upper
402,38.0,8.31578947368421,316.0,B465_ARC _C3_slice7-Ort.czi,old,glp1r,upper
403,35.0,8.771428571428572,307.0,B465_ARC _C3_slice7-Ort.czi,old,glp1r,upper
404,4.0,12.25,49.0,B465_ARC _C3_slice7-Ort.czi,old,glp1r,upper
405,41.0,9.78048780487805,401.0,B465_ARC _C3_slice7-Ort.czi,old,glp1r,upper
406,348.0,6.5201149425287355,2269.0,B465_ARC _C3_slice7-Ort.czi,old,glp1r,upper
407,64.0,6.296875,403.0,B465_ARC _C3_slice7-Ort.czi,old,glp1r,upper
408,40.0,6.775,271.0,B465_ARC _C3_slice7-Ort.czi,old,glp1r,upper
409,14.0,7.071428571428571,99.0,B465_ARC _C3_slice7-Ort.czi,old,glp1r,upper
410,35.0,7.628571428571429,267.0,B465_ARC _C3_slice7-Ort.czi,old,glp1r,upper
411,82.0,8.134146341463415,667.0,B465_ARC _C3_slice7-Ort.czi,old,glp1r,upper
412,82.0,7.536585365853658,618.0,B465_ARC _C3_slice7-Ort.czi,old,glp1r,upper
413,2.0,5.0,10.0,B465_ARC _C3_slice7-Ort.czi,old,glp1r,upper
414,87.0,8.333333333333334,725.0,B465_ARC _C3_slice7-Ort.czi,old,glp1r,upper
415,104.0,7.221153846153846,751.0,B465_ARC _C3_slice7-Ort.czi,old,glp1r,upper
416,52.0,6.596153846153846,343.0,B465_ARC _C3_slice7-Ort.czi,old,glp1r,upper
417,19.0,7.526315789473684,143.0,B465_ARC _C3_slice7-Ort.czi,old,glp1r,upper
418,1.0,7.0,7.0,B465_ARC _C3_slice7-Ort.czi,old,glp1r,upper
419,1.0,6.0,6.0,B465_ARC _C3_slice7-Ort.czi,old,glp1r,upper
420,32.0,6.5625,210.0,B465_ARC _C3_slice7-Ort.czi,old,glp1r,upper
421,440.0,7.168181818181818,3154.0,B465_ARC _C3_slice7-Ort.czi,old,glp1r,upper
422,3236.0,7.905438813349814,25582.0,B465_ARC _C3_slice7-Ort.czi,old,glp1r,upper
423,12.0,7.75,93.0,B465_ARC _C3_slice7-Ort.czi,old,glp1r,upper
424,20.0,7.85,157.0,B465_ARC _C3_slice7-Ort.czi,old,glp1r,upper
425,16.0,9.3125,149.0,B465_ARC _C3_slice7-Ort.czi,old,glp1r,upper
426,46.0,6.260869565217392,288.0,B465_ARC _C3_slice7-Ort.czi,old,glp1r,upper
427,170.0,6.91764705882353,1176.0,B465_ARC _C3_slice7-Ort.czi,old,glp1r,upper
428,48.0,8.166666666666666,392.0,B465_ARC _C3_slice7-Ort.czi,old,glp1r,upper
429,202.0,7.787128712871287,1573.0,B465_ARC _C3_slice7-Ort.czi,old,glp1r,upper
430,109.0,7.293577981651376,795.0,B465_ARC _C3_slice7-Ort.czi,old,glp1r,upper
431,14.0,10.714285714285714,150.0,B465_ARC _C3_slice7-Ort.czi,old,glp1r,upper
432,78.0,7.089743589743589,553.0,B465_ARC _C3_slice7-Ort.czi,old,glp1r,upper
433,8.0,6.5,52.0,B465_ARC _C3_slice7-Ort.czi,old,glp1r,upper
434,112.0,6.946428571428571,778.0,B465_ARC _C3_slice7-Ort.czi,old,glp1r,upper
435,1.0,5.0,5.0,B465_ARC _C3_slice7-Ort.czi,old,glp1r,upper
436,14.0,7.285714285714286,102.0,B465_ARC _C3_slice7-Ort.czi,old,glp1r,upper
437,24.0,9.333333333333334,224.0,B465_ARC _C3_slice7-Ort.czi,old,glp1r,upper
438,33.0,8.969696969696969,296.0,B465_ARC _C3_slice7-Ort.czi,old,glp1r,upper
439,13.0,8.307692307692308,108.00000000000001,B465_ARC _C3_slice7-Ort.czi,old,glp1r,upper
440,92.0,8.5,782.0,B465_ARC _C3_slice7-Ort.czi,old,glp1r,upper
441,18.0,7.833333333333333,141.0,B465_ARC _C3_slice7-Ort.czi,old,glp1r,upper
442,178.0,8.061797752808989,1435.0,B465_ARC _C3_slice7-Ort.czi,old,glp1r,upper
443,2.0,6.5,13.0,B465_ARC _C3_slice7-Ort.czi,old,glp1r,upper
444,47.0,7.0,329.0,B465_ARC _C3_slice7-Ort.czi,old,glp1r,upper
445,140.0,7.928571428571429,1110.0,B465_ARC _C3_slice7-Ort.czi,old,glp1r,upper
446,42.0,8.666666666666666,364.0,B465_ARC _C3_slice7-Ort.czi,old,glp1r,upper
447,8.0,5.875,47.0,B465_ARC _C3_slice7-Ort.czi,old,glp1r,upper
448,3.0,10.0,30.0,B465_ARC _C3_slice7-Ort.czi,old,glp1r,upper
449,108.0,8.75925925925926,946.0,B465_ARC _C3_slice7-Ort.czi,old,glp1r,upper
450,24.0,8.416666666666666,202.0,B465_ARC _C3_slice7-Ort.czi,old,glp1r,upper
451,91.0,8.010989010989011,729.0,B465_ARC _C3_slice7-Ort.czi,old,glp1r,upper
452,24.0,7.75,186.0,B465_ARC _C3_slice7-Ort.czi,old,glp1r,upper
453,6.0,7.833333333333333,47.0,B465_ARC _C3_slice7-Ort.czi,old,glp1r,upper
454,29.0,6.275862068965517,182.0,B465_ARC _C3_slice7-Ort.czi,old,glp1r,upper
455,536.0,5.7835820895522385,3100.0,B465_ARC _C3_slice7-Ort.czi,old,glp1r,upper
456,55.0,9.036363636363637,497.00000000000006,B465_ARC _C3_slice7-Ort.czi,old,glp1r,upper
457,90.0,8.188888888888888,736.9999999999999,B465_ARC _C3_slice7-Ort.czi,old,glp1r,upper
458,144.0,7.625,1098.0,B465_ARC _C3_slice7-Ort.czi,old,glp1r,upper
459,53.0,9.849056603773585,522.0,B465_ARC _C3_slice7-Ort.czi,old,glp1r,upper
460,1590.0,7.3930817610062896,11755.0,B465_ARC _C3_slice7-Ort.czi,old,glp1r,upper
461,32.0,9.5625,306.0,B465_ARC _C3_slice7-Ort.czi,old,glp1r,upper
462,552.0,7.047101449275362,3890.0,B465_ARC _C3_slice7-Ort.czi,old,glp1r,upper
463,27.0,7.851851851851852,212.0,B465_ARC _C3_slice7-Ort.czi,old,glp1r,upper
464,72.0,6.305555555555555,454.0,B465_ARC _C3_slice7-Ort.czi,old,glp1r,upper
465,50.0,7.22,361.0,B465_ARC _C3_slice7-Ort.czi,old,glp1r,upper
466,1.0,12.0,12.0,B465_ARC _C3_slice7-Ort.czi,old,glp1r,upper
467,84.0,8.94047619047619,751.0,B465_ARC _C3_slice7-Ort.czi,old,glp1r,upper
468,155.0,7.096774193548387,1100.0,B465_ARC _C3_slice7-Ort.czi,old,glp1r,upper
469,13.0,10.0,130.0,B465_ARC _C3_slice7-Ort.czi,old,glp1r,upper
470,45.0,7.0,315.0,B465_ARC _C3_slice7-Ort.czi,old,glp1r,upper
471,15.0,10.933333333333334,164.0,B465_ARC _C3_slice7-Ort.czi,old,glp1r,upper
472,194.0,9.355670103092784,1815.0,B465_ARC _C3_slice7-Ort.czi,old,glp1r,upper
473,9.0,6.888888888888889,62.0,B465_ARC _C3_slice7-Ort.czi,old,glp1r,upper
474,188.0,7.382978723404255,1388.0,B465_ARC _C3_slice7-Ort.czi,old,glp1r,upper
475,1.0,12.0,12.0,B465_ARC _C3_slice7-Ort.czi,old,glp1r,upper
476,68.0,7.470588235294118,508.0,B465_ARC _C3_slice7-Ort.czi,old,glp1r,upper
477,67.0,7.492537313432836,502.0,B465_ARC _C3_slice7-Ort.czi,old,glp1r,upper
478,4.0,7.75,31.0,B465_ARC _C3_slice7-Ort.czi,old,glp1r,upper
479,74.0,7.22972972972973,535.0,B465_ARC _C3_slice7-Ort.czi,old,glp1r,upper
480,151.0,6.337748344370861,957.0,B465_ARC _C3_slice7-Ort.czi,old,glp1r,upper
481,15.0,8.266666666666667,124.00000000000001,B465_ARC _C3_slice7-Ort.czi,old,glp1r,upper
482,86.0,8.046511627906977,692.0,B465_ARC _C3_slice7-Ort.czi,old,glp1r,upper
483,11.0,8.818181818181818,97.0,B465_ARC _C3_slice7-Ort.czi,old,glp1r,upper
484,28.0,7.214285714285714,202.0,B465_ARC _C3_slice7-Ort.czi,old,glp1r,upper
485,17.0,8.117647058823529,138.0,B465_ARC _C3_slice7-Ort.czi,old,glp1r,upper
486,206.0,6.563106796116505,1352.0,B465_ARC _C3_slice7-Ort.czi,old,glp1r,upper
487,18.0,6.888888888888889,124.0,B465_ARC _C3_slice7-Ort.czi,old,glp1r,upper
488,27.0,7.444444444444445,201.0,B465_ARC _C3_slice7-Ort.czi,old,glp1r,upper
489,34.0,8.852941176470589,301.0,B465_ARC _C3_slice7-Ort.czi,old,glp1r,upper
490,1.0,5.0,5.0,B465_ARC _C3_slice7-Ort.czi,old,glp1r,upper
491,28.0,6.964285714285714,195.0,B465_ARC _C3_slice7-Ort.czi,old,glp1r,upper
492,49.0,6.755102040816326,331.0,B465_ARC _C3_slice7-Ort.czi,old,glp1r,upper
493,18.0,8.944444444444445,161.0,B465_ARC _C3_slice7-Ort.czi,old,glp1r,upper
494,9.0,8.222222222222221,74.0,B465_ARC _C3_slice7-Ort.czi,old,glp1r,upper
495,1.0,4.0,4.0,B465_ARC _C3_slice7-Ort.czi,old,glp1r,upper
496,158.0,8.544303797468354,1350.0,B465_ARC _C3_slice7-Ort.czi,old,glp1r,upper
497,14.0,7.071428571428571,99.0,B465_ARC _C3_slice7-Ort.czi,old,glp1r,upper
498,13.0,7.230769230769231,94.0,B465_ARC _C3_slice7-Ort.czi,old,glp1r,upper
499,50.0,9.66,483.0,B465_ARC _C3_slice7-Ort.czi,old,glp1r,upper
500,38.0,11.105263157894736,422.0,B465_ARC _C3_slice7-Ort.czi,old,glp1r,upper
501,23.0,8.26086956521739,190.0,B465_ARC _C3_slice7-Ort.czi,old,glp1r,upper
502,159.0,6.861635220125786,1091.0,B465_ARC _C3_slice7-Ort.czi,old,glp1r,upper
503,3.0,6.333333333333333,19.0,B465_ARC _C3_slice7-Ort.czi,old,glp1r,upper
504,1.0,5.0,5.0,B465_ARC _C3_slice7-Ort.czi,old,glp1r,upper
505,458.0,7.248908296943231,3320.0,B465_ARC _C3_slice7-Ort.czi,old,glp1r,upper
506,78.0,6.8076923076923075,531.0,B465_ARC _C3_slice7-Ort.czi,old,glp1r,upper
507,1.0,6.0,6.0,B465_ARC _C3_slice7-Ort.czi,old,glp1r,upper
508,16.0,7.25,116.0,B465_ARC _C3_slice7-Ort.czi,old,glp1r,upper
509,1.0,8.0,8.0,B465_ARC _C3_slice7-Ort.czi,old,glp1r,upper
510,194.0,9.896907216494846,1920.0,B465_ARC _C3_slice7-Ort.czi,old,glp1r,upper
511,105.0,7.371428571428571,774.0,B465_ARC _C3_slice7-Ort.czi,old,glp1r,upper
512,3.0,5.666666666666667,17.0,B465_ARC _C3_slice7-Ort.czi,old,glp1r,upper
513,56.0,7.642857142857143,428.0,B465_ARC _C3_slice7-Ort.czi,old,glp1r,upper
514,63.0,9.857142857142858,621.0,B465_ARC _C3_slice7-Ort.czi,old,glp1r,upper
515,31.0,8.129032258064516,252.0,B465_ARC _C3_slice7-Ort.czi,old,glp1r,upper
516,10.0,9.8,98.0,B465_ARC _C3_slice7-Ort.czi,old,glp1r,upper
517,35.0,8.742857142857142,305.99999999999994,B465_ARC _C3_slice7-Ort.czi,old,glp1r,upper
518,117.0,8.41025641025641,984.0,B465_ARC _C3_slice7-Ort.czi,old,glp1r,upper
519,57.0,8.350877192982455,475.99999999999994,B465_ARC _C3_slice7-Ort.czi,old,glp1r,upper
520,179.0,7.173184357541899,1284.0,B465_ARC _C3_slice7-Ort.czi,old,glp1r,upper
521,6.0,12.666666666666666,76.0,B465_ARC _C3_slice7-Ort.czi,old,glp1r,upper
522,14.0,6.714285714285714,94.0,B465_ARC _C3_slice7-Ort.czi,old,glp1r,upper
523,29.0,7.586206896551724,220.0,B465_ARC _C3_slice7-Ort.czi,old,glp1r,upper
524,93.0,8.580645161290322,798.0,B465_ARC _C3_slice7-Ort.czi,old,glp1r,upper
525,74.0,6.743243243243243,499.0,B465_ARC _C3_slice7-Ort.czi,old,glp1r,upper
526,17.0,11.882352941176471,202.0,B465_ARC _C3_slice7-Ort.czi,old,glp1r,upper
527,29.0,7.241379310344827,210.0,B465_ARC _C3_slice7-Ort.czi,old,glp1r,upper
528,44.0,7.090909090909091,312.0,B465_ARC _C3_slice7-Ort.czi,old,glp1r,upper
529,54.0,7.203703703703703,389.0,B465_ARC _C3_slice7-Ort.czi,old,glp1r,upper
530,12.0,10.583333333333334,127.0,B465_ARC _C3_slice7-Ort.czi,old,glp1r,upper
531,21.0,8.857142857142858,186.0,B465_ARC _C3_slice7-Ort.czi,old,glp1r,upper
532,178.0,7.623595505617978,1357.0,B465_ARC _C3_slice7-Ort.czi,old,glp1r,upper
533,365.0,7.493150684931507,2735.0,B465_ARC _C3_slice7-Ort.czi,old,glp1r,upper
534,57.0,6.350877192982456,362.0,B465_ARC _C3_slice7-Ort.czi,old,glp1r,upper
535,28.0,12.142857142857142,340.0,B465_ARC _C3_slice7-Ort.czi,old,glp1r,upper
536,33.0,8.727272727272727,288.0,B465_ARC _C3_slice7-Ort.czi,old,glp1r,upper
537,39.0,11.0,429.0,B465_ARC _C3_slice7-Ort.czi,old,glp1r,upper
538,7.0,8.857142857142858,62.0,B465_ARC _C3_slice7-Ort.czi,old,glp1r,upper
539,3.0,5.666666666666667,17.0,B465_ARC _C3_slice7-Ort.czi,old,glp1r,upper
540,12.0,7.666666666666667,92.0,B465_ARC _C3_slice7-Ort.czi,old,glp1r,upper
541,89.0,7.52808988764045,670.0,B465_ARC _C3_slice7-Ort.czi,old,glp1r,upper
542,71.0,9.408450704225352,668.0,B465_ARC _C3_slice7-Ort.czi,old,glp1r,upper
543,4.0,8.0,32.0,B465_ARC _C3_slice7-Ort.czi,old,glp1r,upper
544,4.0,7.5,30.0,B465_ARC _C3_slice7-Ort.czi,old,glp1r,upper
545,249.0,8.293172690763052,2065.0,B465_ARC _C3_slice7-Ort.czi,old,glp1r,upper
546,36.0,7.472222222222222,269.0,B465_ARC _C3_slice7-Ort.czi,old,glp1r,upper
547,6985.0,6.889620615604867,48124.0,B465_ARC _C3_slice7-Ort.czi,old,glp1r,upper
548,2.0,7.5,15.0,B465_ARC _C3_slice7-Ort.czi,old,glp1r,upper
549,28.0,7.785714285714286,218.0,B465_ARC _C3_slice7-Ort.czi,old,glp1r,upper
550,18.0,8.61111111111111,155.0,B465_ARC _C3_slice7-Ort.czi,old,glp1r,upper
551,11.0,12.0,132.0,B465_ARC _C3_slice7-Ort.czi,old,glp1r,upper
552,24.0,9.583333333333334,230.0,B465_ARC _C3_slice7-Ort.czi,old,glp1r,upper
553,139.0,8.633093525179856,1200.0,B465_ARC _C3_slice7-Ort.czi,old,glp1r,upper
554,86.0,8.55813953488372,735.9999999999999,B465_ARC _C3_slice7-Ort.czi,old,glp1r,upper
555,60.0,9.483333333333333,569.0,B465_ARC _C3_slice7-Ort.czi,old,glp1r,upper
556,10132.0,6.7463482037110145,68354.0,B465_ARC _C3_slice7-Ort.czi,old,glp1r,upper
557,190.0,7.5473684210526315,1434.0,B465_ARC _C3_slice7-Ort.czi,old,glp1r,upper
558,81.0,9.024691358024691,731.0,B465_ARC _C3_slice7-Ort.czi,old,glp1r,upper
559,23.0,8.695652173913043,200.0,B465_ARC _C3_slice7-Ort.czi,old,glp1r,upper
560,13.0,11.153846153846153,145.0,B465_ARC _C3_slice7-Ort.czi,old,glp1r,upper
561,103.0,7.359223300970874,758.0,B465_ARC _C3_slice7-Ort.czi,old,glp1r,upper
562,8962.0,6.805958491408168,60995.0,B465_ARC _C3_slice7-Ort.czi,old,glp1r,upper
563,80.0,7.725,618.0,B465_ARC _C3_slice7-Ort.czi,old,glp1r,upper
564,103.0,8.077669902912621,832.0,B465_ARC _C3_slice7-Ort.czi,old,glp1r,upper
565,33.0,8.272727272727273,273.0,B465_ARC _C3_slice7-Ort.czi,old,glp1r,upper
566,10.0,8.6,86.0,B465_ARC _C3_slice7-Ort.czi,old,glp1r,upper
567,7.0,6.857142857142857,48.0,B465_ARC _C3_slice7-Ort.czi,old,glp1r,upper
568,2.0,4.5,9.0,B465_ARC _C3_slice7-Ort.czi,old,glp1r,upper
569,2.0,27.5,55.0,B465_ARC _C3_slice7-Ort.czi,old,glp1r,upper
570,2695.0,6.912801484230056,18630.0,B465_ARC _C3_slice7-Ort.czi,old,glp1r,upper
571,59.0,7.11864406779661,420.0,B465_ARC _C3_slice7-Ort.czi,old,glp1r,upper
572,67.0,6.6716417910447765,447.0,B465_ARC _C3_slice7-Ort.czi,old,glp1r,upper
573,46.0,7.543478260869565,347.0,B465_ARC _C3_slice7-Ort.czi,old,glp1r,upper
574,11.0,6.181818181818182,68.0,B465_ARC _C3_slice7-Ort.czi,old,glp1r,upper
575,131.0,8.022900763358779,1051.0,B465_ARC _C3_slice7-Ort.czi,old,glp1r,upper
576,174.0,7.597701149425287,1322.0,B465_ARC _C3_slice7-Ort.czi,old,glp1r,upper
577,1.0,6.0,6.0,B465_ARC _C3_slice7-Ort.czi,old,glp1r,upper
578,10.0,8.9,89.0,B465_ARC _C3_slice7-Ort.czi,old,glp1r,upper
579,16.0,24.375,390.0,B465_ARC _C3_slice7-Ort.czi,old,glp1r,upper
580,6.0,7.333333333333333,44.0,B465_ARC _C3_slice7-Ort.czi,old,glp1r,upper
581,110.0,7.4363636363636365,818.0,B465_ARC _C3_slice7-Ort.czi,old,glp1r,upper
582,50.0,6.9,345.0,B465_ARC _C3_slice7-Ort.czi,old,glp1r,upper
583,31.0,7.903225806451613,245.0,B465_ARC _C3_slice7-Ort.czi,old,glp1r,upper
584,12.0,7.583333333333333,91.0,B465_ARC _C3_slice7-Ort.czi,old,glp1r,upper
585,1.0,7.0,7.0,B465_ARC _C3_slice7-Ort.czi,old,glp1r,upper
586,17.0,8.0,136.0,B465_ARC _C3_slice7-Ort.czi,old,glp1r,upper
587,30.0,7.233333333333333,217.0,B465_ARC _C3_slice7-Ort.czi,old,glp1r,upper
588,47.0,8.872340425531915,417.0,B465_ARC _C3_slice7-Ort.czi,old,glp1r,upper
589,189.0,8.164021164021165,1543.0,B465_ARC _C3_slice7-Ort.czi,old,glp1r,upper
590,367.0,7.956403269754769,2920.0,B465_ARC _C3_slice7-Ort.czi,old,glp1r,upper
591,59.0,8.610169491525424,508.0,B465_ARC _C3_slice7-Ort.czi,old,glp1r,upper
592,4.0,9.75,39.0,B465_ARC _C3_slice7-Ort.czi,old,glp1r,upper
593,42.0,7.904761904761905,332.0,B465_ARC _C3_slice7-Ort.czi,old,glp1r,upper
594,85.0,7.847058823529411,667.0,B465_ARC _C3_slice7-Ort.czi,old,glp1r,upper
595,55.0,7.781818181818182,428.0,B465_ARC _C3_slice7-Ort.czi,old,glp1r,upper
596,134.0,7.708955223880597,1033.0,B465_ARC _C3_slice7-Ort.czi,old,glp1r,upper
597,56.0,9.446428571428571,529.0,B465_ARC _C3_slice7-Ort.czi,old,glp1r,upper
598,28.0,6.464285714285714,181.0,B465_ARC _C3_slice7-Ort.czi,old,glp1r,upper
599,7.0,7.571428571428571,53.0,B465_ARC _C3_slice7-Ort.czi,old,glp1r,upper
600,26.0,9.26923076923077,241.00000000000003,B465_ARC _C3_slice7-Ort.czi,old,glp1r,upper
601,8.0,7.625,61.0,B465_ARC _C3_slice7-Ort.czi,old,glp1r,upper
602,39.0,7.564102564102564,295.0,B465_ARC _C3_slice7-Ort.czi,old,glp1r,upper
603,16.0,9.1875,147.0,B465_ARC _C3_slice7-Ort.czi,old,glp1r,upper
604,4.0,7.25,29.0,B465_ARC _C3_slice7-Ort.czi,old,glp1r,upper
605,4.0,11.75,47.0,B465_ARC _C3_slice7-Ort.czi,old,glp1r,upper
606,43.0,7.348837209302325,316.0,B465_ARC _C3_slice7-Ort.czi,old,glp1r,upper
607,77.0,7.194805194805195,554.0,B465_ARC _C3_slice7-Ort.czi,old,glp1r,upper
608,2.0,6.5,13.0,B465_ARC _C3_slice7-Ort.czi,old,glp1r,upper
609,26.0,8.384615384615385,218.0,B465_ARC _C3_slice7-Ort.czi,old,glp1r,upper
610,134.0,7.537313432835821,1010.0,B465_ARC _C3_slice7-Ort.czi,old,glp1r,upper
611,11.0,5.545454545454546,61.00000000000001,B465_ARC _C3_slice7-Ort.czi,old,glp1r,upper
612,58.0,7.603448275862069,441.0,B465_ARC _C3_slice7-Ort.czi,old,glp1r,upper
613,64.0,7.421875,475.0,B465_ARC _C3_slice7-Ort.czi,old,glp1r,upper
614,37.0,7.891891891891892,292.0,B465_ARC _C3_slice7-Ort.czi,old,glp1r,upper
615,37.0,7.027027027027027,260.0,B465_ARC _C3_slice7-Ort.czi,old,glp1r,upper
616,10.0,8.2,82.0,B465_ARC _C3_slice7-Ort.czi,old,glp1r,upper
617,2.0,9.0,18.0,B465_ARC _C3_slice7-Ort.czi,old,glp1r,upper
618,78.0,10.602564102564102,827.0,B465_ARC _C3_slice7-Ort.czi,old,glp1r,upper
619,15.0,8.533333333333333,128.0,B465_ARC _C3_slice7-Ort.czi,old,glp1r,upper
620,16.0,13.375,214.0,B465_ARC _C3_slice7-Ort.czi,old,glp1r,upper
621,4.0,8.75,35.0,B465_ARC _C3_slice7-Ort.czi,old,glp1r,upper
622,85.0,6.882352941176471,585.0,B465_ARC _C3_slice7-Ort.czi,old,glp1r,upper
623,95.0,7.2,684.0,B465_ARC _C3_slice7-Ort.czi,old,glp1r,upper
624,17.0,8.352941176470589,142.0,B465_ARC _C3_slice7-Ort.czi,old,glp1r,upper
625,92.0,11.967391304347826,1101.0,B465_ARC _C3_slice7-Ort.czi,old,glp1r,upper
626,83.0,7.168674698795181,595.0,B465_ARC _C3_slice7-Ort.czi,old,glp1r,upper
627,6.0,7.333333333333333,44.0,B465_ARC _C3_slice7-Ort.czi,old,glp1r,upper
628,27.0,11.925925925925926,322.0,B465_ARC _C3_slice7-Ort.czi,old,glp1r,upper
629,39.0,7.512820512820513,293.0,B465_ARC _C3_slice7-Ort.czi,old,glp1r,upper
630,14.0,8.142857142857142,114.0,B465_ARC _C3_slice7-Ort.czi,old,glp1r,upper
631,91.0,11.31868131868132,1030.0,B465_ARC _C3_slice7-Ort.czi,old,glp1r,upper
632,52.0,6.480769230769231,337.0,B465_ARC _C3_slice7-Ort.czi,old,glp1r,upper
633,24.0,7.708333333333333,185.0,B465_ARC _C3_slice7-Ort.czi,old,glp1r,upper
634,39.0,7.538461538461538,294.0,B465_ARC _C3_slice7-Ort.czi,old,glp1r,upper
635,9.0,7.555555555555555,68.0,B465_ARC _C3_slice7-Ort.czi,old,glp1r,upper
636,23.0,8.0,184.0,B465_ARC _C3_slice7-Ort.czi,old,glp1r,upper
637,12.0,5.916666666666667,71.0,B465_ARC _C3_slice7-Ort.czi,old,glp1r,upper
638,1.0,5.0,5.0,B465_ARC _C3_slice7-Ort.czi,old,glp1r,upper
639,2.0,12.0,24.0,B465_ARC _C3_slice7-Ort.czi,old,glp1r,upper
640,203.0,8.083743842364532,1641.0,B465_ARC _C3_slice7-Ort.czi,old,glp1r,upper
641,58.0,9.172413793103448,532.0,B465_ARC _C3_slice7-Ort.czi,old,glp1r,upper
642,117.0,7.188034188034188,841.0,B465_ARC _C3_slice7-Ort.czi,old,glp1r,upper
643,131.0,7.190839694656488,942.0,B465_ARC _C3_slice7-Ort.czi,old,glp1r,upper
644,109.0,8.422018348623853,918.0,B465_ARC _C3_slice7-Ort.czi,old,glp1r,upper
645,124.0,6.790322580645161,842.0,B465_ARC _C3_slice7-Ort.czi,old,glp1r,upper
646,62.0,7.467741935483871,463.0,B465_ARC _C3_slice7-Ort.czi,old,glp1r,upper
647,26.0,7.346153846153846,191.0,B465_ARC _C3_slice7-Ort.czi,old,glp1r,upper
648,18.0,6.888888888888889,124.0,B465_ARC _C3_slice7-Ort.czi,old,glp1r,upper
649,37.0,8.64864864864865,320.0,B465_ARC _C3_slice7-Ort.czi,old,glp1r,upper
1,24.0,172.79166666666666,4147.0,B489_ARC_xxx_slice5-Ort.czi,old,glp1r,upper
2,30.0,205.73333333333332,6172.0,B489_ARC_xxx_slice5-Ort.czi,old,glp1r,upper
3,12.0,182.5,2190.0,B489_ARC_xxx_slice5-Ort.czi,old,glp1r,upper
4,18.0,227.55555555555554,4096.0,B489_ARC_xxx_slice5-Ort.czi,old,glp1r,upper
5,20.0,188.35,3767.0,B489_ARC_xxx_slice5-Ort.czi,old,glp1r,upper
6,86.0,233.40697674418604,20073.0,B489_ARC_xxx_slice5-Ort.czi,old,glp1r,upper
7,136.0,202.125,27489.0,B489_ARC_xxx_slice5-Ort.czi,old,glp1r,upper
8,26.0,192.15384615384616,4996.0,B489_ARC_xxx_slice5-Ort.czi,old,glp1r,upper
9,82.0,176.4512195121951,14468.999999999998,B489_ARC_xxx_slice5-Ort.czi,old,glp1r,upper
10,33.0,205.0909090909091,6768.0,B489_ARC_xxx_slice5-Ort.czi,old,glp1r,upper
11,72.0,187.01388888888889,13465.0,B489_ARC_xxx_slice5-Ort.czi,old,glp1r,upper
12,81.0,231.58024691358025,18758.0,B489_ARC_xxx_slice5-Ort.czi,old,glp1r,upper
13,64.0,184.453125,11805.0,B489_ARC_xxx_slice5-Ort.czi,old,glp1r,upper
14,22.0,125.18181818181819,2754.0,B489_ARC_xxx_slice5-Ort.czi,old,glp1r,upper
15,72.0,221.81944444444446,15971.0,B489_ARC_xxx_slice5-Ort.czi,old,glp1r,upper
16,56.0,130.39285714285714,7302.0,B489_ARC_xxx_slice5-Ort.czi,old,glp1r,upper
17,115.0,237.15652173913043,27273.0,B489_ARC_xxx_slice5-Ort.czi,old,glp1r,upper
18,2.0,110.5,221.0,B489_ARC_xxx_slice5-Ort.czi,old,glp1r,upper
19,8.0,204.5,1636.0,B489_ARC_xxx_slice5-Ort.czi,old,glp1r,upper
20,14.0,132.0,1848.0,B489_ARC_xxx_slice5-Ort.czi,old,glp1r,upper
21,26.0,133.30769230769232,3466.0000000000005,B489_ARC_xxx_slice5-Ort.czi,old,glp1r,upper
22,47.0,226.6595744680851,10653.0,B489_ARC_xxx_slice5-Ort.czi,old,glp1r,upper
23,50.0,151.84,7592.0,B489_ARC_xxx_slice5-Ort.czi,old,glp1r,upper
24,18.0,148.66666666666666,2676.0,B489_ARC_xxx_slice5-Ort.czi,old,glp1r,upper
25,19.0,179.42105263157896,3409.0,B489_ARC_xxx_slice5-Ort.czi,old,glp1r,upper
26,198.0,189.64141414141415,37549.0,B489_ARC_xxx_slice5-Ort.czi,old,glp1r,upper
27,34.0,189.61764705882354,6447.0,B489_ARC_xxx_slice5-Ort.czi,old,glp1r,upper
28,3.0,90.33333333333333,271.0,B489_ARC_xxx_slice5-Ort.czi,old,glp1r,upper
29,58.0,231.1206896551724,13405.0,B489_ARC_xxx_slice5-Ort.czi,old,glp1r,upper
30,39.0,174.84615384615384,6819.0,B489_ARC_xxx_slice5-Ort.czi,old,glp1r,upper
31,104.0,201.29807692307693,20935.0,B489_ARC_xxx_slice5-Ort.czi,old,glp1r,upper
32,33.0,161.87878787878788,5342.0,B489_ARC_xxx_slice5-Ort.czi,old,glp1r,upper
33,79.0,199.59493670886076,15768.0,B489_ARC_xxx_slice5-Ort.czi,old,glp1r,upper
34,18.0,145.77777777777777,2624.0,B489_ARC_xxx_slice5-Ort.czi,old,glp1r,upper
35,68.0,209.10294117647058,14219.0,B489_ARC_xxx_slice5-Ort.czi,old,glp1r,upper
36,106.0,191.23584905660377,20271.0,B489_ARC_xxx_slice5-Ort.czi,old,glp1r,upper
37,36.0,164.77777777777777,5932.0,B489_ARC_xxx_slice5-Ort.czi,old,glp1r,upper
38,1.0,60.0,60.0,B489_ARC_xxx_slice5-Ort.czi,old,glp1r,upper
39,115.0,174.84347826086957,20107.0,B489_ARC_xxx_slice5-Ort.czi,old,glp1r,upper
40,23.0,140.8695652173913,3240.0,B489_ARC_xxx_slice5-Ort.czi,old,glp1r,upper
41,4.0,97.25,389.0,B489_ARC_xxx_slice5-Ort.czi,old,glp1r,upper
42,49.0,205.18367346938774,10054.0,B489_ARC_xxx_slice5-Ort.czi,old,glp1r,upper
43,5.0,165.4,827.0,B489_ARC_xxx_slice5-Ort.czi,old,glp1r,upper
44,48.0,193.85416666666666,9305.0,B489_ARC_xxx_slice5-Ort.czi,old,glp1r,upper
45,16.0,126.875,2030.0,B489_ARC_xxx_slice5-Ort.czi,old,glp1r,upper
46,50.0,173.9,8695.0,B489_ARC_xxx_slice5-Ort.czi,old,glp1r,upper
47,50.0,203.74,10187.0,B489_ARC_xxx_slice5-Ort.czi,old,glp1r,upper
48,99.0,242.32323232323233,23990.0,B489_ARC_xxx_slice5-Ort.czi,old,glp1r,upper
49,19.0,197.1578947368421,3746.0,B489_ARC_xxx_slice5-Ort.czi,old,glp1r,upper
50,45.0,196.46666666666667,8841.0,B489_ARC_xxx_slice5-Ort.czi,old,glp1r,upper
51,1.0,255.0,255.0,B489_ARC_xxx_slice5-Ort.czi,old,glp1r,upper
52,17.0,227.94117647058823,3875.0,B489_ARC_xxx_slice5-Ort.czi,old,glp1r,upper
53,46.0,219.97826086956522,10119.0,B489_ARC_xxx_slice5-Ort.czi,old,glp1r,upper
54,67.0,204.3582089552239,13692.0,B489_ARC_xxx_slice5-Ort.czi,old,glp1r,upper
55,54.0,165.35185185185185,8929.0,B489_ARC_xxx_slice5-Ort.czi,old,glp1r,upper
56,44.0,188.38636363636363,8289.0,B489_ARC_xxx_slice5-Ort.czi,old,glp1r,upper
57,5.0,231.4,1157.0,B489_ARC_xxx_slice5-Ort.czi,old,glp1r,upper
58,6.0,192.16666666666666,1153.0,B489_ARC_xxx_slice5-Ort.czi,old,glp1r,upper
59,31.0,174.4516129032258,5408.0,B489_ARC_xxx_slice5-Ort.czi,old,glp1r,upper
60,94.0,224.58510638297872,21111.0,B489_ARC_xxx_slice5-Ort.czi,old,glp1r,upper
61,23.0,160.82608695652175,3699.0,B489_ARC_xxx_slice5-Ort.czi,old,glp1r,upper
62,13.0,196.53846153846155,2555.0,B489_ARC_xxx_slice5-Ort.czi,old,glp1r,upper
63,37.0,179.8918918918919,6656.0,B489_ARC_xxx_slice5-Ort.czi,old,glp1r,upper
64,39.0,194.28205128205127,7577.0,B489_ARC_xxx_slice5-Ort.czi,old,glp1r,upper
65,13.0,139.53846153846155,1814.0,B489_ARC_xxx_slice5-Ort.czi,old,glp1r,upper
66,66.0,193.6969696969697,12784.0,B489_ARC_xxx_slice5-Ort.czi,old,glp1r,upper
67,17.0,180.7058823529412,3072.0,B489_ARC_xxx_slice5-Ort.czi,old,glp1r,upper
68,6.0,151.33333333333334,908.0,B489_ARC_xxx_slice5-Ort.czi,old,glp1r,upper
69,66.0,178.6060606060606,11788.0,B489_ARC_xxx_slice5-Ort.czi,old,glp1r,upper
70,1.0,127.0,127.0,B489_ARC_xxx_slice5-Ort.czi,old,glp1r,upper
71,29.0,192.10344827586206,5571.0,B489_ARC_xxx_slice5-Ort.czi,old,glp1r,upper
72,14.0,115.35714285714286,1615.0,B489_ARC_xxx_slice5-Ort.czi,old,glp1r,upper
73,6.0,149.0,894.0,B489_ARC_xxx_slice5-Ort.czi,old,glp1r,upper
74,3.0,84.0,252.0,B489_ARC_xxx_slice5-Ort.czi,old,glp1r,upper
75,7.0,132.0,924.0,B489_ARC_xxx_slice5-Ort.czi,old,glp1r,upper
76,50.0,183.98,9199.0,B489_ARC_xxx_slice5-Ort.czi,old,glp1r,upper
77,69.0,222.08695652173913,15324.0,B489_ARC_xxx_slice5-Ort.czi,old,glp1r,upper
78,12.0,166.08333333333334,1993.0,B489_ARC_xxx_slice5-Ort.czi,old,glp1r,upper
79,1.0,88.0,88.0,B489_ARC_xxx_slice5-Ort.czi,old,glp1r,upper
80,1.0,41.0,41.0,B489_ARC_xxx_slice5-Ort.czi,old,glp1r,upper
81,20.0,137.55,2751.0,B489_ARC_xxx_slice5-Ort.czi,old,glp1r,upper
82,4.0,66.25,265.0,B489_ARC_xxx_slice5-Ort.czi,old,glp1r,upper
83,8.0,128.0,1024.0,B489_ARC_xxx_slice5-Ort.czi,old,glp1r,upper
84,1.0,55.0,55.0,B489_ARC_xxx_slice5-Ort.czi,old,glp1r,upper
85,11.0,147.54545454545453,1622.9999999999998,B489_ARC_xxx_slice5-Ort.czi,old,glp1r,upper
86,21.0,159.95238095238096,3359.0,B489_ARC_xxx_slice5-Ort.czi,old,glp1r,upper
87,29.0,121.96551724137932,3537.0,B489_ARC_xxx_slice5-Ort.czi,old,glp1r,upper
88,10.0,168.9,1689.0,B489_ARC_xxx_slice5-Ort.czi,old,glp1r,upper
89,6.0,165.16666666666666,991.0,B489_ARC_xxx_slice5-Ort.czi,old,glp1r,upper
90,20.0,164.75,3295.0,B489_ARC_xxx_slice5-Ort.czi,old,glp1r,upper
1,86.0,15.55813953488372,1338.0,F656_ARC _B3_slice5-Ort.czi,old,glp1r,upper
2,14.0,11.5,161.0,F656_ARC _B3_slice5-Ort.czi,old,glp1r,upper
3,13.0,10.384615384615385,135.0,F656_ARC _B3_slice5-Ort.czi,old,glp1r,upper
4,6.0,10.333333333333334,62.0,F656_ARC _B3_slice5-Ort.czi,old,glp1r,upper
5,24.0,10.0,240.0,F656_ARC _B3_slice5-Ort.czi,old,glp1r,upper
6,31.0,9.612903225806452,298.0,F656_ARC _B3_slice5-Ort.czi,old,glp1r,upper
7,6.0,12.833333333333334,77.0,F656_ARC _B3_slice5-Ort.czi,old,glp1r,upper
8,9.0,8.555555555555555,77.0,F656_ARC _B3_slice5-Ort.czi,old,glp1r,upper
9,6.0,7.666666666666667,46.0,F656_ARC _B3_slice5-Ort.czi,old,glp1r,upper
10,1.0,7.0,7.0,F656_ARC _B3_slice5-Ort.czi,old,glp1r,upper
11,25.0,11.44,286.0,F656_ARC _B3_slice5-Ort.czi,old,glp1r,upper
12,11.0,8.909090909090908,97.99999999999999,F656_ARC _B3_slice5-Ort.czi,old,glp1r,upper
13,1.0,9.0,9.0,F656_ARC _B3_slice5-Ort.czi,old,glp1r,upper
14,23.0,9.217391304347826,212.0,F656_ARC _B3_slice5-Ort.czi,old,glp1r,upper
15,43.0,8.325581395348838,358.0,F656_ARC _B3_slice5-Ort.czi,old,glp1r,upper
16,31.0,10.451612903225806,324.0,F656_ARC _B3_slice5-Ort.czi,old,glp1r,upper
17,1.0,6.0,6.0,F656_ARC _B3_slice5-Ort.czi,old,glp1r,upper
18,1.0,13.0,13.0,F656_ARC _B3_slice5-Ort.czi,old,glp1r,upper
19,11.0,10.636363636363637,117.0,F656_ARC _B3_slice5-Ort.czi,old,glp1r,upper
20,10.0,8.9,89.0,F656_ARC _B3_slice5-Ort.czi,old,glp1r,upper
21,29.0,11.068965517241379,321.0,F656_ARC _B3_slice5-Ort.czi,old,glp1r,upper
22,7.0,8.571428571428571,60.0,F656_ARC _B3_slice5-Ort.czi,old,glp1r,upper
23,31.0,19.29032258064516,598.0,F656_ARC _B3_slice5-Ort.czi,old,glp1r,upper
24,10.0,7.3,73.0,F656_ARC _B3_slice5-Ort.czi,old,glp1r,upper
25,1.0,6.0,6.0,F656_ARC _B3_slice5-Ort.czi,old,glp1r,upper
26,1.0,11.0,11.0,F656_ARC _B3_slice5-Ort.czi,old,glp1r,upper
27,11.0,8.545454545454545,94.0,F656_ARC _B3_slice5-Ort.czi,old,glp1r,upper
28,83.0,19.289156626506024,1601.0,F656_ARC _B3_slice5-Ort.czi,old,glp1r,upper
29,10.0,18.1,181.0,F656_ARC _B3_slice5-Ort.czi,old,glp1r,upper
30,2.0,8.5,17.0,F656_ARC _B3_slice5-Ort.czi,old,glp1r,upper
31,13.0,8.307692307692308,108.00000000000001,F656_ARC _B3_slice5-Ort.czi,old,glp1r,upper
32,7.0,10.142857142857142,71.0,F656_ARC _B3_slice5-Ort.czi,old,glp1r,upper
33,11.0,11.272727272727273,124.0,F656_ARC _B3_slice5-Ort.czi,old,glp1r,upper
34,1.0,5.0,5.0,F656_ARC _B3_slice5-Ort.czi,old,glp1r,upper
35,14.0,10.142857142857142,142.0,F656_ARC _B3_slice5-Ort.czi,old,glp1r,upper
36,1.0,30.0,30.0,F656_ARC _B3_slice5-Ort.czi,old,glp1r,upper
37,39.0,8.743589743589743,340.99999999999994,F656_ARC _B3_slice5-Ort.czi,old,glp1r,upper
38,12.0,19.666666666666668,236.0,F656_ARC _B3_slice5-Ort.czi,old,glp1r,upper
39,3.0,7.0,21.0,F656_ARC _B3_slice5-Ort.czi,old,glp1r,upper
40,8.0,15.125,121.0,F656_ARC _B3_slice5-Ort.czi,old,glp1r,upper
41,61.0,8.327868852459016,507.99999999999994,F656_ARC _B3_slice5-Ort.czi,old,glp1r,upper
42,2.0,33.5,67.0,F656_ARC _B3_slice5-Ort.czi,old,glp1r,upper
43,4.0,6.25,25.0,F656_ARC _B3_slice5-Ort.czi,old,glp1r,upper
44,20.0,12.65,253.0,F656_ARC _B3_slice5-Ort.czi,old,glp1r,upper
45,16.0,9.4375,151.0,F656_ARC _B3_slice5-Ort.czi,old,glp1r,upper
46,29.0,13.689655172413794,397.0,F656_ARC _B3_slice5-Ort.czi,old,glp1r,upper
47,18.0,8.666666666666666,156.0,F656_ARC _B3_slice5-Ort.czi,old,glp1r,upper
48,19.0,11.842105263157896,225.00000000000003,F656_ARC _B3_slice5-Ort.czi,old,glp1r,upper
49,49.0,9.857142857142858,483.0,F656_ARC _B3_slice5-Ort.czi,old,glp1r,upper
50,20.0,11.3,226.0,F656_ARC _B3_slice5-Ort.czi,old,glp1r,upper
51,71.0,9.943661971830986,706.0,F656_ARC _B3_slice5-Ort.czi,old,glp1r,upper
52,6.0,16.166666666666668,97.0,F656_ARC _B3_slice5-Ort.czi,old,glp1r,upper
53,4.0,9.25,37.0,F656_ARC _B3_slice5-Ort.czi,old,glp1r,upper
54,5.0,15.2,76.0,F656_ARC _B3_slice5-Ort.czi,old,glp1r,upper
55,1.0,9.0,9.0,F656_ARC _B3_slice5-Ort.czi,old,glp1r,upper
56,1.0,4.0,4.0,F656_ARC _B3_slice5-Ort.czi,old,glp1r,upper
57,8.0,8.75,70.0,F656_ARC _B3_slice5-Ort.czi,old,glp1r,upper
58,7.0,21.714285714285715,152.0,F656_ARC _B3_slice5-Ort.czi,old,glp1r,upper
59,130.0,9.561538461538461,1243.0,F656_ARC _B3_slice5-Ort.czi,old,glp1r,upper
60,3.0,10.666666666666666,32.0,F656_ARC _B3_slice5-Ort.czi,old,glp1r,upper
61,19.0,10.526315789473685,200.0,F656_ARC _B3_slice5-Ort.czi,old,glp1r,upper
62,34.0,12.352941176470589,420.0,F656_ARC _B3_slice5-Ort.czi,old,glp1r,upper
63,1.0,28.0,28.0,F656_ARC _B3_slice5-Ort.czi,old,glp1r,upper
64,7.0,7.857142857142857,55.0,F656_ARC _B3_slice5-Ort.czi,old,glp1r,upper
65,9.0,8.555555555555555,77.0,F656_ARC _B3_slice5-Ort.czi,old,glp1r,upper
66,18.0,8.61111111111111,155.0,F656_ARC _B3_slice5-Ort.czi,old,glp1r,upper
67,5.0,19.8,99.0,F656_ARC _B3_slice5-Ort.czi,old,glp1r,upper
68,1.0,8.0,8.0,F656_ARC _B3_slice5-Ort.czi,old,glp1r,upper
69,20.0,8.65,173.0,F656_ARC _B3_slice5-Ort.czi,old,glp1r,upper
70,83.0,12.144578313253012,1008.0,F656_ARC _B3_slice5-Ort.czi,old,glp1r,upper
71,17.0,19.941176470588236,339.0,F656_ARC _B3_slice5-Ort.czi,old,glp1r,upper
72,2.0,5.5,11.0,F656_ARC _B3_slice5-Ort.czi,old,glp1r,upper
73,38.0,10.921052631578947,415.0,F656_ARC _B3_slice5-Ort.czi,old,glp1r,upper
74,23.0,8.434782608695652,194.0,F656_ARC _B3_slice5-Ort.czi,old,glp1r,upper
75,13.0,8.461538461538462,110.0,F656_ARC _B3_slice5-Ort.czi,old,glp1r,upper
76,1.0,11.0,11.0,F656_ARC _B3_slice5-Ort.czi,old,glp1r,upper
77,3.0,9.666666666666666,29.0,F656_ARC _B3_slice5-Ort.czi,old,glp1r,upper
78,2.0,8.5,17.0,F656_ARC _B3_slice5-Ort.czi,old,glp1r,upper
79,19.0,10.421052631578947,198.0,F656_ARC _B3_slice5-Ort.czi,old,glp1r,upper
80,10.0,9.6,96.0,F656_ARC _B3_slice5-Ort.czi,old,glp1r,upper
81,63.0,12.984126984126984,818.0,F656_ARC _B3_slice5-Ort.czi,old,glp1r,upper
82,1.0,7.0,7.0,F656_ARC _B3_slice5-Ort.czi,old,glp1r,upper
83,1.0,5.0,5.0,F656_ARC _B3_slice5-Ort.czi,old,glp1r,upper
84,60.0,12.916666666666666,775.0,F656_ARC _B3_slice5-Ort.czi,old,glp1r,upper
85,1.0,18.0,18.0,F656_ARC _B3_slice5-Ort.czi,old,glp1r,upper
86,8.0,23.625,189.0,F656_ARC _B3_slice5-Ort.czi,old,glp1r,upper
87,14.0,25.857142857142858,362.0,F656_ARC _B3_slice5-Ort.czi,old,glp1r,upper
88,18.0,10.0,180.0,F656_ARC _B3_slice5-Ort.czi,old,glp1r,upper
89,1.0,9.0,9.0,F656_ARC _B3_slice5-Ort.czi,old,glp1r,upper
90,8.0,13.75,110.0,F656_ARC _B3_slice5-Ort.czi,old,glp1r,upper
91,4.0,11.75,47.0,F656_ARC _B3_slice5-Ort.czi,old,glp1r,upper
92,86.0,13.313953488372093,1145.0,F656_ARC _B3_slice5-Ort.czi,old,glp1r,upper
93,3.0,6.666666666666667,20.0,F656_ARC _B3_slice5-Ort.czi,old,glp1r,upper
94,11.0,9.181818181818182,101.0,F656_ARC _B3_slice5-Ort.czi,old,glp1r,upper
95,8.0,14.875,119.0,F656_ARC _B3_slice5-Ort.czi,old,glp1r,upper
96,11.0,23.90909090909091,263.0,F656_ARC _B3_slice5-Ort.czi,old,glp1r,upper
97,45.0,8.311111111111112,374.00000000000006,F656_ARC _B3_slice5-Ort.czi,old,glp1r,upper
98,4.0,12.75,51.0,F656_ARC _B3_slice5-Ort.czi,old,glp1r,upper
99,39.0,9.897435897435898,386.0,F656_ARC _B3_slice5-Ort.czi,old,glp1r,upper
100,8.0,7.0,56.0,F656_ARC _B3_slice5-Ort.czi,old,glp1r,upper
101,14.0,9.357142857142858,131.0,F656_ARC _B3_slice5-Ort.czi,old,glp1r,upper
102,1.0,8.0,8.0,F656_ARC _B3_slice5-Ort.czi,old,glp1r,upper
103,7.0,7.0,49.0,F656_ARC _B3_slice5-Ort.czi,old,glp1r,upper
104,25.0,9.96,249.00000000000003,F656_ARC _B3_slice5-Ort.czi,old,glp1r,upper
105,16.0,10.0,160.0,F656_ARC _B3_slice5-Ort.czi,old,glp1r,upper
106,1.0,6.0,6.0,F656_ARC _B3_slice5-Ort.czi,old,glp1r,upper
107,29.0,15.137931034482758,439.0,F656_ARC _B3_slice5-Ort.czi,old,glp1r,upper
108,117.0,10.393162393162394,1216.0,F656_ARC _B3_slice5-Ort.czi,old,glp1r,upper
109,65.0,9.830769230769231,639.0,F656_ARC _B3_slice5-Ort.czi,old,glp1r,upper
110,15.0,7.733333333333333,116.0,F656_ARC _B3_slice5-Ort.czi,old,glp1r,upper
111,2.0,6.5,13.0,F656_ARC _B3_slice5-Ort.czi,old,glp1r,upper
112,1.0,19.0,19.0,F656_ARC _B3_slice5-Ort.czi,old,glp1r,upper
113,102.0,17.46078431372549,1781.0,F656_ARC _B3_slice5-Ort.czi,old,glp1r,upper
114,19.0,7.947368421052632,151.0,F656_ARC _B3_slice5-Ort.czi,old,glp1r,upper
115,36.0,9.083333333333334,327.0,F656_ARC _B3_slice5-Ort.czi,old,glp1r,upper
116,5.0,7.4,37.0,F656_ARC _B3_slice5-Ort.czi,old,glp1r,upper
117,31.0,8.419354838709678,261.0,F656_ARC _B3_slice5-Ort.czi,old,glp1r,upper
118,2.0,7.5,15.0,F656_ARC _B3_slice5-Ort.czi,old,glp1r,upper
119,1.0,10.0,10.0,F656_ARC _B3_slice5-Ort.czi,old,glp1r,upper
120,26.0,10.615384615384615,276.0,F656_ARC _B3_slice5-Ort.czi,old,glp1r,upper
121,41.0,10.024390243902438,410.99999999999994,F656_ARC _B3_slice5-Ort.czi,old,glp1r,upper
122,27.0,11.777777777777779,318.0,F656_ARC _B3_slice5-Ort.czi,old,glp1r,upper
123,51.0,11.294117647058824,576.0,F656_ARC _B3_slice5-Ort.czi,old,glp1r,upper
124,2.0,23.0,46.0,F656_ARC _B3_slice5-Ort.czi,old,glp1r,upper
125,10.0,7.5,75.0,F656_ARC _B3_slice5-Ort.czi,old,glp1r,upper
126,1.0,13.0,13.0,F656_ARC _B3_slice5-Ort.czi,old,glp1r,upper
127,36.0,10.916666666666666,393.0,F656_ARC _B3_slice5-Ort.czi,old,glp1r,upper
128,11.0,11.181818181818182,123.0,F656_ARC _B3_slice5-Ort.czi,old,glp1r,upper
129,16.0,12.125,194.0,F656_ARC _B3_slice5-Ort.czi,old,glp1r,upper
130,20.0,7.95,159.0,F656_ARC _B3_slice5-Ort.czi,old,glp1r,upper
131,2.0,7.5,15.0,F656_ARC _B3_slice5-Ort.czi,old,glp1r,upper
132,47.0,11.446808510638299,538.0,F656_ARC _B3_slice5-Ort.czi,old,glp1r,upper
133,4.0,7.25,29.0,F656_ARC _B3_slice5-Ort.czi,old,glp1r,upper
134,5.0,7.4,37.0,F656_ARC _B3_slice5-Ort.czi,old,glp1r,upper
135,11.0,9.727272727272727,107.0,F656_ARC _B3_slice5-Ort.czi,old,glp1r,upper
136,1.0,10.0,10.0,F656_ARC _B3_slice5-Ort.czi,old,glp1r,upper
137,30.0,10.466666666666667,314.0,F656_ARC _B3_slice5-Ort.czi,old,glp1r,upper
138,1.0,7.0,7.0,F656_ARC _B3_slice5-Ort.czi,old,glp1r,upper
139,7.0,7.142857142857143,50.0,F656_ARC _B3_slice5-Ort.czi,old,glp1r,upper
140,23.0,18.0,414.0,F656_ARC _B3_slice5-Ort.czi,old,glp1r,upper
141,92.0,10.054347826086957,925.0,F656_ARC _B3_slice5-Ort.czi,old,glp1r,upper
142,15.0,11.333333333333334,170.0,F656_ARC _B3_slice5-Ort.czi,old,glp1r,upper
143,32.0,10.25,328.0,F656_ARC _B3_slice5-Ort.czi,old,glp1r,upper
144,6.0,12.5,75.0,F656_ARC _B3_slice5-Ort.czi,old,glp1r,upper
145,1.0,9.0,9.0,F656_ARC _B3_slice5-Ort.czi,old,glp1r,upper
146,22.0,12.772727272727273,281.0,F656_ARC _B3_slice5-Ort.czi,old,glp1r,upper
147,24.0,9.083333333333334,218.0,F656_ARC _B3_slice5-Ort.czi,old,glp1r,upper
148,47.0,12.404255319148936,583.0,F656_ARC _B3_slice5-Ort.czi,old,glp1r,upper
149,20.0,9.25,185.0,F656_ARC _B3_slice5-Ort.czi,old,glp1r,upper
150,2.0,8.0,16.0,F656_ARC _B3_slice5-Ort.czi,old,glp1r,upper
151,3.0,6.0,18.0,F656_ARC _B3_slice5-Ort.czi,old,glp1r,upper
152,5.0,7.4,37.0,F656_ARC _B3_slice5-Ort.czi,old,glp1r,upper
153,38.0,8.078947368421053,307.0,F656_ARC _B3_slice5-Ort.czi,old,glp1r,upper
154,25.0,11.44,286.0,F656_ARC _B3_slice5-Ort.czi,old,glp1r,upper
155,26.0,10.038461538461538,261.0,F656_ARC _B3_slice5-Ort.czi,old,glp1r,upper
156,17.0,9.352941176470589,159.0,F656_ARC _B3_slice5-Ort.czi,old,glp1r,upper
157,5.0,10.0,50.0,F656_ARC _B3_slice5-Ort.czi,old,glp1r,upper
158,8.0,10.75,86.0,F656_ARC _B3_slice5-Ort.czi,old,glp1r,upper
159,10.0,41.6,416.0,F656_ARC _B3_slice5-Ort.czi,old,glp1r,upper
160,1.0,16.0,16.0,F656_ARC _B3_slice5-Ort.czi,old,glp1r,upper
161,21.0,12.666666666666666,266.0,F656_ARC _B3_slice5-Ort.czi,old,glp1r,upper
162,2.0,17.0,34.0,F656_ARC _B3_slice5-Ort.czi,old,glp1r,upper
163,5.0,12.8,64.0,F656_ARC _B3_slice5-Ort.czi,old,glp1r,upper
164,18.0,21.833333333333332,393.0,F656_ARC _B3_slice5-Ort.czi,old,glp1r,upper
165,123.0,20.528455284552845,2525.0,F656_ARC _B3_slice5-Ort.czi,old,glp1r,upper
166,1.0,10.0,10.0,F656_ARC _B3_slice5-Ort.czi,old,glp1r,upper
167,9.0,9.555555555555555,86.0,F656_ARC _B3_slice5-Ort.czi,old,glp1r,upper
168,2.0,7.5,15.0,F656_ARC _B3_slice5-Ort.czi,old,glp1r,upper
169,36.0,8.5,306.0,F656_ARC _B3_slice5-Ort.czi,old,glp1r,upper
170,11.0,8.909090909090908,97.99999999999999,F656_ARC _B3_slice5-Ort.czi,old,glp1r,upper
171,6.0,10.5,63.0,F656_ARC _B3_slice5-Ort.czi,old,glp1r,upper
172,66.0,10.712121212121213,707.0,F656_ARC _B3_slice5-Ort.czi,old,glp1r,upper
173,1.0,7.0,7.0,F656_ARC _B3_slice5-Ort.czi,old,glp1r,upper
174,15.0,17.4,261.0,F656_ARC _B3_slice5-Ort.czi,old,glp1r,upper
175,58.0,9.689655172413794,562.0,F656_ARC _B3_slice5-Ort.czi,old,glp1r,upper
176,23.0,11.130434782608695,256.0,F656_ARC _B3_slice5-Ort.czi,old,glp1r,upper
177,20.0,22.5,450.0,F656_ARC _B3_slice5-Ort.czi,old,glp1r,upper
178,13.0,21.384615384615383,278.0,F656_ARC _B3_slice5-Ort.czi,old,glp1r,upper
179,9.0,8.777777777777779,79.0,F656_ARC _B3_slice5-Ort.czi,old,glp1r,upper
180,23.0,12.391304347826088,285.0,F656_ARC _B3_slice5-Ort.czi,old,glp1r,upper
181,11.0,11.454545454545455,126.0,F656_ARC _B3_slice5-Ort.czi,old,glp1r,upper
182,28.0,8.392857142857142,235.0,F656_ARC _B3_slice5-Ort.czi,old,glp1r,upper
183,33.0,11.242424242424242,371.0,F656_ARC _B3_slice5-Ort.czi,old,glp1r,upper
184,45.0,13.11111111111111,590.0,F656_ARC _B3_slice5-Ort.czi,old,glp1r,upper
185,48.0,11.333333333333334,544.0,F656_ARC _B3_slice5-Ort.czi,old,glp1r,upper
186,22.0,11.681818181818182,257.0,F656_ARC _B3_slice5-Ort.czi,old,glp1r,upper
187,5.0,12.2,61.0,F656_ARC _B3_slice5-Ort.czi,old,glp1r,upper
188,15.0,14.4,216.0,F656_ARC _B3_slice5-Ort.czi,old,glp1r,upper
189,46.0,11.478260869565217,528.0,F656_ARC _B3_slice5-Ort.czi,old,glp1r,upper
190,19.0,24.05263157894737,457.0,F656_ARC _B3_slice5-Ort.czi,old,glp1r,upper
191,1.0,5.0,5.0,F656_ARC _B3_slice5-Ort.czi,old,glp1r,upper
192,9.0,16.333333333333332,147.0,F656_ARC _B3_slice5-Ort.czi,old,glp1r,upper
193,7.0,11.857142857142858,83.0,F656_ARC _B3_slice5-Ort.czi,old,glp1r,upper
194,8.0,11.75,94.0,F656_ARC _B3_slice5-Ort.czi,old,glp1r,upper
195,1.0,19.0,19.0,F656_ARC _B3_slice5-Ort.czi,old,glp1r,upper
196,20.0,9.7,194.0,F656_ARC _B3_slice5-Ort.czi,old,glp1r,upper
197,235.0,8.046808510638298,1891.0,F656_ARC _B3_slice5-Ort.czi,old,glp1r,upper
198,15.0,9.733333333333333,146.0,F656_ARC _B3_slice5-Ort.czi,old,glp1r,upper
199,10.0,7.6,76.0,F656_ARC _B3_slice5-Ort.czi,old,glp1r,upper
200,6.0,11.333333333333334,68.0,F656_ARC _B3_slice5-Ort.czi,old,glp1r,upper
201,14.0,13.928571428571429,195.0,F656_ARC _B3_slice5-Ort.czi,old,glp1r,upper
202,11.0,10.272727272727273,113.0,F656_ARC _B3_slice5-Ort.czi,old,glp1r,upper
203,104.0,9.451923076923077,983.0,F656_ARC _B3_slice5-Ort.czi,old,glp1r,upper
204,13.0,8.307692307692308,108.00000000000001,F656_ARC _B3_slice5-Ort.czi,old,glp1r,upper
205,14.0,12.428571428571429,174.0,F656_ARC _B3_slice5-Ort.czi,old,glp1r,upper
206,4.0,16.0,64.0,F656_ARC _B3_slice5-Ort.czi,old,glp1r,upper
207,8.0,11.25,90.0,F656_ARC _B3_slice5-Ort.czi,old,glp1r,upper
208,15.0,9.466666666666667,142.0,F656_ARC _B3_slice5-Ort.czi,old,glp1r,upper
209,15.0,11.666666666666666,175.0,F656_ARC _B3_slice5-Ort.czi,old,glp1r,upper
210,14.0,7.142857142857143,100.0,F656_ARC _B3_slice5-Ort.czi,old,glp1r,upper
211,5.0,8.8,44.0,F656_ARC _B3_slice5-Ort.czi,old,glp1r,upper
212,23.0,6.956521739130435,160.0,F656_ARC _B3_slice5-Ort.czi,old,glp1r,upper
213,40.0,8.575,343.0,F656_ARC _B3_slice5-Ort.czi,old,glp1r,upper
214,42.0,11.261904761904763,473.00000000000006,F656_ARC _B3_slice5-Ort.czi,old,glp1r,upper
215,16.0,28.4375,455.0,F656_ARC _B3_slice5-Ort.czi,old,glp1r,upper
216,112.0,9.910714285714286,1110.0,F656_ARC _B3_slice5-Ort.czi,old,glp1r,upper
217,1.0,5.0,5.0,F656_ARC _B3_slice5-Ort.czi,old,glp1r,upper
218,9.0,13.222222222222221,119.0,F656_ARC _B3_slice5-Ort.czi,old,glp1r,upper
219,4.0,9.75,39.0,F656_ARC _B3_slice5-Ort.czi,old,glp1r,upper
220,28.0,8.0,224.0,F656_ARC _B3_slice5-Ort.czi,old,glp1r,upper
221,110.0,8.727272727272727,959.9999999999999,F656_ARC _B3_slice5-Ort.czi,old,glp1r,upper
222,33.0,13.242424242424242,437.0,F656_ARC _B3_slice5-Ort.czi,old,glp1r,upper
223,55.0,8.709090909090909,479.0,F656_ARC _B3_slice5-Ort.czi,old,glp1r,upper
224,14.0,8.428571428571429,118.0,F656_ARC _B3_slice5-Ort.czi,old,glp1r,upper
225,6.0,7.5,45.0,F656_ARC _B3_slice5-Ort.czi,old,glp1r,upper
226,20.0,10.85,217.0,F656_ARC _B3_slice5-Ort.czi,old,glp1r,upper
227,227.0,13.048458149779735,2962.0,F656_ARC _B3_slice5-Ort.czi,old,glp1r,upper
228,5.0,16.4,82.0,F656_ARC _B3_slice5-Ort.czi,old,glp1r,upper
229,51.0,10.666666666666666,544.0,F656_ARC _B3_slice5-Ort.czi,old,glp1r,upper
230,36.0,23.194444444444443,835.0,F656_ARC _B3_slice5-Ort.czi,old,glp1r,upper
231,21.0,9.714285714285714,203.99999999999997,F656_ARC _B3_slice5-Ort.czi,old,glp1r,upper
232,27.0,15.703703703703704,424.0,F656_ARC _B3_slice5-Ort.czi,old,glp1r,upper
233,96.0,8.34375,801.0,F656_ARC _B3_slice5-Ort.czi,old,glp1r,upper
234,2.0,8.0,16.0,F656_ARC _B3_slice5-Ort.czi,old,glp1r,upper
235,95.0,9.736842105263158,925.0,F656_ARC _B3_slice5-Ort.czi,old,glp1r,upper
236,1.0,7.0,7.0,F656_ARC _B3_slice5-Ort.czi,old,glp1r,upper
237,36.0,10.63888888888889,383.0,F656_ARC _B3_slice5-Ort.czi,old,glp1r,upper
238,73.0,9.767123287671232,713.0,F656_ARC _B3_slice5-Ort.czi,old,glp1r,upper
239,23.0,9.826086956521738,225.99999999999997,F656_ARC _B3_slice5-Ort.czi,old,glp1r,upper
240,2.0,8.0,16.0,F656_ARC _B3_slice5-Ort.czi,old,glp1r,upper
241,14.0,8.5,119.0,F656_ARC _B3_slice5-Ort.czi,old,glp1r,upper
242,42.0,15.738095238095237,661.0,F656_ARC _B3_slice5-Ort.czi,old,glp1r,upper
243,19.0,8.473684210526315,161.0,F656_ARC _B3_slice5-Ort.czi,old,glp1r,upper
244,4.0,6.75,27.0,F656_ARC _B3_slice5-Ort.czi,old,glp1r,upper
245,16.0,8.125,130.0,F656_ARC _B3_slice5-Ort.czi,old,glp1r,upper
246,6.0,11.833333333333334,71.0,F656_ARC _B3_slice5-Ort.czi,old,glp1r,upper
247,11.0,16.636363636363637,183.0,F656_ARC _B3_slice5-Ort.czi,old,glp1r,upper
248,40.0,15.15,606.0,F656_ARC _B3_slice5-Ort.czi,old,glp1r,upper
249,4.0,20.75,83.0,F656_ARC _B3_slice5-Ort.czi,old,glp1r,upper
250,247.0,12.732793522267206,3145.0,F656_ARC _B3_slice5-Ort.czi,old,glp1r,upper
251,14.0,7.928571428571429,111.0,F656_ARC _B3_slice5-Ort.czi,old,glp1r,upper
252,1.0,11.0,11.0,F656_ARC _B3_slice5-Ort.czi,old,glp1r,upper
253,128.0,23.859375,3054.0,F656_ARC _B3_slice5-Ort.czi,old,glp1r,upper
254,29.0,12.517241379310345,363.0,F656_ARC _B3_slice5-Ort.czi,old,glp1r,upper
255,68.0,8.117647058823529,552.0,F656_ARC _B3_slice5-Ort.czi,old,glp1r,upper
256,13.0,11.307692307692308,147.0,F656_ARC _B3_slice5-Ort.czi,old,glp1r,upper
257,94.0,9.46808510638298,890.0,F656_ARC _B3_slice5-Ort.czi,old,glp1r,upper
258,4.0,18.0,72.0,F656_ARC _B3_slice5-Ort.czi,old,glp1r,upper
259,31.0,10.580645161290322,328.0,F656_ARC _B3_slice5-Ort.czi,old,glp1r,upper
260,147.0,10.374149659863946,1525.0,F656_ARC _B3_slice5-Ort.czi,old,glp1r,upper
261,1.0,12.0,12.0,F656_ARC _B3_slice5-Ort.czi,old,glp1r,upper
262,7.0,8.0,56.0,F656_ARC _B3_slice5-Ort.czi,old,glp1r,upper
263,48.0,11.791666666666666,566.0,F656_ARC _B3_slice5-Ort.czi,old,glp1r,upper
264,36.0,7.694444444444445,277.0,F656_ARC _B3_slice5-Ort.czi,old,glp1r,upper
265,1.0,7.0,7.0,F656_ARC _B3_slice5-Ort.czi,old,glp1r,upper
266,3.0,15.333333333333334,46.0,F656_ARC _B3_slice5-Ort.czi,old,glp1r,upper
267,20.0,8.75,175.0,F656_ARC _B3_slice5-Ort.czi,old,glp1r,upper
268,60.0,14.35,861.0,F656_ARC _B3_slice5-Ort.czi,old,glp1r,upper
269,29.0,9.517241379310345,276.0,F656_ARC _B3_slice5-Ort.czi,old,glp1r,upper
270,15.0,8.466666666666667,127.0,F656_ARC _B3_slice5-Ort.czi,old,glp1r,upper
271,37.0,10.18918918918919,377.0,F656_ARC _B3_slice5-Ort.czi,old,glp1r,upper
272,9.0,7.333333333333333,66.0,F656_ARC _B3_slice5-Ort.czi,old,glp1r,upper
273,29.0,10.586206896551724,307.0,F656_ARC _B3_slice5-Ort.czi,old,glp1r,upper
274,10.0,10.8,108.0,F656_ARC _B3_slice5-Ort.czi,old,glp1r,upper
275,46.0,8.782608695652174,404.0,F656_ARC _B3_slice5-Ort.czi,old,glp1r,upper
276,13.0,23.307692307692307,303.0,F656_ARC _B3_slice5-Ort.czi,old,glp1r,upper
277,45.0,8.955555555555556,403.0,F656_ARC _B3_slice5-Ort.czi,old,glp1r,upper
278,19.0,11.263157894736842,214.0,F656_ARC _B3_slice5-Ort.czi,old,glp1r,upper
279,123.0,12.073170731707316,1485.0,F656_ARC _B3_slice5-Ort.czi,old,glp1r,upper
280,21.0,11.619047619047619,244.0,F656_ARC _B3_slice5-Ort.czi,old,glp1r,upper
281,167.0,13.119760479041917,2191.0,F656_ARC _B3_slice5-Ort.czi,old,glp1r,upper
282,45.0,9.28888888888889,418.00000000000006,F656_ARC _B3_slice5-Ort.czi,old,glp1r,upper
283,69.0,14.666666666666666,1012.0,F656_ARC _B3_slice5-Ort.czi,old,glp1r,upper
284,16.0,16.125,258.0,F656_ARC _B3_slice5-Ort.czi,old,glp1r,upper
285,8.0,8.125,65.0,F656_ARC _B3_slice5-Ort.czi,old,glp1r,upper
286,3.0,15.666666666666666,47.0,F656_ARC _B3_slice5-Ort.czi,old,glp1r,upper
287,4.0,7.5,30.0,F656_ARC _B3_slice5-Ort.czi,old,glp1r,upper
288,58.0,9.448275862068966,548.0,F656_ARC _B3_slice5-Ort.czi,old,glp1r,upper
289,45.0,7.688888888888889,346.0,F656_ARC _B3_slice5-Ort.czi,old,glp1r,upper
290,26.0,12.384615384615385,322.0,F656_ARC _B3_slice5-Ort.czi,old,glp1r,upper
291,1.0,6.0,6.0,F656_ARC _B3_slice5-Ort.czi,old,glp1r,upper
292,10.0,8.7,87.0,F656_ARC _B3_slice5-Ort.czi,old,glp1r,upper
293,26.0,7.923076923076923,206.0,F656_ARC _B3_slice5-Ort.czi,old,glp1r,upper
294,13.0,19.153846153846153,249.0,F656_ARC _B3_slice5-Ort.czi,old,glp1r,upper
295,56.0,9.321428571428571,522.0,F656_ARC _B3_slice5-Ort.czi,old,glp1r,upper
296,1.0,15.0,15.0,F656_ARC _B3_slice5-Ort.czi,old,glp1r,upper
297,15.0,10.533333333333333,158.0,F656_ARC _B3_slice5-Ort.czi,old,glp1r,upper
298,47.0,11.574468085106384,544.0,F656_ARC _B3_slice5-Ort.czi,old,glp1r,upper
299,1.0,3.0,3.0,F656_ARC _B3_slice5-Ort.czi,old,glp1r,upper
300,25.0,20.4,509.99999999999994,F656_ARC _B3_slice5-Ort.czi,old,glp1r,upper
301,10.0,10.5,105.0,F656_ARC _B3_slice5-Ort.czi,old,glp1r,upper
302,97.0,12.257731958762887,1189.0,F656_ARC _B3_slice5-Ort.czi,old,glp1r,upper
303,15.0,15.6,234.0,F656_ARC _B3_slice5-Ort.czi,old,glp1r,upper
304,92.0,9.380434782608695,863.0,F656_ARC _B3_slice5-Ort.czi,old,glp1r,upper
305,61.0,9.098360655737705,555.0,F656_ARC _B3_slice5-Ort.czi,old,glp1r,upper
306,640.0,12.8015625,8193.0,F656_ARC _B3_slice5-Ort.czi,old,glp1r,upper
307,15.0,8.133333333333333,122.0,F656_ARC _B3_slice5-Ort.czi,old,glp1r,upper
308,108.0,10.592592592592593,1144.0,F656_ARC _B3_slice5-Ort.czi,old,glp1r,upper
309,435.0,11.466666666666667,4988.0,F656_ARC _B3_slice5-Ort.czi,old,glp1r,upper
310,70.0,10.214285714285714,715.0,F656_ARC _B3_slice5-Ort.czi,old,glp1r,upper
311,4.0,9.0,36.0,F656_ARC _B3_slice5-Ort.czi,old,glp1r,upper
312,20.0,7.5,150.0,F656_ARC _B3_slice5-Ort.czi,old,glp1r,upper
313,179.0,12.77094972067039,2286.0,F656_ARC _B3_slice5-Ort.czi,old,glp1r,upper
314,47.0,8.72340425531915,410.0,F656_ARC _B3_slice5-Ort.czi,old,glp1r,upper
315,86.0,16.790697674418606,1444.0000000000002,F656_ARC _B3_slice5-Ort.czi,old,glp1r,upper
316,70.0,7.871428571428571,551.0,F656_ARC _B3_slice5-Ort.czi,old,glp1r,upper
317,132.0,11.212121212121213,1480.0,F656_ARC _B3_slice5-Ort.czi,old,glp1r,upper
318,22.0,8.727272727272727,192.0,F656_ARC _B3_slice5-Ort.czi,old,glp1r,upper
319,4.0,9.25,37.0,F656_ARC _B3_slice5-Ort.czi,old,glp1r,upper
320,44.0,8.886363636363637,391.0,F656_ARC _B3_slice5-Ort.czi,old,glp1r,upper
321,43.0,8.372093023255815,360.0,F656_ARC _B3_slice5-Ort.czi,old,glp1r,upper
322,49.0,12.918367346938776,633.0,F656_ARC _B3_slice5-Ort.czi,old,glp1r,upper
323,13.0,8.384615384615385,109.0,F656_ARC _B3_slice5-Ort.czi,old,glp1r,upper
324,13.0,16.615384615384617,216.00000000000003,F656_ARC _B3_slice5-Ort.czi,old,glp1r,upper
325,63.0,9.11111111111111,574.0,F656_ARC _B3_slice5-Ort.czi,old,glp1r,upper
326,12.0,7.833333333333333,94.0,F656_ARC _B3_slice5-Ort.czi,old,glp1r,upper
327,55.0,13.436363636363636,739.0,F656_ARC _B3_slice5-Ort.czi,old,glp1r,upper
328,34.0,8.352941176470589,284.0,F656_ARC _B3_slice5-Ort.czi,old,glp1r,upper
329,17.0,11.764705882352942,200.0,F656_ARC _B3_slice5-Ort.czi,old,glp1r,upper
330,135.0,12.155555555555555,1641.0,F656_ARC _B3_slice5-Ort.czi,old,glp1r,upper
331,22.0,10.272727272727273,226.0,F656_ARC _B3_slice5-Ort.czi,old,glp1r,upper
332,165.0,13.054545454545455,2154.0,F656_ARC _B3_slice5-Ort.czi,old,glp1r,upper
333,799.0,10.568210262828536,8444.0,F656_ARC _B3_slice5-Ort.czi,old,glp1r,upper
334,14.0,8.071428571428571,113.0,F656_ARC _B3_slice5-Ort.czi,old,glp1r,upper
335,258.0,9.686046511627907,2499.0,F656_ARC _B3_slice5-Ort.czi,old,glp1r,upper
336,93.0,10.043010752688172,934.0,F656_ARC _B3_slice5-Ort.czi,old,glp1r,upper
337,7.0,12.142857142857142,85.0,F656_ARC _B3_slice5-Ort.czi,old,glp1r,upper
338,2.0,6.0,12.0,F656_ARC _B3_slice5-Ort.czi,old,glp1r,upper
339,101.0,10.148514851485148,1025.0,F656_ARC _B3_slice5-Ort.czi,old,glp1r,upper
340,123.0,13.203252032520325,1624.0,F656_ARC _B3_slice5-Ort.czi,old,glp1r,upper
341,51.0,8.823529411764707,450.00000000000006,F656_ARC _B3_slice5-Ort.czi,old,glp1r,upper
342,425.0,11.44,4862.0,F656_ARC _B3_slice5-Ort.czi,old,glp1r,upper
343,22.0,10.545454545454545,232.0,F656_ARC _B3_slice5-Ort.czi,old,glp1r,upper
344,1.0,5.0,5.0,F656_ARC _B3_slice5-Ort.czi,old,glp1r,upper
345,8.0,10.5,84.0,F656_ARC _B3_slice5-Ort.czi,old,glp1r,upper
346,81.0,9.617283950617283,778.9999999999999,F656_ARC _B3_slice5-Ort.czi,old,glp1r,upper
347,21.0,11.333333333333334,238.0,F656_ARC _B3_slice5-Ort.czi,old,glp1r,upper
348,19.0,8.947368421052632,170.0,F656_ARC _B3_slice5-Ort.czi,old,glp1r,upper
349,49.0,10.83673469387755,531.0,F656_ARC _B3_slice5-Ort.czi,old,glp1r,upper
350,35.0,15.17142857142857,531.0,F656_ARC _B3_slice5-Ort.czi,old,glp1r,upper
351,104.0,8.221153846153847,855.0,F656_ARC _B3_slice5-Ort.czi,old,glp1r,upper
352,119.0,10.008403361344538,1191.0,F656_ARC _B3_slice5-Ort.czi,old,glp1r,upper
353,59.0,11.508474576271187,679.0,F656_ARC _B3_slice5-Ort.czi,old,glp1r,upper
354,8.0,30.125,241.0,F656_ARC _B3_slice5-Ort.czi,old,glp1r,upper
355,34.0,9.529411764705882,324.0,F656_ARC _B3_slice5-Ort.czi,old,glp1r,upper
356,62.0,10.85483870967742,673.0,F656_ARC _B3_slice5-Ort.czi,old,glp1r,upper
357,330.0,10.457575757575757,3451.0,F656_ARC _B3_slice5-Ort.czi,old,glp1r,upper
358,52.0,14.442307692307692,751.0,F656_ARC _B3_slice5-Ort.czi,old,glp1r,upper
359,7.0,16.428571428571427,114.99999999999999,F656_ARC _B3_slice5-Ort.czi,old,glp1r,upper
360,47.0,10.425531914893616,489.99999999999994,F656_ARC _B3_slice5-Ort.czi,old,glp1r,upper
361,1.0,8.0,8.0,F656_ARC _B3_slice5-Ort.czi,old,glp1r,upper
362,1.0,8.0,8.0,F656_ARC _B3_slice5-Ort.czi,old,glp1r,upper
363,54.0,9.333333333333334,504.00000000000006,F656_ARC _B3_slice5-Ort.czi,old,glp1r,upper
364,49.0,9.612244897959183,470.99999999999994,F656_ARC _B3_slice5-Ort.czi,old,glp1r,upper
365,8.0,6.875,55.0,F656_ARC _B3_slice5-Ort.czi,old,glp1r,upper
366,78.0,9.512820512820513,742.0,F656_ARC _B3_slice5-Ort.czi,old,glp1r,upper
367,22.0,8.181818181818182,180.0,F656_ARC _B3_slice5-Ort.czi,old,glp1r,upper
368,28.0,10.035714285714286,281.0,F656_ARC _B3_slice5-Ort.czi,old,glp1r,upper
369,8.0,9.0,72.0,F656_ARC _B3_slice5-Ort.czi,old,glp1r,upper
370,66.0,10.803030303030303,713.0,F656_ARC _B3_slice5-Ort.czi,old,glp1r,upper
371,142.0,10.943661971830986,1554.0,F656_ARC _B3_slice5-Ort.czi,old,glp1r,upper
372,1.0,7.0,7.0,F656_ARC _B3_slice5-Ort.czi,old,glp1r,upper
373,21.0,13.095238095238095,275.0,F656_ARC _B3_slice5-Ort.czi,old,glp1r,upper
374,266.0,8.454887218045112,2249.0,F656_ARC _B3_slice5-Ort.czi,old,glp1r,upper
375,93.0,9.10752688172043,847.0,F656_ARC _B3_slice5-Ort.czi,old,glp1r,upper
376,19.0,12.631578947368421,240.0,F656_ARC _B3_slice5-Ort.czi,old,glp1r,upper
377,62.0,9.03225806451613,560.0,F656_ARC _B3_slice5-Ort.czi,old,glp1r,upper
378,126.0,11.380952380952381,1434.0,F656_ARC _B3_slice5-Ort.czi,old,glp1r,upper
379,51.0,8.215686274509803,418.99999999999994,F656_ARC _B3_slice5-Ort.czi,old,glp1r,upper
380,44.0,8.181818181818182,360.0,F656_ARC _B3_slice5-Ort.czi,old,glp1r,upper
381,115.0,11.947826086956521,1374.0,F656_ARC _B3_slice5-Ort.czi,old,glp1r,upper
382,3.0,9.666666666666666,29.0,F656_ARC _B3_slice5-Ort.czi,old,glp1r,upper
383,12.0,10.5,126.0,F656_ARC _B3_slice5-Ort.czi,old,glp1r,upper
384,115.0,10.373913043478261,1193.0,F656_ARC _B3_slice5-Ort.czi,old,glp1r,upper
385,49.0,8.489795918367347,416.0,F656_ARC _B3_slice5-Ort.czi,old,glp1r,upper
386,1.0,11.0,11.0,F656_ARC _B3_slice5-Ort.czi,old,glp1r,upper
387,4.0,14.0,56.0,F656_ARC _B3_slice5-Ort.czi,old,glp1r,upper
388,39.0,9.564102564102564,373.0,F656_ARC _B3_slice5-Ort.czi,old,glp1r,upper
389,30.0,8.066666666666666,242.0,F656_ARC _B3_slice5-Ort.czi,old,glp1r,upper
390,38.0,12.18421052631579,463.0,F656_ARC _B3_slice5-Ort.czi,old,glp1r,upper
391,15.0,9.8,147.0,F656_ARC _B3_slice5-Ort.czi,old,glp1r,upper
392,26.0,8.346153846153847,217.0,F656_ARC _B3_slice5-Ort.czi,old,glp1r,upper
393,20.0,11.0,220.0,F656_ARC _B3_slice5-Ort.czi,old,glp1r,upper
394,12.0,17.166666666666668,206.0,F656_ARC _B3_slice5-Ort.czi,old,glp1r,upper
395,25.0,12.92,323.0,F656_ARC _B3_slice5-Ort.czi,old,glp1r,upper
396,43.0,9.69767441860465,417.0,F656_ARC _B3_slice5-Ort.czi,old,glp1r,upper
397,39.0,12.948717948717949,505.0,F656_ARC _B3_slice5-Ort.czi,old,glp1r,upper
398,57.0,7.526315789473684,429.0,F656_ARC _B3_slice5-Ort.czi,old,glp1r,upper
399,12.0,12.0,144.0,F656_ARC _B3_slice5-Ort.czi,old,glp1r,upper
400,128.0,10.84375,1388.0,F656_ARC _B3_slice5-Ort.czi,old,glp1r,upper
401,25.0,10.04,250.99999999999997,F656_ARC _B3_slice5-Ort.czi,old,glp1r,upper
402,30.0,10.366666666666667,311.0,F656_ARC _B3_slice5-Ort.czi,old,glp1r,upper
403,81.0,9.950617283950617,806.0,F656_ARC _B3_slice5-Ort.czi,old,glp1r,upper
404,18.0,20.61111111111111,371.0,F656_ARC _B3_slice5-Ort.czi,old,glp1r,upper
405,379.0,9.393139841688654,3560.0,F656_ARC _B3_slice5-Ort.czi,old,glp1r,upper
406,23.0,18.347826086956523,422.00000000000006,F656_ARC _B3_slice5-Ort.czi,old,glp1r,upper
407,184.0,10.402173913043478,1914.0,F656_ARC _B3_slice5-Ort.czi,old,glp1r,upper
408,60.0,14.366666666666667,862.0,F656_ARC _B3_slice5-Ort.czi,old,glp1r,upper
409,210.0,11.17142857142857,2346.0,F656_ARC _B3_slice5-Ort.czi,old,glp1r,upper
410,63.0,8.158730158730158,514.0,F656_ARC _B3_slice5-Ort.czi,old,glp1r,upper
411,62.0,9.96774193548387,618.0,F656_ARC _B3_slice5-Ort.czi,old,glp1r,upper
412,3.0,8.0,24.0,F656_ARC _B3_slice5-Ort.czi,old,glp1r,upper
413,1.0,8.0,8.0,F656_ARC _B3_slice5-Ort.czi,old,glp1r,upper
414,3.0,9.0,27.0,F656_ARC _B3_slice5-Ort.czi,old,glp1r,upper
415,55.0,10.745454545454546,591.0,F656_ARC _B3_slice5-Ort.czi,old,glp1r,upper
416,8.0,10.375,83.0,F656_ARC _B3_slice5-Ort.czi,old,glp1r,upper
417,184.0,9.76086956521739,1796.0,F656_ARC _B3_slice5-Ort.czi,old,glp1r,upper
418,48.0,10.083333333333334,484.0,F656_ARC _B3_slice5-Ort.czi,old,glp1r,upper
419,15.0,8.333333333333334,125.00000000000001,F656_ARC _B3_slice5-Ort.czi,old,glp1r,upper
420,102.0,10.323529411764707,1053.0,F656_ARC _B3_slice5-Ort.czi,old,glp1r,upper
421,18.0,12.88888888888889,232.0,F656_ARC _B3_slice5-Ort.czi,old,glp1r,upper
422,12.0,10.666666666666666,128.0,F656_ARC _B3_slice5-Ort.czi,old,glp1r,upper
423,33.0,23.242424242424242,767.0,F656_ARC _B3_slice5-Ort.czi,old,glp1r,upper
424,21.0,10.333333333333334,217.0,F656_ARC _B3_slice5-Ort.czi,old,glp1r,upper
425,329.0,10.300911854103344,3389.0,F656_ARC _B3_slice5-Ort.czi,old,glp1r,upper
426,69.0,10.956521739130435,756.0,F656_ARC _B3_slice5-Ort.czi,old,glp1r,upper
427,71.0,10.28169014084507,730.0,F656_ARC _B3_slice5-Ort.czi,old,glp1r,upper
428,1131.0,11.12024756852343,12577.0,F656_ARC _B3_slice5-Ort.czi,old,glp1r,upper
429,79.0,12.481012658227849,986.0000000000001,F656_ARC _B3_slice5-Ort.czi,old,glp1r,upper
430,71.0,11.464788732394366,814.0,F656_ARC _B3_slice5-Ort.czi,old,glp1r,upper
431,44.0,12.022727272727273,529.0,F656_ARC _B3_slice5-Ort.czi,old,glp1r,upper
432,8.0,13.875,111.0,F656_ARC _B3_slice5-Ort.czi,old,glp1r,upper
433,49.0,14.020408163265307,687.0,F656_ARC _B3_slice5-Ort.czi,old,glp1r,upper
434,18.0,12.055555555555555,217.0,F656_ARC _B3_slice5-Ort.czi,old,glp1r,upper
435,9.0,13.666666666666666,123.0,F656_ARC _B3_slice5-Ort.czi,old,glp1r,upper
436,13.0,9.307692307692308,121.00000000000001,F656_ARC _B3_slice5-Ort.czi,old,glp1r,upper
437,56.0,10.821428571428571,606.0,F656_ARC _B3_slice5-Ort.czi,old,glp1r,upper
438,7.0,9.857142857142858,69.0,F656_ARC _B3_slice5-Ort.czi,old,glp1r,upper
439,73.0,10.232876712328768,747.0,F656_ARC _B3_slice5-Ort.czi,old,glp1r,upper
440,1.0,5.0,5.0,F656_ARC _B3_slice5-Ort.czi,old,glp1r,upper
441,68.0,9.102941176470589,619.0,F656_ARC _B3_slice5-Ort.czi,old,glp1r,upper
442,43.0,8.813953488372093,379.0,F656_ARC _B3_slice5-Ort.czi,old,glp1r,upper
443,34.0,12.5,425.0,F656_ARC _B3_slice5-Ort.czi,old,glp1r,upper
444,42.0,9.166666666666666,385.0,F656_ARC _B3_slice5-Ort.czi,old,glp1r,upper
445,65.0,9.861538461538462,641.0,F656_ARC _B3_slice5-Ort.czi,old,glp1r,upper
446,84.0,12.130952380952381,1019.0,F656_ARC _B3_slice5-Ort.czi,old,glp1r,upper
447,63.0,9.126984126984127,575.0,F656_ARC _B3_slice5-Ort.czi,old,glp1r,upper
448,32.0,13.1875,422.0,F656_ARC _B3_slice5-Ort.czi,old,glp1r,upper
449,15.0,8.8,132.0,F656_ARC _B3_slice5-Ort.czi,old,glp1r,upper
450,9.0,17.444444444444443,157.0,F656_ARC _B3_slice5-Ort.czi,old,glp1r,upper
451,22.0,11.727272727272727,258.0,F656_ARC _B3_slice5-Ort.czi,old,glp1r,upper
452,1.0,7.0,7.0,F656_ARC _B3_slice5-Ort.czi,old,glp1r,upper
453,24.0,9.416666666666666,226.0,F656_ARC _B3_slice5-Ort.czi,old,glp1r,upper
454,9.0,9.555555555555555,86.0,F656_ARC _B3_slice5-Ort.czi,old,glp1r,upper
455,9.0,11.11111111111111,100.0,F656_ARC _B3_slice5-Ort.czi,old,glp1r,upper
456,80.0,10.2875,823.0,F656_ARC _B3_slice5-Ort.czi,old,glp1r,upper
457,131.0,11.221374045801527,1470.0,F656_ARC _B3_slice5-Ort.czi,old,glp1r,upper
458,48.0,8.875,426.0,F656_ARC _B3_slice5-Ort.czi,old,glp1r,upper
459,85.0,9.552941176470588,812.0,F656_ARC _B3_slice5-Ort.czi,old,glp1r,upper
460,35.0,10.714285714285714,375.0,F656_ARC _B3_slice5-Ort.czi,old,glp1r,upper
461,96.0,14.520833333333334,1394.0,F656_ARC _B3_slice5-Ort.czi,old,glp1r,upper
462,10.0,13.1,131.0,F656_ARC _B3_slice5-Ort.czi,old,glp1r,upper
463,181.0,9.121546961325967,1651.0,F656_ARC _B3_slice5-Ort.czi,old,glp1r,upper
464,176.0,11.528409090909092,2029.0000000000002,F656_ARC _B3_slice5-Ort.czi,old,glp1r,upper
465,23.0,15.217391304347826,350.0,F656_ARC _B3_slice5-Ort.czi,old,glp1r,upper
466,5.0,12.4,62.0,F656_ARC _B3_slice5-Ort.czi,old,glp1r,upper
467,75.0,9.08,681.0,F656_ARC _B3_slice5-Ort.czi,old,glp1r,upper
468,132.0,11.893939393939394,1570.0,F656_ARC _B3_slice5-Ort.czi,old,glp1r,upper
469,149.0,9.677852348993289,1442.0,F656_ARC _B3_slice5-Ort.czi,old,glp1r,upper
470,1.0,9.0,9.0,F656_ARC _B3_slice5-Ort.czi,old,glp1r,upper
471,5.0,9.0,45.0,F656_ARC _B3_slice5-Ort.czi,old,glp1r,upper
472,16.0,10.1875,163.0,F656_ARC _B3_slice5-Ort.czi,old,glp1r,upper
473,35.0,15.857142857142858,555.0,F656_ARC _B3_slice5-Ort.czi,old,glp1r,upper
474,23.0,16.347826086956523,376.00000000000006,F656_ARC _B3_slice5-Ort.czi,old,glp1r,upper
475,4.0,6.25,25.0,F656_ARC _B3_slice5-Ort.czi,old,glp1r,upper
476,110.0,11.4,1254.0,F656_ARC _B3_slice5-Ort.czi,old,glp1r,upper
477,30.0,9.533333333333333,286.0,F656_ARC _B3_slice5-Ort.czi,old,glp1r,upper
478,59.0,10.88135593220339,642.0,F656_ARC _B3_slice5-Ort.czi,old,glp1r,upper
479,7.0,14.0,98.0,F656_ARC _B3_slice5-Ort.czi,old,glp1r,upper
480,80.0,12.4625,997.0,F656_ARC _B3_slice5-Ort.czi,old,glp1r,upper
481,15.0,11.533333333333333,173.0,F656_ARC _B3_slice5-Ort.czi,old,glp1r,upper
482,1.0,9.0,9.0,F656_ARC _B3_slice5-Ort.czi,old,glp1r,upper
483,34.0,13.558823529411764,461.0,F656_ARC _B3_slice5-Ort.czi,old,glp1r,upper
484,119.0,12.504201680672269,1488.0,F656_ARC _B3_slice5-Ort.czi,old,glp1r,upper
485,53.0,9.11320754716981,483.0,F656_ARC _B3_slice5-Ort.czi,old,glp1r,upper
486,100.0,10.89,1089.0,F656_ARC _B3_slice5-Ort.czi,old,glp1r,upper
487,9.0,13.444444444444445,121.0,F656_ARC _B3_slice5-Ort.czi,old,glp1r,upper
488,3.0,6.666666666666667,20.0,F656_ARC _B3_slice5-Ort.czi,old,glp1r,upper
489,165.0,9.442424242424243,1558.0000000000002,F656_ARC _B3_slice5-Ort.czi,old,glp1r,upper
490,31.0,10.870967741935484,337.0,F656_ARC _B3_slice5-Ort.czi,old,glp1r,upper
491,18.0,12.0,216.0,F656_ARC _B3_slice5-Ort.czi,old,glp1r,upper
492,320.0,9.278125,2969.0,F656_ARC _B3_slice5-Ort.czi,old,glp1r,upper
493,24.0,11.25,270.0,F656_ARC _B3_slice5-Ort.czi,old,glp1r,upper
494,28.0,9.392857142857142,263.0,F656_ARC _B3_slice5-Ort.czi,old,glp1r,upper
495,77.0,9.909090909090908,762.9999999999999,F656_ARC _B3_slice5-Ort.czi,old,glp1r,upper
496,90.0,9.677777777777777,871.0,F656_ARC _B3_slice5-Ort.czi,old,glp1r,upper
497,108.0,12.407407407407407,1340.0,F656_ARC _B3_slice5-Ort.czi,old,glp1r,upper
498,91.0,9.76923076923077,889.0000000000001,F656_ARC _B3_slice5-Ort.czi,old,glp1r,upper
499,20.0,9.7,194.0,F656_ARC _B3_slice5-Ort.czi,old,glp1r,upper
500,2.0,9.0,18.0,F656_ARC _B3_slice5-Ort.czi,old,glp1r,upper
501,218.0,9.417431192660551,2053.0,F656_ARC _B3_slice5-Ort.czi,old,glp1r,upper
502,52.0,11.307692307692308,588.0,F656_ARC _B3_slice5-Ort.czi,old,glp1r,upper
503,172.0,12.75,2193.0,F656_ARC _B3_slice5-Ort.czi,old,glp1r,upper
504,59.0,9.508474576271187,561.0,F656_ARC _B3_slice5-Ort.czi,old,glp1r,upper
505,196.0,9.73469387755102,1908.0,F656_ARC _B3_slice5-Ort.czi,old,glp1r,upper
506,13.0,11.307692307692308,147.0,F656_ARC _B3_slice5-Ort.czi,old,glp1r,upper
507,25.0,8.44,211.0,F656_ARC _B3_slice5-Ort.czi,old,glp1r,upper
508,97.0,9.29896907216495,902.0000000000001,F656_ARC _B3_slice5-Ort.czi,old,glp1r,upper
509,71.0,14.43661971830986,1025.0,F656_ARC _B3_slice5-Ort.czi,old,glp1r,upper
510,219.0,8.876712328767123,1944.0,F656_ARC _B3_slice5-Ort.czi,old,glp1r,upper
511,28.0,8.892857142857142,249.0,F656_ARC _B3_slice5-Ort.czi,old,glp1r,upper
512,83.0,12.048192771084338,1000.0,F656_ARC _B3_slice5-Ort.czi,old,glp1r,upper
513,28.0,15.821428571428571,443.0,F656_ARC _B3_slice5-Ort.czi,old,glp1r,upper
514,65.0,9.615384615384615,625.0,F656_ARC _B3_slice5-Ort.czi,old,glp1r,upper
515,225.0,12.106666666666667,2724.0,F656_ARC _B3_slice5-Ort.czi,old,glp1r,upper
516,23.0,15.26086956521739,351.0,F656_ARC _B3_slice5-Ort.czi,old,glp1r,upper
517,241.0,11.987551867219917,2889.0,F656_ARC _B3_slice5-Ort.czi,old,glp1r,upper
518,17.0,12.117647058823529,206.0,F656_ARC _B3_slice5-Ort.czi,old,glp1r,upper
519,50.0,11.24,562.0,F656_ARC _B3_slice5-Ort.czi,old,glp1r,upper
520,28.0,10.678571428571429,299.0,F656_ARC _B3_slice5-Ort.czi,old,glp1r,upper
521,12.0,8.416666666666666,101.0,F656_ARC _B3_slice5-Ort.czi,old,glp1r,upper
522,51.0,7.470588235294118,381.0,F656_ARC _B3_slice5-Ort.czi,old,glp1r,upper
523,46.0,11.195652173913043,515.0,F656_ARC _B3_slice5-Ort.czi,old,glp1r,upper
524,17.0,8.647058823529411,147.0,F656_ARC _B3_slice5-Ort.czi,old,glp1r,upper
525,51.0,12.235294117647058,624.0,F656_ARC _B3_slice5-Ort.czi,old,glp1r,upper
526,12.0,9.75,117.0,F656_ARC _B3_slice5-Ort.czi,old,glp1r,upper
527,156.0,9.39102564102564,1465.0,F656_ARC _B3_slice5-Ort.czi,old,glp1r,upper
528,45.0,13.088888888888889,589.0,F656_ARC _B3_slice5-Ort.czi,old,glp1r,upper
529,8.0,11.625,93.0,F656_ARC _B3_slice5-Ort.czi,old,glp1r,upper
530,950.0,10.365263157894736,9847.0,F656_ARC _B3_slice5-Ort.czi,old,glp1r,upper
531,27.0,11.518518518518519,311.0,F656_ARC _B3_slice5-Ort.czi,old,glp1r,upper
532,58.0,10.810344827586206,627.0,F656_ARC _B3_slice5-Ort.czi,old,glp1r,upper
533,66.0,9.333333333333334,616.0,F656_ARC _B3_slice5-Ort.czi,old,glp1r,upper
534,33.0,8.212121212121213,271.0,F656_ARC _B3_slice5-Ort.czi,old,glp1r,upper
535,58.0,11.5,667.0,F656_ARC _B3_slice5-Ort.czi,old,glp1r,upper
536,42.0,9.5,399.0,F656_ARC _B3_slice5-Ort.czi,old,glp1r,upper
537,81.0,9.802469135802468,793.9999999999999,F656_ARC _B3_slice5-Ort.czi,old,glp1r,upper
538,2.0,12.0,24.0,F656_ARC _B3_slice5-Ort.czi,old,glp1r,upper
539,40.0,10.775,431.0,F656_ARC _B3_slice5-Ort.czi,old,glp1r,upper
540,11.0,9.727272727272727,107.0,F656_ARC _B3_slice5-Ort.czi,old,glp1r,upper
541,38.0,10.894736842105264,414.0,F656_ARC _B3_slice5-Ort.czi,old,glp1r,upper
542,60.0,8.3,498.00000000000006,F656_ARC _B3_slice5-Ort.czi,old,glp1r,upper
543,78.0,10.987179487179487,857.0,F656_ARC _B3_slice5-Ort.czi,old,glp1r,upper
544,89.0,10.887640449438202,968.9999999999999,F656_ARC _B3_slice5-Ort.czi,old,glp1r,upper
545,46.0,9.673913043478262,445.00000000000006,F656_ARC _B3_slice5-Ort.czi,old,glp1r,upper
546,29.0,14.0,406.0,F656_ARC _B3_slice5-Ort.czi,old,glp1r,upper
547,87.0,10.528735632183908,916.0,F656_ARC _B3_slice5-Ort.czi,old,glp1r,upper
548,70.0,15.5,1085.0,F656_ARC _B3_slice5-Ort.czi,old,glp1r,upper
549,33.0,15.393939393939394,508.0,F656_ARC _B3_slice5-Ort.czi,old,glp1r,upper
550,107.0,9.850467289719626,1054.0,F656_ARC _B3_slice5-Ort.czi,old,glp1r,upper
551,18.0,25.666666666666668,462.0,F656_ARC _B3_slice5-Ort.czi,old,glp1r,upper
552,74.0,12.68918918918919,939.0,F656_ARC _B3_slice5-Ort.czi,old,glp1r,upper
553,1.0,19.0,19.0,F656_ARC _B3_slice5-Ort.czi,old,glp1r,upper
554,15.0,14.6,219.0,F656_ARC _B3_slice5-Ort.czi,old,glp1r,upper
555,21.0,16.047619047619047,337.0,F656_ARC _B3_slice5-Ort.czi,old,glp1r,upper
556,18.0,9.833333333333334,177.0,F656_ARC _B3_slice5-Ort.czi,old,glp1r,upper
557,48.0,8.5,408.0,F656_ARC _B3_slice5-Ort.czi,old,glp1r,upper
558,70.0,9.014285714285714,631.0,F656_ARC _B3_slice5-Ort.czi,old,glp1r,upper
559,38.0,11.447368421052632,435.0,F656_ARC _B3_slice5-Ort.czi,old,glp1r,upper
560,21.0,8.666666666666666,182.0,F656_ARC _B3_slice5-Ort.czi,old,glp1r,upper
561,375.0,10.677333333333333,4004.0,F656_ARC _B3_slice5-Ort.czi,old,glp1r,upper
562,201.0,9.601990049751244,1930.0,F656_ARC _B3_slice5-Ort.czi,old,glp1r,upper
563,77.0,14.402597402597403,1109.0,F656_ARC _B3_slice5-Ort.czi,old,glp1r,upper
564,242.0,9.413223140495868,2278.0,F656_ARC _B3_slice5-Ort.czi,old,glp1r,upper
565,15.0,12.866666666666667,193.0,F656_ARC _B3_slice5-Ort.czi,old,glp1r,upper
566,8.0,11.25,90.0,F656_ARC _B3_slice5-Ort.czi,old,glp1r,upper
567,41.0,10.463414634146341,429.0,F656_ARC _B3_slice5-Ort.czi,old,glp1r,upper
568,56.0,9.964285714285714,558.0,F656_ARC _B3_slice5-Ort.czi,old,glp1r,upper
569,366.0,9.6448087431694,3530.0,F656_ARC _B3_slice5-Ort.czi,old,glp1r,upper
570,16.0,11.1875,179.0,F656_ARC _B3_slice5-Ort.czi,old,glp1r,upper
571,34.0,10.294117647058824,350.0,F656_ARC _B3_slice5-Ort.czi,old,glp1r,upper
572,11.0,11.545454545454545,127.0,F656_ARC _B3_slice5-Ort.czi,old,glp1r,upper
573,9.0,15.444444444444445,139.0,F656_ARC _B3_slice5-Ort.czi,old,glp1r,upper
574,26.0,10.923076923076923,284.0,F656_ARC _B3_slice5-Ort.czi,old,glp1r,upper
575,601.0,9.750415973377704,5860.0,F656_ARC _B3_slice5-Ort.czi,old,glp1r,upper
576,379.0,8.255936675461742,3129.0,F656_ARC _B3_slice5-Ort.czi,old,glp1r,upper
577,46.0,9.804347826086957,451.0,F656_ARC _B3_slice5-Ort.czi,old,glp1r,upper
578,13.0,10.461538461538462,136.0,F656_ARC _B3_slice5-Ort.czi,old,glp1r,upper
579,73.0,11.082191780821917,809.0,F656_ARC _B3_slice5-Ort.czi,old,glp1r,upper
580,21.0,11.19047619047619,235.0,F656_ARC _B3_slice5-Ort.czi,old,glp1r,upper
581,10.0,9.7,97.0,F656_ARC _B3_slice5-Ort.czi,old,glp1r,upper
582,52.0,10.634615384615385,553.0,F656_ARC _B3_slice5-Ort.czi,old,glp1r,upper
583,18.0,17.11111111111111,308.0,F656_ARC _B3_slice5-Ort.czi,old,glp1r,upper
584,268.0,8.809701492537313,2361.0,F656_ARC _B3_slice5-Ort.czi,old,glp1r,upper
585,19.0,11.052631578947368,210.0,F656_ARC _B3_slice5-Ort.czi,old,glp1r,upper
586,20.0,12.35,247.0,F656_ARC _B3_slice5-Ort.czi,old,glp1r,upper
587,45.0,12.2,549.0,F656_ARC _B3_slice5-Ort.czi,old,glp1r,upper
588,5.0,30.6,153.0,F656_ARC _B3_slice5-Ort.czi,old,glp1r,upper
589,267.0,11.453183520599252,3058.0000000000005,F656_ARC _B3_slice5-Ort.czi,old,glp1r,upper
590,29.0,11.413793103448276,331.0,F656_ARC _B3_slice5-Ort.czi,old,glp1r,upper
591,193.0,12.290155440414507,2372.0,F656_ARC _B3_slice5-Ort.czi,old,glp1r,upper
592,1920.0,10.4671875,20097.0,F656_ARC _B3_slice5-Ort.czi,old,glp1r,upper
593,1.0,10.0,10.0,F656_ARC _B3_slice5-Ort.czi,old,glp1r,upper
594,7.0,13.142857142857142,92.0,F656_ARC _B3_slice5-Ort.czi,old,glp1r,upper
595,47.0,11.46808510638298,539.0,F656_ARC _B3_slice5-Ort.czi,old,glp1r,upper
596,40.0,12.5,500.0,F656_ARC _B3_slice5-Ort.czi,old,glp1r,upper
597,45.0,9.28888888888889,418.00000000000006,F656_ARC _B3_slice5-Ort.czi,old,glp1r,upper
598,35.0,15.657142857142857,548.0,F656_ARC _B3_slice5-Ort.czi,old,glp1r,upper
599,31.0,9.870967741935484,306.0,F656_ARC _B3_slice5-Ort.czi,old,glp1r,upper
600,13.0,11.923076923076923,155.0,F656_ARC _B3_slice5-Ort.czi,old,glp1r,upper
601,37.0,12.864864864864865,476.0,F656_ARC _B3_slice5-Ort.czi,old,glp1r,upper
602,143.0,8.384615384615385,1199.0,F656_ARC _B3_slice5-Ort.czi,old,glp1r,upper
603,3.0,8.0,24.0,F656_ARC _B3_slice5-Ort.czi,old,glp1r,upper
604,119.0,11.092436974789916,1320.0,F656_ARC _B3_slice5-Ort.czi,old,glp1r,upper
605,31.0,12.483870967741936,387.0,F656_ARC _B3_slice5-Ort.czi,old,glp1r,upper
606,30.0,9.933333333333334,298.0,F656_ARC _B3_slice5-Ort.czi,old,glp1r,upper
607,42.0,11.166666666666666,469.0,F656_ARC _B3_slice5-Ort.czi,old,glp1r,upper
608,10.0,10.5,105.0,F656_ARC _B3_slice5-Ort.czi,old,glp1r,upper
609,22.0,8.409090909090908,184.99999999999997,F656_ARC _B3_slice5-Ort.czi,old,glp1r,upper
610,23.0,14.869565217391305,342.0,F656_ARC _B3_slice5-Ort.czi,old,glp1r,upper
611,26.0,7.3076923076923075,190.0,F656_ARC _B3_slice5-Ort.czi,old,glp1r,upper
612,20.0,9.2,184.0,F656_ARC _B3_slice5-Ort.czi,old,glp1r,upper
613,1.0,14.0,14.0,F656_ARC _B3_slice5-Ort.czi,old,glp1r,upper
614,202.0,9.376237623762377,1894.0,F656_ARC _B3_slice5-Ort.czi,old,glp1r,upper
615,38.0,11.921052631578947,453.0,F656_ARC _B3_slice5-Ort.czi,old,glp1r,upper
616,22.0,10.863636363636363,239.0,F656_ARC _B3_slice5-Ort.czi,old,glp1r,upper
617,190.0,13.373684210526315,2541.0,F656_ARC _B3_slice5-Ort.czi,old,glp1r,upper
618,44.0,8.590909090909092,378.00000000000006,F656_ARC _B3_slice5-Ort.czi,old,glp1r,upper
619,61.0,9.78688524590164,597.0,F656_ARC _B3_slice5-Ort.czi,old,glp1r,upper
620,53.0,13.641509433962264,723.0,F656_ARC _B3_slice5-Ort.czi,old,glp1r,upper
621,28.0,10.892857142857142,305.0,F656_ARC _B3_slice5-Ort.czi,old,glp1r,upper
622,9.0,8.333333333333334,75.0,F656_ARC _B3_slice5-Ort.czi,old,glp1r,upper
623,5.0,9.2,46.0,F656_ARC _B3_slice5-Ort.czi,old,glp1r,upper
624,30.0,10.533333333333333,316.0,F656_ARC _B3_slice5-Ort.czi,old,glp1r,upper
625,4.0,8.75,35.0,F656_ARC _B3_slice5-Ort.czi,old,glp1r,upper
626,33.0,10.818181818181818,357.0,F656_ARC _B3_slice5-Ort.czi,old,glp1r,upper
627,3.0,14.333333333333334,43.0,F656_ARC _B3_slice5-Ort.czi,old,glp1r,upper
628,44.0,10.318181818181818,454.0,F656_ARC _B3_slice5-Ort.czi,old,glp1r,upper
629,23.0,10.26086956521739,236.0,F656_ARC _B3_slice5-Ort.czi,old,glp1r,upper
630,295.0,9.56271186440678,2821.0,F656_ARC _B3_slice5-Ort.czi,old,glp1r,upper
631,38.0,11.368421052631579,432.0,F656_ARC _B3_slice5-Ort.czi,old,glp1r,upper
632,68.0,10.441176470588236,710.0,F656_ARC _B3_slice5-Ort.czi,old,glp1r,upper
633,88.0,12.261363636363637,1079.0,F656_ARC _B3_slice5-Ort.czi,old,glp1r,upper
634,26.0,17.807692307692307,463.0,F656_ARC _B3_slice5-Ort.czi,old,glp1r,upper
635,77.0,10.636363636363637,819.0,F656_ARC _B3_slice5-Ort.czi,old,glp1r,upper
636,40.0,10.675,427.0,F656_ARC _B3_slice5-Ort.czi,old,glp1r,upper
637,31.0,10.709677419354838,332.0,F656_ARC _B3_slice5-Ort.czi,old,glp1r,upper
638,46.0,8.543478260869565,392.99999999999994,F656_ARC _B3_slice5-Ort.czi,old,glp1r,upper
639,7.0,7.428571428571429,52.0,F656_ARC _B3_slice5-Ort.czi,old,glp1r,upper
640,58.0,8.775862068965518,509.00000000000006,F656_ARC _B3_slice5-Ort.czi,old,glp1r,upper
641,18.0,13.444444444444445,242.0,F656_ARC _B3_slice5-Ort.czi,old,glp1r,upper
642,33.0,11.666666666666666,385.0,F656_ARC _B3_slice5-Ort.czi,old,glp1r,upper
643,17.0,7.588235294117647,129.0,F656_ARC _B3_slice5-Ort.czi,old,glp1r,upper
644,138.0,8.978260869565217,1239.0,F656_ARC _B3_slice5-Ort.czi,old,glp1r,upper
645,78.0,9.23076923076923,719.9999999999999,F656_ARC _B3_slice5-Ort.czi,old,glp1r,upper
646,135.0,11.696296296296296,1579.0,F656_ARC _B3_slice5-Ort.czi,old,glp1r,upper
647,43.0,15.093023255813954,649.0,F656_ARC _B3_slice5-Ort.czi,old,glp1r,upper
648,288.0,13.072916666666666,3765.0,F656_ARC _B3_slice5-Ort.czi,old,glp1r,upper
649,29.0,16.17241379310345,469.0,F656_ARC _B3_slice5-Ort.czi,old,glp1r,upper
650,3.0,8.333333333333334,25.0,F656_ARC _B3_slice5-Ort.czi,old,glp1r,upper
651,23.0,11.695652173913043,269.0,F656_ARC _B3_slice5-Ort.czi,old,glp1r,upper
652,21.0,11.80952380952381,248.0,F656_ARC _B3_slice5-Ort.czi,old,glp1r,upper
653,57.0,11.24561403508772,641.0,F656_ARC _B3_slice5-Ort.czi,old,glp1r,upper
654,40.0,15.175,607.0,F656_ARC _B3_slice5-Ort.czi,old,glp1r,upper
655,51.0,9.411764705882353,480.0,F656_ARC _B3_slice5-Ort.czi,old,glp1r,upper
656,52.0,10.25,533.0,F656_ARC _B3_slice5-Ort.czi,old,glp1r,upper
657,106.0,13.90566037735849,1474.0,F656_ARC _B3_slice5-Ort.czi,old,glp1r,upper
658,19.0,12.736842105263158,242.0,F656_ARC _B3_slice5-Ort.czi,old,glp1r,upper
659,187.0,9.427807486631016,1763.0,F656_ARC _B3_slice5-Ort.czi,old,glp1r,upper
660,1.0,7.0,7.0,F656_ARC _B3_slice5-Ort.czi,old,glp1r,upper
661,396.0,8.707070707070708,3448.0,F656_ARC _B3_slice5-Ort.czi,old,glp1r,upper
662,7.0,10.142857142857142,71.0,F656_ARC _B3_slice5-Ort.czi,old,glp1r,upper
663,2.0,5.0,10.0,F656_ARC _B3_slice5-Ort.czi,old,glp1r,upper
664,238.0,10.445378151260504,2486.0,F656_ARC _B3_slice5-Ort.czi,old,glp1r,upper
665,70.0,8.128571428571428,569.0,F656_ARC _B3_slice5-Ort.czi,old,glp1r,upper
666,23.0,7.826086956521739,180.0,F656_ARC _B3_slice5-Ort.czi,old,glp1r,upper
667,27.0,11.666666666666666,315.0,F656_ARC _B3_slice5-Ort.czi,old,glp1r,upper
668,23.0,10.782608695652174,248.0,F656_ARC _B3_slice5-Ort.czi,old,glp1r,upper
669,26.0,12.384615384615385,322.0,F656_ARC _B3_slice5-Ort.czi,old,glp1r,upper
670,86.0,14.372093023255815,1236.0,F656_ARC _B3_slice5-Ort.czi,old,glp1r,upper
671,47.0,8.74468085106383,411.0,F656_ARC _B3_slice5-Ort.czi,old,glp1r,upper
672,12.0,8.416666666666666,101.0,F656_ARC _B3_slice5-Ort.czi,old,glp1r,upper
673,97.0,9.835051546391753,954.0,F656_ARC _B3_slice5-Ort.czi,old,glp1r,upper
674,85.0,12.105882352941176,1029.0,F656_ARC _B3_slice5-Ort.czi,old,glp1r,upper
675,42.0,8.571428571428571,360.0,F656_ARC _B3_slice5-Ort.czi,old,glp1r,upper
676,29.0,8.862068965517242,257.0,F656_ARC _B3_slice5-Ort.czi,old,glp1r,upper
677,1.0,32.0,32.0,F656_ARC _B3_slice5-Ort.czi,old,glp1r,upper
678,30.0,8.833333333333334,265.0,F656_ARC _B3_slice5-Ort.czi,old,glp1r,upper
679,26.0,10.73076923076923,279.0,F656_ARC _B3_slice5-Ort.czi,old,glp1r,upper
680,16.0,13.5,216.0,F656_ARC _B3_slice5-Ort.czi,old,glp1r,upper
681,134.0,12.402985074626866,1662.0,F656_ARC _B3_slice5-Ort.czi,old,glp1r,upper
682,59.0,10.152542372881356,599.0,F656_ARC _B3_slice5-Ort.czi,old,glp1r,upper
683,91.0,12.813186813186814,1166.0,F656_ARC _B3_slice5-Ort.czi,old,glp1r,upper
684,109.0,9.394495412844037,1024.0,F656_ARC _B3_slice5-Ort.czi,old,glp1r,upper
685,201.0,10.427860696517413,2096.0,F656_ARC _B3_slice5-Ort.czi,old,glp1r,upper
686,182.0,10.137362637362637,1845.0,F656_ARC _B3_slice5-Ort.czi,old,glp1r,upper
687,45.0,11.2,503.99999999999994,F656_ARC _B3_slice5-Ort.czi,old,glp1r,upper
688,549.0,10.112932604735883,5552.0,F656_ARC _B3_slice5-Ort.czi,old,glp1r,upper
689,9.0,17.555555555555557,158.0,F656_ARC _B3_slice5-Ort.czi,old,glp1r,upper
690,23.0,10.08695652173913,232.0,F656_ARC _B3_slice5-Ort.czi,old,glp1r,upper
691,119.0,8.966386554621849,1067.0,F656_ARC _B3_slice5-Ort.czi,old,glp1r,upper
692,12.0,16.083333333333332,193.0,F656_ARC _B3_slice5-Ort.czi,old,glp1r,upper
693,38.0,9.421052631578947,358.0,F656_ARC _B3_slice5-Ort.czi,old,glp1r,upper
694,93.0,8.698924731182796,809.0,F656_ARC _B3_slice5-Ort.czi,old,glp1r,upper
695,7.0,11.0,77.0,F656_ARC _B3_slice5-Ort.czi,old,glp1r,upper
696,139.0,11.02158273381295,1532.0,F656_ARC _B3_slice5-Ort.czi,old,glp1r,upper
697,428.0,8.259345794392523,3535.0,F656_ARC _B3_slice5-Ort.czi,old,glp1r,upper
698,28.0,10.714285714285714,300.0,F656_ARC _B3_slice5-Ort.czi,old,glp1r,upper
699,61.0,11.01639344262295,672.0,F656_ARC _B3_slice5-Ort.czi,old,glp1r,upper
700,8.0,13.5,108.0,F656_ARC _B3_slice5-Ort.czi,old,glp1r,upper
701,362.0,9.19889502762431,3330.0000000000005,F656_ARC _B3_slice5-Ort.czi,old,glp1r,upper
702,31.0,12.32258064516129,382.0,F656_ARC _B3_slice5-Ort.czi,old,glp1r,upper
703,16.0,11.4375,183.0,F656_ARC _B3_slice5-Ort.czi,old,glp1r,upper
704,71.0,9.971830985915492,707.9999999999999,F656_ARC _B3_slice5-Ort.czi,old,glp1r,upper
705,37.0,11.18918918918919,414.0,F656_ARC _B3_slice5-Ort.czi,old,glp1r,upper
706,397.0,11.476070528967254,4556.0,F656_ARC _B3_slice5-Ort.czi,old,glp1r,upper
707,48.0,10.4375,501.0,F656_ARC _B3_slice5-Ort.czi,old,glp1r,upper
708,26.0,9.923076923076923,258.0,F656_ARC _B3_slice5-Ort.czi,old,glp1r,upper
709,18.0,9.666666666666666,174.0,F656_ARC _B3_slice5-Ort.czi,old,glp1r,upper
710,8.0,12.5,100.0,F656_ARC _B3_slice5-Ort.czi,old,glp1r,upper
711,89.0,12.213483146067416,1087.0,F656_ARC _B3_slice5-Ort.czi,old,glp1r,upper
712,24.0,8.75,210.0,F656_ARC _B3_slice5-Ort.czi,old,glp1r,upper
713,241.0,12.273858921161827,2958.0,F656_ARC _B3_slice5-Ort.czi,old,glp1r,upper
714,24.0,16.583333333333332,398.0,F656_ARC _B3_slice5-Ort.czi,old,glp1r,upper
715,3.0,10.0,30.0,F656_ARC _B3_slice5-Ort.czi,old,glp1r,upper
716,27.0,7.481481481481482,202.0,F656_ARC _B3_slice5-Ort.czi,old,glp1r,upper
717,28.0,13.607142857142858,381.0,F656_ARC _B3_slice5-Ort.czi,old,glp1r,upper
718,47.0,15.170212765957446,713.0,F656_ARC _B3_slice5-Ort.czi,old,glp1r,upper
719,43.0,10.69767441860465,460.0,F656_ARC _B3_slice5-Ort.czi,old,glp1r,upper
720,562.0,8.62099644128114,4845.0,F656_ARC _B3_slice5-Ort.czi,old,glp1r,upper
721,21.0,10.047619047619047,211.0,F656_ARC _B3_slice5-Ort.czi,old,glp1r,upper
722,23.0,7.695652173913044,177.0,F656_ARC _B3_slice5-Ort.czi,old,glp1r,upper
723,51.0,9.901960784313726,505.0,F656_ARC _B3_slice5-Ort.czi,old,glp1r,upper
724,45.0,8.911111111111111,401.0,F656_ARC _B3_slice5-Ort.czi,old,glp1r,upper
725,11.0,17.818181818181817,195.99999999999997,F656_ARC _B3_slice5-Ort.czi,old,glp1r,upper
726,86.0,12.395348837209303,1066.0,F656_ARC _B3_slice5-Ort.czi,old,glp1r,upper
727,223.0,10.116591928251122,2256.0,F656_ARC _B3_slice5-Ort.czi,old,glp1r,upper
728,49.0,9.673469387755102,474.0,F656_ARC _B3_slice5-Ort.czi,old,glp1r,upper
729,20.0,16.65,333.0,F656_ARC _B3_slice5-Ort.czi,old,glp1r,upper
730,19.0,13.052631578947368,248.0,F656_ARC _B3_slice5-Ort.czi,old,glp1r,upper
731,85.0,11.423529411764706,971.0,F656_ARC _B3_slice5-Ort.czi,old,glp1r,upper
732,102.0,10.235294117647058,1044.0,F656_ARC _B3_slice5-Ort.czi,old,glp1r,upper
733,142.0,10.507042253521126,1492.0,F656_ARC _B3_slice5-Ort.czi,old,glp1r,upper
734,29.0,9.931034482758621,288.0,F656_ARC _B3_slice5-Ort.czi,old,glp1r,upper
735,6.0,13.333333333333334,80.0,F656_ARC _B3_slice5-Ort.czi,old,glp1r,upper
736,32.0,13.90625,445.0,F656_ARC _B3_slice5-Ort.czi,old,glp1r,upper
737,64.0,8.078125,517.0,F656_ARC _B3_slice5-Ort.czi,old,glp1r,upper
738,75.0,10.08,756.0,F656_ARC _B3_slice5-Ort.czi,old,glp1r,upper
739,31.0,10.096774193548388,313.0,F656_ARC _B3_slice5-Ort.czi,old,glp1r,upper
740,39.0,8.102564102564102,316.0,F656_ARC _B3_slice5-Ort.czi,old,glp1r,upper
741,82.0,10.646341463414634,873.0,F656_ARC _B3_slice5-Ort.czi,old,glp1r,upper
1,274.0,51.99270072992701,14246.0,B465_ARC _C3_slice5-Ort.czi,old,glp1r,upper
2,19.0,29.473684210526315,560.0,B465_ARC _C3_slice5-Ort.czi,old,glp1r,upper
3,87.0,31.60919540229885,2750.0,B465_ARC _C3_slice5-Ort.czi,old,glp1r,upper
4,9.0,22.22222222222222,200.0,B465_ARC _C3_slice5-Ort.czi,old,glp1r,upper
5,5.0,17.8,89.0,B465_ARC _C3_slice5-Ort.czi,old,glp1r,upper
6,6.0,30.666666666666668,184.0,B465_ARC _C3_slice5-Ort.czi,old,glp1r,upper
7,77.0,31.01298701298701,2388.0,B465_ARC _C3_slice5-Ort.czi,old,glp1r,upper
8,10.0,31.1,311.0,B465_ARC _C3_slice5-Ort.czi,old,glp1r,upper
9,11.0,32.63636363636363,358.99999999999994,B465_ARC _C3_slice5-Ort.czi,old,glp1r,upper
10,26.0,20.307692307692307,528.0,B465_ARC _C3_slice5-Ort.czi,old,glp1r,upper
11,25.0,43.28,1082.0,B465_ARC _C3_slice5-Ort.czi,old,glp1r,upper
12,21.0,30.238095238095237,635.0,B465_ARC _C3_slice5-Ort.czi,old,glp1r,upper
13,123.0,76.5691056910569,9418.0,B465_ARC _C3_slice5-Ort.czi,old,glp1r,upper
14,5.0,20.0,100.0,B465_ARC _C3_slice5-Ort.czi,old,glp1r,upper
15,25.0,53.44,1336.0,B465_ARC _C3_slice5-Ort.czi,old,glp1r,upper
16,1.0,17.0,17.0,B465_ARC _C3_slice5-Ort.czi,old,glp1r,upper
17,9.0,26.333333333333332,237.0,B465_ARC _C3_slice5-Ort.czi,old,glp1r,upper
18,81.0,38.01234567901235,3079.0,B465_ARC _C3_slice5-Ort.czi,old,glp1r,upper
19,6.0,15.0,90.0,B465_ARC _C3_slice5-Ort.czi,old,glp1r,upper
20,204.0,19.387254901960784,3955.0,B465_ARC _C3_slice5-Ort.czi,old,glp1r,upper
21,1.0,26.0,26.0,B465_ARC _C3_slice5-Ort.czi,old,glp1r,upper
22,24.0,23.291666666666668,559.0,B465_ARC _C3_slice5-Ort.czi,old,glp1r,upper
23,7.0,18.857142857142858,132.0,B465_ARC _C3_slice5-Ort.czi,old,glp1r,upper
24,2.0,12.5,25.0,B465_ARC _C3_slice5-Ort.czi,old,glp1r,upper
25,3.0,18.0,54.0,B465_ARC _C3_slice5-Ort.czi,old,glp1r,upper
26,26.0,20.653846153846153,537.0,B465_ARC _C3_slice5-Ort.czi,old,glp1r,upper
27,11.0,29.363636363636363,323.0,B465_ARC _C3_slice5-Ort.czi,old,glp1r,upper
28,11.0,17.09090909090909,188.0,B465_ARC _C3_slice5-Ort.czi,old,glp1r,upper
29,1.0,9.0,9.0,B465_ARC _C3_slice5-Ort.czi,old,glp1r,upper
30,2.0,33.0,66.0,B465_ARC _C3_slice5-Ort.czi,old,glp1r,upper
31,1.0,14.0,14.0,B465_ARC _C3_slice5-Ort.czi,old,glp1r,upper
32,5.0,22.2,111.0,B465_ARC _C3_slice5-Ort.czi,old,glp1r,upper
33,7.0,21.428571428571427,150.0,B465_ARC _C3_slice5-Ort.czi,old,glp1r,upper
34,3.0,21.666666666666668,65.0,B465_ARC _C3_slice5-Ort.czi,old,glp1r,upper
35,19.0,28.157894736842106,535.0,B465_ARC _C3_slice5-Ort.czi,old,glp1r,upper
36,26.0,23.192307692307693,603.0,B465_ARC _C3_slice5-Ort.czi,old,glp1r,upper
37,20.0,42.25,845.0,B465_ARC _C3_slice5-Ort.czi,old,glp1r,upper
38,16.0,30.5625,489.0,B465_ARC _C3_slice5-Ort.czi,old,glp1r,upper
39,6.0,25.833333333333332,155.0,B465_ARC _C3_slice5-Ort.czi,old,glp1r,upper
40,36.0,23.194444444444443,835.0,B465_ARC _C3_slice5-Ort.czi,old,glp1r,upper
41,16.0,23.6875,379.0,B465_ARC _C3_slice5-Ort.czi,old,glp1r,upper
42,12.0,18.666666666666668,224.0,B465_ARC _C3_slice5-Ort.czi,old,glp1r,upper
43,10.0,22.0,220.0,B465_ARC _C3_slice5-Ort.czi,old,glp1r,upper
44,15.0,23.933333333333334,359.0,B465_ARC _C3_slice5-Ort.czi,old,glp1r,upper
45,1.0,7.0,7.0,B465_ARC _C3_slice5-Ort.czi,old,glp1r,upper
46,7.0,20.0,140.0,B465_ARC _C3_slice5-Ort.czi,old,glp1r,upper
47,3.0,12.666666666666666,38.0,B465_ARC _C3_slice5-Ort.czi,old,glp1r,upper
48,9.0,26.555555555555557,239.0,B465_ARC _C3_slice5-Ort.czi,old,glp1r,upper
49,4.0,29.5,118.0,B465_ARC _C3_slice5-Ort.czi,old,glp1r,upper
50,19.0,33.94736842105263,645.0,B465_ARC _C3_slice5-Ort.czi,old,glp1r,upper
51,24.0,20.416666666666668,490.0,B465_ARC _C3_slice5-Ort.czi,old,glp1r,upper
52,5.0,33.0,165.0,B465_ARC _C3_slice5-Ort.czi,old,glp1r,upper
53,12.0,19.833333333333332,238.0,B465_ARC _C3_slice5-Ort.czi,old,glp1r,upper
54,3.0,21.333333333333332,64.0,B465_ARC _C3_slice5-Ort.czi,old,glp1r,upper
55,5.0,32.2,161.0,B465_ARC _C3_slice5-Ort.czi,old,glp1r,upper
56,3.0,33.666666666666664,101.0,B465_ARC _C3_slice5-Ort.czi,old,glp1r,upper
57,2.0,21.5,43.0,B465_ARC _C3_slice5-Ort.czi,old,glp1r,upper
58,15.0,19.4,291.0,B465_ARC _C3_slice5-Ort.czi,old,glp1r,upper
59,1.0,13.0,13.0,B465_ARC _C3_slice5-Ort.czi,old,glp1r,upper
60,23.0,25.304347826086957,582.0,B465_ARC _C3_slice5-Ort.czi,old,glp1r,upper
61,23.0,26.47826086956522,609.0,B465_ARC _C3_slice5-Ort.czi,old,glp1r,upper
62,14.0,22.785714285714285,319.0,B465_ARC _C3_slice5-Ort.czi,old,glp1r,upper
63,33.0,18.848484848484848,622.0,B465_ARC _C3_slice5-Ort.czi,old,glp1r,upper
64,25.0,17.28,432.0,B465_ARC _C3_slice5-Ort.czi,old,glp1r,upper
65,40.0,24.575,983.0,B465_ARC _C3_slice5-Ort.czi,old,glp1r,upper
66,21.0,21.571428571428573,453.00000000000006,B465_ARC _C3_slice5-Ort.czi,old,glp1r,upper
67,13.0,24.153846153846153,314.0,B465_ARC _C3_slice5-Ort.czi,old,glp1r,upper
68,17.0,25.0,425.0,B465_ARC _C3_slice5-Ort.czi,old,glp1r,upper
69,68.0,24.852941176470587,1690.0,B465_ARC _C3_slice5-Ort.czi,old,glp1r,upper
70,35.0,26.34285714285714,922.0,B465_ARC _C3_slice5-Ort.czi,old,glp1r,upper
71,6.0,19.666666666666668,118.0,B465_ARC _C3_slice5-Ort.czi,old,glp1r,upper
72,11.0,20.09090909090909,221.0,B465_ARC _C3_slice5-Ort.czi,old,glp1r,upper
73,3.0,37.666666666666664,113.0,B465_ARC _C3_slice5-Ort.czi,old,glp1r,upper
74,14.0,26.714285714285715,374.0,B465_ARC _C3_slice5-Ort.czi,old,glp1r,upper
75,3.0,19.666666666666668,59.0,B465_ARC _C3_slice5-Ort.czi,old,glp1r,upper
76,1.0,14.0,14.0,B465_ARC _C3_slice5-Ort.czi,old,glp1r,upper
77,35.0,26.485714285714284,926.9999999999999,B465_ARC _C3_slice5-Ort.czi,old,glp1r,upper
78,54.0,26.77777777777778,1446.0,B465_ARC _C3_slice5-Ort.czi,old,glp1r,upper
79,13.0,25.307692307692307,329.0,B465_ARC _C3_slice5-Ort.czi,old,glp1r,upper
80,6.0,22.5,135.0,B465_ARC _C3_slice5-Ort.czi,old,glp1r,upper
81,15.0,21.8,327.0,B465_ARC _C3_slice5-Ort.czi,old,glp1r,upper
82,42.0,24.785714285714285,1041.0,B465_ARC _C3_slice5-Ort.czi,old,glp1r,upper
83,51.0,27.470588235294116,1401.0,B465_ARC _C3_slice5-Ort.czi,old,glp1r,upper
84,9.0,20.333333333333332,183.0,B465_ARC _C3_slice5-Ort.czi,old,glp1r,upper
85,7.0,14.285714285714286,100.0,B465_ARC _C3_slice5-Ort.czi,old,glp1r,upper
86,9.0,24.333333333333332,219.0,B465_ARC _C3_slice5-Ort.czi,old,glp1r,upper
87,16.0,21.8125,349.0,B465_ARC _C3_slice5-Ort.czi,old,glp1r,upper
88,20.0,21.55,431.0,B465_ARC _C3_slice5-Ort.czi,old,glp1r,upper
89,99.0,31.737373737373737,3142.0,B465_ARC _C3_slice5-Ort.czi,old,glp1r,upper
90,13.0,24.76923076923077,322.0,B465_ARC _C3_slice5-Ort.czi,old,glp1r,upper
91,1.0,35.0,35.0,B465_ARC _C3_slice5-Ort.czi,old,glp1r,upper
92,3.0,28.0,84.0,B465_ARC _C3_slice5-Ort.czi,old,glp1r,upper
93,20.0,26.8,536.0,B465_ARC _C3_slice5-Ort.czi,old,glp1r,upper
94,1.0,11.0,11.0,B465_ARC _C3_slice5-Ort.czi,old,glp1r,upper
95,9.0,23.22222222222222,209.0,B465_ARC _C3_slice5-Ort.czi,old,glp1r,upper
96,4.0,17.25,69.0,B465_ARC _C3_slice5-Ort.czi,old,glp1r,upper
97,17.0,34.470588235294116,586.0,B465_ARC _C3_slice5-Ort.czi,old,glp1r,upper
98,1.0,28.0,28.0,B465_ARC _C3_slice5-Ort.czi,old,glp1r,upper
99,10.0,25.0,250.0,B465_ARC _C3_slice5-Ort.czi,old,glp1r,upper
100,8.0,19.5,156.0,B465_ARC _C3_slice5-Ort.czi,old,glp1r,upper
101,1.0,22.0,22.0,B465_ARC _C3_slice5-Ort.czi,old,glp1r,upper
102,3.0,15.0,45.0,B465_ARC _C3_slice5-Ort.czi,old,glp1r,upper
103,13.0,22.846153846153847,297.0,B465_ARC _C3_slice5-Ort.czi,old,glp1r,upper
104,4.0,41.0,164.0,B465_ARC _C3_slice5-Ort.czi,old,glp1r,upper
105,1.0,7.0,7.0,B465_ARC _C3_slice5-Ort.czi,old,glp1r,upper
106,7.0,14.428571428571429,101.0,B465_ARC _C3_slice5-Ort.czi,old,glp1r,upper
107,7.0,28.0,196.0,B465_ARC _C3_slice5-Ort.czi,old,glp1r,upper
108,6.0,15.166666666666666,91.0,B465_ARC _C3_slice5-Ort.czi,old,glp1r,upper
1,71.0,141.6338028169014,10056.0,B489_ARC_xxx_slice7-Ort.czi,old,glp1r,upper
2,22.0,115.77272727272727,2547.0,B489_ARC_xxx_slice7-Ort.czi,old,glp1r,upper
3,7.0,166.71428571428572,1167.0,B489_ARC_xxx_slice7-Ort.czi,old,glp1r,upper
4,8.0,129.25,1034.0,B489_ARC_xxx_slice7-Ort.czi,old,glp1r,upper
5,8.0,144.125,1153.0,B489_ARC_xxx_slice7-Ort.czi,old,glp1r,upper
6,15.0,116.66666666666667,1750.0,B489_ARC_xxx_slice7-Ort.czi,old,glp1r,upper
7,12.0,124.83333333333333,1498.0,B489_ARC_xxx_slice7-Ort.czi,old,glp1r,upper
8,37.0,148.43243243243242,5492.0,B489_ARC_xxx_slice7-Ort.czi,old,glp1r,upper
9,54.0,140.7962962962963,7603.0,B489_ARC_xxx_slice7-Ort.czi,old,glp1r,upper
10,6.0,108.83333333333333,653.0,B489_ARC_xxx_slice7-Ort.czi,old,glp1r,upper
11,18.0,112.05555555555556,2017.0,B489_ARC_xxx_slice7-Ort.czi,old,glp1r,upper
12,17.0,128.1764705882353,2179.0,B489_ARC_xxx_slice7-Ort.czi,old,glp1r,upper
13,33.0,140.45454545454547,4635.0,B489_ARC_xxx_slice7-Ort.czi,old,glp1r,upper
14,36.0,117.27777777777777,4222.0,B489_ARC_xxx_slice7-Ort.czi,old,glp1r,upper
15,89.0,151.86516853932585,13516.0,B489_ARC_xxx_slice7-Ort.czi,old,glp1r,upper
16,75.0,170.70666666666668,12803.0,B489_ARC_xxx_slice7-Ort.czi,old,glp1r,upper
17,19.0,140.31578947368422,2666.0,B489_ARC_xxx_slice7-Ort.czi,old,glp1r,upper
18,43.0,132.8372093023256,5712.0,B489_ARC_xxx_slice7-Ort.czi,old,glp1r,upper
19,33.0,152.78787878787878,5042.0,B489_ARC_xxx_slice7-Ort.czi,old,glp1r,upper
20,76.0,120.84210526315789,9184.0,B489_ARC_xxx_slice7-Ort.czi,old,glp1r,upper
21,57.0,127.66666666666667,7277.0,B489_ARC_xxx_slice7-Ort.czi,old,glp1r,upper
22,15.0,99.13333333333334,1487.0,B489_ARC_xxx_slice7-Ort.czi,old,glp1r,upper
23,66.0,140.57575757575756,9278.0,B489_ARC_xxx_slice7-Ort.czi,old,glp1r,upper
24,2.0,72.0,144.0,B489_ARC_xxx_slice7-Ort.czi,old,glp1r,upper
25,116.0,178.0948275862069,20659.0,B489_ARC_xxx_slice7-Ort.czi,old,glp1r,upper
26,24.0,154.91666666666666,3718.0,B489_ARC_xxx_slice7-Ort.czi,old,glp1r,upper
27,88.0,127.85227272727273,11251.0,B489_ARC_xxx_slice7-Ort.czi,old,glp1r,upper
28,4.0,150.25,601.0,B489_ARC_xxx_slice7-Ort.czi,old,glp1r,upper
29,18.0,121.16666666666667,2181.0,B489_ARC_xxx_slice7-Ort.czi,old,glp1r,upper
30,47.0,129.2127659574468,6073.0,B489_ARC_xxx_slice7-Ort.czi,old,glp1r,upper
31,19.0,118.42105263157895,2250.0,B489_ARC_xxx_slice7-Ort.czi,old,glp1r,upper
32,23.0,143.30434782608697,3296.0000000000005,B489_ARC_xxx_slice7-Ort.czi,old,glp1r,upper
33,202.0,170.4950495049505,34440.0,B489_ARC_xxx_slice7-Ort.czi,old,glp1r,upper
34,39.0,125.12820512820512,4880.0,B489_ARC_xxx_slice7-Ort.czi,old,glp1r,upper
35,14.0,120.92857142857143,1693.0,B489_ARC_xxx_slice7-Ort.czi,old,glp1r,upper
36,53.0,166.41509433962264,8820.0,B489_ARC_xxx_slice7-Ort.czi,old,glp1r,upper
37,89.0,155.65168539325842,13853.0,B489_ARC_xxx_slice7-Ort.czi,old,glp1r,upper
38,47.0,176.19148936170214,8281.0,B489_ARC_xxx_slice7-Ort.czi,old,glp1r,upper
39,29.0,163.41379310344828,4739.0,B489_ARC_xxx_slice7-Ort.czi,old,glp1r,upper
40,4.0,138.25,553.0,B489_ARC_xxx_slice7-Ort.czi,old,glp1r,upper
41,30.0,161.96666666666667,4859.0,B489_ARC_xxx_slice7-Ort.czi,old,glp1r,upper
42,17.0,198.64705882352942,3377.0,B489_ARC_xxx_slice7-Ort.czi,old,glp1r,upper
43,36.0,165.55555555555554,5960.0,B489_ARC_xxx_slice7-Ort.czi,old,glp1r,upper
44,22.0,110.13636363636364,2423.0,B489_ARC_xxx_slice7-Ort.czi,old,glp1r,upper
45,16.0,135.5,2168.0,B489_ARC_xxx_slice7-Ort.czi,old,glp1r,upper
46,91.0,176.6153846153846,16072.0,B489_ARC_xxx_slice7-Ort.czi,old,glp1r,upper
47,13.0,211.23076923076923,2746.0,B489_ARC_xxx_slice7-Ort.czi,old,glp1r,upper
48,29.0,165.3793103448276,4796.0,B489_ARC_xxx_slice7-Ort.czi,old,glp1r,upper
49,20.0,97.4,1948.0,B489_ARC_xxx_slice7-Ort.czi,old,glp1r,upper
50,4.0,161.25,645.0,B489_ARC_xxx_slice7-Ort.czi,old,glp1r,upper
51,21.0,138.42857142857142,2906.9999999999995,B489_ARC_xxx_slice7-Ort.czi,old,glp1r,upper
52,16.0,125.0625,2001.0,B489_ARC_xxx_slice7-Ort.czi,old,glp1r,upper
53,19.0,154.57894736842104,2937.0,B489_ARC_xxx_slice7-Ort.czi,old,glp1r,upper
54,39.0,107.58974358974359,4196.0,B489_ARC_xxx_slice7-Ort.czi,old,glp1r,upper
55,49.0,124.10204081632654,6081.0,B489_ARC_xxx_slice7-Ort.czi,old,glp1r,upper
56,45.0,125.11111111111111,5630.0,B489_ARC_xxx_slice7-Ort.czi,old,glp1r,upper
57,26.0,174.6153846153846,4540.0,B489_ARC_xxx_slice7-Ort.czi,old,glp1r,upper
58,47.0,122.8936170212766,5776.0,B489_ARC_xxx_slice7-Ort.czi,old,glp1r,upper
59,18.0,151.77777777777777,2732.0,B489_ARC_xxx_slice7-Ort.czi,old,glp1r,upper
60,10.0,124.0,1240.0,B489_ARC_xxx_slice7-Ort.czi,old,glp1r,upper
61,51.0,171.31372549019608,8737.0,B489_ARC_xxx_slice7-Ort.czi,old,glp1r,upper
62,18.0,121.27777777777777,2183.0,B489_ARC_xxx_slice7-Ort.czi,old,glp1r,upper
63,10.0,117.8,1178.0,B489_ARC_xxx_slice7-Ort.czi,old,glp1r,upper
64,24.0,101.16666666666667,2428.0,B489_ARC_xxx_slice7-Ort.czi,old,glp1r,upper
65,14.0,140.85714285714286,1972.0,B489_ARC_xxx_slice7-Ort.czi,old,glp1r,upper
66,6.0,93.66666666666667,562.0,B489_ARC_xxx_slice7-Ort.czi,old,glp1r,upper
67,89.0,138.38202247191012,12316.0,B489_ARC_xxx_slice7-Ort.czi,old,glp1r,upper
68,12.0,120.66666666666667,1448.0,B489_ARC_xxx_slice7-Ort.czi,old,glp1r,upper
69,10.0,132.7,1327.0,B489_ARC_xxx_slice7-Ort.czi,old,glp1r,upper
70,93.0,154.36559139784947,14356.0,B489_ARC_xxx_slice7-Ort.czi,old,glp1r,upper
71,15.0,134.66666666666666,2019.9999999999998,B489_ARC_xxx_slice7-Ort.czi,old,glp1r,upper
72,2.0,179.5,359.0,B489_ARC_xxx_slice7-Ort.czi,old,glp1r,upper
73,50.0,114.66,5733.0,B489_ARC_xxx_slice7-Ort.czi,old,glp1r,upper
74,19.0,136.3684210526316,2591.0,B489_ARC_xxx_slice7-Ort.czi,old,glp1r,upper
75,55.0,146.76363636363635,8071.999999999999,B489_ARC_xxx_slice7-Ort.czi,old,glp1r,upper
76,81.0,189.3827160493827,15340.0,B489_ARC_xxx_slice7-Ort.czi,old,glp1r,upper
77,19.0,161.94736842105263,3077.0,B489_ARC_xxx_slice7-Ort.czi,old,glp1r,upper
78,22.0,130.13636363636363,2863.0,B489_ARC_xxx_slice7-Ort.czi,old,glp1r,upper
79,44.0,121.70454545454545,5355.0,B489_ARC_xxx_slice7-Ort.czi,old,glp1r,upper
80,204.0,202.86274509803923,41384.0,B489_ARC_xxx_slice7-Ort.czi,old,glp1r,upper
81,54.0,149.22222222222223,8058.0,B489_ARC_xxx_slice7-Ort.czi,old,glp1r,upper
82,25.0,122.6,3065.0,B489_ARC_xxx_slice7-Ort.czi,old,glp1r,upper
83,26.0,126.5,3289.0,B489_ARC_xxx_slice7-Ort.czi,old,glp1r,upper
84,20.0,153.8,3076.0,B489_ARC_xxx_slice7-Ort.czi,old,glp1r,upper
85,9.0,133.66666666666666,1203.0,B489_ARC_xxx_slice7-Ort.czi,old,glp1r,upper
86,87.0,153.367816091954,13342.999999999998,B489_ARC_xxx_slice7-Ort.czi,old,glp1r,upper
87,87.0,167.50574712643677,14573.0,B489_ARC_xxx_slice7-Ort.czi,old,glp1r,upper
88,61.0,154.14754098360655,9403.0,B489_ARC_xxx_slice7-Ort.czi,old,glp1r,upper
89,72.0,177.90277777777777,12809.0,B489_ARC_xxx_slice7-Ort.czi,old,glp1r,upper
90,33.0,144.93939393939394,4783.0,B489_ARC_xxx_slice7-Ort.czi,old,glp1r,upper
91,13.0,118.53846153846153,1541.0,B489_ARC_xxx_slice7-Ort.czi,old,glp1r,upper
92,25.0,134.76,3369.0,B489_ARC_xxx_slice7-Ort.czi,old,glp1r,upper
93,29.0,132.6551724137931,3847.0,B489_ARC_xxx_slice7-Ort.czi,old,glp1r,upper
94,27.0,157.7037037037037,4258.0,B489_ARC_xxx_slice7-Ort.czi,old,glp1r,upper
95,20.0,187.55,3751.0,B489_ARC_xxx_slice7-Ort.czi,old,glp1r,upper
96,64.0,174.703125,11181.0,B489_ARC_xxx_slice7-Ort.czi,old,glp1r,upper
97,24.0,132.75,3186.0,B489_ARC_xxx_slice7-Ort.czi,old,glp1r,upper
98,2.0,46.0,92.0,B489_ARC_xxx_slice7-Ort.czi,old,glp1r,upper
99,6.0,85.0,510.0,B489_ARC_xxx_slice7-Ort.czi,old,glp1r,upper
100,26.0,157.42307692307693,4093.0000000000005,B489_ARC_xxx_slice7-Ort.czi,old,glp1r,upper
101,8.0,140.875,1127.0,B489_ARC_xxx_slice7-Ort.czi,old,glp1r,upper
1,20.0,11.2,224.0,F656_ARC _B3_slice7-Ort.czi,old,glp1r,upper
2,28.0,11.0,308.0,F656_ARC _B3_slice7-Ort.czi,old,glp1r,upper
3,5.0,12.2,61.0,F656_ARC _B3_slice7-Ort.czi,old,glp1r,upper
4,39.0,12.435897435897436,485.0,F656_ARC _B3_slice7-Ort.czi,old,glp1r,upper
5,201.0,12.402985074626866,2493.0,F656_ARC _B3_slice7-Ort.czi,old,glp1r,upper
6,161.0,10.161490683229813,1635.9999999999998,F656_ARC _B3_slice7-Ort.czi,old,glp1r,upper
7,1.0,6.0,6.0,F656_ARC _B3_slice7-Ort.czi,old,glp1r,upper
8,30.0,19.666666666666668,590.0,F656_ARC _B3_slice7-Ort.czi,old,glp1r,upper
9,16.0,12.5,200.0,F656_ARC _B3_slice7-Ort.czi,old,glp1r,upper
10,24.0,11.875,285.0,F656_ARC _B3_slice7-Ort.czi,old,glp1r,upper
11,83.0,10.481927710843374,870.0,F656_ARC _B3_slice7-Ort.czi,old,glp1r,upper
12,36.0,10.944444444444445,394.0,F656_ARC _B3_slice7-Ort.czi,old,glp1r,upper
13,23.0,10.217391304347826,235.0,F656_ARC _B3_slice7-Ort.czi,old,glp1r,upper
14,23.0,8.521739130434783,196.0,F656_ARC _B3_slice7-Ort.czi,old,glp1r,upper
15,26.0,10.23076923076923,266.0,F656_ARC _B3_slice7-Ort.czi,old,glp1r,upper
16,5.0,10.0,50.0,F656_ARC _B3_slice7-Ort.czi,old,glp1r,upper
17,19.0,14.210526315789474,270.0,F656_ARC _B3_slice7-Ort.czi,old,glp1r,upper
18,8.0,13.125,105.0,F656_ARC _B3_slice7-Ort.czi,old,glp1r,upper
19,115.0,9.147826086956522,1052.0,F656_ARC _B3_slice7-Ort.czi,old,glp1r,upper
20,102.0,10.941176470588236,1116.0,F656_ARC _B3_slice7-Ort.czi,old,glp1r,upper
21,1.0,5.0,5.0,F656_ARC _B3_slice7-Ort.czi,old,glp1r,upper
22,39.0,10.461538461538462,408.0,F656_ARC _B3_slice7-Ort.czi,old,glp1r,upper
23,14.0,9.642857142857142,135.0,F656_ARC _B3_slice7-Ort.czi,old,glp1r,upper
24,11.0,11.545454545454545,127.0,F656_ARC _B3_slice7-Ort.czi,old,glp1r,upper
25,11.0,12.909090909090908,142.0,F656_ARC _B3_slice7-Ort.czi,old,glp1r,upper
26,23.0,18.47826086956522,425.0,F656_ARC _B3_slice7-Ort.czi,old,glp1r,upper
27,9.0,11.555555555555555,104.0,F656_ARC _B3_slice7-Ort.czi,old,glp1r,upper
28,166.0,12.5,2075.0,F656_ARC _B3_slice7-Ort.czi,old,glp1r,upper
29,34.0,10.705882352941176,364.0,F656_ARC _B3_slice7-Ort.czi,old,glp1r,upper
30,28.0,18.464285714285715,517.0,F656_ARC _B3_slice7-Ort.czi,old,glp1r,upper
31,10.0,14.6,146.0,F656_ARC _B3_slice7-Ort.czi,old,glp1r,upper
32,9.0,10.0,90.0,F656_ARC _B3_slice7-Ort.czi,old,glp1r,upper
33,1.0,6.0,6.0,F656_ARC _B3_slice7-Ort.czi,old,glp1r,upper
34,19.0,8.789473684210526,167.0,F656_ARC _B3_slice7-Ort.czi,old,glp1r,upper
35,126.0,11.301587301587302,1424.0,F656_ARC _B3_slice7-Ort.czi,old,glp1r,upper
36,7.0,17.142857142857142,120.0,F656_ARC _B3_slice7-Ort.czi,old,glp1r,upper
37,15.0,10.4,156.0,F656_ARC _B3_slice7-Ort.czi,old,glp1r,upper
38,53.0,20.09433962264151,1065.0,F656_ARC _B3_slice7-Ort.czi,old,glp1r,upper
39,18.0,10.666666666666666,192.0,F656_ARC _B3_slice7-Ort.czi,old,glp1r,upper
40,39.0,14.871794871794872,580.0,F656_ARC _B3_slice7-Ort.czi,old,glp1r,upper
41,32.0,12.75,408.0,F656_ARC _B3_slice7-Ort.czi,old,glp1r,upper
42,1.0,30.0,30.0,F656_ARC _B3_slice7-Ort.czi,old,glp1r,upper
43,55.0,10.236363636363636,563.0,F656_ARC _B3_slice7-Ort.czi,old,glp1r,upper
44,178.0,13.5,2403.0,F656_ARC _B3_slice7-Ort.czi,old,glp1r,upper
45,44.0,10.681818181818182,470.0,F656_ARC _B3_slice7-Ort.czi,old,glp1r,upper
46,60.0,12.3,738.0,F656_ARC _B3_slice7-Ort.czi,old,glp1r,upper
47,1.0,9.0,9.0,F656_ARC _B3_slice7-Ort.czi,old,glp1r,upper
48,1.0,8.0,8.0,F656_ARC _B3_slice7-Ort.czi,old,glp1r,upper
49,98.0,9.744897959183673,954.9999999999999,F656_ARC _B3_slice7-Ort.czi,old,glp1r,upper
50,3.0,8.333333333333334,25.0,F656_ARC _B3_slice7-Ort.czi,old,glp1r,upper
51,15.0,18.266666666666666,274.0,F656_ARC _B3_slice7-Ort.czi,old,glp1r,upper
52,8.0,11.625,93.0,F656_ARC _B3_slice7-Ort.czi,old,glp1r,upper
53,64.0,10.859375,695.0,F656_ARC _B3_slice7-Ort.czi,old,glp1r,upper
54,2.0,19.0,38.0,F656_ARC _B3_slice7-Ort.czi,old,glp1r,upper
55,484.0,16.551652892561982,8010.999999999999,F656_ARC _B3_slice7-Ort.czi,old,glp1r,upper
56,6.0,20.0,120.0,F656_ARC _B3_slice7-Ort.czi,old,glp1r,upper
57,3.0,12.666666666666666,38.0,F656_ARC _B3_slice7-Ort.czi,old,glp1r,upper
58,14.0,10.928571428571429,153.0,F656_ARC _B3_slice7-Ort.czi,old,glp1r,upper
59,18.0,12.61111111111111,227.0,F656_ARC _B3_slice7-Ort.czi,old,glp1r,upper
60,1.0,12.0,12.0,F656_ARC _B3_slice7-Ort.czi,old,glp1r,upper
61,38.0,12.947368421052632,492.0,F656_ARC _B3_slice7-Ort.czi,old,glp1r,upper
62,10.0,11.6,116.0,F656_ARC _B3_slice7-Ort.czi,old,glp1r,upper
63,36.0,9.027777777777779,325.0,F656_ARC _B3_slice7-Ort.czi,old,glp1r,upper
64,30.0,10.633333333333333,319.0,F656_ARC _B3_slice7-Ort.czi,old,glp1r,upper
65,8.0,13.0,104.0,F656_ARC _B3_slice7-Ort.czi,old,glp1r,upper
66,35.0,9.571428571428571,335.0,F656_ARC _B3_slice7-Ort.czi,old,glp1r,upper
67,42.0,9.785714285714286,411.00000000000006,F656_ARC _B3_slice7-Ort.czi,old,glp1r,upper
68,11.0,12.545454545454545,138.0,F656_ARC _B3_slice7-Ort.czi,old,glp1r,upper
69,3.0,8.666666666666666,26.0,F656_ARC _B3_slice7-Ort.czi,old,glp1r,upper
70,18.0,13.222222222222221,238.0,F656_ARC _B3_slice7-Ort.czi,old,glp1r,upper
71,6.0,8.833333333333334,53.0,F656_ARC _B3_slice7-Ort.czi,old,glp1r,upper
72,55.0,14.036363636363637,772.0,F656_ARC _B3_slice7-Ort.czi,old,glp1r,upper
73,110.0,10.454545454545455,1150.0,F656_ARC _B3_slice7-Ort.czi,old,glp1r,upper
74,22.0,11.818181818181818,260.0,F656_ARC _B3_slice7-Ort.czi,old,glp1r,upper
75,19.0,17.157894736842106,326.0,F656_ARC _B3_slice7-Ort.czi,old,glp1r,upper
76,76.0,13.092105263157896,995.0000000000001,F656_ARC _B3_slice7-Ort.czi,old,glp1r,upper
77,2.0,6.0,12.0,F656_ARC _B3_slice7-Ort.czi,old,glp1r,upper
78,40.0,10.825,433.0,F656_ARC _B3_slice7-Ort.czi,old,glp1r,upper
79,30.0,15.066666666666666,452.0,F656_ARC _B3_slice7-Ort.czi,old,glp1r,upper
80,1.0,11.0,11.0,F656_ARC _B3_slice7-Ort.czi,old,glp1r,upper
81,1.0,9.0,9.0,F656_ARC _B3_slice7-Ort.czi,old,glp1r,upper
82,3.0,8.333333333333334,25.0,F656_ARC _B3_slice7-Ort.czi,old,glp1r,upper
83,136.0,26.0,3536.0,F656_ARC _B3_slice7-Ort.czi,old,glp1r,upper
84,63.0,11.507936507936508,725.0,F656_ARC _B3_slice7-Ort.czi,old,glp1r,upper
85,6.0,8.666666666666666,52.0,F656_ARC _B3_slice7-Ort.czi,old,glp1r,upper
86,74.0,15.108108108108109,1118.0,F656_ARC _B3_slice7-Ort.czi,old,glp1r,upper
87,40.0,10.95,438.0,F656_ARC _B3_slice7-Ort.czi,old,glp1r,upper
88,34.0,11.617647058823529,395.0,F656_ARC _B3_slice7-Ort.czi,old,glp1r,upper
89,10.0,11.4,114.0,F656_ARC _B3_slice7-Ort.czi,old,glp1r,upper
90,21.0,14.333333333333334,301.0,F656_ARC _B3_slice7-Ort.czi,old,glp1r,upper
91,157.0,10.10828025477707,1587.0,F656_ARC _B3_slice7-Ort.czi,old,glp1r,upper
92,25.0,11.6,290.0,F656_ARC _B3_slice7-Ort.czi,old,glp1r,upper
93,1.0,9.0,9.0,F656_ARC _B3_slice7-Ort.czi,old,glp1r,upper
94,7.0,15.142857142857142,106.0,F656_ARC _B3_slice7-Ort.czi,old,glp1r,upper
95,19.0,13.052631578947368,248.0,F656_ARC _B3_slice7-Ort.czi,old,glp1r,upper
96,17.0,9.411764705882353,160.0,F656_ARC _B3_slice7-Ort.czi,old,glp1r,upper
97,5.0,19.4,97.0,F656_ARC _B3_slice7-Ort.czi,old,glp1r,upper
98,43.0,21.046511627906977,905.0,F656_ARC _B3_slice7-Ort.czi,old,glp1r,upper
99,19.0,23.05263157894737,438.0,F656_ARC _B3_slice7-Ort.czi,old,glp1r,upper
100,51.0,10.843137254901961,553.0,F656_ARC _B3_slice7-Ort.czi,old,glp1r,upper
101,1.0,12.0,12.0,F656_ARC _B3_slice7-Ort.czi,old,glp1r,upper
102,213.0,21.183098591549296,4512.0,F656_ARC _B3_slice7-Ort.czi,old,glp1r,upper
103,1.0,8.0,8.0,F656_ARC _B3_slice7-Ort.czi,old,glp1r,upper
104,9.0,17.0,153.0,F656_ARC _B3_slice7-Ort.czi,old,glp1r,upper
105,75.0,11.72,879.0,F656_ARC _B3_slice7-Ort.czi,old,glp1r,upper
106,29.0,11.137931034482758,323.0,F656_ARC _B3_slice7-Ort.czi,old,glp1r,upper
107,41.0,10.829268292682928,444.00000000000006,F656_ARC _B3_slice7-Ort.czi,old,glp1r,upper
108,12.0,9.75,117.0,F656_ARC _B3_slice7-Ort.czi,old,glp1r,upper
109,22.0,9.727272727272727,214.0,F656_ARC _B3_slice7-Ort.czi,old,glp1r,upper
110,74.0,9.95945945945946,737.0,F656_ARC _B3_slice7-Ort.czi,old,glp1r,upper
111,14.0,10.428571428571429,146.0,F656_ARC _B3_slice7-Ort.czi,old,glp1r,upper
112,2.0,15.5,31.0,F656_ARC _B3_slice7-Ort.czi,old,glp1r,upper
113,29.0,9.862068965517242,286.0,F656_ARC _B3_slice7-Ort.czi,old,glp1r,upper
114,119.0,11.15126050420168,1327.0,F656_ARC _B3_slice7-Ort.czi,old,glp1r,upper
115,16.0,13.0,208.0,F656_ARC _B3_slice7-Ort.czi,old,glp1r,upper
116,94.0,13.787234042553191,1296.0,F656_ARC _B3_slice7-Ort.czi,old,glp1r,upper
117,15.0,11.866666666666667,178.0,F656_ARC _B3_slice7-Ort.czi,old,glp1r,upper
118,2.0,8.5,17.0,F656_ARC _B3_slice7-Ort.czi,old,glp1r,upper
119,33.0,10.212121212121213,337.0,F656_ARC _B3_slice7-Ort.czi,old,glp1r,upper
120,79.0,12.69620253164557,1003.0,F656_ARC _B3_slice7-Ort.czi,old,glp1r,upper
121,2.0,8.5,17.0,F656_ARC _B3_slice7-Ort.czi,old,glp1r,upper
122,4.0,14.25,57.0,F656_ARC _B3_slice7-Ort.czi,old,glp1r,upper
123,42.0,11.047619047619047,464.0,F656_ARC _B3_slice7-Ort.czi,old,glp1r,upper
124,8.0,12.375,99.0,F656_ARC _B3_slice7-Ort.czi,old,glp1r,upper
125,197.0,15.629441624365482,3079.0,F656_ARC _B3_slice7-Ort.czi,old,glp1r,upper
126,20.0,9.2,184.0,F656_ARC _B3_slice7-Ort.czi,old,glp1r,upper
127,15.0,13.6,204.0,F656_ARC _B3_slice7-Ort.czi,old,glp1r,upper
128,120.0,29.0,3480.0,F656_ARC _B3_slice7-Ort.czi,old,glp1r,upper
129,23.0,9.826086956521738,225.99999999999997,F656_ARC _B3_slice7-Ort.czi,old,glp1r,upper
130,29.0,9.482758620689655,275.0,F656_ARC _B3_slice7-Ort.czi,old,glp1r,upper
131,18.0,10.444444444444445,188.0,F656_ARC _B3_slice7-Ort.czi,old,glp1r,upper
132,11.0,14.090909090909092,155.0,F656_ARC _B3_slice7-Ort.czi,old,glp1r,upper
133,25.0,17.88,447.0,F656_ARC _B3_slice7-Ort.czi,old,glp1r,upper
134,30.0,9.7,291.0,F656_ARC _B3_slice7-Ort.czi,old,glp1r,upper
135,6.0,12.666666666666666,76.0,F656_ARC _B3_slice7-Ort.czi,old,glp1r,upper
136,35.0,10.514285714285714,368.0,F656_ARC _B3_slice7-Ort.czi,old,glp1r,upper
137,43.0,11.813953488372093,508.0,F656_ARC _B3_slice7-Ort.czi,old,glp1r,upper
138,1.0,7.0,7.0,F656_ARC _B3_slice7-Ort.czi,old,glp1r,upper
139,4.0,11.75,47.0,F656_ARC _B3_slice7-Ort.czi,old,glp1r,upper
140,1.0,8.0,8.0,F656_ARC _B3_slice7-Ort.czi,old,glp1r,upper
141,50.0,9.12,455.99999999999994,F656_ARC _B3_slice7-Ort.czi,old,glp1r,upper
142,12.0,13.75,165.0,F656_ARC _B3_slice7-Ort.czi,old,glp1r,upper
143,42.0,10.69047619047619,449.0,F656_ARC _B3_slice7-Ort.czi,old,glp1r,upper
144,1.0,7.0,7.0,F656_ARC _B3_slice7-Ort.czi,old,glp1r,upper
145,30.0,10.7,321.0,F656_ARC _B3_slice7-Ort.czi,old,glp1r,upper
146,5.0,16.0,80.0,F656_ARC _B3_slice7-Ort.czi,old,glp1r,upper
147,3.0,8.666666666666666,26.0,F656_ARC _B3_slice7-Ort.czi,old,glp1r,upper
148,57.0,10.052631578947368,573.0,F656_ARC _B3_slice7-Ort.czi,old,glp1r,upper
149,18.0,11.555555555555555,208.0,F656_ARC _B3_slice7-Ort.czi,old,glp1r,upper
150,71.0,10.338028169014084,734.0,F656_ARC _B3_slice7-Ort.czi,old,glp1r,upper
151,4.0,16.25,65.0,F656_ARC _B3_slice7-Ort.czi,old,glp1r,upper
152,28.0,14.892857142857142,417.0,F656_ARC _B3_slice7-Ort.czi,old,glp1r,upper
153,12.0,8.916666666666666,107.0,F656_ARC _B3_slice7-Ort.czi,old,glp1r,upper
154,5.0,12.0,60.0,F656_ARC _B3_slice7-Ort.czi,old,glp1r,upper
155,66.0,10.454545454545455,690.0,F656_ARC _B3_slice7-Ort.czi,old,glp1r,upper
156,13.0,8.0,104.0,F656_ARC _B3_slice7-Ort.czi,old,glp1r,upper
157,13.0,10.76923076923077,140.0,F656_ARC _B3_slice7-Ort.czi,old,glp1r,upper
158,27.0,8.555555555555555,231.0,F656_ARC _B3_slice7-Ort.czi,old,glp1r,upper
159,192.0,10.223958333333334,1963.0,F656_ARC _B3_slice7-Ort.czi,old,glp1r,upper
160,22.0,11.272727272727273,248.0,F656_ARC _B3_slice7-Ort.czi,old,glp1r,upper
161,1.0,8.0,8.0,F656_ARC _B3_slice7-Ort.czi,old,glp1r,upper
162,21.0,12.714285714285714,267.0,F656_ARC _B3_slice7-Ort.czi,old,glp1r,upper
163,11.0,9.454545454545455,104.0,F656_ARC _B3_slice7-Ort.czi,old,glp1r,upper
164,3.0,14.333333333333334,43.0,F656_ARC _B3_slice7-Ort.czi,old,glp1r,upper
165,21.0,13.19047619047619,277.0,F656_ARC _B3_slice7-Ort.czi,old,glp1r,upper
166,28.0,11.75,329.0,F656_ARC _B3_slice7-Ort.czi,old,glp1r,upper
167,36.0,11.277777777777779,406.0,F656_ARC _B3_slice7-Ort.czi,old,glp1r,upper
168,37.0,8.945945945945946,331.0,F656_ARC _B3_slice7-Ort.czi,old,glp1r,upper
169,81.0,10.592592592592593,858.0000000000001,F656_ARC _B3_slice7-Ort.czi,old,glp1r,upper
170,43.0,10.581395348837209,454.99999999999994,F656_ARC _B3_slice7-Ort.czi,old,glp1r,upper
171,14.0,11.5,161.0,F656_ARC _B3_slice7-Ort.czi,old,glp1r,upper
172,88.0,20.943181818181817,1842.9999999999998,F656_ARC _B3_slice7-Ort.czi,old,glp1r,upper
173,60.0,11.433333333333334,686.0,F656_ARC _B3_slice7-Ort.czi,old,glp1r,upper
174,52.0,14.134615384615385,735.0,F656_ARC _B3_slice7-Ort.czi,old,glp1r,upper
175,4.0,14.0,56.0,F656_ARC _B3_slice7-Ort.czi,old,glp1r,upper
176,18.0,9.0,162.0,F656_ARC _B3_slice7-Ort.czi,old,glp1r,upper
177,20.0,14.2,284.0,F656_ARC _B3_slice7-Ort.czi,old,glp1r,upper
178,66.0,11.590909090909092,765.0,F656_ARC _B3_slice7-Ort.czi,old,glp1r,upper
179,55.0,9.145454545454545,502.99999999999994,F656_ARC _B3_slice7-Ort.czi,old,glp1r,upper
180,55.0,15.636363636363637,860.0,F656_ARC _B3_slice7-Ort.czi,old,glp1r,upper
181,13.0,10.307692307692308,134.0,F656_ARC _B3_slice7-Ort.czi,old,glp1r,upper
182,10.0,12.8,128.0,F656_ARC _B3_slice7-Ort.czi,old,glp1r,upper
183,24.0,13.916666666666666,334.0,F656_ARC _B3_slice7-Ort.czi,old,glp1r,upper
184,21.0,12.523809523809524,263.0,F656_ARC _B3_slice7-Ort.czi,old,glp1r,upper
185,8.0,29.0,232.0,F656_ARC _B3_slice7-Ort.czi,old,glp1r,upper
186,1.0,5.0,5.0,F656_ARC _B3_slice7-Ort.czi,old,glp1r,upper
187,90.0,16.266666666666666,1464.0,F656_ARC _B3_slice7-Ort.czi,old,glp1r,upper
188,7.0,14.428571428571429,101.0,F656_ARC _B3_slice7-Ort.czi,old,glp1r,upper
189,1.0,10.0,10.0,F656_ARC _B3_slice7-Ort.czi,old,glp1r,upper
190,17.0,9.058823529411764,154.0,F656_ARC _B3_slice7-Ort.czi,old,glp1r,upper
191,70.0,13.542857142857143,948.0,F656_ARC _B3_slice7-Ort.czi,old,glp1r,upper
192,24.0,8.708333333333334,209.0,F656_ARC _B3_slice7-Ort.czi,old,glp1r,upper
193,38.0,11.526315789473685,438.0,F656_ARC _B3_slice7-Ort.czi,old,glp1r,upper
194,19.0,10.526315789473685,200.0,F656_ARC _B3_slice7-Ort.czi,old,glp1r,upper
195,73.0,10.273972602739725,750.0,F656_ARC _B3_slice7-Ort.czi,old,glp1r,upper
196,4.0,6.75,27.0,F656_ARC _B3_slice7-Ort.czi,old,glp1r,upper
197,6.0,10.833333333333334,65.0,F656_ARC _B3_slice7-Ort.czi,old,glp1r,upper
198,28.0,19.142857142857142,536.0,F656_ARC _B3_slice7-Ort.czi,old,glp1r,upper
199,59.0,11.169491525423728,659.0,F656_ARC _B3_slice7-Ort.czi,old,glp1r,upper
200,29.0,10.517241379310345,305.0,F656_ARC _B3_slice7-Ort.czi,old,glp1r,upper
201,22.0,11.318181818181818,249.0,F656_ARC _B3_slice7-Ort.czi,old,glp1r,upper
202,32.0,12.5,400.0,F656_ARC _B3_slice7-Ort.czi,old,glp1r,upper
203,41.0,9.78048780487805,401.0,F656_ARC _B3_slice7-Ort.czi,old,glp1r,upper
204,16.0,15.5625,249.0,F656_ARC _B3_slice7-Ort.czi,old,glp1r,upper
205,9.0,11.88888888888889,107.0,F656_ARC _B3_slice7-Ort.czi,old,glp1r,upper
206,9.0,22.77777777777778,205.0,F656_ARC _B3_slice7-Ort.czi,old,glp1r,upper
207,65.0,9.292307692307693,604.0,F656_ARC _B3_slice7-Ort.czi,old,glp1r,upper
208,23.0,12.91304347826087,297.0,F656_ARC _B3_slice7-Ort.czi,old,glp1r,upper
209,42.0,12.095238095238095,508.0,F656_ARC _B3_slice7-Ort.czi,old,glp1r,upper
210,33.0,11.393939393939394,376.0,F656_ARC _B3_slice7-Ort.czi,old,glp1r,upper
211,43.0,16.697674418604652,718.0,F656_ARC _B3_slice7-Ort.czi,old,glp1r,upper
212,81.0,17.061728395061728,1382.0,F656_ARC _B3_slice7-Ort.czi,old,glp1r,upper
213,11.0,10.0,110.0,F656_ARC _B3_slice7-Ort.czi,old,glp1r,upper
214,12.0,11.0,132.0,F656_ARC _B3_slice7-Ort.czi,old,glp1r,upper
215,274.0,15.813868613138686,4333.0,F656_ARC _B3_slice7-Ort.czi,old,glp1r,upper
216,19.0,12.894736842105264,245.0,F656_ARC _B3_slice7-Ort.czi,old,glp1r,upper
217,6.0,9.166666666666666,55.0,F656_ARC _B3_slice7-Ort.czi,old,glp1r,upper
218,32.0,11.21875,359.0,F656_ARC _B3_slice7-Ort.czi,old,glp1r,upper
219,6.0,10.833333333333334,65.0,F656_ARC _B3_slice7-Ort.czi,old,glp1r,upper
220,15.0,13.466666666666667,202.0,F656_ARC _B3_slice7-Ort.czi,old,glp1r,upper
221,41.0,11.21951219512195,460.0,F656_ARC _B3_slice7-Ort.czi,old,glp1r,upper
222,147.0,20.836734693877553,3063.0000000000005,F656_ARC _B3_slice7-Ort.czi,old,glp1r,upper
223,30.0,11.466666666666667,344.0,F656_ARC _B3_slice7-Ort.czi,old,glp1r,upper
224,8.0,12.25,98.0,F656_ARC _B3_slice7-Ort.czi,old,glp1r,upper
225,41.0,11.78048780487805,483.0,F656_ARC _B3_slice7-Ort.czi,old,glp1r,upper
226,45.0,10.933333333333334,492.0,F656_ARC _B3_slice7-Ort.czi,old,glp1r,upper
227,53.0,11.754716981132075,623.0,F656_ARC _B3_slice7-Ort.czi,old,glp1r,upper
228,20.0,14.0,280.0,F656_ARC _B3_slice7-Ort.czi,old,glp1r,upper
229,6.0,8.833333333333334,53.0,F656_ARC _B3_slice7-Ort.czi,old,glp1r,upper
230,78.0,10.794871794871796,842.0,F656_ARC _B3_slice7-Ort.czi,old,glp1r,upper
231,72.0,10.63888888888889,766.0,F656_ARC _B3_slice7-Ort.czi,old,glp1r,upper
232,85.0,11.105882352941176,944.0,F656_ARC _B3_slice7-Ort.czi,old,glp1r,upper
233,18.0,8.055555555555555,145.0,F656_ARC _B3_slice7-Ort.czi,old,glp1r,upper
234,18.0,11.055555555555555,199.0,F656_ARC _B3_slice7-Ort.czi,old,glp1r,upper
235,60.0,10.433333333333334,626.0,F656_ARC _B3_slice7-Ort.czi,old,glp1r,upper
236,2.0,8.0,16.0,F656_ARC _B3_slice7-Ort.czi,old,glp1r,upper
237,55.0,11.381818181818181,626.0,F656_ARC _B3_slice7-Ort.czi,old,glp1r,upper
238,6.0,32.0,192.0,F656_ARC _B3_slice7-Ort.czi,old,glp1r,upper
239,29.0,12.517241379310345,363.0,F656_ARC _B3_slice7-Ort.czi,old,glp1r,upper
240,23.0,9.608695652173912,220.99999999999997,F656_ARC _B3_slice7-Ort.czi,old,glp1r,upper
241,37.0,10.783783783783784,399.0,F656_ARC _B3_slice7-Ort.czi,old,glp1r,upper
242,20.0,11.35,227.0,F656_ARC _B3_slice7-Ort.czi,old,glp1r,upper
243,2.0,16.0,32.0,F656_ARC _B3_slice7-Ort.czi,old,glp1r,upper
244,1.0,8.0,8.0,F656_ARC _B3_slice7-Ort.czi,old,glp1r,upper
245,13.0,9.384615384615385,122.0,F656_ARC _B3_slice7-Ort.czi,old,glp1r,upper
246,2.0,4.5,9.0,F656_ARC _B3_slice7-Ort.czi,old,glp1r,upper
247,21.0,12.80952380952381,269.0,F656_ARC _B3_slice7-Ort.czi,old,glp1r,upper
248,32.0,9.84375,315.0,F656_ARC _B3_slice7-Ort.czi,old,glp1r,upper
249,31.0,9.387096774193548,291.0,F656_ARC _B3_slice7-Ort.czi,old,glp1r,upper
250,70.0,12.2,854.0,F656_ARC _B3_slice7-Ort.czi,old,glp1r,upper
251,1.0,15.0,15.0,F656_ARC _B3_slice7-Ort.czi,old,glp1r,upper
252,314.0,16.445859872611464,5164.0,F656_ARC _B3_slice7-Ort.czi,old,glp1r,upper
253,19.0,18.842105263157894,358.0,F656_ARC _B3_slice7-Ort.czi,old,glp1r,upper
254,10.0,9.6,96.0,F656_ARC _B3_slice7-Ort.czi,old,glp1r,upper
255,35.0,10.942857142857143,383.0,F656_ARC _B3_slice7-Ort.czi,old,glp1r,upper
256,28.0,20.464285714285715,573.0,F656_ARC _B3_slice7-Ort.czi,old,glp1r,upper
257,46.0,9.73913043478261,448.0,F656_ARC _B3_slice7-Ort.czi,old,glp1r,upper
258,29.0,12.96551724137931,376.0,F656_ARC _B3_slice7-Ort.czi,old,glp1r,upper
259,27.0,9.25925925925926,250.0,F656_ARC _B3_slice7-Ort.czi,old,glp1r,upper
260,12.0,11.5,138.0,F656_ARC _B3_slice7-Ort.czi,old,glp1r,upper
261,28.0,13.0,364.0,F656_ARC _B3_slice7-Ort.czi,old,glp1r,upper
262,21.0,10.333333333333334,217.0,F656_ARC _B3_slice7-Ort.czi,old,glp1r,upper
263,10.0,10.5,105.0,F656_ARC _B3_slice7-Ort.czi,old,glp1r,upper
264,92.0,9.630434782608695,886.0,F656_ARC _B3_slice7-Ort.czi,old,glp1r,upper
265,40.0,17.225,689.0,F656_ARC _B3_slice7-Ort.czi,old,glp1r,upper
266,19.0,9.631578947368421,183.0,F656_ARC _B3_slice7-Ort.czi,old,glp1r,upper
267,24.0,9.875,237.0,F656_ARC _B3_slice7-Ort.czi,old,glp1r,upper
268,22.0,10.363636363636363,228.0,F656_ARC _B3_slice7-Ort.czi,old,glp1r,upper
269,24.0,10.833333333333334,260.0,F656_ARC _B3_slice7-Ort.czi,old,glp1r,upper
270,53.0,10.056603773584905,533.0,F656_ARC _B3_slice7-Ort.czi,old,glp1r,upper
271,5.0,8.8,44.0,F656_ARC _B3_slice7-Ort.czi,old,glp1r,upper
272,45.0,10.044444444444444,452.0,F656_ARC _B3_slice7-Ort.czi,old,glp1r,upper
273,116.0,11.137931034482758,1292.0,F656_ARC _B3_slice7-Ort.czi,old,glp1r,upper
274,5.0,12.4,62.0,F656_ARC _B3_slice7-Ort.czi,old,glp1r,upper
275,16.0,29.625,474.0,F656_ARC _B3_slice7-Ort.czi,old,glp1r,upper
276,155.0,10.806451612903226,1675.0,F656_ARC _B3_slice7-Ort.czi,old,glp1r,upper
277,45.0,12.355555555555556,556.0,F656_ARC _B3_slice7-Ort.czi,old,glp1r,upper
278,20.0,11.05,221.0,F656_ARC _B3_slice7-Ort.czi,old,glp1r,upper
279,9.0,11.0,99.0,F656_ARC _B3_slice7-Ort.czi,old,glp1r,upper
280,24.0,11.25,270.0,F656_ARC _B3_slice7-Ort.czi,old,glp1r,upper
281,75.0,11.506666666666666,863.0,F656_ARC _B3_slice7-Ort.czi,old,glp1r,upper
282,32.0,12.4375,398.0,F656_ARC _B3_slice7-Ort.czi,old,glp1r,upper
283,44.0,11.772727272727273,518.0,F656_ARC _B3_slice7-Ort.czi,old,glp1r,upper
284,7.0,11.0,77.0,F656_ARC _B3_slice7-Ort.czi,old,glp1r,upper
285,8.0,13.0,104.0,F656_ARC _B3_slice7-Ort.czi,old,glp1r,upper
286,1.0,17.0,17.0,F656_ARC _B3_slice7-Ort.czi,old,glp1r,upper
287,18.0,12.0,216.0,F656_ARC _B3_slice7-Ort.czi,old,glp1r,upper
288,3.0,13.666666666666666,41.0,F656_ARC _B3_slice7-Ort.czi,old,glp1r,upper
289,31.0,10.03225806451613,311.0,F656_ARC _B3_slice7-Ort.czi,old,glp1r,upper
290,33.0,12.424242424242424,410.0,F656_ARC _B3_slice7-Ort.czi,old,glp1r,upper
291,33.0,13.424242424242424,443.0,F656_ARC _B3_slice7-Ort.czi,old,glp1r,upper
292,204.0,17.627450980392158,3596.0000000000005,F656_ARC _B3_slice7-Ort.czi,old,glp1r,upper
293,58.0,14.431034482758621,837.0,F656_ARC _B3_slice7-Ort.czi,old,glp1r,upper
294,43.0,18.25581395348837,785.0,F656_ARC _B3_slice7-Ort.czi,old,glp1r,upper
295,142.0,12.73943661971831,1809.0,F656_ARC _B3_slice7-Ort.czi,old,glp1r,upper
296,134.0,22.94776119402985,3075.0,F656_ARC _B3_slice7-Ort.czi,old,glp1r,upper
297,1.0,9.0,9.0,F656_ARC _B3_slice7-Ort.czi,old,glp1r,upper
298,6.0,9.166666666666666,55.0,F656_ARC _B3_slice7-Ort.czi,old,glp1r,upper
299,223.0,21.72645739910314,4845.0,F656_ARC _B3_slice7-Ort.czi,old,glp1r,upper
300,116.0,11.991379310344827,1391.0,F656_ARC _B3_slice7-Ort.czi,old,glp1r,upper
301,32.0,11.90625,381.0,F656_ARC _B3_slice7-Ort.czi,old,glp1r,upper
302,9.0,13.555555555555555,122.0,F656_ARC _B3_slice7-Ort.czi,old,glp1r,upper
303,5.0,27.8,139.0,F656_ARC _B3_slice7-Ort.czi,old,glp1r,upper
304,7.0,18.857142857142858,132.0,F656_ARC _B3_slice7-Ort.czi,old,glp1r,upper
305,11.0,10.909090909090908,119.99999999999999,F656_ARC _B3_slice7-Ort.czi,old,glp1r,upper
306,10.0,12.1,121.0,F656_ARC _B3_slice7-Ort.czi,old,glp1r,upper
307,5.0,11.2,56.0,F656_ARC _B3_slice7-Ort.czi,old,glp1r,upper
308,36.0,10.75,387.0,F656_ARC _B3_slice7-Ort.czi,old,glp1r,upper
309,1.0,24.0,24.0,F656_ARC _B3_slice7-Ort.czi,old,glp1r,upper
310,11.0,12.909090909090908,142.0,F656_ARC _B3_slice7-Ort.czi,old,glp1r,upper
311,29.0,14.517241379310345,421.0,F656_ARC _B3_slice7-Ort.czi,old,glp1r,upper
312,20.0,13.2,264.0,F656_ARC _B3_slice7-Ort.czi,old,glp1r,upper
313,19.0,13.052631578947368,248.0,F656_ARC _B3_slice7-Ort.czi,old,glp1r,upper
314,15.0,15.666666666666666,235.0,F656_ARC _B3_slice7-Ort.czi,old,glp1r,upper
315,52.0,11.01923076923077,573.0,F656_ARC _B3_slice7-Ort.czi,old,glp1r,upper
316,15.0,9.066666666666666,136.0,F656_ARC _B3_slice7-Ort.czi,old,glp1r,upper
317,32.0,10.03125,321.0,F656_ARC _B3_slice7-Ort.czi,old,glp1r,upper
318,11.0,10.272727272727273,113.0,F656_ARC _B3_slice7-Ort.czi,old,glp1r,upper
319,20.0,13.0,260.0,F656_ARC _B3_slice7-Ort.czi,old,glp1r,upper
320,9.0,10.444444444444445,94.0,F656_ARC _B3_slice7-Ort.czi,old,glp1r,upper
321,4.0,9.5,38.0,F656_ARC _B3_slice7-Ort.czi,old,glp1r,upper
322,1.0,9.0,9.0,F656_ARC _B3_slice7-Ort.czi,old,glp1r,upper
323,29.0,15.758620689655173,457.0,F656_ARC _B3_slice7-Ort.czi,old,glp1r,upper
324,5.0,5.8,29.0,F656_ARC _B3_slice7-Ort.czi,old,glp1r,upper
325,20.0,11.25,225.0,F656_ARC _B3_slice7-Ort.czi,old,glp1r,upper
326,1.0,16.0,16.0,F656_ARC _B3_slice7-Ort.czi,old,glp1r,upper
327,18.0,11.277777777777779,203.0,F656_ARC _B3_slice7-Ort.czi,old,glp1r,upper
328,334.0,23.59880239520958,7882.0,F656_ARC _B3_slice7-Ort.czi,old,glp1r,upper
329,98.0,10.091836734693878,989.0,F656_ARC _B3_slice7-Ort.czi,old,glp1r,upper
330,9.0,10.0,90.0,F656_ARC _B3_slice7-Ort.czi,old,glp1r,upper
331,1.0,10.0,10.0,F656_ARC _B3_slice7-Ort.czi,old,glp1r,upper
332,8.0,13.625,109.0,F656_ARC _B3_slice7-Ort.czi,old,glp1r,upper
333,27.0,11.814814814814815,319.0,F656_ARC _B3_slice7-Ort.czi,old,glp1r,upper
334,84.0,10.630952380952381,893.0,F656_ARC _B3_slice7-Ort.czi,old,glp1r,upper
335,144.0,17.270833333333332,2487.0,F656_ARC _B3_slice7-Ort.czi,old,glp1r,upper
336,23.0,8.652173913043478,199.0,F656_ARC _B3_slice7-Ort.czi,old,glp1r,upper
337,110.0,16.918181818181818,1861.0,F656_ARC _B3_slice7-Ort.czi,old,glp1r,upper
338,23.0,12.26086956521739,282.0,F656_ARC _B3_slice7-Ort.czi,old,glp1r,upper
339,3.0,8.333333333333334,25.0,F656_ARC _B3_slice7-Ort.czi,old,glp1r,upper
340,12.0,10.083333333333334,121.0,F656_ARC _B3_slice7-Ort.czi,old,glp1r,upper
341,6.0,11.666666666666666,70.0,F656_ARC _B3_slice7-Ort.czi,old,glp1r,upper
342,1.0,5.0,5.0,F656_ARC _B3_slice7-Ort.czi,old,glp1r,upper
343,3.0,10.666666666666666,32.0,F656_ARC _B3_slice7-Ort.czi,old,glp1r,upper
344,16.0,11.25,180.0,F656_ARC _B3_slice7-Ort.czi,old,glp1r,upper
345,2.0,9.0,18.0,F656_ARC _B3_slice7-Ort.czi,old,glp1r,upper
346,32.0,11.9375,382.0,F656_ARC _B3_slice7-Ort.czi,old,glp1r,upper
347,15.0,11.066666666666666,166.0,F656_ARC _B3_slice7-Ort.czi,old,glp1r,upper
348,10.0,13.6,136.0,F656_ARC _B3_slice7-Ort.czi,old,glp1r,upper
349,34.0,13.470588235294118,458.0,F656_ARC _B3_slice7-Ort.czi,old,glp1r,upper
350,6.0,13.166666666666666,79.0,F656_ARC _B3_slice7-Ort.czi,old,glp1r,upper
351,1.0,4.0,4.0,F656_ARC _B3_slice7-Ort.czi,old,glp1r,upper
352,54.0,12.0,648.0,F656_ARC _B3_slice7-Ort.czi,old,glp1r,upper
353,271.0,11.287822878228782,3059.0,F656_ARC _B3_slice7-Ort.czi,old,glp1r,upper
354,275.0,11.618181818181819,3195.0000000000005,F656_ARC _B3_slice7-Ort.czi,old,glp1r,upper
355,7.0,9.142857142857142,64.0,F656_ARC _B3_slice7-Ort.czi,old,glp1r,upper
356,2.0,6.5,13.0,F656_ARC _B3_slice7-Ort.czi,old,glp1r,upper
357,123.0,16.414634146341463,2019.0,F656_ARC _B3_slice7-Ort.czi,old,glp1r,upper
358,11.0,14.636363636363637,161.0,F656_ARC _B3_slice7-Ort.czi,old,glp1r,upper
359,38.0,9.18421052631579,349.0,F656_ARC _B3_slice7-Ort.czi,old,glp1r,upper
360,184.0,23.516304347826086,4327.0,F656_ARC _B3_slice7-Ort.czi,old,glp1r,upper
361,49.0,10.551020408163266,517.0,F656_ARC _B3_slice7-Ort.czi,old,glp1r,upper
362,11.0,9.090909090909092,100.00000000000001,F656_ARC _B3_slice7-Ort.czi,old,glp1r,upper
363,50.0,18.4,919.9999999999999,F656_ARC _B3_slice7-Ort.czi,old,glp1r,upper
364,35.0,10.885714285714286,381.0,F656_ARC _B3_slice7-Ort.czi,old,glp1r,upper
365,28.0,9.571428571428571,268.0,F656_ARC _B3_slice7-Ort.czi,old,glp1r,upper
366,54.0,11.11111111111111,600.0,F656_ARC _B3_slice7-Ort.czi,old,glp1r,upper
367,104.0,12.586538461538462,1309.0,F656_ARC _B3_slice7-Ort.czi,old,glp1r,upper
368,21.0,12.0,252.0,F656_ARC _B3_slice7-Ort.czi,old,glp1r,upper
369,51.0,9.235294117647058,470.99999999999994,F656_ARC _B3_slice7-Ort.czi,old,glp1r,upper
370,11.0,11.363636363636363,125.0,F656_ARC _B3_slice7-Ort.czi,old,glp1r,upper
371,107.0,15.317757009345794,1639.0,F656_ARC _B3_slice7-Ort.czi,old,glp1r,upper
372,138.0,18.818840579710145,2597.0,F656_ARC _B3_slice7-Ort.czi,old,glp1r,upper
373,11.0,9.818181818181818,108.0,F656_ARC _B3_slice7-Ort.czi,old,glp1r,upper
374,13.0,10.076923076923077,131.0,F656_ARC _B3_slice7-Ort.czi,old,glp1r,upper
375,96.0,10.510416666666666,1009.0,F656_ARC _B3_slice7-Ort.czi,old,glp1r,upper
376,1.0,8.0,8.0,F656_ARC _B3_slice7-Ort.czi,old,glp1r,upper
377,35.0,8.657142857142857,303.0,F656_ARC _B3_slice7-Ort.czi,old,glp1r,upper
378,18.0,12.5,225.0,F656_ARC _B3_slice7-Ort.czi,old,glp1r,upper
379,50.0,13.22,661.0,F656_ARC _B3_slice7-Ort.czi,old,glp1r,upper
380,21.0,10.238095238095237,214.99999999999997,F656_ARC _B3_slice7-Ort.czi,old,glp1r,upper
381,32.0,9.875,316.0,F656_ARC _B3_slice7-Ort.czi,old,glp1r,upper
382,1.0,6.0,6.0,F656_ARC _B3_slice7-Ort.czi,old,glp1r,upper
383,83.0,9.325301204819278,774.0,F656_ARC _B3_slice7-Ort.czi,old,glp1r,upper
384,42.0,9.30952380952381,391.0,F656_ARC _B3_slice7-Ort.czi,old,glp1r,upper
385,30.0,9.8,294.0,F656_ARC _B3_slice7-Ort.czi,old,glp1r,upper
386,162.0,14.598765432098766,2365.0,F656_ARC _B3_slice7-Ort.czi,old,glp1r,upper
387,39.0,14.025641025641026,547.0,F656_ARC _B3_slice7-Ort.czi,old,glp1r,upper
388,74.0,18.513513513513512,1370.0,F656_ARC _B3_slice7-Ort.czi,old,glp1r,upper
389,122.0,11.655737704918034,1422.0,F656_ARC _B3_slice7-Ort.czi,old,glp1r,upper
390,2.0,15.5,31.0,F656_ARC _B3_slice7-Ort.czi,old,glp1r,upper
391,19.0,9.894736842105264,188.0,F656_ARC _B3_slice7-Ort.czi,old,glp1r,upper
392,12.0,9.25,111.0,F656_ARC _B3_slice7-Ort.czi,old,glp1r,upper
393,1.0,12.0,12.0,F656_ARC _B3_slice7-Ort.czi,old,glp1r,upper
394,20.0,10.45,209.0,F656_ARC _B3_slice7-Ort.czi,old,glp1r,upper
395,3.0,12.666666666666666,38.0,F656_ARC _B3_slice7-Ort.czi,old,glp1r,upper
396,18.0,11.0,198.0,F656_ARC _B3_slice7-Ort.czi,old,glp1r,upper
397,11.0,10.272727272727273,113.0,F656_ARC _B3_slice7-Ort.czi,old,glp1r,upper
398,1.0,8.0,8.0,F656_ARC _B3_slice7-Ort.czi,old,glp1r,upper
399,128.0,17.7265625,2269.0,F656_ARC _B3_slice7-Ort.czi,old,glp1r,upper
400,22.0,11.090909090909092,244.00000000000003,F656_ARC _B3_slice7-Ort.czi,old,glp1r,upper
401,4.0,7.25,29.0,F656_ARC _B3_slice7-Ort.czi,old,glp1r,upper
402,10.0,11.5,115.0,F656_ARC _B3_slice7-Ort.czi,old,glp1r,upper
403,1.0,10.0,10.0,F656_ARC _B3_slice7-Ort.czi,old,glp1r,upper
404,11.0,12.454545454545455,137.0,F656_ARC _B3_slice7-Ort.czi,old,glp1r,upper
405,10.0,12.6,126.0,F656_ARC _B3_slice7-Ort.czi,old,glp1r,upper
406,24.0,9.25,222.0,F656_ARC _B3_slice7-Ort.czi,old,glp1r,upper
407,28.0,10.571428571428571,296.0,F656_ARC _B3_slice7-Ort.czi,old,glp1r,upper
408,61.0,9.245901639344263,564.0,F656_ARC _B3_slice7-Ort.czi,old,glp1r,upper
409,30.0,9.733333333333333,292.0,F656_ARC _B3_slice7-Ort.czi,old,glp1r,upper
410,13.0,11.846153846153847,154.0,F656_ARC _B3_slice7-Ort.czi,old,glp1r,upper
411,23.0,10.130434782608695,233.0,F656_ARC _B3_slice7-Ort.czi,old,glp1r,upper
412,22.0,9.863636363636363,217.0,F656_ARC _B3_slice7-Ort.czi,old,glp1r,upper
413,23.0,12.26086956521739,282.0,F656_ARC _B3_slice7-Ort.czi,old,glp1r,upper
414,30.0,13.6,408.0,F656_ARC _B3_slice7-Ort.czi,old,glp1r,upper
415,13.0,11.384615384615385,148.0,F656_ARC _B3_slice7-Ort.czi,old,glp1r,upper
416,15.0,10.066666666666666,151.0,F656_ARC _B3_slice7-Ort.czi,old,glp1r,upper
417,103.0,12.077669902912621,1244.0,F656_ARC _B3_slice7-Ort.czi,old,glp1r,upper
418,22.0,14.636363636363637,322.0,F656_ARC _B3_slice7-Ort.czi,old,glp1r,upper
419,1.0,10.0,10.0,F656_ARC _B3_slice7-Ort.czi,old,glp1r,upper
420,2.0,13.5,27.0,F656_ARC _B3_slice7-Ort.czi,old,glp1r,upper
421,41.0,9.487804878048781,389.0,F656_ARC _B3_slice7-Ort.czi,old,glp1r,upper
422,66.0,9.863636363636363,651.0,F656_ARC _B3_slice7-Ort.czi,old,glp1r,upper
423,3.0,10.333333333333334,31.0,F656_ARC _B3_slice7-Ort.czi,old,glp1r,upper
424,1.0,13.0,13.0,F656_ARC _B3_slice7-Ort.czi,old,glp1r,upper
425,4.0,9.0,36.0,F656_ARC _B3_slice7-Ort.czi,old,glp1r,upper
426,29.0,11.137931034482758,323.0,F656_ARC _B3_slice7-Ort.czi,old,glp1r,upper
427,1.0,7.0,7.0,F656_ARC _B3_slice7-Ort.czi,old,glp1r,upper
428,16.0,9.5,152.0,F656_ARC _B3_slice7-Ort.czi,old,glp1r,upper
429,1.0,11.0,11.0,F656_ARC _B3_slice7-Ort.czi,old,glp1r,upper
430,68.0,11.382352941176471,774.0,F656_ARC _B3_slice7-Ort.czi,old,glp1r,upper
431,41.0,14.097560975609756,578.0,F656_ARC _B3_slice7-Ort.czi,old,glp1r,upper
432,83.0,16.06024096385542,1333.0,F656_ARC _B3_slice7-Ort.czi,old,glp1r,upper
433,69.0,8.681159420289855,599.0,F656_ARC _B3_slice7-Ort.czi,old,glp1r,upper
434,46.0,11.08695652173913,510.0,F656_ARC _B3_slice7-Ort.czi,old,glp1r,upper
435,66.0,16.636363636363637,1098.0,F656_ARC _B3_slice7-Ort.czi,old,glp1r,upper
436,1.0,21.0,21.0,F656_ARC _B3_slice7-Ort.czi,old,glp1r,upper
437,96.0,12.84375,1233.0,F656_ARC _B3_slice7-Ort.czi,old,glp1r,upper
438,12.0,10.0,120.0,F656_ARC _B3_slice7-Ort.czi,old,glp1r,upper
439,1.0,7.0,7.0,F656_ARC _B3_slice7-Ort.czi,old,glp1r,upper
440,120.0,12.475,1497.0,F656_ARC _B3_slice7-Ort.czi,old,glp1r,upper
441,1.0,4.0,4.0,F656_ARC _B3_slice7-Ort.czi,old,glp1r,upper
442,9.0,13.222222222222221,119.0,F656_ARC _B3_slice7-Ort.czi,old,glp1r,upper
443,4.0,7.75,31.0,F656_ARC _B3_slice7-Ort.czi,old,glp1r,upper
444,8.0,13.5,108.0,F656_ARC _B3_slice7-Ort.czi,old,glp1r,upper
445,60.0,9.4,564.0,F656_ARC _B3_slice7-Ort.czi,old,glp1r,upper
446,16.0,10.625,170.0,F656_ARC _B3_slice7-Ort.czi,old,glp1r,upper
447,30.0,10.8,324.0,F656_ARC _B3_slice7-Ort.czi,old,glp1r,upper
448,1.0,7.0,7.0,F656_ARC _B3_slice7-Ort.czi,old,glp1r,upper
449,15.0,8.8,132.0,F656_ARC _B3_slice7-Ort.czi,old,glp1r,upper
450,43.0,9.372093023255815,403.0,F656_ARC _B3_slice7-Ort.czi,old,glp1r,upper
451,11.0,9.818181818181818,108.0,F656_ARC _B3_slice7-Ort.czi,old,glp1r,upper
452,20.0,10.7,214.0,F656_ARC _B3_slice7-Ort.czi,old,glp1r,upper
453,26.0,10.961538461538462,285.0,F656_ARC _B3_slice7-Ort.czi,old,glp1r,upper
454,34.0,11.5,391.0,F656_ARC _B3_slice7-Ort.czi,old,glp1r,upper
455,1.0,12.0,12.0,F656_ARC _B3_slice7-Ort.czi,old,glp1r,upper
456,27.0,10.333333333333334,279.0,F656_ARC _B3_slice7-Ort.czi,old,glp1r,upper
457,285.0,18.354385964912282,5231.0,F656_ARC _B3_slice7-Ort.czi,old,glp1r,upper
458,1.0,6.0,6.0,F656_ARC _B3_slice7-Ort.czi,old,glp1r,upper
459,32.0,9.90625,317.0,F656_ARC _B3_slice7-Ort.czi,old,glp1r,upper
460,92.0,10.641304347826088,979.0000000000001,F656_ARC _B3_slice7-Ort.czi,old,glp1r,upper
461,27.0,11.703703703703704,316.0,F656_ARC _B3_slice7-Ort.czi,old,glp1r,upper
462,62.0,11.741935483870968,728.0,F656_ARC _B3_slice7-Ort.czi,old,glp1r,upper
463,63.0,12.952380952380953,816.0,F656_ARC _B3_slice7-Ort.czi,old,glp1r,upper
464,47.0,12.851063829787234,604.0,F656_ARC _B3_slice7-Ort.czi,old,glp1r,upper
465,2.0,9.5,19.0,F656_ARC _B3_slice7-Ort.czi,old,glp1r,upper
466,4.0,9.5,38.0,F656_ARC _B3_slice7-Ort.czi,old,glp1r,upper
467,98.0,10.704081632653061,1049.0,F656_ARC _B3_slice7-Ort.czi,old,glp1r,upper
468,61.0,14.918032786885245,910.0,F656_ARC _B3_slice7-Ort.czi,old,glp1r,upper
469,1.0,7.0,7.0,F656_ARC _B3_slice7-Ort.czi,old,glp1r,upper
470,40.0,9.35,374.0,F656_ARC _B3_slice7-Ort.czi,old,glp1r,upper
471,29.0,9.344827586206897,271.0,F656_ARC _B3_slice7-Ort.czi,old,glp1r,upper
472,26.0,9.615384615384615,250.0,F656_ARC _B3_slice7-Ort.czi,old,glp1r,upper
473,54.0,10.25925925925926,554.0,F656_ARC _B3_slice7-Ort.czi,old,glp1r,upper
474,13.0,11.153846153846153,145.0,F656_ARC _B3_slice7-Ort.czi,old,glp1r,upper
475,3.0,9.0,27.0,F656_ARC _B3_slice7-Ort.czi,old,glp1r,upper
476,13.0,10.461538461538462,136.0,F656_ARC _B3_slice7-Ort.czi,old,glp1r,upper
477,2.0,5.5,11.0,F656_ARC _B3_slice7-Ort.czi,old,glp1r,upper
478,24.0,10.041666666666666,241.0,F656_ARC _B3_slice7-Ort.czi,old,glp1r,upper
479,130.0,14.676923076923076,1908.0,F656_ARC _B3_slice7-Ort.czi,old,glp1r,upper
480,56.0,10.517857142857142,589.0,F656_ARC _B3_slice7-Ort.czi,old,glp1r,upper
481,46.0,10.630434782608695,489.0,F656_ARC _B3_slice7-Ort.czi,old,glp1r,upper
482,6.0,13.333333333333334,80.0,F656_ARC _B3_slice7-Ort.czi,old,glp1r,upper
483,58.0,17.275862068965516,1001.9999999999999,F656_ARC _B3_slice7-Ort.czi,old,glp1r,upper
484,12.0,9.25,111.0,F656_ARC _B3_slice7-Ort.czi,old,glp1r,upper
485,1.0,11.0,11.0,F656_ARC _B3_slice7-Ort.czi,old,glp1r,upper
486,19.0,17.105263157894736,325.0,F656_ARC _B3_slice7-Ort.czi,old,glp1r,upper
487,26.0,11.692307692307692,304.0,F656_ARC _B3_slice7-Ort.czi,old,glp1r,upper
488,1.0,18.0,18.0,F656_ARC _B3_slice7-Ort.czi,old,glp1r,upper
489,10.0,9.7,97.0,F656_ARC _B3_slice7-Ort.czi,old,glp1r,upper
490,42.0,12.571428571428571,528.0,F656_ARC _B3_slice7-Ort.czi,old,glp1r,upper
491,22.0,9.545454545454545,210.0,F656_ARC _B3_slice7-Ort.czi,old,glp1r,upper
492,42.0,10.261904761904763,431.00000000000006,F656_ARC _B3_slice7-Ort.czi,old,glp1r,upper
493,26.0,10.923076923076923,284.0,F656_ARC _B3_slice7-Ort.czi,old,glp1r,upper
494,17.0,13.235294117647058,225.0,F656_ARC _B3_slice7-Ort.czi,old,glp1r,upper
495,1.0,6.0,6.0,F656_ARC _B3_slice7-Ort.czi,old,glp1r,upper
496,40.0,17.1,684.0,F656_ARC _B3_slice7-Ort.czi,old,glp1r,upper
497,33.0,12.575757575757576,415.0,F656_ARC _B3_slice7-Ort.czi,old,glp1r,upper
498,3.0,11.666666666666666,35.0,F656_ARC _B3_slice7-Ort.czi,old,glp1r,upper
499,48.0,13.645833333333334,655.0,F656_ARC _B3_slice7-Ort.czi,old,glp1r,upper
500,6.0,9.166666666666666,55.0,F656_ARC _B3_slice7-Ort.czi,old,glp1r,upper
501,14.0,11.642857142857142,163.0,F656_ARC _B3_slice7-Ort.czi,old,glp1r,upper
502,7.0,18.714285714285715,131.0,F656_ARC _B3_slice7-Ort.czi,old,glp1r,upper
503,1.0,7.0,7.0,F656_ARC _B3_slice7-Ort.czi,old,glp1r,upper
504,19.0,10.894736842105264,207.0,F656_ARC _B3_slice7-Ort.czi,old,glp1r,upper
505,1.0,10.0,10.0,F656_ARC _B3_slice7-Ort.czi,old,glp1r,upper
506,10.0,13.8,138.0,F656_ARC _B3_slice7-Ort.czi,old,glp1r,upper
507,159.0,21.81761006289308,3469.0,F656_ARC _B3_slice7-Ort.czi,old,glp1r,upper
508,55.0,10.072727272727272,554.0,F656_ARC _B3_slice7-Ort.czi,old,glp1r,upper
509,18.0,13.055555555555555,235.0,F656_ARC _B3_slice7-Ort.czi,old,glp1r,upper
510,19.0,12.631578947368421,240.0,F656_ARC _B3_slice7-Ort.czi,old,glp1r,upper
511,161.0,12.0,1932.0,F656_ARC _B3_slice7-Ort.czi,old,glp1r,upper
512,49.0,9.877551020408163,484.0,F656_ARC _B3_slice7-Ort.czi,old,glp1r,upper
513,15.0,10.533333333333333,158.0,F656_ARC _B3_slice7-Ort.czi,old,glp1r,upper
514,37.0,10.81081081081081,400.0,F656_ARC _B3_slice7-Ort.czi,old,glp1r,upper
515,27.0,12.074074074074074,326.0,F656_ARC _B3_slice7-Ort.czi,old,glp1r,upper
516,8.0,11.0,88.0,F656_ARC _B3_slice7-Ort.czi,old,glp1r,upper
517,1.0,5.0,5.0,F656_ARC _B3_slice7-Ort.czi,old,glp1r,upper
518,24.0,8.916666666666666,214.0,F656_ARC _B3_slice7-Ort.czi,old,glp1r,upper
519,13.0,10.692307692307692,139.0,F656_ARC _B3_slice7-Ort.czi,old,glp1r,upper
520,3.0,9.333333333333334,28.0,F656_ARC _B3_slice7-Ort.czi,old,glp1r,upper
521,16.0,14.125,226.0,F656_ARC _B3_slice7-Ort.czi,old,glp1r,upper
522,63.0,10.53968253968254,664.0,F656_ARC _B3_slice7-Ort.czi,old,glp1r,upper
523,24.0,10.541666666666666,253.0,F656_ARC _B3_slice7-Ort.czi,old,glp1r,upper
524,46.0,11.0,506.0,F656_ARC _B3_slice7-Ort.czi,old,glp1r,upper
525,50.0,13.04,652.0,F656_ARC _B3_slice7-Ort.czi,old,glp1r,upper
526,23.0,11.173913043478262,257.0,F656_ARC _B3_slice7-Ort.czi,old,glp1r,upper
527,13.0,7.846153846153846,102.0,F656_ARC _B3_slice7-Ort.czi,old,glp1r,upper
528,1.0,7.0,7.0,F656_ARC _B3_slice7-Ort.czi,old,glp1r,upper
529,1.0,9.0,9.0,F656_ARC _B3_slice7-Ort.czi,old,glp1r,upper
530,58.0,9.758620689655173,566.0,F656_ARC _B3_slice7-Ort.czi,old,glp1r,upper
531,128.0,19.609375,2510.0,F656_ARC _B3_slice7-Ort.czi,old,glp1r,upper
532,29.0,11.96551724137931,347.0,F656_ARC _B3_slice7-Ort.czi,old,glp1r,upper
533,12.0,13.083333333333334,157.0,F656_ARC _B3_slice7-Ort.czi,old,glp1r,upper
534,1.0,12.0,12.0,F656_ARC _B3_slice7-Ort.czi,old,glp1r,upper
535,4.0,10.5,42.0,F656_ARC _B3_slice7-Ort.czi,old,glp1r,upper
536,7.0,9.285714285714286,65.0,F656_ARC _B3_slice7-Ort.czi,old,glp1r,upper
537,22.0,11.636363636363637,256.0,F656_ARC _B3_slice7-Ort.czi,old,glp1r,upper
538,121.0,12.561983471074381,1520.0,F656_ARC _B3_slice7-Ort.czi,old,glp1r,upper
539,24.0,12.25,294.0,F656_ARC _B3_slice7-Ort.czi,old,glp1r,upper
540,18.0,9.333333333333334,168.0,F656_ARC _B3_slice7-Ort.czi,old,glp1r,upper
541,7.0,11.714285714285714,82.0,F656_ARC _B3_slice7-Ort.czi,old,glp1r,upper
542,15.0,15.466666666666667,232.0,F656_ARC _B3_slice7-Ort.czi,old,glp1r,upper
543,2.0,7.5,15.0,F656_ARC _B3_slice7-Ort.czi,old,glp1r,upper
544,5.0,11.4,57.0,F656_ARC _B3_slice7-Ort.czi,old,glp1r,upper
545,19.0,12.368421052631579,235.0,F656_ARC _B3_slice7-Ort.czi,old,glp1r,upper
546,78.0,25.94871794871795,2024.0,F656_ARC _B3_slice7-Ort.czi,old,glp1r,upper
547,6.0,10.833333333333334,65.0,F656_ARC _B3_slice7-Ort.czi,old,glp1r,upper
548,5.0,10.0,50.0,F656_ARC _B3_slice7-Ort.czi,old,glp1r,upper
549,32.0,12.25,392.0,F656_ARC _B3_slice7-Ort.czi,old,glp1r,upper
550,87.0,11.666666666666666,1015.0,F656_ARC _B3_slice7-Ort.czi,old,glp1r,upper
551,148.0,12.54054054054054,1856.0,F656_ARC _B3_slice7-Ort.czi,old,glp1r,upper
552,7.0,14.142857142857142,99.0,F656_ARC _B3_slice7-Ort.czi,old,glp1r,upper
553,11.0,9.181818181818182,101.0,F656_ARC _B3_slice7-Ort.czi,old,glp1r,upper
554,2.0,9.0,18.0,F656_ARC _B3_slice7-Ort.czi,old,glp1r,upper
555,15.0,13.733333333333333,206.0,F656_ARC _B3_slice7-Ort.czi,old,glp1r,upper
556,10.0,10.3,103.0,F656_ARC _B3_slice7-Ort.czi,old,glp1r,upper
557,26.0,11.807692307692308,307.0,F656_ARC _B3_slice7-Ort.czi,old,glp1r,upper
558,67.0,11.17910447761194,749.0,F656_ARC _B3_slice7-Ort.czi,old,glp1r,upper
559,19.0,12.578947368421053,239.0,F656_ARC _B3_slice7-Ort.czi,old,glp1r,upper
560,58.0,11.706896551724139,679.0,F656_ARC _B3_slice7-Ort.czi,old,glp1r,upper
561,20.0,8.75,175.0,F656_ARC _B3_slice7-Ort.czi,old,glp1r,upper
562,49.0,10.551020408163266,517.0,F656_ARC _B3_slice7-Ort.czi,old,glp1r,upper
563,1.0,4.0,4.0,F656_ARC _B3_slice7-Ort.czi,old,glp1r,upper
564,286.0,11.660839160839162,3335.0000000000005,F656_ARC _B3_slice7-Ort.czi,old,glp1r,upper
565,35.0,9.314285714285715,326.0,F656_ARC _B3_slice7-Ort.czi,old,glp1r,upper
566,36.0,11.777777777777779,424.0,F656_ARC _B3_slice7-Ort.czi,old,glp1r,upper
567,76.0,10.763157894736842,818.0,F656_ARC _B3_slice7-Ort.czi,old,glp1r,upper
568,5.0,12.8,64.0,F656_ARC _B3_slice7-Ort.czi,old,glp1r,upper
569,8.0,9.125,73.0,F656_ARC _B3_slice7-Ort.czi,old,glp1r,upper
570,1.0,12.0,12.0,F656_ARC _B3_slice7-Ort.czi,old,glp1r,upper
571,47.0,11.659574468085106,548.0,F656_ARC _B3_slice7-Ort.czi,old,glp1r,upper
572,5.0,13.4,67.0,F656_ARC _B3_slice7-Ort.czi,old,glp1r,upper
573,9.0,12.222222222222221,110.0,F656_ARC _B3_slice7-Ort.czi,old,glp1r,upper
574,1.0,8.0,8.0,F656_ARC _B3_slice7-Ort.czi,old,glp1r,upper
575,1.0,12.0,12.0,F656_ARC _B3_slice7-Ort.czi,old,glp1r,upper
576,15.0,9.866666666666667,148.0,F656_ARC _B3_slice7-Ort.czi,old,glp1r,upper
577,48.0,8.729166666666666,419.0,F656_ARC _B3_slice7-Ort.czi,old,glp1r,upper
578,29.0,9.241379310344827,268.0,F656_ARC _B3_slice7-Ort.czi,old,glp1r,upper
579,17.0,8.470588235294118,144.0,F656_ARC _B3_slice7-Ort.czi,old,glp1r,upper
580,5.0,13.2,66.0,F656_ARC _B3_slice7-Ort.czi,old,glp1r,upper
581,22.0,12.5,275.0,F656_ARC _B3_slice7-Ort.czi,old,glp1r,upper
582,4.0,19.0,76.0,F656_ARC _B3_slice7-Ort.czi,old,glp1r,upper
583,5.0,10.2,51.0,F656_ARC _B3_slice7-Ort.czi,old,glp1r,upper
584,30.0,9.833333333333334,295.0,F656_ARC _B3_slice7-Ort.czi,old,glp1r,upper
585,1.0,9.0,9.0,F656_ARC _B3_slice7-Ort.czi,old,glp1r,upper
586,13.0,8.384615384615385,109.0,F656_ARC _B3_slice7-Ort.czi,old,glp1r,upper
587,9.0,12.0,108.0,F656_ARC _B3_slice7-Ort.czi,old,glp1r,upper
588,14.0,10.214285714285714,143.0,F656_ARC _B3_slice7-Ort.czi,old,glp1r,upper
589,41.0,10.585365853658537,434.0,F656_ARC _B3_slice7-Ort.czi,old,glp1r,upper
590,52.0,11.307692307692308,588.0,F656_ARC _B3_slice7-Ort.czi,old,glp1r,upper
591,18.0,11.944444444444445,215.0,F656_ARC _B3_slice7-Ort.czi,old,glp1r,upper
592,4.0,10.0,40.0,F656_ARC _B3_slice7-Ort.czi,old,glp1r,upper
593,12.0,10.0,120.0,F656_ARC _B3_slice7-Ort.czi,old,glp1r,upper
594,42.0,12.214285714285714,513.0,F656_ARC _B3_slice7-Ort.czi,old,glp1r,upper
595,26.0,9.192307692307692,238.99999999999997,F656_ARC _B3_slice7-Ort.czi,old,glp1r,upper
596,8.0,10.5,84.0,F656_ARC _B3_slice7-Ort.czi,old,glp1r,upper
597,23.0,15.304347826086957,352.0,F656_ARC _B3_slice7-Ort.czi,old,glp1r,upper
598,1.0,20.0,20.0,F656_ARC _B3_slice7-Ort.czi,old,glp1r,upper
599,15.0,12.266666666666667,184.0,F656_ARC _B3_slice7-Ort.czi,old,glp1r,upper
600,302.0,13.652317880794701,4123.0,F656_ARC _B3_slice7-Ort.czi,old,glp1r,upper
601,1.0,5.0,5.0,F656_ARC _B3_slice7-Ort.czi,old,glp1r,upper
602,103.0,11.54368932038835,1189.0,F656_ARC _B3_slice7-Ort.czi,old,glp1r,upper
603,17.0,15.235294117647058,259.0,F656_ARC _B3_slice7-Ort.czi,old,glp1r,upper
604,10.0,9.7,97.0,F656_ARC _B3_slice7-Ort.czi,old,glp1r,upper
605,3.0,9.333333333333334,28.0,F656_ARC _B3_slice7-Ort.czi,old,glp1r,upper
606,16.0,10.625,170.0,F656_ARC _B3_slice7-Ort.czi,old,glp1r,upper
607,24.0,9.583333333333334,230.0,F656_ARC _B3_slice7-Ort.czi,old,glp1r,upper
608,23.0,11.391304347826088,262.0,F656_ARC _B3_slice7-Ort.czi,old,glp1r,upper
609,11.0,8.363636363636363,92.0,F656_ARC _B3_slice7-Ort.czi,old,glp1r,upper
610,9.0,11.444444444444445,103.0,F656_ARC _B3_slice7-Ort.czi,old,glp1r,upper
611,33.0,20.09090909090909,663.0,F656_ARC _B3_slice7-Ort.czi,old,glp1r,upper
612,2.0,7.5,15.0,F656_ARC _B3_slice7-Ort.czi,old,glp1r,upper
613,4.0,9.25,37.0,F656_ARC _B3_slice7-Ort.czi,old,glp1r,upper
614,29.0,11.827586206896552,343.0,F656_ARC _B3_slice7-Ort.czi,old,glp1r,upper
615,1.0,14.0,14.0,F656_ARC _B3_slice7-Ort.czi,old,glp1r,upper
616,10.0,8.3,83.0,F656_ARC _B3_slice7-Ort.czi,old,glp1r,upper
617,24.0,12.375,297.0,F656_ARC _B3_slice7-Ort.czi,old,glp1r,upper
618,1.0,9.0,9.0,F656_ARC _B3_slice7-Ort.czi,old,glp1r,upper
619,39.0,10.384615384615385,405.0,F656_ARC _B3_slice7-Ort.czi,old,glp1r,upper
620,34.0,13.882352941176471,472.0,F656_ARC _B3_slice7-Ort.czi,old,glp1r,upper
621,10.0,13.8,138.0,F656_ARC _B3_slice7-Ort.czi,old,glp1r,upper
622,4.0,8.25,33.0,F656_ARC _B3_slice7-Ort.czi,old,glp1r,upper
623,69.0,10.26086956521739,708.0,F656_ARC _B3_slice7-Ort.czi,old,glp1r,upper
624,99.0,17.272727272727273,1710.0,F656_ARC _B3_slice7-Ort.czi,old,glp1r,upper
625,41.0,10.512195121951219,431.0,F656_ARC _B3_slice7-Ort.czi,old,glp1r,upper
626,5.0,7.8,39.0,F656_ARC _B3_slice7-Ort.czi,old,glp1r,upper
627,107.0,10.25233644859813,1097.0,F656_ARC _B3_slice7-Ort.czi,old,glp1r,upper
628,12.0,8.083333333333334,97.0,F656_ARC _B3_slice7-Ort.czi,old,glp1r,upper
629,100.0,12.07,1207.0,F656_ARC _B3_slice7-Ort.czi,old,glp1r,upper
630,5.0,10.2,51.0,F656_ARC _B3_slice7-Ort.czi,old,glp1r,upper
631,141.0,10.631205673758865,1499.0,F656_ARC _B3_slice7-Ort.czi,old,glp1r,upper
632,11.0,8.363636363636363,92.0,F656_ARC _B3_slice7-Ort.czi,old,glp1r,upper
633,25.0,11.72,293.0,F656_ARC _B3_slice7-Ort.czi,old,glp1r,upper
634,1.0,10.0,10.0,F656_ARC _B3_slice7-Ort.czi,old,glp1r,upper
635,38.0,11.947368421052632,454.0,F656_ARC _B3_slice7-Ort.czi,old,glp1r,upper
636,13.0,13.0,169.0,F656_ARC _B3_slice7-Ort.czi,old,glp1r,upper
637,59.0,15.559322033898304,918.0,F656_ARC _B3_slice7-Ort.czi,old,glp1r,upper
638,119.0,10.319327731092438,1228.0,F656_ARC _B3_slice7-Ort.czi,old,glp1r,upper
639,64.0,15.703125,1005.0,F656_ARC _B3_slice7-Ort.czi,old,glp1r,upper
640,8.0,14.25,114.0,F656_ARC _B3_slice7-Ort.czi,old,glp1r,upper
641,1.0,9.0,9.0,F656_ARC _B3_slice7-Ort.czi,old,glp1r,upper
642,12.0,16.166666666666668,194.0,F656_ARC _B3_slice7-Ort.czi,old,glp1r,upper
643,115.0,11.947826086956521,1374.0,F656_ARC _B3_slice7-Ort.czi,old,glp1r,upper
644,2.0,14.5,29.0,F656_ARC _B3_slice7-Ort.czi,old,glp1r,upper
645,10.0,11.7,117.0,F656_ARC _B3_slice7-Ort.czi,old,glp1r,upper
646,88.0,10.670454545454545,939.0,F656_ARC _B3_slice7-Ort.czi,old,glp1r,upper
647,2.0,13.0,26.0,F656_ARC _B3_slice7-Ort.czi,old,glp1r,upper
648,26.0,11.461538461538462,298.0,F656_ARC _B3_slice7-Ort.czi,old,glp1r,upper
649,29.0,8.96551724137931,260.0,F656_ARC _B3_slice7-Ort.czi,old,glp1r,upper
650,211.0,9.436018957345972,1991.0,F656_ARC _B3_slice7-Ort.czi,old,glp1r,upper
651,203.0,9.714285714285714,1971.9999999999998,F656_ARC _B3_slice7-Ort.czi,old,glp1r,upper
652,67.0,9.253731343283581,620.0,F656_ARC _B3_slice7-Ort.czi,old,glp1r,upper
653,1.0,7.0,7.0,F656_ARC _B3_slice7-Ort.czi,old,glp1r,upper
654,77.0,10.181818181818182,784.0,F656_ARC _B3_slice7-Ort.czi,old,glp1r,upper
655,61.0,11.901639344262295,726.0,F656_ARC _B3_slice7-Ort.czi,old,glp1r,upper
656,1.0,7.0,7.0,F656_ARC _B3_slice7-Ort.czi,old,glp1r,upper
657,37.0,12.216216216216216,452.0,F656_ARC _B3_slice7-Ort.czi,old,glp1r,upper
658,111.0,9.36036036036036,1039.0,F656_ARC _B3_slice7-Ort.czi,old,glp1r,upper
659,1.0,14.0,14.0,F656_ARC _B3_slice7-Ort.czi,old,glp1r,upper
660,41.0,12.121951219512194,496.99999999999994,F656_ARC _B3_slice7-Ort.czi,old,glp1r,upper
661,11.0,9.909090909090908,108.99999999999999,F656_ARC _B3_slice7-Ort.czi,old,glp1r,upper
662,9.0,10.11111111111111,91.0,F656_ARC _B3_slice7-Ort.czi,old,glp1r,upper
663,7.0,11.142857142857142,78.0,F656_ARC _B3_slice7-Ort.czi,old,glp1r,upper
664,42.0,9.666666666666666,406.0,F656_ARC _B3_slice7-Ort.czi,old,glp1r,upper
665,33.0,11.909090909090908,393.0,F656_ARC _B3_slice7-Ort.czi,old,glp1r,upper
666,3.0,7.0,21.0,F656_ARC _B3_slice7-Ort.czi,old,glp1r,upper
667,85.0,15.976470588235294,1358.0,F656_ARC _B3_slice7-Ort.czi,old,glp1r,upper
668,48.0,14.5625,699.0,F656_ARC _B3_slice7-Ort.czi,old,glp1r,upper
669,24.0,17.166666666666668,412.0,F656_ARC _B3_slice7-Ort.czi,old,glp1r,upper
670,15.0,12.533333333333333,188.0,F656_ARC _B3_slice7-Ort.czi,old,glp1r,upper
671,30.0,14.066666666666666,422.0,F656_ARC _B3_slice7-Ort.czi,old,glp1r,upper
672,17.0,9.176470588235293,156.0,F656_ARC _B3_slice7-Ort.czi,old,glp1r,upper
673,182.0,9.362637362637363,1704.0,F656_ARC _B3_slice7-Ort.czi,old,glp1r,upper
674,51.0,10.490196078431373,535.0,F656_ARC _B3_slice7-Ort.czi,old,glp1r,upper
675,7.0,9.428571428571429,66.0,F656_ARC _B3_slice7-Ort.czi,old,glp1r,upper
676,51.0,18.235294117647058,930.0,F656_ARC _B3_slice7-Ort.czi,old,glp1r,upper
677,19.0,13.68421052631579,260.0,F656_ARC _B3_slice7-Ort.czi,old,glp1r,upper
678,77.0,9.987012987012987,769.0,F656_ARC _B3_slice7-Ort.czi,old,glp1r,upper
679,25.0,15.16,379.0,F656_ARC _B3_slice7-Ort.czi,old,glp1r,upper
680,17.0,11.470588235294118,195.0,F656_ARC _B3_slice7-Ort.czi,old,glp1r,upper
681,19.0,18.894736842105264,359.0,F656_ARC _B3_slice7-Ort.czi,old,glp1r,upper
682,359.0,10.504178272980502,3771.0,F656_ARC _B3_slice7-Ort.czi,old,glp1r,upper
683,283.0,10.183745583038869,2882.0,F656_ARC _B3_slice7-Ort.czi,old,glp1r,upper
684,244.0,19.25409836065574,4698.0,F656_ARC _B3_slice7-Ort.czi,old,glp1r,upper
685,24.0,11.583333333333334,278.0,F656_ARC _B3_slice7-Ort.czi,old,glp1r,upper
686,35.0,18.257142857142856,639.0,F656_ARC _B3_slice7-Ort.czi,old,glp1r,upper
687,108.0,10.148148148148149,1096.0,F656_ARC _B3_slice7-Ort.czi,old,glp1r,upper
688,48.0,8.958333333333334,430.0,F656_ARC _B3_slice7-Ort.czi,old,glp1r,upper
689,43.0,15.883720930232558,683.0,F656_ARC _B3_slice7-Ort.czi,old,glp1r,upper
690,38.0,12.789473684210526,486.0,F656_ARC _B3_slice7-Ort.czi,old,glp1r,upper
691,63.0,13.412698412698413,845.0,F656_ARC _B3_slice7-Ort.czi,old,glp1r,upper
692,179.0,10.983240223463687,1966.0,F656_ARC _B3_slice7-Ort.czi,old,glp1r,upper
693,71.0,9.732394366197184,691.0,F656_ARC _B3_slice7-Ort.czi,old,glp1r,upper
694,11.0,13.454545454545455,148.0,F656_ARC _B3_slice7-Ort.czi,old,glp1r,upper
695,7.0,9.714285714285714,68.0,F656_ARC _B3_slice7-Ort.czi,old,glp1r,upper
696,1.0,7.0,7.0,F656_ARC _B3_slice7-Ort.czi,old,glp1r,upper
697,172.0,10.918604651162791,1878.0000000000002,F656_ARC _B3_slice7-Ort.czi,old,glp1r,upper
698,17.0,8.176470588235293,139.0,F656_ARC _B3_slice7-Ort.czi,old,glp1r,upper
699,6.0,11.0,66.0,F656_ARC _B3_slice7-Ort.czi,old,glp1r,upper
700,71.0,11.71830985915493,832.0,F656_ARC _B3_slice7-Ort.czi,old,glp1r,upper
701,61.0,10.262295081967213,626.0,F656_ARC _B3_slice7-Ort.czi,old,glp1r,upper
702,31.0,9.741935483870968,302.0,F656_ARC _B3_slice7-Ort.czi,old,glp1r,upper
703,8.0,13.25,106.0,F656_ARC _B3_slice7-Ort.czi,old,glp1r,upper
704,21.0,10.19047619047619,214.0,F656_ARC _B3_slice7-Ort.czi,old,glp1r,upper
705,65.0,11.384615384615385,740.0,F656_ARC _B3_slice7-Ort.czi,old,glp1r,upper
706,22.0,10.363636363636363,228.0,F656_ARC _B3_slice7-Ort.czi,old,glp1r,upper
707,71.0,10.873239436619718,772.0,F656_ARC _B3_slice7-Ort.czi,old,glp1r,upper
708,10.0,28.8,288.0,F656_ARC _B3_slice7-Ort.czi,old,glp1r,upper
709,1.0,8.0,8.0,F656_ARC _B3_slice7-Ort.czi,old,glp1r,upper
710,8.0,9.5,76.0,F656_ARC _B3_slice7-Ort.czi,old,glp1r,upper
711,66.0,10.242424242424242,676.0,F656_ARC _B3_slice7-Ort.czi,old,glp1r,upper
712,27.0,13.333333333333334,360.0,F656_ARC _B3_slice7-Ort.czi,old,glp1r,upper
713,52.0,10.48076923076923,545.0,F656_ARC _B3_slice7-Ort.czi,old,glp1r,upper
714,64.0,11.109375,711.0,F656_ARC _B3_slice7-Ort.czi,old,glp1r,upper
715,183.0,19.81967213114754,3627.0,F656_ARC _B3_slice7-Ort.czi,old,glp1r,upper
716,2.0,12.5,25.0,F656_ARC _B3_slice7-Ort.czi,old,glp1r,upper
717,68.0,9.294117647058824,632.0,F656_ARC _B3_slice7-Ort.czi,old,glp1r,upper
718,1.0,7.0,7.0,F656_ARC _B3_slice7-Ort.czi,old,glp1r,upper
719,46.0,9.565217391304348,440.0,F656_ARC _B3_slice7-Ort.czi,old,glp1r,upper
720,28.0,12.25,343.0,F656_ARC _B3_slice7-Ort.czi,old,glp1r,upper
721,23.0,10.91304347826087,251.0,F656_ARC _B3_slice7-Ort.czi,old,glp1r,upper
722,31.0,13.806451612903226,428.0,F656_ARC _B3_slice7-Ort.czi,old,glp1r,upper
723,14.0,12.428571428571429,174.0,F656_ARC _B3_slice7-Ort.czi,old,glp1r,upper
724,1.0,8.0,8.0,F656_ARC _B3_slice7-Ort.czi,old,glp1r,upper
725,55.0,12.50909090909091,688.0,F656_ARC _B3_slice7-Ort.czi,old,glp1r,upper
726,23.0,11.565217391304348,266.0,F656_ARC _B3_slice7-Ort.czi,old,glp1r,upper
727,34.0,9.529411764705882,324.0,F656_ARC _B3_slice7-Ort.czi,old,glp1r,upper
728,83.0,10.843373493975903,900.0,F656_ARC _B3_slice7-Ort.czi,old,glp1r,upper
729,25.0,10.6,265.0,F656_ARC _B3_slice7-Ort.czi,old,glp1r,upper
730,104.0,10.990384615384615,1143.0,F656_ARC _B3_slice7-Ort.czi,old,glp1r,upper
731,55.0,11.072727272727272,609.0,F656_ARC _B3_slice7-Ort.czi,old,glp1r,upper
732,25.0,9.0,225.0,F656_ARC _B3_slice7-Ort.czi,old,glp1r,upper
733,27.0,12.296296296296296,332.0,F656_ARC _B3_slice7-Ort.czi,old,glp1r,upper
734,63.0,13.841269841269842,872.0,F656_ARC _B3_slice7-Ort.czi,old,glp1r,upper
735,75.0,11.293333333333333,847.0,F656_ARC _B3_slice7-Ort.czi,old,glp1r,upper
736,11.0,10.545454545454545,116.0,F656_ARC _B3_slice7-Ort.czi,old,glp1r,upper
737,13.0,11.076923076923077,144.0,F656_ARC _B3_slice7-Ort.czi,old,glp1r,upper
738,19.0,12.631578947368421,240.0,F656_ARC _B3_slice7-Ort.czi,old,glp1r,upper
739,112.0,9.75,1092.0,F656_ARC _B3_slice7-Ort.czi,old,glp1r,upper
740,9.0,13.555555555555555,122.0,F656_ARC _B3_slice7-Ort.czi,old,glp1r,upper
741,46.0,10.652173913043478,490.0,F656_ARC _B3_slice7-Ort.czi,old,glp1r,upper
742,5.0,7.6,38.0,F656_ARC _B3_slice7-Ort.czi,old,glp1r,upper
743,29.0,13.89655172413793,403.0,F656_ARC _B3_slice7-Ort.czi,old,glp1r,upper
744,27.0,12.185185185185185,329.0,F656_ARC _B3_slice7-Ort.czi,old,glp1r,upper
745,27.0,12.481481481481481,337.0,F656_ARC _B3_slice7-Ort.czi,old,glp1r,upper
746,74.0,13.054054054054054,966.0,F656_ARC _B3_slice7-Ort.czi,old,glp1r,upper
747,43.0,16.27906976744186,700.0,F656_ARC _B3_slice7-Ort.czi,old,glp1r,upper
748,17.0,9.588235294117647,163.0,F656_ARC _B3_slice7-Ort.czi,old,glp1r,upper
749,64.0,9.71875,622.0,F656_ARC _B3_slice7-Ort.czi,old,glp1r,upper
750,12.0,10.5,126.0,F656_ARC _B3_slice7-Ort.czi,old,glp1r,upper
751,226.0,9.738938053097344,2201.0,F656_ARC _B3_slice7-Ort.czi,old,glp1r,upper
752,49.0,11.10204081632653,544.0,F656_ARC _B3_slice7-Ort.czi,old,glp1r,upper
753,92.0,12.402173913043478,1141.0,F656_ARC _B3_slice7-Ort.czi,old,glp1r,upper
754,76.0,10.75,817.0,F656_ARC _B3_slice7-Ort.czi,old,glp1r,upper
755,441.0,9.80498866213152,4324.0,F656_ARC _B3_slice7-Ort.czi,old,glp1r,upper
756,16.0,11.8125,189.0,F656_ARC _B3_slice7-Ort.czi,old,glp1r,upper
757,11.0,20.363636363636363,224.0,F656_ARC _B3_slice7-Ort.czi,old,glp1r,upper
758,15.0,11.2,168.0,F656_ARC _B3_slice7-Ort.czi,old,glp1r,upper
759,4.0,7.5,30.0,F656_ARC _B3_slice7-Ort.czi,old,glp1r,upper
760,78.0,10.666666666666666,832.0,F656_ARC _B3_slice7-Ort.czi,old,glp1r,upper
761,1.0,9.0,9.0,F656_ARC _B3_slice7-Ort.czi,old,glp1r,upper
762,35.0,11.485714285714286,402.0,F656_ARC _B3_slice7-Ort.czi,old,glp1r,upper
763,177.0,10.468926553672317,1853.0,F656_ARC _B3_slice7-Ort.czi,old,glp1r,upper
764,6.0,13.833333333333334,83.0,F656_ARC _B3_slice7-Ort.czi,old,glp1r,upper
765,25.0,9.68,242.0,F656_ARC _B3_slice7-Ort.czi,old,glp1r,upper
766,1.0,10.0,10.0,F656_ARC _B3_slice7-Ort.czi,old,glp1r,upper
767,57.0,10.894736842105264,621.0,F656_ARC _B3_slice7-Ort.czi,old,glp1r,upper
768,1.0,5.0,5.0,F656_ARC _B3_slice7-Ort.czi,old,glp1r,upper
769,22.0,10.909090909090908,239.99999999999997,F656_ARC _B3_slice7-Ort.czi,old,glp1r,upper
770,9.0,11.555555555555555,104.0,F656_ARC _B3_slice7-Ort.czi,old,glp1r,upper
771,32.0,13.03125,417.0,F656_ARC _B3_slice7-Ort.czi,old,glp1r,upper
772,14.0,11.357142857142858,159.0,F656_ARC _B3_slice7-Ort.czi,old,glp1r,upper
773,96.0,11.75,1128.0,F656_ARC _B3_slice7-Ort.czi,old,glp1r,upper
774,6.0,11.166666666666666,67.0,F656_ARC _B3_slice7-Ort.czi,old,glp1r,upper
775,52.0,10.903846153846153,567.0,F656_ARC _B3_slice7-Ort.czi,old,glp1r,upper
776,19.0,24.526315789473685,466.0,F656_ARC _B3_slice7-Ort.czi,old,glp1r,upper
777,15.0,9.866666666666667,148.0,F656_ARC _B3_slice7-Ort.czi,old,glp1r,upper
778,15.0,21.6,324.0,F656_ARC _B3_slice7-Ort.czi,old,glp1r,upper
779,43.0,13.604651162790697,585.0,F656_ARC _B3_slice7-Ort.czi,old,glp1r,upper
780,24.0,12.666666666666666,304.0,F656_ARC _B3_slice7-Ort.czi,old,glp1r,upper
781,42.0,14.642857142857142,615.0,F656_ARC _B3_slice7-Ort.czi,old,glp1r,upper
782,38.0,12.473684210526315,474.0,F656_ARC _B3_slice7-Ort.czi,old,glp1r,upper
783,21.0,19.61904761904762,412.0,F656_ARC _B3_slice7-Ort.czi,old,glp1r,upper
784,264.0,11.159090909090908,2946.0,F656_ARC _B3_slice7-Ort.czi,old,glp1r,upper
785,71.0,9.450704225352112,671.0,F656_ARC _B3_slice7-Ort.czi,old,glp1r,upper
786,32.0,12.53125,401.0,F656_ARC _B3_slice7-Ort.czi,old,glp1r,upper
787,23.0,11.043478260869565,253.99999999999997,F656_ARC _B3_slice7-Ort.czi,old,glp1r,upper
788,23.0,11.0,253.0,F656_ARC _B3_slice7-Ort.czi,old,glp1r,upper
789,116.0,10.543103448275861,1223.0,F656_ARC _B3_slice7-Ort.czi,old,glp1r,upper
790,200.0,11.855,2371.0,F656_ARC _B3_slice7-Ort.czi,old,glp1r,upper
791,21.0,17.19047619047619,361.0,F656_ARC _B3_slice7-Ort.czi,old,glp1r,upper
792,5.0,8.8,44.0,F656_ARC _B3_slice7-Ort.czi,old,glp1r,upper
793,3.0,8.333333333333334,25.0,F656_ARC _B3_slice7-Ort.czi,old,glp1r,upper
794,21.0,13.761904761904763,289.0,F656_ARC _B3_slice7-Ort.czi,old,glp1r,upper
795,38.0,14.921052631578947,567.0,F656_ARC _B3_slice7-Ort.czi,old,glp1r,upper
796,39.0,9.051282051282051,353.0,F656_ARC _B3_slice7-Ort.czi,old,glp1r,upper
797,163.0,11.098159509202453,1809.0,F656_ARC _B3_slice7-Ort.czi,old,glp1r,upper
798,51.0,11.980392156862745,611.0,F656_ARC _B3_slice7-Ort.czi,old,glp1r,upper
799,56.0,9.357142857142858,524.0,F656_ARC _B3_slice7-Ort.czi,old,glp1r,upper
800,14.0,8.642857142857142,121.0,F656_ARC _B3_slice7-Ort.czi,old,glp1r,upper
801,26.0,12.423076923076923,323.0,F656_ARC _B3_slice7-Ort.czi,old,glp1r,upper
802,34.0,12.941176470588236,440.0,F656_ARC _B3_slice7-Ort.czi,old,glp1r,upper
803,2.0,8.0,16.0,F656_ARC _B3_slice7-Ort.czi,old,glp1r,upper
804,34.0,10.705882352941176,364.0,F656_ARC _B3_slice7-Ort.czi,old,glp1r,upper
805,237.0,10.004219409282701,2371.0,F656_ARC _B3_slice7-Ort.czi,old,glp1r,upper
806,12.0,11.166666666666666,134.0,F656_ARC _B3_slice7-Ort.czi,old,glp1r,upper
807,43.0,13.30232558139535,572.0,F656_ARC _B3_slice7-Ort.czi,old,glp1r,upper
808,146.0,11.082191780821917,1618.0,F656_ARC _B3_slice7-Ort.czi,old,glp1r,upper
809,55.0,11.690909090909091,643.0,F656_ARC _B3_slice7-Ort.czi,old,glp1r,upper
810,17.0,13.470588235294118,229.0,F656_ARC _B3_slice7-Ort.czi,old,glp1r,upper
811,85.0,12.68235294117647,1078.0,F656_ARC _B3_slice7-Ort.czi,old,glp1r,upper
812,17.0,9.235294117647058,157.0,F656_ARC _B3_slice7-Ort.czi,old,glp1r,upper
813,29.0,10.310344827586206,299.0,F656_ARC _B3_slice7-Ort.czi,old,glp1r,upper
814,15.0,11.933333333333334,179.0,F656_ARC _B3_slice7-Ort.czi,old,glp1r,upper
815,23.0,10.478260869565217,241.0,F656_ARC _B3_slice7-Ort.czi,old,glp1r,upper
816,74.0,11.256756756756756,833.0,F656_ARC _B3_slice7-Ort.czi,old,glp1r,upper
817,14.0,9.928571428571429,139.0,F656_ARC _B3_slice7-Ort.czi,old,glp1r,upper
818,32.0,10.8125,346.0,F656_ARC _B3_slice7-Ort.czi,old,glp1r,upper
819,47.0,10.27659574468085,483.0,F656_ARC _B3_slice7-Ort.czi,old,glp1r,upper
820,11.0,10.272727272727273,113.0,F656_ARC _B3_slice7-Ort.czi,old,glp1r,upper
821,16.0,12.625,202.0,F656_ARC _B3_slice7-Ort.czi,old,glp1r,upper
822,57.0,12.807017543859649,730.0,F656_ARC _B3_slice7-Ort.czi,old,glp1r,upper
823,35.0,10.085714285714285,353.0,F656_ARC _B3_slice7-Ort.czi,old,glp1r,upper
824,14.0,8.642857142857142,121.0,F656_ARC _B3_slice7-Ort.czi,old,glp1r,upper
825,3.0,15.333333333333334,46.0,F656_ARC _B3_slice7-Ort.czi,old,glp1r,upper
826,57.0,10.578947368421053,603.0,F656_ARC _B3_slice7-Ort.czi,old,glp1r,upper
827,14.0,9.642857142857142,135.0,F656_ARC _B3_slice7-Ort.czi,old,glp1r,upper
828,69.0,10.130434782608695,699.0,F656_ARC _B3_slice7-Ort.czi,old,glp1r,upper
829,24.0,13.25,318.0,F656_ARC _B3_slice7-Ort.czi,old,glp1r,upper
830,1.0,22.0,22.0,F656_ARC _B3_slice7-Ort.czi,old,glp1r,upper
831,4.0,8.25,33.0,F656_ARC _B3_slice7-Ort.czi,old,glp1r,upper
832,53.0,10.49056603773585,556.0,F656_ARC _B3_slice7-Ort.czi,old,glp1r,upper
833,53.0,14.415094339622641,764.0,F656_ARC _B3_slice7-Ort.czi,old,glp1r,upper
834,34.0,9.676470588235293,329.0,F656_ARC _B3_slice7-Ort.czi,old,glp1r,upper
835,39.0,12.897435897435898,503.0,F656_ARC _B3_slice7-Ort.czi,old,glp1r,upper
836,31.0,10.483870967741936,325.0,F656_ARC _B3_slice7-Ort.czi,old,glp1r,upper
837,24.0,10.041666666666666,241.0,F656_ARC _B3_slice7-Ort.czi,old,glp1r,upper
838,76.0,11.868421052631579,902.0,F656_ARC _B3_slice7-Ort.czi,old,glp1r,upper
839,4.0,11.75,47.0,F656_ARC _B3_slice7-Ort.czi,old,glp1r,upper
840,54.0,14.87037037037037,803.0,F656_ARC _B3_slice7-Ort.czi,old,glp1r,upper
841,42.0,9.833333333333334,413.0,F656_ARC _B3_slice7-Ort.czi,old,glp1r,upper
842,834.0,10.790167865707435,8999.0,F656_ARC _B3_slice7-Ort.czi,old,glp1r,upper
843,37.0,11.621621621621621,430.0,F656_ARC _B3_slice7-Ort.czi,old,glp1r,upper
844,6.0,13.833333333333334,83.0,F656_ARC _B3_slice7-Ort.czi,old,glp1r,upper
845,7.0,8.285714285714286,58.00000000000001,F656_ARC _B3_slice7-Ort.czi,old,glp1r,upper
846,87.0,12.71264367816092,1106.0,F656_ARC _B3_slice7-Ort.czi,old,glp1r,upper
847,277.0,11.725631768953068,3248.0,F656_ARC _B3_slice7-Ort.czi,old,glp1r,upper
848,22.0,15.0,330.0,F656_ARC _B3_slice7-Ort.czi,old,glp1r,upper
849,93.0,12.118279569892474,1127.0,F656_ARC _B3_slice7-Ort.czi,old,glp1r,upper
850,18.0,12.38888888888889,223.0,F656_ARC _B3_slice7-Ort.czi,old,glp1r,upper
851,107.0,10.738317757009346,1149.0,F656_ARC _B3_slice7-Ort.czi,old,glp1r,upper
852,27.0,20.14814814814815,544.0,F656_ARC _B3_slice7-Ort.czi,old,glp1r,upper
853,33.0,10.787878787878787,356.0,F656_ARC _B3_slice7-Ort.czi,old,glp1r,upper
854,31.0,11.741935483870968,364.0,F656_ARC _B3_slice7-Ort.czi,old,glp1r,upper
855,412.0,10.322815533980583,4253.0,F656_ARC _B3_slice7-Ort.czi,old,glp1r,upper
856,150.0,14.246666666666666,2137.0,F656_ARC _B3_slice7-Ort.czi,old,glp1r,upper
857,87.0,11.03448275862069,960.0000000000001,F656_ARC _B3_slice7-Ort.czi,old,glp1r,upper
858,91.0,10.780219780219781,981.0000000000001,F656_ARC _B3_slice7-Ort.czi,old,glp1r,upper
859,106.0,12.547169811320755,1330.0,F656_ARC _B3_slice7-Ort.czi,old,glp1r,upper
860,66.0,10.893939393939394,719.0,F656_ARC _B3_slice7-Ort.czi,old,glp1r,upper
861,18.0,15.333333333333334,276.0,F656_ARC _B3_slice7-Ort.czi,old,glp1r,upper
862,126.0,12.777777777777779,1610.0,F656_ARC _B3_slice7-Ort.czi,old,glp1r,upper
863,15.0,11.866666666666667,178.0,F656_ARC _B3_slice7-Ort.czi,old,glp1r,upper
864,47.0,10.659574468085106,501.0,F656_ARC _B3_slice7-Ort.czi,old,glp1r,upper
865,18.0,14.11111111111111,254.0,F656_ARC _B3_slice7-Ort.czi,old,glp1r,upper
866,70.0,9.371428571428572,656.0,F656_ARC _B3_slice7-Ort.czi,old,glp1r,upper
867,157.0,10.51592356687898,1650.9999999999998,F656_ARC _B3_slice7-Ort.czi,old,glp1r,upper
868,55.0,14.272727272727273,785.0,F656_ARC _B3_slice7-Ort.czi,old,glp1r,upper
869,58.0,8.741379310344827,507.0,F656_ARC _B3_slice7-Ort.czi,old,glp1r,upper
870,249.0,9.662650602409638,2406.0,F656_ARC _B3_slice7-Ort.czi,old,glp1r,upper
871,61.0,15.311475409836065,934.0,F656_ARC _B3_slice7-Ort.czi,old,glp1r,upper
872,112.0,11.758928571428571,1317.0,F656_ARC _B3_slice7-Ort.czi,old,glp1r,upper
873,44.0,9.727272727272727,428.0,F656_ARC _B3_slice7-Ort.czi,old,glp1r,upper
874,53.0,12.20754716981132,647.0,F656_ARC _B3_slice7-Ort.czi,old,glp1r,upper
875,32.0,10.125,324.0,F656_ARC _B3_slice7-Ort.czi,old,glp1r,upper
876,92.0,10.478260869565217,964.0,F656_ARC _B3_slice7-Ort.czi,old,glp1r,upper
877,61.0,10.245901639344263,625.0,F656_ARC _B3_slice7-Ort.czi,old,glp1r,upper
878,5.0,10.4,52.0,F656_ARC _B3_slice7-Ort.czi,old,glp1r,upper
879,2.0,10.5,21.0,F656_ARC _B3_slice7-Ort.czi,old,glp1r,upper
880,6.0,9.166666666666666,55.0,F656_ARC _B3_slice7-Ort.czi,old,glp1r,upper
881,104.0,11.528846153846153,1199.0,F656_ARC _B3_slice7-Ort.czi,old,glp1r,upper
882,32.0,13.8125,442.0,F656_ARC _B3_slice7-Ort.czi,old,glp1r,upper
883,19.0,14.105263157894736,268.0,F656_ARC _B3_slice7-Ort.czi,old,glp1r,upper
884,2.0,8.5,17.0,F656_ARC _B3_slice7-Ort.czi,old,glp1r,upper
885,16.0,10.3125,165.0,F656_ARC _B3_slice7-Ort.czi,old,glp1r,upper
886,42.0,8.833333333333334,371.0,F656_ARC _B3_slice7-Ort.czi,old,glp1r,upper
887,33.0,11.090909090909092,366.0,F656_ARC _B3_slice7-Ort.czi,old,glp1r,upper
888,54.0,12.944444444444445,699.0,F656_ARC _B3_slice7-Ort.czi,old,glp1r,upper
889,177.0,12.163841807909604,2153.0,F656_ARC _B3_slice7-Ort.czi,old,glp1r,upper
890,53.0,10.79245283018868,572.0,F656_ARC _B3_slice7-Ort.czi,old,glp1r,upper
891,50.0,12.76,638.0,F656_ARC _B3_slice7-Ort.czi,old,glp1r,upper
892,40.0,12.925,517.0,F656_ARC _B3_slice7-Ort.czi,old,glp1r,upper
893,149.0,11.201342281879194,1669.0,F656_ARC _B3_slice7-Ort.czi,old,glp1r,upper
894,173.0,12.53757225433526,2169.0,F656_ARC _B3_slice7-Ort.czi,old,glp1r,upper
895,28.0,11.107142857142858,311.0,F656_ARC _B3_slice7-Ort.czi,old,glp1r,upper
896,90.0,9.422222222222222,848.0,F656_ARC _B3_slice7-Ort.czi,old,glp1r,upper
897,54.0,9.88888888888889,534.0,F656_ARC _B3_slice7-Ort.czi,old,glp1r,upper
898,13.0,10.23076923076923,133.0,F656_ARC _B3_slice7-Ort.czi,old,glp1r,upper
899,105.0,10.876190476190477,1142.0,F656_ARC _B3_slice7-Ort.czi,old,glp1r,upper
900,46.0,11.869565217391305,546.0,F656_ARC _B3_slice7-Ort.czi,old,glp1r,upper
901,447.0,10.34675615212528,4625.0,F656_ARC _B3_slice7-Ort.czi,old,glp1r,upper
902,9.0,12.0,108.0,F656_ARC _B3_slice7-Ort.czi,old,glp1r,upper
903,45.0,10.555555555555555,475.0,F656_ARC _B3_slice7-Ort.czi,old,glp1r,upper
904,54.0,11.296296296296296,610.0,F656_ARC _B3_slice7-Ort.czi,old,glp1r,upper
905,108.0,10.027777777777779,1083.0,F656_ARC _B3_slice7-Ort.czi,old,glp1r,upper
906,2.0,15.0,30.0,F656_ARC _B3_slice7-Ort.czi,old,glp1r,upper
907,22.0,12.045454545454545,265.0,F656_ARC _B3_slice7-Ort.czi,old,glp1r,upper
908,53.0,11.20754716981132,594.0,F656_ARC _B3_slice7-Ort.czi,old,glp1r,upper
909,26.0,12.0,312.0,F656_ARC _B3_slice7-Ort.czi,old,glp1r,upper
910,17.0,13.647058823529411,232.0,F656_ARC _B3_slice7-Ort.czi,old,glp1r,upper
911,48.0,9.208333333333334,442.0,F656_ARC _B3_slice7-Ort.czi,old,glp1r,upper
912,61.0,11.049180327868852,674.0,F656_ARC _B3_slice7-Ort.czi,old,glp1r,upper
913,39.0,12.692307692307692,495.0,F656_ARC _B3_slice7-Ort.czi,old,glp1r,upper
914,452.0,9.544247787610619,4314.0,F656_ARC _B3_slice7-Ort.czi,old,glp1r,upper
915,162.0,9.814814814814815,1590.0,F656_ARC _B3_slice7-Ort.czi,old,glp1r,upper
916,1.0,5.0,5.0,F656_ARC _B3_slice7-Ort.czi,old,glp1r,upper
917,25.0,16.48,412.0,F656_ARC _B3_slice7-Ort.czi,old,glp1r,upper
918,13.0,11.461538461538462,149.0,F656_ARC _B3_slice7-Ort.czi,old,glp1r,upper
919,36.0,14.583333333333334,525.0,F656_ARC _B3_slice7-Ort.czi,old,glp1r,upper
920,98.0,15.428571428571429,1512.0,F656_ARC _B3_slice7-Ort.czi,old,glp1r,upper
921,91.0,11.89010989010989,1082.0,F656_ARC _B3_slice7-Ort.czi,old,glp1r,upper
922,15.0,13.0,195.0,F656_ARC _B3_slice7-Ort.czi,old,glp1r,upper
923,215.0,10.502325581395349,2258.0,F656_ARC _B3_slice7-Ort.czi,old,glp1r,upper
924,12.0,25.75,309.0,F656_ARC _B3_slice7-Ort.czi,old,glp1r,upper
925,47.0,11.914893617021276,560.0,F656_ARC _B3_slice7-Ort.czi,old,glp1r,upper
926,277.0,12.902527075812275,3574.0,F656_ARC _B3_slice7-Ort.czi,old,glp1r,upper
927,43.0,11.488372093023257,494.00000000000006,F656_ARC _B3_slice7-Ort.czi,old,glp1r,upper
928,109.0,13.137614678899082,1432.0,F656_ARC _B3_slice7-Ort.czi,old,glp1r,upper
929,36.0,10.63888888888889,383.0,F656_ARC _B3_slice7-Ort.czi,old,glp1r,upper
930,29.0,18.482758620689655,536.0,F656_ARC _B3_slice7-Ort.czi,old,glp1r,upper
931,15.0,15.4,231.0,F656_ARC _B3_slice7-Ort.czi,old,glp1r,upper
932,42.0,11.333333333333334,476.0,F656_ARC _B3_slice7-Ort.czi,old,glp1r,upper
933,30.0,15.833333333333334,475.0,F656_ARC _B3_slice7-Ort.czi,old,glp1r,upper
934,65.0,11.415384615384616,742.0,F656_ARC _B3_slice7-Ort.czi,old,glp1r,upper
935,1.0,5.0,5.0,F656_ARC _B3_slice7-Ort.czi,old,glp1r,upper
936,23.0,9.608695652173912,220.99999999999997,F656_ARC _B3_slice7-Ort.czi,old,glp1r,upper
937,12.0,11.25,135.0,F656_ARC _B3_slice7-Ort.czi,old,glp1r,upper
938,16.0,12.25,196.0,F656_ARC _B3_slice7-Ort.czi,old,glp1r,upper
939,8.0,9.375,75.0,F656_ARC _B3_slice7-Ort.czi,old,glp1r,upper
940,3.0,7.333333333333333,22.0,F656_ARC _B3_slice7-Ort.czi,old,glp1r,upper
941,131.0,17.541984732824428,2298.0,F656_ARC _B3_slice7-Ort.czi,old,glp1r,upper
942,88.0,10.965909090909092,965.0000000000001,F656_ARC _B3_slice7-Ort.czi,old,glp1r,upper
943,157.0,10.121019108280255,1589.0,F656_ARC _B3_slice7-Ort.czi,old,glp1r,upper
944,53.0,11.528301886792454,611.0,F656_ARC _B3_slice7-Ort.czi,old,glp1r,upper
945,125.0,12.168,1521.0,F656_ARC _B3_slice7-Ort.czi,old,glp1r,upper
946,52.0,16.942307692307693,881.0,F656_ARC _B3_slice7-Ort.czi,old,glp1r,upper
947,13.0,13.692307692307692,178.0,F656_ARC _B3_slice7-Ort.czi,old,glp1r,upper
948,179.0,12.804469273743017,2292.0,F656_ARC _B3_slice7-Ort.czi,old,glp1r,upper
949,31.0,17.387096774193548,539.0,F656_ARC _B3_slice7-Ort.czi,old,glp1r,upper
950,21.0,11.0,231.0,F656_ARC _B3_slice7-Ort.czi,old,glp1r,upper
951,75.0,10.866666666666667,815.0,F656_ARC _B3_slice7-Ort.czi,old,glp1r,upper
952,980.0,11.58265306122449,11351.0,F656_ARC _B3_slice7-Ort.czi,old,glp1r,upper
953,2.0,13.0,26.0,F656_ARC _B3_slice7-Ort.czi,old,glp1r,upper
954,2.0,13.0,26.0,F656_ARC _B3_slice7-Ort.czi,old,glp1r,upper
955,3.0,8.0,24.0,F656_ARC _B3_slice7-Ort.czi,old,glp1r,upper
956,40.0,12.525,501.0,F656_ARC _B3_slice7-Ort.czi,old,glp1r,upper
957,19.0,14.421052631578947,274.0,F656_ARC _B3_slice7-Ort.czi,old,glp1r,upper
958,19.0,10.894736842105264,207.0,F656_ARC _B3_slice7-Ort.czi,old,glp1r,upper
959,92.0,9.91304347826087,912.0,F656_ARC _B3_slice7-Ort.czi,old,glp1r,upper
960,248.0,10.39516129032258,2578.0,F656_ARC _B3_slice7-Ort.czi,old,glp1r,upper
961,38.0,8.973684210526315,341.0,F656_ARC _B3_slice7-Ort.czi,old,glp1r,upper
962,16.0,12.875,206.0,F656_ARC _B3_slice7-Ort.czi,old,glp1r,upper
963,133.0,9.766917293233083,1299.0,F656_ARC _B3_slice7-Ort.czi,old,glp1r,upper
964,545.0,11.328440366972478,6174.0,F656_ARC _B3_slice7-Ort.czi,old,glp1r,upper
965,38.0,9.81578947368421,373.0,F656_ARC _B3_slice7-Ort.czi,old,glp1r,upper
966,34.0,11.029411764705882,375.0,F656_ARC _B3_slice7-Ort.czi,old,glp1r,upper
967,29.0,9.689655172413794,281.0,F656_ARC _B3_slice7-Ort.czi,old,glp1r,upper
968,182.0,10.351648351648352,1884.0,F656_ARC _B3_slice7-Ort.czi,old,glp1r,upper
969,97.0,11.670103092783505,1132.0,F656_ARC _B3_slice7-Ort.czi,old,glp1r,upper
970,132.0,10.946969696969697,1445.0,F656_ARC _B3_slice7-Ort.czi,old,glp1r,upper
971,1870.0,10.180748663101605,19038.0,F656_ARC _B3_slice7-Ort.czi,old,glp1r,upper
972,68.0,11.823529411764707,804.0,F656_ARC _B3_slice7-Ort.czi,old,glp1r,upper
973,7.0,19.571428571428573,137.0,F656_ARC _B3_slice7-Ort.czi,old,glp1r,upper
974,26.0,19.423076923076923,505.0,F656_ARC _B3_slice7-Ort.czi,old,glp1r,upper
975,215.0,12.720930232558139,2735.0,F656_ARC _B3_slice7-Ort.czi,old,glp1r,upper
976,1.0,11.0,11.0,F656_ARC _B3_slice7-Ort.czi,old,glp1r,upper
977,7.0,11.857142857142858,83.0,F656_ARC _B3_slice7-Ort.czi,old,glp1r,upper
978,10.0,11.7,117.0,F656_ARC _B3_slice7-Ort.czi,old,glp1r,upper
979,18.0,11.38888888888889,205.0,F656_ARC _B3_slice7-Ort.czi,old,glp1r,upper
980,10.0,13.3,133.0,F656_ARC _B3_slice7-Ort.czi,old,glp1r,upper
981,7373.0,9.624711786247119,70963.0,F656_ARC _B3_slice7-Ort.czi,old,glp1r,upper
982,30.0,10.7,321.0,F656_ARC _B3_slice7-Ort.czi,old,glp1r,upper
983,16.0,16.125,258.0,F656_ARC _B3_slice7-Ort.czi,old,glp1r,upper
984,117.0,12.649572649572649,1480.0,F656_ARC _B3_slice7-Ort.czi,old,glp1r,upper
985,50.0,10.26,513.0,F656_ARC _B3_slice7-Ort.czi,old,glp1r,upper
986,24.0,11.708333333333334,281.0,F656_ARC _B3_slice7-Ort.czi,old,glp1r,upper
987,11.0,11.636363636363637,128.0,F656_ARC _B3_slice7-Ort.czi,old,glp1r,upper
988,20.0,8.85,177.0,F656_ARC _B3_slice7-Ort.czi,old,glp1r,upper
989,130.0,11.569230769230769,1504.0,F656_ARC _B3_slice7-Ort.czi,old,glp1r,upper
990,55.0,12.345454545454546,679.0,F656_ARC _B3_slice7-Ort.czi,old,glp1r,upper
991,232.0,11.27155172413793,2615.0,F656_ARC _B3_slice7-Ort.czi,old,glp1r,upper
992,7.0,12.571428571428571,88.0,F656_ARC _B3_slice7-Ort.czi,old,glp1r,upper
993,243.0,12.185185185185185,2961.0,F656_ARC _B3_slice7-Ort.czi,old,glp1r,upper
994,79.0,8.962025316455696,708.0,F656_ARC _B3_slice7-Ort.czi,old,glp1r,upper
995,124.0,11.483870967741936,1424.0,F656_ARC _B3_slice7-Ort.czi,old,glp1r,upper
996,115.0,11.68695652173913,1344.0,F656_ARC _B3_slice7-Ort.czi,old,glp1r,upper
997,20.0,13.35,267.0,F656_ARC _B3_slice7-Ort.czi,old,glp1r,upper
998,39.0,13.051282051282051,509.0,F656_ARC _B3_slice7-Ort.czi,old,glp1r,upper
999,82.0,11.5,943.0,F656_ARC _B3_slice7-Ort.czi,old,glp1r,upper
1000,1.0,7.0,7.0,F656_ARC _B3_slice7-Ort.czi,old,glp1r,upper
1001,44.0,10.818181818181818,476.0,F656_ARC _B3_slice7-Ort.czi,old,glp1r,upper
1002,53.0,11.245283018867925,596.0,F656_ARC _B3_slice7-Ort.czi,old,glp1r,upper
1003,105.0,10.209523809523809,1072.0,F656_ARC _B3_slice7-Ort.czi,old,glp1r,upper
1004,29.0,14.482758620689655,420.0,F656_ARC _B3_slice7-Ort.czi,old,glp1r,upper
1005,59.0,11.389830508474576,672.0,F656_ARC _B3_slice7-Ort.czi,old,glp1r,upper
1006,164.0,9.560975609756097,1568.0,F656_ARC _B3_slice7-Ort.czi,old,glp1r,upper
1007,1.0,14.0,14.0,F656_ARC _B3_slice7-Ort.czi,old,glp1r,upper
1008,8.0,10.0,80.0,F656_ARC _B3_slice7-Ort.czi,old,glp1r,upper
1009,74.0,11.202702702702704,829.0000000000001,F656_ARC _B3_slice7-Ort.czi,old,glp1r,upper
1010,139.0,14.575539568345324,2026.0,F656_ARC _B3_slice7-Ort.czi,old,glp1r,upper
1011,3.0,8.333333333333334,25.0,F656_ARC _B3_slice7-Ort.czi,old,glp1r,upper
1012,27.0,10.592592592592593,286.0,F656_ARC _B3_slice7-Ort.czi,old,glp1r,upper
1013,14.0,16.642857142857142,233.0,F656_ARC _B3_slice7-Ort.czi,old,glp1r,upper
1014,63.0,11.587301587301587,730.0,F656_ARC _B3_slice7-Ort.czi,old,glp1r,upper
1015,39.0,10.64102564102564,415.0,F656_ARC _B3_slice7-Ort.czi,old,glp1r,upper
1016,126.0,11.11111111111111,1400.0,F656_ARC _B3_slice7-Ort.czi,old,glp1r,upper
1017,151.0,12.298013245033113,1857.0,F656_ARC _B3_slice7-Ort.czi,old,glp1r,upper
1018,119.0,11.504201680672269,1369.0,F656_ARC _B3_slice7-Ort.czi,old,glp1r,upper
1019,522.0,11.432950191570882,5968.0,F656_ARC _B3_slice7-Ort.czi,old,glp1r,upper
1020,4584.0,9.99650959860384,45824.0,F656_ARC _B3_slice7-Ort.czi,old,glp1r,upper
1021,63.0,12.365079365079366,779.0,F656_ARC _B3_slice7-Ort.czi,old,glp1r,upper
1022,68.0,12.720588235294118,865.0,F656_ARC _B3_slice7-Ort.czi,old,glp1r,upper
1023,70.0,9.542857142857143,668.0,F656_ARC _B3_slice7-Ort.czi,old,glp1r,upper
1024,8.0,8.0,64.0,F656_ARC _B3_slice7-Ort.czi,old,glp1r,upper
1025,7.0,9.428571428571429,66.0,F656_ARC _B3_slice7-Ort.czi,old,glp1r,upper
1026,10.0,9.7,97.0,F656_ARC _B3_slice7-Ort.czi,old,glp1r,upper
1027,34.0,8.705882352941176,296.0,F656_ARC _B3_slice7-Ort.czi,old,glp1r,upper
1028,279.0,12.369175627240143,3451.0,F656_ARC _B3_slice7-Ort.czi,old,glp1r,upper
1029,57.0,10.035087719298245,572.0,F656_ARC _B3_slice7-Ort.czi,old,glp1r,upper
1030,14.0,14.071428571428571,197.0,F656_ARC _B3_slice7-Ort.czi,old,glp1r,upper
1031,142.0,11.077464788732394,1573.0,F656_ARC _B3_slice7-Ort.czi,old,glp1r,upper
1032,135.0,13.177777777777777,1779.0,F656_ARC _B3_slice7-Ort.czi,old,glp1r,upper
1033,35.0,11.257142857142858,394.00000000000006,F656_ARC _B3_slice7-Ort.czi,old,glp1r,upper
1034,71.0,11.95774647887324,849.0,F656_ARC _B3_slice7-Ort.czi,old,glp1r,upper
1035,14.0,10.928571428571429,153.0,F656_ARC _B3_slice7-Ort.czi,old,glp1r,upper
1036,21.0,12.761904761904763,268.0,F656_ARC _B3_slice7-Ort.czi,old,glp1r,upper
1037,658.0,10.279635258358663,6764.0,F656_ARC _B3_slice7-Ort.czi,old,glp1r,upper
1038,55.0,9.581818181818182,527.0,F656_ARC _B3_slice7-Ort.czi,old,glp1r,upper
1039,62.0,10.806451612903226,670.0,F656_ARC _B3_slice7-Ort.czi,old,glp1r,upper
1040,23.0,10.91304347826087,251.0,F656_ARC _B3_slice7-Ort.czi,old,glp1r,upper
1041,47.0,13.702127659574469,644.0,F656_ARC _B3_slice7-Ort.czi,old,glp1r,upper
1042,2.0,12.5,25.0,F656_ARC _B3_slice7-Ort.czi,old,glp1r,upper
1043,16.0,12.75,204.0,F656_ARC _B3_slice7-Ort.czi,old,glp1r,upper
1044,4.0,9.0,36.0,F656_ARC _B3_slice7-Ort.czi,old,glp1r,upper
1045,21.0,11.428571428571429,240.0,F656_ARC _B3_slice7-Ort.czi,old,glp1r,upper
1046,4.0,14.5,58.0,F656_ARC _B3_slice7-Ort.czi,old,glp1r,upper
1047,78.0,12.102564102564102,944.0,F656_ARC _B3_slice7-Ort.czi,old,glp1r,upper
1048,49.0,11.673469387755102,572.0,F656_ARC _B3_slice7-Ort.czi,old,glp1r,upper
1049,8.0,10.25,82.0,F656_ARC _B3_slice7-Ort.czi,old,glp1r,upper
1050,22.0,10.0,220.0,F656_ARC _B3_slice7-Ort.czi,old,glp1r,upper
1051,53.0,15.056603773584905,798.0,F656_ARC _B3_slice7-Ort.czi,old,glp1r,upper
1052,15.0,14.333333333333334,215.0,F656_ARC _B3_slice7-Ort.czi,old,glp1r,upper
1053,63.0,14.412698412698413,908.0,F656_ARC _B3_slice7-Ort.czi,old,glp1r,upper
1054,68.0,10.426470588235293,709.0,F656_ARC _B3_slice7-Ort.czi,old,glp1r,upper
1055,114.0,11.87719298245614,1354.0,F656_ARC _B3_slice7-Ort.czi,old,glp1r,upper
1056,71.0,10.366197183098592,736.0,F656_ARC _B3_slice7-Ort.czi,old,glp1r,upper
1057,24.0,9.416666666666666,226.0,F656_ARC _B3_slice7-Ort.czi,old,glp1r,upper
1058,56.0,11.964285714285714,670.0,F656_ARC _B3_slice7-Ort.czi,old,glp1r,upper
1059,1.0,8.0,8.0,F656_ARC _B3_slice7-Ort.czi,old,glp1r,upper
1060,8.0,40.125,321.0,F656_ARC _B3_slice7-Ort.czi,old,glp1r,upper
1061,1.0,5.0,5.0,F656_ARC _B3_slice7-Ort.czi,old,glp1r,upper
1062,33.0,11.030303030303031,364.0,F656_ARC _B3_slice7-Ort.czi,old,glp1r,upper
1063,38.0,12.026315789473685,457.0,F656_ARC _B3_slice7-Ort.czi,old,glp1r,upper
1064,31.0,11.419354838709678,354.0,F656_ARC _B3_slice7-Ort.czi,old,glp1r,upper
1065,240.0,10.558333333333334,2534.0,F656_ARC _B3_slice7-Ort.czi,old,glp1r,upper
1066,105.0,10.047619047619047,1055.0,F656_ARC _B3_slice7-Ort.czi,old,glp1r,upper
1067,42.0,12.0,504.0,F656_ARC _B3_slice7-Ort.czi,old,glp1r,upper
1068,4.0,14.5,58.0,F656_ARC _B3_slice7-Ort.czi,old,glp1r,upper
1069,5.0,9.4,47.0,F656_ARC _B3_slice7-Ort.czi,old,glp1r,upper
1070,2.0,11.0,22.0,F656_ARC _B3_slice7-Ort.czi,old,glp1r,upper
1071,61.0,13.819672131147541,843.0,F656_ARC _B3_slice7-Ort.czi,old,glp1r,upper
1072,65.0,12.184615384615384,792.0,F656_ARC _B3_slice7-Ort.czi,old,glp1r,upper
1073,153.0,11.882352941176471,1818.0,F656_ARC _B3_slice7-Ort.czi,old,glp1r,upper
1074,13.0,16.846153846153847,219.0,F656_ARC _B3_slice7-Ort.czi,old,glp1r,upper
1075,29.0,10.448275862068966,303.0,F656_ARC _B3_slice7-Ort.czi,old,glp1r,upper
1076,559.0,10.631484794275492,5943.0,F656_ARC _B3_slice7-Ort.czi,old,glp1r,upper
1077,356.0,10.77808988764045,3837.0,F656_ARC _B3_slice7-Ort.czi,old,glp1r,upper
1078,24.0,10.458333333333334,251.0,F656_ARC _B3_slice7-Ort.czi,old,glp1r,upper
1079,18.0,10.222222222222221,184.0,F656_ARC _B3_slice7-Ort.czi,old,glp1r,upper
1080,41.0,13.292682926829269,545.0,F656_ARC _B3_slice7-Ort.czi,old,glp1r,upper
1081,96.0,11.572916666666666,1111.0,F656_ARC _B3_slice7-Ort.czi,old,glp1r,upper
1082,77.0,11.480519480519481,884.0,F656_ARC _B3_slice7-Ort.czi,old,glp1r,upper
1083,2.0,9.0,18.0,F656_ARC _B3_slice7-Ort.czi,old,glp1r,upper
1084,2.0,7.0,14.0,F656_ARC _B3_slice7-Ort.czi,old,glp1r,upper
1085,57.0,11.929824561403509,680.0,F656_ARC _B3_slice7-Ort.czi,old,glp1r,upper
1086,37.0,9.08108108108108,336.0,F656_ARC _B3_slice7-Ort.czi,old,glp1r,upper
1087,100.0,12.67,1267.0,F656_ARC _B3_slice7-Ort.czi,old,glp1r,upper
1088,79.0,10.924050632911392,863.0,F656_ARC _B3_slice7-Ort.czi,old,glp1r,upper
1089,37.0,8.864864864864865,328.0,F656_ARC _B3_slice7-Ort.czi,old,glp1r,upper
1090,34.0,10.970588235294118,373.0,F656_ARC _B3_slice7-Ort.czi,old,glp1r,upper
1091,41.0,10.951219512195122,449.0,F656_ARC _B3_slice7-Ort.czi,old,glp1r,upper
1092,196.0,9.76530612244898,1914.0,F656_ARC _B3_slice7-Ort.czi,old,glp1r,upper
1093,97.0,11.835051546391753,1148.0,F656_ARC _B3_slice7-Ort.czi,old,glp1r,upper
1094,10.0,9.3,93.0,F656_ARC _B3_slice7-Ort.czi,old,glp1r,upper
1095,61.0,11.688524590163935,713.0,F656_ARC _B3_slice7-Ort.czi,old,glp1r,upper
1,29.0,118.86206896551724,3447.0,B489_ARC_xxx_slice6-Ort.czi,old,glp1r,upper
2,59.0,177.11864406779662,10450.0,B489_ARC_xxx_slice6-Ort.czi,old,glp1r,upper
3,117.0,221.008547008547,25858.0,B489_ARC_xxx_slice6-Ort.czi,old,glp1r,upper
4,47.0,173.19148936170214,8140.000000000001,B489_ARC_xxx_slice6-Ort.czi,old,glp1r,upper
5,23.0,186.1304347826087,4281.0,B489_ARC_xxx_slice6-Ort.czi,old,glp1r,upper
6,24.0,173.08333333333334,4154.0,B489_ARC_xxx_slice6-Ort.czi,old,glp1r,upper
7,135.0,185.3037037037037,25015.999999999996,B489_ARC_xxx_slice6-Ort.czi,old,glp1r,upper
8,70.0,186.92857142857142,13085.0,B489_ARC_xxx_slice6-Ort.czi,old,glp1r,upper
9,42.0,193.04761904761904,8108.0,B489_ARC_xxx_slice6-Ort.czi,old,glp1r,upper
10,25.0,181.72,4543.0,B489_ARC_xxx_slice6-Ort.czi,old,glp1r,upper
11,22.0,195.3181818181818,4297.0,B489_ARC_xxx_slice6-Ort.czi,old,glp1r,upper
12,1.0,253.0,253.0,B489_ARC_xxx_slice6-Ort.czi,old,glp1r,upper
13,50.0,180.08,9004.0,B489_ARC_xxx_slice6-Ort.czi,old,glp1r,upper
14,23.0,159.3913043478261,3666.0,B489_ARC_xxx_slice6-Ort.czi,old,glp1r,upper
15,86.0,176.6860465116279,15194.999999999998,B489_ARC_xxx_slice6-Ort.czi,old,glp1r,upper
16,5.0,245.8,1229.0,B489_ARC_xxx_slice6-Ort.czi,old,glp1r,upper
17,111.0,204.7027027027027,22722.0,B489_ARC_xxx_slice6-Ort.czi,old,glp1r,upper
18,9.0,253.33333333333334,2280.0,B489_ARC_xxx_slice6-Ort.czi,old,glp1r,upper
19,71.0,201.07042253521126,14276.0,B489_ARC_xxx_slice6-Ort.czi,old,glp1r,upper
20,47.0,157.53191489361703,7404.0,B489_ARC_xxx_slice6-Ort.czi,old,glp1r,upper
21,49.0,164.3265306122449,8052.000000000001,B489_ARC_xxx_slice6-Ort.czi,old,glp1r,upper
22,102.0,201.45098039215685,20548.0,B489_ARC_xxx_slice6-Ort.czi,old,glp1r,upper
23,23.0,146.8695652173913,3378.0,B489_ARC_xxx_slice6-Ort.czi,old,glp1r,upper
24,10.0,181.9,1819.0,B489_ARC_xxx_slice6-Ort.czi,old,glp1r,upper
25,87.0,229.66666666666666,19981.0,B489_ARC_xxx_slice6-Ort.czi,old,glp1r,upper
26,16.0,189.8125,3037.0,B489_ARC_xxx_slice6-Ort.czi,old,glp1r,upper
27,37.0,124.8108108108108,4618.0,B489_ARC_xxx_slice6-Ort.czi,old,glp1r,upper
28,15.0,189.73333333333332,2846.0,B489_ARC_xxx_slice6-Ort.czi,old,glp1r,upper
29,37.0,212.02702702702703,7845.0,B489_ARC_xxx_slice6-Ort.czi,old,glp1r,upper
30,93.0,169.0215053763441,15719.0,B489_ARC_xxx_slice6-Ort.czi,old,glp1r,upper
31,21.0,202.0,4242.0,B489_ARC_xxx_slice6-Ort.czi,old,glp1r,upper
32,142.0,182.99295774647888,25985.0,B489_ARC_xxx_slice6-Ort.czi,old,glp1r,upper
33,43.0,158.11627906976744,6799.0,B489_ARC_xxx_slice6-Ort.czi,old,glp1r,upper
34,55.0,209.1090909090909,11501.0,B489_ARC_xxx_slice6-Ort.czi,old,glp1r,upper
35,22.0,155.72727272727272,3426.0,B489_ARC_xxx_slice6-Ort.czi,old,glp1r,upper
36,45.0,182.84444444444443,8228.0,B489_ARC_xxx_slice6-Ort.czi,old,glp1r,upper
37,60.0,198.8,11928.0,B489_ARC_xxx_slice6-Ort.czi,old,glp1r,upper
38,97.0,210.36082474226805,20405.0,B489_ARC_xxx_slice6-Ort.czi,old,glp1r,upper
39,112.0,223.125,24990.0,B489_ARC_xxx_slice6-Ort.czi,old,glp1r,upper
40,96.0,199.96875,19197.0,B489_ARC_xxx_slice6-Ort.czi,old,glp1r,upper
41,134.0,202.48507462686567,27133.0,B489_ARC_xxx_slice6-Ort.czi,old,glp1r,upper
42,82.0,212.17073170731706,17398.0,B489_ARC_xxx_slice6-Ort.czi,old,glp1r,upper
43,17.0,205.23529411764707,3489.0,B489_ARC_xxx_slice6-Ort.czi,old,glp1r,upper
44,1.0,60.0,60.0,B489_ARC_xxx_slice6-Ort.czi,old,glp1r,upper
45,80.0,228.1875,18255.0,B489_ARC_xxx_slice6-Ort.czi,old,glp1r,upper
46,12.0,175.58333333333334,2107.0,B489_ARC_xxx_slice6-Ort.czi,old,glp1r,upper
47,8.0,169.375,1355.0,B489_ARC_xxx_slice6-Ort.czi,old,glp1r,upper
48,80.0,193.65,15492.0,B489_ARC_xxx_slice6-Ort.czi,old,glp1r,upper
49,28.0,196.17857142857142,5493.0,B489_ARC_xxx_slice6-Ort.czi,old,glp1r,upper
50,79.0,219.59493670886076,17348.0,B489_ARC_xxx_slice6-Ort.czi,old,glp1r,upper
51,47.0,176.2340425531915,8283.0,B489_ARC_xxx_slice6-Ort.czi,old,glp1r,upper
52,8.0,173.75,1390.0,B489_ARC_xxx_slice6-Ort.czi,old,glp1r,upper
53,38.0,181.31578947368422,6890.0,B489_ARC_xxx_slice6-Ort.czi,old,glp1r,upper
54,3.0,165.66666666666666,497.0,B489_ARC_xxx_slice6-Ort.czi,old,glp1r,upper
55,1.0,193.0,193.0,B489_ARC_xxx_slice6-Ort.czi,old,glp1r,upper
56,93.0,172.80645161290323,16071.0,B489_ARC_xxx_slice6-Ort.czi,old,glp1r,upper
57,65.0,200.58461538461538,13038.0,B489_ARC_xxx_slice6-Ort.czi,old,glp1r,upper
58,21.0,181.61904761904762,3814.0,B489_ARC_xxx_slice6-Ort.czi,old,glp1r,upper
59,20.0,170.65,3413.0,B489_ARC_xxx_slice6-Ort.czi,old,glp1r,upper
60,5.0,130.6,653.0,B489_ARC_xxx_slice6-Ort.czi,old,glp1r,upper
61,3.0,137.33333333333334,412.0,B489_ARC_xxx_slice6-Ort.czi,old,glp1r,upper
62,5.0,158.8,794.0,B489_ARC_xxx_slice6-Ort.czi,old,glp1r,upper
63,16.0,178.8125,2861.0,B489_ARC_xxx_slice6-Ort.czi,old,glp1r,upper
64,28.0,159.39285714285714,4463.0,B489_ARC_xxx_slice6-Ort.czi,old,glp1r,upper
65,144.0,181.85416666666666,26187.0,B489_ARC_xxx_slice6-Ort.czi,old,glp1r,upper
66,1.0,100.0,100.0,B489_ARC_xxx_slice6-Ort.czi,old,glp1r,upper
67,158.0,202.77848101265823,32039.0,B489_ARC_xxx_slice6-Ort.czi,old,glp1r,upper
68,52.0,176.07692307692307,9156.0,B489_ARC_xxx_slice6-Ort.czi,old,glp1r,upper
69,63.0,155.74603174603175,9812.0,B489_ARC_xxx_slice6-Ort.czi,old,glp1r,upper
70,53.0,181.69811320754718,9630.0,B489_ARC_xxx_slice6-Ort.czi,old,glp1r,upper
71,53.0,230.03773584905662,12192.0,B489_ARC_xxx_slice6-Ort.czi,old,glp1r,upper
72,4.0,151.0,604.0,B489_ARC_xxx_slice6-Ort.czi,old,glp1r,upper
73,110.0,192.79090909090908,21207.0,B489_ARC_xxx_slice6-Ort.czi,old,glp1r,upper
74,24.0,185.29166666666666,4447.0,B489_ARC_xxx_slice6-Ort.czi,old,glp1r,upper
75,88.0,218.61363636363637,19238.0,B489_ARC_xxx_slice6-Ort.czi,old,glp1r,upper
76,104.0,198.22115384615384,20615.0,B489_ARC_xxx_slice6-Ort.czi,old,glp1r,upper
77,31.0,165.25806451612902,5123.0,B489_ARC_xxx_slice6-Ort.czi,old,glp1r,upper
78,98.0,195.83673469387756,19192.0,B489_ARC_xxx_slice6-Ort.czi,old,glp1r,upper
79,5.0,100.4,502.0,B489_ARC_xxx_slice6-Ort.czi,old,glp1r,upper
80,139.0,202.9064748201439,28204.000000000004,B489_ARC_xxx_slice6-Ort.czi,old,glp1r,upper
81,63.0,225.88888888888889,14231.0,B489_ARC_xxx_slice6-Ort.czi,old,glp1r,upper
82,16.0,208.8125,3341.0,B489_ARC_xxx_slice6-Ort.czi,old,glp1r,upper
83,20.0,157.65,3153.0,B489_ARC_xxx_slice6-Ort.czi,old,glp1r,upper
84,42.0,134.35714285714286,5643.0,B489_ARC_xxx_slice6-Ort.czi,old,glp1r,upper
85,12.0,252.5,3030.0,B489_ARC_xxx_slice6-Ort.czi,old,glp1r,upper
86,49.0,180.20408163265307,8830.0,B489_ARC_xxx_slice6-Ort.czi,old,glp1r,upper
87,42.0,173.8095238095238,7299.999999999999,B489_ARC_xxx_slice6-Ort.czi,old,glp1r,upper
88,16.0,133.1875,2131.0,B489_ARC_xxx_slice6-Ort.czi,old,glp1r,upper
89,37.0,175.83783783783784,6506.0,B489_ARC_xxx_slice6-Ort.czi,old,glp1r,upper
90,6.0,167.33333333333334,1004.0,B489_ARC_xxx_slice6-Ort.czi,old,glp1r,upper
91,90.0,177.75555555555556,15998.0,B489_ARC_xxx_slice6-Ort.czi,old,glp1r,upper
92,11.0,146.8181818181818,1615.0,B489_ARC_xxx_slice6-Ort.czi,old,glp1r,upper
93,16.0,186.9375,2991.0,B489_ARC_xxx_slice6-Ort.czi,old,glp1r,upper
94,4.0,185.5,742.0,B489_ARC_xxx_slice6-Ort.czi,old,glp1r,upper
1,32.0,14.0625,450.0,F656_ARC _B3_slice6-Ort.czi,old,glp1r,upper
2,8.0,10.75,86.0,F656_ARC _B3_slice6-Ort.czi,old,glp1r,upper
3,41.0,11.975609756097562,491.00000000000006,F656_ARC _B3_slice6-Ort.czi,old,glp1r,upper
4,179.0,10.519553072625698,1882.9999999999998,F656_ARC _B3_slice6-Ort.czi,old,glp1r,upper
5,15.0,9.8,147.0,F656_ARC _B3_slice6-Ort.czi,old,glp1r,upper
6,36.0,11.11111111111111,400.0,F656_ARC _B3_slice6-Ort.czi,old,glp1r,upper
7,91.0,9.967032967032967,907.0,F656_ARC _B3_slice6-Ort.czi,old,glp1r,upper
8,8.0,12.25,98.0,F656_ARC _B3_slice6-Ort.czi,old,glp1r,upper
9,2.0,18.5,37.0,F656_ARC _B3_slice6-Ort.czi,old,glp1r,upper
10,12.0,10.583333333333334,127.0,F656_ARC _B3_slice6-Ort.czi,old,glp1r,upper
11,23.0,10.73913043478261,247.0,F656_ARC _B3_slice6-Ort.czi,old,glp1r,upper
12,36.0,10.333333333333334,372.0,F656_ARC _B3_slice6-Ort.czi,old,glp1r,upper
13,73.0,10.63013698630137,776.0,F656_ARC _B3_slice6-Ort.czi,old,glp1r,upper
14,21.0,9.523809523809524,200.0,F656_ARC _B3_slice6-Ort.czi,old,glp1r,upper
15,11.0,9.909090909090908,108.99999999999999,F656_ARC _B3_slice6-Ort.czi,old,glp1r,upper
16,135.0,9.962962962962964,1345.0,F656_ARC _B3_slice6-Ort.czi,old,glp1r,upper
17,6.0,9.166666666666666,55.0,F656_ARC _B3_slice6-Ort.czi,old,glp1r,upper
18,5.0,13.8,69.0,F656_ARC _B3_slice6-Ort.czi,old,glp1r,upper
19,198.0,9.414141414141413,1863.9999999999998,F656_ARC _B3_slice6-Ort.czi,old,glp1r,upper
20,23.0,24.869565217391305,572.0,F656_ARC _B3_slice6-Ort.czi,old,glp1r,upper
21,49.0,10.122448979591837,496.0,F656_ARC _B3_slice6-Ort.czi,old,glp1r,upper
22,76.0,11.93421052631579,907.0,F656_ARC _B3_slice6-Ort.czi,old,glp1r,upper
23,17.0,24.235294117647058,412.0,F656_ARC _B3_slice6-Ort.czi,old,glp1r,upper
24,68.0,14.882352941176471,1012.0,F656_ARC _B3_slice6-Ort.czi,old,glp1r,upper
25,23.0,8.347826086956522,192.0,F656_ARC _B3_slice6-Ort.czi,old,glp1r,upper
26,17.0,25.764705882352942,438.0,F656_ARC _B3_slice6-Ort.czi,old,glp1r,upper
27,9.0,11.11111111111111,100.0,F656_ARC _B3_slice6-Ort.czi,old,glp1r,upper
28,42.0,9.761904761904763,410.00000000000006,F656_ARC _B3_slice6-Ort.czi,old,glp1r,upper
29,41.0,9.536585365853659,391.0,F656_ARC _B3_slice6-Ort.czi,old,glp1r,upper
30,46.0,10.5,483.0,F656_ARC _B3_slice6-Ort.czi,old,glp1r,upper
31,6.0,13.166666666666666,79.0,F656_ARC _B3_slice6-Ort.czi,old,glp1r,upper
32,9.0,8.777777777777779,79.0,F656_ARC _B3_slice6-Ort.czi,old,glp1r,upper
33,2.0,7.0,14.0,F656_ARC _B3_slice6-Ort.czi,old,glp1r,upper
34,111.0,9.135135135135135,1014.0,F656_ARC _B3_slice6-Ort.czi,old,glp1r,upper
35,37.0,9.054054054054054,335.0,F656_ARC _B3_slice6-Ort.czi,old,glp1r,upper
36,58.0,9.120689655172415,529.0,F656_ARC _B3_slice6-Ort.czi,old,glp1r,upper
37,1.0,7.0,7.0,F656_ARC _B3_slice6-Ort.czi,old,glp1r,upper
38,37.0,9.945945945945946,368.0,F656_ARC _B3_slice6-Ort.czi,old,glp1r,upper
39,71.0,9.80281690140845,696.0,F656_ARC _B3_slice6-Ort.czi,old,glp1r,upper
40,29.0,34.758620689655174,1008.0,F656_ARC _B3_slice6-Ort.czi,old,glp1r,upper
41,8.0,7.875,63.0,F656_ARC _B3_slice6-Ort.czi,old,glp1r,upper
42,1.0,10.0,10.0,F656_ARC _B3_slice6-Ort.czi,old,glp1r,upper
43,30.0,12.5,375.0,F656_ARC _B3_slice6-Ort.czi,old,glp1r,upper
44,104.0,10.028846153846153,1043.0,F656_ARC _B3_slice6-Ort.czi,old,glp1r,upper
45,22.0,9.272727272727273,204.0,F656_ARC _B3_slice6-Ort.czi,old,glp1r,upper
46,18.0,10.722222222222221,193.0,F656_ARC _B3_slice6-Ort.czi,old,glp1r,upper
47,1.0,10.0,10.0,F656_ARC _B3_slice6-Ort.czi,old,glp1r,upper
48,1.0,9.0,9.0,F656_ARC _B3_slice6-Ort.czi,old,glp1r,upper
49,101.0,9.94059405940594,1004.0,F656_ARC _B3_slice6-Ort.czi,old,glp1r,upper
50,65.0,10.461538461538462,680.0,F656_ARC _B3_slice6-Ort.czi,old,glp1r,upper
51,67.0,11.776119402985074,789.0,F656_ARC _B3_slice6-Ort.czi,old,glp1r,upper
52,75.0,10.266666666666667,770.0000000000001,F656_ARC _B3_slice6-Ort.czi,old,glp1r,upper
53,2.0,10.0,20.0,F656_ARC _B3_slice6-Ort.czi,old,glp1r,upper
54,1.0,6.0,6.0,F656_ARC _B3_slice6-Ort.czi,old,glp1r,upper
55,11.0,10.454545454545455,115.0,F656_ARC _B3_slice6-Ort.czi,old,glp1r,upper
56,1.0,12.0,12.0,F656_ARC _B3_slice6-Ort.czi,old,glp1r,upper
57,240.0,9.895833333333334,2375.0,F656_ARC _B3_slice6-Ort.czi,old,glp1r,upper
58,5.0,15.2,76.0,F656_ARC _B3_slice6-Ort.czi,old,glp1r,upper
59,3.0,7.666666666666667,23.0,F656_ARC _B3_slice6-Ort.czi,old,glp1r,upper
60,26.0,9.576923076923077,249.0,F656_ARC _B3_slice6-Ort.czi,old,glp1r,upper
61,1.0,5.0,5.0,F656_ARC _B3_slice6-Ort.czi,old,glp1r,upper
62,2.0,9.5,19.0,F656_ARC _B3_slice6-Ort.czi,old,glp1r,upper
63,28.0,9.571428571428571,268.0,F656_ARC _B3_slice6-Ort.czi,old,glp1r,upper
64,158.0,9.443037974683545,1492.0,F656_ARC _B3_slice6-Ort.czi,old,glp1r,upper
65,22.0,10.090909090909092,222.00000000000003,F656_ARC _B3_slice6-Ort.czi,old,glp1r,upper
66,24.0,11.75,282.0,F656_ARC _B3_slice6-Ort.czi,old,glp1r,upper
67,40.0,10.025,401.0,F656_ARC _B3_slice6-Ort.czi,old,glp1r,upper
68,1.0,9.0,9.0,F656_ARC _B3_slice6-Ort.czi,old,glp1r,upper
69,2.0,12.5,25.0,F656_ARC _B3_slice6-Ort.czi,old,glp1r,upper
70,55.0,9.745454545454546,536.0,F656_ARC _B3_slice6-Ort.czi,old,glp1r,upper
71,1.0,7.0,7.0,F656_ARC _B3_slice6-Ort.czi,old,glp1r,upper
72,8.0,11.875,95.0,F656_ARC _B3_slice6-Ort.czi,old,glp1r,upper
73,5.0,12.8,64.0,F656_ARC _B3_slice6-Ort.czi,old,glp1r,upper
74,4.0,7.5,30.0,F656_ARC _B3_slice6-Ort.czi,old,glp1r,upper
75,1.0,6.0,6.0,F656_ARC _B3_slice6-Ort.czi,old,glp1r,upper
76,9.0,8.666666666666666,78.0,F656_ARC _B3_slice6-Ort.czi,old,glp1r,upper
77,22.0,12.0,264.0,F656_ARC _B3_slice6-Ort.czi,old,glp1r,upper
78,1.0,6.0,6.0,F656_ARC _B3_slice6-Ort.czi,old,glp1r,upper
79,1.0,9.0,9.0,F656_ARC _B3_slice6-Ort.czi,old,glp1r,upper
80,35.0,13.371428571428572,468.0,F656_ARC _B3_slice6-Ort.czi,old,glp1r,upper
81,81.0,9.333333333333334,756.0,F656_ARC _B3_slice6-Ort.czi,old,glp1r,upper
82,243.0,9.51440329218107,2312.0,F656_ARC _B3_slice6-Ort.czi,old,glp1r,upper
83,43.0,9.232558139534884,397.0,F656_ARC _B3_slice6-Ort.czi,old,glp1r,upper
84,99.0,8.93939393939394,885.0,F656_ARC _B3_slice6-Ort.czi,old,glp1r,upper
85,279.0,10.222222222222221,2852.0,F656_ARC _B3_slice6-Ort.czi,old,glp1r,upper
86,48.0,10.75,516.0,F656_ARC _B3_slice6-Ort.czi,old,glp1r,upper
87,61.0,9.114754098360656,556.0,F656_ARC _B3_slice6-Ort.czi,old,glp1r,upper
88,131.0,11.549618320610687,1513.0,F656_ARC _B3_slice6-Ort.czi,old,glp1r,upper
89,157.0,10.343949044585987,1624.0,F656_ARC _B3_slice6-Ort.czi,old,glp1r,upper
90,34.0,12.235294117647058,416.0,F656_ARC _B3_slice6-Ort.czi,old,glp1r,upper
91,2.0,7.0,14.0,F656_ARC _B3_slice6-Ort.czi,old,glp1r,upper
92,20.0,9.1,182.0,F656_ARC _B3_slice6-Ort.czi,old,glp1r,upper
93,1.0,8.0,8.0,F656_ARC _B3_slice6-Ort.czi,old,glp1r,upper
94,17.0,9.470588235294118,161.0,F656_ARC _B3_slice6-Ort.czi,old,glp1r,upper
95,31.0,9.612903225806452,298.0,F656_ARC _B3_slice6-Ort.czi,old,glp1r,upper
96,32.0,31.59375,1011.0,F656_ARC _B3_slice6-Ort.czi,old,glp1r,upper
97,87.0,9.39080459770115,817.0,F656_ARC _B3_slice6-Ort.czi,old,glp1r,upper
98,55.0,9.072727272727272,499.0,F656_ARC _B3_slice6-Ort.czi,old,glp1r,upper
99,10.0,15.5,155.0,F656_ARC _B3_slice6-Ort.czi,old,glp1r,upper
100,14.0,9.071428571428571,127.0,F656_ARC _B3_slice6-Ort.czi,old,glp1r,upper
101,9.0,10.88888888888889,98.0,F656_ARC _B3_slice6-Ort.czi,old,glp1r,upper
102,28.0,11.75,329.0,F656_ARC _B3_slice6-Ort.czi,old,glp1r,upper
103,77.0,10.7012987012987,823.9999999999999,F656_ARC _B3_slice6-Ort.czi,old,glp1r,upper
104,1.0,10.0,10.0,F656_ARC _B3_slice6-Ort.czi,old,glp1r,upper
105,13.0,11.153846153846153,145.0,F656_ARC _B3_slice6-Ort.czi,old,glp1r,upper
106,257.0,9.793774319066149,2517.0,F656_ARC _B3_slice6-Ort.czi,old,glp1r,upper
107,9.0,11.222222222222221,101.0,F656_ARC _B3_slice6-Ort.czi,old,glp1r,upper
108,104.0,9.798076923076923,1019.0,F656_ARC _B3_slice6-Ort.czi,old,glp1r,upper
109,68.0,10.117647058823529,688.0,F656_ARC _B3_slice6-Ort.czi,old,glp1r,upper
110,5.0,10.0,50.0,F656_ARC _B3_slice6-Ort.czi,old,glp1r,upper
111,1853.0,9.674581759309229,17927.0,F656_ARC _B3_slice6-Ort.czi,old,glp1r,upper
112,7.0,10.285714285714286,72.0,F656_ARC _B3_slice6-Ort.czi,old,glp1r,upper
113,54.0,10.037037037037036,542.0,F656_ARC _B3_slice6-Ort.czi,old,glp1r,upper
114,36.0,19.13888888888889,689.0,F656_ARC _B3_slice6-Ort.czi,old,glp1r,upper
115,23.0,10.130434782608695,233.0,F656_ARC _B3_slice6-Ort.czi,old,glp1r,upper
116,91.0,10.56043956043956,961.0,F656_ARC _B3_slice6-Ort.czi,old,glp1r,upper
117,8.0,12.125,97.0,F656_ARC _B3_slice6-Ort.czi,old,glp1r,upper
118,2.0,8.0,16.0,F656_ARC _B3_slice6-Ort.czi,old,glp1r,upper
119,13.0,8.692307692307692,112.99999999999999,F656_ARC _B3_slice6-Ort.czi,old,glp1r,upper
120,1.0,9.0,9.0,F656_ARC _B3_slice6-Ort.czi,old,glp1r,upper
121,15.0,12.2,183.0,F656_ARC _B3_slice6-Ort.czi,old,glp1r,upper
122,215.0,9.995348837209303,2149.0,F656_ARC _B3_slice6-Ort.czi,old,glp1r,upper
123,12.0,9.75,117.0,F656_ARC _B3_slice6-Ort.czi,old,glp1r,upper
124,1.0,6.0,6.0,F656_ARC _B3_slice6-Ort.czi,old,glp1r,upper
125,17.0,11.411764705882353,194.0,F656_ARC _B3_slice6-Ort.czi,old,glp1r,upper
126,14.0,11.214285714285714,157.0,F656_ARC _B3_slice6-Ort.czi,old,glp1r,upper
127,26.0,10.807692307692308,281.0,F656_ARC _B3_slice6-Ort.czi,old,glp1r,upper
128,2.0,8.0,16.0,F656_ARC _B3_slice6-Ort.czi,old,glp1r,upper
129,3.0,9.666666666666666,29.0,F656_ARC _B3_slice6-Ort.czi,old,glp1r,upper
130,9.0,9.777777777777779,88.0,F656_ARC _B3_slice6-Ort.czi,old,glp1r,upper
131,25.0,10.32,258.0,F656_ARC _B3_slice6-Ort.czi,old,glp1r,upper
132,59.0,10.627118644067796,627.0,F656_ARC _B3_slice6-Ort.czi,old,glp1r,upper
133,22.0,9.772727272727273,215.0,F656_ARC _B3_slice6-Ort.czi,old,glp1r,upper
134,28.0,9.107142857142858,255.0,F656_ARC _B3_slice6-Ort.czi,old,glp1r,upper
135,188.0,9.808510638297872,1843.9999999999998,F656_ARC _B3_slice6-Ort.czi,old,glp1r,upper
136,88.0,9.602272727272727,845.0,F656_ARC _B3_slice6-Ort.czi,old,glp1r,upper
137,81.0,9.580246913580247,776.0,F656_ARC _B3_slice6-Ort.czi,old,glp1r,upper
138,125.0,9.792,1224.0,F656_ARC _B3_slice6-Ort.czi,old,glp1r,upper
139,12.0,10.25,123.0,F656_ARC _B3_slice6-Ort.czi,old,glp1r,upper
140,1.0,7.0,7.0,F656_ARC _B3_slice6-Ort.czi,old,glp1r,upper
141,47.0,10.872340425531915,511.0,F656_ARC _B3_slice6-Ort.czi,old,glp1r,upper
142,61.0,12.049180327868852,735.0,F656_ARC _B3_slice6-Ort.czi,old,glp1r,upper
143,72.0,10.88888888888889,784.0,F656_ARC _B3_slice6-Ort.czi,old,glp1r,upper
144,9.0,11.777777777777779,106.0,F656_ARC _B3_slice6-Ort.czi,old,glp1r,upper
145,3383.0,8.902453443689033,30117.0,F656_ARC _B3_slice6-Ort.czi,old,glp1r,upper
146,15.0,11.0,165.0,F656_ARC _B3_slice6-Ort.czi,old,glp1r,upper
147,228.0,9.175438596491228,2092.0,F656_ARC _B3_slice6-Ort.czi,old,glp1r,upper
148,12.0,13.5,162.0,F656_ARC _B3_slice6-Ort.czi,old,glp1r,upper
149,144.0,10.01388888888889,1442.0,F656_ARC _B3_slice6-Ort.czi,old,glp1r,upper
150,12.0,9.5,114.0,F656_ARC _B3_slice6-Ort.czi,old,glp1r,upper
151,7.0,8.857142857142858,62.0,F656_ARC _B3_slice6-Ort.czi,old,glp1r,upper
152,1.0,18.0,18.0,F656_ARC _B3_slice6-Ort.czi,old,glp1r,upper
153,9.0,12.0,108.0,F656_ARC _B3_slice6-Ort.czi,old,glp1r,upper
154,5.0,8.2,41.0,F656_ARC _B3_slice6-Ort.czi,old,glp1r,upper
155,43.0,8.953488372093023,385.0,F656_ARC _B3_slice6-Ort.czi,old,glp1r,upper
156,10.0,9.1,91.0,F656_ARC _B3_slice6-Ort.czi,old,glp1r,upper
157,110.0,14.736363636363636,1621.0,F656_ARC _B3_slice6-Ort.czi,old,glp1r,upper
158,36.0,10.027777777777779,361.0,F656_ARC _B3_slice6-Ort.czi,old,glp1r,upper
159,104.0,10.85576923076923,1129.0,F656_ARC _B3_slice6-Ort.czi,old,glp1r,upper
160,257.0,9.101167315175097,2339.0,F656_ARC _B3_slice6-Ort.czi,old,glp1r,upper
161,14.0,8.071428571428571,113.0,F656_ARC _B3_slice6-Ort.czi,old,glp1r,upper
162,22.0,9.636363636363637,212.0,F656_ARC _B3_slice6-Ort.czi,old,glp1r,upper
163,5.0,9.8,49.0,F656_ARC _B3_slice6-Ort.czi,old,glp1r,upper
164,46.0,10.26086956521739,472.0,F656_ARC _B3_slice6-Ort.czi,old,glp1r,upper
165,60.0,10.1,606.0,F656_ARC _B3_slice6-Ort.czi,old,glp1r,upper
166,43.0,10.372093023255815,446.0,F656_ARC _B3_slice6-Ort.czi,old,glp1r,upper
167,80.0,9.5375,763.0,F656_ARC _B3_slice6-Ort.czi,old,glp1r,upper
168,55.0,12.254545454545454,674.0,F656_ARC _B3_slice6-Ort.czi,old,glp1r,upper
169,78.0,9.961538461538462,777.0,F656_ARC _B3_slice6-Ort.czi,old,glp1r,upper
170,25.0,12.92,323.0,F656_ARC _B3_slice6-Ort.czi,old,glp1r,upper
171,2.0,8.0,16.0,F656_ARC _B3_slice6-Ort.czi,old,glp1r,upper
172,1.0,9.0,9.0,F656_ARC _B3_slice6-Ort.czi,old,glp1r,upper
173,19.0,8.31578947368421,158.0,F656_ARC _B3_slice6-Ort.czi,old,glp1r,upper
174,2.0,7.0,14.0,F656_ARC _B3_slice6-Ort.czi,old,glp1r,upper
175,3.0,6.666666666666667,20.0,F656_ARC _B3_slice6-Ort.czi,old,glp1r,upper
176,21.0,9.285714285714286,195.00000000000003,F656_ARC _B3_slice6-Ort.czi,old,glp1r,upper
177,81.0,9.641975308641975,781.0,F656_ARC _B3_slice6-Ort.czi,old,glp1r,upper
178,44.0,9.931818181818182,437.0,F656_ARC _B3_slice6-Ort.czi,old,glp1r,upper
179,19.0,10.157894736842104,192.99999999999997,F656_ARC _B3_slice6-Ort.czi,old,glp1r,upper
180,54.0,17.14814814814815,926.0,F656_ARC _B3_slice6-Ort.czi,old,glp1r,upper
181,9.0,11.88888888888889,107.0,F656_ARC _B3_slice6-Ort.czi,old,glp1r,upper
182,45.0,8.244444444444444,370.99999999999994,F656_ARC _B3_slice6-Ort.czi,old,glp1r,upper
183,1.0,7.0,7.0,F656_ARC _B3_slice6-Ort.czi,old,glp1r,upper
184,1.0,4.0,4.0,F656_ARC _B3_slice6-Ort.czi,old,glp1r,upper
185,491.0,8.910386965376782,4375.0,F656_ARC _B3_slice6-Ort.czi,old,glp1r,upper
186,71.0,8.971830985915492,636.9999999999999,F656_ARC _B3_slice6-Ort.czi,old,glp1r,upper
187,6.0,9.166666666666666,55.0,F656_ARC _B3_slice6-Ort.czi,old,glp1r,upper
188,31.0,9.67741935483871,300.0,F656_ARC _B3_slice6-Ort.czi,old,glp1r,upper
189,27.0,9.703703703703704,262.0,F656_ARC _B3_slice6-Ort.czi,old,glp1r,upper
190,69.0,10.202898550724637,703.9999999999999,F656_ARC _B3_slice6-Ort.czi,old,glp1r,upper
191,1.0,7.0,7.0,F656_ARC _B3_slice6-Ort.czi,old,glp1r,upper
192,44.0,21.09090909090909,928.0,F656_ARC _B3_slice6-Ort.czi,old,glp1r,upper
193,31.0,9.580645161290322,297.0,F656_ARC _B3_slice6-Ort.czi,old,glp1r,upper
194,135.0,9.733333333333333,1314.0,F656_ARC _B3_slice6-Ort.czi,old,glp1r,upper
195,21.0,9.142857142857142,192.0,F656_ARC _B3_slice6-Ort.czi,old,glp1r,upper
196,338.0,9.934911242603551,3358.0000000000005,F656_ARC _B3_slice6-Ort.czi,old,glp1r,upper
197,29.0,10.413793103448276,302.0,F656_ARC _B3_slice6-Ort.czi,old,glp1r,upper
198,116.0,13.560344827586206,1573.0,F656_ARC _B3_slice6-Ort.czi,old,glp1r,upper
199,7.0,11.857142857142858,83.0,F656_ARC _B3_slice6-Ort.czi,old,glp1r,upper
200,84.0,13.095238095238095,1100.0,F656_ARC _B3_slice6-Ort.czi,old,glp1r,upper
201,27.0,9.88888888888889,267.0,F656_ARC _B3_slice6-Ort.czi,old,glp1r,upper
202,24.0,8.75,210.0,F656_ARC _B3_slice6-Ort.czi,old,glp1r,upper
203,39.0,12.0,468.0,F656_ARC _B3_slice6-Ort.czi,old,glp1r,upper
204,88.0,13.511363636363637,1189.0,F656_ARC _B3_slice6-Ort.czi,old,glp1r,upper
205,1.0,7.0,7.0,F656_ARC _B3_slice6-Ort.czi,old,glp1r,upper
206,22.0,10.909090909090908,239.99999999999997,F656_ARC _B3_slice6-Ort.czi,old,glp1r,upper
207,38.0,9.447368421052632,359.0,F656_ARC _B3_slice6-Ort.czi,old,glp1r,upper
208,25.0,9.16,229.0,F656_ARC _B3_slice6-Ort.czi,old,glp1r,upper
209,86.0,10.011627906976743,860.9999999999999,F656_ARC _B3_slice6-Ort.czi,old,glp1r,upper
210,43.0,15.046511627906977,647.0,F656_ARC _B3_slice6-Ort.czi,old,glp1r,upper
211,133.0,9.12781954887218,1214.0,F656_ARC _B3_slice6-Ort.czi,old,glp1r,upper
212,23.0,12.217391304347826,281.0,F656_ARC _B3_slice6-Ort.czi,old,glp1r,upper
213,12.0,11.0,132.0,F656_ARC _B3_slice6-Ort.czi,old,glp1r,upper
214,1.0,10.0,10.0,F656_ARC _B3_slice6-Ort.czi,old,glp1r,upper
215,7.0,9.428571428571429,66.0,F656_ARC _B3_slice6-Ort.czi,old,glp1r,upper
216,66.0,10.136363636363637,669.0,F656_ARC _B3_slice6-Ort.czi,old,glp1r,upper
217,32.0,10.3125,330.0,F656_ARC _B3_slice6-Ort.czi,old,glp1r,upper
218,57.0,10.596491228070175,604.0,F656_ARC _B3_slice6-Ort.czi,old,glp1r,upper
219,35.0,8.457142857142857,296.0,F656_ARC _B3_slice6-Ort.czi,old,glp1r,upper
220,36.0,13.86111111111111,499.0,F656_ARC _B3_slice6-Ort.czi,old,glp1r,upper
221,126.0,9.404761904761905,1185.0,F656_ARC _B3_slice6-Ort.czi,old,glp1r,upper
222,10.0,10.6,106.0,F656_ARC _B3_slice6-Ort.czi,old,glp1r,upper
223,122.0,11.10655737704918,1355.0,F656_ARC _B3_slice6-Ort.czi,old,glp1r,upper
224,34.0,9.735294117647058,331.0,F656_ARC _B3_slice6-Ort.czi,old,glp1r,upper
225,13.0,13.23076923076923,172.0,F656_ARC _B3_slice6-Ort.czi,old,glp1r,upper
226,34.0,9.911764705882353,337.0,F656_ARC _B3_slice6-Ort.czi,old,glp1r,upper
227,475.0,9.884210526315789,4695.0,F656_ARC _B3_slice6-Ort.czi,old,glp1r,upper
228,29.0,10.03448275862069,291.0,F656_ARC _B3_slice6-Ort.czi,old,glp1r,upper
229,215.0,8.902325581395349,1914.0,F656_ARC _B3_slice6-Ort.czi,old,glp1r,upper
230,30.0,11.666666666666666,350.0,F656_ARC _B3_slice6-Ort.czi,old,glp1r,upper
231,77.0,10.25974025974026,790.0,F656_ARC _B3_slice6-Ort.czi,old,glp1r,upper
232,153.0,9.215686274509803,1409.9999999999998,F656_ARC _B3_slice6-Ort.czi,old,glp1r,upper
233,792.0,9.436868686868687,7474.0,F656_ARC _B3_slice6-Ort.czi,old,glp1r,upper
234,88.0,9.170454545454545,807.0,F656_ARC _B3_slice6-Ort.czi,old,glp1r,upper
235,72.0,11.458333333333334,825.0,F656_ARC _B3_slice6-Ort.czi,old,glp1r,upper
236,65.0,9.430769230769231,613.0,F656_ARC _B3_slice6-Ort.czi,old,glp1r,upper
237,46.0,10.41304347826087,479.0,F656_ARC _B3_slice6-Ort.czi,old,glp1r,upper
238,39.0,12.0,468.0,F656_ARC _B3_slice6-Ort.czi,old,glp1r,upper
239,106.0,10.047169811320755,1065.0,F656_ARC _B3_slice6-Ort.czi,old,glp1r,upper
240,139.0,10.863309352517986,1510.0,F656_ARC _B3_slice6-Ort.czi,old,glp1r,upper
241,26.0,12.538461538461538,326.0,F656_ARC _B3_slice6-Ort.czi,old,glp1r,upper
242,465.0,9.486021505376344,4411.0,F656_ARC _B3_slice6-Ort.czi,old,glp1r,upper
243,101.0,9.445544554455445,954.0,F656_ARC _B3_slice6-Ort.czi,old,glp1r,upper
244,339.0,9.557522123893806,3240.0,F656_ARC _B3_slice6-Ort.czi,old,glp1r,upper
245,243.0,9.390946502057613,2282.0,F656_ARC _B3_slice6-Ort.czi,old,glp1r,upper
246,55.0,10.654545454545454,586.0,F656_ARC _B3_slice6-Ort.czi,old,glp1r,upper
247,2.0,9.5,19.0,F656_ARC _B3_slice6-Ort.czi,old,glp1r,upper
248,665.0,9.693233082706767,6446.0,F656_ARC _B3_slice6-Ort.czi,old,glp1r,upper
249,35.0,9.314285714285715,326.0,F656_ARC _B3_slice6-Ort.czi,old,glp1r,upper
250,5.0,11.4,57.0,F656_ARC _B3_slice6-Ort.czi,old,glp1r,upper
251,41.0,9.390243902439025,385.0,F656_ARC _B3_slice6-Ort.czi,old,glp1r,upper
252,58.0,9.586206896551724,556.0,F656_ARC _B3_slice6-Ort.czi,old,glp1r,upper
253,45.0,9.755555555555556,439.00000000000006,F656_ARC _B3_slice6-Ort.czi,old,glp1r,upper
254,38.0,9.447368421052632,359.0,F656_ARC _B3_slice6-Ort.czi,old,glp1r,upper
255,48.0,10.083333333333334,484.0,F656_ARC _B3_slice6-Ort.czi,old,glp1r,upper
256,19.0,9.473684210526315,180.0,F656_ARC _B3_slice6-Ort.czi,old,glp1r,upper
257,2.0,11.0,22.0,F656_ARC _B3_slice6-Ort.czi,old,glp1r,upper
258,18.0,9.61111111111111,173.0,F656_ARC _B3_slice6-Ort.czi,old,glp1r,upper
259,8.0,9.5,76.0,F656_ARC _B3_slice6-Ort.czi,old,glp1r,upper
260,22.0,10.727272727272727,236.0,F656_ARC _B3_slice6-Ort.czi,old,glp1r,upper
261,58.0,9.53448275862069,553.0,F656_ARC _B3_slice6-Ort.czi,old,glp1r,upper
262,46.0,8.0,368.0,F656_ARC _B3_slice6-Ort.czi,old,glp1r,upper
263,159.0,11.943396226415095,1899.0,F656_ARC _B3_slice6-Ort.czi,old,glp1r,upper
264,3.0,17.333333333333332,52.0,F656_ARC _B3_slice6-Ort.czi,old,glp1r,upper
265,18.0,9.88888888888889,178.0,F656_ARC _B3_slice6-Ort.czi,old,glp1r,upper
266,41.0,12.585365853658537,516.0,F656_ARC _B3_slice6-Ort.czi,old,glp1r,upper
267,68.0,9.558823529411764,650.0,F656_ARC _B3_slice6-Ort.czi,old,glp1r,upper
268,77.0,9.7012987012987,746.9999999999999,F656_ARC _B3_slice6-Ort.czi,old,glp1r,upper
269,62.0,8.596774193548388,533.0,F656_ARC _B3_slice6-Ort.czi,old,glp1r,upper
270,64.0,10.8125,692.0,F656_ARC _B3_slice6-Ort.czi,old,glp1r,upper
271,102.0,10.098039215686274,1030.0,F656_ARC _B3_slice6-Ort.czi,old,glp1r,upper
272,46.0,15.804347826086957,727.0,F656_ARC _B3_slice6-Ort.czi,old,glp1r,upper
273,12.0,9.75,117.0,F656_ARC _B3_slice6-Ort.czi,old,glp1r,upper
274,466.0,10.148068669527897,4729.0,F656_ARC _B3_slice6-Ort.czi,old,glp1r,upper
275,76.0,13.31578947368421,1012.0,F656_ARC _B3_slice6-Ort.czi,old,glp1r,upper
276,40.0,10.325,413.0,F656_ARC _B3_slice6-Ort.czi,old,glp1r,upper
277,212.0,9.462264150943396,2006.0,F656_ARC _B3_slice6-Ort.czi,old,glp1r,upper
278,138.0,9.673913043478262,1335.0,F656_ARC _B3_slice6-Ort.czi,old,glp1r,upper
279,13.0,9.461538461538462,123.0,F656_ARC _B3_slice6-Ort.czi,old,glp1r,upper
280,204.0,9.705882352941176,1979.9999999999998,F656_ARC _B3_slice6-Ort.czi,old,glp1r,upper
281,127.0,9.275590551181102,1178.0,F656_ARC _B3_slice6-Ort.czi,old,glp1r,upper
282,251.0,9.577689243027889,2404.0,F656_ARC _B3_slice6-Ort.czi,old,glp1r,upper
283,10.0,27.4,274.0,F656_ARC _B3_slice6-Ort.czi,old,glp1r,upper
284,37.0,9.702702702702704,359.00000000000006,F656_ARC _B3_slice6-Ort.czi,old,glp1r,upper
285,55.0,9.345454545454546,514.0,F656_ARC _B3_slice6-Ort.czi,old,glp1r,upper
286,11.0,11.0,121.0,F656_ARC _B3_slice6-Ort.czi,old,glp1r,upper
287,26.0,11.076923076923077,288.0,F656_ARC _B3_slice6-Ort.czi,old,glp1r,upper
288,2.0,9.0,18.0,F656_ARC _B3_slice6-Ort.czi,old,glp1r,upper
289,4.0,14.5,58.0,F656_ARC _B3_slice6-Ort.czi,old,glp1r,upper
290,25.0,8.28,206.99999999999997,F656_ARC _B3_slice6-Ort.czi,old,glp1r,upper
291,84.0,10.238095238095237,859.9999999999999,F656_ARC _B3_slice6-Ort.czi,old,glp1r,upper
292,2.0,7.5,15.0,F656_ARC _B3_slice6-Ort.czi,old,glp1r,upper
293,24.0,11.541666666666666,277.0,F656_ARC _B3_slice6-Ort.czi,old,glp1r,upper
294,7.0,9.857142857142858,69.0,F656_ARC _B3_slice6-Ort.czi,old,glp1r,upper
295,54.0,9.425925925925926,509.0,F656_ARC _B3_slice6-Ort.czi,old,glp1r,upper
296,31.0,11.03225806451613,342.0,F656_ARC _B3_slice6-Ort.czi,old,glp1r,upper
297,10.0,8.7,87.0,F656_ARC _B3_slice6-Ort.czi,old,glp1r,upper
298,16.0,10.25,164.0,F656_ARC _B3_slice6-Ort.czi,old,glp1r,upper
299,33.0,9.696969696969697,320.0,F656_ARC _B3_slice6-Ort.czi,old,glp1r,upper
300,31.0,9.870967741935484,306.0,F656_ARC _B3_slice6-Ort.czi,old,glp1r,upper
301,171.0,9.2046783625731,1574.0,F656_ARC _B3_slice6-Ort.czi,old,glp1r,upper
302,33.0,9.666666666666666,319.0,F656_ARC _B3_slice6-Ort.czi,old,glp1r,upper
303,182.0,12.010989010989011,2186.0,F656_ARC _B3_slice6-Ort.czi,old,glp1r,upper
304,1563.0,8.881637875879719,13882.0,F656_ARC _B3_slice6-Ort.czi,old,glp1r,upper
305,50.0,10.74,537.0,F656_ARC _B3_slice6-Ort.czi,old,glp1r,upper
306,15.0,10.733333333333333,161.0,F656_ARC _B3_slice6-Ort.czi,old,glp1r,upper
307,119.0,9.058823529411764,1078.0,F656_ARC _B3_slice6-Ort.czi,old,glp1r,upper
308,3.0,7.666666666666667,23.0,F656_ARC _B3_slice6-Ort.czi,old,glp1r,upper
309,45.0,9.155555555555555,412.0,F656_ARC _B3_slice6-Ort.czi,old,glp1r,upper
310,30.0,8.9,267.0,F656_ARC _B3_slice6-Ort.czi,old,glp1r,upper
311,51.0,10.980392156862745,560.0,F656_ARC _B3_slice6-Ort.czi,old,glp1r,upper
312,20.0,9.0,180.0,F656_ARC _B3_slice6-Ort.czi,old,glp1r,upper
313,37.0,10.702702702702704,396.00000000000006,F656_ARC _B3_slice6-Ort.czi,old,glp1r,upper
314,150.0,9.48,1422.0,F656_ARC _B3_slice6-Ort.czi,old,glp1r,upper
315,111.0,10.17117117117117,1129.0,F656_ARC _B3_slice6-Ort.czi,old,glp1r,upper
316,119.0,11.529411764705882,1372.0,F656_ARC _B3_slice6-Ort.czi,old,glp1r,upper
317,42.0,9.619047619047619,404.0,F656_ARC _B3_slice6-Ort.czi,old,glp1r,upper
318,44.0,11.5,506.0,F656_ARC _B3_slice6-Ort.czi,old,glp1r,upper
319,97.0,10.216494845360824,990.9999999999999,F656_ARC _B3_slice6-Ort.czi,old,glp1r,upper
320,8.0,8.625,69.0,F656_ARC _B3_slice6-Ort.czi,old,glp1r,upper
321,12.0,8.416666666666666,101.0,F656_ARC _B3_slice6-Ort.czi,old,glp1r,upper
322,20.0,9.2,184.0,F656_ARC _B3_slice6-Ort.czi,old,glp1r,upper
323,9.0,14.222222222222221,128.0,F656_ARC _B3_slice6-Ort.czi,old,glp1r,upper
324,35.0,12.542857142857143,439.0,F656_ARC _B3_slice6-Ort.czi,old,glp1r,upper
325,45.0,10.177777777777777,458.0,F656_ARC _B3_slice6-Ort.czi,old,glp1r,upper
326,5.0,7.8,39.0,F656_ARC _B3_slice6-Ort.czi,old,glp1r,upper
327,34.0,11.470588235294118,390.0,F656_ARC _B3_slice6-Ort.czi,old,glp1r,upper
328,60.0,10.133333333333333,608.0,F656_ARC _B3_slice6-Ort.czi,old,glp1r,upper
329,74.0,9.945945945945946,736.0,F656_ARC _B3_slice6-Ort.czi,old,glp1r,upper
330,7.0,12.428571428571429,87.0,F656_ARC _B3_slice6-Ort.czi,old,glp1r,upper
331,242.0,9.743801652892563,2358.0,F656_ARC _B3_slice6-Ort.czi,old,glp1r,upper
332,10.0,12.5,125.0,F656_ARC _B3_slice6-Ort.czi,old,glp1r,upper
333,27.0,10.148148148148149,274.0,F656_ARC _B3_slice6-Ort.czi,old,glp1r,upper
334,324.0,9.70679012345679,3145.0,F656_ARC _B3_slice6-Ort.czi,old,glp1r,upper
335,49.0,8.653061224489797,424.00000000000006,F656_ARC _B3_slice6-Ort.czi,old,glp1r,upper
336,9.0,9.666666666666666,87.0,F656_ARC _B3_slice6-Ort.czi,old,glp1r,upper
337,15.0,8.2,122.99999999999999,F656_ARC _B3_slice6-Ort.czi,old,glp1r,upper
338,105.0,12.58095238095238,1321.0,F656_ARC _B3_slice6-Ort.czi,old,glp1r,upper
339,7.0,8.714285714285714,60.99999999999999,F656_ARC _B3_slice6-Ort.czi,old,glp1r,upper
340,29.0,9.724137931034482,282.0,F656_ARC _B3_slice6-Ort.czi,old,glp1r,upper
341,247.0,9.477732793522268,2341.0,F656_ARC _B3_slice6-Ort.czi,old,glp1r,upper
342,127.0,9.31496062992126,1183.0,F656_ARC _B3_slice6-Ort.czi,old,glp1r,upper
343,30.0,9.466666666666667,284.0,F656_ARC _B3_slice6-Ort.czi,old,glp1r,upper
344,19.0,9.263157894736842,176.0,F656_ARC _B3_slice6-Ort.czi,old,glp1r,upper
345,3.0,8.666666666666666,26.0,F656_ARC _B3_slice6-Ort.czi,old,glp1r,upper
346,112.0,8.955357142857142,1003.0,F656_ARC _B3_slice6-Ort.czi,old,glp1r,upper
347,26.0,8.23076923076923,213.99999999999997,F656_ARC _B3_slice6-Ort.czi,old,glp1r,upper
348,6.0,8.333333333333334,50.0,F656_ARC _B3_slice6-Ort.czi,old,glp1r,upper
349,412.0,10.78640776699029,4444.0,F656_ARC _B3_slice6-Ort.czi,old,glp1r,upper
350,47.0,9.212765957446809,433.0,F656_ARC _B3_slice6-Ort.czi,old,glp1r,upper
351,15.0,13.2,198.0,F656_ARC _B3_slice6-Ort.czi,old,glp1r,upper
352,18.0,9.444444444444445,170.0,F656_ARC _B3_slice6-Ort.czi,old,glp1r,upper
353,65.0,12.046153846153846,783.0,F656_ARC _B3_slice6-Ort.czi,old,glp1r,upper
354,24.0,8.541666666666666,205.0,F656_ARC _B3_slice6-Ort.czi,old,glp1r,upper
355,76.0,10.68421052631579,812.0,F656_ARC _B3_slice6-Ort.czi,old,glp1r,upper
356,127.0,9.708661417322835,1233.0,F656_ARC _B3_slice6-Ort.czi,old,glp1r,upper
357,28.0,8.75,245.0,F656_ARC _B3_slice6-Ort.czi,old,glp1r,upper
358,448.0,10.125,4536.0,F656_ARC _B3_slice6-Ort.czi,old,glp1r,upper
359,138.0,10.391304347826088,1434.0000000000002,F656_ARC _B3_slice6-Ort.czi,old,glp1r,upper
360,65.0,9.353846153846154,608.0,F656_ARC _B3_slice6-Ort.czi,old,glp1r,upper
361,37.0,11.35135135135135,420.0,F656_ARC _B3_slice6-Ort.czi,old,glp1r,upper
362,4.0,7.75,31.0,F656_ARC _B3_slice6-Ort.czi,old,glp1r,upper
363,101.0,9.425742574257425,952.0,F656_ARC _B3_slice6-Ort.czi,old,glp1r,upper
364,26.0,9.0,234.0,F656_ARC _B3_slice6-Ort.czi,old,glp1r,upper
365,34.0,9.058823529411764,308.0,F656_ARC _B3_slice6-Ort.czi,old,glp1r,upper
366,30.0,8.5,255.0,F656_ARC _B3_slice6-Ort.czi,old,glp1r,upper
367,352.0,10.201704545454545,3591.0,F656_ARC _B3_slice6-Ort.czi,old,glp1r,upper
368,39.0,9.487179487179487,370.0,F656_ARC _B3_slice6-Ort.czi,old,glp1r,upper
369,60.0,8.983333333333333,539.0,F656_ARC _B3_slice6-Ort.czi,old,glp1r,upper
370,36.0,10.916666666666666,393.0,F656_ARC _B3_slice6-Ort.czi,old,glp1r,upper
371,15.0,9.933333333333334,149.0,F656_ARC _B3_slice6-Ort.czi,old,glp1r,upper
372,84.0,10.702380952380953,899.0,F656_ARC _B3_slice6-Ort.czi,old,glp1r,upper
373,479.0,9.979123173277662,4780.0,F656_ARC _B3_slice6-Ort.czi,old,glp1r,upper
374,97.0,9.670103092783505,937.9999999999999,F656_ARC _B3_slice6-Ort.czi,old,glp1r,upper
375,1.0,5.0,5.0,F656_ARC _B3_slice6-Ort.czi,old,glp1r,upper
376,66.0,14.712121212121213,971.0,F656_ARC _B3_slice6-Ort.czi,old,glp1r,upper
377,11.0,11.363636363636363,125.0,F656_ARC _B3_slice6-Ort.czi,old,glp1r,upper
378,56.0,10.089285714285714,565.0,F656_ARC _B3_slice6-Ort.czi,old,glp1r,upper
379,79.0,10.012658227848101,791.0,F656_ARC _B3_slice6-Ort.czi,old,glp1r,upper
380,7.0,11.285714285714286,79.0,F656_ARC _B3_slice6-Ort.czi,old,glp1r,upper
381,55.0,9.072727272727272,499.0,F656_ARC _B3_slice6-Ort.czi,old,glp1r,upper
382,26.0,10.115384615384615,263.0,F656_ARC _B3_slice6-Ort.czi,old,glp1r,upper
383,4.0,8.25,33.0,F656_ARC _B3_slice6-Ort.czi,old,glp1r,upper
384,101.0,9.069306930693068,915.9999999999999,F656_ARC _B3_slice6-Ort.czi,old,glp1r,upper
385,137.0,9.233576642335766,1265.0,F656_ARC _B3_slice6-Ort.czi,old,glp1r,upper
386,37.0,9.27027027027027,343.0,F656_ARC _B3_slice6-Ort.czi,old,glp1r,upper
387,31.0,9.64516129032258,299.0,F656_ARC _B3_slice6-Ort.czi,old,glp1r,upper
388,358.0,9.743016759776536,3488.0,F656_ARC _B3_slice6-Ort.czi,old,glp1r,upper
389,21.0,9.0,189.0,F656_ARC _B3_slice6-Ort.czi,old,glp1r,upper
390,48.0,9.625,462.0,F656_ARC _B3_slice6-Ort.czi,old,glp1r,upper
391,8.0,9.5,76.0,F656_ARC _B3_slice6-Ort.czi,old,glp1r,upper
392,133.0,8.87218045112782,1180.0,F656_ARC _B3_slice6-Ort.czi,old,glp1r,upper
393,67.0,10.0,670.0,F656_ARC _B3_slice6-Ort.czi,old,glp1r,upper
394,27.0,10.74074074074074,290.0,F656_ARC _B3_slice6-Ort.czi,old,glp1r,upper
395,287.0,9.616724738675957,2759.9999999999995,F656_ARC _B3_slice6-Ort.czi,old,glp1r,upper
396,241.0,10.54356846473029,2541.0,F656_ARC _B3_slice6-Ort.czi,old,glp1r,upper
397,100.0,9.04,903.9999999999999,F656_ARC _B3_slice6-Ort.czi,old,glp1r,upper
398,36.0,11.027777777777779,397.0,F656_ARC _B3_slice6-Ort.czi,old,glp1r,upper
399,11.0,11.545454545454545,127.0,F656_ARC _B3_slice6-Ort.czi,old,glp1r,upper
400,12.0,14.583333333333334,175.0,F656_ARC _B3_slice6-Ort.czi,old,glp1r,upper
401,110.0,10.463636363636363,1151.0,F656_ARC _B3_slice6-Ort.czi,old,glp1r,upper
402,39.0,9.435897435897436,368.0,F656_ARC _B3_slice6-Ort.czi,old,glp1r,upper
403,53.0,9.11320754716981,483.0,F656_ARC _B3_slice6-Ort.czi,old,glp1r,upper
404,19.0,10.526315789473685,200.0,F656_ARC _B3_slice6-Ort.czi,old,glp1r,upper
405,126.0,9.420634920634921,1187.0,F656_ARC _B3_slice6-Ort.czi,old,glp1r,upper
406,52.0,9.0,468.0,F656_ARC _B3_slice6-Ort.czi,old,glp1r,upper
407,1.0,7.0,7.0,F656_ARC _B3_slice6-Ort.czi,old,glp1r,upper
408,824.0,9.927184466019417,8180.0,F656_ARC _B3_slice6-Ort.czi,old,glp1r,upper
409,13.0,10.384615384615385,135.0,F656_ARC _B3_slice6-Ort.czi,old,glp1r,upper
410,30.0,9.233333333333333,277.0,F656_ARC _B3_slice6-Ort.czi,old,glp1r,upper
411,15.0,9.933333333333334,149.0,F656_ARC _B3_slice6-Ort.czi,old,glp1r,upper
412,76.0,8.421052631578947,640.0,F656_ARC _B3_slice6-Ort.czi,old,glp1r,upper
413,3.0,10.666666666666666,32.0,F656_ARC _B3_slice6-Ort.czi,old,glp1r,upper
414,52.0,9.788461538461538,509.0,F656_ARC _B3_slice6-Ort.czi,old,glp1r,upper
415,352.0,9.522727272727273,3352.0,F656_ARC _B3_slice6-Ort.czi,old,glp1r,upper
416,15.0,9.533333333333333,143.0,F656_ARC _B3_slice6-Ort.czi,old,glp1r,upper
417,113.0,10.734513274336283,1213.0,F656_ARC _B3_slice6-Ort.czi,old,glp1r,upper
418,8.0,11.5,92.0,F656_ARC _B3_slice6-Ort.czi,old,glp1r,upper
419,31.0,9.258064516129032,287.0,F656_ARC _B3_slice6-Ort.czi,old,glp1r,upper
420,1.0,12.0,12.0,F656_ARC _B3_slice6-Ort.czi,old,glp1r,upper
421,84.0,9.035714285714286,759.0000000000001,F656_ARC _B3_slice6-Ort.czi,old,glp1r,upper
422,1537.0,9.9355888093689,15271.0,F656_ARC _B3_slice6-Ort.czi,old,glp1r,upper
423,38.0,11.026315789473685,419.0,F656_ARC _B3_slice6-Ort.czi,old,glp1r,upper
424,44.0,8.772727272727273,386.0,F656_ARC _B3_slice6-Ort.czi,old,glp1r,upper
425,38.0,10.842105263157896,412.00000000000006,F656_ARC _B3_slice6-Ort.czi,old,glp1r,upper
426,119.0,9.159663865546218,1090.0,F656_ARC _B3_slice6-Ort.czi,old,glp1r,upper
427,5.0,12.8,64.0,F656_ARC _B3_slice6-Ort.czi,old,glp1r,upper
428,83.0,8.987951807228916,746.0,F656_ARC _B3_slice6-Ort.czi,old,glp1r,upper
429,36.0,9.166666666666666,330.0,F656_ARC _B3_slice6-Ort.czi,old,glp1r,upper
430,38.0,9.578947368421053,364.0,F656_ARC _B3_slice6-Ort.czi,old,glp1r,upper
431,10.0,9.4,94.0,F656_ARC _B3_slice6-Ort.czi,old,glp1r,upper
432,57.0,9.43859649122807,538.0,F656_ARC _B3_slice6-Ort.czi,old,glp1r,upper
433,82.0,10.158536585365853,833.0,F656_ARC _B3_slice6-Ort.czi,old,glp1r,upper
434,75.0,10.84,813.0,F656_ARC _B3_slice6-Ort.czi,old,glp1r,upper
435,179.0,9.899441340782124,1772.0000000000002,F656_ARC _B3_slice6-Ort.czi,old,glp1r,upper
436,63.0,8.619047619047619,543.0,F656_ARC _B3_slice6-Ort.czi,old,glp1r,upper
437,226.0,10.41150442477876,2353.0,F656_ARC _B3_slice6-Ort.czi,old,glp1r,upper
438,1.0,9.0,9.0,F656_ARC _B3_slice6-Ort.czi,old,glp1r,upper
439,46.0,8.91304347826087,410.0,F656_ARC _B3_slice6-Ort.czi,old,glp1r,upper
440,39.0,9.58974358974359,374.0,F656_ARC _B3_slice6-Ort.czi,old,glp1r,upper
441,9.0,14.777777777777779,133.0,F656_ARC _B3_slice6-Ort.czi,old,glp1r,upper
442,53.0,10.245283018867925,543.0,F656_ARC _B3_slice6-Ort.czi,old,glp1r,upper
443,3.0,7.666666666666667,23.0,F656_ARC _B3_slice6-Ort.czi,old,glp1r,upper
444,22.0,18.045454545454547,397.0,F656_ARC _B3_slice6-Ort.czi,old,glp1r,upper
445,55.0,8.4,462.0,F656_ARC _B3_slice6-Ort.czi,old,glp1r,upper
446,29.0,10.241379310344827,297.0,F656_ARC _B3_slice6-Ort.czi,old,glp1r,upper
447,28.0,9.75,273.0,F656_ARC _B3_slice6-Ort.czi,old,glp1r,upper
448,377.0,9.474801061007957,3572.0,F656_ARC _B3_slice6-Ort.czi,old,glp1r,upper
449,181.0,9.696132596685082,1754.9999999999998,F656_ARC _B3_slice6-Ort.czi,old,glp1r,upper
450,72.0,9.194444444444445,662.0,F656_ARC _B3_slice6-Ort.czi,old,glp1r,upper
451,97.0,11.24742268041237,1091.0,F656_ARC _B3_slice6-Ort.czi,old,glp1r,upper
452,93.0,9.494623655913978,883.0,F656_ARC _B3_slice6-Ort.czi,old,glp1r,upper
453,34.0,8.941176470588236,304.0,F656_ARC _B3_slice6-Ort.czi,old,glp1r,upper
454,2.0,10.0,20.0,F656_ARC _B3_slice6-Ort.czi,old,glp1r,upper
455,24.0,14.875,357.0,F656_ARC _B3_slice6-Ort.czi,old,glp1r,upper
456,10.0,7.3,73.0,F656_ARC _B3_slice6-Ort.czi,old,glp1r,upper
457,71.0,9.549295774647888,678.0,F656_ARC _B3_slice6-Ort.czi,old,glp1r,upper
458,254.0,9.874015748031496,2508.0,F656_ARC _B3_slice6-Ort.czi,old,glp1r,upper
459,17.0,9.764705882352942,166.0,F656_ARC _B3_slice6-Ort.czi,old,glp1r,upper
460,4.0,7.75,31.0,F656_ARC _B3_slice6-Ort.czi,old,glp1r,upper
461,27.0,9.777777777777779,264.0,F656_ARC _B3_slice6-Ort.czi,old,glp1r,upper
462,29.0,8.862068965517242,257.0,F656_ARC _B3_slice6-Ort.czi,old,glp1r,upper
463,64.0,8.8125,564.0,F656_ARC _B3_slice6-Ort.czi,old,glp1r,upper
464,1.0,9.0,9.0,F656_ARC _B3_slice6-Ort.czi,old,glp1r,upper
465,60.0,8.983333333333333,539.0,F656_ARC _B3_slice6-Ort.czi,old,glp1r,upper
466,750.0,9.884,7413.0,F656_ARC _B3_slice6-Ort.czi,old,glp1r,upper
467,2.0,7.5,15.0,F656_ARC _B3_slice6-Ort.czi,old,glp1r,upper
468,2.0,13.5,27.0,F656_ARC _B3_slice6-Ort.czi,old,glp1r,upper
469,488.0,9.381147540983607,4578.0,F656_ARC _B3_slice6-Ort.czi,old,glp1r,upper
470,12.0,9.5,114.0,F656_ARC _B3_slice6-Ort.czi,old,glp1r,upper
471,2.0,10.0,20.0,F656_ARC _B3_slice6-Ort.czi,old,glp1r,upper
472,211.0,9.412322274881516,1986.0,F656_ARC _B3_slice6-Ort.czi,old,glp1r,upper
473,72.0,8.819444444444445,635.0,F656_ARC _B3_slice6-Ort.czi,old,glp1r,upper
474,48.0,9.541666666666666,458.0,F656_ARC _B3_slice6-Ort.czi,old,glp1r,upper
475,1726.0,8.898030127462341,15358.000000000002,F656_ARC _B3_slice6-Ort.czi,old,glp1r,upper
476,33.0,9.545454545454545,315.0,F656_ARC _B3_slice6-Ort.czi,old,glp1r,upper
477,76.0,8.986842105263158,683.0,F656_ARC _B3_slice6-Ort.czi,old,glp1r,upper
478,54.0,8.592592592592593,464.00000000000006,F656_ARC _B3_slice6-Ort.czi,old,glp1r,upper
479,1.0,10.0,10.0,F656_ARC _B3_slice6-Ort.czi,old,glp1r,upper
480,41.0,9.024390243902438,369.99999999999994,F656_ARC _B3_slice6-Ort.czi,old,glp1r,upper
481,6.0,10.0,60.0,F656_ARC _B3_slice6-Ort.czi,old,glp1r,upper
482,6.0,11.833333333333334,71.0,F656_ARC _B3_slice6-Ort.czi,old,glp1r,upper
483,73.0,9.821917808219178,717.0,F656_ARC _B3_slice6-Ort.czi,old,glp1r,upper
484,3.0,8.0,24.0,F656_ARC _B3_slice6-Ort.czi,old,glp1r,upper
485,76.0,9.039473684210526,687.0,F656_ARC _B3_slice6-Ort.czi,old,glp1r,upper
486,6.0,8.833333333333334,53.0,F656_ARC _B3_slice6-Ort.czi,old,glp1r,upper
487,39.0,8.487179487179487,331.0,F656_ARC _B3_slice6-Ort.czi,old,glp1r,upper
488,25.0,11.88,297.0,F656_ARC _B3_slice6-Ort.czi,old,glp1r,upper
489,25.0,10.96,274.0,F656_ARC _B3_slice6-Ort.czi,old,glp1r,upper
490,222.0,9.324324324324325,2070.0,F656_ARC _B3_slice6-Ort.czi,old,glp1r,upper
491,29.0,10.724137931034482,311.0,F656_ARC _B3_slice6-Ort.czi,old,glp1r,upper
492,20.0,10.4,208.0,F656_ARC _B3_slice6-Ort.czi,old,glp1r,upper
493,17.0,9.764705882352942,166.0,F656_ARC _B3_slice6-Ort.czi,old,glp1r,upper
494,247.0,9.809716599190283,2423.0,F656_ARC _B3_slice6-Ort.czi,old,glp1r,upper
495,28.0,10.964285714285714,307.0,F656_ARC _B3_slice6-Ort.czi,old,glp1r,upper
496,60.0,9.183333333333334,551.0,F656_ARC _B3_slice6-Ort.czi,old,glp1r,upper
497,46.0,10.08695652173913,464.0,F656_ARC _B3_slice6-Ort.czi,old,glp1r,upper
498,22.0,9.545454545454545,210.0,F656_ARC _B3_slice6-Ort.czi,old,glp1r,upper
499,85.0,8.705882352941176,739.9999999999999,F656_ARC _B3_slice6-Ort.czi,old,glp1r,upper
500,87.0,9.149425287356323,796.0000000000001,F656_ARC _B3_slice6-Ort.czi,old,glp1r,upper
501,25.0,9.52,238.0,F656_ARC _B3_slice6-Ort.czi,old,glp1r,upper
502,1.0,21.0,21.0,F656_ARC _B3_slice6-Ort.czi,old,glp1r,upper
503,44.0,9.159090909090908,402.99999999999994,F656_ARC _B3_slice6-Ort.czi,old,glp1r,upper
504,26.0,12.115384615384615,315.0,F656_ARC _B3_slice6-Ort.czi,old,glp1r,upper
505,40.0,9.275,371.0,F656_ARC _B3_slice6-Ort.czi,old,glp1r,upper
506,27.0,11.222222222222221,303.0,F656_ARC _B3_slice6-Ort.czi,old,glp1r,upper
507,117.0,9.752136752136753,1141.0,F656_ARC _B3_slice6-Ort.czi,old,glp1r,upper
508,2.0,9.0,18.0,F656_ARC _B3_slice6-Ort.czi,old,glp1r,upper
509,61.0,8.491803278688524,518.0,F656_ARC _B3_slice6-Ort.czi,old,glp1r,upper
510,54.0,8.518518518518519,460.0,F656_ARC _B3_slice6-Ort.czi,old,glp1r,upper
511,85.0,8.91764705882353,758.0,F656_ARC _B3_slice6-Ort.czi,old,glp1r,upper
512,102.0,10.27450980392157,1048.0,F656_ARC _B3_slice6-Ort.czi,old,glp1r,upper
513,296.0,10.097972972972974,2989.0,F656_ARC _B3_slice6-Ort.czi,old,glp1r,upper
514,54.0,9.351851851851851,504.99999999999994,F656_ARC _B3_slice6-Ort.czi,old,glp1r,upper
515,146.0,8.89041095890411,1298.0,F656_ARC _B3_slice6-Ort.czi,old,glp1r,upper
516,6326.0,9.136895352513436,57800.0,F656_ARC _B3_slice6-Ort.czi,old,glp1r,upper
517,123.0,9.40650406504065,1157.0,F656_ARC _B3_slice6-Ort.czi,old,glp1r,upper
518,81.0,9.098765432098766,737.0,F656_ARC _B3_slice6-Ort.czi,old,glp1r,upper
519,10.0,10.6,106.0,F656_ARC _B3_slice6-Ort.czi,old,glp1r,upper
520,85.0,9.376470588235295,797.0,F656_ARC _B3_slice6-Ort.czi,old,glp1r,upper
521,158.0,10.284810126582279,1625.0,F656_ARC _B3_slice6-Ort.czi,old,glp1r,upper
522,4.0,10.75,43.0,F656_ARC _B3_slice6-Ort.czi,old,glp1r,upper
523,114.0,9.74561403508772,1111.0,F656_ARC _B3_slice6-Ort.czi,old,glp1r,upper
524,145.0,9.875862068965517,1432.0,F656_ARC _B3_slice6-Ort.czi,old,glp1r,upper
525,2.0,11.0,22.0,F656_ARC _B3_slice6-Ort.czi,old,glp1r,upper
526,1.0,9.0,9.0,F656_ARC _B3_slice6-Ort.czi,old,glp1r,upper
527,1.0,14.0,14.0,F656_ARC _B3_slice6-Ort.czi,old,glp1r,upper
528,63.0,11.11111111111111,700.0,F656_ARC _B3_slice6-Ort.czi,old,glp1r,upper
529,9.0,9.444444444444445,85.0,F656_ARC _B3_slice6-Ort.czi,old,glp1r,upper
530,85.0,9.541176470588235,811.0,F656_ARC _B3_slice6-Ort.czi,old,glp1r,upper
531,171.0,9.385964912280702,1605.0,F656_ARC _B3_slice6-Ort.czi,old,glp1r,upper
532,203.0,8.655172413793103,1757.0,F656_ARC _B3_slice6-Ort.czi,old,glp1r,upper
533,126.0,8.992063492063492,1133.0,F656_ARC _B3_slice6-Ort.czi,old,glp1r,upper
534,39.0,9.153846153846153,357.0,F656_ARC _B3_slice6-Ort.czi,old,glp1r,upper
535,142.0,10.154929577464788,1442.0,F656_ARC _B3_slice6-Ort.czi,old,glp1r,upper
536,5.0,7.2,36.0,F656_ARC _B3_slice6-Ort.czi,old,glp1r,upper
537,23.0,9.043478260869565,207.99999999999997,F656_ARC _B3_slice6-Ort.czi,old,glp1r,upper
538,51.0,9.470588235294118,483.0,F656_ARC _B3_slice6-Ort.czi,old,glp1r,upper
539,360.0,9.527777777777779,3430.0000000000005,F656_ARC _B3_slice6-Ort.czi,old,glp1r,upper
540,11.0,7.818181818181818,86.0,F656_ARC _B3_slice6-Ort.czi,old,glp1r,upper
541,58.0,8.913793103448276,517.0,F656_ARC _B3_slice6-Ort.czi,old,glp1r,upper
542,29.0,9.0,261.0,F656_ARC _B3_slice6-Ort.czi,old,glp1r,upper
543,16.0,8.625,138.0,F656_ARC _B3_slice6-Ort.czi,old,glp1r,upper
544,15.0,9.733333333333333,146.0,F656_ARC _B3_slice6-Ort.czi,old,glp1r,upper
545,132.0,10.318181818181818,1362.0,F656_ARC _B3_slice6-Ort.czi,old,glp1r,upper
546,15.0,9.733333333333333,146.0,F656_ARC _B3_slice6-Ort.czi,old,glp1r,upper
547,311.0,9.69774919614148,3016.0000000000005,F656_ARC _B3_slice6-Ort.czi,old,glp1r,upper
548,173.0,9.219653179190752,1595.0000000000002,F656_ARC _B3_slice6-Ort.czi,old,glp1r,upper
549,132.0,10.848484848484848,1432.0,F656_ARC _B3_slice6-Ort.czi,old,glp1r,upper
550,39.0,9.102564102564102,355.0,F656_ARC _B3_slice6-Ort.czi,old,glp1r,upper
551,77.0,10.090909090909092,777.0000000000001,F656_ARC _B3_slice6-Ort.czi,old,glp1r,upper
552,36.0,10.194444444444445,367.0,F656_ARC _B3_slice6-Ort.czi,old,glp1r,upper
553,1.0,10.0,10.0,F656_ARC _B3_slice6-Ort.czi,old,glp1r,upper
554,19.0,11.894736842105264,226.0,F656_ARC _B3_slice6-Ort.czi,old,glp1r,upper
555,14.0,8.785714285714286,123.00000000000001,F656_ARC _B3_slice6-Ort.czi,old,glp1r,upper
556,45.0,9.28888888888889,418.00000000000006,F656_ARC _B3_slice6-Ort.czi,old,glp1r,upper
557,9.0,11.777777777777779,106.0,F656_ARC _B3_slice6-Ort.czi,old,glp1r,upper
558,29.0,9.344827586206897,271.0,F656_ARC _B3_slice6-Ort.czi,old,glp1r,upper
559,3.0,7.666666666666667,23.0,F656_ARC _B3_slice6-Ort.czi,old,glp1r,upper
560,224.0,9.8125,2198.0,F656_ARC _B3_slice6-Ort.czi,old,glp1r,upper
561,26.0,12.423076923076923,323.0,F656_ARC _B3_slice6-Ort.czi,old,glp1r,upper
562,25.0,9.48,237.0,F656_ARC _B3_slice6-Ort.czi,old,glp1r,upper
563,660.0,8.586363636363636,5667.0,F656_ARC _B3_slice6-Ort.czi,old,glp1r,upper
564,16.0,11.4375,183.0,F656_ARC _B3_slice6-Ort.czi,old,glp1r,upper
565,197.0,10.203045685279188,2010.0,F656_ARC _B3_slice6-Ort.czi,old,glp1r,upper
566,11.0,9.272727272727273,102.0,F656_ARC _B3_slice6-Ort.czi,old,glp1r,upper
567,5489.0,9.280378939697577,50940.0,F656_ARC _B3_slice6-Ort.czi,old,glp1r,upper
568,196.0,10.51530612244898,2061.0,F656_ARC _B3_slice6-Ort.czi,old,glp1r,upper
569,19.0,11.0,209.0,F656_ARC _B3_slice6-Ort.czi,old,glp1r,upper
570,52.0,9.0,468.0,F656_ARC _B3_slice6-Ort.czi,old,glp1r,upper
571,708.0,10.235875706214689,7246.999999999999,F656_ARC _B3_slice6-Ort.czi,old,glp1r,upper
572,31.0,9.516129032258064,295.0,F656_ARC _B3_slice6-Ort.czi,old,glp1r,upper
573,16.0,11.0,176.0,F656_ARC _B3_slice6-Ort.czi,old,glp1r,upper
574,401.0,9.875311720698255,3960.0,F656_ARC _B3_slice6-Ort.czi,old,glp1r,upper
575,1.0,8.0,8.0,F656_ARC _B3_slice6-Ort.czi,old,glp1r,upper
576,74.0,9.945945945945946,736.0,F656_ARC _B3_slice6-Ort.czi,old,glp1r,upper
577,248.0,10.064516129032258,2496.0,F656_ARC _B3_slice6-Ort.czi,old,glp1r,upper
578,84.0,10.130952380952381,851.0,F656_ARC _B3_slice6-Ort.czi,old,glp1r,upper
579,45.0,10.066666666666666,453.0,F656_ARC _B3_slice6-Ort.czi,old,glp1r,upper
580,1.0,5.0,5.0,F656_ARC _B3_slice6-Ort.czi,old,glp1r,upper
581,36.0,9.63888888888889,347.0,F656_ARC _B3_slice6-Ort.czi,old,glp1r,upper
582,12.0,9.333333333333334,112.0,F656_ARC _B3_slice6-Ort.czi,old,glp1r,upper
583,101.0,10.217821782178218,1032.0,F656_ARC _B3_slice6-Ort.czi,old,glp1r,upper
584,94.0,9.670212765957446,908.9999999999999,F656_ARC _B3_slice6-Ort.czi,old,glp1r,upper
585,24.0,9.375,225.0,F656_ARC _B3_slice6-Ort.czi,old,glp1r,upper
586,35.0,9.6,336.0,F656_ARC _B3_slice6-Ort.czi,old,glp1r,upper
587,61.0,10.688524590163935,652.0,F656_ARC _B3_slice6-Ort.czi,old,glp1r,upper
588,2.0,8.0,16.0,F656_ARC _B3_slice6-Ort.czi,old,glp1r,upper
589,45.0,9.311111111111112,419.00000000000006,F656_ARC _B3_slice6-Ort.czi,old,glp1r,upper
590,73.0,9.972602739726028,728.0,F656_ARC _B3_slice6-Ort.czi,old,glp1r,upper
591,638.0,9.778996865203762,6239.0,F656_ARC _B3_slice6-Ort.czi,old,glp1r,upper
592,120.0,10.283333333333333,1234.0,F656_ARC _B3_slice6-Ort.czi,old,glp1r,upper
593,57.0,9.350877192982455,533.0,F656_ARC _B3_slice6-Ort.czi,old,glp1r,upper
594,61.0,10.245901639344263,625.0,F656_ARC _B3_slice6-Ort.czi,old,glp1r,upper
595,1.0,6.0,6.0,F656_ARC _B3_slice6-Ort.czi,old,glp1r,upper
596,21.0,19.0,399.0,F656_ARC _B3_slice6-Ort.czi,old,glp1r,upper
597,444.0,9.268018018018019,4115.0,F656_ARC _B3_slice6-Ort.czi,old,glp1r,upper
598,149.0,9.228187919463087,1375.0,F656_ARC _B3_slice6-Ort.czi,old,glp1r,upper
599,17.0,12.294117647058824,209.0,F656_ARC _B3_slice6-Ort.czi,old,glp1r,upper
600,25.0,10.32,258.0,F656_ARC _B3_slice6-Ort.czi,old,glp1r,upper
601,25.0,10.8,270.0,F656_ARC _B3_slice6-Ort.czi,old,glp1r,upper
602,136.0,9.279411764705882,1262.0,F656_ARC _B3_slice6-Ort.czi,old,glp1r,upper
603,37.0,13.81081081081081,511.0,F656_ARC _B3_slice6-Ort.czi,old,glp1r,upper
604,27.0,11.666666666666666,315.0,F656_ARC _B3_slice6-Ort.czi,old,glp1r,upper
605,137.0,12.284671532846716,1683.0,F656_ARC _B3_slice6-Ort.czi,old,glp1r,upper
606,544.0,10.224264705882353,5562.0,F656_ARC _B3_slice6-Ort.czi,old,glp1r,upper
607,84.0,11.773809523809524,989.0,F656_ARC _B3_slice6-Ort.czi,old,glp1r,upper
608,50.0,10.8,540.0,F656_ARC _B3_slice6-Ort.czi,old,glp1r,upper
609,145.0,10.710344827586207,1553.0,F656_ARC _B3_slice6-Ort.czi,old,glp1r,upper
610,22349.0,9.173743791668532,205024.0,F656_ARC _B3_slice6-Ort.czi,old,glp1r,upper
611,132.0,11.181818181818182,1476.0,F656_ARC _B3_slice6-Ort.czi,old,glp1r,upper
612,735.0,9.394557823129253,6905.000000000001,F656_ARC _B3_slice6-Ort.czi,old,glp1r,upper
613,70.0,10.857142857142858,760.0,F656_ARC _B3_slice6-Ort.czi,old,glp1r,upper
614,237.0,10.90295358649789,2584.0,F656_ARC _B3_slice6-Ort.czi,old,glp1r,upper
615,153.0,8.843137254901961,1353.0,F656_ARC _B3_slice6-Ort.czi,old,glp1r,upper
616,102.0,10.950980392156863,1117.0,F656_ARC _B3_slice6-Ort.czi,old,glp1r,upper
617,3.0,9.333333333333334,28.0,F656_ARC _B3_slice6-Ort.czi,old,glp1r,upper
618,1099.0,9.153776160145586,10060.0,F656_ARC _B3_slice6-Ort.czi,old,glp1r,upper
619,134.0,13.111940298507463,1757.0,F656_ARC _B3_slice6-Ort.czi,old,glp1r,upper
620,37.0,11.0,407.0,F656_ARC _B3_slice6-Ort.czi,old,glp1r,upper
621,15.0,9.8,147.0,F656_ARC _B3_slice6-Ort.czi,old,glp1r,upper
622,15.0,10.4,156.0,F656_ARC _B3_slice6-Ort.czi,old,glp1r,upper
623,9.0,7.111111111111111,64.0,F656_ARC _B3_slice6-Ort.czi,old,glp1r,upper
624,91.0,10.945054945054945,996.0,F656_ARC _B3_slice6-Ort.czi,old,glp1r,upper
625,319.0,9.808777429467085,3129.0,F656_ARC _B3_slice6-Ort.czi,old,glp1r,upper
626,55.0,8.89090909090909,489.0,F656_ARC _B3_slice6-Ort.czi,old,glp1r,upper
627,147.0,10.523809523809524,1547.0,F656_ARC _B3_slice6-Ort.czi,old,glp1r,upper
628,16.0,8.8125,141.0,F656_ARC _B3_slice6-Ort.czi,old,glp1r,upper
629,89.0,11.269662921348315,1003.0000000000001,F656_ARC _B3_slice6-Ort.czi,old,glp1r,upper
630,50.0,9.42,471.0,F656_ARC _B3_slice6-Ort.czi,old,glp1r,upper
631,12.0,10.166666666666666,122.0,F656_ARC _B3_slice6-Ort.czi,old,glp1r,upper
632,20.0,8.75,175.0,F656_ARC _B3_slice6-Ort.czi,old,glp1r,upper
633,488.0,11.342213114754099,5535.0,F656_ARC _B3_slice6-Ort.czi,old,glp1r,upper
634,76.0,9.302631578947368,707.0,F656_ARC _B3_slice6-Ort.czi,old,glp1r,upper
635,79.0,11.189873417721518,883.9999999999999,F656_ARC _B3_slice6-Ort.czi,old,glp1r,upper
636,232.0,9.254310344827585,2147.0,F656_ARC _B3_slice6-Ort.czi,old,glp1r,upper
637,15.0,11.8,177.0,F656_ARC _B3_slice6-Ort.czi,old,glp1r,upper
638,445.0,11.107865168539325,4943.0,F656_ARC _B3_slice6-Ort.czi,old,glp1r,upper
639,109.0,10.284403669724771,1121.0,F656_ARC _B3_slice6-Ort.czi,old,glp1r,upper
640,51.0,9.411764705882353,480.0,F656_ARC _B3_slice6-Ort.czi,old,glp1r,upper
641,1.0,9.0,9.0,F656_ARC _B3_slice6-Ort.czi,old,glp1r,upper
642,126.0,12.571428571428571,1584.0,F656_ARC _B3_slice6-Ort.czi,old,glp1r,upper
643,178.0,10.117977528089888,1801.0,F656_ARC _B3_slice6-Ort.czi,old,glp1r,upper
644,4.0,13.25,53.0,F656_ARC _B3_slice6-Ort.czi,old,glp1r,upper
645,57.0,9.385964912280702,535.0,F656_ARC _B3_slice6-Ort.czi,old,glp1r,upper
646,1.0,4.0,4.0,F656_ARC _B3_slice6-Ort.czi,old,glp1r,upper
647,67.0,10.970149253731343,735.0,F656_ARC _B3_slice6-Ort.czi,old,glp1r,upper
648,109.0,9.229357798165138,1006.0,F656_ARC _B3_slice6-Ort.czi,old,glp1r,upper
649,75.0,9.493333333333334,712.0,F656_ARC _B3_slice6-Ort.czi,old,glp1r,upper
650,2.0,7.0,14.0,F656_ARC _B3_slice6-Ort.czi,old,glp1r,upper
651,5.0,9.0,45.0,F656_ARC _B3_slice6-Ort.czi,old,glp1r,upper
652,99.0,10.929292929292929,1082.0,F656_ARC _B3_slice6-Ort.czi,old,glp1r,upper
653,12.0,11.916666666666666,143.0,F656_ARC _B3_slice6-Ort.czi,old,glp1r,upper
654,150.0,10.28,1542.0,F656_ARC _B3_slice6-Ort.czi,old,glp1r,upper
655,698.0,10.085959885386819,7040.0,F656_ARC _B3_slice6-Ort.czi,old,glp1r,upper
656,802.0,9.859102244389028,7907.000000000001,F656_ARC _B3_slice6-Ort.czi,old,glp1r,upper
657,89.0,10.898876404494382,970.0,F656_ARC _B3_slice6-Ort.czi,old,glp1r,upper
658,91.0,10.967032967032967,998.0,F656_ARC _B3_slice6-Ort.czi,old,glp1r,upper
659,202.0,10.371287128712872,2095.0,F656_ARC _B3_slice6-Ort.czi,old,glp1r,upper
660,49456.0,10.087936751860239,498909.0,F656_ARC _B3_slice6-Ort.czi,old,glp1r,upper
661,34.0,10.5,357.0,F656_ARC _B3_slice6-Ort.czi,old,glp1r,upper
662,11.0,36.27272727272727,399.0,F656_ARC _B3_slice6-Ort.czi,old,glp1r,upper
663,67.0,9.26865671641791,621.0,F656_ARC _B3_slice6-Ort.czi,old,glp1r,upper
664,478.0,11.332635983263598,5417.0,F656_ARC _B3_slice6-Ort.czi,old,glp1r,upper
665,222.0,9.81981981981982,2180.0,F656_ARC _B3_slice6-Ort.czi,old,glp1r,upper
666,69.0,11.608695652173912,800.9999999999999,F656_ARC _B3_slice6-Ort.czi,old,glp1r,upper
667,63.0,8.714285714285714,549.0,F656_ARC _B3_slice6-Ort.czi,old,glp1r,upper
668,5.0,8.8,44.0,F656_ARC _B3_slice6-Ort.czi,old,glp1r,upper
669,10.0,45.7,457.0,F656_ARC _B3_slice6-Ort.czi,old,glp1r,upper
670,288.0,9.229166666666666,2658.0,F656_ARC _B3_slice6-Ort.czi,old,glp1r,upper
671,1.0,8.0,8.0,F656_ARC _B3_slice6-Ort.czi,old,glp1r,upper
672,34.0,10.176470588235293,346.0,F656_ARC _B3_slice6-Ort.czi,old,glp1r,upper
673,79.0,10.443037974683545,825.0,F656_ARC _B3_slice6-Ort.czi,old,glp1r,upper
674,8.0,8.0,64.0,F656_ARC _B3_slice6-Ort.czi,old,glp1r,upper
675,27003.0,9.579898529792986,258686.0,F656_ARC _B3_slice6-Ort.czi,old,glp1r,upper
676,42.0,8.714285714285714,365.99999999999994,F656_ARC _B3_slice6-Ort.czi,old,glp1r,upper
677,108.0,9.842592592592593,1063.0,F656_ARC _B3_slice6-Ort.czi,old,glp1r,upper
678,64.0,9.234375,591.0,F656_ARC _B3_slice6-Ort.czi,old,glp1r,upper
679,91.0,12.23076923076923,1113.0,F656_ARC _B3_slice6-Ort.czi,old,glp1r,upper
680,25928.0,9.515041653810552,246706.0,F656_ARC _B3_slice6-Ort.czi,old,glp1r,upper
681,45.0,9.4,423.0,F656_ARC _B3_slice6-Ort.czi,old,glp1r,upper
682,187.0,9.72192513368984,1818.0000000000002,F656_ARC _B3_slice6-Ort.czi,old,glp1r,upper
683,72.0,10.277777777777779,740.0,F656_ARC _B3_slice6-Ort.czi,old,glp1r,upper
684,27.0,9.37037037037037,253.0,F656_ARC _B3_slice6-Ort.czi,old,glp1r,upper
685,6215.0,9.928881737731295,61708.0,F656_ARC _B3_slice6-Ort.czi,old,glp1r,upper
686,60.0,10.183333333333334,611.0,F656_ARC _B3_slice6-Ort.czi,old,glp1r,upper
687,149.0,9.228187919463087,1375.0,F656_ARC _B3_slice6-Ort.czi,old,glp1r,upper
688,298.0,10.651006711409396,3174.0,F656_ARC _B3_slice6-Ort.czi,old,glp1r,upper
689,214.0,10.677570093457945,2285.0,F656_ARC _B3_slice6-Ort.czi,old,glp1r,upper
690,57.0,10.175438596491228,580.0,F656_ARC _B3_slice6-Ort.czi,old,glp1r,upper
691,293.0,10.648464163822526,3120.0,F656_ARC _B3_slice6-Ort.czi,old,glp1r,upper
692,92.0,10.478260869565217,964.0,F656_ARC _B3_slice6-Ort.czi,old,glp1r,upper
693,19.0,10.842105263157896,206.00000000000003,F656_ARC _B3_slice6-Ort.czi,old,glp1r,upper
694,2.0,7.5,15.0,F656_ARC _B3_slice6-Ort.czi,old,glp1r,upper
695,11.0,11.363636363636363,125.0,F656_ARC _B3_slice6-Ort.czi,old,glp1r,upper
696,11.0,10.545454545454545,116.0,F656_ARC _B3_slice6-Ort.czi,old,glp1r,upper
697,54.0,13.88888888888889,750.0,F656_ARC _B3_slice6-Ort.czi,old,glp1r,upper
698,81.0,10.580246913580247,857.0,F656_ARC _B3_slice6-Ort.czi,old,glp1r,upper
699,47.0,8.936170212765957,419.99999999999994,F656_ARC _B3_slice6-Ort.czi,old,glp1r,upper
700,576.0,10.06076388888889,5795.0,F656_ARC _B3_slice6-Ort.czi,old,glp1r,upper
701,42.0,10.80952380952381,454.0,F656_ARC _B3_slice6-Ort.czi,old,glp1r,upper
702,30.0,17.5,525.0,F656_ARC _B3_slice6-Ort.czi,old,glp1r,upper
703,134.0,9.485074626865671,1271.0,F656_ARC _B3_slice6-Ort.czi,old,glp1r,upper
704,18.0,12.777777777777779,230.0,F656_ARC _B3_slice6-Ort.czi,old,glp1r,upper
705,25.0,10.92,273.0,F656_ARC _B3_slice6-Ort.czi,old,glp1r,upper
706,27.0,10.666666666666666,288.0,F656_ARC _B3_slice6-Ort.czi,old,glp1r,upper
707,67.0,9.880597014925373,662.0,F656_ARC _B3_slice6-Ort.czi,old,glp1r,upper
708,101.0,10.178217821782178,1028.0,F656_ARC _B3_slice6-Ort.czi,old,glp1r,upper
709,40.0,10.625,425.0,F656_ARC _B3_slice6-Ort.czi,old,glp1r,upper
710,15.0,9.333333333333334,140.0,F656_ARC _B3_slice6-Ort.czi,old,glp1r,upper
711,33.0,9.424242424242424,311.0,F656_ARC _B3_slice6-Ort.czi,old,glp1r,upper
712,3.0,9.333333333333334,28.0,F656_ARC _B3_slice6-Ort.czi,old,glp1r,upper
713,159.0,8.855345911949685,1408.0,F656_ARC _B3_slice6-Ort.czi,old,glp1r,upper
714,19.0,9.789473684210526,186.0,F656_ARC _B3_slice6-Ort.czi,old,glp1r,upper
715,116.0,9.724137931034482,1128.0,F656_ARC _B3_slice6-Ort.czi,old,glp1r,upper
716,35.0,9.4,329.0,F656_ARC _B3_slice6-Ort.czi,old,glp1r,upper
717,16.0,9.625,154.0,F656_ARC _B3_slice6-Ort.czi,old,glp1r,upper
718,99.0,10.494949494949495,1039.0,F656_ARC _B3_slice6-Ort.czi,old,glp1r,upper
719,38.0,10.131578947368421,385.0,F656_ARC _B3_slice6-Ort.czi,old,glp1r,upper
720,16.0,8.5,136.0,F656_ARC _B3_slice6-Ort.czi,old,glp1r,upper
721,441.0,10.272108843537415,4530.0,F656_ARC _B3_slice6-Ort.czi,old,glp1r,upper
722,824.0,10.678398058252426,8799.0,F656_ARC _B3_slice6-Ort.czi,old,glp1r,upper
723,292.0,10.941780821917808,3195.0,F656_ARC _B3_slice6-Ort.czi,old,glp1r,upper
724,133.0,9.466165413533835,1259.0,F656_ARC _B3_slice6-Ort.czi,old,glp1r,upper
725,73.0,10.0,730.0,F656_ARC _B3_slice6-Ort.czi,old,glp1r,upper
726,58.0,9.120689655172415,529.0,F656_ARC _B3_slice6-Ort.czi,old,glp1r,upper
727,38.0,10.894736842105264,414.0,F656_ARC _B3_slice6-Ort.czi,old,glp1r,upper
728,183.0,10.26775956284153,1879.0,F656_ARC _B3_slice6-Ort.czi,old,glp1r,upper
729,26.0,12.846153846153847,334.0,F656_ARC _B3_slice6-Ort.czi,old,glp1r,upper
730,47.0,9.191489361702128,432.00000000000006,F656_ARC _B3_slice6-Ort.czi,old,glp1r,upper
731,44.0,11.431818181818182,503.0,F656_ARC _B3_slice6-Ort.czi,old,glp1r,upper
732,119.0,10.781512605042018,1283.0,F656_ARC _B3_slice6-Ort.czi,old,glp1r,upper
733,2285.0,9.648140043763677,22046.0,F656_ARC _B3_slice6-Ort.czi,old,glp1r,upper
734,24.0,12.041666666666666,289.0,F656_ARC _B3_slice6-Ort.czi,old,glp1r,upper
735,369.0,8.902439024390244,3285.0,F656_ARC _B3_slice6-Ort.czi,old,glp1r,upper
736,22.0,9.272727272727273,204.0,F656_ARC _B3_slice6-Ort.czi,old,glp1r,upper
737,30.0,10.866666666666667,326.0,F656_ARC _B3_slice6-Ort.czi,old,glp1r,upper
738,604.0,10.559602649006623,6378.0,F656_ARC _B3_slice6-Ort.czi,old,glp1r,upper
739,119.0,12.411764705882353,1477.0,F656_ARC _B3_slice6-Ort.czi,old,glp1r,upper
740,58.0,11.568965517241379,671.0,F656_ARC _B3_slice6-Ort.czi,old,glp1r,upper
741,53.0,9.830188679245284,521.0,F656_ARC _B3_slice6-Ort.czi,old,glp1r,upper
742,41.0,9.048780487804878,371.0,F656_ARC _B3_slice6-Ort.czi,old,glp1r,upper
743,363.0,9.336088154269973,3389.0,F656_ARC _B3_slice6-Ort.czi,old,glp1r,upper
744,77.0,10.857142857142858,836.0,F656_ARC _B3_slice6-Ort.czi,old,glp1r,upper
745,65.0,11.446153846153846,744.0,F656_ARC _B3_slice6-Ort.czi,old,glp1r,upper
746,21.0,10.380952380952381,218.0,F656_ARC _B3_slice6-Ort.czi,old,glp1r,upper
747,86.0,8.627906976744185,742.0,F656_ARC _B3_slice6-Ort.czi,old,glp1r,upper
748,105.0,10.952380952380953,1150.0,F656_ARC _B3_slice6-Ort.czi,old,glp1r,upper
749,64.0,10.015625,641.0,F656_ARC _B3_slice6-Ort.czi,old,glp1r,upper
1,1261.0,7.02934179222839,8864.0,B465_ARC _C3_slice4-Ort.czi,old,glp1r,upper
2,19.0,6.2105263157894735,118.0,B465_ARC _C3_slice4-Ort.czi,old,glp1r,upper
3,25.0,5.0,125.0,B465_ARC _C3_slice4-Ort.czi,old,glp1r,upper
4,93.0,13.935483870967742,1296.0,B465_ARC _C3_slice4-Ort.czi,old,glp1r,upper
5,186.0,5.333333333333333,992.0,B465_ARC _C3_slice4-Ort.czi,old,glp1r,upper
6,33.0,4.666666666666667,154.0,B465_ARC _C3_slice4-Ort.czi,old,glp1r,upper
7,3.0,9.0,27.0,B465_ARC _C3_slice4-Ort.czi,old,glp1r,upper
8,20.0,6.15,123.0,B465_ARC _C3_slice4-Ort.czi,old,glp1r,upper
9,60.0,13.35,801.0,B465_ARC _C3_slice4-Ort.czi,old,glp1r,upper
10,91.0,5.56043956043956,506.0,B465_ARC _C3_slice4-Ort.czi,old,glp1r,upper
11,21.0,5.857142857142857,122.99999999999999,B465_ARC _C3_slice4-Ort.czi,old,glp1r,upper
12,164.0,8.585365853658537,1408.0,B465_ARC _C3_slice4-Ort.czi,old,glp1r,upper
13,1.0,9.0,9.0,B465_ARC _C3_slice4-Ort.czi,old,glp1r,upper
14,10.0,5.3,53.0,B465_ARC _C3_slice4-Ort.czi,old,glp1r,upper
15,1.0,4.0,4.0,B465_ARC _C3_slice4-Ort.czi,old,glp1r,upper
16,15.0,5.333333333333333,80.0,B465_ARC _C3_slice4-Ort.czi,old,glp1r,upper
17,849.0,14.657243816254416,12444.0,B465_ARC _C3_slice4-Ort.czi,old,glp1r,upper
18,8.0,7.5,60.0,B465_ARC _C3_slice4-Ort.czi,old,glp1r,upper
19,49.0,5.428571428571429,266.0,B465_ARC _C3_slice4-Ort.czi,old,glp1r,upper
20,39.0,6.871794871794871,268.0,B465_ARC _C3_slice4-Ort.czi,old,glp1r,upper
21,24.0,5.125,123.0,B465_ARC _C3_slice4-Ort.czi,old,glp1r,upper
22,51.0,7.0588235294117645,360.0,B465_ARC _C3_slice4-Ort.czi,old,glp1r,upper
23,23.0,9.130434782608695,210.0,B465_ARC _C3_slice4-Ort.czi,old,glp1r,upper
24,16.0,6.25,100.0,B465_ARC _C3_slice4-Ort.czi,old,glp1r,upper
25,86.0,5.790697674418604,497.99999999999994,B465_ARC _C3_slice4-Ort.czi,old,glp1r,upper
26,10.0,7.3,73.0,B465_ARC _C3_slice4-Ort.czi,old,glp1r,upper
27,486.0,12.261316872427983,5959.0,B465_ARC _C3_slice4-Ort.czi,old,glp1r,upper
28,80.0,6.0625,485.0,B465_ARC _C3_slice4-Ort.czi,old,glp1r,upper
29,12.0,8.083333333333334,97.0,B465_ARC _C3_slice4-Ort.czi,old,glp1r,upper
30,12.0,5.166666666666667,62.0,B465_ARC _C3_slice4-Ort.czi,old,glp1r,upper
31,20.0,4.95,99.0,B465_ARC _C3_slice4-Ort.czi,old,glp1r,upper
32,48.0,5.625,270.0,B465_ARC _C3_slice4-Ort.czi,old,glp1r,upper
33,348.0,5.0201149425287355,1747.0,B465_ARC _C3_slice4-Ort.czi,old,glp1r,upper
34,13.0,8.0,104.0,B465_ARC _C3_slice4-Ort.czi,old,glp1r,upper
35,7.0,4.714285714285714,33.0,B465_ARC _C3_slice4-Ort.czi,old,glp1r,upper
36,283.0,5.3144876325088335,1503.9999999999998,B465_ARC _C3_slice4-Ort.czi,old,glp1r,upper
37,100.0,4.72,472.0,B465_ARC _C3_slice4-Ort.czi,old,glp1r,upper
38,55.0,7.8545454545454545,432.0,B465_ARC _C3_slice4-Ort.czi,old,glp1r,upper
39,127.0,7.929133858267717,1007.0,B465_ARC _C3_slice4-Ort.czi,old,glp1r,upper
40,9.0,8.333333333333334,75.0,B465_ARC _C3_slice4-Ort.czi,old,glp1r,upper
41,111.0,9.252252252252251,1027.0,B465_ARC _C3_slice4-Ort.czi,old,glp1r,upper
42,24.0,6.0,144.0,B465_ARC _C3_slice4-Ort.czi,old,glp1r,upper
43,14.0,7.5,105.0,B465_ARC _C3_slice4-Ort.czi,old,glp1r,upper
44,21.0,5.333333333333333,112.0,B465_ARC _C3_slice4-Ort.czi,old,glp1r,upper
45,149.0,4.89261744966443,729.0,B465_ARC _C3_slice4-Ort.czi,old,glp1r,upper
46,197.0,5.781725888324873,1139.0,B465_ARC _C3_slice4-Ort.czi,old,glp1r,upper
47,40.0,7.625,305.0,B465_ARC _C3_slice4-Ort.czi,old,glp1r,upper
48,40.0,6.225,249.0,B465_ARC _C3_slice4-Ort.czi,old,glp1r,upper
49,31.0,5.129032258064516,159.0,B465_ARC _C3_slice4-Ort.czi,old,glp1r,upper
50,8.0,11.25,90.0,B465_ARC _C3_slice4-Ort.czi,old,glp1r,upper
51,271.0,4.841328413284133,1312.0,B465_ARC _C3_slice4-Ort.czi,old,glp1r,upper
52,255.0,6.447058823529412,1644.0,B465_ARC _C3_slice4-Ort.czi,old,glp1r,upper
53,23.0,4.521739130434782,103.99999999999999,B465_ARC _C3_slice4-Ort.czi,old,glp1r,upper
54,53.0,7.584905660377358,402.0,B465_ARC _C3_slice4-Ort.czi,old,glp1r,upper
55,9.0,4.222222222222222,38.0,B465_ARC _C3_slice4-Ort.czi,old,glp1r,upper
56,12.0,17.0,204.0,B465_ARC _C3_slice4-Ort.czi,old,glp1r,upper
57,27.0,5.814814814814815,157.0,B465_ARC _C3_slice4-Ort.czi,old,glp1r,upper
58,99.0,5.696969696969697,564.0,B465_ARC _C3_slice4-Ort.czi,old,glp1r,upper
59,53.0,6.679245283018868,354.0,B465_ARC _C3_slice4-Ort.czi,old,glp1r,upper
60,118.0,7.338983050847458,866.0,B465_ARC _C3_slice4-Ort.czi,old,glp1r,upper
61,94.0,5.180851063829787,487.0,B465_ARC _C3_slice4-Ort.czi,old,glp1r,upper
62,146.0,5.602739726027397,818.0,B465_ARC _C3_slice4-Ort.czi,old,glp1r,upper
63,71.0,5.309859154929577,376.99999999999994,B465_ARC _C3_slice4-Ort.czi,old,glp1r,upper
64,120.0,4.983333333333333,598.0,B465_ARC _C3_slice4-Ort.czi,old,glp1r,upper
65,62.0,5.612903225806452,348.0,B465_ARC _C3_slice4-Ort.czi,old,glp1r,upper
66,87.0,5.7701149425287355,502.0,B465_ARC _C3_slice4-Ort.czi,old,glp1r,upper
67,63.0,7.031746031746032,443.0,B465_ARC _C3_slice4-Ort.czi,old,glp1r,upper
68,279.0,5.236559139784946,1461.0,B465_ARC _C3_slice4-Ort.czi,old,glp1r,upper
69,25.0,6.12,153.0,B465_ARC _C3_slice4-Ort.czi,old,glp1r,upper
70,44.0,4.7727272727272725,210.0,B465_ARC _C3_slice4-Ort.czi,old,glp1r,upper
71,314.0,5.426751592356688,1704.0,B465_ARC _C3_slice4-Ort.czi,old,glp1r,upper
72,2.0,5.0,10.0,B465_ARC _C3_slice4-Ort.czi,old,glp1r,upper
73,7.0,6.571428571428571,46.0,B465_ARC _C3_slice4-Ort.czi,old,glp1r,upper
74,107.0,5.700934579439252,610.0,B465_ARC _C3_slice4-Ort.czi,old,glp1r,upper
75,282.0,5.709219858156028,1610.0,B465_ARC _C3_slice4-Ort.czi,old,glp1r,upper
76,68.0,6.073529411764706,413.0,B465_ARC _C3_slice4-Ort.czi,old,glp1r,upper
77,12.0,5.5,66.0,B465_ARC _C3_slice4-Ort.czi,old,glp1r,upper
78,17.0,7.647058823529412,130.0,B465_ARC _C3_slice4-Ort.czi,old,glp1r,upper
79,85.0,6.023529411764706,512.0,B465_ARC _C3_slice4-Ort.czi,old,glp1r,upper
80,8.0,8.125,65.0,B465_ARC _C3_slice4-Ort.czi,old,glp1r,upper
81,29.0,5.896551724137931,171.0,B465_ARC _C3_slice4-Ort.czi,old,glp1r,upper
82,23.0,4.478260869565218,103.00000000000001,B465_ARC _C3_slice4-Ort.czi,old,glp1r,upper
83,42.0,6.5476190476190474,275.0,B465_ARC _C3_slice4-Ort.czi,old,glp1r,upper
84,19.0,5.578947368421052,105.99999999999999,B465_ARC _C3_slice4-Ort.czi,old,glp1r,upper
85,18.0,7.5,135.0,B465_ARC _C3_slice4-Ort.czi,old,glp1r,upper
86,129.0,5.0852713178294575,656.0,B465_ARC _C3_slice4-Ort.czi,old,glp1r,upper
87,17.0,5.176470588235294,88.0,B465_ARC _C3_slice4-Ort.czi,old,glp1r,upper
88,36.0,5.944444444444445,214.0,B465_ARC _C3_slice4-Ort.czi,old,glp1r,upper
89,18.0,6.5,117.0,B465_ARC _C3_slice4-Ort.czi,old,glp1r,upper
90,23.0,7.260869565217392,167.0,B465_ARC _C3_slice4-Ort.czi,old,glp1r,upper
91,16.0,7.75,124.0,B465_ARC _C3_slice4-Ort.czi,old,glp1r,upper
92,287.0,5.313588850174216,1525.0,B465_ARC _C3_slice4-Ort.czi,old,glp1r,upper
93,6.0,7.0,42.0,B465_ARC _C3_slice4-Ort.czi,old,glp1r,upper
94,43.0,6.976744186046512,300.0,B465_ARC _C3_slice4-Ort.czi,old,glp1r,upper
95,110.0,5.0,550.0,B465_ARC _C3_slice4-Ort.czi,old,glp1r,upper
96,5.0,7.0,35.0,B465_ARC _C3_slice4-Ort.czi,old,glp1r,upper
97,38.0,6.578947368421052,249.99999999999997,B465_ARC _C3_slice4-Ort.czi,old,glp1r,upper
98,15.0,5.933333333333334,89.0,B465_ARC _C3_slice4-Ort.czi,old,glp1r,upper
99,12.0,7.416666666666667,89.0,B465_ARC _C3_slice4-Ort.czi,old,glp1r,upper
100,2.0,4.5,9.0,B465_ARC _C3_slice4-Ort.czi,old,glp1r,upper
101,153.0,5.006535947712418,766.0,B465_ARC _C3_slice4-Ort.czi,old,glp1r,upper
102,37.0,7.297297297297297,270.0,B465_ARC _C3_slice4-Ort.czi,old,glp1r,upper
103,262.0,5.103053435114504,1337.0,B465_ARC _C3_slice4-Ort.czi,old,glp1r,upper
104,223.0,5.63677130044843,1257.0,B465_ARC _C3_slice4-Ort.czi,old,glp1r,upper
105,11.0,5.0,55.0,B465_ARC _C3_slice4-Ort.czi,old,glp1r,upper
106,37.0,6.135135135135135,227.0,B465_ARC _C3_slice4-Ort.czi,old,glp1r,upper
107,13.0,6.6923076923076925,87.0,B465_ARC _C3_slice4-Ort.czi,old,glp1r,upper
108,6.0,11.833333333333334,71.0,B465_ARC _C3_slice4-Ort.czi,old,glp1r,upper
109,49.0,6.020408163265306,295.0,B465_ARC _C3_slice4-Ort.czi,old,glp1r,upper
110,7.0,4.571428571428571,32.0,B465_ARC _C3_slice4-Ort.czi,old,glp1r,upper
111,26.0,4.576923076923077,119.0,B465_ARC _C3_slice4-Ort.czi,old,glp1r,upper
112,67.0,7.1940298507462686,482.0,B465_ARC _C3_slice4-Ort.czi,old,glp1r,upper
113,1.0,4.0,4.0,B465_ARC _C3_slice4-Ort.czi,old,glp1r,upper
114,22.0,6.2272727272727275,137.0,B465_ARC _C3_slice4-Ort.czi,old,glp1r,upper
115,7.0,4.571428571428571,32.0,B465_ARC _C3_slice4-Ort.czi,old,glp1r,upper
116,131.0,6.587786259541985,863.0,B465_ARC _C3_slice4-Ort.czi,old,glp1r,upper
117,91.0,5.6923076923076925,518.0,B465_ARC _C3_slice4-Ort.czi,old,glp1r,upper
118,32.0,5.25,168.0,B465_ARC _C3_slice4-Ort.czi,old,glp1r,upper
119,1.0,4.0,4.0,B465_ARC _C3_slice4-Ort.czi,old,glp1r,upper
120,7.0,9.0,63.0,B465_ARC _C3_slice4-Ort.czi,old,glp1r,upper
121,1.0,10.0,10.0,B465_ARC _C3_slice4-Ort.czi,old,glp1r,upper
122,10165.0,5.409640924741761,54989.0,B465_ARC _C3_slice4-Ort.czi,old,glp1r,upper
123,2.0,3.5,7.0,B465_ARC _C3_slice4-Ort.czi,old,glp1r,upper
124,3.0,6.0,18.0,B465_ARC _C3_slice4-Ort.czi,old,glp1r,upper
125,5.0,4.8,24.0,B465_ARC _C3_slice4-Ort.czi,old,glp1r,upper
126,3.0,13.0,39.0,B465_ARC _C3_slice4-Ort.czi,old,glp1r,upper
127,4.0,8.5,34.0,B465_ARC _C3_slice4-Ort.czi,old,glp1r,upper
128,31.0,8.32258064516129,258.0,B465_ARC _C3_slice4-Ort.czi,old,glp1r,upper
129,42.0,5.904761904761905,248.0,B465_ARC _C3_slice4-Ort.czi,old,glp1r,upper
130,41.0,5.853658536585366,240.0,B465_ARC _C3_slice4-Ort.czi,old,glp1r,upper
131,23.0,7.739130434782608,178.0,B465_ARC _C3_slice4-Ort.czi,old,glp1r,upper
132,77.0,4.961038961038961,382.0,B465_ARC _C3_slice4-Ort.czi,old,glp1r,upper
133,5.0,4.2,21.0,B465_ARC _C3_slice4-Ort.czi,old,glp1r,upper
134,13.0,9.923076923076923,129.0,B465_ARC _C3_slice4-Ort.czi,old,glp1r,upper
135,24.0,10.25,246.0,B465_ARC _C3_slice4-Ort.czi,old,glp1r,upper
136,4.0,9.0,36.0,B465_ARC _C3_slice4-Ort.czi,old,glp1r,upper
137,12.0,7.75,93.0,B465_ARC _C3_slice4-Ort.czi,old,glp1r,upper
138,32.0,8.90625,285.0,B465_ARC _C3_slice4-Ort.czi,old,glp1r,upper
139,160.0,5.375,860.0,B465_ARC _C3_slice4-Ort.czi,old,glp1r,upper
140,40.0,4.875,195.0,B465_ARC _C3_slice4-Ort.czi,old,glp1r,upper
141,35.0,8.028571428571428,281.0,B465_ARC _C3_slice4-Ort.czi,old,glp1r,upper
142,2.0,8.5,17.0,B465_ARC _C3_slice4-Ort.czi,old,glp1r,upper
143,14.0,7.571428571428571,106.0,B465_ARC _C3_slice4-Ort.czi,old,glp1r,upper
144,9.0,5.0,45.0,B465_ARC _C3_slice4-Ort.czi,old,glp1r,upper
145,14.0,12.5,175.0,B465_ARC _C3_slice4-Ort.czi,old,glp1r,upper
146,48.0,8.375,402.0,B465_ARC _C3_slice4-Ort.czi,old,glp1r,upper
147,9.0,7.888888888888889,71.0,B465_ARC _C3_slice4-Ort.czi,old,glp1r,upper
148,135.0,5.6,756.0,B465_ARC _C3_slice4-Ort.czi,old,glp1r,upper
149,53.0,4.830188679245283,256.0,B465_ARC _C3_slice4-Ort.czi,old,glp1r,upper
150,118.0,5.38135593220339,635.0,B465_ARC _C3_slice4-Ort.czi,old,glp1r,upper
151,18.0,4.555555555555555,82.0,B465_ARC _C3_slice4-Ort.czi,old,glp1r,upper
152,3.0,6.0,18.0,B465_ARC _C3_slice4-Ort.czi,old,glp1r,upper
153,32.0,5.375,172.0,B465_ARC _C3_slice4-Ort.czi,old,glp1r,upper
154,36.0,5.75,207.0,B465_ARC _C3_slice4-Ort.czi,old,glp1r,upper
155,62.0,6.612903225806452,410.0,B465_ARC _C3_slice4-Ort.czi,old,glp1r,upper
156,89.0,5.134831460674158,457.00000000000006,B465_ARC _C3_slice4-Ort.czi,old,glp1r,upper
157,17.0,8.411764705882353,143.0,B465_ARC _C3_slice4-Ort.czi,old,glp1r,upper
158,26.0,5.769230769230769,150.0,B465_ARC _C3_slice4-Ort.czi,old,glp1r,upper
159,135.0,6.111111111111111,825.0,B465_ARC _C3_slice4-Ort.czi,old,glp1r,upper
160,28.0,5.714285714285714,160.0,B465_ARC _C3_slice4-Ort.czi,old,glp1r,upper
161,29.0,11.655172413793103,338.0,B465_ARC _C3_slice4-Ort.czi,old,glp1r,upper
162,64.0,6.71875,430.0,B465_ARC _C3_slice4-Ort.czi,old,glp1r,upper
163,5.0,4.8,24.0,B465_ARC _C3_slice4-Ort.czi,old,glp1r,upper
164,38.0,4.7368421052631575,180.0,B465_ARC _C3_slice4-Ort.czi,old,glp1r,upper
165,61.0,8.721311475409836,532.0,B465_ARC _C3_slice4-Ort.czi,old,glp1r,upper
166,36.0,5.694444444444445,205.0,B465_ARC _C3_slice4-Ort.czi,old,glp1r,upper
167,124.0,5.0,620.0,B465_ARC _C3_slice4-Ort.czi,old,glp1r,upper
168,27.0,6.7407407407407405,182.0,B465_ARC _C3_slice4-Ort.czi,old,glp1r,upper
169,6.0,6.5,39.0,B465_ARC _C3_slice4-Ort.czi,old,glp1r,upper
170,306.0,4.9411764705882355,1512.0,B465_ARC _C3_slice4-Ort.czi,old,glp1r,upper
171,3.0,5.0,15.0,B465_ARC _C3_slice4-Ort.czi,old,glp1r,upper
172,11.0,12.090909090909092,133.0,B465_ARC _C3_slice4-Ort.czi,old,glp1r,upper
173,22.0,9.727272727272727,214.0,B465_ARC _C3_slice4-Ort.czi,old,glp1r,upper
174,12.0,8.583333333333334,103.0,B465_ARC _C3_slice4-Ort.czi,old,glp1r,upper
175,1.0,4.0,4.0,B465_ARC _C3_slice4-Ort.czi,old,glp1r,upper
176,2.0,5.5,11.0,B465_ARC _C3_slice4-Ort.czi,old,glp1r,upper
177,26.0,6.6923076923076925,174.0,B465_ARC _C3_slice4-Ort.czi,old,glp1r,upper
178,168.0,5.857142857142857,983.9999999999999,B465_ARC _C3_slice4-Ort.czi,old,glp1r,upper
179,235.0,6.782978723404256,1594.0,B465_ARC _C3_slice4-Ort.czi,old,glp1r,upper
180,23.0,6.304347826086956,145.0,B465_ARC _C3_slice4-Ort.czi,old,glp1r,upper
181,1.0,5.0,5.0,B465_ARC _C3_slice4-Ort.czi,old,glp1r,upper
182,2.0,6.0,12.0,B465_ARC _C3_slice4-Ort.czi,old,glp1r,upper
183,16.0,6.875,110.0,B465_ARC _C3_slice4-Ort.czi,old,glp1r,upper
184,87.0,4.896551724137931,425.99999999999994,B465_ARC _C3_slice4-Ort.czi,old,glp1r,upper
185,25.0,7.36,184.0,B465_ARC _C3_slice4-Ort.czi,old,glp1r,upper
186,5.0,6.0,30.0,B465_ARC _C3_slice4-Ort.czi,old,glp1r,upper
187,1.0,5.0,5.0,B465_ARC _C3_slice4-Ort.czi,old,glp1r,upper
188,19.0,5.684210526315789,108.0,B465_ARC _C3_slice4-Ort.czi,old,glp1r,upper
189,10.0,8.5,85.0,B465_ARC _C3_slice4-Ort.czi,old,glp1r,upper
190,18.0,8.333333333333334,150.0,B465_ARC _C3_slice4-Ort.czi,old,glp1r,upper
191,49.0,5.673469387755102,278.0,B465_ARC _C3_slice4-Ort.czi,old,glp1r,upper
192,173.0,5.23121387283237,905.0,B465_ARC _C3_slice4-Ort.czi,old,glp1r,upper
193,53.0,6.452830188679245,342.0,B465_ARC _C3_slice4-Ort.czi,old,glp1r,upper
194,20.0,6.55,131.0,B465_ARC _C3_slice4-Ort.czi,old,glp1r,upper
195,15.0,5.733333333333333,86.0,B465_ARC _C3_slice4-Ort.czi,old,glp1r,upper
196,4.0,8.25,33.0,B465_ARC _C3_slice4-Ort.czi,old,glp1r,upper
197,21.0,9.952380952380953,209.0,B465_ARC _C3_slice4-Ort.czi,old,glp1r,upper
198,7.0,8.571428571428571,60.0,B465_ARC _C3_slice4-Ort.czi,old,glp1r,upper
199,43.0,6.3023255813953485,271.0,B465_ARC _C3_slice4-Ort.czi,old,glp1r,upper
200,27.0,6.962962962962963,188.0,B465_ARC _C3_slice4-Ort.czi,old,glp1r,upper
201,220.0,4.945454545454545,1088.0,B465_ARC _C3_slice4-Ort.czi,old,glp1r,upper
202,40.0,6.425,257.0,B465_ARC _C3_slice4-Ort.czi,old,glp1r,upper
203,60.0,7.65,459.0,B465_ARC _C3_slice4-Ort.czi,old,glp1r,upper
204,20.0,9.75,195.0,B465_ARC _C3_slice4-Ort.czi,old,glp1r,upper
205,14.0,5.714285714285714,80.0,B465_ARC _C3_slice4-Ort.czi,old,glp1r,upper
206,38.0,7.605263157894737,289.0,B465_ARC _C3_slice4-Ort.czi,old,glp1r,upper
207,74.0,4.851351351351352,359.00000000000006,B465_ARC _C3_slice4-Ort.czi,old,glp1r,upper
208,129.0,4.813953488372093,621.0,B465_ARC _C3_slice4-Ort.czi,old,glp1r,upper
209,1.0,5.0,5.0,B465_ARC _C3_slice4-Ort.czi,old,glp1r,upper
210,19.0,5.0,95.0,B465_ARC _C3_slice4-Ort.czi,old,glp1r,upper
211,30.0,7.6,228.0,B465_ARC _C3_slice4-Ort.czi,old,glp1r,upper
212,256.0,5.7265625,1466.0,B465_ARC _C3_slice4-Ort.czi,old,glp1r,upper
213,9.0,7.444444444444445,67.0,B465_ARC _C3_slice4-Ort.czi,old,glp1r,upper
214,4.0,7.25,29.0,B465_ARC _C3_slice4-Ort.czi,old,glp1r,upper
215,1.0,5.0,5.0,B465_ARC _C3_slice4-Ort.czi,old,glp1r,upper
216,8.0,5.875,47.0,B465_ARC _C3_slice4-Ort.czi,old,glp1r,upper
217,28.0,5.214285714285714,146.0,B465_ARC _C3_slice4-Ort.czi,old,glp1r,upper
218,2.0,8.5,17.0,B465_ARC _C3_slice4-Ort.czi,old,glp1r,upper
219,91.0,7.8901098901098905,718.0,B465_ARC _C3_slice4-Ort.czi,old,glp1r,upper
220,21.0,5.476190476190476,115.0,B465_ARC _C3_slice4-Ort.czi,old,glp1r,upper
221,30.0,5.433333333333334,163.0,B465_ARC _C3_slice4-Ort.czi,old,glp1r,upper
222,1.0,3.0,3.0,B465_ARC _C3_slice4-Ort.czi,old,glp1r,upper
223,4.0,5.5,22.0,B465_ARC _C3_slice4-Ort.czi,old,glp1r,upper
224,7.0,6.857142857142857,48.0,B465_ARC _C3_slice4-Ort.czi,old,glp1r,upper
225,13.0,6.846153846153846,89.0,B465_ARC _C3_slice4-Ort.czi,old,glp1r,upper
226,11.0,5.090909090909091,56.0,B465_ARC _C3_slice4-Ort.czi,old,glp1r,upper
227,18.0,4.777777777777778,86.0,B465_ARC _C3_slice4-Ort.czi,old,glp1r,upper
228,3.0,6.666666666666667,20.0,B465_ARC _C3_slice4-Ort.czi,old,glp1r,upper
229,40.0,6.675,267.0,B465_ARC _C3_slice4-Ort.czi,old,glp1r,upper
230,4.0,6.25,25.0,B465_ARC _C3_slice4-Ort.czi,old,glp1r,upper
231,13.0,6.846153846153846,89.0,B465_ARC _C3_slice4-Ort.czi,old,glp1r,upper
232,34.0,5.5588235294117645,189.0,B465_ARC _C3_slice4-Ort.czi,old,glp1r,upper
233,14.0,6.571428571428571,92.0,B465_ARC _C3_slice4-Ort.czi,old,glp1r,upper
234,42.0,9.547619047619047,401.0,B465_ARC _C3_slice4-Ort.czi,old,glp1r,upper
235,99.0,5.181818181818182,513.0,B465_ARC _C3_slice4-Ort.czi,old,glp1r,upper
236,32.0,6.6875,214.0,B465_ARC _C3_slice4-Ort.czi,old,glp1r,upper
237,36.0,4.638888888888889,167.0,B465_ARC _C3_slice4-Ort.czi,old,glp1r,upper
238,71.0,8.535211267605634,606.0,B465_ARC _C3_slice4-Ort.czi,old,glp1r,upper
239,221.0,5.294117647058823,1170.0,B465_ARC _C3_slice4-Ort.czi,old,glp1r,upper
240,1.0,5.0,5.0,B465_ARC _C3_slice4-Ort.czi,old,glp1r,upper
241,35.0,20.37142857142857,713.0,B465_ARC _C3_slice4-Ort.czi,old,glp1r,upper
242,1.0,6.0,6.0,B465_ARC _C3_slice4-Ort.czi,old,glp1r,upper
243,127.0,4.692913385826771,596.0,B465_ARC _C3_slice4-Ort.czi,old,glp1r,upper
244,176.0,5.198863636363637,915.0,B465_ARC _C3_slice4-Ort.czi,old,glp1r,upper
245,37.0,6.45945945945946,239.0,B465_ARC _C3_slice4-Ort.czi,old,glp1r,upper
246,66.0,8.515151515151516,562.0,B465_ARC _C3_slice4-Ort.czi,old,glp1r,upper
247,1.0,4.0,4.0,B465_ARC _C3_slice4-Ort.czi,old,glp1r,upper
248,74.0,8.162162162162161,604.0,B465_ARC _C3_slice4-Ort.czi,old,glp1r,upper
249,164.0,4.890243902439025,802.0,B465_ARC _C3_slice4-Ort.czi,old,glp1r,upper
250,10.0,8.1,81.0,B465_ARC _C3_slice4-Ort.czi,old,glp1r,upper
251,35.0,5.3428571428571425,187.0,B465_ARC _C3_slice4-Ort.czi,old,glp1r,upper
252,23.0,6.304347826086956,145.0,B465_ARC _C3_slice4-Ort.czi,old,glp1r,upper
253,36.0,7.722222222222222,278.0,B465_ARC _C3_slice4-Ort.czi,old,glp1r,upper
254,23.0,6.3478260869565215,146.0,B465_ARC _C3_slice4-Ort.czi,old,glp1r,upper
255,102.0,8.911764705882353,909.0,B465_ARC _C3_slice4-Ort.czi,old,glp1r,upper
256,79.0,5.3924050632911396,426.0,B465_ARC _C3_slice4-Ort.czi,old,glp1r,upper
257,80.0,5.0625,405.0,B465_ARC _C3_slice4-Ort.czi,old,glp1r,upper
258,212.0,33.33018867924528,7066.0,B465_ARC _C3_slice4-Ort.czi,old,glp1r,upper
259,18.0,4.722222222222222,85.0,B465_ARC _C3_slice4-Ort.czi,old,glp1r,upper
260,8.0,7.375,59.0,B465_ARC _C3_slice4-Ort.czi,old,glp1r,upper
261,76.0,5.171052631578948,393.00000000000006,B465_ARC _C3_slice4-Ort.czi,old,glp1r,upper
262,24.0,6.541666666666667,157.0,B465_ARC _C3_slice4-Ort.czi,old,glp1r,upper
263,109.0,5.532110091743119,603.0,B465_ARC _C3_slice4-Ort.czi,old,glp1r,upper
264,36633.0,5.247754756640187,192241.0,B465_ARC _C3_slice4-Ort.czi,old,glp1r,upper
265,39.0,5.9743589743589745,233.0,B465_ARC _C3_slice4-Ort.czi,old,glp1r,upper
266,24.0,9.083333333333334,218.0,B465_ARC _C3_slice4-Ort.czi,old,glp1r,upper
267,8.0,7.125,57.0,B465_ARC _C3_slice4-Ort.czi,old,glp1r,upper
268,16.0,5.125,82.0,B465_ARC _C3_slice4-Ort.czi,old,glp1r,upper
269,34.0,5.235294117647059,178.0,B465_ARC _C3_slice4-Ort.czi,old,glp1r,upper
270,15.0,4.866666666666666,73.0,B465_ARC _C3_slice4-Ort.czi,old,glp1r,upper
271,27.0,4.888888888888889,132.0,B465_ARC _C3_slice4-Ort.czi,old,glp1r,upper
272,42.0,12.857142857142858,540.0,B465_ARC _C3_slice4-Ort.czi,old,glp1r,upper
273,423.0,7.938534278959811,3358.0,B465_ARC _C3_slice4-Ort.czi,old,glp1r,upper
274,225.0,5.982222222222222,1346.0,B465_ARC _C3_slice4-Ort.czi,old,glp1r,upper
275,38.0,7.605263157894737,289.0,B465_ARC _C3_slice4-Ort.czi,old,glp1r,upper
276,24.0,12.0,288.0,B465_ARC _C3_slice4-Ort.czi,old,glp1r,upper
277,157.0,5.006369426751593,786.0,B465_ARC _C3_slice4-Ort.czi,old,glp1r,upper
278,155.0,8.67741935483871,1345.0,B465_ARC _C3_slice4-Ort.czi,old,glp1r,upper
279,12.0,15.666666666666666,188.0,B465_ARC _C3_slice4-Ort.czi,old,glp1r,upper
280,12.0,6.833333333333333,82.0,B465_ARC _C3_slice4-Ort.czi,old,glp1r,upper
281,39.0,9.512820512820513,371.0,B465_ARC _C3_slice4-Ort.czi,old,glp1r,upper
282,62.0,8.080645161290322,500.99999999999994,B465_ARC _C3_slice4-Ort.czi,old,glp1r,upper
283,126.0,6.658730158730159,839.0,B465_ARC _C3_slice4-Ort.czi,old,glp1r,upper
284,6.0,5.166666666666667,31.0,B465_ARC _C3_slice4-Ort.czi,old,glp1r,upper
285,33.0,6.636363636363637,219.0,B465_ARC _C3_slice4-Ort.czi,old,glp1r,upper
286,22.0,5.2727272727272725,116.0,B465_ARC _C3_slice4-Ort.czi,old,glp1r,upper
287,21.0,12.095238095238095,254.0,B465_ARC _C3_slice4-Ort.czi,old,glp1r,upper
288,147.0,7.653061224489796,1125.0,B465_ARC _C3_slice4-Ort.czi,old,glp1r,upper
289,44.0,9.545454545454545,420.0,B465_ARC _C3_slice4-Ort.czi,old,glp1r,upper
290,8811.0,5.534445579389399,48764.0,B465_ARC _C3_slice4-Ort.czi,old,glp1r,upper
291,110.0,5.590909090909091,615.0,B465_ARC _C3_slice4-Ort.czi,old,glp1r,upper
292,19.0,10.157894736842104,192.99999999999997,B465_ARC _C3_slice4-Ort.czi,old,glp1r,upper
293,98.0,7.704081632653061,755.0,B465_ARC _C3_slice4-Ort.czi,old,glp1r,upper
294,309.0,4.84789644012945,1498.0,B465_ARC _C3_slice4-Ort.czi,old,glp1r,upper
295,134.0,5.82089552238806,780.0,B465_ARC _C3_slice4-Ort.czi,old,glp1r,upper
296,146.0,5.136986301369863,750.0,B465_ARC _C3_slice4-Ort.czi,old,glp1r,upper
297,112.0,9.616071428571429,1077.0,B465_ARC _C3_slice4-Ort.czi,old,glp1r,upper
298,2.0,5.0,10.0,B465_ARC _C3_slice4-Ort.czi,old,glp1r,upper
299,147.0,8.462585034013605,1244.0,B465_ARC _C3_slice4-Ort.czi,old,glp1r,upper
300,1.0,7.0,7.0,B465_ARC _C3_slice4-Ort.czi,old,glp1r,upper
301,182.0,9.434065934065934,1717.0,B465_ARC _C3_slice4-Ort.czi,old,glp1r,upper
302,11.0,7.636363636363637,84.0,B465_ARC _C3_slice4-Ort.czi,old,glp1r,upper
303,66.0,8.818181818181818,582.0,B465_ARC _C3_slice4-Ort.czi,old,glp1r,upper
304,316.0,8.64240506329114,2731.0,B465_ARC _C3_slice4-Ort.czi,old,glp1r,upper
305,69.0,9.434782608695652,651.0,B465_ARC _C3_slice4-Ort.czi,old,glp1r,upper
306,323.0,9.789473684210526,3162.0,B465_ARC _C3_slice4-Ort.czi,old,glp1r,upper
307,107.0,8.22429906542056,879.9999999999999,B465_ARC _C3_slice4-Ort.czi,old,glp1r,upper
308,18.0,5.888888888888889,106.0,B465_ARC _C3_slice4-Ort.czi,old,glp1r,upper
309,4.0,4.25,17.0,B465_ARC _C3_slice4-Ort.czi,old,glp1r,upper
310,20.0,7.0,140.0,B465_ARC _C3_slice4-Ort.czi,old,glp1r,upper
311,16.0,5.5625,89.0,B465_ARC _C3_slice4-Ort.czi,old,glp1r,upper
312,151.0,11.119205298013245,1679.0,B465_ARC _C3_slice4-Ort.czi,old,glp1r,upper
313,114.0,6.868421052631579,783.0,B465_ARC _C3_slice4-Ort.czi,old,glp1r,upper
314,8.0,7.75,62.0,B465_ARC _C3_slice4-Ort.czi,old,glp1r,upper
315,19.0,11.0,209.0,B465_ARC _C3_slice4-Ort.czi,old,glp1r,upper
316,56.0,9.410714285714286,527.0,B465_ARC _C3_slice4-Ort.czi,old,glp1r,upper
317,53.0,6.622641509433962,351.0,B465_ARC _C3_slice4-Ort.czi,old,glp1r,upper
318,7.0,5.285714285714286,37.0,B465_ARC _C3_slice4-Ort.czi,old,glp1r,upper
319,2.0,27.0,54.0,B465_ARC _C3_slice4-Ort.czi,old,glp1r,upper
320,17.0,5.529411764705882,94.0,B465_ARC _C3_slice4-Ort.czi,old,glp1r,upper
321,24.0,7.25,174.0,B465_ARC _C3_slice4-Ort.czi,old,glp1r,upper
322,43.0,6.790697674418604,292.0,B465_ARC _C3_slice4-Ort.czi,old,glp1r,upper
323,6.0,8.5,51.0,B465_ARC _C3_slice4-Ort.czi,old,glp1r,upper
324,13.0,5.615384615384615,73.0,B465_ARC _C3_slice4-Ort.czi,old,glp1r,upper
325,100.0,7.54,754.0,B465_ARC _C3_slice4-Ort.czi,old,glp1r,upper
326,33516.0,5.940058479532164,199087.0,B465_ARC _C3_slice4-Ort.czi,old,glp1r,upper
327,22.0,7.636363636363637,168.0,B465_ARC _C3_slice4-Ort.czi,old,glp1r,upper
328,389.0,7.956298200514139,3095.0,B465_ARC _C3_slice4-Ort.czi,old,glp1r,upper
329,20.0,5.7,114.0,B465_ARC _C3_slice4-Ort.czi,old,glp1r,upper
330,162.0,7.932098765432099,1285.0,B465_ARC _C3_slice4-Ort.czi,old,glp1r,upper
331,26.0,6.576923076923077,171.0,B465_ARC _C3_slice4-Ort.czi,old,glp1r,upper
332,8.0,8.25,66.0,B465_ARC _C3_slice4-Ort.czi,old,glp1r,upper
333,6656.0,6.402193509615385,42613.0,B465_ARC _C3_slice4-Ort.czi,old,glp1r,upper
334,8.0,10.125,81.0,B465_ARC _C3_slice4-Ort.czi,old,glp1r,upper
335,7.0,7.714285714285714,54.0,B465_ARC _C3_slice4-Ort.czi,old,glp1r,upper
336,1.0,4.0,4.0,B465_ARC _C3_slice4-Ort.czi,old,glp1r,upper
337,28.0,8.857142857142858,248.0,B465_ARC _C3_slice4-Ort.czi,old,glp1r,upper
338,13.0,5.615384615384615,73.0,B465_ARC _C3_slice4-Ort.czi,old,glp1r,upper
339,1.0,6.0,6.0,B465_ARC _C3_slice4-Ort.czi,old,glp1r,upper
340,83.0,6.867469879518072,570.0,B465_ARC _C3_slice4-Ort.czi,old,glp1r,upper
341,118.0,9.220338983050848,1088.0,B465_ARC _C3_slice4-Ort.czi,old,glp1r,upper
342,2336.0,5.120291095890411,11961.0,B465_ARC _C3_slice4-Ort.czi,old,glp1r,upper
343,36.0,11.083333333333334,399.0,B465_ARC _C3_slice4-Ort.czi,old,glp1r,upper
344,8.0,8.25,66.0,B465_ARC _C3_slice4-Ort.czi,old,glp1r,upper
345,31.0,5.225806451612903,162.0,B465_ARC _C3_slice4-Ort.czi,old,glp1r,upper
346,1.0,4.0,4.0,B465_ARC _C3_slice4-Ort.czi,old,glp1r,upper
347,22.0,6.045454545454546,133.0,B465_ARC _C3_slice4-Ort.czi,old,glp1r,upper
348,67.0,7.701492537313433,516.0,B465_ARC _C3_slice4-Ort.czi,old,glp1r,upper
349,32.0,7.84375,251.0,B465_ARC _C3_slice4-Ort.czi,old,glp1r,upper
350,6.0,7.666666666666667,46.0,B465_ARC _C3_slice4-Ort.czi,old,glp1r,upper
351,167.0,8.071856287425149,1347.9999999999998,B465_ARC _C3_slice4-Ort.czi,old,glp1r,upper
352,12.0,6.25,75.0,B465_ARC _C3_slice4-Ort.czi,old,glp1r,upper
353,3.0,5.333333333333333,16.0,B465_ARC _C3_slice4-Ort.czi,old,glp1r,upper
354,115.0,9.052173913043479,1041.0,B465_ARC _C3_slice4-Ort.czi,old,glp1r,upper
355,7.0,5.0,35.0,B465_ARC _C3_slice4-Ort.czi,old,glp1r,upper
356,84.0,8.345238095238095,701.0,B465_ARC _C3_slice4-Ort.czi,old,glp1r,upper
357,16.0,11.9375,191.0,B465_ARC _C3_slice4-Ort.czi,old,glp1r,upper
358,2.0,4.5,9.0,B465_ARC _C3_slice4-Ort.czi,old,glp1r,upper
359,25.0,10.04,250.99999999999997,B465_ARC _C3_slice4-Ort.czi,old,glp1r,upper
360,1.0,7.0,7.0,B465_ARC _C3_slice4-Ort.czi,old,glp1r,upper
361,7.0,9.571428571428571,67.0,B465_ARC _C3_slice4-Ort.czi,old,glp1r,upper
362,16.0,5.3125,85.0,B465_ARC _C3_slice4-Ort.czi,old,glp1r,upper
363,4.0,10.25,41.0,B465_ARC _C3_slice4-Ort.czi,old,glp1r,upper
364,24.0,7.166666666666667,172.0,B465_ARC _C3_slice4-Ort.czi,old,glp1r,upper
365,47.0,6.48936170212766,305.0,B465_ARC _C3_slice4-Ort.czi,old,glp1r,upper
366,34.0,10.0,340.0,B465_ARC _C3_slice4-Ort.czi,old,glp1r,upper
367,99.0,6.434343434343434,637.0,B465_ARC _C3_slice4-Ort.czi,old,glp1r,upper
368,9.0,6.0,54.0,B465_ARC _C3_slice4-Ort.czi,old,glp1r,upper
369,36.0,5.666666666666667,204.0,B465_ARC _C3_slice4-Ort.czi,old,glp1r,upper
370,7.0,5.0,35.0,B465_ARC _C3_slice4-Ort.czi,old,glp1r,upper
371,27.0,8.444444444444445,228.0,B465_ARC _C3_slice4-Ort.czi,old,glp1r,upper
372,18.0,6.944444444444445,125.0,B465_ARC _C3_slice4-Ort.czi,old,glp1r,upper
373,1.0,5.0,5.0,B465_ARC _C3_slice4-Ort.czi,old,glp1r,upper
374,2.0,19.0,38.0,B465_ARC _C3_slice4-Ort.czi,old,glp1r,upper
375,32.0,7.25,232.0,B465_ARC _C3_slice4-Ort.czi,old,glp1r,upper
376,4.0,7.5,30.0,B465_ARC _C3_slice4-Ort.czi,old,glp1r,upper
377,1.0,2.0,2.0,B465_ARC _C3_slice4-Ort.czi,old,glp1r,upper
378,53.0,5.981132075471698,317.0,B465_ARC _C3_slice4-Ort.czi,old,glp1r,upper
379,3.0,5.666666666666667,17.0,B465_ARC _C3_slice4-Ort.czi,old,glp1r,upper
380,49.0,4.857142857142857,237.99999999999997,B465_ARC _C3_slice4-Ort.czi,old,glp1r,upper
381,25.0,8.52,213.0,B465_ARC _C3_slice4-Ort.czi,old,glp1r,upper
382,32.0,6.125,196.0,B465_ARC _C3_slice4-Ort.czi,old,glp1r,upper
383,14.0,6.285714285714286,88.0,B465_ARC _C3_slice4-Ort.czi,old,glp1r,upper
384,36.0,5.972222222222222,215.0,B465_ARC _C3_slice4-Ort.czi,old,glp1r,upper
385,31.0,9.774193548387096,303.0,B465_ARC _C3_slice4-Ort.czi,old,glp1r,upper
386,20.0,7.75,155.0,B465_ARC _C3_slice4-Ort.czi,old,glp1r,upper
387,106.0,9.037735849056604,958.0,B465_ARC _C3_slice4-Ort.czi,old,glp1r,upper
388,1.0,7.0,7.0,B465_ARC _C3_slice4-Ort.czi,old,glp1r,upper
389,1.0,16.0,16.0,B465_ARC _C3_slice4-Ort.czi,old,glp1r,upper
390,33.0,9.575757575757576,316.0,B465_ARC _C3_slice4-Ort.czi,old,glp1r,upper
391,50.0,6.9,345.0,B465_ARC _C3_slice4-Ort.czi,old,glp1r,upper
392,36.0,8.083333333333334,291.0,B465_ARC _C3_slice4-Ort.czi,old,glp1r,upper
393,24.0,5.0,120.0,B465_ARC _C3_slice4-Ort.czi,old,glp1r,upper
394,8.0,7.25,58.0,B465_ARC _C3_slice4-Ort.czi,old,glp1r,upper
395,61.0,5.983606557377049,365.0,B465_ARC _C3_slice4-Ort.czi,old,glp1r,upper
396,34.0,7.235294117647059,246.0,B465_ARC _C3_slice4-Ort.czi,old,glp1r,upper
397,38.0,7.947368421052632,302.0,B465_ARC _C3_slice4-Ort.czi,old,glp1r,upper
398,89.0,8.101123595505618,721.0,B465_ARC _C3_slice4-Ort.czi,old,glp1r,upper
399,64.0,10.09375,646.0,B465_ARC _C3_slice4-Ort.czi,old,glp1r,upper
400,4.0,5.0,20.0,B465_ARC _C3_slice4-Ort.czi,old,glp1r,upper
401,10.0,6.9,69.0,B465_ARC _C3_slice4-Ort.czi,old,glp1r,upper
402,33.0,8.878787878787879,293.0,B465_ARC _C3_slice4-Ort.czi,old,glp1r,upper
403,217.0,6.67741935483871,1449.0,B465_ARC _C3_slice4-Ort.czi,old,glp1r,upper
404,74.0,6.675675675675675,494.0,B465_ARC _C3_slice4-Ort.czi,old,glp1r,upper
405,14.0,7.357142857142857,103.0,B465_ARC _C3_slice4-Ort.czi,old,glp1r,upper
406,280.0,6.260714285714286,1753.0,B465_ARC _C3_slice4-Ort.czi,old,glp1r,upper
407,4.0,8.5,34.0,B465_ARC _C3_slice4-Ort.czi,old,glp1r,upper
408,24.0,5.708333333333333,137.0,B465_ARC _C3_slice4-Ort.czi,old,glp1r,upper
409,4.0,4.75,19.0,B465_ARC _C3_slice4-Ort.czi,old,glp1r,upper
410,2.0,6.5,13.0,B465_ARC _C3_slice4-Ort.czi,old,glp1r,upper
411,9.0,8.0,72.0,B465_ARC _C3_slice4-Ort.czi,old,glp1r,upper
412,44.0,8.863636363636363,390.0,B465_ARC _C3_slice4-Ort.czi,old,glp1r,upper
413,23.0,5.826086956521739,134.0,B465_ARC _C3_slice4-Ort.czi,old,glp1r,upper
414,226.0,7.34070796460177,1659.0,B465_ARC _C3_slice4-Ort.czi,old,glp1r,upper
415,14.0,6.428571428571429,90.0,B465_ARC _C3_slice4-Ort.czi,old,glp1r,upper
416,2810.0,6.750533807829181,18969.0,B465_ARC _C3_slice4-Ort.czi,old,glp1r,upper
417,16.0,7.375,118.0,B465_ARC _C3_slice4-Ort.czi,old,glp1r,upper
418,9.0,9.444444444444445,85.0,B465_ARC _C3_slice4-Ort.czi,old,glp1r,upper
419,6.0,13.833333333333334,83.0,B465_ARC _C3_slice4-Ort.czi,old,glp1r,upper
420,10.0,5.7,57.0,B465_ARC _C3_slice4-Ort.czi,old,glp1r,upper
421,151.0,6.19205298013245,935.0,B465_ARC _C3_slice4-Ort.czi,old,glp1r,upper
422,32.0,7.9375,254.0,B465_ARC _C3_slice4-Ort.czi,old,glp1r,upper
423,27.0,5.2592592592592595,142.0,B465_ARC _C3_slice4-Ort.czi,old,glp1r,upper
424,2.0,5.0,10.0,B465_ARC _C3_slice4-Ort.czi,old,glp1r,upper
425,10.0,6.2,62.0,B465_ARC _C3_slice4-Ort.czi,old,glp1r,upper
426,88.0,4.8977272727272725,431.0,B465_ARC _C3_slice4-Ort.czi,old,glp1r,upper
427,179.0,11.195530726256983,2004.0,B465_ARC _C3_slice4-Ort.czi,old,glp1r,upper
428,5.0,6.8,34.0,B465_ARC _C3_slice4-Ort.czi,old,glp1r,upper
429,20.0,5.0,100.0,B465_ARC _C3_slice4-Ort.czi,old,glp1r,upper
430,41.0,9.121951219512194,373.99999999999994,B465_ARC _C3_slice4-Ort.czi,old,glp1r,upper
431,12.0,5.333333333333333,64.0,B465_ARC _C3_slice4-Ort.czi,old,glp1r,upper
432,1.0,7.0,7.0,B465_ARC _C3_slice4-Ort.czi,old,glp1r,upper
433,661.0,6.157337367624811,4070.0,B465_ARC _C3_slice4-Ort.czi,old,glp1r,upper
434,1.0,3.0,3.0,B465_ARC _C3_slice4-Ort.czi,old,glp1r,upper
435,18.0,5.555555555555555,100.0,B465_ARC _C3_slice4-Ort.czi,old,glp1r,upper
436,238.0,7.126050420168068,1696.0,B465_ARC _C3_slice4-Ort.czi,old,glp1r,upper
437,21.0,5.0476190476190474,106.0,B465_ARC _C3_slice4-Ort.czi,old,glp1r,upper
438,7.0,6.285714285714286,44.0,B465_ARC _C3_slice4-Ort.czi,old,glp1r,upper
439,341.0,6.043988269794721,2061.0,B465_ARC _C3_slice4-Ort.czi,old,glp1r,upper
440,194.0,6.278350515463917,1218.0,B465_ARC _C3_slice4-Ort.czi,old,glp1r,upper
441,113.0,6.150442477876106,695.0,B465_ARC _C3_slice4-Ort.czi,old,glp1r,upper
442,91.0,7.912087912087912,720.0,B465_ARC _C3_slice4-Ort.czi,old,glp1r,upper
443,35.0,6.742857142857143,236.0,B465_ARC _C3_slice4-Ort.czi,old,glp1r,upper
