label,area,mean_intensity,integrated_density,filename,age,channel,region
1,11.0,214.54545454545453,2360.0,J995_AR _B4_slice6-Ort.czi,adult,pomc,lower
2,21.0,230.76190476190476,4846.0,J995_AR _B4_slice6-Ort.czi,adult,pomc,lower
3,101.0,236.36633663366337,23873.0,J995_AR _B4_slice6-Ort.czi,adult,pomc,lower
4,75.0,232.04,17403.0,J995_AR _B4_slice6-Ort.czi,adult,pomc,lower
5,116.0,235.83620689655172,27357.0,J995_AR _B4_slice6-Ort.czi,adult,pomc,lower
6,68.0,243.61764705882354,16566.0,J995_AR _B4_slice6-Ort.czi,adult,pomc,lower
7,137.0,241.5839416058394,33097.0,J995_AR _B4_slice6-Ort.czi,adult,pomc,lower
8,92.0,236.42391304347825,21751.0,J995_AR _B4_slice6-Ort.czi,adult,pomc,lower
9,79.0,250.53164556962025,19792.0,J995_AR _B4_slice6-Ort.czi,adult,pomc,lower
10,70.0,222.64285714285714,15585.0,J995_AR _B4_slice6-Ort.czi,adult,pomc,lower
11,134.0,245.84328358208955,32943.0,J995_AR _B4_slice6-Ort.czi,adult,pomc,lower
12,111.0,243.67567567567568,27048.0,J995_AR _B4_slice6-Ort.czi,adult,pomc,lower
13,79.0,251.72151898734177,19886.0,J995_AR _B4_slice6-Ort.czi,adult,pomc,lower
14,160.0,246.41875,39427.0,J995_AR _B4_slice6-Ort.czi,adult,pomc,lower
15,30.0,194.56666666666666,5837.0,J995_AR _B4_slice6-Ort.czi,adult,pomc,lower
16,29.0,189.20689655172413,5487.0,J995_AR _B4_slice6-Ort.czi,adult,pomc,lower
17,84.0,244.66666666666666,20552.0,J995_AR _B4_slice6-Ort.czi,adult,pomc,lower
18,80.0,221.975,17758.0,J995_AR _B4_slice6-Ort.czi,adult,pomc,lower
19,21.0,183.04761904761904,3844.0,J995_AR _B4_slice6-Ort.czi,adult,pomc,lower
20,72.0,197.41666666666666,14214.0,J995_AR _B4_slice6-Ort.czi,adult,pomc,lower
21,6.0,210.33333333333334,1262.0,J995_AR _B4_slice6-Ort.czi,adult,pomc,lower
22,88.0,210.4431818181818,18519.0,J995_AR _B4_slice6-Ort.czi,adult,pomc,lower
23,90.0,244.0222222222222,21962.0,J995_AR _B4_slice6-Ort.czi,adult,pomc,lower
24,35.0,215.0857142857143,7528.0,J995_AR _B4_slice6-Ort.czi,adult,pomc,lower
25,10.0,190.4,1904.0,J995_AR _B4_slice6-Ort.czi,adult,pomc,lower
26,83.0,254.32530120481928,21109.0,J995_AR _B4_slice6-Ort.czi,adult,pomc,lower
27,74.0,240.16216216216216,17772.0,J995_AR _B4_slice6-Ort.czi,adult,pomc,lower
28,172.0,244.08139534883722,41982.0,J995_AR _B4_slice6-Ort.czi,adult,pomc,lower
29,97.0,251.64948453608247,24410.0,J995_AR _B4_slice6-Ort.czi,adult,pomc,lower
30,79.0,251.54430379746836,19872.0,J995_AR _B4_slice6-Ort.czi,adult,pomc,lower
31,92.0,246.0108695652174,22633.0,J995_AR _B4_slice6-Ort.czi,adult,pomc,lower
32,134.0,245.62686567164178,32914.0,J995_AR _B4_slice6-Ort.czi,adult,pomc,lower
33,72.0,239.97222222222223,17278.0,J995_AR _B4_slice6-Ort.czi,adult,pomc,lower
34,78.0,227.2948717948718,17729.0,J995_AR _B4_slice6-Ort.czi,adult,pomc,lower
35,119.0,246.76470588235293,29365.0,J995_AR _B4_slice6-Ort.czi,adult,pomc,lower
36,143.0,245.4265734265734,35096.0,J995_AR _B4_slice6-Ort.czi,adult,pomc,lower
37,102.0,250.49019607843138,25550.0,J995_AR _B4_slice6-Ort.czi,adult,pomc,lower
38,67.0,235.29850746268656,15765.0,J995_AR _B4_slice6-Ort.czi,adult,pomc,lower
39,99.0,238.57575757575756,23619.0,J995_AR _B4_slice6-Ort.czi,adult,pomc,lower
40,98.0,190.5612244897959,18675.0,J995_AR _B4_slice6-Ort.czi,adult,pomc,lower
41,130.0,219.66153846153847,28556.0,J995_AR _B4_slice6-Ort.czi,adult,pomc,lower
42,158.0,244.06962025316454,38563.0,J995_AR _B4_slice6-Ort.czi,adult,pomc,lower
43,58.0,227.68965517241378,13206.0,J995_AR _B4_slice6-Ort.czi,adult,pomc,lower
44,42.0,240.26190476190476,10091.0,J995_AR _B4_slice6-Ort.czi,adult,pomc,lower
45,111.0,249.3153153153153,27674.0,J995_AR _B4_slice6-Ort.czi,adult,pomc,lower
46,108.0,215.24074074074073,23246.0,J995_AR _B4_slice6-Ort.czi,adult,pomc,lower
47,126.0,234.44444444444446,29540.0,J995_AR _B4_slice6-Ort.czi,adult,pomc,lower
48,96.0,221.04166666666666,21220.0,J995_AR _B4_slice6-Ort.czi,adult,pomc,lower
49,113.0,232.56637168141592,26280.0,J995_AR _B4_slice6-Ort.czi,adult,pomc,lower
50,161.0,239.37888198757764,38540.0,J995_AR _B4_slice6-Ort.czi,adult,pomc,lower
51,53.0,242.67924528301887,12862.0,J995_AR _B4_slice6-Ort.czi,adult,pomc,lower
52,178.0,244.03932584269663,43439.0,J995_AR _B4_slice6-Ort.czi,adult,pomc,lower
53,118.0,250.4915254237288,29558.0,J995_AR _B4_slice6-Ort.czi,adult,pomc,lower
54,94.0,243.98936170212767,22935.0,J995_AR _B4_slice6-Ort.czi,adult,pomc,lower
55,106.0,232.79245283018867,24676.0,J995_AR _B4_slice6-Ort.czi,adult,pomc,lower
56,288.0,238.39236111111111,68657.0,J995_AR _B4_slice6-Ort.czi,adult,pomc,lower
57,129.0,226.05426356589146,29161.0,J995_AR _B4_slice6-Ort.czi,adult,pomc,lower
58,38.0,205.3684210526316,7804.0,J995_AR _B4_slice6-Ort.czi,adult,pomc,lower
59,118.0,243.40677966101694,28722.0,J995_AR _B4_slice6-Ort.czi,adult,pomc,lower
60,56.0,202.78571428571428,11356.0,J995_AR _B4_slice6-Ort.czi,adult,pomc,lower
61,172.0,249.12790697674419,42850.0,J995_AR _B4_slice6-Ort.czi,adult,pomc,lower
62,77.0,179.58441558441558,13828.0,J995_AR _B4_slice6-Ort.czi,adult,pomc,lower
63,15.0,179.53333333333333,2693.0,J995_AR _B4_slice6-Ort.czi,adult,pomc,lower
64,91.0,242.5054945054945,22068.0,J995_AR _B4_slice6-Ort.czi,adult,pomc,lower
65,180.0,224.08333333333334,40335.0,J995_AR _B4_slice6-Ort.czi,adult,pomc,lower
66,44.0,205.70454545454547,9051.0,J995_AR _B4_slice6-Ort.czi,adult,pomc,lower
67,67.0,230.53731343283582,15446.0,J995_AR _B4_slice6-Ort.czi,adult,pomc,lower
68,62.0,250.75806451612902,15547.0,J995_AR _B4_slice6-Ort.czi,adult,pomc,lower
69,184.0,238.2663043478261,43841.0,J995_AR _B4_slice6-Ort.czi,adult,pomc,lower
70,152.0,246.07236842105263,37403.0,J995_AR _B4_slice6-Ort.czi,adult,pomc,lower
71,10.0,221.3,2213.0,J995_AR _B4_slice6-Ort.czi,adult,pomc,lower
72,86.0,248.75581395348837,21393.0,J995_AR _B4_slice6-Ort.czi,adult,pomc,lower
73,38.0,247.47368421052633,9404.0,J995_AR _B4_slice6-Ort.czi,adult,pomc,lower
74,43.0,238.37209302325581,10250.0,J995_AR _B4_slice6-Ort.czi,adult,pomc,lower
75,130.0,248.54615384615386,32311.0,J995_AR _B4_slice6-Ort.czi,adult,pomc,lower
76,54.0,182.33333333333334,9846.0,J995_AR _B4_slice6-Ort.czi,adult,pomc,lower
77,52.0,208.92307692307693,10864.0,J995_AR _B4_slice6-Ort.czi,adult,pomc,lower
78,114.0,211.44736842105263,24105.0,J995_AR _B4_slice6-Ort.czi,adult,pomc,lower
79,102.0,246.72549019607843,25166.0,J995_AR _B4_slice6-Ort.czi,adult,pomc,lower
80,114.0,240.0438596491228,27365.0,J995_AR _B4_slice6-Ort.czi,adult,pomc,lower
81,332.0,211.26506024096386,70140.0,J995_AR _B4_slice6-Ort.czi,adult,pomc,lower
82,278.0,241.3273381294964,67089.0,J995_AR _B4_slice6-Ort.czi,adult,pomc,lower
83,91.0,233.2967032967033,21230.0,J995_AR _B4_slice6-Ort.czi,adult,pomc,lower
84,7.0,152.57142857142858,1068.0,J995_AR _B4_slice6-Ort.czi,adult,pomc,lower
85,70.0,237.6,16632.0,J995_AR _B4_slice6-Ort.czi,adult,pomc,lower
86,86.0,220.19767441860466,18937.0,J995_AR _B4_slice6-Ort.czi,adult,pomc,lower
87,93.0,238.25806451612902,22158.0,J995_AR _B4_slice6-Ort.czi,adult,pomc,lower
88,157.0,237.48407643312103,37285.0,J995_AR _B4_slice6-Ort.czi,adult,pomc,lower
89,15.0,252.46666666666667,3787.0,J995_AR _B4_slice6-Ort.czi,adult,pomc,lower
90,37.0,250.21621621621622,9258.0,J995_AR _B4_slice6-Ort.czi,adult,pomc,lower
91,85.0,249.81176470588235,21234.0,J995_AR _B4_slice6-Ort.czi,adult,pomc,lower
92,41.0,211.58536585365854,8675.0,J995_AR _B4_slice6-Ort.czi,adult,pomc,lower
93,78.0,219.66666666666666,17134.0,J995_AR _B4_slice6-Ort.czi,adult,pomc,lower
94,114.0,236.16666666666666,26923.0,J995_AR _B4_slice6-Ort.czi,adult,pomc,lower
95,115.0,228.58260869565217,26287.0,J995_AR _B4_slice6-Ort.czi,adult,pomc,lower
96,8.0,210.125,1681.0,J995_AR _B4_slice6-Ort.czi,adult,pomc,lower
97,251.0,208.08366533864543,52229.0,J995_AR _B4_slice6-Ort.czi,adult,pomc,lower
98,31.0,199.8709677419355,6196.0,J995_AR _B4_slice6-Ort.czi,adult,pomc,lower
99,55.0,228.29090909090908,12556.0,J995_AR _B4_slice6-Ort.czi,adult,pomc,lower
100,159.0,213.91194968553458,34012.0,J995_AR _B4_slice6-Ort.czi,adult,pomc,lower
101,73.0,220.43835616438355,16092.0,J995_AR _B4_slice6-Ort.czi,adult,pomc,lower
102,46.0,229.52173913043478,10558.0,J995_AR _B4_slice6-Ort.czi,adult,pomc,lower
103,72.0,195.59722222222223,14083.0,J995_AR _B4_slice6-Ort.czi,adult,pomc,lower
104,12.0,238.66666666666666,2864.0,J995_AR _B4_slice6-Ort.czi,adult,pomc,lower
105,595.0,222.60504201680672,132450.0,J995_AR _B4_slice6-Ort.czi,adult,pomc,lower
106,200.0,220.605,44121.0,J995_AR _B4_slice6-Ort.czi,adult,pomc,lower
107,45.0,228.93333333333334,10302.0,J995_AR _B4_slice6-Ort.czi,adult,pomc,lower
108,200.0,238.82,47764.0,J995_AR _B4_slice6-Ort.czi,adult,pomc,lower
109,5.0,205.6,1028.0,J995_AR _B4_slice6-Ort.czi,adult,pomc,lower
110,102.0,246.1764705882353,25110.0,J995_AR _B4_slice6-Ort.czi,adult,pomc,lower
111,11.0,229.36363636363637,2523.0,J995_AR _B4_slice6-Ort.czi,adult,pomc,lower
112,49.0,237.30612244897958,11628.0,J995_AR _B4_slice6-Ort.czi,adult,pomc,lower
113,78.0,208.75641025641025,16283.0,J995_AR _B4_slice6-Ort.czi,adult,pomc,lower
114,111.0,228.48648648648648,25362.0,J995_AR _B4_slice6-Ort.czi,adult,pomc,lower
115,97.0,248.91752577319588,24145.0,J995_AR _B4_slice6-Ort.czi,adult,pomc,lower
116,101.0,246.12871287128712,24859.0,J995_AR _B4_slice6-Ort.czi,adult,pomc,lower
117,5.0,202.4,1012.0,J995_AR _B4_slice6-Ort.czi,adult,pomc,lower
118,166.0,237.98192771084337,39505.0,J995_AR _B4_slice6-Ort.czi,adult,pomc,lower
119,211.0,213.5734597156398,45064.0,J995_AR _B4_slice6-Ort.czi,adult,pomc,lower
120,44.0,226.4318181818182,9963.0,J995_AR _B4_slice6-Ort.czi,adult,pomc,lower
121,31.0,247.3548387096774,7668.0,J995_AR _B4_slice6-Ort.czi,adult,pomc,lower
122,66.0,250.25757575757575,16517.0,J995_AR _B4_slice6-Ort.czi,adult,pomc,lower
1,186.0,248.20967741935485,46167.0,K738_ARC _B4_slice7-Ort.czi,adult,pomc,lower
2,54.0,209.64814814814815,11321.0,K738_ARC _B4_slice7-Ort.czi,adult,pomc,lower
3,163.0,244.72392638036808,39890.0,K738_ARC _B4_slice7-Ort.czi,adult,pomc,lower
4,58.0,200.63793103448276,11637.0,K738_ARC _B4_slice7-Ort.czi,adult,pomc,lower
5,223.0,242.14349775784754,53998.0,K738_ARC _B4_slice7-Ort.czi,adult,pomc,lower
6,125.0,244.272,30534.0,K738_ARC _B4_slice7-Ort.czi,adult,pomc,lower
7,104.0,244.57692307692307,25436.0,K738_ARC _B4_slice7-Ort.czi,adult,pomc,lower
8,17.0,252.47058823529412,4292.0,K738_ARC _B4_slice7-Ort.czi,adult,pomc,lower
9,145.0,247.46896551724137,35883.0,K738_ARC _B4_slice7-Ort.czi,adult,pomc,lower
10,236.0,239.135593220339,56436.0,K738_ARC _B4_slice7-Ort.czi,adult,pomc,lower
11,83.0,232.97590361445782,19337.0,K738_ARC _B4_slice7-Ort.czi,adult,pomc,lower
12,15.0,195.66666666666666,2935.0,K738_ARC _B4_slice7-Ort.czi,adult,pomc,lower
13,168.0,237.64285714285714,39924.0,K738_ARC _B4_slice7-Ort.czi,adult,pomc,lower
14,141.0,242.58156028368793,34204.0,K738_ARC _B4_slice7-Ort.czi,adult,pomc,lower
15,140.0,242.63571428571427,33969.0,K738_ARC _B4_slice7-Ort.czi,adult,pomc,lower
16,195.0,243.68205128205128,47518.0,K738_ARC _B4_slice7-Ort.czi,adult,pomc,lower
17,112.0,238.40178571428572,26701.0,K738_ARC _B4_slice7-Ort.czi,adult,pomc,lower
18,58.0,228.51724137931035,13254.0,K738_ARC _B4_slice7-Ort.czi,adult,pomc,lower
19,141.0,245.19148936170214,34572.0,K738_ARC _B4_slice7-Ort.czi,adult,pomc,lower
20,137.0,247.83211678832117,33953.0,K738_ARC _B4_slice7-Ort.czi,adult,pomc,lower
21,133.0,235.2330827067669,31286.0,K738_ARC _B4_slice7-Ort.czi,adult,pomc,lower
22,96.0,196.27083333333334,18842.0,K738_ARC _B4_slice7-Ort.czi,adult,pomc,lower
23,269.0,246.8364312267658,66399.0,K738_ARC _B4_slice7-Ort.czi,adult,pomc,lower
24,159.0,246.41509433962264,39180.0,K738_ARC _B4_slice7-Ort.czi,adult,pomc,lower
25,50.0,223.68,11184.0,K738_ARC _B4_slice7-Ort.czi,adult,pomc,lower
26,168.0,245.30357142857142,41211.0,K738_ARC _B4_slice7-Ort.czi,adult,pomc,lower
27,45.0,187.42222222222222,8434.0,K738_ARC _B4_slice7-Ort.czi,adult,pomc,lower
28,52.0,237.44230769230768,12347.0,K738_ARC _B4_slice7-Ort.czi,adult,pomc,lower
29,46.0,230.47826086956522,10602.0,K738_ARC _B4_slice7-Ort.czi,adult,pomc,lower
30,121.0,238.82644628099175,28898.0,K738_ARC _B4_slice7-Ort.czi,adult,pomc,lower
31,275.0,241.07272727272726,66295.0,K738_ARC _B4_slice7-Ort.czi,adult,pomc,lower
32,84.0,204.4404761904762,17173.0,K738_ARC _B4_slice7-Ort.czi,adult,pomc,lower
33,225.0,246.38666666666666,55437.0,K738_ARC _B4_slice7-Ort.czi,adult,pomc,lower
34,19.0,250.57894736842104,4761.0,K738_ARC _B4_slice7-Ort.czi,adult,pomc,lower
35,124.0,248.99193548387098,30875.0,K738_ARC _B4_slice7-Ort.czi,adult,pomc,lower
36,58.0,221.63793103448276,12855.0,K738_ARC _B4_slice7-Ort.czi,adult,pomc,lower
37,149.0,246.83892617449663,36779.0,K738_ARC _B4_slice7-Ort.czi,adult,pomc,lower
38,188.0,232.75,43757.0,K738_ARC _B4_slice7-Ort.czi,adult,pomc,lower
39,133.0,239.33834586466165,31832.0,K738_ARC _B4_slice7-Ort.czi,adult,pomc,lower
40,258.0,242.7829457364341,62638.0,K738_ARC _B4_slice7-Ort.czi,adult,pomc,lower
41,11.0,255.0,2805.0,K738_ARC _B4_slice7-Ort.czi,adult,pomc,lower
42,79.0,248.0253164556962,19594.0,K738_ARC _B4_slice7-Ort.czi,adult,pomc,lower
43,99.0,242.93939393939394,24051.0,K738_ARC _B4_slice7-Ort.czi,adult,pomc,lower
44,41.0,209.7560975609756,8600.0,K738_ARC _B4_slice7-Ort.czi,adult,pomc,lower
45,205.0,241.26829268292684,49460.0,K738_ARC _B4_slice7-Ort.czi,adult,pomc,lower
46,237.0,239.27004219409284,56707.0,K738_ARC _B4_slice7-Ort.czi,adult,pomc,lower
47,228.0,245.47368421052633,55968.0,K738_ARC _B4_slice7-Ort.czi,adult,pomc,lower
48,257.0,241.1673151750973,61980.0,K738_ARC _B4_slice7-Ort.czi,adult,pomc,lower
49,282.0,232.32978723404256,65517.0,K738_ARC _B4_slice7-Ort.czi,adult,pomc,lower
50,265.0,237.38867924528302,62908.0,K738_ARC _B4_slice7-Ort.czi,adult,pomc,lower
51,232.0,242.06896551724137,56160.0,K738_ARC _B4_slice7-Ort.czi,adult,pomc,lower
52,107.0,240.00934579439252,25681.0,K738_ARC _B4_slice7-Ort.czi,adult,pomc,lower
53,41.0,251.53658536585365,10313.0,K738_ARC _B4_slice7-Ort.czi,adult,pomc,lower
54,159.0,234.0943396226415,37221.0,K738_ARC _B4_slice7-Ort.czi,adult,pomc,lower
55,292.0,244.6027397260274,71424.0,K738_ARC _B4_slice7-Ort.czi,adult,pomc,lower
56,225.0,234.23111111111112,52702.0,K738_ARC _B4_slice7-Ort.czi,adult,pomc,lower
57,111.0,247.6216216216216,27486.0,K738_ARC _B4_slice7-Ort.czi,adult,pomc,lower
58,181.0,244.3314917127072,44224.0,K738_ARC _B4_slice7-Ort.czi,adult,pomc,lower
59,599.0,244.6560934891486,146549.0,K738_ARC _B4_slice7-Ort.czi,adult,pomc,lower
60,272.0,237.125,64498.0,K738_ARC _B4_slice7-Ort.czi,adult,pomc,lower
61,114.0,251.37719298245614,28657.0,K738_ARC _B4_slice7-Ort.czi,adult,pomc,lower
62,155.0,246.3483870967742,38184.0,K738_ARC _B4_slice7-Ort.czi,adult,pomc,lower
63,177.0,238.29378531073445,42178.0,K738_ARC _B4_slice7-Ort.czi,adult,pomc,lower
64,118.0,245.14406779661016,28927.0,K738_ARC _B4_slice7-Ort.czi,adult,pomc,lower
65,110.0,241.05454545454546,26516.0,K738_ARC _B4_slice7-Ort.czi,adult,pomc,lower
66,279.0,231.2258064516129,64512.0,K738_ARC _B4_slice7-Ort.czi,adult,pomc,lower
67,147.0,246.19727891156464,36191.0,K738_ARC _B4_slice7-Ort.czi,adult,pomc,lower
68,365.0,237.41095890410958,86655.0,K738_ARC _B4_slice7-Ort.czi,adult,pomc,lower
69,69.0,180.8695652173913,12480.0,K738_ARC _B4_slice7-Ort.czi,adult,pomc,lower
70,74.0,237.05405405405406,17542.0,K738_ARC _B4_slice7-Ort.czi,adult,pomc,lower
71,77.0,214.41558441558442,16510.0,K738_ARC _B4_slice7-Ort.czi,adult,pomc,lower
72,172.0,244.32558139534885,42024.0,K738_ARC _B4_slice7-Ort.czi,adult,pomc,lower
73,87.0,237.55172413793105,20667.0,K738_ARC _B4_slice7-Ort.czi,adult,pomc,lower
74,252.0,236.68253968253967,59644.0,K738_ARC _B4_slice7-Ort.czi,adult,pomc,lower
75,122.0,243.21311475409837,29672.0,K738_ARC _B4_slice7-Ort.czi,adult,pomc,lower
76,206.0,231.7766990291262,47746.0,K738_ARC _B4_slice7-Ort.czi,adult,pomc,lower
77,44.0,219.95454545454547,9678.0,K738_ARC _B4_slice7-Ort.czi,adult,pomc,lower
78,299.0,246.55183946488293,73719.0,K738_ARC _B4_slice7-Ort.czi,adult,pomc,lower
79,355.0,244.45915492957747,86783.0,K738_ARC _B4_slice7-Ort.czi,adult,pomc,lower
80,118.0,244.26271186440678,28823.0,K738_ARC _B4_slice7-Ort.czi,adult,pomc,lower
81,139.0,227.80575539568346,31665.0,K738_ARC _B4_slice7-Ort.czi,adult,pomc,lower
82,32.0,200.875,6428.0,K738_ARC _B4_slice7-Ort.czi,adult,pomc,lower
83,37.0,204.24324324324326,7557.000000000001,K738_ARC _B4_slice7-Ort.czi,adult,pomc,lower
84,187.0,240.2620320855615,44929.0,K738_ARC _B4_slice7-Ort.czi,adult,pomc,lower
85,153.0,241.44444444444446,36941.0,K738_ARC _B4_slice7-Ort.czi,adult,pomc,lower
86,42.0,236.54761904761904,9935.0,K738_ARC _B4_slice7-Ort.czi,adult,pomc,lower
87,32.0,225.46875,7215.0,K738_ARC _B4_slice7-Ort.czi,adult,pomc,lower
88,146.0,245.8082191780822,35888.0,K738_ARC _B4_slice7-Ort.czi,adult,pomc,lower
89,169.0,238.698224852071,40340.0,K738_ARC _B4_slice7-Ort.czi,adult,pomc,lower
90,224.0,236.33482142857142,52939.0,K738_ARC _B4_slice7-Ort.czi,adult,pomc,lower
91,54.0,234.16666666666666,12645.0,K738_ARC _B4_slice7-Ort.czi,adult,pomc,lower
92,14.0,228.21428571428572,3195.0,K738_ARC _B4_slice7-Ort.czi,adult,pomc,lower
93,135.0,241.13333333333333,32553.0,K738_ARC _B4_slice7-Ort.czi,adult,pomc,lower
94,278.0,239.14388489208633,66482.0,K738_ARC _B4_slice7-Ort.czi,adult,pomc,lower
95,237.0,243.75105485232066,57769.0,K738_ARC _B4_slice7-Ort.czi,adult,pomc,lower
96,104.0,242.43269230769232,25213.0,K738_ARC _B4_slice7-Ort.czi,adult,pomc,lower
97,65.0,239.98461538461538,15599.0,K738_ARC _B4_slice7-Ort.czi,adult,pomc,lower
98,220.0,227.9,50138.0,K738_ARC _B4_slice7-Ort.czi,adult,pomc,lower
99,134.0,247.11194029850745,33113.0,K738_ARC _B4_slice7-Ort.czi,adult,pomc,lower
100,192.0,239.74479166666666,46031.0,K738_ARC _B4_slice7-Ort.czi,adult,pomc,lower
101,166.0,245.16265060240963,40697.0,K738_ARC _B4_slice7-Ort.czi,adult,pomc,lower
102,73.0,237.32876712328766,17325.0,K738_ARC _B4_slice7-Ort.czi,adult,pomc,lower
103,17.0,247.88235294117646,4214.0,K738_ARC _B4_slice7-Ort.czi,adult,pomc,lower
104,139.0,241.79856115107913,33610.0,K738_ARC _B4_slice7-Ort.czi,adult,pomc,lower
105,383.0,237.95822454308095,91138.0,K738_ARC _B4_slice7-Ort.czi,adult,pomc,lower
106,85.0,243.18823529411765,20671.0,K738_ARC _B4_slice7-Ort.czi,adult,pomc,lower
107,219.0,243.86301369863014,53406.0,K738_ARC _B4_slice7-Ort.czi,adult,pomc,lower
108,116.0,236.08620689655172,27386.0,K738_ARC _B4_slice7-Ort.czi,adult,pomc,lower
109,243.0,232.06172839506172,56391.0,K738_ARC _B4_slice7-Ort.czi,adult,pomc,lower
110,23.0,214.43478260869566,4932.0,K738_ARC _B4_slice7-Ort.czi,adult,pomc,lower
111,269.0,210.0371747211896,56500.0,K738_ARC _B4_slice7-Ort.czi,adult,pomc,lower
112,194.0,245.46907216494844,47621.0,K738_ARC _B4_slice7-Ort.czi,adult,pomc,lower
113,179.0,238.37988826815644,42670.0,K738_ARC _B4_slice7-Ort.czi,adult,pomc,lower
114,153.0,245.13071895424838,37505.0,K738_ARC _B4_slice7-Ort.czi,adult,pomc,lower
115,135.0,238.25185185185185,32164.0,K738_ARC _B4_slice7-Ort.czi,adult,pomc,lower
116,205.0,244.5951219512195,50142.0,K738_ARC _B4_slice7-Ort.czi,adult,pomc,lower
117,116.0,244.3793103448276,28348.0,K738_ARC _B4_slice7-Ort.czi,adult,pomc,lower
118,127.0,234.11023622047244,29732.0,K738_ARC _B4_slice7-Ort.czi,adult,pomc,lower
119,131.0,246.3206106870229,32268.0,K738_ARC _B4_slice7-Ort.czi,adult,pomc,lower
120,95.0,240.26315789473685,22825.0,K738_ARC _B4_slice7-Ort.czi,adult,pomc,lower
121,31.0,248.6451612903226,7708.0,K738_ARC _B4_slice7-Ort.czi,adult,pomc,lower
122,165.0,235.45454545454547,38850.0,K738_ARC _B4_slice7-Ort.czi,adult,pomc,lower
123,65.0,241.95384615384614,15727.0,K738_ARC _B4_slice7-Ort.czi,adult,pomc,lower
124,108.0,238.99074074074073,25811.0,K738_ARC _B4_slice7-Ort.czi,adult,pomc,lower
125,17.0,219.58823529411765,3733.0,K738_ARC _B4_slice7-Ort.czi,adult,pomc,lower
126,59.0,248.27118644067798,14648.0,K738_ARC _B4_slice7-Ort.czi,adult,pomc,lower
127,128.0,245.796875,31462.0,K738_ARC _B4_slice7-Ort.czi,adult,pomc,lower
128,150.0,248.55333333333334,37283.0,K738_ARC _B4_slice7-Ort.czi,adult,pomc,lower
129,24.0,244.125,5859.0,K738_ARC _B4_slice7-Ort.czi,adult,pomc,lower
130,152.0,244.7565789473684,37203.0,K738_ARC _B4_slice7-Ort.czi,adult,pomc,lower
131,156.0,244.57051282051282,38153.0,K738_ARC _B4_slice7-Ort.czi,adult,pomc,lower
132,149.0,243.04026845637583,36213.0,K738_ARC _B4_slice7-Ort.czi,adult,pomc,lower
133,52.0,249.80769230769232,12990.0,K738_ARC _B4_slice7-Ort.czi,adult,pomc,lower
134,149.0,244.45637583892616,36424.0,K738_ARC _B4_slice7-Ort.czi,adult,pomc,lower
1,51.0,174.37254901960785,8893.0,J995_ARC _B4_slice8-Ort.czi,adult,pomc,lower
2,101.0,230.0,23230.0,J995_ARC _B4_slice8-Ort.czi,adult,pomc,lower
3,39.0,198.30769230769232,7734.000000000001,J995_ARC _B4_slice8-Ort.czi,adult,pomc,lower
4,110.0,179.63636363636363,19760.0,J995_ARC _B4_slice8-Ort.czi,adult,pomc,lower
5,107.0,212.6728971962617,22756.0,J995_ARC _B4_slice8-Ort.czi,adult,pomc,lower
6,93.0,233.19354838709677,21687.0,J995_ARC _B4_slice8-Ort.czi,adult,pomc,lower
7,63.0,177.65079365079364,11192.0,J995_ARC _B4_slice8-Ort.czi,adult,pomc,lower
8,47.0,158.19148936170214,7435.000000000001,J995_ARC _B4_slice8-Ort.czi,adult,pomc,lower
9,57.0,154.87719298245614,8828.0,J995_ARC _B4_slice8-Ort.czi,adult,pomc,lower
10,92.0,238.6413043478261,21955.0,J995_ARC _B4_slice8-Ort.czi,adult,pomc,lower
11,72.0,230.29166666666666,16581.0,J995_ARC _B4_slice8-Ort.czi,adult,pomc,lower
12,64.0,218.328125,13973.0,J995_ARC _B4_slice8-Ort.czi,adult,pomc,lower
13,78.0,180.2948717948718,14063.0,J995_ARC _B4_slice8-Ort.czi,adult,pomc,lower
14,35.0,191.68571428571428,6709.0,J995_ARC _B4_slice8-Ort.czi,adult,pomc,lower
15,74.0,220.8918918918919,16346.0,J995_ARC _B4_slice8-Ort.czi,adult,pomc,lower
16,42.0,193.97619047619048,8147.0,J995_ARC _B4_slice8-Ort.czi,adult,pomc,lower
17,92.0,197.65217391304347,18184.0,J995_ARC _B4_slice8-Ort.czi,adult,pomc,lower
18,22.0,171.22727272727272,3767.0,J995_ARC _B4_slice8-Ort.czi,adult,pomc,lower
19,7.0,157.28571428571428,1101.0,J995_ARC _B4_slice8-Ort.czi,adult,pomc,lower
20,52.0,196.80769230769232,10234.0,J995_ARC _B4_slice8-Ort.czi,adult,pomc,lower
21,11.0,157.9090909090909,1737.0,J995_ARC _B4_slice8-Ort.czi,adult,pomc,lower
22,107.0,236.70093457943926,25327.0,J995_ARC _B4_slice8-Ort.czi,adult,pomc,lower
23,75.0,202.72,15204.0,J995_ARC _B4_slice8-Ort.czi,adult,pomc,lower
24,50.0,230.52,11526.0,J995_ARC _B4_slice8-Ort.czi,adult,pomc,lower
25,30.0,205.16666666666666,6155.0,J995_ARC _B4_slice8-Ort.czi,adult,pomc,lower
26,76.0,209.92105263157896,15954.0,J995_ARC _B4_slice8-Ort.czi,adult,pomc,lower
27,126.0,181.4126984126984,22858.0,J995_ARC _B4_slice8-Ort.czi,adult,pomc,lower
28,120.0,225.04166666666666,27005.0,J995_ARC _B4_slice8-Ort.czi,adult,pomc,lower
29,73.0,226.23287671232876,16515.0,J995_ARC _B4_slice8-Ort.czi,adult,pomc,lower
30,6.0,116.83333333333333,701.0,J995_ARC _B4_slice8-Ort.czi,adult,pomc,lower
31,232.0,228.22844827586206,52949.0,J995_ARC _B4_slice8-Ort.czi,adult,pomc,lower
32,1.0,138.0,138.0,J995_ARC _B4_slice8-Ort.czi,adult,pomc,lower
33,4.0,253.75,1015.0,J995_ARC _B4_slice8-Ort.czi,adult,pomc,lower
34,58.0,219.98275862068965,12759.0,J995_ARC _B4_slice8-Ort.czi,adult,pomc,lower
35,9.0,200.88888888888889,1808.0,J995_ARC _B4_slice8-Ort.czi,adult,pomc,lower
36,29.0,184.79310344827587,5359.0,J995_ARC _B4_slice8-Ort.czi,adult,pomc,lower
37,50.0,211.04,10552.0,J995_ARC _B4_slice8-Ort.czi,adult,pomc,lower
38,113.0,226.30088495575222,25572.0,J995_ARC _B4_slice8-Ort.czi,adult,pomc,lower
39,73.0,236.3013698630137,17250.0,J995_ARC _B4_slice8-Ort.czi,adult,pomc,lower
40,77.0,203.12987012987014,15641.0,J995_ARC _B4_slice8-Ort.czi,adult,pomc,lower
41,46.0,217.8913043478261,10023.0,J995_ARC _B4_slice8-Ort.czi,adult,pomc,lower
42,71.0,175.9718309859155,12494.0,J995_ARC _B4_slice8-Ort.czi,adult,pomc,lower
43,24.0,222.20833333333334,5333.0,J995_ARC _B4_slice8-Ort.czi,adult,pomc,lower
44,119.0,205.67226890756302,24475.0,J995_ARC _B4_slice8-Ort.czi,adult,pomc,lower
1,12.0,205.16666666666666,2462.0,J987_ARC _C3_slice5-Ort.czi,adult,pomc,lower
2,109.0,249.11926605504587,27154.0,J987_ARC _C3_slice5-Ort.czi,adult,pomc,lower
3,96.0,239.22916666666666,22966.0,J987_ARC _C3_slice5-Ort.czi,adult,pomc,lower
4,1.0,109.0,109.0,J987_ARC _C3_slice5-Ort.czi,adult,pomc,lower
5,10.0,197.8,1978.0,J987_ARC _C3_slice5-Ort.czi,adult,pomc,lower
6,156.0,244.75641025641025,38182.0,J987_ARC _C3_slice5-Ort.czi,adult,pomc,lower
7,164.0,245.03048780487805,40185.0,J987_ARC _C3_slice5-Ort.czi,adult,pomc,lower
8,48.0,234.16666666666666,11240.0,J987_ARC _C3_slice5-Ort.czi,adult,pomc,lower
9,4.0,231.25,925.0,J987_ARC _C3_slice5-Ort.czi,adult,pomc,lower
10,92.0,227.3586956521739,20917.0,J987_ARC _C3_slice5-Ort.czi,adult,pomc,lower
11,40.0,242.2,9688.0,J987_ARC _C3_slice5-Ort.czi,adult,pomc,lower
12,20.0,226.25,4525.0,J987_ARC _C3_slice5-Ort.czi,adult,pomc,lower
13,17.0,217.7058823529412,3701.0,J987_ARC _C3_slice5-Ort.czi,adult,pomc,lower
14,29.0,195.89655172413794,5681.0,J987_ARC _C3_slice5-Ort.czi,adult,pomc,lower
15,44.0,238.3409090909091,10487.0,J987_ARC _C3_slice5-Ort.czi,adult,pomc,lower
16,103.0,239.9902912621359,24719.0,J987_ARC _C3_slice5-Ort.czi,adult,pomc,lower
17,26.0,199.92307692307693,5198.0,J987_ARC _C3_slice5-Ort.czi,adult,pomc,lower
18,6.0,236.16666666666666,1417.0,J987_ARC _C3_slice5-Ort.czi,adult,pomc,lower
19,218.0,229.1834862385321,49962.0,J987_ARC _C3_slice5-Ort.czi,adult,pomc,lower
20,258.0,224.89922480620154,58024.0,J987_ARC _C3_slice5-Ort.czi,adult,pomc,lower
21,3.0,255.0,765.0,J987_ARC _C3_slice5-Ort.czi,adult,pomc,lower
22,172.0,245.0581395348837,42150.0,J987_ARC _C3_slice5-Ort.czi,adult,pomc,lower
23,87.0,188.632183908046,16411.0,J987_ARC _C3_slice5-Ort.czi,adult,pomc,lower
24,154.0,243.05194805194805,37430.0,J987_ARC _C3_slice5-Ort.czi,adult,pomc,lower
25,94.0,233.62765957446808,21961.0,J987_ARC _C3_slice5-Ort.czi,adult,pomc,lower
26,132.0,242.83333333333334,32054.0,J987_ARC _C3_slice5-Ort.czi,adult,pomc,lower
27,23.0,247.17391304347825,5685.0,J987_ARC _C3_slice5-Ort.czi,adult,pomc,lower
28,158.0,226.75316455696202,35827.0,J987_ARC _C3_slice5-Ort.czi,adult,pomc,lower
29,56.0,233.07142857142858,13052.0,J987_ARC _C3_slice5-Ort.czi,adult,pomc,lower
30,165.0,244.38181818181818,40323.0,J987_ARC _C3_slice5-Ort.czi,adult,pomc,lower
31,94.0,242.91489361702128,22834.0,J987_ARC _C3_slice5-Ort.czi,adult,pomc,lower
32,25.0,248.16,6204.0,J987_ARC _C3_slice5-Ort.czi,adult,pomc,lower
33,134.0,239.67910447761193,32117.0,J987_ARC _C3_slice5-Ort.czi,adult,pomc,lower
34,106.0,246.29245283018867,26107.0,J987_ARC _C3_slice5-Ort.czi,adult,pomc,lower
35,152.0,243.7434210526316,37049.0,J987_ARC _C3_slice5-Ort.czi,adult,pomc,lower
36,182.0,242.96703296703296,44220.0,J987_ARC _C3_slice5-Ort.czi,adult,pomc,lower
37,23.0,210.2608695652174,4836.0,J987_ARC _C3_slice5-Ort.czi,adult,pomc,lower
38,137.0,221.83211678832117,30391.0,J987_ARC _C3_slice5-Ort.czi,adult,pomc,lower
39,76.0,226.85526315789474,17241.0,J987_ARC _C3_slice5-Ort.czi,adult,pomc,lower
40,11.0,194.27272727272728,2137.0,J987_ARC _C3_slice5-Ort.czi,adult,pomc,lower
41,115.0,245.08695652173913,28185.0,J987_ARC _C3_slice5-Ort.czi,adult,pomc,lower
42,190.0,241.0842105263158,45806.0,J987_ARC _C3_slice5-Ort.czi,adult,pomc,lower
43,53.0,227.9245283018868,12080.0,J987_ARC _C3_slice5-Ort.czi,adult,pomc,lower
44,280.0,243.8357142857143,68274.0,J987_ARC _C3_slice5-Ort.czi,adult,pomc,lower
45,50.0,220.34,11017.0,J987_ARC _C3_slice5-Ort.czi,adult,pomc,lower
46,250.0,244.276,61069.0,J987_ARC _C3_slice5-Ort.czi,adult,pomc,lower
47,14.0,221.28571428571428,3098.0,J987_ARC _C3_slice5-Ort.czi,adult,pomc,lower
48,8.0,247.875,1983.0,J987_ARC _C3_slice5-Ort.czi,adult,pomc,lower
49,12.0,158.91666666666666,1907.0,J987_ARC _C3_slice5-Ort.czi,adult,pomc,lower
50,36.0,236.61111111111111,8518.0,J987_ARC _C3_slice5-Ort.czi,adult,pomc,lower
51,129.0,247.4108527131783,31916.0,J987_ARC _C3_slice5-Ort.czi,adult,pomc,lower
52,92.0,246.1086956521739,22642.0,J987_ARC _C3_slice5-Ort.czi,adult,pomc,lower
53,9.0,154.66666666666666,1392.0,J987_ARC _C3_slice5-Ort.czi,adult,pomc,lower
54,171.0,240.82456140350877,41181.0,J987_ARC _C3_slice5-Ort.czi,adult,pomc,lower
55,425.0,240.43529411764706,102185.0,J987_ARC _C3_slice5-Ort.czi,adult,pomc,lower
56,88.0,243.0568181818182,21389.0,J987_ARC _C3_slice5-Ort.czi,adult,pomc,lower
57,96.0,233.875,22452.0,J987_ARC _C3_slice5-Ort.czi,adult,pomc,lower
58,3.0,246.0,738.0,J987_ARC _C3_slice5-Ort.czi,adult,pomc,lower
59,167.0,243.2814371257485,40628.0,J987_ARC _C3_slice5-Ort.czi,adult,pomc,lower
60,21.0,207.14285714285714,4350.0,J987_ARC _C3_slice5-Ort.czi,adult,pomc,lower
61,215.0,213.73953488372092,45954.0,J987_ARC _C3_slice5-Ort.czi,adult,pomc,lower
62,51.0,211.84313725490196,10804.0,J987_ARC _C3_slice5-Ort.czi,adult,pomc,lower
63,104.0,236.66346153846155,24613.0,J987_ARC _C3_slice5-Ort.czi,adult,pomc,lower
64,97.0,208.2680412371134,20202.0,J987_ARC _C3_slice5-Ort.czi,adult,pomc,lower
65,25.0,220.6,5515.0,J987_ARC _C3_slice5-Ort.czi,adult,pomc,lower
66,47.0,214.89361702127658,10100.0,J987_ARC _C3_slice5-Ort.czi,adult,pomc,lower
67,239.0,230.43096234309624,55073.0,J987_ARC _C3_slice5-Ort.czi,adult,pomc,lower
68,107.0,243.83177570093457,26090.0,J987_ARC _C3_slice5-Ort.czi,adult,pomc,lower
69,262.0,242.3969465648855,63508.0,J987_ARC _C3_slice5-Ort.czi,adult,pomc,lower
70,250.0,245.512,61378.0,J987_ARC _C3_slice5-Ort.czi,adult,pomc,lower
71,126.0,241.88888888888889,30478.0,J987_ARC _C3_slice5-Ort.czi,adult,pomc,lower
72,36.0,213.91666666666666,7701.0,J987_ARC _C3_slice5-Ort.czi,adult,pomc,lower
73,36.0,240.77777777777777,8668.0,J987_ARC _C3_slice5-Ort.czi,adult,pomc,lower
74,161.0,205.2173913043478,33040.0,J987_ARC _C3_slice5-Ort.czi,adult,pomc,lower
75,182.0,239.97252747252747,43675.0,J987_ARC _C3_slice5-Ort.czi,adult,pomc,lower
76,128.0,227.015625,29058.0,J987_ARC _C3_slice5-Ort.czi,adult,pomc,lower
77,132.0,234.87121212121212,31003.0,J987_ARC _C3_slice5-Ort.czi,adult,pomc,lower
78,42.0,235.6904761904762,9899.0,J987_ARC _C3_slice5-Ort.czi,adult,pomc,lower
79,200.0,223.73,44746.0,J987_ARC _C3_slice5-Ort.czi,adult,pomc,lower
80,230.0,243.3913043478261,55980.0,J987_ARC _C3_slice5-Ort.czi,adult,pomc,lower
81,28.0,215.14285714285714,6024.0,J987_ARC _C3_slice5-Ort.czi,adult,pomc,lower
82,211.0,226.18957345971563,47726.0,J987_ARC _C3_slice5-Ort.czi,adult,pomc,lower
83,5.0,247.0,1235.0,J987_ARC _C3_slice5-Ort.czi,adult,pomc,lower
84,1.0,254.0,254.0,J987_ARC _C3_slice5-Ort.czi,adult,pomc,lower
85,1.0,252.0,252.0,J987_ARC _C3_slice5-Ort.czi,adult,pomc,lower
86,13.0,216.69230769230768,2817.0,J987_ARC _C3_slice5-Ort.czi,adult,pomc,lower
87,57.0,237.52631578947367,13539.0,J987_ARC _C3_slice5-Ort.czi,adult,pomc,lower
88,54.0,240.74074074074073,13000.0,J987_ARC _C3_slice5-Ort.czi,adult,pomc,lower
1,207.0,232.97101449275362,48225.0,J987_ARC _C3_slice4-Ort.czi,adult,pomc,lower
2,81.0,214.87654320987653,17405.0,J987_ARC _C3_slice4-Ort.czi,adult,pomc,lower
3,137.0,247.16788321167883,33862.0,J987_ARC _C3_slice4-Ort.czi,adult,pomc,lower
4,95.0,229.70526315789473,21822.0,J987_ARC _C3_slice4-Ort.czi,adult,pomc,lower
5,12.0,251.08333333333334,3013.0,J987_ARC _C3_slice4-Ort.czi,adult,pomc,lower
6,82.0,190.3048780487805,15605.0,J987_ARC _C3_slice4-Ort.czi,adult,pomc,lower
7,54.0,246.14814814814815,13292.0,J987_ARC _C3_slice4-Ort.czi,adult,pomc,lower
8,252.0,231.71031746031747,58391.0,J987_ARC _C3_slice4-Ort.czi,adult,pomc,lower
9,150.0,242.59333333333333,36389.0,J987_ARC _C3_slice4-Ort.czi,adult,pomc,lower
10,55.0,204.78181818181818,11263.0,J987_ARC _C3_slice4-Ort.czi,adult,pomc,lower
11,119.0,246.53781512605042,29338.0,J987_ARC _C3_slice4-Ort.czi,adult,pomc,lower
12,169.0,242.5976331360947,40999.0,J987_ARC _C3_slice4-Ort.czi,adult,pomc,lower
13,210.0,234.62857142857143,49272.0,J987_ARC _C3_slice4-Ort.czi,adult,pomc,lower
14,128.0,223.1640625,28565.0,J987_ARC _C3_slice4-Ort.czi,adult,pomc,lower
15,117.0,242.05128205128204,28320.0,J987_ARC _C3_slice4-Ort.czi,adult,pomc,lower
16,62.0,228.46774193548387,14165.0,J987_ARC _C3_slice4-Ort.czi,adult,pomc,lower
17,153.0,240.0,36720.0,J987_ARC _C3_slice4-Ort.czi,adult,pomc,lower
18,410.0,245.89756097560976,100818.0,J987_ARC _C3_slice4-Ort.czi,adult,pomc,lower
19,136.0,235.34558823529412,32007.0,J987_ARC _C3_slice4-Ort.czi,adult,pomc,lower
20,16.0,234.0625,3745.0,J987_ARC _C3_slice4-Ort.czi,adult,pomc,lower
21,150.0,241.96,36294.0,J987_ARC _C3_slice4-Ort.czi,adult,pomc,lower
22,36.0,241.11111111111111,8680.0,J987_ARC _C3_slice4-Ort.czi,adult,pomc,lower
23,42.0,252.35714285714286,10599.0,J987_ARC _C3_slice4-Ort.czi,adult,pomc,lower
24,15.0,249.4,3741.0,J987_ARC _C3_slice4-Ort.czi,adult,pomc,lower
25,65.0,250.90769230769232,16309.0,J987_ARC _C3_slice4-Ort.czi,adult,pomc,lower
26,15.0,234.13333333333333,3512.0,J987_ARC _C3_slice4-Ort.czi,adult,pomc,lower
27,192.0,241.625,46392.0,J987_ARC _C3_slice4-Ort.czi,adult,pomc,lower
28,23.0,241.52173913043478,5555.0,J987_ARC _C3_slice4-Ort.czi,adult,pomc,lower
29,155.0,241.92903225806452,37499.0,J987_ARC _C3_slice4-Ort.czi,adult,pomc,lower
30,28.0,213.57142857142858,5980.0,J987_ARC _C3_slice4-Ort.czi,adult,pomc,lower
31,139.0,246.32374100719426,34239.0,J987_ARC _C3_slice4-Ort.czi,adult,pomc,lower
32,100.0,235.74,23574.0,J987_ARC _C3_slice4-Ort.czi,adult,pomc,lower
33,147.0,239.96598639455783,35275.0,J987_ARC _C3_slice4-Ort.czi,adult,pomc,lower
34,24.0,238.66666666666666,5728.0,J987_ARC _C3_slice4-Ort.czi,adult,pomc,lower
35,203.0,243.39901477832512,49410.0,J987_ARC _C3_slice4-Ort.czi,adult,pomc,lower
36,165.0,240.23030303030302,39638.0,J987_ARC _C3_slice4-Ort.czi,adult,pomc,lower
37,69.0,235.53623188405797,16252.0,J987_ARC _C3_slice4-Ort.czi,adult,pomc,lower
38,228.0,244.640350877193,55778.0,J987_ARC _C3_slice4-Ort.czi,adult,pomc,lower
39,132.0,238.32575757575756,31459.0,J987_ARC _C3_slice4-Ort.czi,adult,pomc,lower
40,125.0,239.664,29958.0,J987_ARC _C3_slice4-Ort.czi,adult,pomc,lower
41,149.0,244.84563758389262,36482.0,J987_ARC _C3_slice4-Ort.czi,adult,pomc,lower
42,150.0,238.78,35817.0,J987_ARC _C3_slice4-Ort.czi,adult,pomc,lower
43,28.0,201.57142857142858,5644.0,J987_ARC _C3_slice4-Ort.czi,adult,pomc,lower
44,42.0,218.6904761904762,9185.0,J987_ARC _C3_slice4-Ort.czi,adult,pomc,lower
45,150.0,233.92,35088.0,J987_ARC _C3_slice4-Ort.czi,adult,pomc,lower
46,159.0,247.72955974842768,39389.0,J987_ARC _C3_slice4-Ort.czi,adult,pomc,lower
47,230.0,240.59565217391304,55337.0,J987_ARC _C3_slice4-Ort.czi,adult,pomc,lower
48,126.0,241.57142857142858,30438.0,J987_ARC _C3_slice4-Ort.czi,adult,pomc,lower
49,4.0,212.75,851.0,J987_ARC _C3_slice4-Ort.czi,adult,pomc,lower
50,99.0,219.55555555555554,21736.0,J987_ARC _C3_slice4-Ort.czi,adult,pomc,lower
51,96.0,244.0,23424.0,J987_ARC _C3_slice4-Ort.czi,adult,pomc,lower
52,85.0,199.3294117647059,16943.0,J987_ARC _C3_slice4-Ort.czi,adult,pomc,lower
53,4.0,213.25,853.0,J987_ARC _C3_slice4-Ort.czi,adult,pomc,lower
54,26.0,186.73076923076923,4855.0,J987_ARC _C3_slice4-Ort.czi,adult,pomc,lower
55,154.0,235.36363636363637,36246.0,J987_ARC _C3_slice4-Ort.czi,adult,pomc,lower
56,175.0,243.54857142857142,42621.0,J987_ARC _C3_slice4-Ort.czi,adult,pomc,lower
57,89.0,231.0561797752809,20564.0,J987_ARC _C3_slice4-Ort.czi,adult,pomc,lower
58,102.0,228.73529411764707,23331.0,J987_ARC _C3_slice4-Ort.czi,adult,pomc,lower
59,4.0,235.0,940.0,J987_ARC _C3_slice4-Ort.czi,adult,pomc,lower
60,114.0,245.6315789473684,28002.0,J987_ARC _C3_slice4-Ort.czi,adult,pomc,lower
61,124.0,240.66935483870967,29843.0,J987_ARC _C3_slice4-Ort.czi,adult,pomc,lower
62,10.0,226.7,2267.0,J987_ARC _C3_slice4-Ort.czi,adult,pomc,lower
63,186.0,238.84408602150538,44425.0,J987_ARC _C3_slice4-Ort.czi,adult,pomc,lower
64,90.0,217.7,19593.0,J987_ARC _C3_slice4-Ort.czi,adult,pomc,lower
65,395.0,242.3873417721519,95743.0,J987_ARC _C3_slice4-Ort.czi,adult,pomc,lower
66,71.0,197.35211267605635,14012.0,J987_ARC _C3_slice4-Ort.czi,adult,pomc,lower
67,203.0,240.95073891625617,48913.0,J987_ARC _C3_slice4-Ort.czi,adult,pomc,lower
68,155.0,243.83870967741936,37795.0,J987_ARC _C3_slice4-Ort.czi,adult,pomc,lower
69,63.0,240.79365079365078,15170.0,J987_ARC _C3_slice4-Ort.czi,adult,pomc,lower
70,16.0,247.125,3954.0,J987_ARC _C3_slice4-Ort.czi,adult,pomc,lower
71,193.0,247.96373056994818,47857.0,J987_ARC _C3_slice4-Ort.czi,adult,pomc,lower
72,217.0,231.95391705069125,50334.0,J987_ARC _C3_slice4-Ort.czi,adult,pomc,lower
73,114.0,239.2017543859649,27269.0,J987_ARC _C3_slice4-Ort.czi,adult,pomc,lower
74,67.0,225.77611940298507,15127.0,J987_ARC _C3_slice4-Ort.czi,adult,pomc,lower
75,78.0,237.30769230769232,18510.0,J987_ARC _C3_slice4-Ort.czi,adult,pomc,lower
76,148.0,244.91216216216216,36247.0,J987_ARC _C3_slice4-Ort.czi,adult,pomc,lower
77,164.0,248.1158536585366,40691.0,J987_ARC _C3_slice4-Ort.czi,adult,pomc,lower
78,74.0,201.64864864864865,14922.0,J987_ARC _C3_slice4-Ort.czi,adult,pomc,lower
79,129.0,246.97674418604652,31860.0,J987_ARC _C3_slice4-Ort.czi,adult,pomc,lower
80,284.0,245.23591549295776,69647.0,J987_ARC _C3_slice4-Ort.czi,adult,pomc,lower
81,56.0,225.10714285714286,12606.0,J987_ARC _C3_slice4-Ort.czi,adult,pomc,lower
82,122.0,245.4672131147541,29947.0,J987_ARC _C3_slice4-Ort.czi,adult,pomc,lower
83,48.0,232.08333333333334,11140.0,J987_ARC _C3_slice4-Ort.czi,adult,pomc,lower
84,79.0,235.40506329113924,18597.0,J987_ARC _C3_slice4-Ort.czi,adult,pomc,lower
85,43.0,247.34883720930233,10636.0,J987_ARC _C3_slice4-Ort.czi,adult,pomc,lower
86,127.0,233.7244094488189,29683.0,J987_ARC _C3_slice4-Ort.czi,adult,pomc,lower
87,174.0,239.20114942528735,41621.0,J987_ARC _C3_slice4-Ort.czi,adult,pomc,lower
88,153.0,221.90196078431373,33951.0,J987_ARC _C3_slice4-Ort.czi,adult,pomc,lower
89,52.0,219.69230769230768,11424.0,J987_ARC _C3_slice4-Ort.czi,adult,pomc,lower
90,159.0,244.32075471698113,38847.0,J987_ARC _C3_slice4-Ort.czi,adult,pomc,lower
91,74.0,236.7027027027027,17516.0,J987_ARC _C3_slice4-Ort.czi,adult,pomc,lower
92,40.0,223.675,8947.0,J987_ARC _C3_slice4-Ort.czi,adult,pomc,lower
93,183.0,237.79781420765028,43517.0,J987_ARC _C3_slice4-Ort.czi,adult,pomc,lower
94,87.0,233.79310344827587,20340.0,J987_ARC _C3_slice4-Ort.czi,adult,pomc,lower
95,142.0,239.30281690140845,33981.0,J987_ARC _C3_slice4-Ort.czi,adult,pomc,lower
96,160.0,244.86875,39179.0,J987_ARC _C3_slice4-Ort.czi,adult,pomc,lower
97,177.0,242.92090395480227,42997.0,J987_ARC _C3_slice4-Ort.czi,adult,pomc,lower
98,154.0,247.94805194805195,38184.0,J987_ARC _C3_slice4-Ort.czi,adult,pomc,lower
99,222.0,237.8963963963964,52813.0,J987_ARC _C3_slice4-Ort.czi,adult,pomc,lower
100,12.0,202.41666666666666,2429.0,J987_ARC _C3_slice4-Ort.czi,adult,pomc,lower
101,78.0,217.69230769230768,16980.0,J987_ARC _C3_slice4-Ort.czi,adult,pomc,lower
102,95.0,178.05263157894737,16915.0,J987_ARC _C3_slice4-Ort.czi,adult,pomc,lower
103,263.0,248.0684410646388,65242.0,J987_ARC _C3_slice4-Ort.czi,adult,pomc,lower
1,40.0,192.775,7711.0,J987_ARC _C3_slice1-Ort.czi,adult,pomc,lower
2,8.0,226.0,1808.0,J987_ARC _C3_slice1-Ort.czi,adult,pomc,lower
3,133.0,230.593984962406,30669.0,J987_ARC _C3_slice1-Ort.czi,adult,pomc,lower
4,41.0,245.8780487804878,10081.0,J987_ARC _C3_slice1-Ort.czi,adult,pomc,lower
5,128.0,238.84375,30572.0,J987_ARC _C3_slice1-Ort.czi,adult,pomc,lower
6,106.0,239.88679245283018,25428.0,J987_ARC _C3_slice1-Ort.czi,adult,pomc,lower
7,111.0,227.93693693693695,25301.0,J987_ARC _C3_slice1-Ort.czi,adult,pomc,lower
8,42.0,168.78571428571428,7089.0,J987_ARC _C3_slice1-Ort.czi,adult,pomc,lower
9,82.0,197.35365853658536,16183.0,J987_ARC _C3_slice1-Ort.czi,adult,pomc,lower
10,160.0,234.7875,37566.0,J987_ARC _C3_slice1-Ort.czi,adult,pomc,lower
11,115.0,242.95652173913044,27940.0,J987_ARC _C3_slice1-Ort.czi,adult,pomc,lower
12,105.0,187.78095238095239,19717.0,J987_ARC _C3_slice1-Ort.czi,adult,pomc,lower
13,25.0,227.08,5677.0,J987_ARC _C3_slice1-Ort.czi,adult,pomc,lower
14,127.0,217.73228346456693,27652.0,J987_ARC _C3_slice1-Ort.czi,adult,pomc,lower
15,112.0,198.13392857142858,22191.0,J987_ARC _C3_slice1-Ort.czi,adult,pomc,lower
16,35.0,139.68571428571428,4889.0,J987_ARC _C3_slice1-Ort.czi,adult,pomc,lower
17,81.0,172.92592592592592,14007.0,J987_ARC _C3_slice1-Ort.czi,adult,pomc,lower
18,23.0,248.69565217391303,5720.0,J987_ARC _C3_slice1-Ort.czi,adult,pomc,lower
19,125.0,236.952,29619.0,J987_ARC _C3_slice1-Ort.czi,adult,pomc,lower
20,87.0,218.2528735632184,18988.0,J987_ARC _C3_slice1-Ort.czi,adult,pomc,lower
21,32.0,189.90625,6077.0,J987_ARC _C3_slice1-Ort.czi,adult,pomc,lower
22,110.0,218.29090909090908,24012.0,J987_ARC _C3_slice1-Ort.czi,adult,pomc,lower
23,51.0,239.0,12189.0,J987_ARC _C3_slice1-Ort.czi,adult,pomc,lower
24,68.0,210.02941176470588,14282.0,J987_ARC _C3_slice1-Ort.czi,adult,pomc,lower
25,135.0,242.61481481481482,32753.0,J987_ARC _C3_slice1-Ort.czi,adult,pomc,lower
26,199.0,219.4924623115578,43679.0,J987_ARC _C3_slice1-Ort.czi,adult,pomc,lower
27,191.0,242.00523560209425,46223.0,J987_ARC _C3_slice1-Ort.czi,adult,pomc,lower
28,42.0,240.35714285714286,10095.0,J987_ARC _C3_slice1-Ort.czi,adult,pomc,lower
29,200.0,246.785,49357.0,J987_ARC _C3_slice1-Ort.czi,adult,pomc,lower
30,57.0,211.8421052631579,12075.0,J987_ARC _C3_slice1-Ort.czi,adult,pomc,lower
31,219.0,229.98173515981736,50366.0,J987_ARC _C3_slice1-Ort.czi,adult,pomc,lower
32,124.0,239.41935483870967,29688.0,J987_ARC _C3_slice1-Ort.czi,adult,pomc,lower
33,492.0,234.4959349593496,115372.0,J987_ARC _C3_slice1-Ort.czi,adult,pomc,lower
34,137.0,240.7007299270073,32976.0,J987_ARC _C3_slice1-Ort.czi,adult,pomc,lower
35,199.0,241.9246231155779,48143.0,J987_ARC _C3_slice1-Ort.czi,adult,pomc,lower
36,155.0,239.13548387096773,37066.0,J987_ARC _C3_slice1-Ort.czi,adult,pomc,lower
37,140.0,245.55,34377.0,J987_ARC _C3_slice1-Ort.czi,adult,pomc,lower
38,111.0,250.45045045045046,27800.0,J987_ARC _C3_slice1-Ort.czi,adult,pomc,lower
39,122.0,247.40983606557376,30184.0,J987_ARC _C3_slice1-Ort.czi,adult,pomc,lower
40,137.0,214.6058394160584,29401.0,J987_ARC _C3_slice1-Ort.czi,adult,pomc,lower
41,180.0,229.88888888888889,41380.0,J987_ARC _C3_slice1-Ort.czi,adult,pomc,lower
42,148.0,242.9189189189189,35952.0,J987_ARC _C3_slice1-Ort.czi,adult,pomc,lower
43,142.0,243.06338028169014,34515.0,J987_ARC _C3_slice1-Ort.czi,adult,pomc,lower
44,178.0,213.68539325842696,38036.0,J987_ARC _C3_slice1-Ort.czi,adult,pomc,lower
45,114.0,229.68421052631578,26184.0,J987_ARC _C3_slice1-Ort.czi,adult,pomc,lower
46,151.0,218.08609271523179,32931.0,J987_ARC _C3_slice1-Ort.czi,adult,pomc,lower
47,21.0,194.9047619047619,4093.0,J987_ARC _C3_slice1-Ort.czi,adult,pomc,lower
48,154.0,241.0194805194805,37117.0,J987_ARC _C3_slice1-Ort.czi,adult,pomc,lower
49,139.0,228.6546762589928,31783.0,J987_ARC _C3_slice1-Ort.czi,adult,pomc,lower
50,44.0,251.4318181818182,11063.0,J987_ARC _C3_slice1-Ort.czi,adult,pomc,lower
51,43.0,179.74418604651163,7729.0,J987_ARC _C3_slice1-Ort.czi,adult,pomc,lower
52,186.0,245.6290322580645,45687.0,J987_ARC _C3_slice1-Ort.czi,adult,pomc,lower
53,107.0,180.46728971962617,19310.0,J987_ARC _C3_slice1-Ort.czi,adult,pomc,lower
54,73.0,210.67123287671234,15379.0,J987_ARC _C3_slice1-Ort.czi,adult,pomc,lower
55,215.0,240.0139534883721,51603.0,J987_ARC _C3_slice1-Ort.czi,adult,pomc,lower
56,196.0,247.2091836734694,48453.0,J987_ARC _C3_slice1-Ort.czi,adult,pomc,lower
57,194.0,242.92268041237114,47127.0,J987_ARC _C3_slice1-Ort.czi,adult,pomc,lower
58,139.0,230.23021582733813,32002.0,J987_ARC _C3_slice1-Ort.czi,adult,pomc,lower
59,181.0,230.6353591160221,41745.0,J987_ARC _C3_slice1-Ort.czi,adult,pomc,lower
60,138.0,242.44927536231884,33458.0,J987_ARC _C3_slice1-Ort.czi,adult,pomc,lower
61,158.0,230.26582278481013,36382.0,J987_ARC _C3_slice1-Ort.czi,adult,pomc,lower
62,167.0,234.44910179640718,39153.0,J987_ARC _C3_slice1-Ort.czi,adult,pomc,lower
63,7.0,231.57142857142858,1621.0,J987_ARC _C3_slice1-Ort.czi,adult,pomc,lower
64,20.0,232.8,4656.0,J987_ARC _C3_slice1-Ort.czi,adult,pomc,lower
65,79.0,243.1012658227848,19205.0,J987_ARC _C3_slice1-Ort.czi,adult,pomc,lower
66,167.0,243.52095808383234,40668.0,J987_ARC _C3_slice1-Ort.czi,adult,pomc,lower
67,195.0,239.27179487179487,46658.0,J987_ARC _C3_slice1-Ort.czi,adult,pomc,lower
68,16.0,222.375,3558.0,J987_ARC _C3_slice1-Ort.czi,adult,pomc,lower
69,91.0,202.97802197802199,18471.0,J987_ARC _C3_slice1-Ort.czi,adult,pomc,lower
70,254.0,220.01968503937007,55885.0,J987_ARC _C3_slice1-Ort.czi,adult,pomc,lower
71,28.0,173.85714285714286,4868.0,J987_ARC _C3_slice1-Ort.czi,adult,pomc,lower
72,29.0,181.3793103448276,5260.0,J987_ARC _C3_slice1-Ort.czi,adult,pomc,lower
73,26.0,178.96153846153845,4653.0,J987_ARC _C3_slice1-Ort.czi,adult,pomc,lower
74,87.0,213.71264367816093,18593.0,J987_ARC _C3_slice1-Ort.czi,adult,pomc,lower
75,16.0,161.25,2580.0,J987_ARC _C3_slice1-Ort.czi,adult,pomc,lower
76,190.0,235.52631578947367,44750.0,J987_ARC _C3_slice1-Ort.czi,adult,pomc,lower
77,160.0,228.60625,36577.0,J987_ARC _C3_slice1-Ort.czi,adult,pomc,lower
78,129.0,241.68217054263565,31177.0,J987_ARC _C3_slice1-Ort.czi,adult,pomc,lower
79,20.0,241.35,4827.0,J987_ARC _C3_slice1-Ort.czi,adult,pomc,lower
80,89.0,244.59550561797752,21769.0,J987_ARC _C3_slice1-Ort.czi,adult,pomc,lower
81,65.0,225.90769230769232,14684.0,J987_ARC _C3_slice1-Ort.czi,adult,pomc,lower
82,34.0,176.1764705882353,5990.0,J987_ARC _C3_slice1-Ort.czi,adult,pomc,lower
83,1.0,255.0,255.0,J987_ARC _C3_slice1-Ort.czi,adult,pomc,lower
84,140.0,229.87142857142857,32182.0,J987_ARC _C3_slice1-Ort.czi,adult,pomc,lower
85,107.0,245.85046728971963,26306.0,J987_ARC _C3_slice1-Ort.czi,adult,pomc,lower
86,6.0,164.5,987.0,J987_ARC _C3_slice1-Ort.czi,adult,pomc,lower
87,6.0,252.33333333333334,1514.0,J987_ARC _C3_slice1-Ort.czi,adult,pomc,lower
88,53.0,237.33962264150944,12579.0,J987_ARC _C3_slice1-Ort.czi,adult,pomc,lower
1,95.0,14.505263157894737,1378.0,J987_ARC _C3_slice8-Ort.czi,adult,pomc,lower
2,214.0,15.210280373831775,3255.0,J987_ARC _C3_slice8-Ort.czi,adult,pomc,lower
3,202.0,16.638613861386137,3360.9999999999995,J987_ARC _C3_slice8-Ort.czi,adult,pomc,lower
4,76.0,16.38157894736842,1245.0,J987_ARC _C3_slice8-Ort.czi,adult,pomc,lower
5,70.0,14.32857142857143,1003.0,J987_ARC _C3_slice8-Ort.czi,adult,pomc,lower
6,109.0,15.926605504587156,1736.0,J987_ARC _C3_slice8-Ort.czi,adult,pomc,lower
7,80.0,16.1125,1289.0,J987_ARC _C3_slice8-Ort.czi,adult,pomc,lower
8,45.0,15.533333333333333,699.0,J987_ARC _C3_slice8-Ort.czi,adult,pomc,lower
9,222.0,16.24774774774775,3607.0,J987_ARC _C3_slice8-Ort.czi,adult,pomc,lower
10,378.0,16.978835978835978,6418.0,J987_ARC _C3_slice8-Ort.czi,adult,pomc,lower
11,182.0,15.159340659340659,2759.0,J987_ARC _C3_slice8-Ort.czi,adult,pomc,lower
12,44.0,13.75,605.0,J987_ARC _C3_slice8-Ort.czi,adult,pomc,lower
13,53.0,15.79245283018868,837.0,J987_ARC _C3_slice8-Ort.czi,adult,pomc,lower
14,63.0,13.73015873015873,865.0,J987_ARC _C3_slice8-Ort.czi,adult,pomc,lower
15,130.0,16.476923076923075,2142.0,J987_ARC _C3_slice8-Ort.czi,adult,pomc,lower
16,145.0,13.986206896551725,2028.0,J987_ARC _C3_slice8-Ort.czi,adult,pomc,lower
17,474.0,13.915611814345992,6596.0,J987_ARC _C3_slice8-Ort.czi,adult,pomc,lower
18,99.0,16.181818181818183,1602.0000000000002,J987_ARC _C3_slice8-Ort.czi,adult,pomc,lower
19,346.0,16.38150289017341,5668.0,J987_ARC _C3_slice8-Ort.czi,adult,pomc,lower
20,252.0,15.158730158730158,3820.0,J987_ARC _C3_slice8-Ort.czi,adult,pomc,lower
21,1277.0,19.19812059514487,24516.0,J987_ARC _C3_slice8-Ort.czi,adult,pomc,lower
22,4472.0,18.102191413237925,80953.0,J987_ARC _C3_slice8-Ort.czi,adult,pomc,lower
23,119.0,15.277310924369749,1818.0,J987_ARC _C3_slice8-Ort.czi,adult,pomc,lower
24,38.0,13.210526315789474,502.0,J987_ARC _C3_slice8-Ort.czi,adult,pomc,lower
25,63.0,14.666666666666666,924.0,J987_ARC _C3_slice8-Ort.czi,adult,pomc,lower
26,135.0,13.622222222222222,1839.0,J987_ARC _C3_slice8-Ort.czi,adult,pomc,lower
27,282.0,15.606382978723405,4401.0,J987_ARC _C3_slice8-Ort.czi,adult,pomc,lower
28,11212.0,16.49179450588655,184906.0,J987_ARC _C3_slice8-Ort.czi,adult,pomc,lower
29,61.0,16.24590163934426,990.9999999999999,J987_ARC _C3_slice8-Ort.czi,adult,pomc,lower
30,159.0,14.685534591194969,2335.0,J987_ARC _C3_slice8-Ort.czi,adult,pomc,lower
31,4.0,14.75,59.0,J987_ARC _C3_slice8-Ort.czi,adult,pomc,lower
32,106.0,14.179245283018869,1503.0,J987_ARC _C3_slice8-Ort.czi,adult,pomc,lower
33,9.0,15.555555555555555,140.0,J987_ARC _C3_slice8-Ort.czi,adult,pomc,lower
34,87.0,14.793103448275861,1287.0,J987_ARC _C3_slice8-Ort.czi,adult,pomc,lower
35,31.0,13.870967741935484,430.0,J987_ARC _C3_slice8-Ort.czi,adult,pomc,lower
36,3.0,9.666666666666666,29.0,J987_ARC _C3_slice8-Ort.czi,adult,pomc,lower
37,89.0,16.60674157303371,1478.0,J987_ARC _C3_slice8-Ort.czi,adult,pomc,lower
38,28.0,14.75,413.0,J987_ARC _C3_slice8-Ort.czi,adult,pomc,lower
39,83.0,14.457831325301205,1200.0,J987_ARC _C3_slice8-Ort.czi,adult,pomc,lower
40,85.0,14.6,1241.0,J987_ARC _C3_slice8-Ort.czi,adult,pomc,lower
41,37.0,15.08108108108108,558.0,J987_ARC _C3_slice8-Ort.czi,adult,pomc,lower
42,25.0,13.4,335.0,J987_ARC _C3_slice8-Ort.czi,adult,pomc,lower
43,240.0,20.045833333333334,4811.0,J987_ARC _C3_slice8-Ort.czi,adult,pomc,lower
44,62.0,15.338709677419354,951.0,J987_ARC _C3_slice8-Ort.czi,adult,pomc,lower
45,14.0,16.214285714285715,227.0,J987_ARC _C3_slice8-Ort.czi,adult,pomc,lower
46,55.0,15.218181818181819,837.0,J987_ARC _C3_slice8-Ort.czi,adult,pomc,lower
47,68.0,15.294117647058824,1040.0,J987_ARC _C3_slice8-Ort.czi,adult,pomc,lower
48,111.0,16.64864864864865,1848.0,J987_ARC _C3_slice8-Ort.czi,adult,pomc,lower
49,8143.0,18.958123541692252,154376.0,J987_ARC _C3_slice8-Ort.czi,adult,pomc,lower
50,14.0,15.357142857142858,215.0,J987_ARC _C3_slice8-Ort.czi,adult,pomc,lower
51,13.0,14.076923076923077,183.0,J987_ARC _C3_slice8-Ort.czi,adult,pomc,lower
52,15.0,18.266666666666666,274.0,J987_ARC _C3_slice8-Ort.czi,adult,pomc,lower
53,1.0,12.0,12.0,J987_ARC _C3_slice8-Ort.czi,adult,pomc,lower
54,149.0,15.590604026845638,2323.0,J987_ARC _C3_slice8-Ort.czi,adult,pomc,lower
55,741.0,16.263157894736842,12051.0,J987_ARC _C3_slice8-Ort.czi,adult,pomc,lower
56,53.0,17.641509433962263,934.9999999999999,J987_ARC _C3_slice8-Ort.czi,adult,pomc,lower
57,11271.0,16.63623458433147,187506.99999999997,J987_ARC _C3_slice8-Ort.czi,adult,pomc,lower
58,21.0,22.857142857142858,480.0,J987_ARC _C3_slice8-Ort.czi,adult,pomc,lower
59,86.0,14.976744186046512,1288.0,J987_ARC _C3_slice8-Ort.czi,adult,pomc,lower
60,63.0,16.603174603174605,1046.0,J987_ARC _C3_slice8-Ort.czi,adult,pomc,lower
61,22.0,20.045454545454547,441.0,J987_ARC _C3_slice8-Ort.czi,adult,pomc,lower
62,11.0,15.545454545454545,171.0,J987_ARC _C3_slice8-Ort.czi,adult,pomc,lower
63,98.0,13.877551020408163,1360.0,J987_ARC _C3_slice8-Ort.czi,adult,pomc,lower
64,59.0,16.89830508474576,996.9999999999999,J987_ARC _C3_slice8-Ort.czi,adult,pomc,lower
65,10844.0,16.80081150866839,182188.0,J987_ARC _C3_slice8-Ort.czi,adult,pomc,lower
66,302.0,15.109271523178808,4563.0,J987_ARC _C3_slice8-Ort.czi,adult,pomc,lower
67,81.0,16.555555555555557,1341.0000000000002,J987_ARC _C3_slice8-Ort.czi,adult,pomc,lower
68,203.0,15.423645320197044,3131.0,J987_ARC _C3_slice8-Ort.czi,adult,pomc,lower
69,67.0,19.104477611940297,1280.0,J987_ARC _C3_slice8-Ort.czi,adult,pomc,lower
70,27.0,14.37037037037037,388.0,J987_ARC _C3_slice8-Ort.czi,adult,pomc,lower
71,95.0,15.094736842105263,1434.0,J987_ARC _C3_slice8-Ort.czi,adult,pomc,lower
72,2.0,21.0,42.0,J987_ARC _C3_slice8-Ort.czi,adult,pomc,lower
73,87.0,15.183908045977011,1321.0,J987_ARC _C3_slice8-Ort.czi,adult,pomc,lower
74,14.0,12.928571428571429,181.0,J987_ARC _C3_slice8-Ort.czi,adult,pomc,lower
75,7.0,13.0,91.0,J987_ARC _C3_slice8-Ort.czi,adult,pomc,lower
76,3.0,22.333333333333332,67.0,J987_ARC _C3_slice8-Ort.czi,adult,pomc,lower
77,386.0,14.909326424870466,5755.0,J987_ARC _C3_slice8-Ort.czi,adult,pomc,lower
78,23.0,16.08695652173913,369.99999999999994,J987_ARC _C3_slice8-Ort.czi,adult,pomc,lower
79,35.0,13.314285714285715,466.0,J987_ARC _C3_slice8-Ort.czi,adult,pomc,lower
80,35.0,15.4,539.0,J987_ARC _C3_slice8-Ort.czi,adult,pomc,lower
81,63.0,15.428571428571429,972.0,J987_ARC _C3_slice8-Ort.czi,adult,pomc,lower
82,18.0,15.055555555555555,271.0,J987_ARC _C3_slice8-Ort.czi,adult,pomc,lower
83,28.0,13.392857142857142,375.0,J987_ARC _C3_slice8-Ort.czi,adult,pomc,lower
84,12.0,11.333333333333334,136.0,J987_ARC _C3_slice8-Ort.czi,adult,pomc,lower
85,59.0,16.83050847457627,992.9999999999999,J987_ARC _C3_slice8-Ort.czi,adult,pomc,lower
86,32.0,56.65625,1813.0,J987_ARC _C3_slice8-Ort.czi,adult,pomc,lower
87,7.0,12.857142857142858,90.0,J987_ARC _C3_slice8-Ort.czi,adult,pomc,lower
88,5.0,14.6,73.0,J987_ARC _C3_slice8-Ort.czi,adult,pomc,lower
89,220.0,15.172727272727272,3338.0,J987_ARC _C3_slice8-Ort.czi,adult,pomc,lower
90,177.0,17.310734463276837,3064.0,J987_ARC _C3_slice8-Ort.czi,adult,pomc,lower
91,17.0,15.235294117647058,259.0,J987_ARC _C3_slice8-Ort.czi,adult,pomc,lower
92,455.0,14.854945054945055,6759.0,J987_ARC _C3_slice8-Ort.czi,adult,pomc,lower
93,4.0,7.25,29.0,J987_ARC _C3_slice8-Ort.czi,adult,pomc,lower
94,1.0,14.0,14.0,J987_ARC _C3_slice8-Ort.czi,adult,pomc,lower
95,6.0,11.833333333333334,71.0,J987_ARC _C3_slice8-Ort.czi,adult,pomc,lower
96,27.0,24.925925925925927,673.0,J987_ARC _C3_slice8-Ort.czi,adult,pomc,lower
97,1110.0,16.972072072072073,18839.0,J987_ARC _C3_slice8-Ort.czi,adult,pomc,lower
98,3.0,15.0,45.0,J987_ARC _C3_slice8-Ort.czi,adult,pomc,lower
99,47.0,38.95744680851064,1831.0,J987_ARC _C3_slice8-Ort.czi,adult,pomc,lower
100,29.0,13.344827586206897,387.0,J987_ARC _C3_slice8-Ort.czi,adult,pomc,lower
101,4.0,21.25,85.0,J987_ARC _C3_slice8-Ort.czi,adult,pomc,lower
102,9.0,19.0,171.0,J987_ARC _C3_slice8-Ort.czi,adult,pomc,lower
103,1.0,28.0,28.0,J987_ARC _C3_slice8-Ort.czi,adult,pomc,lower
104,36.0,15.416666666666666,555.0,J987_ARC _C3_slice8-Ort.czi,adult,pomc,lower
105,64.0,13.34375,854.0,J987_ARC _C3_slice8-Ort.czi,adult,pomc,lower
106,47.0,14.787234042553191,695.0,J987_ARC _C3_slice8-Ort.czi,adult,pomc,lower
107,1.0,4.0,4.0,J987_ARC _C3_slice8-Ort.czi,adult,pomc,lower
108,1.0,16.0,16.0,J987_ARC _C3_slice8-Ort.czi,adult,pomc,lower
109,1.0,8.0,8.0,J987_ARC _C3_slice8-Ort.czi,adult,pomc,lower
110,1.0,13.0,13.0,J987_ARC _C3_slice8-Ort.czi,adult,pomc,lower
111,76.0,17.842105263157894,1356.0,J987_ARC _C3_slice8-Ort.czi,adult,pomc,lower
112,144.0,16.458333333333332,2370.0,J987_ARC _C3_slice8-Ort.czi,adult,pomc,lower
113,139.0,18.92086330935252,2630.0,J987_ARC _C3_slice8-Ort.czi,adult,pomc,lower
114,41.0,18.4390243902439,756.0,J987_ARC _C3_slice8-Ort.czi,adult,pomc,lower
115,8.0,20.25,162.0,J987_ARC _C3_slice8-Ort.czi,adult,pomc,lower
116,66.0,20.727272727272727,1368.0,J987_ARC _C3_slice8-Ort.czi,adult,pomc,lower
117,1.0,45.0,45.0,J987_ARC _C3_slice8-Ort.czi,adult,pomc,lower
118,4.0,30.0,120.0,J987_ARC _C3_slice8-Ort.czi,adult,pomc,lower
119,1.0,14.0,14.0,J987_ARC _C3_slice8-Ort.czi,adult,pomc,lower
120,4.0,26.25,105.0,J987_ARC _C3_slice8-Ort.czi,adult,pomc,lower
121,23.0,40.130434782608695,923.0,J987_ARC _C3_slice8-Ort.czi,adult,pomc,lower
122,19.0,16.157894736842106,307.0,J987_ARC _C3_slice8-Ort.czi,adult,pomc,lower
123,46.0,20.152173913043477,926.9999999999999,J987_ARC _C3_slice8-Ort.czi,adult,pomc,lower
124,551.0,44.69691470054446,24627.999999999996,J987_ARC _C3_slice8-Ort.czi,adult,pomc,lower
125,1766.0,17.806908267270668,31447.0,J987_ARC _C3_slice8-Ort.czi,adult,pomc,lower
126,19.0,16.736842105263158,318.0,J987_ARC _C3_slice8-Ort.czi,adult,pomc,lower
127,21.0,17.523809523809526,368.00000000000006,J987_ARC _C3_slice8-Ort.czi,adult,pomc,lower
128,22.0,24.545454545454547,540.0,J987_ARC _C3_slice8-Ort.czi,adult,pomc,lower
129,10.0,19.5,195.0,J987_ARC _C3_slice8-Ort.czi,adult,pomc,lower
130,1.0,13.0,13.0,J987_ARC _C3_slice8-Ort.czi,adult,pomc,lower
131,23.0,13.73913043478261,316.0,J987_ARC _C3_slice8-Ort.czi,adult,pomc,lower
132,91.0,15.989010989010989,1455.0,J987_ARC _C3_slice8-Ort.czi,adult,pomc,lower
133,17.0,16.0,272.0,J987_ARC _C3_slice8-Ort.czi,adult,pomc,lower
134,62.0,14.306451612903226,887.0,J987_ARC _C3_slice8-Ort.czi,adult,pomc,lower
135,61.0,15.655737704918034,955.0,J987_ARC _C3_slice8-Ort.czi,adult,pomc,lower
136,34.0,15.470588235294118,526.0,J987_ARC _C3_slice8-Ort.czi,adult,pomc,lower
137,32.0,14.03125,449.0,J987_ARC _C3_slice8-Ort.czi,adult,pomc,lower
138,27.0,18.88888888888889,510.0,J987_ARC _C3_slice8-Ort.czi,adult,pomc,lower
139,69.0,14.202898550724637,979.9999999999999,J987_ARC _C3_slice8-Ort.czi,adult,pomc,lower
140,4.0,19.5,78.0,J987_ARC _C3_slice8-Ort.czi,adult,pomc,lower
141,1.0,1.0,1.0,J987_ARC _C3_slice8-Ort.czi,adult,pomc,lower
142,2.0,13.5,27.0,J987_ARC _C3_slice8-Ort.czi,adult,pomc,lower
143,250.0,16.72,4180.0,J987_ARC _C3_slice8-Ort.czi,adult,pomc,lower
144,14.0,23.071428571428573,323.0,J987_ARC _C3_slice8-Ort.czi,adult,pomc,lower
145,4.0,6.0,24.0,J987_ARC _C3_slice8-Ort.czi,adult,pomc,lower
146,306.0,21.898692810457515,6701.0,J987_ARC _C3_slice8-Ort.czi,adult,pomc,lower
147,24.0,14.208333333333334,341.0,J987_ARC _C3_slice8-Ort.czi,adult,pomc,lower
148,28.0,20.785714285714285,582.0,J987_ARC _C3_slice8-Ort.czi,adult,pomc,lower
149,6.0,17.333333333333332,104.0,J987_ARC _C3_slice8-Ort.czi,adult,pomc,lower
150,100.0,16.14,1614.0,J987_ARC _C3_slice8-Ort.czi,adult,pomc,lower
151,1.0,7.0,7.0,J987_ARC _C3_slice8-Ort.czi,adult,pomc,lower
152,26.0,16.96153846153846,440.99999999999994,J987_ARC _C3_slice8-Ort.czi,adult,pomc,lower
153,8.0,17.875,143.0,J987_ARC _C3_slice8-Ort.czi,adult,pomc,lower
154,37.0,22.64864864864865,838.0,J987_ARC _C3_slice8-Ort.czi,adult,pomc,lower
155,34.0,17.352941176470587,590.0,J987_ARC _C3_slice8-Ort.czi,adult,pomc,lower
156,31.0,18.161290322580644,563.0,J987_ARC _C3_slice8-Ort.czi,adult,pomc,lower
157,2.0,8.5,17.0,J987_ARC _C3_slice8-Ort.czi,adult,pomc,lower
158,41.0,14.365853658536585,589.0,J987_ARC _C3_slice8-Ort.czi,adult,pomc,lower
159,6.0,54.666666666666664,328.0,J987_ARC _C3_slice8-Ort.czi,adult,pomc,lower
160,10.0,23.4,234.0,J987_ARC _C3_slice8-Ort.czi,adult,pomc,lower
161,474.0,14.257383966244726,6758.0,J987_ARC _C3_slice8-Ort.czi,adult,pomc,lower
162,1.0,9.0,9.0,J987_ARC _C3_slice8-Ort.czi,adult,pomc,lower
163,19.0,13.736842105263158,261.0,J987_ARC _C3_slice8-Ort.czi,adult,pomc,lower
164,2.0,16.5,33.0,J987_ARC _C3_slice8-Ort.czi,adult,pomc,lower
165,12.0,14.083333333333334,169.0,J987_ARC _C3_slice8-Ort.czi,adult,pomc,lower
166,26.0,18.923076923076923,492.0,J987_ARC _C3_slice8-Ort.czi,adult,pomc,lower
167,41.0,16.024390243902438,657.0,J987_ARC _C3_slice8-Ort.czi,adult,pomc,lower
168,22.0,19.727272727272727,434.0,J987_ARC _C3_slice8-Ort.czi,adult,pomc,lower
169,565.0,18.553982300884957,10483.000000000002,J987_ARC _C3_slice8-Ort.czi,adult,pomc,lower
170,1.0,28.0,28.0,J987_ARC _C3_slice8-Ort.czi,adult,pomc,lower
171,7.0,16.142857142857142,113.0,J987_ARC _C3_slice8-Ort.czi,adult,pomc,lower
172,60.0,14.033333333333333,842.0,J987_ARC _C3_slice8-Ort.czi,adult,pomc,lower
173,1.0,6.0,6.0,J987_ARC _C3_slice8-Ort.czi,adult,pomc,lower
174,25.0,16.2,405.0,J987_ARC _C3_slice8-Ort.czi,adult,pomc,lower
175,146.0,21.86986301369863,3193.0,J987_ARC _C3_slice8-Ort.czi,adult,pomc,lower
176,48.0,17.729166666666668,851.0,J987_ARC _C3_slice8-Ort.czi,adult,pomc,lower
177,33.0,15.030303030303031,496.0,J987_ARC _C3_slice8-Ort.czi,adult,pomc,lower
178,17.0,17.11764705882353,291.0,J987_ARC _C3_slice8-Ort.czi,adult,pomc,lower
179,52.0,17.23076923076923,896.0,J987_ARC _C3_slice8-Ort.czi,adult,pomc,lower
180,74.0,19.675675675675677,1456.0,J987_ARC _C3_slice8-Ort.czi,adult,pomc,lower
181,51.0,15.411764705882353,786.0,J987_ARC _C3_slice8-Ort.czi,adult,pomc,lower
182,53.0,23.358490566037737,1238.0,J987_ARC _C3_slice8-Ort.czi,adult,pomc,lower
183,6.0,150.66666666666666,904.0,J987_ARC _C3_slice8-Ort.czi,adult,pomc,lower
184,106.0,16.547169811320753,1753.9999999999998,J987_ARC _C3_slice8-Ort.czi,adult,pomc,lower
185,1849.0,19.069767441860463,35260.0,J987_ARC _C3_slice8-Ort.czi,adult,pomc,lower
186,41164.0,17.828806724322224,733905.0,J987_ARC _C3_slice8-Ort.czi,adult,pomc,lower
187,3.0,13.0,39.0,J987_ARC _C3_slice8-Ort.czi,adult,pomc,lower
188,99.0,20.19191919191919,1998.9999999999998,J987_ARC _C3_slice8-Ort.czi,adult,pomc,lower
189,6.0,14.333333333333334,86.0,J987_ARC _C3_slice8-Ort.czi,adult,pomc,lower
190,25.0,17.28,432.0,J987_ARC _C3_slice8-Ort.czi,adult,pomc,lower
191,1052.0,14.922053231939163,15698.0,J987_ARC _C3_slice8-Ort.czi,adult,pomc,lower
192,7.0,29.428571428571427,206.0,J987_ARC _C3_slice8-Ort.czi,adult,pomc,lower
193,2.0,3.5,7.0,J987_ARC _C3_slice8-Ort.czi,adult,pomc,lower
194,41.0,13.878048780487806,569.0,J987_ARC _C3_slice8-Ort.czi,adult,pomc,lower
195,238.0,18.57983193277311,4422.0,J987_ARC _C3_slice8-Ort.czi,adult,pomc,lower
196,1.0,11.0,11.0,J987_ARC _C3_slice8-Ort.czi,adult,pomc,lower
197,74.0,24.12162162162162,1785.0,J987_ARC _C3_slice8-Ort.czi,adult,pomc,lower
198,108.0,16.175925925925927,1747.0000000000002,J987_ARC _C3_slice8-Ort.czi,adult,pomc,lower
199,587.0,17.890971039182283,10502.0,J987_ARC _C3_slice8-Ort.czi,adult,pomc,lower
200,38.0,18.236842105263158,693.0,J987_ARC _C3_slice8-Ort.czi,adult,pomc,lower
201,2.0,18.5,37.0,J987_ARC _C3_slice8-Ort.czi,adult,pomc,lower
202,23.0,96.08695652173913,2210.0,J987_ARC _C3_slice8-Ort.czi,adult,pomc,lower
203,6.0,11.333333333333334,68.0,J987_ARC _C3_slice8-Ort.czi,adult,pomc,lower
204,20.0,18.0,360.0,J987_ARC _C3_slice8-Ort.czi,adult,pomc,lower
205,91.0,18.285714285714285,1664.0,J987_ARC _C3_slice8-Ort.czi,adult,pomc,lower
206,17.0,20.294117647058822,345.0,J987_ARC _C3_slice8-Ort.czi,adult,pomc,lower
207,22.0,16.363636363636363,360.0,J987_ARC _C3_slice8-Ort.czi,adult,pomc,lower
208,2.0,10.5,21.0,J987_ARC _C3_slice8-Ort.czi,adult,pomc,lower
209,1.0,8.0,8.0,J987_ARC _C3_slice8-Ort.czi,adult,pomc,lower
210,120.0,16.141666666666666,1937.0,J987_ARC _C3_slice8-Ort.czi,adult,pomc,lower
211,1.0,9.0,9.0,J987_ARC _C3_slice8-Ort.czi,adult,pomc,lower
212,943.0,26.591728525980912,25076.0,J987_ARC _C3_slice8-Ort.czi,adult,pomc,lower
213,2.0,12.0,24.0,J987_ARC _C3_slice8-Ort.czi,adult,pomc,lower
214,4.0,20.0,80.0,J987_ARC _C3_slice8-Ort.czi,adult,pomc,lower
215,27.0,15.407407407407407,416.0,J987_ARC _C3_slice8-Ort.czi,adult,pomc,lower
216,63.0,13.968253968253968,880.0,J987_ARC _C3_slice8-Ort.czi,adult,pomc,lower
217,5.0,10.6,53.0,J987_ARC _C3_slice8-Ort.czi,adult,pomc,lower
218,5.0,21.2,106.0,J987_ARC _C3_slice8-Ort.czi,adult,pomc,lower
219,30.0,18.3,549.0,J987_ARC _C3_slice8-Ort.czi,adult,pomc,lower
220,114.0,16.00877192982456,1825.0,J987_ARC _C3_slice8-Ort.czi,adult,pomc,lower
221,4.0,12.25,49.0,J987_ARC _C3_slice8-Ort.czi,adult,pomc,lower
222,271.0,47.269372693726936,12810.0,J987_ARC _C3_slice8-Ort.czi,adult,pomc,lower
223,296.0,16.33108108108108,4834.0,J987_ARC _C3_slice8-Ort.czi,adult,pomc,lower
224,2.0,40.5,81.0,J987_ARC _C3_slice8-Ort.czi,adult,pomc,lower
225,3.0,18.666666666666668,56.0,J987_ARC _C3_slice8-Ort.czi,adult,pomc,lower
226,97.0,31.298969072164947,3036.0,J987_ARC _C3_slice8-Ort.czi,adult,pomc,lower
227,37.0,17.0,629.0,J987_ARC _C3_slice8-Ort.czi,adult,pomc,lower
228,29.0,15.724137931034482,456.0,J987_ARC _C3_slice8-Ort.czi,adult,pomc,lower
229,10.0,21.4,214.0,J987_ARC _C3_slice8-Ort.czi,adult,pomc,lower
230,5.0,14.0,70.0,J987_ARC _C3_slice8-Ort.czi,adult,pomc,lower
231,6.0,16.333333333333332,98.0,J987_ARC _C3_slice8-Ort.czi,adult,pomc,lower
232,1.0,5.0,5.0,J987_ARC _C3_slice8-Ort.czi,adult,pomc,lower
233,23.0,15.565217391304348,358.0,J987_ARC _C3_slice8-Ort.czi,adult,pomc,lower
234,20.0,34.45,689.0,J987_ARC _C3_slice8-Ort.czi,adult,pomc,lower
235,11.0,16.818181818181817,184.99999999999997,J987_ARC _C3_slice8-Ort.czi,adult,pomc,lower
236,10.0,13.2,132.0,J987_ARC _C3_slice8-Ort.czi,adult,pomc,lower
237,23.0,119.8695652173913,2757.0,J987_ARC _C3_slice8-Ort.czi,adult,pomc,lower
238,4.0,20.5,82.0,J987_ARC _C3_slice8-Ort.czi,adult,pomc,lower
239,747.0,20.7429718875502,15495.0,J987_ARC _C3_slice8-Ort.czi,adult,pomc,lower
240,44.0,42.93181818181818,1889.0,J987_ARC _C3_slice8-Ort.czi,adult,pomc,lower
241,122.0,28.762295081967213,3509.0,J987_ARC _C3_slice8-Ort.czi,adult,pomc,lower
242,104.0,32.10576923076923,3339.0000000000005,J987_ARC _C3_slice8-Ort.czi,adult,pomc,lower
243,87.0,26.908045977011493,2341.0,J987_ARC _C3_slice8-Ort.czi,adult,pomc,lower
244,37.0,14.378378378378379,532.0,J987_ARC _C3_slice8-Ort.czi,adult,pomc,lower
245,10.0,14.4,144.0,J987_ARC _C3_slice8-Ort.czi,adult,pomc,lower
246,10.0,17.7,177.0,J987_ARC _C3_slice8-Ort.czi,adult,pomc,lower
247,101.0,30.574257425742573,3088.0,J987_ARC _C3_slice8-Ort.czi,adult,pomc,lower
248,87.0,14.03448275862069,1221.0,J987_ARC _C3_slice8-Ort.czi,adult,pomc,lower
249,3.0,25.666666666666668,77.0,J987_ARC _C3_slice8-Ort.czi,adult,pomc,lower
250,140.0,19.67142857142857,2754.0,J987_ARC _C3_slice8-Ort.czi,adult,pomc,lower
251,44.0,34.70454545454545,1527.0,J987_ARC _C3_slice8-Ort.czi,adult,pomc,lower
252,769.0,33.05071521456437,25416.0,J987_ARC _C3_slice8-Ort.czi,adult,pomc,lower
253,25.0,14.04,351.0,J987_ARC _C3_slice8-Ort.czi,adult,pomc,lower
254,78.0,46.5,3627.0,J987_ARC _C3_slice8-Ort.czi,adult,pomc,lower
255,3171.0,15.66225165562914,49665.0,J987_ARC _C3_slice8-Ort.czi,adult,pomc,lower
256,1.0,20.0,20.0,J987_ARC _C3_slice8-Ort.czi,adult,pomc,lower
257,207.0,15.502415458937199,3209.0,J987_ARC _C3_slice8-Ort.czi,adult,pomc,lower
258,2.0,19.0,38.0,J987_ARC _C3_slice8-Ort.czi,adult,pomc,lower
259,83.0,15.891566265060241,1319.0,J987_ARC _C3_slice8-Ort.czi,adult,pomc,lower
260,21.0,18.904761904761905,397.0,J987_ARC _C3_slice8-Ort.czi,adult,pomc,lower
261,13.0,15.692307692307692,204.0,J987_ARC _C3_slice8-Ort.czi,adult,pomc,lower
262,176.0,18.079545454545453,3182.0,J987_ARC _C3_slice8-Ort.czi,adult,pomc,lower
263,57.0,17.24561403508772,983.0,J987_ARC _C3_slice8-Ort.czi,adult,pomc,lower
264,15.0,15.133333333333333,227.0,J987_ARC _C3_slice8-Ort.czi,adult,pomc,lower
265,270.0,35.766666666666666,9657.0,J987_ARC _C3_slice8-Ort.czi,adult,pomc,lower
266,111.0,17.25225225225225,1915.0,J987_ARC _C3_slice8-Ort.czi,adult,pomc,lower
267,4.0,11.25,45.0,J987_ARC _C3_slice8-Ort.czi,adult,pomc,lower
268,24.0,19.541666666666668,469.0,J987_ARC _C3_slice8-Ort.czi,adult,pomc,lower
269,59.0,18.084745762711865,1067.0,J987_ARC _C3_slice8-Ort.czi,adult,pomc,lower
270,21.0,16.38095238095238,344.0,J987_ARC _C3_slice8-Ort.czi,adult,pomc,lower
271,9.0,17.333333333333332,156.0,J987_ARC _C3_slice8-Ort.czi,adult,pomc,lower
272,649.0,19.029275808936827,12350.0,J987_ARC _C3_slice8-Ort.czi,adult,pomc,lower
273,97.0,29.051546391752577,2818.0,J987_ARC _C3_slice8-Ort.czi,adult,pomc,lower
274,15.0,12.8,192.0,J987_ARC _C3_slice8-Ort.czi,adult,pomc,lower
275,43.0,34.93023255813954,1502.0,J987_ARC _C3_slice8-Ort.czi,adult,pomc,lower
276,58.0,15.310344827586206,888.0,J987_ARC _C3_slice8-Ort.czi,adult,pomc,lower
277,69.0,15.73913043478261,1086.0,J987_ARC _C3_slice8-Ort.czi,adult,pomc,lower
278,10.0,15.8,158.0,J987_ARC _C3_slice8-Ort.czi,adult,pomc,lower
279,44.0,17.022727272727273,749.0,J987_ARC _C3_slice8-Ort.czi,adult,pomc,lower
280,71.0,14.71830985915493,1045.0,J987_ARC _C3_slice8-Ort.czi,adult,pomc,lower
281,12.0,23.75,285.0,J987_ARC _C3_slice8-Ort.czi,adult,pomc,lower
282,56.0,38.892857142857146,2178.0,J987_ARC _C3_slice8-Ort.czi,adult,pomc,lower
283,95.0,16.652631578947368,1582.0,J987_ARC _C3_slice8-Ort.czi,adult,pomc,lower
284,19.0,17.842105263157894,339.0,J987_ARC _C3_slice8-Ort.czi,adult,pomc,lower
285,1.0,10.0,10.0,J987_ARC _C3_slice8-Ort.czi,adult,pomc,lower
286,64.0,15.515625,993.0,J987_ARC _C3_slice8-Ort.czi,adult,pomc,lower
287,1.0,13.0,13.0,J987_ARC _C3_slice8-Ort.czi,adult,pomc,lower
288,248.0,17.766129032258064,4406.0,J987_ARC _C3_slice8-Ort.czi,adult,pomc,lower
289,18.0,17.5,315.0,J987_ARC _C3_slice8-Ort.czi,adult,pomc,lower
290,78.0,14.782051282051283,1153.0,J987_ARC _C3_slice8-Ort.czi,adult,pomc,lower
291,44.0,14.909090909090908,656.0,J987_ARC _C3_slice8-Ort.czi,adult,pomc,lower
292,41.0,18.414634146341463,755.0,J987_ARC _C3_slice8-Ort.czi,adult,pomc,lower
293,62.0,13.741935483870968,852.0,J987_ARC _C3_slice8-Ort.czi,adult,pomc,lower
294,36.0,16.333333333333332,588.0,J987_ARC _C3_slice8-Ort.czi,adult,pomc,lower
295,337.0,71.33827893175074,24040.999999999996,J987_ARC _C3_slice8-Ort.czi,adult,pomc,lower
296,17.0,12.705882352941176,216.0,J987_ARC _C3_slice8-Ort.czi,adult,pomc,lower
297,477.0,52.41928721174004,25004.0,J987_ARC _C3_slice8-Ort.czi,adult,pomc,lower
298,1.0,22.0,22.0,J987_ARC _C3_slice8-Ort.czi,adult,pomc,lower
299,25.0,19.84,496.0,J987_ARC _C3_slice8-Ort.czi,adult,pomc,lower
300,94.0,50.41489361702128,4739.0,J987_ARC _C3_slice8-Ort.czi,adult,pomc,lower
301,303.0,14.353135313531354,4349.0,J987_ARC _C3_slice8-Ort.czi,adult,pomc,lower
302,544.0,80.02757352941177,43535.0,J987_ARC _C3_slice8-Ort.czi,adult,pomc,lower
303,231.0,15.25974025974026,3525.0,J987_ARC _C3_slice8-Ort.czi,adult,pomc,lower
304,241.0,14.58091286307054,3514.0,J987_ARC _C3_slice8-Ort.czi,adult,pomc,lower
305,7.0,182.14285714285714,1275.0,J987_ARC _C3_slice8-Ort.czi,adult,pomc,lower
306,193.0,109.96373056994818,21223.0,J987_ARC _C3_slice8-Ort.czi,adult,pomc,lower
307,2.0,12.0,24.0,J987_ARC _C3_slice8-Ort.czi,adult,pomc,lower
308,657.0,23.84931506849315,15669.0,J987_ARC _C3_slice8-Ort.czi,adult,pomc,lower
309,53.0,16.471698113207548,873.0,J987_ARC _C3_slice8-Ort.czi,adult,pomc,lower
310,830.0,16.9144578313253,14039.0,J987_ARC _C3_slice8-Ort.czi,adult,pomc,lower
1,89.0,205.41573033707866,18282.0,J995_ARC _B4_slice7-Ort.czi,adult,pomc,lower
2,61.0,197.11475409836066,12024.0,J995_ARC _B4_slice7-Ort.czi,adult,pomc,lower
3,129.0,240.3798449612403,31009.0,J995_ARC _B4_slice7-Ort.czi,adult,pomc,lower
4,132.0,229.40151515151516,30281.0,J995_ARC _B4_slice7-Ort.czi,adult,pomc,lower
5,41.0,175.21951219512195,7184.0,J995_ARC _B4_slice7-Ort.czi,adult,pomc,lower
6,110.0,234.8,25828.0,J995_ARC _B4_slice7-Ort.czi,adult,pomc,lower
7,98.0,208.64285714285714,20447.0,J995_ARC _B4_slice7-Ort.czi,adult,pomc,lower
8,1.0,180.0,180.0,J995_ARC _B4_slice7-Ort.czi,adult,pomc,lower
9,23.0,135.17391304347825,3109.0,J995_ARC _B4_slice7-Ort.czi,adult,pomc,lower
10,146.0,224.67123287671234,32802.0,J995_ARC _B4_slice7-Ort.czi,adult,pomc,lower
11,25.0,155.52,3888.0000000000005,J995_ARC _B4_slice7-Ort.czi,adult,pomc,lower
12,120.0,224.275,26913.0,J995_ARC _B4_slice7-Ort.czi,adult,pomc,lower
13,141.0,231.87234042553192,32694.0,J995_ARC _B4_slice7-Ort.czi,adult,pomc,lower
14,130.0,229.04615384615386,29776.0,J995_ARC _B4_slice7-Ort.czi,adult,pomc,lower
15,185.0,223.1891891891892,41290.0,J995_ARC _B4_slice7-Ort.czi,adult,pomc,lower
16,46.0,192.17391304347825,8840.0,J995_ARC _B4_slice7-Ort.czi,adult,pomc,lower
17,32.0,200.09375,6403.0,J995_ARC _B4_slice7-Ort.czi,adult,pomc,lower
18,133.0,216.7218045112782,28824.0,J995_ARC _B4_slice7-Ort.czi,adult,pomc,lower
19,123.0,206.1788617886179,25360.0,J995_ARC _B4_slice7-Ort.czi,adult,pomc,lower
20,3.0,241.33333333333334,724.0,J995_ARC _B4_slice7-Ort.czi,adult,pomc,lower
21,23.0,139.47826086956522,3208.0,J995_ARC _B4_slice7-Ort.czi,adult,pomc,lower
22,3.0,133.0,399.0,J995_ARC _B4_slice7-Ort.czi,adult,pomc,lower
23,180.0,228.55555555555554,41140.0,J995_ARC _B4_slice7-Ort.czi,adult,pomc,lower
24,44.0,169.95454545454547,7478.000000000001,J995_ARC _B4_slice7-Ort.czi,adult,pomc,lower
25,278.0,221.3453237410072,61534.0,J995_ARC _B4_slice7-Ort.czi,adult,pomc,lower
26,20.0,155.3,3106.0,J995_ARC _B4_slice7-Ort.czi,adult,pomc,lower
27,86.0,206.03488372093022,17719.0,J995_ARC _B4_slice7-Ort.czi,adult,pomc,lower
28,31.0,177.4516129032258,5501.0,J995_ARC _B4_slice7-Ort.czi,adult,pomc,lower
29,18.0,191.0,3438.0,J995_ARC _B4_slice7-Ort.czi,adult,pomc,lower
30,55.0,161.12727272727273,8862.0,J995_ARC _B4_slice7-Ort.czi,adult,pomc,lower
31,87.0,228.6206896551724,19890.0,J995_ARC _B4_slice7-Ort.czi,adult,pomc,lower
32,33.0,242.54545454545453,8004.0,J995_ARC _B4_slice7-Ort.czi,adult,pomc,lower
33,70.0,149.28571428571428,10450.0,J995_ARC _B4_slice7-Ort.czi,adult,pomc,lower
34,5.0,114.4,572.0,J995_ARC _B4_slice7-Ort.czi,adult,pomc,lower
35,19.0,152.1578947368421,2891.0,J995_ARC _B4_slice7-Ort.czi,adult,pomc,lower
36,146.0,238.73972602739727,34856.0,J995_ARC _B4_slice7-Ort.czi,adult,pomc,lower
37,95.0,232.09473684210528,22049.0,J995_ARC _B4_slice7-Ort.czi,adult,pomc,lower
38,85.0,218.03529411764706,18533.0,J995_ARC _B4_slice7-Ort.czi,adult,pomc,lower
39,20.0,150.0,3000.0,J995_ARC _B4_slice7-Ort.czi,adult,pomc,lower
40,60.0,206.45,12387.0,J995_ARC _B4_slice7-Ort.czi,adult,pomc,lower
41,48.0,185.54166666666666,8906.0,J995_ARC _B4_slice7-Ort.czi,adult,pomc,lower
42,215.0,216.8,46612.0,J995_ARC _B4_slice7-Ort.czi,adult,pomc,lower
43,155.0,241.73548387096776,37469.0,J995_ARC _B4_slice7-Ort.czi,adult,pomc,lower
44,20.0,179.45,3589.0,J995_ARC _B4_slice7-Ort.czi,adult,pomc,lower
45,27.0,167.96296296296296,4535.0,J995_ARC _B4_slice7-Ort.czi,adult,pomc,lower
46,53.0,238.30188679245282,12630.0,J995_ARC _B4_slice7-Ort.czi,adult,pomc,lower
47,18.0,187.0,3366.0,J995_ARC _B4_slice7-Ort.czi,adult,pomc,lower
48,99.0,203.26262626262627,20123.0,J995_ARC _B4_slice7-Ort.czi,adult,pomc,lower
49,108.0,196.3148148148148,21202.0,J995_ARC _B4_slice7-Ort.czi,adult,pomc,lower
50,70.0,159.77142857142857,11184.0,J995_ARC _B4_slice7-Ort.czi,adult,pomc,lower
51,101.0,194.79207920792078,19674.0,J995_ARC _B4_slice7-Ort.czi,adult,pomc,lower
52,94.0,205.14893617021278,19284.0,J995_ARC _B4_slice7-Ort.czi,adult,pomc,lower
53,96.0,219.16666666666666,21040.0,J995_ARC _B4_slice7-Ort.czi,adult,pomc,lower
54,286.0,228.74475524475525,65421.0,J995_ARC _B4_slice7-Ort.czi,adult,pomc,lower
55,89.0,231.75280898876406,20626.0,J995_ARC _B4_slice7-Ort.czi,adult,pomc,lower
56,152.0,221.47368421052633,33664.0,J995_ARC _B4_slice7-Ort.czi,adult,pomc,lower
57,66.0,234.15151515151516,15454.0,J995_ARC _B4_slice7-Ort.czi,adult,pomc,lower
58,31.0,196.19354838709677,6082.0,J995_ARC _B4_slice7-Ort.czi,adult,pomc,lower
59,66.0,184.36363636363637,12168.0,J995_ARC _B4_slice7-Ort.czi,adult,pomc,lower
60,120.0,232.6,27912.0,J995_ARC _B4_slice7-Ort.czi,adult,pomc,lower
61,76.0,223.97368421052633,17022.0,J995_ARC _B4_slice7-Ort.czi,adult,pomc,lower
62,12.0,177.16666666666666,2126.0,J995_ARC _B4_slice7-Ort.czi,adult,pomc,lower
63,35.0,210.31428571428572,7361.0,J995_ARC _B4_slice7-Ort.czi,adult,pomc,lower
64,11.0,182.8181818181818,2011.0,J995_ARC _B4_slice7-Ort.czi,adult,pomc,lower
65,107.0,236.54205607476635,25310.0,J995_ARC _B4_slice7-Ort.czi,adult,pomc,lower
66,140.0,224.62142857142857,31447.0,J995_ARC _B4_slice7-Ort.czi,adult,pomc,lower
67,58.0,216.82758620689654,12576.0,J995_ARC _B4_slice7-Ort.czi,adult,pomc,lower
68,26.0,159.53846153846155,4148.0,J995_ARC _B4_slice7-Ort.czi,adult,pomc,lower
69,76.0,214.67105263157896,16315.0,J995_ARC _B4_slice7-Ort.czi,adult,pomc,lower
70,12.0,169.33333333333334,2032.0,J995_ARC _B4_slice7-Ort.czi,adult,pomc,lower
71,64.0,183.6875,11756.0,J995_ARC _B4_slice7-Ort.czi,adult,pomc,lower
72,126.0,211.96825396825398,26708.0,J995_ARC _B4_slice7-Ort.czi,adult,pomc,lower
73,117.0,182.74358974358975,21381.0,J995_ARC _B4_slice7-Ort.czi,adult,pomc,lower
74,89.0,234.5505617977528,20875.0,J995_ARC _B4_slice7-Ort.czi,adult,pomc,lower
75,55.0,214.3272727272727,11788.0,J995_ARC _B4_slice7-Ort.czi,adult,pomc,lower
76,95.0,185.30526315789473,17604.0,J995_ARC _B4_slice7-Ort.czi,adult,pomc,lower
77,61.0,230.52459016393442,14062.0,J995_ARC _B4_slice7-Ort.czi,adult,pomc,lower
78,9.0,141.88888888888889,1277.0,J995_ARC _B4_slice7-Ort.czi,adult,pomc,lower
79,141.0,219.46099290780143,30944.0,J995_ARC _B4_slice7-Ort.czi,adult,pomc,lower
80,65.0,238.2153846153846,15484.0,J995_ARC _B4_slice7-Ort.czi,adult,pomc,lower
81,14.0,114.14285714285714,1598.0,J995_ARC _B4_slice7-Ort.czi,adult,pomc,lower
82,208.0,227.30769230769232,47280.0,J995_ARC _B4_slice7-Ort.czi,adult,pomc,lower
83,88.0,204.23863636363637,17973.0,J995_ARC _B4_slice7-Ort.czi,adult,pomc,lower
84,45.0,151.73333333333332,6827.999999999999,J995_ARC _B4_slice7-Ort.czi,adult,pomc,lower
85,56.0,144.10714285714286,8070.0,J995_ARC _B4_slice7-Ort.czi,adult,pomc,lower
86,294.0,187.17006802721087,55028.0,J995_ARC _B4_slice7-Ort.czi,adult,pomc,lower
87,167.0,234.46706586826346,39156.0,J995_ARC _B4_slice7-Ort.czi,adult,pomc,lower
88,57.0,168.26315789473685,9591.0,J995_ARC _B4_slice7-Ort.czi,adult,pomc,lower
89,36.0,129.02777777777777,4645.0,J995_ARC _B4_slice7-Ort.czi,adult,pomc,lower
90,26.0,157.57692307692307,4097.0,J995_ARC _B4_slice7-Ort.czi,adult,pomc,lower
91,128.0,216.7421875,27743.0,J995_ARC _B4_slice7-Ort.czi,adult,pomc,lower
92,93.0,206.49462365591398,19204.0,J995_ARC _B4_slice7-Ort.czi,adult,pomc,lower
93,20.0,188.25,3765.0,J995_ARC _B4_slice7-Ort.czi,adult,pomc,lower
94,41.0,227.14634146341464,9313.0,J995_ARC _B4_slice7-Ort.czi,adult,pomc,lower
95,12.0,144.33333333333334,1732.0,J995_ARC _B4_slice7-Ort.czi,adult,pomc,lower
96,121.0,230.48760330578511,27889.0,J995_ARC _B4_slice7-Ort.czi,adult,pomc,lower
97,83.0,204.12048192771084,16942.0,J995_ARC _B4_slice7-Ort.czi,adult,pomc,lower
98,73.0,177.17808219178082,12934.0,J995_ARC _B4_slice7-Ort.czi,adult,pomc,lower
99,13.0,161.53846153846155,2100.0,J995_ARC _B4_slice7-Ort.czi,adult,pomc,lower
100,15.0,147.0,2205.0,J995_ARC _B4_slice7-Ort.czi,adult,pomc,lower
101,30.0,132.53333333333333,3976.0,J995_ARC _B4_slice7-Ort.czi,adult,pomc,lower
102,103.0,185.11650485436894,19067.0,J995_ARC _B4_slice7-Ort.czi,adult,pomc,lower
103,169.0,193.4792899408284,32698.0,J995_ARC _B4_slice7-Ort.czi,adult,pomc,lower
104,81.0,158.97530864197532,12877.0,J995_ARC _B4_slice7-Ort.czi,adult,pomc,lower
105,26.0,194.0,5044.0,J995_ARC _B4_slice7-Ort.czi,adult,pomc,lower
106,35.0,209.85714285714286,7345.0,J995_ARC _B4_slice7-Ort.czi,adult,pomc,lower
107,173.0,210.90751445086704,36487.0,J995_ARC _B4_slice7-Ort.czi,adult,pomc,lower
108,65.0,218.0,14170.0,J995_ARC _B4_slice7-Ort.czi,adult,pomc,lower
109,23.0,192.95652173913044,4438.0,J995_ARC _B4_slice7-Ort.czi,adult,pomc,lower
110,116.0,202.97413793103448,23545.0,J995_ARC _B4_slice7-Ort.czi,adult,pomc,lower
111,33.0,196.0909090909091,6471.0,J995_ARC _B4_slice7-Ort.czi,adult,pomc,lower
112,77.0,221.66233766233765,17068.0,J995_ARC _B4_slice7-Ort.czi,adult,pomc,lower
113,90.0,202.32222222222222,18209.0,J995_ARC _B4_slice7-Ort.czi,adult,pomc,lower
114,7.0,136.14285714285714,953.0,J995_ARC _B4_slice7-Ort.czi,adult,pomc,lower
115,109.0,202.45871559633028,22068.0,J995_ARC _B4_slice7-Ort.czi,adult,pomc,lower
116,110.0,235.4909090909091,25904.0,J995_ARC _B4_slice7-Ort.czi,adult,pomc,lower
117,87.0,227.68965517241378,19809.0,J995_ARC _B4_slice7-Ort.czi,adult,pomc,lower
118,69.0,164.55072463768116,11354.0,J995_ARC _B4_slice7-Ort.czi,adult,pomc,lower
119,7.0,141.0,987.0,J995_ARC _B4_slice7-Ort.czi,adult,pomc,lower
120,72.0,219.34722222222223,15793.0,J995_ARC _B4_slice7-Ort.czi,adult,pomc,lower
121,142.0,202.0281690140845,28688.0,J995_ARC _B4_slice7-Ort.czi,adult,pomc,lower
1,4.0,1.25,5.0,J995_ARC_xxx_slice1-Ort.czi,adult,pomc,lower
2,13.0,1.3846153846153846,18.0,J995_ARC_xxx_slice1-Ort.czi,adult,pomc,lower
3,93.0,1.5591397849462365,145.0,J995_ARC_xxx_slice1-Ort.czi,adult,pomc,lower
4,1.0,2.0,2.0,J995_ARC_xxx_slice1-Ort.czi,adult,pomc,lower
5,97.0,1.8144329896907216,176.0,J995_ARC_xxx_slice1-Ort.czi,adult,pomc,lower
6,13.0,1.6153846153846154,21.0,J995_ARC_xxx_slice1-Ort.czi,adult,pomc,lower
7,154.0,1.5909090909090908,245.0,J995_ARC_xxx_slice1-Ort.czi,adult,pomc,lower
8,6.0,1.6666666666666667,10.0,J995_ARC_xxx_slice1-Ort.czi,adult,pomc,lower
9,8.0,0.75,6.0,J995_ARC_xxx_slice1-Ort.czi,adult,pomc,lower
10,38.0,1.631578947368421,62.0,J995_ARC_xxx_slice1-Ort.czi,adult,pomc,lower
11,374.0,1.5695187165775402,587.0,J995_ARC_xxx_slice1-Ort.czi,adult,pomc,lower
12,14.0,1.5,21.0,J995_ARC_xxx_slice1-Ort.czi,adult,pomc,lower
13,9.0,1.7777777777777777,16.0,J995_ARC_xxx_slice1-Ort.czi,adult,pomc,lower
14,1.0,0.0,0.0,J995_ARC_xxx_slice1-Ort.czi,adult,pomc,lower
15,15.0,1.5333333333333334,23.0,J995_ARC_xxx_slice1-Ort.czi,adult,pomc,lower
16,1.0,1.0,1.0,J995_ARC_xxx_slice1-Ort.czi,adult,pomc,lower
17,2.0,0.5,1.0,J995_ARC_xxx_slice1-Ort.czi,adult,pomc,lower
18,101.0,1.7128712871287128,173.0,J995_ARC_xxx_slice1-Ort.czi,adult,pomc,lower
19,2.0,1.5,3.0,J995_ARC_xxx_slice1-Ort.czi,adult,pomc,lower
20,2.0,1.5,3.0,J995_ARC_xxx_slice1-Ort.czi,adult,pomc,lower
21,7.0,1.5714285714285714,11.0,J995_ARC_xxx_slice1-Ort.czi,adult,pomc,lower
22,2.0,1.5,3.0,J995_ARC_xxx_slice1-Ort.czi,adult,pomc,lower
23,6.0,1.6666666666666667,10.0,J995_ARC_xxx_slice1-Ort.czi,adult,pomc,lower
24,81.0,1.9135802469135803,155.0,J995_ARC_xxx_slice1-Ort.czi,adult,pomc,lower
25,47.0,1.6595744680851063,78.0,J995_ARC_xxx_slice1-Ort.czi,adult,pomc,lower
26,2.0,1.5,3.0,J995_ARC_xxx_slice1-Ort.czi,adult,pomc,lower
27,75.0,1.8266666666666667,137.0,J995_ARC_xxx_slice1-Ort.czi,adult,pomc,lower
28,13.0,1.9230769230769231,25.0,J995_ARC_xxx_slice1-Ort.czi,adult,pomc,lower
29,7.0,1.8571428571428572,13.0,J995_ARC_xxx_slice1-Ort.czi,adult,pomc,lower
30,41.0,1.7560975609756098,72.0,J995_ARC_xxx_slice1-Ort.czi,adult,pomc,lower
31,3.0,1.0,3.0,J995_ARC_xxx_slice1-Ort.czi,adult,pomc,lower
32,14.0,1.5,21.0,J995_ARC_xxx_slice1-Ort.czi,adult,pomc,lower
33,9.0,1.7777777777777777,16.0,J995_ARC_xxx_slice1-Ort.czi,adult,pomc,lower
34,92.0,1.7065217391304348,157.0,J995_ARC_xxx_slice1-Ort.czi,adult,pomc,lower
35,251.0,1.7171314741035857,431.0,J995_ARC_xxx_slice1-Ort.czi,adult,pomc,lower
36,14.0,1.5714285714285714,22.0,J995_ARC_xxx_slice1-Ort.czi,adult,pomc,lower
37,12.0,1.6666666666666667,20.0,J995_ARC_xxx_slice1-Ort.czi,adult,pomc,lower
38,2.0,1.5,3.0,J995_ARC_xxx_slice1-Ort.czi,adult,pomc,lower
39,3.0,1.0,3.0,J995_ARC_xxx_slice1-Ort.czi,adult,pomc,lower
40,8.0,1.875,15.0,J995_ARC_xxx_slice1-Ort.czi,adult,pomc,lower
41,1.0,2.0,2.0,J995_ARC_xxx_slice1-Ort.czi,adult,pomc,lower
42,1.0,1.0,1.0,J995_ARC_xxx_slice1-Ort.czi,adult,pomc,lower
43,61.0,1.8852459016393444,115.0,J995_ARC_xxx_slice1-Ort.czi,adult,pomc,lower
44,1.0,2.0,2.0,J995_ARC_xxx_slice1-Ort.czi,adult,pomc,lower
45,1.0,4.0,4.0,J995_ARC_xxx_slice1-Ort.czi,adult,pomc,lower
46,31.0,1.5806451612903225,49.0,J995_ARC_xxx_slice1-Ort.czi,adult,pomc,lower
47,55.0,1.7454545454545454,96.0,J995_ARC_xxx_slice1-Ort.czi,adult,pomc,lower
48,1.0,1.0,1.0,J995_ARC_xxx_slice1-Ort.czi,adult,pomc,lower
49,1.0,2.0,2.0,J995_ARC_xxx_slice1-Ort.czi,adult,pomc,lower
50,1.0,0.0,0.0,J995_ARC_xxx_slice1-Ort.czi,adult,pomc,lower
51,1.0,2.0,2.0,J995_ARC_xxx_slice1-Ort.czi,adult,pomc,lower
52,123.0,1.7073170731707317,210.0,J995_ARC_xxx_slice1-Ort.czi,adult,pomc,lower
53,70.0,1.7,119.0,J995_ARC_xxx_slice1-Ort.czi,adult,pomc,lower
54,45.0,2.533333333333333,114.0,J995_ARC_xxx_slice1-Ort.czi,adult,pomc,lower
55,18.0,1.6666666666666667,30.0,J995_ARC_xxx_slice1-Ort.czi,adult,pomc,lower
56,403.0,1.4813895781637718,597.0,J995_ARC_xxx_slice1-Ort.czi,adult,pomc,lower
57,2.0,1.5,3.0,J995_ARC_xxx_slice1-Ort.czi,adult,pomc,lower
58,3.0,1.3333333333333333,4.0,J995_ARC_xxx_slice1-Ort.czi,adult,pomc,lower
59,31.0,1.5483870967741935,48.0,J995_ARC_xxx_slice1-Ort.czi,adult,pomc,lower
60,1.0,1.0,1.0,J995_ARC_xxx_slice1-Ort.czi,adult,pomc,lower
61,7.0,1.5714285714285714,11.0,J995_ARC_xxx_slice1-Ort.czi,adult,pomc,lower
62,3.0,1.0,3.0,J995_ARC_xxx_slice1-Ort.czi,adult,pomc,lower
63,19.0,1.7894736842105263,34.0,J995_ARC_xxx_slice1-Ort.czi,adult,pomc,lower
64,1.0,1.0,1.0,J995_ARC_xxx_slice1-Ort.czi,adult,pomc,lower
65,5.0,1.4,7.0,J995_ARC_xxx_slice1-Ort.czi,adult,pomc,lower
66,82.0,1.7560975609756098,144.0,J995_ARC_xxx_slice1-Ort.czi,adult,pomc,lower
67,182.0,1.6923076923076923,308.0,J995_ARC_xxx_slice1-Ort.czi,adult,pomc,lower
68,122.0,2.3114754098360657,282.0,J995_ARC_xxx_slice1-Ort.czi,adult,pomc,lower
69,1.0,1.0,1.0,J995_ARC_xxx_slice1-Ort.czi,adult,pomc,lower
70,229.0,1.6593886462882097,380.0,J995_ARC_xxx_slice1-Ort.czi,adult,pomc,lower
71,38.0,1.8157894736842106,69.0,J995_ARC_xxx_slice1-Ort.czi,adult,pomc,lower
72,79.0,1.6835443037974684,133.0,J995_ARC_xxx_slice1-Ort.czi,adult,pomc,lower
73,24.0,1.5,36.0,J995_ARC_xxx_slice1-Ort.czi,adult,pomc,lower
74,1.0,3.0,3.0,J995_ARC_xxx_slice1-Ort.czi,adult,pomc,lower
75,2.0,2.0,4.0,J995_ARC_xxx_slice1-Ort.czi,adult,pomc,lower
76,27.0,1.8518518518518519,50.0,J995_ARC_xxx_slice1-Ort.czi,adult,pomc,lower
77,21.0,1.3333333333333333,28.0,J995_ARC_xxx_slice1-Ort.czi,adult,pomc,lower
78,85.0,1.6,136.0,J995_ARC_xxx_slice1-Ort.czi,adult,pomc,lower
79,44.0,1.5,66.0,J995_ARC_xxx_slice1-Ort.czi,adult,pomc,lower
80,17.0,1.6470588235294117,28.0,J995_ARC_xxx_slice1-Ort.czi,adult,pomc,lower
81,10.0,2.1,21.0,J995_ARC_xxx_slice1-Ort.czi,adult,pomc,lower
82,1.0,1.0,1.0,J995_ARC_xxx_slice1-Ort.czi,adult,pomc,lower
83,55.0,1.6545454545454545,91.0,J995_ARC_xxx_slice1-Ort.czi,adult,pomc,lower
84,88.0,1.8295454545454546,161.0,J995_ARC_xxx_slice1-Ort.czi,adult,pomc,lower
85,16.0,1.625,26.0,J995_ARC_xxx_slice1-Ort.czi,adult,pomc,lower
86,2.0,1.0,2.0,J995_ARC_xxx_slice1-Ort.czi,adult,pomc,lower
87,109.0,1.761467889908257,192.0,J995_ARC_xxx_slice1-Ort.czi,adult,pomc,lower
88,18.0,1.7777777777777777,32.0,J995_ARC_xxx_slice1-Ort.czi,adult,pomc,lower
89,28.0,1.6785714285714286,47.0,J995_ARC_xxx_slice1-Ort.czi,adult,pomc,lower
90,3.0,1.0,3.0,J995_ARC_xxx_slice1-Ort.czi,adult,pomc,lower
91,1.0,1.0,1.0,J995_ARC_xxx_slice1-Ort.czi,adult,pomc,lower
92,2.0,2.0,4.0,J995_ARC_xxx_slice1-Ort.czi,adult,pomc,lower
93,6.0,2.0,12.0,J995_ARC_xxx_slice1-Ort.czi,adult,pomc,lower
94,4.0,2.5,10.0,J995_ARC_xxx_slice1-Ort.czi,adult,pomc,lower
95,1.0,2.0,2.0,J995_ARC_xxx_slice1-Ort.czi,adult,pomc,lower
96,2.0,0.5,1.0,J995_ARC_xxx_slice1-Ort.czi,adult,pomc,lower
97,1.0,0.0,0.0,J995_ARC_xxx_slice1-Ort.czi,adult,pomc,lower
98,150.0,1.6133333333333333,242.0,J995_ARC_xxx_slice1-Ort.czi,adult,pomc,lower
99,21.0,1.619047619047619,34.0,J995_ARC_xxx_slice1-Ort.czi,adult,pomc,lower
100,17.0,1.7647058823529411,30.0,J995_ARC_xxx_slice1-Ort.czi,adult,pomc,lower
101,32.0,1.96875,63.0,J995_ARC_xxx_slice1-Ort.czi,adult,pomc,lower
102,224.0,1.5580357142857142,349.0,J995_ARC_xxx_slice1-Ort.czi,adult,pomc,lower
103,6.0,1.5,9.0,J995_ARC_xxx_slice1-Ort.czi,adult,pomc,lower
104,1.0,0.0,0.0,J995_ARC_xxx_slice1-Ort.czi,adult,pomc,lower
105,1.0,2.0,2.0,J995_ARC_xxx_slice1-Ort.czi,adult,pomc,lower
106,6.0,1.6666666666666667,10.0,J995_ARC_xxx_slice1-Ort.czi,adult,pomc,lower
107,37.0,1.5135135135135136,56.0,J995_ARC_xxx_slice1-Ort.czi,adult,pomc,lower
108,11.0,1.8181818181818181,20.0,J995_ARC_xxx_slice1-Ort.czi,adult,pomc,lower
109,1.0,2.0,2.0,J995_ARC_xxx_slice1-Ort.czi,adult,pomc,lower
110,1.0,1.0,1.0,J995_ARC_xxx_slice1-Ort.czi,adult,pomc,lower
111,23.0,1.7391304347826086,40.0,J995_ARC_xxx_slice1-Ort.czi,adult,pomc,lower
112,13.0,1.8461538461538463,24.0,J995_ARC_xxx_slice1-Ort.czi,adult,pomc,lower
113,2.0,0.5,1.0,J995_ARC_xxx_slice1-Ort.czi,adult,pomc,lower
114,1.0,1.0,1.0,J995_ARC_xxx_slice1-Ort.czi,adult,pomc,lower
115,2.0,2.0,4.0,J995_ARC_xxx_slice1-Ort.czi,adult,pomc,lower
116,176.0,1.7443181818181819,307.0,J995_ARC_xxx_slice1-Ort.czi,adult,pomc,lower
117,21.0,1.9523809523809523,41.0,J995_ARC_xxx_slice1-Ort.czi,adult,pomc,lower
118,13.0,1.8461538461538463,24.0,J995_ARC_xxx_slice1-Ort.czi,adult,pomc,lower
119,141.0,1.5815602836879432,223.0,J995_ARC_xxx_slice1-Ort.czi,adult,pomc,lower
120,14.0,1.5,21.0,J995_ARC_xxx_slice1-Ort.czi,adult,pomc,lower
121,1.0,1.0,1.0,J995_ARC_xxx_slice1-Ort.czi,adult,pomc,lower
122,84.0,1.7976190476190477,151.0,J995_ARC_xxx_slice1-Ort.czi,adult,pomc,lower
123,14.0,2.0714285714285716,29.000000000000004,J995_ARC_xxx_slice1-Ort.czi,adult,pomc,lower
124,1.0,4.0,4.0,J995_ARC_xxx_slice1-Ort.czi,adult,pomc,lower
125,146.0,1.547945205479452,226.0,J995_ARC_xxx_slice1-Ort.czi,adult,pomc,lower
126,1.0,2.0,2.0,J995_ARC_xxx_slice1-Ort.czi,adult,pomc,lower
127,7.0,1.8571428571428572,13.0,J995_ARC_xxx_slice1-Ort.czi,adult,pomc,lower
128,15.0,1.6666666666666667,25.0,J995_ARC_xxx_slice1-Ort.czi,adult,pomc,lower
129,1.0,1.0,1.0,J995_ARC_xxx_slice1-Ort.czi,adult,pomc,lower
130,3.0,1.0,3.0,J995_ARC_xxx_slice1-Ort.czi,adult,pomc,lower
131,14.0,1.5,21.0,J995_ARC_xxx_slice1-Ort.czi,adult,pomc,lower
132,128.0,1.5859375,203.0,J995_ARC_xxx_slice1-Ort.czi,adult,pomc,lower
133,18.0,1.7222222222222223,31.0,J995_ARC_xxx_slice1-Ort.czi,adult,pomc,lower
134,20.0,1.6,32.0,J995_ARC_xxx_slice1-Ort.czi,adult,pomc,lower
135,2.0,1.5,3.0,J995_ARC_xxx_slice1-Ort.czi,adult,pomc,lower
136,24.0,1.75,42.0,J995_ARC_xxx_slice1-Ort.czi,adult,pomc,lower
137,6.0,1.5,9.0,J995_ARC_xxx_slice1-Ort.czi,adult,pomc,lower
138,22.0,1.3181818181818181,29.0,J995_ARC_xxx_slice1-Ort.czi,adult,pomc,lower
139,77.0,1.7922077922077921,138.0,J995_ARC_xxx_slice1-Ort.czi,adult,pomc,lower
140,110.0,1.6,176.0,J995_ARC_xxx_slice1-Ort.czi,adult,pomc,lower
141,1.0,2.0,2.0,J995_ARC_xxx_slice1-Ort.czi,adult,pomc,lower
142,8.0,1.375,11.0,J995_ARC_xxx_slice1-Ort.czi,adult,pomc,lower
143,2.0,1.5,3.0,J995_ARC_xxx_slice1-Ort.czi,adult,pomc,lower
144,7.0,1.7142857142857142,12.0,J995_ARC_xxx_slice1-Ort.czi,adult,pomc,lower
145,1.0,1.0,1.0,J995_ARC_xxx_slice1-Ort.czi,adult,pomc,lower
146,16.0,1.625,26.0,J995_ARC_xxx_slice1-Ort.czi,adult,pomc,lower
147,8.0,1.375,11.0,J995_ARC_xxx_slice1-Ort.czi,adult,pomc,lower
148,1.0,1.0,1.0,J995_ARC_xxx_slice1-Ort.czi,adult,pomc,lower
149,26.0,1.8846153846153846,49.0,J995_ARC_xxx_slice1-Ort.czi,adult,pomc,lower
150,11.0,2.0,22.0,J995_ARC_xxx_slice1-Ort.czi,adult,pomc,lower
151,24.0,1.375,33.0,J995_ARC_xxx_slice1-Ort.czi,adult,pomc,lower
152,16.0,1.875,30.0,J995_ARC_xxx_slice1-Ort.czi,adult,pomc,lower
153,1.0,1.0,1.0,J995_ARC_xxx_slice1-Ort.czi,adult,pomc,lower
154,6.0,1.6666666666666667,10.0,J995_ARC_xxx_slice1-Ort.czi,adult,pomc,lower
155,71.0,1.704225352112676,121.0,J995_ARC_xxx_slice1-Ort.czi,adult,pomc,lower
156,2.0,1.0,2.0,J995_ARC_xxx_slice1-Ort.czi,adult,pomc,lower
157,10.0,1.8,18.0,J995_ARC_xxx_slice1-Ort.czi,adult,pomc,lower
158,2.0,1.5,3.0,J995_ARC_xxx_slice1-Ort.czi,adult,pomc,lower
159,43.0,1.4883720930232558,64.0,J995_ARC_xxx_slice1-Ort.czi,adult,pomc,lower
160,16.0,1.4375,23.0,J995_ARC_xxx_slice1-Ort.czi,adult,pomc,lower
161,8.0,2.0,16.0,J995_ARC_xxx_slice1-Ort.czi,adult,pomc,lower
162,20.0,1.65,33.0,J995_ARC_xxx_slice1-Ort.czi,adult,pomc,lower
163,2.0,1.0,2.0,J995_ARC_xxx_slice1-Ort.czi,adult,pomc,lower
164,2.0,1.5,3.0,J995_ARC_xxx_slice1-Ort.czi,adult,pomc,lower
165,61.0,2.0491803278688523,124.99999999999999,J995_ARC_xxx_slice1-Ort.czi,adult,pomc,lower
166,4.0,1.5,6.0,J995_ARC_xxx_slice1-Ort.czi,adult,pomc,lower
167,2.0,2.5,5.0,J995_ARC_xxx_slice1-Ort.czi,adult,pomc,lower
168,2.0,1.5,3.0,J995_ARC_xxx_slice1-Ort.czi,adult,pomc,lower
169,1.0,2.0,2.0,J995_ARC_xxx_slice1-Ort.czi,adult,pomc,lower
170,1.0,0.0,0.0,J995_ARC_xxx_slice1-Ort.czi,adult,pomc,lower
171,24.0,1.75,42.0,J995_ARC_xxx_slice1-Ort.czi,adult,pomc,lower
172,3.0,2.0,6.0,J995_ARC_xxx_slice1-Ort.czi,adult,pomc,lower
173,104.0,1.5865384615384615,165.0,J995_ARC_xxx_slice1-Ort.czi,adult,pomc,lower
174,38.0,1.7105263157894737,65.0,J995_ARC_xxx_slice1-Ort.czi,adult,pomc,lower
175,1.0,2.0,2.0,J995_ARC_xxx_slice1-Ort.czi,adult,pomc,lower
176,14.0,1.4285714285714286,20.0,J995_ARC_xxx_slice1-Ort.czi,adult,pomc,lower
177,1.0,1.0,1.0,J995_ARC_xxx_slice1-Ort.czi,adult,pomc,lower
178,10.0,2.2,22.0,J995_ARC_xxx_slice1-Ort.czi,adult,pomc,lower
179,22.0,2.0454545454545454,45.0,J995_ARC_xxx_slice1-Ort.czi,adult,pomc,lower
180,5.0,1.8,9.0,J995_ARC_xxx_slice1-Ort.czi,adult,pomc,lower
181,56.0,1.5714285714285714,88.0,J995_ARC_xxx_slice1-Ort.czi,adult,pomc,lower
182,6.0,1.8333333333333333,11.0,J995_ARC_xxx_slice1-Ort.czi,adult,pomc,lower
183,27.0,1.5925925925925926,43.0,J995_ARC_xxx_slice1-Ort.czi,adult,pomc,lower
184,1.0,1.0,1.0,J995_ARC_xxx_slice1-Ort.czi,adult,pomc,lower
185,1.0,1.0,1.0,J995_ARC_xxx_slice1-Ort.czi,adult,pomc,lower
186,26.0,1.5769230769230769,41.0,J995_ARC_xxx_slice1-Ort.czi,adult,pomc,lower
187,12.0,1.5,18.0,J995_ARC_xxx_slice1-Ort.czi,adult,pomc,lower
188,77.0,1.5974025974025974,123.0,J995_ARC_xxx_slice1-Ort.czi,adult,pomc,lower
189,144.0,1.6944444444444444,244.0,J995_ARC_xxx_slice1-Ort.czi,adult,pomc,lower
190,16.0,1.6875,27.0,J995_ARC_xxx_slice1-Ort.czi,adult,pomc,lower
191,4.0,1.75,7.0,J995_ARC_xxx_slice1-Ort.czi,adult,pomc,lower
192,30.0,1.8333333333333333,55.0,J995_ARC_xxx_slice1-Ort.czi,adult,pomc,lower
193,1.0,1.0,1.0,J995_ARC_xxx_slice1-Ort.czi,adult,pomc,lower
194,91.0,1.7582417582417582,160.0,J995_ARC_xxx_slice1-Ort.czi,adult,pomc,lower
195,11.0,1.4545454545454546,16.0,J995_ARC_xxx_slice1-Ort.czi,adult,pomc,lower
196,13.0,1.6153846153846154,21.0,J995_ARC_xxx_slice1-Ort.czi,adult,pomc,lower
197,1.0,2.0,2.0,J995_ARC_xxx_slice1-Ort.czi,adult,pomc,lower
198,1.0,1.0,1.0,J995_ARC_xxx_slice1-Ort.czi,adult,pomc,lower
199,1.0,2.0,2.0,J995_ARC_xxx_slice1-Ort.czi,adult,pomc,lower
200,139.0,1.7697841726618706,246.0,J995_ARC_xxx_slice1-Ort.czi,adult,pomc,lower
201,59.0,1.4745762711864407,87.0,J995_ARC_xxx_slice1-Ort.czi,adult,pomc,lower
202,17.0,1.8235294117647058,31.0,J995_ARC_xxx_slice1-Ort.czi,adult,pomc,lower
203,1.0,2.0,2.0,J995_ARC_xxx_slice1-Ort.czi,adult,pomc,lower
204,2.0,1.5,3.0,J995_ARC_xxx_slice1-Ort.czi,adult,pomc,lower
205,6.0,2.5,15.0,J995_ARC_xxx_slice1-Ort.czi,adult,pomc,lower
206,16.0,1.75,28.0,J995_ARC_xxx_slice1-Ort.czi,adult,pomc,lower
207,44.0,1.5454545454545454,68.0,J995_ARC_xxx_slice1-Ort.czi,adult,pomc,lower
208,13.0,1.4615384615384615,19.0,J995_ARC_xxx_slice1-Ort.czi,adult,pomc,lower
209,10.0,1.7,17.0,J995_ARC_xxx_slice1-Ort.czi,adult,pomc,lower
210,15.0,1.8,27.0,J995_ARC_xxx_slice1-Ort.czi,adult,pomc,lower
211,18.0,1.7777777777777777,32.0,J995_ARC_xxx_slice1-Ort.czi,adult,pomc,lower
212,17.0,2.411764705882353,41.0,J995_ARC_xxx_slice1-Ort.czi,adult,pomc,lower
213,125.0,1.696,212.0,J995_ARC_xxx_slice1-Ort.czi,adult,pomc,lower
214,35.0,1.6571428571428573,58.00000000000001,J995_ARC_xxx_slice1-Ort.czi,adult,pomc,lower
215,13.0,1.9230769230769231,25.0,J995_ARC_xxx_slice1-Ort.czi,adult,pomc,lower
216,6.0,1.3333333333333333,8.0,J995_ARC_xxx_slice1-Ort.czi,adult,pomc,lower
217,2.0,2.0,4.0,J995_ARC_xxx_slice1-Ort.czi,adult,pomc,lower
218,4.0,1.75,7.0,J995_ARC_xxx_slice1-Ort.czi,adult,pomc,lower
219,2.0,1.5,3.0,J995_ARC_xxx_slice1-Ort.czi,adult,pomc,lower
220,31.0,2.4516129032258065,76.0,J995_ARC_xxx_slice1-Ort.czi,adult,pomc,lower
221,1.0,2.0,2.0,J995_ARC_xxx_slice1-Ort.czi,adult,pomc,lower
222,2.0,1.0,2.0,J995_ARC_xxx_slice1-Ort.czi,adult,pomc,lower
223,10.0,1.6,16.0,J995_ARC_xxx_slice1-Ort.czi,adult,pomc,lower
224,14.0,2.642857142857143,37.0,J995_ARC_xxx_slice1-Ort.czi,adult,pomc,lower
225,2.0,1.5,3.0,J995_ARC_xxx_slice1-Ort.czi,adult,pomc,lower
226,1.0,1.0,1.0,J995_ARC_xxx_slice1-Ort.czi,adult,pomc,lower
227,1.0,2.0,2.0,J995_ARC_xxx_slice1-Ort.czi,adult,pomc,lower
228,1.0,3.0,3.0,J995_ARC_xxx_slice1-Ort.czi,adult,pomc,lower
229,22.0,1.4545454545454546,32.0,J995_ARC_xxx_slice1-Ort.czi,adult,pomc,lower
230,9.0,1.5555555555555556,14.0,J995_ARC_xxx_slice1-Ort.czi,adult,pomc,lower
231,1.0,2.0,2.0,J995_ARC_xxx_slice1-Ort.czi,adult,pomc,lower
232,2.0,1.5,3.0,J995_ARC_xxx_slice1-Ort.czi,adult,pomc,lower
233,1.0,1.0,1.0,J995_ARC_xxx_slice1-Ort.czi,adult,pomc,lower
234,17.0,1.7058823529411764,29.0,J995_ARC_xxx_slice1-Ort.czi,adult,pomc,lower
235,72.0,1.5138888888888888,109.0,J995_ARC_xxx_slice1-Ort.czi,adult,pomc,lower
236,264.0,2.0833333333333335,550.0,J995_ARC_xxx_slice1-Ort.czi,adult,pomc,lower
237,19.0,1.736842105263158,33.0,J995_ARC_xxx_slice1-Ort.czi,adult,pomc,lower
238,9.0,1.6666666666666667,15.0,J995_ARC_xxx_slice1-Ort.czi,adult,pomc,lower
239,3.0,1.6666666666666667,5.0,J995_ARC_xxx_slice1-Ort.czi,adult,pomc,lower
240,1.0,1.0,1.0,J995_ARC_xxx_slice1-Ort.czi,adult,pomc,lower
241,1.0,0.0,0.0,J995_ARC_xxx_slice1-Ort.czi,adult,pomc,lower
242,4.0,1.5,6.0,J995_ARC_xxx_slice1-Ort.czi,adult,pomc,lower
243,15.0,2.3333333333333335,35.0,J995_ARC_xxx_slice1-Ort.czi,adult,pomc,lower
244,2.0,1.5,3.0,J995_ARC_xxx_slice1-Ort.czi,adult,pomc,lower
245,1.0,1.0,1.0,J995_ARC_xxx_slice1-Ort.czi,adult,pomc,lower
246,13.0,1.6153846153846154,21.0,J995_ARC_xxx_slice1-Ort.czi,adult,pomc,lower
247,1.0,0.0,0.0,J995_ARC_xxx_slice1-Ort.czi,adult,pomc,lower
248,7.0,1.7142857142857142,12.0,J995_ARC_xxx_slice1-Ort.czi,adult,pomc,lower
249,19.0,1.5789473684210527,30.0,J995_ARC_xxx_slice1-Ort.czi,adult,pomc,lower
250,22.0,1.6363636363636365,36.0,J995_ARC_xxx_slice1-Ort.czi,adult,pomc,lower
251,27.0,1.7407407407407407,47.0,J995_ARC_xxx_slice1-Ort.czi,adult,pomc,lower
252,6.0,1.8333333333333333,11.0,J995_ARC_xxx_slice1-Ort.czi,adult,pomc,lower
253,37.0,1.7837837837837838,66.0,J995_ARC_xxx_slice1-Ort.czi,adult,pomc,lower
254,54.0,1.6111111111111112,87.0,J995_ARC_xxx_slice1-Ort.czi,adult,pomc,lower
255,1.0,2.0,2.0,J995_ARC_xxx_slice1-Ort.czi,adult,pomc,lower
256,50.0,1.7,85.0,J995_ARC_xxx_slice1-Ort.czi,adult,pomc,lower
257,15.0,1.6,24.0,J995_ARC_xxx_slice1-Ort.czi,adult,pomc,lower
258,1.0,1.0,1.0,J995_ARC_xxx_slice1-Ort.czi,adult,pomc,lower
259,1.0,1.0,1.0,J995_ARC_xxx_slice1-Ort.czi,adult,pomc,lower
260,1.0,2.0,2.0,J995_ARC_xxx_slice1-Ort.czi,adult,pomc,lower
261,1.0,3.0,3.0,J995_ARC_xxx_slice1-Ort.czi,adult,pomc,lower
262,1.0,2.0,2.0,J995_ARC_xxx_slice1-Ort.czi,adult,pomc,lower
263,4.0,1.0,4.0,J995_ARC_xxx_slice1-Ort.czi,adult,pomc,lower
264,29.0,1.4137931034482758,41.0,J995_ARC_xxx_slice1-Ort.czi,adult,pomc,lower
265,55.0,1.709090909090909,94.0,J995_ARC_xxx_slice1-Ort.czi,adult,pomc,lower
266,2.0,1.5,3.0,J995_ARC_xxx_slice1-Ort.czi,adult,pomc,lower
267,21.0,1.7142857142857142,36.0,J995_ARC_xxx_slice1-Ort.czi,adult,pomc,lower
268,79.0,1.6329113924050633,129.0,J995_ARC_xxx_slice1-Ort.czi,adult,pomc,lower
269,92.0,1.6304347826086956,150.0,J995_ARC_xxx_slice1-Ort.czi,adult,pomc,lower
270,2.0,1.5,3.0,J995_ARC_xxx_slice1-Ort.czi,adult,pomc,lower
271,51.0,1.4313725490196079,73.0,J995_ARC_xxx_slice1-Ort.czi,adult,pomc,lower
272,12.0,1.3333333333333333,16.0,J995_ARC_xxx_slice1-Ort.czi,adult,pomc,lower
273,8.0,1.75,14.0,J995_ARC_xxx_slice1-Ort.czi,adult,pomc,lower
274,50.0,1.54,77.0,J995_ARC_xxx_slice1-Ort.czi,adult,pomc,lower
275,41.0,1.6829268292682926,69.0,J995_ARC_xxx_slice1-Ort.czi,adult,pomc,lower
276,44.0,1.8409090909090908,81.0,J995_ARC_xxx_slice1-Ort.czi,adult,pomc,lower
277,24.0,1.7083333333333333,41.0,J995_ARC_xxx_slice1-Ort.czi,adult,pomc,lower
278,1.0,3.0,3.0,J995_ARC_xxx_slice1-Ort.czi,adult,pomc,lower
279,44.0,1.6818181818181819,74.0,J995_ARC_xxx_slice1-Ort.czi,adult,pomc,lower
280,276.0,1.7282608695652173,477.0,J995_ARC_xxx_slice1-Ort.czi,adult,pomc,lower
281,1.0,3.0,3.0,J995_ARC_xxx_slice1-Ort.czi,adult,pomc,lower
282,11.0,1.6363636363636365,18.0,J995_ARC_xxx_slice1-Ort.czi,adult,pomc,lower
283,1.0,1.0,1.0,J995_ARC_xxx_slice1-Ort.czi,adult,pomc,lower
284,57.0,1.6491228070175439,94.0,J995_ARC_xxx_slice1-Ort.czi,adult,pomc,lower
285,9.0,1.6666666666666667,15.0,J995_ARC_xxx_slice1-Ort.czi,adult,pomc,lower
286,1.0,1.0,1.0,J995_ARC_xxx_slice1-Ort.czi,adult,pomc,lower
287,3.0,0.6666666666666666,2.0,J995_ARC_xxx_slice1-Ort.czi,adult,pomc,lower
288,54.0,1.7222222222222223,93.0,J995_ARC_xxx_slice1-Ort.czi,adult,pomc,lower
289,4.0,1.75,7.0,J995_ARC_xxx_slice1-Ort.czi,adult,pomc,lower
290,38.0,1.605263157894737,61.00000000000001,J995_ARC_xxx_slice1-Ort.czi,adult,pomc,lower
291,26.0,1.9615384615384615,51.0,J995_ARC_xxx_slice1-Ort.czi,adult,pomc,lower
292,2.0,1.0,2.0,J995_ARC_xxx_slice1-Ort.czi,adult,pomc,lower
293,1.0,1.0,1.0,J995_ARC_xxx_slice1-Ort.czi,adult,pomc,lower
294,1.0,2.0,2.0,J995_ARC_xxx_slice1-Ort.czi,adult,pomc,lower
295,1.0,0.0,0.0,J995_ARC_xxx_slice1-Ort.czi,adult,pomc,lower
296,6.0,1.5,9.0,J995_ARC_xxx_slice1-Ort.czi,adult,pomc,lower
297,33.0,1.9696969696969697,65.0,J995_ARC_xxx_slice1-Ort.czi,adult,pomc,lower
298,1.0,2.0,2.0,J995_ARC_xxx_slice1-Ort.czi,adult,pomc,lower
299,71.0,2.380281690140845,169.0,J995_ARC_xxx_slice1-Ort.czi,adult,pomc,lower
300,1.0,0.0,0.0,J995_ARC_xxx_slice1-Ort.czi,adult,pomc,lower
301,1.0,0.0,0.0,J995_ARC_xxx_slice1-Ort.czi,adult,pomc,lower
302,11.0,1.5454545454545454,17.0,J995_ARC_xxx_slice1-Ort.czi,adult,pomc,lower
303,5.0,1.6,8.0,J995_ARC_xxx_slice1-Ort.czi,adult,pomc,lower
304,1.0,0.0,0.0,J995_ARC_xxx_slice1-Ort.czi,adult,pomc,lower
305,34.0,1.5294117647058822,52.0,J995_ARC_xxx_slice1-Ort.czi,adult,pomc,lower
306,1.0,0.0,0.0,J995_ARC_xxx_slice1-Ort.czi,adult,pomc,lower
307,1.0,1.0,1.0,J995_ARC_xxx_slice1-Ort.czi,adult,pomc,lower
308,33.0,1.7575757575757576,58.0,J995_ARC_xxx_slice1-Ort.czi,adult,pomc,lower
309,4.0,1.5,6.0,J995_ARC_xxx_slice1-Ort.czi,adult,pomc,lower
310,13.0,1.3846153846153846,18.0,J995_ARC_xxx_slice1-Ort.czi,adult,pomc,lower
311,5.0,1.8,9.0,J995_ARC_xxx_slice1-Ort.czi,adult,pomc,lower
312,2.0,0.0,0.0,J995_ARC_xxx_slice1-Ort.czi,adult,pomc,lower
313,27.0,1.7407407407407407,47.0,J995_ARC_xxx_slice1-Ort.czi,adult,pomc,lower
314,2.0,0.5,1.0,J995_ARC_xxx_slice1-Ort.czi,adult,pomc,lower
315,13.0,1.4615384615384615,19.0,J995_ARC_xxx_slice1-Ort.czi,adult,pomc,lower
316,3.0,1.6666666666666667,5.0,J995_ARC_xxx_slice1-Ort.czi,adult,pomc,lower
317,1.0,1.0,1.0,J995_ARC_xxx_slice1-Ort.czi,adult,pomc,lower
318,18.0,1.5555555555555556,28.0,J995_ARC_xxx_slice1-Ort.czi,adult,pomc,lower
319,17.0,1.3529411764705883,23.0,J995_ARC_xxx_slice1-Ort.czi,adult,pomc,lower
320,8.0,1.25,10.0,J995_ARC_xxx_slice1-Ort.czi,adult,pomc,lower
321,12.0,1.5,18.0,J995_ARC_xxx_slice1-Ort.czi,adult,pomc,lower
322,12.0,1.5833333333333333,19.0,J995_ARC_xxx_slice1-Ort.czi,adult,pomc,lower
323,2.0,1.0,2.0,J995_ARC_xxx_slice1-Ort.czi,adult,pomc,lower
324,85.0,1.7411764705882353,148.0,J995_ARC_xxx_slice1-Ort.czi,adult,pomc,lower
325,7.0,2.142857142857143,15.0,J995_ARC_xxx_slice1-Ort.czi,adult,pomc,lower
326,27.0,1.4444444444444444,39.0,J995_ARC_xxx_slice1-Ort.czi,adult,pomc,lower
327,18.0,1.8888888888888888,34.0,J995_ARC_xxx_slice1-Ort.czi,adult,pomc,lower
328,11.0,1.6363636363636365,18.0,J995_ARC_xxx_slice1-Ort.czi,adult,pomc,lower
329,28.0,1.5,42.0,J995_ARC_xxx_slice1-Ort.czi,adult,pomc,lower
330,6.0,1.5,9.0,J995_ARC_xxx_slice1-Ort.czi,adult,pomc,lower
331,14.0,1.5,21.0,J995_ARC_xxx_slice1-Ort.czi,adult,pomc,lower
332,13.0,1.6923076923076923,22.0,J995_ARC_xxx_slice1-Ort.czi,adult,pomc,lower
333,2.0,2.5,5.0,J995_ARC_xxx_slice1-Ort.czi,adult,pomc,lower
334,1.0,1.0,1.0,J995_ARC_xxx_slice1-Ort.czi,adult,pomc,lower
335,1.0,0.0,0.0,J995_ARC_xxx_slice1-Ort.czi,adult,pomc,lower
336,7.0,1.5714285714285714,11.0,J995_ARC_xxx_slice1-Ort.czi,adult,pomc,lower
337,1.0,0.0,0.0,J995_ARC_xxx_slice1-Ort.czi,adult,pomc,lower
338,9.0,1.5555555555555556,14.0,J995_ARC_xxx_slice1-Ort.czi,adult,pomc,lower
339,12.0,1.75,21.0,J995_ARC_xxx_slice1-Ort.czi,adult,pomc,lower
340,1.0,4.0,4.0,J995_ARC_xxx_slice1-Ort.czi,adult,pomc,lower
341,28.0,1.6428571428571428,46.0,J995_ARC_xxx_slice1-Ort.czi,adult,pomc,lower
342,3.0,1.0,3.0,J995_ARC_xxx_slice1-Ort.czi,adult,pomc,lower
343,4.0,1.5,6.0,J995_ARC_xxx_slice1-Ort.czi,adult,pomc,lower
344,1.0,3.0,3.0,J995_ARC_xxx_slice1-Ort.czi,adult,pomc,lower
345,1.0,0.0,0.0,J995_ARC_xxx_slice1-Ort.czi,adult,pomc,lower
346,74.0,1.554054054054054,114.99999999999999,J995_ARC_xxx_slice1-Ort.czi,adult,pomc,lower
347,16.0,1.625,26.0,J995_ARC_xxx_slice1-Ort.czi,adult,pomc,lower
348,49.0,1.8571428571428572,91.0,J995_ARC_xxx_slice1-Ort.czi,adult,pomc,lower
349,33.0,1.9090909090909092,63.0,J995_ARC_xxx_slice1-Ort.czi,adult,pomc,lower
350,19.0,2.0,38.0,J995_ARC_xxx_slice1-Ort.czi,adult,pomc,lower
351,2.0,1.0,2.0,J995_ARC_xxx_slice1-Ort.czi,adult,pomc,lower
352,6.0,2.0,12.0,J995_ARC_xxx_slice1-Ort.czi,adult,pomc,lower
353,15.0,1.6,24.0,J995_ARC_xxx_slice1-Ort.czi,adult,pomc,lower
354,17.0,2.823529411764706,48.0,J995_ARC_xxx_slice1-Ort.czi,adult,pomc,lower
355,21.0,1.5714285714285714,33.0,J995_ARC_xxx_slice1-Ort.czi,adult,pomc,lower
356,1.0,1.0,1.0,J995_ARC_xxx_slice1-Ort.czi,adult,pomc,lower
357,4.0,2.25,9.0,J995_ARC_xxx_slice1-Ort.czi,adult,pomc,lower
358,1.0,1.0,1.0,J995_ARC_xxx_slice1-Ort.czi,adult,pomc,lower
359,3.0,1.0,3.0,J995_ARC_xxx_slice1-Ort.czi,adult,pomc,lower
360,1.0,2.0,2.0,J995_ARC_xxx_slice1-Ort.czi,adult,pomc,lower
361,4.0,1.25,5.0,J995_ARC_xxx_slice1-Ort.czi,adult,pomc,lower
362,3.0,1.6666666666666667,5.0,J995_ARC_xxx_slice1-Ort.czi,adult,pomc,lower
363,11.0,2.0,22.0,J995_ARC_xxx_slice1-Ort.czi,adult,pomc,lower
364,18.0,1.5,27.0,J995_ARC_xxx_slice1-Ort.czi,adult,pomc,lower
365,28.0,1.8571428571428572,52.0,J995_ARC_xxx_slice1-Ort.czi,adult,pomc,lower
366,3.0,1.6666666666666667,5.0,J995_ARC_xxx_slice1-Ort.czi,adult,pomc,lower
367,28.0,1.7857142857142858,50.0,J995_ARC_xxx_slice1-Ort.czi,adult,pomc,lower
368,11.0,2.272727272727273,25.000000000000004,J995_ARC_xxx_slice1-Ort.czi,adult,pomc,lower
369,10.0,1.6,16.0,J995_ARC_xxx_slice1-Ort.czi,adult,pomc,lower
370,20.0,1.6,32.0,J995_ARC_xxx_slice1-Ort.czi,adult,pomc,lower
371,3.0,1.3333333333333333,4.0,J995_ARC_xxx_slice1-Ort.czi,adult,pomc,lower
372,8.0,1.5,12.0,J995_ARC_xxx_slice1-Ort.czi,adult,pomc,lower
373,12.0,1.4166666666666667,17.0,J995_ARC_xxx_slice1-Ort.czi,adult,pomc,lower
374,1.0,1.0,1.0,J995_ARC_xxx_slice1-Ort.czi,adult,pomc,lower
375,2.0,1.5,3.0,J995_ARC_xxx_slice1-Ort.czi,adult,pomc,lower
376,6.0,1.5,9.0,J995_ARC_xxx_slice1-Ort.czi,adult,pomc,lower
377,41.0,1.7073170731707317,70.0,J995_ARC_xxx_slice1-Ort.czi,adult,pomc,lower
378,14.0,1.6428571428571428,23.0,J995_ARC_xxx_slice1-Ort.czi,adult,pomc,lower
379,14.0,2.0,28.0,J995_ARC_xxx_slice1-Ort.czi,adult,pomc,lower
380,11.0,2.0,22.0,J995_ARC_xxx_slice1-Ort.czi,adult,pomc,lower
381,1.0,1.0,1.0,J995_ARC_xxx_slice1-Ort.czi,adult,pomc,lower
382,1.0,4.0,4.0,J995_ARC_xxx_slice1-Ort.czi,adult,pomc,lower
383,20.0,1.45,29.0,J995_ARC_xxx_slice1-Ort.czi,adult,pomc,lower
384,5.0,1.8,9.0,J995_ARC_xxx_slice1-Ort.czi,adult,pomc,lower
385,398.0,2.7236180904522613,1084.0,J995_ARC_xxx_slice1-Ort.czi,adult,pomc,lower
386,9.0,2.0,18.0,J995_ARC_xxx_slice1-Ort.czi,adult,pomc,lower
387,1.0,2.0,2.0,J995_ARC_xxx_slice1-Ort.czi,adult,pomc,lower
388,1.0,1.0,1.0,J995_ARC_xxx_slice1-Ort.czi,adult,pomc,lower
389,104.0,1.6826923076923077,175.0,J995_ARC_xxx_slice1-Ort.czi,adult,pomc,lower
390,4.0,1.25,5.0,J995_ARC_xxx_slice1-Ort.czi,adult,pomc,lower
391,3.0,1.3333333333333333,4.0,J995_ARC_xxx_slice1-Ort.czi,adult,pomc,lower
392,3.0,1.3333333333333333,4.0,J995_ARC_xxx_slice1-Ort.czi,adult,pomc,lower
393,1.0,0.0,0.0,J995_ARC_xxx_slice1-Ort.czi,adult,pomc,lower
394,15.0,1.4666666666666666,22.0,J995_ARC_xxx_slice1-Ort.czi,adult,pomc,lower
395,19.0,1.6842105263157894,32.0,J995_ARC_xxx_slice1-Ort.czi,adult,pomc,lower
396,3.0,0.6666666666666666,2.0,J995_ARC_xxx_slice1-Ort.czi,adult,pomc,lower
397,4.0,1.5,6.0,J995_ARC_xxx_slice1-Ort.czi,adult,pomc,lower
398,964.0,2.0145228215767634,1942.0,J995_ARC_xxx_slice1-Ort.czi,adult,pomc,lower
399,26.0,2.076923076923077,54.00000000000001,J995_ARC_xxx_slice1-Ort.czi,adult,pomc,lower
400,1.0,1.0,1.0,J995_ARC_xxx_slice1-Ort.czi,adult,pomc,lower
401,9.0,2.6666666666666665,24.0,J995_ARC_xxx_slice1-Ort.czi,adult,pomc,lower
402,369.0,3.2710027100271004,1207.0,J995_ARC_xxx_slice1-Ort.czi,adult,pomc,lower
403,6.0,1.1666666666666667,7.0,J995_ARC_xxx_slice1-Ort.czi,adult,pomc,lower
404,1.0,1.0,1.0,J995_ARC_xxx_slice1-Ort.czi,adult,pomc,lower
405,1.0,0.0,0.0,J995_ARC_xxx_slice1-Ort.czi,adult,pomc,lower
406,4.0,1.25,5.0,J995_ARC_xxx_slice1-Ort.czi,adult,pomc,lower
407,891.0,2.1032547699214366,1874.0,J995_ARC_xxx_slice1-Ort.czi,adult,pomc,lower
408,1.0,1.0,1.0,J995_ARC_xxx_slice1-Ort.czi,adult,pomc,lower
409,12.0,1.5833333333333333,19.0,J995_ARC_xxx_slice1-Ort.czi,adult,pomc,lower
410,18.0,1.6666666666666667,30.0,J995_ARC_xxx_slice1-Ort.czi,adult,pomc,lower
411,1.0,1.0,1.0,J995_ARC_xxx_slice1-Ort.czi,adult,pomc,lower
412,1.0,1.0,1.0,J995_ARC_xxx_slice1-Ort.czi,adult,pomc,lower
413,12.0,1.25,15.0,J995_ARC_xxx_slice1-Ort.czi,adult,pomc,lower
414,23.0,1.7826086956521738,41.0,J995_ARC_xxx_slice1-Ort.czi,adult,pomc,lower
415,1.0,1.0,1.0,J995_ARC_xxx_slice1-Ort.czi,adult,pomc,lower
416,270.0,2.7222222222222223,735.0,J995_ARC_xxx_slice1-Ort.czi,adult,pomc,lower
417,3.0,1.3333333333333333,4.0,J995_ARC_xxx_slice1-Ort.czi,adult,pomc,lower
418,156.0,2.128205128205128,332.0,J995_ARC_xxx_slice1-Ort.czi,adult,pomc,lower
419,3.0,2.0,6.0,J995_ARC_xxx_slice1-Ort.czi,adult,pomc,lower
420,32.0,1.59375,51.0,J995_ARC_xxx_slice1-Ort.czi,adult,pomc,lower
421,1.0,2.0,2.0,J995_ARC_xxx_slice1-Ort.czi,adult,pomc,lower
422,5.0,2.0,10.0,J995_ARC_xxx_slice1-Ort.czi,adult,pomc,lower
423,1.0,2.0,2.0,J995_ARC_xxx_slice1-Ort.czi,adult,pomc,lower
424,5.0,1.4,7.0,J995_ARC_xxx_slice1-Ort.czi,adult,pomc,lower
425,1.0,1.0,1.0,J995_ARC_xxx_slice1-Ort.czi,adult,pomc,lower
426,1.0,3.0,3.0,J995_ARC_xxx_slice1-Ort.czi,adult,pomc,lower
427,10.0,1.8,18.0,J995_ARC_xxx_slice1-Ort.czi,adult,pomc,lower
428,1.0,3.0,3.0,J995_ARC_xxx_slice1-Ort.czi,adult,pomc,lower
429,2.0,0.5,1.0,J995_ARC_xxx_slice1-Ort.czi,adult,pomc,lower
430,1.0,2.0,2.0,J995_ARC_xxx_slice1-Ort.czi,adult,pomc,lower
431,1.0,2.0,2.0,J995_ARC_xxx_slice1-Ort.czi,adult,pomc,lower
432,1.0,2.0,2.0,J995_ARC_xxx_slice1-Ort.czi,adult,pomc,lower
433,1.0,0.0,0.0,J995_ARC_xxx_slice1-Ort.czi,adult,pomc,lower
434,107.0,1.794392523364486,192.0,J995_ARC_xxx_slice1-Ort.czi,adult,pomc,lower
435,1.0,2.0,2.0,J995_ARC_xxx_slice1-Ort.czi,adult,pomc,lower
436,1.0,2.0,2.0,J995_ARC_xxx_slice1-Ort.czi,adult,pomc,lower
437,14.0,1.5714285714285714,22.0,J995_ARC_xxx_slice1-Ort.czi,adult,pomc,lower
438,563.0,2.0781527531083483,1170.0000000000002,J995_ARC_xxx_slice1-Ort.czi,adult,pomc,lower
439,11.0,1.8181818181818181,20.0,J995_ARC_xxx_slice1-Ort.czi,adult,pomc,lower
440,4.0,1.0,4.0,J995_ARC_xxx_slice1-Ort.czi,adult,pomc,lower
441,17.0,1.588235294117647,27.0,J995_ARC_xxx_slice1-Ort.czi,adult,pomc,lower
442,363.0,1.9421487603305785,705.0,J995_ARC_xxx_slice1-Ort.czi,adult,pomc,lower
443,23.0,1.6521739130434783,38.0,J995_ARC_xxx_slice1-Ort.czi,adult,pomc,lower
444,26.0,1.5769230769230769,41.0,J995_ARC_xxx_slice1-Ort.czi,adult,pomc,lower
445,9.0,1.3333333333333333,12.0,J995_ARC_xxx_slice1-Ort.czi,adult,pomc,lower
446,19.0,1.5789473684210527,30.0,J995_ARC_xxx_slice1-Ort.czi,adult,pomc,lower
447,1.0,1.0,1.0,J995_ARC_xxx_slice1-Ort.czi,adult,pomc,lower
448,2.0,1.0,2.0,J995_ARC_xxx_slice1-Ort.czi,adult,pomc,lower
449,2.0,1.5,3.0,J995_ARC_xxx_slice1-Ort.czi,adult,pomc,lower
450,1.0,2.0,2.0,J995_ARC_xxx_slice1-Ort.czi,adult,pomc,lower
451,12.0,1.1666666666666667,14.0,J995_ARC_xxx_slice1-Ort.czi,adult,pomc,lower
452,3.0,1.6666666666666667,5.0,J995_ARC_xxx_slice1-Ort.czi,adult,pomc,lower
453,1.0,0.0,0.0,J995_ARC_xxx_slice1-Ort.czi,adult,pomc,lower
454,10.0,1.9,19.0,J995_ARC_xxx_slice1-Ort.czi,adult,pomc,lower
455,499.0,2.0741482965931866,1035.0,J995_ARC_xxx_slice1-Ort.czi,adult,pomc,lower
456,11.0,2.1818181818181817,24.0,J995_ARC_xxx_slice1-Ort.czi,adult,pomc,lower
457,1.0,1.0,1.0,J995_ARC_xxx_slice1-Ort.czi,adult,pomc,lower
458,5.0,1.8,9.0,J995_ARC_xxx_slice1-Ort.czi,adult,pomc,lower
459,1.0,1.0,1.0,J995_ARC_xxx_slice1-Ort.czi,adult,pomc,lower
460,3.0,1.3333333333333333,4.0,J995_ARC_xxx_slice1-Ort.czi,adult,pomc,lower
461,8.0,1.875,15.0,J995_ARC_xxx_slice1-Ort.czi,adult,pomc,lower
462,1.0,1.0,1.0,J995_ARC_xxx_slice1-Ort.czi,adult,pomc,lower
463,1.0,2.0,2.0,J995_ARC_xxx_slice1-Ort.czi,adult,pomc,lower
464,3.0,1.3333333333333333,4.0,J995_ARC_xxx_slice1-Ort.czi,adult,pomc,lower
465,3.0,1.6666666666666667,5.0,J995_ARC_xxx_slice1-Ort.czi,adult,pomc,lower
466,403.0,1.9205955334987592,774.0,J995_ARC_xxx_slice1-Ort.czi,adult,pomc,lower
467,3.0,2.3333333333333335,7.0,J995_ARC_xxx_slice1-Ort.czi,adult,pomc,lower
468,9.0,1.8888888888888888,17.0,J995_ARC_xxx_slice1-Ort.czi,adult,pomc,lower
469,1.0,1.0,1.0,J995_ARC_xxx_slice1-Ort.czi,adult,pomc,lower
470,3.0,2.0,6.0,J995_ARC_xxx_slice1-Ort.czi,adult,pomc,lower
471,10.0,2.7,27.0,J995_ARC_xxx_slice1-Ort.czi,adult,pomc,lower
472,1.0,1.0,1.0,J995_ARC_xxx_slice1-Ort.czi,adult,pomc,lower
473,65.0,1.6153846153846154,105.0,J995_ARC_xxx_slice1-Ort.czi,adult,pomc,lower
474,1.0,1.0,1.0,J995_ARC_xxx_slice1-Ort.czi,adult,pomc,lower
475,22.0,2.227272727272727,48.99999999999999,J995_ARC_xxx_slice1-Ort.czi,adult,pomc,lower
476,1.0,1.0,1.0,J995_ARC_xxx_slice1-Ort.czi,adult,pomc,lower
477,46.0,1.5869565217391304,73.0,J995_ARC_xxx_slice1-Ort.czi,adult,pomc,lower
478,4.0,2.0,8.0,J995_ARC_xxx_slice1-Ort.czi,adult,pomc,lower
479,120.0,1.6333333333333333,196.0,J995_ARC_xxx_slice1-Ort.czi,adult,pomc,lower
480,1.0,2.0,2.0,J995_ARC_xxx_slice1-Ort.czi,adult,pomc,lower
481,7.0,1.7142857142857142,12.0,J995_ARC_xxx_slice1-Ort.czi,adult,pomc,lower
482,1.0,5.0,5.0,J995_ARC_xxx_slice1-Ort.czi,adult,pomc,lower
483,1.0,2.0,2.0,J995_ARC_xxx_slice1-Ort.czi,adult,pomc,lower
484,3.0,2.0,6.0,J995_ARC_xxx_slice1-Ort.czi,adult,pomc,lower
485,1.0,3.0,3.0,J995_ARC_xxx_slice1-Ort.czi,adult,pomc,lower
486,1.0,1.0,1.0,J995_ARC_xxx_slice1-Ort.czi,adult,pomc,lower
487,1.0,1.0,1.0,J995_ARC_xxx_slice1-Ort.czi,adult,pomc,lower
488,14.0,2.4285714285714284,34.0,J995_ARC_xxx_slice1-Ort.czi,adult,pomc,lower
489,16.0,1.875,30.0,J995_ARC_xxx_slice1-Ort.czi,adult,pomc,lower
490,1422.0,1.9163150492264416,2725.0,J995_ARC_xxx_slice1-Ort.czi,adult,pomc,lower
491,44.0,1.7045454545454546,75.0,J995_ARC_xxx_slice1-Ort.czi,adult,pomc,lower
492,661.0,1.9258698940998487,1273.0,J995_ARC_xxx_slice1-Ort.czi,adult,pomc,lower
493,11.0,1.3636363636363635,14.999999999999998,J995_ARC_xxx_slice1-Ort.czi,adult,pomc,lower
494,23.0,2.0869565217391304,48.0,J995_ARC_xxx_slice1-Ort.czi,adult,pomc,lower
495,7.0,1.4285714285714286,10.0,J995_ARC_xxx_slice1-Ort.czi,adult,pomc,lower
496,1.0,1.0,1.0,J995_ARC_xxx_slice1-Ort.czi,adult,pomc,lower
497,19.0,1.6842105263157894,32.0,J995_ARC_xxx_slice1-Ort.czi,adult,pomc,lower
498,1.0,1.0,1.0,J995_ARC_xxx_slice1-Ort.czi,adult,pomc,lower
499,10.0,8.5,85.0,J995_ARC_xxx_slice1-Ort.czi,adult,pomc,lower
500,17.0,2.0588235294117645,35.0,J995_ARC_xxx_slice1-Ort.czi,adult,pomc,lower
501,26.0,3.9615384615384617,103.0,J995_ARC_xxx_slice1-Ort.czi,adult,pomc,lower
502,9.0,2.111111111111111,19.0,J995_ARC_xxx_slice1-Ort.czi,adult,pomc,lower
503,2036.0,1.7794695481335954,3623.0,J995_ARC_xxx_slice1-Ort.czi,adult,pomc,lower
504,3616.0,1.7325774336283186,6265.0,J995_ARC_xxx_slice1-Ort.czi,adult,pomc,lower
505,68.0,2.2205882352941178,151.0,J995_ARC_xxx_slice1-Ort.czi,adult,pomc,lower
506,1.0,3.0,3.0,J995_ARC_xxx_slice1-Ort.czi,adult,pomc,lower
507,14.0,1.5714285714285714,22.0,J995_ARC_xxx_slice1-Ort.czi,adult,pomc,lower
508,1.0,2.0,2.0,J995_ARC_xxx_slice1-Ort.czi,adult,pomc,lower
509,9.0,1.4444444444444444,13.0,J995_ARC_xxx_slice1-Ort.czi,adult,pomc,lower
510,1.0,1.0,1.0,J995_ARC_xxx_slice1-Ort.czi,adult,pomc,lower
511,40.0,1.725,69.0,J995_ARC_xxx_slice1-Ort.czi,adult,pomc,lower
512,1.0,1.0,1.0,J995_ARC_xxx_slice1-Ort.czi,adult,pomc,lower
513,8.0,1.25,10.0,J995_ARC_xxx_slice1-Ort.czi,adult,pomc,lower
514,1958.0,1.7231869254341163,3374.0,J995_ARC_xxx_slice1-Ort.czi,adult,pomc,lower
515,2.0,1.0,2.0,J995_ARC_xxx_slice1-Ort.czi,adult,pomc,lower
516,42.0,1.5238095238095237,64.0,J995_ARC_xxx_slice1-Ort.czi,adult,pomc,lower
517,1.0,1.0,1.0,J995_ARC_xxx_slice1-Ort.czi,adult,pomc,lower
518,1.0,2.0,2.0,J995_ARC_xxx_slice1-Ort.czi,adult,pomc,lower
519,6.0,2.0,12.0,J995_ARC_xxx_slice1-Ort.czi,adult,pomc,lower
520,4.0,2.0,8.0,J995_ARC_xxx_slice1-Ort.czi,adult,pomc,lower
521,3.0,1.3333333333333333,4.0,J995_ARC_xxx_slice1-Ort.czi,adult,pomc,lower
522,6.0,1.8333333333333333,11.0,J995_ARC_xxx_slice1-Ort.czi,adult,pomc,lower
523,1.0,2.0,2.0,J995_ARC_xxx_slice1-Ort.czi,adult,pomc,lower
524,4.0,1.25,5.0,J995_ARC_xxx_slice1-Ort.czi,adult,pomc,lower
525,19.0,1.6842105263157894,32.0,J995_ARC_xxx_slice1-Ort.czi,adult,pomc,lower
526,1022.0,1.729941291585127,1768.0,J995_ARC_xxx_slice1-Ort.czi,adult,pomc,lower
527,2.0,0.5,1.0,J995_ARC_xxx_slice1-Ort.czi,adult,pomc,lower
528,12.0,1.75,21.0,J995_ARC_xxx_slice1-Ort.czi,adult,pomc,lower
529,14.0,1.7142857142857142,24.0,J995_ARC_xxx_slice1-Ort.czi,adult,pomc,lower
530,8.0,1.75,14.0,J995_ARC_xxx_slice1-Ort.czi,adult,pomc,lower
531,590.0,1.7203389830508475,1015.0,J995_ARC_xxx_slice1-Ort.czi,adult,pomc,lower
532,1.0,2.0,2.0,J995_ARC_xxx_slice1-Ort.czi,adult,pomc,lower
533,2.0,0.5,1.0,J995_ARC_xxx_slice1-Ort.czi,adult,pomc,lower
534,39.0,1.4615384615384615,57.0,J995_ARC_xxx_slice1-Ort.czi,adult,pomc,lower
535,149.0,1.4966442953020134,223.0,J995_ARC_xxx_slice1-Ort.czi,adult,pomc,lower
536,61.0,1.540983606557377,94.0,J995_ARC_xxx_slice1-Ort.czi,adult,pomc,lower
537,6.0,1.5,9.0,J995_ARC_xxx_slice1-Ort.czi,adult,pomc,lower
538,22.0,1.3636363636363635,29.999999999999996,J995_ARC_xxx_slice1-Ort.czi,adult,pomc,lower
539,240.0,1.6166666666666667,388.0,J995_ARC_xxx_slice1-Ort.czi,adult,pomc,lower
540,39.0,1.6923076923076923,66.0,J995_ARC_xxx_slice1-Ort.czi,adult,pomc,lower
541,105.0,1.5142857142857142,159.0,J995_ARC_xxx_slice1-Ort.czi,adult,pomc,lower
542,92.0,1.7282608695652173,159.0,J995_ARC_xxx_slice1-Ort.czi,adult,pomc,lower
543,92.0,1.673913043478261,154.0,J995_ARC_xxx_slice1-Ort.czi,adult,pomc,lower
544,42.0,1.7380952380952381,73.0,J995_ARC_xxx_slice1-Ort.czi,adult,pomc,lower
545,2.0,2.0,4.0,J995_ARC_xxx_slice1-Ort.czi,adult,pomc,lower
546,24.0,4.625,111.0,J995_ARC_xxx_slice1-Ort.czi,adult,pomc,lower
547,23.0,1.7826086956521738,41.0,J995_ARC_xxx_slice1-Ort.czi,adult,pomc,lower
548,1.0,2.0,2.0,J995_ARC_xxx_slice1-Ort.czi,adult,pomc,lower
549,148.0,1.5675675675675675,232.0,J995_ARC_xxx_slice1-Ort.czi,adult,pomc,lower
550,5.0,1.2,6.0,J995_ARC_xxx_slice1-Ort.czi,adult,pomc,lower
551,1.0,2.0,2.0,J995_ARC_xxx_slice1-Ort.czi,adult,pomc,lower
552,46.0,1.7826086956521738,82.0,J995_ARC_xxx_slice1-Ort.czi,adult,pomc,lower
553,1285.0,1.6233463035019455,2086.0,J995_ARC_xxx_slice1-Ort.czi,adult,pomc,lower
554,30.0,1.4333333333333333,43.0,J995_ARC_xxx_slice1-Ort.czi,adult,pomc,lower
555,1.0,3.0,3.0,J995_ARC_xxx_slice1-Ort.czi,adult,pomc,lower
556,2.0,3.0,6.0,J995_ARC_xxx_slice1-Ort.czi,adult,pomc,lower
557,164.0,1.603658536585366,263.0,J995_ARC_xxx_slice1-Ort.czi,adult,pomc,lower
558,2.0,1.0,2.0,J995_ARC_xxx_slice1-Ort.czi,adult,pomc,lower
559,150.0,1.5733333333333333,236.0,J995_ARC_xxx_slice1-Ort.czi,adult,pomc,lower
560,27.0,1.6666666666666667,45.0,J995_ARC_xxx_slice1-Ort.czi,adult,pomc,lower
561,152.0,1.5855263157894737,241.0,J995_ARC_xxx_slice1-Ort.czi,adult,pomc,lower
562,2.0,1.0,2.0,J995_ARC_xxx_slice1-Ort.czi,adult,pomc,lower
563,29.0,1.4827586206896552,43.0,J995_ARC_xxx_slice1-Ort.czi,adult,pomc,lower
564,210.0,1.5047619047619047,316.0,J995_ARC_xxx_slice1-Ort.czi,adult,pomc,lower
565,4.0,2.0,8.0,J995_ARC_xxx_slice1-Ort.czi,adult,pomc,lower
566,1.0,0.0,0.0,J995_ARC_xxx_slice1-Ort.czi,adult,pomc,lower
567,802.0,1.619700748129676,1299.0,J995_ARC_xxx_slice1-Ort.czi,adult,pomc,lower
568,2.0,1.0,2.0,J995_ARC_xxx_slice1-Ort.czi,adult,pomc,lower
569,18.0,1.4444444444444444,26.0,J995_ARC_xxx_slice1-Ort.czi,adult,pomc,lower
570,2.0,2.5,5.0,J995_ARC_xxx_slice1-Ort.czi,adult,pomc,lower
571,8.0,2.0,16.0,J995_ARC_xxx_slice1-Ort.czi,adult,pomc,lower
572,18.0,1.5,27.0,J995_ARC_xxx_slice1-Ort.czi,adult,pomc,lower
573,1.0,2.0,2.0,J995_ARC_xxx_slice1-Ort.czi,adult,pomc,lower
574,19.0,1.736842105263158,33.0,J995_ARC_xxx_slice1-Ort.czi,adult,pomc,lower
575,30.0,1.6333333333333333,49.0,J995_ARC_xxx_slice1-Ort.czi,adult,pomc,lower
576,2.0,2.0,4.0,J995_ARC_xxx_slice1-Ort.czi,adult,pomc,lower
577,133.0,1.518796992481203,202.0,J995_ARC_xxx_slice1-Ort.czi,adult,pomc,lower
578,847.0,1.5796930342384887,1338.0,J995_ARC_xxx_slice1-Ort.czi,adult,pomc,lower
579,46.0,1.5869565217391304,73.0,J995_ARC_xxx_slice1-Ort.czi,adult,pomc,lower
580,32.0,1.5,48.0,J995_ARC_xxx_slice1-Ort.czi,adult,pomc,lower
581,424.0,1.6580188679245282,703.0,J995_ARC_xxx_slice1-Ort.czi,adult,pomc,lower
582,28.0,1.5714285714285714,44.0,J995_ARC_xxx_slice1-Ort.czi,adult,pomc,lower
583,28.0,1.75,49.0,J995_ARC_xxx_slice1-Ort.czi,adult,pomc,lower
584,1.0,1.0,1.0,J995_ARC_xxx_slice1-Ort.czi,adult,pomc,lower
585,7.0,1.4285714285714286,10.0,J995_ARC_xxx_slice1-Ort.czi,adult,pomc,lower
586,58.0,1.6896551724137931,98.0,J995_ARC_xxx_slice1-Ort.czi,adult,pomc,lower
587,1.0,2.0,2.0,J995_ARC_xxx_slice1-Ort.czi,adult,pomc,lower
588,689.0,1.5544267053701015,1071.0,J995_ARC_xxx_slice1-Ort.czi,adult,pomc,lower
589,1.0,1.0,1.0,J995_ARC_xxx_slice1-Ort.czi,adult,pomc,lower
590,1.0,1.0,1.0,J995_ARC_xxx_slice1-Ort.czi,adult,pomc,lower
591,19.0,1.3157894736842106,25.0,J995_ARC_xxx_slice1-Ort.czi,adult,pomc,lower
592,44.0,1.4545454545454546,64.0,J995_ARC_xxx_slice1-Ort.czi,adult,pomc,lower
593,97.0,1.731958762886598,168.0,J995_ARC_xxx_slice1-Ort.czi,adult,pomc,lower
594,79.0,1.5443037974683544,122.0,J995_ARC_xxx_slice1-Ort.czi,adult,pomc,lower
595,33.0,1.606060606060606,53.0,J995_ARC_xxx_slice1-Ort.czi,adult,pomc,lower
596,64.0,1.734375,111.0,J995_ARC_xxx_slice1-Ort.czi,adult,pomc,lower
597,10.0,2.4,24.0,J995_ARC_xxx_slice1-Ort.czi,adult,pomc,lower
598,1806.0,1.544296788482835,2789.0,J995_ARC_xxx_slice1-Ort.czi,adult,pomc,lower
599,110.0,1.5272727272727273,168.0,J995_ARC_xxx_slice1-Ort.czi,adult,pomc,lower
600,56.0,1.5892857142857142,89.0,J995_ARC_xxx_slice1-Ort.czi,adult,pomc,lower
601,194.0,1.597938144329897,310.0,J995_ARC_xxx_slice1-Ort.czi,adult,pomc,lower
602,290.0,1.6344827586206896,474.0,J995_ARC_xxx_slice1-Ort.czi,adult,pomc,lower
603,102.0,1.7254901960784315,176.0,J995_ARC_xxx_slice1-Ort.czi,adult,pomc,lower
604,1786.0,1.555431131019037,2778.0,J995_ARC_xxx_slice1-Ort.czi,adult,pomc,lower
605,81.0,1.5679012345679013,127.0,J995_ARC_xxx_slice1-Ort.czi,adult,pomc,lower
606,160.0,1.6,256.0,J995_ARC_xxx_slice1-Ort.czi,adult,pomc,lower
607,169.0,1.7337278106508875,293.0,J995_ARC_xxx_slice1-Ort.czi,adult,pomc,lower
608,1407.0,1.613361762615494,2270.0,J995_ARC_xxx_slice1-Ort.czi,adult,pomc,lower
609,145.0,1.6758620689655173,243.0,J995_ARC_xxx_slice1-Ort.czi,adult,pomc,lower
610,677.0,1.7887740029542099,1211.0,J995_ARC_xxx_slice1-Ort.czi,adult,pomc,lower
611,256.0,1.7421875,446.0,J995_ARC_xxx_slice1-Ort.czi,adult,pomc,lower
612,43.0,1.813953488372093,78.0,J995_ARC_xxx_slice1-Ort.czi,adult,pomc,lower
613,941.0,1.7502656748140277,1647.0,J995_ARC_xxx_slice1-Ort.czi,adult,pomc,lower
614,2259.0,1.6609119079238601,3752.0,J995_ARC_xxx_slice1-Ort.czi,adult,pomc,lower
615,426.0,1.65962441314554,707.0,J995_ARC_xxx_slice1-Ort.czi,adult,pomc,lower
616,597.0,1.4773869346733668,882.0,J995_ARC_xxx_slice1-Ort.czi,adult,pomc,lower
617,729.0,1.6117969821673526,1175.0,J995_ARC_xxx_slice1-Ort.czi,adult,pomc,lower
618,73.0,1.7123287671232876,125.0,J995_ARC_xxx_slice1-Ort.czi,adult,pomc,lower
619,622.0,1.734726688102894,1079.0,J995_ARC_xxx_slice1-Ort.czi,adult,pomc,lower
620,2254.0,1.699201419698314,3830.0,J995_ARC_xxx_slice1-Ort.czi,adult,pomc,lower
621,971.0,1.6838311019567456,1635.0,J995_ARC_xxx_slice1-Ort.czi,adult,pomc,lower
622,1591.0,1.7265870521684474,2747.0,J995_ARC_xxx_slice1-Ort.czi,adult,pomc,lower
623,2402.0,1.5824313072439633,3801.0,J995_ARC_xxx_slice1-Ort.czi,adult,pomc,lower
624,726.0,1.643250688705234,1193.0,J995_ARC_xxx_slice1-Ort.czi,adult,pomc,lower
625,133.0,1.669172932330827,222.0,J995_ARC_xxx_slice1-Ort.czi,adult,pomc,lower
626,47.0,1.5319148936170213,72.0,J995_ARC_xxx_slice1-Ort.czi,adult,pomc,lower
627,2238.0,1.6322609472743521,3653.0,J995_ARC_xxx_slice1-Ort.czi,adult,pomc,lower
628,520.0,1.6730769230769231,870.0,J995_ARC_xxx_slice1-Ort.czi,adult,pomc,lower
629,199.0,1.5577889447236182,310.0,J995_ARC_xxx_slice1-Ort.czi,adult,pomc,lower
630,196.0,1.7040816326530612,334.0,J995_ARC_xxx_slice1-Ort.czi,adult,pomc,lower
631,304.0,1.5986842105263157,486.0,J995_ARC_xxx_slice1-Ort.czi,adult,pomc,lower
632,58.0,1.603448275862069,93.0,J995_ARC_xxx_slice1-Ort.czi,adult,pomc,lower
633,39.0,1.564102564102564,61.0,J995_ARC_xxx_slice1-Ort.czi,adult,pomc,lower
634,35.0,1.7428571428571429,61.0,J995_ARC_xxx_slice1-Ort.czi,adult,pomc,lower
1,5.0,155.4,777.0,K731_ARC _C1_slice2-Ort.czi,adult,pomc,lower
2,130.0,243.66153846153847,31676.0,K731_ARC _C1_slice2-Ort.czi,adult,pomc,lower
3,40.0,243.325,9733.0,K731_ARC _C1_slice2-Ort.czi,adult,pomc,lower
4,66.0,246.07575757575756,16241.0,K731_ARC _C1_slice2-Ort.czi,adult,pomc,lower
5,72.0,243.68055555555554,17545.0,K731_ARC _C1_slice2-Ort.czi,adult,pomc,lower
6,39.0,240.28205128205127,9371.0,K731_ARC _C1_slice2-Ort.czi,adult,pomc,lower
7,91.0,247.05494505494505,22482.0,K731_ARC _C1_slice2-Ort.czi,adult,pomc,lower
8,185.0,243.51351351351352,45050.0,K731_ARC _C1_slice2-Ort.czi,adult,pomc,lower
9,109.0,241.32110091743118,26304.0,K731_ARC _C1_slice2-Ort.czi,adult,pomc,lower
10,33.0,218.87878787878788,7223.0,K731_ARC _C1_slice2-Ort.czi,adult,pomc,lower
11,42.0,247.6904761904762,10403.0,K731_ARC _C1_slice2-Ort.czi,adult,pomc,lower
12,55.0,231.65454545454546,12741.0,K731_ARC _C1_slice2-Ort.czi,adult,pomc,lower
13,90.0,231.05555555555554,20795.0,K731_ARC _C1_slice2-Ort.czi,adult,pomc,lower
14,232.0,232.0301724137931,53831.0,K731_ARC _C1_slice2-Ort.czi,adult,pomc,lower
15,148.0,244.47972972972974,36183.0,K731_ARC _C1_slice2-Ort.czi,adult,pomc,lower
16,49.0,238.81632653061226,11702.0,K731_ARC _C1_slice2-Ort.czi,adult,pomc,lower
17,8.0,231.625,1853.0,K731_ARC _C1_slice2-Ort.czi,adult,pomc,lower
18,97.0,226.10309278350516,21932.0,K731_ARC _C1_slice2-Ort.czi,adult,pomc,lower
19,86.0,219.02325581395348,18836.0,K731_ARC _C1_slice2-Ort.czi,adult,pomc,lower
20,103.0,224.4757281553398,23121.0,K731_ARC _C1_slice2-Ort.czi,adult,pomc,lower
21,138.0,229.42753623188406,31661.0,K731_ARC _C1_slice2-Ort.czi,adult,pomc,lower
22,122.0,232.5,28365.0,K731_ARC _C1_slice2-Ort.czi,adult,pomc,lower
23,22.0,214.45454545454547,4718.0,K731_ARC _C1_slice2-Ort.czi,adult,pomc,lower
24,57.0,237.12280701754386,13516.0,K731_ARC _C1_slice2-Ort.czi,adult,pomc,lower
25,43.0,247.0,10621.0,K731_ARC _C1_slice2-Ort.czi,adult,pomc,lower
26,16.0,233.9375,3743.0,K731_ARC _C1_slice2-Ort.czi,adult,pomc,lower
27,55.0,246.6909090909091,13568.0,K731_ARC _C1_slice2-Ort.czi,adult,pomc,lower
28,130.0,227.69230769230768,29600.0,K731_ARC _C1_slice2-Ort.czi,adult,pomc,lower
29,28.0,248.42857142857142,6956.0,K731_ARC _C1_slice2-Ort.czi,adult,pomc,lower
30,60.0,242.53333333333333,14552.0,K731_ARC _C1_slice2-Ort.czi,adult,pomc,lower
31,226.0,236.7566371681416,53507.0,K731_ARC _C1_slice2-Ort.czi,adult,pomc,lower
32,86.0,248.51162790697674,21372.0,K731_ARC _C1_slice2-Ort.czi,adult,pomc,lower
33,204.0,239.43627450980392,48845.0,K731_ARC _C1_slice2-Ort.czi,adult,pomc,lower
34,178.0,236.51685393258427,42100.0,K731_ARC _C1_slice2-Ort.czi,adult,pomc,lower
35,117.0,238.69230769230768,27927.0,K731_ARC _C1_slice2-Ort.czi,adult,pomc,lower
36,100.0,232.86,23286.0,K731_ARC _C1_slice2-Ort.czi,adult,pomc,lower
37,244.0,239.90573770491804,58537.0,K731_ARC _C1_slice2-Ort.czi,adult,pomc,lower
38,140.0,241.17142857142858,33764.0,K731_ARC _C1_slice2-Ort.czi,adult,pomc,lower
39,110.0,223.44545454545454,24579.0,K731_ARC _C1_slice2-Ort.czi,adult,pomc,lower
40,33.0,192.21212121212122,6343.0,K731_ARC _C1_slice2-Ort.czi,adult,pomc,lower
41,134.0,194.94776119402985,26123.0,K731_ARC _C1_slice2-Ort.czi,adult,pomc,lower
42,179.0,225.99441340782124,40453.0,K731_ARC _C1_slice2-Ort.czi,adult,pomc,lower
43,262.0,244.50381679389312,64060.0,K731_ARC _C1_slice2-Ort.czi,adult,pomc,lower
44,23.0,234.52173913043478,5394.0,K731_ARC _C1_slice2-Ort.czi,adult,pomc,lower
45,174.0,244.00574712643677,42457.0,K731_ARC _C1_slice2-Ort.czi,adult,pomc,lower
46,56.0,247.85714285714286,13880.0,K731_ARC _C1_slice2-Ort.czi,adult,pomc,lower
47,72.0,233.70833333333334,16827.0,K731_ARC _C1_slice2-Ort.czi,adult,pomc,lower
48,148.0,246.98648648648648,36554.0,K731_ARC _C1_slice2-Ort.czi,adult,pomc,lower
49,12.0,171.41666666666666,2057.0,K731_ARC _C1_slice2-Ort.czi,adult,pomc,lower
50,318.0,237.0314465408805,75376.0,K731_ARC _C1_slice2-Ort.czi,adult,pomc,lower
51,59.0,251.6949152542373,14850.0,K731_ARC _C1_slice2-Ort.czi,adult,pomc,lower
52,190.0,234.6263157894737,44579.0,K731_ARC _C1_slice2-Ort.czi,adult,pomc,lower
53,77.0,215.4025974025974,16586.0,K731_ARC _C1_slice2-Ort.czi,adult,pomc,lower
54,82.0,238.41463414634146,19550.0,K731_ARC _C1_slice2-Ort.czi,adult,pomc,lower
55,141.0,244.21985815602838,34435.0,K731_ARC _C1_slice2-Ort.czi,adult,pomc,lower
56,107.0,247.60747663551402,26494.0,K731_ARC _C1_slice2-Ort.czi,adult,pomc,lower
57,130.0,243.8153846153846,31696.0,K731_ARC _C1_slice2-Ort.czi,adult,pomc,lower
58,162.0,248.26543209876544,40219.0,K731_ARC _C1_slice2-Ort.czi,adult,pomc,lower
59,188.0,235.92021276595744,44353.0,K731_ARC _C1_slice2-Ort.czi,adult,pomc,lower
60,20.0,239.35,4787.0,K731_ARC _C1_slice2-Ort.czi,adult,pomc,lower
61,111.0,246.67567567567568,27381.0,K731_ARC _C1_slice2-Ort.czi,adult,pomc,lower
62,25.0,184.92,4623.0,K731_ARC _C1_slice2-Ort.czi,adult,pomc,lower
63,144.0,242.22222222222223,34880.0,K731_ARC _C1_slice2-Ort.czi,adult,pomc,lower
64,15.0,215.4,3231.0,K731_ARC _C1_slice2-Ort.czi,adult,pomc,lower
65,15.0,218.26666666666668,3274.0,K731_ARC _C1_slice2-Ort.czi,adult,pomc,lower
66,48.0,246.85416666666666,11849.0,K731_ARC _C1_slice2-Ort.czi,adult,pomc,lower
67,160.0,243.8125,39010.0,K731_ARC _C1_slice2-Ort.czi,adult,pomc,lower
68,33.0,239.54545454545453,7905.0,K731_ARC _C1_slice2-Ort.czi,adult,pomc,lower
69,95.0,240.73684210526315,22870.0,K731_ARC _C1_slice2-Ort.czi,adult,pomc,lower
70,300.0,243.78,73134.0,K731_ARC _C1_slice2-Ort.czi,adult,pomc,lower
71,261.0,229.02298850574712,59775.0,K731_ARC _C1_slice2-Ort.czi,adult,pomc,lower
72,117.0,244.51282051282053,28608.0,K731_ARC _C1_slice2-Ort.czi,adult,pomc,lower
73,103.0,235.49514563106797,24256.0,K731_ARC _C1_slice2-Ort.czi,adult,pomc,lower
74,174.0,236.4655172413793,41145.0,K731_ARC _C1_slice2-Ort.czi,adult,pomc,lower
75,145.0,240.79310344827587,34915.0,K731_ARC _C1_slice2-Ort.czi,adult,pomc,lower
76,23.0,246.08695652173913,5660.0,K731_ARC _C1_slice2-Ort.czi,adult,pomc,lower
77,394.0,246.5456852791878,97139.0,K731_ARC _C1_slice2-Ort.czi,adult,pomc,lower
78,24.0,191.16666666666666,4588.0,K731_ARC _C1_slice2-Ort.czi,adult,pomc,lower
79,6.0,230.83333333333334,1385.0,K731_ARC _C1_slice2-Ort.czi,adult,pomc,lower
80,194.0,243.93814432989691,47324.0,K731_ARC _C1_slice2-Ort.czi,adult,pomc,lower
81,52.0,163.09615384615384,8481.0,K731_ARC _C1_slice2-Ort.czi,adult,pomc,lower
82,1.0,114.0,114.0,K731_ARC _C1_slice2-Ort.czi,adult,pomc,lower
83,250.0,229.5,57375.0,K731_ARC _C1_slice2-Ort.czi,adult,pomc,lower
84,85.0,232.49411764705883,19762.0,K731_ARC _C1_slice2-Ort.czi,adult,pomc,lower
85,301.0,228.78737541528238,68865.0,K731_ARC _C1_slice2-Ort.czi,adult,pomc,lower
86,11.0,240.36363636363637,2644.0,K731_ARC _C1_slice2-Ort.czi,adult,pomc,lower
87,122.0,205.91803278688525,25122.0,K731_ARC _C1_slice2-Ort.czi,adult,pomc,lower
88,258.0,238.96124031007753,61652.0,K731_ARC _C1_slice2-Ort.czi,adult,pomc,lower
89,142.0,230.04225352112675,32666.0,K731_ARC _C1_slice2-Ort.czi,adult,pomc,lower
90,121.0,223.1487603305785,27001.0,K731_ARC _C1_slice2-Ort.czi,adult,pomc,lower
91,103.0,216.64077669902912,22314.0,K731_ARC _C1_slice2-Ort.czi,adult,pomc,lower
92,114.0,238.49122807017545,27188.0,K731_ARC _C1_slice2-Ort.czi,adult,pomc,lower
93,263.0,231.8707224334601,60982.0,K731_ARC _C1_slice2-Ort.czi,adult,pomc,lower
94,169.0,240.8343195266272,40701.0,K731_ARC _C1_slice2-Ort.czi,adult,pomc,lower
95,154.0,245.33766233766235,37782.0,K731_ARC _C1_slice2-Ort.czi,adult,pomc,lower
96,214.0,242.15887850467288,51822.0,K731_ARC _C1_slice2-Ort.czi,adult,pomc,lower
97,137.0,239.8832116788321,32864.0,K731_ARC _C1_slice2-Ort.czi,adult,pomc,lower
98,164.0,238.8658536585366,39174.0,K731_ARC _C1_slice2-Ort.czi,adult,pomc,lower
99,122.0,238.24590163934425,29066.0,K731_ARC _C1_slice2-Ort.czi,adult,pomc,lower
100,258.0,240.58139534883722,62070.0,K731_ARC _C1_slice2-Ort.czi,adult,pomc,lower
101,7.0,188.85714285714286,1322.0,K731_ARC _C1_slice2-Ort.czi,adult,pomc,lower
102,182.0,245.03296703296704,44596.0,K731_ARC _C1_slice2-Ort.czi,adult,pomc,lower
103,5.0,234.4,1172.0,K731_ARC _C1_slice2-Ort.czi,adult,pomc,lower
104,118.0,246.60169491525423,29099.0,K731_ARC _C1_slice2-Ort.czi,adult,pomc,lower
105,9.0,170.22222222222223,1532.0,K731_ARC _C1_slice2-Ort.czi,adult,pomc,lower
1,209.0,239.55023923444975,50066.0,J987_ARC _C3_slice3-Ort.czi,adult,pomc,lower
2,34.0,244.7941176470588,8323.0,J987_ARC _C3_slice3-Ort.czi,adult,pomc,lower
3,69.0,202.1014492753623,13945.0,J987_ARC _C3_slice3-Ort.czi,adult,pomc,lower
4,67.0,248.73134328358208,16665.0,J987_ARC _C3_slice3-Ort.czi,adult,pomc,lower
5,200.0,242.42,48484.0,J987_ARC _C3_slice3-Ort.czi,adult,pomc,lower
6,148.0,243.50675675675674,36039.0,J987_ARC _C3_slice3-Ort.czi,adult,pomc,lower
7,165.0,240.71515151515152,39718.0,J987_ARC _C3_slice3-Ort.czi,adult,pomc,lower
8,72.0,207.125,14913.0,J987_ARC _C3_slice3-Ort.czi,adult,pomc,lower
9,272.0,237.38970588235293,64570.0,J987_ARC _C3_slice3-Ort.czi,adult,pomc,lower
10,77.0,216.06493506493507,16637.0,J987_ARC _C3_slice3-Ort.czi,adult,pomc,lower
11,91.0,233.24175824175825,21225.0,J987_ARC _C3_slice3-Ort.czi,adult,pomc,lower
12,167.0,243.04191616766468,40588.0,J987_ARC _C3_slice3-Ort.czi,adult,pomc,lower
13,22.0,234.1818181818182,5152.0,J987_ARC _C3_slice3-Ort.czi,adult,pomc,lower
14,45.0,251.0888888888889,11299.0,J987_ARC _C3_slice3-Ort.czi,adult,pomc,lower
15,89.0,225.32584269662922,20054.0,J987_ARC _C3_slice3-Ort.czi,adult,pomc,lower
16,20.0,241.45,4829.0,J987_ARC _C3_slice3-Ort.czi,adult,pomc,lower
17,17.0,241.2941176470588,4102.0,J987_ARC _C3_slice3-Ort.czi,adult,pomc,lower
18,73.0,245.35616438356163,17911.0,J987_ARC _C3_slice3-Ort.czi,adult,pomc,lower
19,112.0,206.28571428571428,23104.0,J987_ARC _C3_slice3-Ort.czi,adult,pomc,lower
20,18.0,229.27777777777777,4127.0,J987_ARC _C3_slice3-Ort.czi,adult,pomc,lower
21,112.0,234.73214285714286,26290.0,J987_ARC _C3_slice3-Ort.czi,adult,pomc,lower
22,104.0,230.22115384615384,23943.0,J987_ARC _C3_slice3-Ort.czi,adult,pomc,lower
23,161.0,245.2111801242236,39479.0,J987_ARC _C3_slice3-Ort.czi,adult,pomc,lower
24,156.0,239.60897435897436,37379.0,J987_ARC _C3_slice3-Ort.czi,adult,pomc,lower
25,147.0,213.7687074829932,31424.0,J987_ARC _C3_slice3-Ort.czi,adult,pomc,lower
26,85.0,230.83529411764707,19621.0,J987_ARC _C3_slice3-Ort.czi,adult,pomc,lower
27,200.0,244.49,48898.0,J987_ARC _C3_slice3-Ort.czi,adult,pomc,lower
28,236.0,233.95338983050848,55213.0,J987_ARC _C3_slice3-Ort.czi,adult,pomc,lower
29,178.0,222.57865168539325,39619.0,J987_ARC _C3_slice3-Ort.czi,adult,pomc,lower
30,115.0,246.9913043478261,28404.0,J987_ARC _C3_slice3-Ort.czi,adult,pomc,lower
31,25.0,248.8,6220.0,J987_ARC _C3_slice3-Ort.czi,adult,pomc,lower
32,118.0,221.6271186440678,26152.0,J987_ARC _C3_slice3-Ort.czi,adult,pomc,lower
33,328.0,239.6189024390244,78595.0,J987_ARC _C3_slice3-Ort.czi,adult,pomc,lower
34,173.0,244.28901734104045,42262.0,J987_ARC _C3_slice3-Ort.czi,adult,pomc,lower
35,21.0,242.76190476190476,5098.0,J987_ARC _C3_slice3-Ort.czi,adult,pomc,lower
36,48.0,235.8125,11319.0,J987_ARC _C3_slice3-Ort.czi,adult,pomc,lower
37,17.0,238.1764705882353,4049.0,J987_ARC _C3_slice3-Ort.czi,adult,pomc,lower
38,195.0,241.17435897435897,47029.0,J987_ARC _C3_slice3-Ort.czi,adult,pomc,lower
39,15.0,213.53333333333333,3203.0,J987_ARC _C3_slice3-Ort.czi,adult,pomc,lower
40,184.0,243.2173913043478,44752.0,J987_ARC _C3_slice3-Ort.czi,adult,pomc,lower
41,37.0,232.24324324324326,8593.0,J987_ARC _C3_slice3-Ort.czi,adult,pomc,lower
42,49.0,234.79591836734693,11505.0,J987_ARC _C3_slice3-Ort.czi,adult,pomc,lower
43,57.0,244.08771929824562,13913.0,J987_ARC _C3_slice3-Ort.czi,adult,pomc,lower
44,211.0,219.9004739336493,46399.0,J987_ARC _C3_slice3-Ort.czi,adult,pomc,lower
45,60.0,246.96666666666667,14818.0,J987_ARC _C3_slice3-Ort.czi,adult,pomc,lower
46,185.0,243.0162162162162,44958.0,J987_ARC _C3_slice3-Ort.czi,adult,pomc,lower
47,13.0,161.23076923076923,2096.0,J987_ARC _C3_slice3-Ort.czi,adult,pomc,lower
48,93.0,243.44086021505376,22640.0,J987_ARC _C3_slice3-Ort.czi,adult,pomc,lower
49,25.0,235.16,5879.0,J987_ARC _C3_slice3-Ort.czi,adult,pomc,lower
50,28.0,180.10714285714286,5043.0,J987_ARC _C3_slice3-Ort.czi,adult,pomc,lower
51,9.0,249.77777777777777,2248.0,J987_ARC _C3_slice3-Ort.czi,adult,pomc,lower
52,12.0,251.16666666666666,3014.0,J987_ARC _C3_slice3-Ort.czi,adult,pomc,lower
53,39.0,250.48717948717947,9769.0,J987_ARC _C3_slice3-Ort.czi,adult,pomc,lower
54,27.0,224.59259259259258,6064.0,J987_ARC _C3_slice3-Ort.czi,adult,pomc,lower
55,107.0,244.3177570093458,26142.0,J987_ARC _C3_slice3-Ort.czi,adult,pomc,lower
56,131.0,235.99236641221373,30915.0,J987_ARC _C3_slice3-Ort.czi,adult,pomc,lower
57,153.0,244.54901960784315,37416.0,J987_ARC _C3_slice3-Ort.czi,adult,pomc,lower
58,240.0,237.69583333333333,57047.0,J987_ARC _C3_slice3-Ort.czi,adult,pomc,lower
59,166.0,241.50602409638554,40090.0,J987_ARC _C3_slice3-Ort.czi,adult,pomc,lower
60,178.0,239.87640449438203,42698.0,J987_ARC _C3_slice3-Ort.czi,adult,pomc,lower
61,51.0,247.19607843137254,12607.0,J987_ARC _C3_slice3-Ort.czi,adult,pomc,lower
62,124.0,223.0241935483871,27655.0,J987_ARC _C3_slice3-Ort.czi,adult,pomc,lower
63,44.0,247.63636363636363,10896.0,J987_ARC _C3_slice3-Ort.czi,adult,pomc,lower
64,157.0,243.25477707006368,38191.0,J987_ARC _C3_slice3-Ort.czi,adult,pomc,lower
65,184.0,242.8641304347826,44687.0,J987_ARC _C3_slice3-Ort.czi,adult,pomc,lower
66,308.0,238.46753246753246,73448.0,J987_ARC _C3_slice3-Ort.czi,adult,pomc,lower
67,14.0,214.0,2996.0,J987_ARC _C3_slice3-Ort.czi,adult,pomc,lower
68,140.0,242.32142857142858,33925.0,J987_ARC _C3_slice3-Ort.czi,adult,pomc,lower
69,205.0,242.7658536585366,49767.0,J987_ARC _C3_slice3-Ort.czi,adult,pomc,lower
70,178.0,232.1629213483146,41325.0,J987_ARC _C3_slice3-Ort.czi,adult,pomc,lower
71,99.0,242.22222222222223,23980.0,J987_ARC _C3_slice3-Ort.czi,adult,pomc,lower
72,92.0,207.8695652173913,19124.0,J987_ARC _C3_slice3-Ort.czi,adult,pomc,lower
73,119.0,241.73949579831933,28767.0,J987_ARC _C3_slice3-Ort.czi,adult,pomc,lower
74,12.0,220.83333333333334,2650.0,J987_ARC _C3_slice3-Ort.czi,adult,pomc,lower
75,144.0,185.74305555555554,26747.0,J987_ARC _C3_slice3-Ort.czi,adult,pomc,lower
76,27.0,226.59259259259258,6118.0,J987_ARC _C3_slice3-Ort.czi,adult,pomc,lower
77,197.0,243.27918781725887,47926.0,J987_ARC _C3_slice3-Ort.czi,adult,pomc,lower
78,9.0,123.77777777777777,1114.0,J987_ARC _C3_slice3-Ort.czi,adult,pomc,lower
79,147.0,243.45578231292518,35788.0,J987_ARC _C3_slice3-Ort.czi,adult,pomc,lower
80,91.0,243.63736263736263,22171.0,J987_ARC _C3_slice3-Ort.czi,adult,pomc,lower
81,184.0,240.5108695652174,44254.0,J987_ARC _C3_slice3-Ort.czi,adult,pomc,lower
82,39.0,200.76923076923077,7830.0,J987_ARC _C3_slice3-Ort.czi,adult,pomc,lower
83,169.0,235.37278106508876,39778.0,J987_ARC _C3_slice3-Ort.czi,adult,pomc,lower
84,244.0,245.95491803278688,60013.0,J987_ARC _C3_slice3-Ort.czi,adult,pomc,lower
85,5.0,188.0,940.0,J987_ARC _C3_slice3-Ort.czi,adult,pomc,lower
86,79.0,228.27848101265823,18034.0,J987_ARC _C3_slice3-Ort.czi,adult,pomc,lower
87,145.0,243.42068965517242,35296.0,J987_ARC _C3_slice3-Ort.czi,adult,pomc,lower
88,161.0,246.472049689441,39682.0,J987_ARC _C3_slice3-Ort.czi,adult,pomc,lower
89,114.0,210.98245614035088,24052.0,J987_ARC _C3_slice3-Ort.czi,adult,pomc,lower
90,28.0,214.78571428571428,6014.0,J987_ARC _C3_slice3-Ort.czi,adult,pomc,lower
91,221.0,247.28506787330318,54650.0,J987_ARC _C3_slice3-Ort.czi,adult,pomc,lower
92,108.0,239.59259259259258,25876.0,J987_ARC _C3_slice3-Ort.czi,adult,pomc,lower
93,144.0,236.56944444444446,34066.0,J987_ARC _C3_slice3-Ort.czi,adult,pomc,lower
94,65.0,234.8,15262.0,J987_ARC _C3_slice3-Ort.czi,adult,pomc,lower
95,216.0,231.27777777777777,49956.0,J987_ARC _C3_slice3-Ort.czi,adult,pomc,lower
96,242.0,231.5785123966942,56042.0,J987_ARC _C3_slice3-Ort.czi,adult,pomc,lower
97,56.0,239.96428571428572,13438.0,J987_ARC _C3_slice3-Ort.czi,adult,pomc,lower
98,402.0,240.7810945273632,96794.0,J987_ARC _C3_slice3-Ort.czi,adult,pomc,lower
99,20.0,253.9,5078.0,J987_ARC _C3_slice3-Ort.czi,adult,pomc,lower
100,154.0,243.46103896103895,37493.0,J987_ARC _C3_slice3-Ort.czi,adult,pomc,lower
101,198.0,236.5252525252525,46832.0,J987_ARC _C3_slice3-Ort.czi,adult,pomc,lower
102,187.0,238.37967914438502,44577.0,J987_ARC _C3_slice3-Ort.czi,adult,pomc,lower
103,38.0,215.92105263157896,8205.0,J987_ARC _C3_slice3-Ort.czi,adult,pomc,lower
104,111.0,249.3063063063063,27673.0,J987_ARC _C3_slice3-Ort.czi,adult,pomc,lower
105,162.0,238.1172839506173,38575.0,J987_ARC _C3_slice3-Ort.czi,adult,pomc,lower
106,163.0,238.88343558282207,38938.0,J987_ARC _C3_slice3-Ort.czi,adult,pomc,lower
107,273.0,238.05494505494505,64989.0,J987_ARC _C3_slice3-Ort.czi,adult,pomc,lower
108,26.0,245.46153846153845,6382.0,J987_ARC _C3_slice3-Ort.czi,adult,pomc,lower
109,62.0,240.91935483870967,14937.0,J987_ARC _C3_slice3-Ort.czi,adult,pomc,lower
110,4.0,227.75,911.0,J987_ARC _C3_slice3-Ort.czi,adult,pomc,lower
111,185.0,244.8864864864865,45304.0,J987_ARC _C3_slice3-Ort.czi,adult,pomc,lower
112,309.0,241.49514563106797,74622.0,J987_ARC _C3_slice3-Ort.czi,adult,pomc,lower
113,211.0,234.60663507109004,49502.0,J987_ARC _C3_slice3-Ort.czi,adult,pomc,lower
114,190.0,242.1157894736842,46002.0,J987_ARC _C3_slice3-Ort.czi,adult,pomc,lower
115,124.0,210.8548387096774,26146.0,J987_ARC _C3_slice3-Ort.czi,adult,pomc,lower
116,1.0,243.0,243.0,J987_ARC _C3_slice3-Ort.czi,adult,pomc,lower
117,140.0,235.44285714285715,32962.0,J987_ARC _C3_slice3-Ort.czi,adult,pomc,lower
118,85.0,238.0705882352941,20236.0,J987_ARC _C3_slice3-Ort.czi,adult,pomc,lower
119,34.0,210.55882352941177,7159.0,J987_ARC _C3_slice3-Ort.czi,adult,pomc,lower
120,24.0,213.16666666666666,5116.0,J987_ARC _C3_slice3-Ort.czi,adult,pomc,lower
1,31.0,138.06451612903226,4280.0,J995_ARC_B4_slice3-Ort.czi,adult,pomc,lower
2,15.0,100.8,1512.0,J995_ARC_B4_slice3-Ort.czi,adult,pomc,lower
3,137.0,166.16058394160584,22764.0,J995_ARC_B4_slice3-Ort.czi,adult,pomc,lower
4,27.0,135.77777777777777,3666.0,J995_ARC_B4_slice3-Ort.czi,adult,pomc,lower
5,15.0,139.4,2091.0,J995_ARC_B4_slice3-Ort.czi,adult,pomc,lower
6,16.0,153.0625,2449.0,J995_ARC_B4_slice3-Ort.czi,adult,pomc,lower
7,74.0,206.3108108108108,15267.0,J995_ARC_B4_slice3-Ort.czi,adult,pomc,lower
8,11.0,113.54545454545455,1249.0,J995_ARC_B4_slice3-Ort.czi,adult,pomc,lower
9,19.0,107.94736842105263,2051.0,J995_ARC_B4_slice3-Ort.czi,adult,pomc,lower
10,83.0,195.90361445783134,16260.000000000002,J995_ARC_B4_slice3-Ort.czi,adult,pomc,lower
11,64.0,130.203125,8333.0,J995_ARC_B4_slice3-Ort.czi,adult,pomc,lower
12,72.0,208.79166666666666,15033.0,J995_ARC_B4_slice3-Ort.czi,adult,pomc,lower
13,133.0,199.4360902255639,26525.0,J995_ARC_B4_slice3-Ort.czi,adult,pomc,lower
14,102.0,156.97058823529412,16011.0,J995_ARC_B4_slice3-Ort.czi,adult,pomc,lower
15,89.0,184.19101123595505,16393.0,J995_ARC_B4_slice3-Ort.czi,adult,pomc,lower
16,13.0,101.23076923076923,1316.0,J995_ARC_B4_slice3-Ort.czi,adult,pomc,lower
