label,area,mean_intensity,integrated_density,filename,age,channel,region
1,31.0,219.5483870967742,6806.0,J995_AR _B4_slice6-Ort.czi,adult,pomc,upper
1,37.0,35.486486486486484,1313.0,K738_ARC _B4_slice7-Ort.czi,adult,pomc,upper
2,9.0,32.22222222222222,290.0,K738_ARC _B4_slice7-Ort.czi,adult,pomc,upper
3,1.0,23.0,23.0,K738_ARC _B4_slice7-Ort.czi,adult,pomc,upper
4,3.0,21.0,63.0,K738_ARC _B4_slice7-Ort.czi,adult,pomc,upper
5,202.0,36.51485148514851,7375.999999999999,K738_ARC _B4_slice7-Ort.czi,adult,pomc,upper
6,50.0,32.04,1602.0,K738_ARC _B4_slice7-Ort.czi,adult,pomc,upper
7,25.0,29.8,745.0,K738_ARC _B4_slice7-Ort.czi,adult,pomc,upper
8,147.0,35.204081632653065,5175.000000000001,K738_ARC _B4_slice7-Ort.czi,adult,pomc,upper
9,91.0,35.395604395604394,3221.0,K738_ARC _B4_slice7-Ort.czi,adult,pomc,upper
10,69.0,32.89855072463768,2270.0,K738_ARC _B4_slice7-Ort.czi,adult,pomc,upper
11,92.0,34.81521739130435,3203.0000000000005,K738_ARC _B4_slice7-Ort.czi,adult,pomc,upper
12,9.0,42.0,378.0,K738_ARC _B4_slice7-Ort.czi,adult,pomc,upper
13,130.0,36.45384615384615,4739.0,K738_ARC _B4_slice7-Ort.czi,adult,pomc,upper
14,99.0,33.94949494949495,3361.0,K738_ARC _B4_slice7-Ort.czi,adult,pomc,upper
15,2.0,30.5,61.0,K738_ARC _B4_slice7-Ort.czi,adult,pomc,upper
16,20.0,37.6,752.0,K738_ARC _B4_slice7-Ort.czi,adult,pomc,upper
17,1.0,22.0,22.0,K738_ARC _B4_slice7-Ort.czi,adult,pomc,upper
18,44.0,29.522727272727273,1299.0,K738_ARC _B4_slice7-Ort.czi,adult,pomc,upper
19,64.0,31.390625,2009.0,K738_ARC _B4_slice7-Ort.czi,adult,pomc,upper
20,2.0,33.5,67.0,K738_ARC _B4_slice7-Ort.czi,adult,pomc,upper
21,35.0,27.857142857142858,975.0,K738_ARC _B4_slice7-Ort.czi,adult,pomc,upper
22,182.0,33.93956043956044,6177.0,K738_ARC _B4_slice7-Ort.czi,adult,pomc,upper
23,20.0,33.15,663.0,K738_ARC _B4_slice7-Ort.czi,adult,pomc,upper
24,8.0,31.25,250.0,K738_ARC _B4_slice7-Ort.czi,adult,pomc,upper
25,25.0,35.24,881.0,K738_ARC _B4_slice7-Ort.czi,adult,pomc,upper
26,1.0,36.0,36.0,K738_ARC _B4_slice7-Ort.czi,adult,pomc,upper
27,185.0,36.189189189189186,6694.999999999999,K738_ARC _B4_slice7-Ort.czi,adult,pomc,upper
28,24.0,34.083333333333336,818.0,K738_ARC _B4_slice7-Ort.czi,adult,pomc,upper
29,242.0,33.247933884297524,8046.000000000001,K738_ARC _B4_slice7-Ort.czi,adult,pomc,upper
30,10.0,43.0,430.0,K738_ARC _B4_slice7-Ort.czi,adult,pomc,upper
31,1.0,24.0,24.0,K738_ARC _B4_slice7-Ort.czi,adult,pomc,upper
32,22.0,36.27272727272727,798.0,K738_ARC _B4_slice7-Ort.czi,adult,pomc,upper
33,28.0,32.67857142857143,915.0,K738_ARC _B4_slice7-Ort.czi,adult,pomc,upper
34,1.0,12.0,12.0,K738_ARC _B4_slice7-Ort.czi,adult,pomc,upper
35,206.0,33.849514563106794,6973.0,K738_ARC _B4_slice7-Ort.czi,adult,pomc,upper
36,122.0,31.483606557377048,3841.0,K738_ARC _B4_slice7-Ort.czi,adult,pomc,upper
37,8.0,32.875,263.0,K738_ARC _B4_slice7-Ort.czi,adult,pomc,upper
38,2.0,36.0,72.0,K738_ARC _B4_slice7-Ort.czi,adult,pomc,upper
39,57.0,27.82456140350877,1586.0,K738_ARC _B4_slice7-Ort.czi,adult,pomc,upper
40,93.0,34.81720430107527,3238.0000000000005,K738_ARC _B4_slice7-Ort.czi,adult,pomc,upper
41,20.0,32.1,642.0,K738_ARC _B4_slice7-Ort.czi,adult,pomc,upper
42,46.0,32.32608695652174,1487.0000000000002,K738_ARC _B4_slice7-Ort.czi,adult,pomc,upper
43,30.0,34.233333333333334,1027.0,K738_ARC _B4_slice7-Ort.czi,adult,pomc,upper
44,19.0,39.21052631578947,745.0,K738_ARC _B4_slice7-Ort.czi,adult,pomc,upper
45,7.0,30.285714285714285,212.0,K738_ARC _B4_slice7-Ort.czi,adult,pomc,upper
46,4.0,31.5,126.0,K738_ARC _B4_slice7-Ort.czi,adult,pomc,upper
47,11.0,32.18181818181818,354.0,K738_ARC _B4_slice7-Ort.czi,adult,pomc,upper
48,5.0,34.4,172.0,K738_ARC _B4_slice7-Ort.czi,adult,pomc,upper
49,21.0,41.23809523809524,866.0,K738_ARC _B4_slice7-Ort.czi,adult,pomc,upper
50,1.0,24.0,24.0,K738_ARC _B4_slice7-Ort.czi,adult,pomc,upper
51,3.0,42.0,126.0,K738_ARC _B4_slice7-Ort.czi,adult,pomc,upper
52,15.0,49.266666666666666,739.0,K738_ARC _B4_slice7-Ort.czi,adult,pomc,upper
53,66.0,31.28787878787879,2065.0,K738_ARC _B4_slice7-Ort.czi,adult,pomc,upper
54,2.0,40.0,80.0,K738_ARC _B4_slice7-Ort.czi,adult,pomc,upper
55,1.0,26.0,26.0,K738_ARC _B4_slice7-Ort.czi,adult,pomc,upper
56,103.0,36.05825242718446,3713.9999999999995,K738_ARC _B4_slice7-Ort.czi,adult,pomc,upper
57,97.0,38.20618556701031,3706.0,K738_ARC _B4_slice7-Ort.czi,adult,pomc,upper
58,44.0,34.38636363636363,1512.9999999999998,K738_ARC _B4_slice7-Ort.czi,adult,pomc,upper
59,1.0,41.0,41.0,K738_ARC _B4_slice7-Ort.czi,adult,pomc,upper
60,66.0,31.227272727272727,2061.0,K738_ARC _B4_slice7-Ort.czi,adult,pomc,upper
61,13.0,33.46153846153846,435.0,K738_ARC _B4_slice7-Ort.czi,adult,pomc,upper
62,87.0,36.195402298850574,3149.0,K738_ARC _B4_slice7-Ort.czi,adult,pomc,upper
63,50.0,32.14,1607.0,K738_ARC _B4_slice7-Ort.czi,adult,pomc,upper
64,72.0,30.055555555555557,2164.0,K738_ARC _B4_slice7-Ort.czi,adult,pomc,upper
65,1.0,40.0,40.0,K738_ARC _B4_slice7-Ort.czi,adult,pomc,upper
66,1.0,32.0,32.0,K738_ARC _B4_slice7-Ort.czi,adult,pomc,upper
67,20.0,34.75,695.0,K738_ARC _B4_slice7-Ort.czi,adult,pomc,upper
68,4.0,28.0,112.0,K738_ARC _B4_slice7-Ort.czi,adult,pomc,upper
69,80.0,33.4125,2673.0,K738_ARC _B4_slice7-Ort.czi,adult,pomc,upper
70,4.0,29.5,118.0,K738_ARC _B4_slice7-Ort.czi,adult,pomc,upper
71,131.0,32.221374045801525,4221.0,K738_ARC _B4_slice7-Ort.czi,adult,pomc,upper
72,6.0,32.666666666666664,196.0,K738_ARC _B4_slice7-Ort.czi,adult,pomc,upper
73,6.0,21.833333333333332,131.0,K738_ARC _B4_slice7-Ort.czi,adult,pomc,upper
74,35.0,30.942857142857143,1083.0,K738_ARC _B4_slice7-Ort.czi,adult,pomc,upper
75,43.0,31.86046511627907,1370.0,K738_ARC _B4_slice7-Ort.czi,adult,pomc,upper
76,45.0,27.511111111111113,1238.0,K738_ARC _B4_slice7-Ort.czi,adult,pomc,upper
77,65.0,33.292307692307695,2164.0,K738_ARC _B4_slice7-Ort.czi,adult,pomc,upper
78,3.0,24.0,72.0,K738_ARC _B4_slice7-Ort.czi,adult,pomc,upper
79,76.0,31.94736842105263,2428.0,K738_ARC _B4_slice7-Ort.czi,adult,pomc,upper
80,15.0,38.86666666666667,583.0,K738_ARC _B4_slice7-Ort.czi,adult,pomc,upper
81,4.0,29.0,116.0,K738_ARC _B4_slice7-Ort.czi,adult,pomc,upper
82,19.0,35.26315789473684,670.0,K738_ARC _B4_slice7-Ort.czi,adult,pomc,upper
83,59.0,36.220338983050844,2137.0,K738_ARC _B4_slice7-Ort.czi,adult,pomc,upper
84,3.0,22.333333333333332,67.0,K738_ARC _B4_slice7-Ort.czi,adult,pomc,upper
85,57.0,34.98245614035088,1994.0,K738_ARC _B4_slice7-Ort.czi,adult,pomc,upper
86,27.0,32.22222222222222,870.0,K738_ARC _B4_slice7-Ort.czi,adult,pomc,upper
87,82.0,32.48780487804878,2663.9999999999995,K738_ARC _B4_slice7-Ort.czi,adult,pomc,upper
88,1.0,21.0,21.0,K738_ARC _B4_slice7-Ort.czi,adult,pomc,upper
89,30.0,28.333333333333332,850.0,K738_ARC _B4_slice7-Ort.czi,adult,pomc,upper
90,53.0,36.509433962264154,1935.0000000000002,K738_ARC _B4_slice7-Ort.czi,adult,pomc,upper
91,62.0,31.56451612903226,1957.0,K738_ARC _B4_slice7-Ort.czi,adult,pomc,upper
92,22.0,37.09090909090909,816.0,K738_ARC _B4_slice7-Ort.czi,adult,pomc,upper
93,2.0,38.5,77.0,K738_ARC _B4_slice7-Ort.czi,adult,pomc,upper
94,48.0,29.5625,1419.0,K738_ARC _B4_slice7-Ort.czi,adult,pomc,upper
95,9.0,33.333333333333336,300.0,K738_ARC _B4_slice7-Ort.czi,adult,pomc,upper
96,2.0,16.5,33.0,K738_ARC _B4_slice7-Ort.czi,adult,pomc,upper
97,1.0,37.0,37.0,K738_ARC _B4_slice7-Ort.czi,adult,pomc,upper
98,75.0,31.85333333333333,2389.0,K738_ARC _B4_slice7-Ort.czi,adult,pomc,upper
99,34.0,34.705882352941174,1180.0,K738_ARC _B4_slice7-Ort.czi,adult,pomc,upper
100,11.0,33.09090909090909,364.0,K738_ARC _B4_slice7-Ort.czi,adult,pomc,upper
101,75.0,33.74666666666667,2531.0,K738_ARC _B4_slice7-Ort.czi,adult,pomc,upper
102,16.0,33.625,538.0,K738_ARC _B4_slice7-Ort.czi,adult,pomc,upper
103,70.0,32.857142857142854,2300.0,K738_ARC _B4_slice7-Ort.czi,adult,pomc,upper
104,33.0,48.696969696969695,1607.0,K738_ARC _B4_slice7-Ort.czi,adult,pomc,upper
105,26.0,32.5,845.0,K738_ARC _B4_slice7-Ort.czi,adult,pomc,upper
106,11.0,34.36363636363637,378.00000000000006,K738_ARC _B4_slice7-Ort.czi,adult,pomc,upper
107,11.0,37.72727272727273,415.0,K738_ARC _B4_slice7-Ort.czi,adult,pomc,upper
108,26.0,38.73076923076923,1007.0000000000001,K738_ARC _B4_slice7-Ort.czi,adult,pomc,upper
109,84.0,31.404761904761905,2638.0,K738_ARC _B4_slice7-Ort.czi,adult,pomc,upper
110,60.0,31.8,1908.0,K738_ARC _B4_slice7-Ort.czi,adult,pomc,upper
111,48.0,28.770833333333332,1381.0,K738_ARC _B4_slice7-Ort.czi,adult,pomc,upper
112,1462.0,33.30574555403557,48693.0,K738_ARC _B4_slice7-Ort.czi,adult,pomc,upper
113,33.0,30.333333333333332,1001.0,K738_ARC _B4_slice7-Ort.czi,adult,pomc,upper
114,37.0,30.83783783783784,1141.0,K738_ARC _B4_slice7-Ort.czi,adult,pomc,upper
115,23.0,34.91304347826087,803.0,K738_ARC _B4_slice7-Ort.czi,adult,pomc,upper
116,1.0,22.0,22.0,K738_ARC _B4_slice7-Ort.czi,adult,pomc,upper
117,53.0,32.924528301886795,1745.0000000000002,K738_ARC _B4_slice7-Ort.czi,adult,pomc,upper
118,62.0,31.596774193548388,1959.0,K738_ARC _B4_slice7-Ort.czi,adult,pomc,upper
119,7.0,34.714285714285715,243.0,K738_ARC _B4_slice7-Ort.czi,adult,pomc,upper
120,35.0,32.457142857142856,1136.0,K738_ARC _B4_slice7-Ort.czi,adult,pomc,upper
121,107.0,32.73831775700935,3503.0000000000005,K738_ARC _B4_slice7-Ort.czi,adult,pomc,upper
122,161.0,36.993788819875775,5956.0,K738_ARC _B4_slice7-Ort.czi,adult,pomc,upper
123,11.0,33.54545454545455,369.0,K738_ARC _B4_slice7-Ort.czi,adult,pomc,upper
124,1.0,38.0,38.0,K738_ARC _B4_slice7-Ort.czi,adult,pomc,upper
125,2.0,27.5,55.0,K738_ARC _B4_slice7-Ort.czi,adult,pomc,upper
126,4.0,27.5,110.0,K738_ARC _B4_slice7-Ort.czi,adult,pomc,upper
127,9.0,38.111111111111114,343.0,K738_ARC _B4_slice7-Ort.czi,adult,pomc,upper
128,44.0,30.386363636363637,1337.0,K738_ARC _B4_slice7-Ort.czi,adult,pomc,upper
129,33.0,33.63636363636363,1110.0,K738_ARC _B4_slice7-Ort.czi,adult,pomc,upper
130,40.0,35.875,1435.0,K738_ARC _B4_slice7-Ort.czi,adult,pomc,upper
131,112.0,33.044642857142854,3700.9999999999995,K738_ARC _B4_slice7-Ort.czi,adult,pomc,upper
132,2.0,22.5,45.0,K738_ARC _B4_slice7-Ort.czi,adult,pomc,upper
133,27.0,31.703703703703702,856.0,K738_ARC _B4_slice7-Ort.czi,adult,pomc,upper
134,30.0,31.366666666666667,941.0,K738_ARC _B4_slice7-Ort.czi,adult,pomc,upper
135,34.0,28.294117647058822,962.0,K738_ARC _B4_slice7-Ort.czi,adult,pomc,upper
136,1.0,10.0,10.0,K738_ARC _B4_slice7-Ort.czi,adult,pomc,upper
137,170.0,32.358823529411765,5501.0,K738_ARC _B4_slice7-Ort.czi,adult,pomc,upper
138,6.0,34.5,207.0,K738_ARC _B4_slice7-Ort.czi,adult,pomc,upper
139,1.0,31.0,31.0,K738_ARC _B4_slice7-Ort.czi,adult,pomc,upper
140,42.0,35.023809523809526,1471.0,K738_ARC _B4_slice7-Ort.czi,adult,pomc,upper
141,24.0,35.333333333333336,848.0,K738_ARC _B4_slice7-Ort.czi,adult,pomc,upper
142,73.0,33.89041095890411,2474.0,K738_ARC _B4_slice7-Ort.czi,adult,pomc,upper
143,2.0,30.5,61.0,K738_ARC _B4_slice7-Ort.czi,adult,pomc,upper
144,114.0,34.75438596491228,3962.0,K738_ARC _B4_slice7-Ort.czi,adult,pomc,upper
145,98.0,32.83673469387755,3218.0,K738_ARC _B4_slice7-Ort.czi,adult,pomc,upper
146,3.0,19.333333333333332,58.0,K738_ARC _B4_slice7-Ort.czi,adult,pomc,upper
147,20.0,35.65,713.0,K738_ARC _B4_slice7-Ort.czi,adult,pomc,upper
148,196.0,36.826530612244895,7217.999999999999,K738_ARC _B4_slice7-Ort.czi,adult,pomc,upper
149,79.0,31.848101265822784,2516.0,K738_ARC _B4_slice7-Ort.czi,adult,pomc,upper
150,131.0,33.969465648854964,4450.0,K738_ARC _B4_slice7-Ort.czi,adult,pomc,upper
151,11.0,28.90909090909091,318.0,K738_ARC _B4_slice7-Ort.czi,adult,pomc,upper
152,51.0,32.78431372549019,1671.9999999999998,K738_ARC _B4_slice7-Ort.czi,adult,pomc,upper
153,157.0,36.29299363057325,5698.0,K738_ARC _B4_slice7-Ort.czi,adult,pomc,upper
154,9.0,29.0,261.0,K738_ARC _B4_slice7-Ort.czi,adult,pomc,upper
155,47.0,35.59574468085106,1673.0,K738_ARC _B4_slice7-Ort.czi,adult,pomc,upper
156,35.0,29.257142857142856,1024.0,K738_ARC _B4_slice7-Ort.czi,adult,pomc,upper
157,52.0,32.30769230769231,1680.0,K738_ARC _B4_slice7-Ort.czi,adult,pomc,upper
158,63.0,43.142857142857146,2718.0,K738_ARC _B4_slice7-Ort.czi,adult,pomc,upper
159,1.0,12.0,12.0,K738_ARC _B4_slice7-Ort.czi,adult,pomc,upper
160,73.0,32.054794520547944,2340.0,K738_ARC _B4_slice7-Ort.czi,adult,pomc,upper
161,9.0,42.333333333333336,381.0,K738_ARC _B4_slice7-Ort.czi,adult,pomc,upper
162,16.0,36.625,586.0,K738_ARC _B4_slice7-Ort.czi,adult,pomc,upper
163,31.0,30.967741935483872,960.0,K738_ARC _B4_slice7-Ort.czi,adult,pomc,upper
164,5.0,21.4,107.0,K738_ARC _B4_slice7-Ort.czi,adult,pomc,upper
165,29.0,32.275862068965516,936.0,K738_ARC _B4_slice7-Ort.czi,adult,pomc,upper
166,1.0,47.0,47.0,K738_ARC _B4_slice7-Ort.czi,adult,pomc,upper
167,35.0,30.685714285714287,1074.0,K738_ARC _B4_slice7-Ort.czi,adult,pomc,upper
168,11.0,34.0,374.0,K738_ARC _B4_slice7-Ort.czi,adult,pomc,upper
169,104.0,33.43269230769231,3477.0,K738_ARC _B4_slice7-Ort.czi,adult,pomc,upper
170,2.0,49.5,99.0,K738_ARC _B4_slice7-Ort.czi,adult,pomc,upper
171,99.0,32.04040404040404,3172.0,K738_ARC _B4_slice7-Ort.czi,adult,pomc,upper
172,11.0,33.81818181818182,372.0,K738_ARC _B4_slice7-Ort.czi,adult,pomc,upper
173,64.0,35.75,2288.0,K738_ARC _B4_slice7-Ort.czi,adult,pomc,upper
174,1.0,26.0,26.0,K738_ARC _B4_slice7-Ort.czi,adult,pomc,upper
175,60.0,31.366666666666667,1882.0,K738_ARC _B4_slice7-Ort.czi,adult,pomc,upper
176,20.0,31.05,621.0,K738_ARC _B4_slice7-Ort.czi,adult,pomc,upper
177,15.0,30.933333333333334,464.0,K738_ARC _B4_slice7-Ort.czi,adult,pomc,upper
178,1.0,38.0,38.0,K738_ARC _B4_slice7-Ort.czi,adult,pomc,upper
179,192.0,34.572916666666664,6638.0,K738_ARC _B4_slice7-Ort.czi,adult,pomc,upper
180,75.0,33.88,2541.0,K738_ARC _B4_slice7-Ort.czi,adult,pomc,upper
181,12.0,27.166666666666668,326.0,K738_ARC _B4_slice7-Ort.czi,adult,pomc,upper
182,16.0,29.0,464.0,K738_ARC _B4_slice7-Ort.czi,adult,pomc,upper
183,58.0,35.241379310344826,2044.0,K738_ARC _B4_slice7-Ort.czi,adult,pomc,upper
184,4.0,29.5,118.0,K738_ARC _B4_slice7-Ort.czi,adult,pomc,upper
185,52.0,34.98076923076923,1819.0000000000002,K738_ARC _B4_slice7-Ort.czi,adult,pomc,upper
186,1.0,34.0,34.0,K738_ARC _B4_slice7-Ort.czi,adult,pomc,upper
187,39.0,35.1025641025641,1369.0,K738_ARC _B4_slice7-Ort.czi,adult,pomc,upper
188,1.0,24.0,24.0,K738_ARC _B4_slice7-Ort.czi,adult,pomc,upper
189,94.0,29.22340425531915,2747.0,K738_ARC _B4_slice7-Ort.czi,adult,pomc,upper
190,1.0,20.0,20.0,K738_ARC _B4_slice7-Ort.czi,adult,pomc,upper
191,1.0,4.0,4.0,K738_ARC _B4_slice7-Ort.czi,adult,pomc,upper
192,1.0,56.0,56.0,K738_ARC _B4_slice7-Ort.czi,adult,pomc,upper
193,428.0,32.467289719626166,13895.999999999998,K738_ARC _B4_slice7-Ort.czi,adult,pomc,upper
194,55.0,35.21818181818182,1937.0,K738_ARC _B4_slice7-Ort.czi,adult,pomc,upper
195,20.0,31.15,623.0,K738_ARC _B4_slice7-Ort.czi,adult,pomc,upper
196,12.0,34.5,414.0,K738_ARC _B4_slice7-Ort.czi,adult,pomc,upper
197,5.0,37.0,185.0,K738_ARC _B4_slice7-Ort.czi,adult,pomc,upper
198,7.0,44.0,308.0,K738_ARC _B4_slice7-Ort.czi,adult,pomc,upper
199,65.0,36.03076923076923,2342.0,K738_ARC _B4_slice7-Ort.czi,adult,pomc,upper
200,62.0,31.112903225806452,1929.0,K738_ARC _B4_slice7-Ort.czi,adult,pomc,upper
201,3.0,30.666666666666668,92.0,K738_ARC _B4_slice7-Ort.czi,adult,pomc,upper
202,19.0,35.68421052631579,678.0,K738_ARC _B4_slice7-Ort.czi,adult,pomc,upper
203,45.0,31.977777777777778,1439.0,K738_ARC _B4_slice7-Ort.czi,adult,pomc,upper
204,140.0,34.98571428571429,4898.0,K738_ARC _B4_slice7-Ort.czi,adult,pomc,upper
205,52.0,32.44230769230769,1687.0,K738_ARC _B4_slice7-Ort.czi,adult,pomc,upper
206,1.0,31.0,31.0,K738_ARC _B4_slice7-Ort.czi,adult,pomc,upper
207,1.0,34.0,34.0,K738_ARC _B4_slice7-Ort.czi,adult,pomc,upper
208,22.0,32.45454545454545,714.0,K738_ARC _B4_slice7-Ort.czi,adult,pomc,upper
209,54.0,39.425925925925924,2129.0,K738_ARC _B4_slice7-Ort.czi,adult,pomc,upper
210,83.0,35.19277108433735,2921.0,K738_ARC _B4_slice7-Ort.czi,adult,pomc,upper
211,10.0,28.5,285.0,K738_ARC _B4_slice7-Ort.czi,adult,pomc,upper
212,33.0,28.303030303030305,934.0,K738_ARC _B4_slice7-Ort.czi,adult,pomc,upper
213,63.0,32.46031746031746,2045.0000000000002,K738_ARC _B4_slice7-Ort.czi,adult,pomc,upper
214,22.0,37.72727272727273,830.0,K738_ARC _B4_slice7-Ort.czi,adult,pomc,upper
215,14.0,43.57142857142857,610.0,K738_ARC _B4_slice7-Ort.czi,adult,pomc,upper
216,1.0,32.0,32.0,K738_ARC _B4_slice7-Ort.czi,adult,pomc,upper
217,1.0,12.0,12.0,K738_ARC _B4_slice7-Ort.czi,adult,pomc,upper
218,36.0,36.166666666666664,1302.0,K738_ARC _B4_slice7-Ort.czi,adult,pomc,upper
219,14.0,41.42857142857143,580.0,K738_ARC _B4_slice7-Ort.czi,adult,pomc,upper
220,54.0,28.685185185185187,1549.0,K738_ARC _B4_slice7-Ort.czi,adult,pomc,upper
221,100.0,35.53,3553.0,K738_ARC _B4_slice7-Ort.czi,adult,pomc,upper
222,19.0,33.21052631578947,631.0,K738_ARC _B4_slice7-Ort.czi,adult,pomc,upper
223,3.0,25.666666666666668,77.0,K738_ARC _B4_slice7-Ort.czi,adult,pomc,upper
224,26.0,31.076923076923077,808.0,K738_ARC _B4_slice7-Ort.czi,adult,pomc,upper
225,75.0,31.76,2382.0,K738_ARC _B4_slice7-Ort.czi,adult,pomc,upper
226,90.0,34.166666666666664,3075.0,K738_ARC _B4_slice7-Ort.czi,adult,pomc,upper
227,204.0,38.5,7854.0,K738_ARC _B4_slice7-Ort.czi,adult,pomc,upper
228,20.0,33.8,676.0,K738_ARC _B4_slice7-Ort.czi,adult,pomc,upper
229,7.0,28.571428571428573,200.0,K738_ARC _B4_slice7-Ort.czi,adult,pomc,upper
230,48.0,36.25,1740.0,K738_ARC _B4_slice7-Ort.czi,adult,pomc,upper
231,23.0,32.21739130434783,741.0,K738_ARC _B4_slice7-Ort.czi,adult,pomc,upper
232,12.0,36.416666666666664,437.0,K738_ARC _B4_slice7-Ort.czi,adult,pomc,upper
233,11.0,32.81818181818182,361.0,K738_ARC _B4_slice7-Ort.czi,adult,pomc,upper
234,62.0,32.62903225806452,2023.0000000000002,K738_ARC _B4_slice7-Ort.czi,adult,pomc,upper
235,1.0,15.0,15.0,K738_ARC _B4_slice7-Ort.czi,adult,pomc,upper
236,21.0,46.04761904761905,967.0000000000001,K738_ARC _B4_slice7-Ort.czi,adult,pomc,upper
237,17.0,40.0,680.0,K738_ARC _B4_slice7-Ort.czi,adult,pomc,upper
238,49.0,36.04081632653061,1766.0,K738_ARC _B4_slice7-Ort.czi,adult,pomc,upper
239,1.0,26.0,26.0,K738_ARC _B4_slice7-Ort.czi,adult,pomc,upper
240,16.0,32.625,522.0,K738_ARC _B4_slice7-Ort.czi,adult,pomc,upper
241,54.0,44.7962962962963,2419.0,K738_ARC _B4_slice7-Ort.czi,adult,pomc,upper
242,12.0,33.583333333333336,403.0,K738_ARC _B4_slice7-Ort.czi,adult,pomc,upper
243,1.0,36.0,36.0,K738_ARC _B4_slice7-Ort.czi,adult,pomc,upper
244,872.0,33.15137614678899,28908.0,K738_ARC _B4_slice7-Ort.czi,adult,pomc,upper
245,53.0,31.264150943396228,1657.0,K738_ARC _B4_slice7-Ort.czi,adult,pomc,upper
246,8.0,40.5,324.0,K738_ARC _B4_slice7-Ort.czi,adult,pomc,upper
247,53.0,32.056603773584904,1699.0,K738_ARC _B4_slice7-Ort.czi,adult,pomc,upper
248,52.0,32.86538461538461,1709.0,K738_ARC _B4_slice7-Ort.czi,adult,pomc,upper
249,38.0,34.60526315789474,1315.0,K738_ARC _B4_slice7-Ort.czi,adult,pomc,upper
250,42.0,34.476190476190474,1448.0,K738_ARC _B4_slice7-Ort.czi,adult,pomc,upper
251,2.0,25.5,51.0,K738_ARC _B4_slice7-Ort.czi,adult,pomc,upper
252,148.0,34.472972972972975,5102.0,K738_ARC _B4_slice7-Ort.czi,adult,pomc,upper
253,20.0,28.85,577.0,K738_ARC _B4_slice7-Ort.czi,adult,pomc,upper
254,2.0,24.5,49.0,K738_ARC _B4_slice7-Ort.czi,adult,pomc,upper
255,26.0,32.07692307692308,834.0000000000001,K738_ARC _B4_slice7-Ort.czi,adult,pomc,upper
256,10.0,32.9,329.0,K738_ARC _B4_slice7-Ort.czi,adult,pomc,upper
257,3.0,26.333333333333332,79.0,K738_ARC _B4_slice7-Ort.czi,adult,pomc,upper
258,23.0,28.26086956521739,650.0,K738_ARC _B4_slice7-Ort.czi,adult,pomc,upper
259,1.0,34.0,34.0,K738_ARC _B4_slice7-Ort.czi,adult,pomc,upper
260,12.0,39.166666666666664,470.0,K738_ARC _B4_slice7-Ort.czi,adult,pomc,upper
261,3.0,30.0,90.0,K738_ARC _B4_slice7-Ort.czi,adult,pomc,upper
262,63.0,31.26984126984127,1970.0,K738_ARC _B4_slice7-Ort.czi,adult,pomc,upper
263,80.0,31.575,2526.0,K738_ARC _B4_slice7-Ort.czi,adult,pomc,upper
264,23.0,36.21739130434783,833.0,K738_ARC _B4_slice7-Ort.czi,adult,pomc,upper
265,36.0,35.77777777777778,1288.0,K738_ARC _B4_slice7-Ort.czi,adult,pomc,upper
266,29.0,31.448275862068964,912.0,K738_ARC _B4_slice7-Ort.czi,adult,pomc,upper
267,16.0,34.1875,547.0,K738_ARC _B4_slice7-Ort.czi,adult,pomc,upper
268,56.0,34.625,1939.0,K738_ARC _B4_slice7-Ort.czi,adult,pomc,upper
269,1.0,20.0,20.0,K738_ARC _B4_slice7-Ort.czi,adult,pomc,upper
270,31.0,31.612903225806452,980.0,K738_ARC _B4_slice7-Ort.czi,adult,pomc,upper
271,69.0,41.869565217391305,2889.0,K738_ARC _B4_slice7-Ort.czi,adult,pomc,upper
272,20.0,34.5,690.0,K738_ARC _B4_slice7-Ort.czi,adult,pomc,upper
273,22.0,29.727272727272727,654.0,K738_ARC _B4_slice7-Ort.czi,adult,pomc,upper
274,19.0,31.526315789473685,599.0,K738_ARC _B4_slice7-Ort.czi,adult,pomc,upper
275,63.0,33.0,2079.0,K738_ARC _B4_slice7-Ort.czi,adult,pomc,upper
276,1082.0,31.61090573012939,34203.0,K738_ARC _B4_slice7-Ort.czi,adult,pomc,upper
277,1.0,19.0,19.0,K738_ARC _B4_slice7-Ort.czi,adult,pomc,upper
278,11.0,33.45454545454545,368.0,K738_ARC _B4_slice7-Ort.czi,adult,pomc,upper
279,17.0,35.76470588235294,608.0,K738_ARC _B4_slice7-Ort.czi,adult,pomc,upper
280,1.0,34.0,34.0,K738_ARC _B4_slice7-Ort.czi,adult,pomc,upper
281,14.0,35.214285714285715,493.0,K738_ARC _B4_slice7-Ort.czi,adult,pomc,upper
282,133.0,32.49624060150376,4322.0,K738_ARC _B4_slice7-Ort.czi,adult,pomc,upper
283,88.0,34.05681818181818,2997.0,K738_ARC _B4_slice7-Ort.czi,adult,pomc,upper
284,1.0,35.0,35.0,K738_ARC _B4_slice7-Ort.czi,adult,pomc,upper
285,21.0,29.857142857142858,627.0,K738_ARC _B4_slice7-Ort.czi,adult,pomc,upper
286,9.0,38.44444444444444,346.0,K738_ARC _B4_slice7-Ort.czi,adult,pomc,upper
287,123.0,33.16260162601626,4079.0,K738_ARC _B4_slice7-Ort.czi,adult,pomc,upper
288,3.0,26.666666666666668,80.0,K738_ARC _B4_slice7-Ort.czi,adult,pomc,upper
289,3.0,35.333333333333336,106.0,K738_ARC _B4_slice7-Ort.czi,adult,pomc,upper
290,146.0,36.61643835616438,5345.999999999999,K738_ARC _B4_slice7-Ort.czi,adult,pomc,upper
291,44.0,31.181818181818183,1372.0,K738_ARC _B4_slice7-Ort.czi,adult,pomc,upper
292,21.0,34.57142857142857,726.0,K738_ARC _B4_slice7-Ort.czi,adult,pomc,upper
293,51.0,30.980392156862745,1580.0,K738_ARC _B4_slice7-Ort.czi,adult,pomc,upper
294,22.0,32.13636363636363,706.9999999999999,K738_ARC _B4_slice7-Ort.czi,adult,pomc,upper
295,48.0,30.958333333333332,1486.0,K738_ARC _B4_slice7-Ort.czi,adult,pomc,upper
296,55.0,38.09090909090909,2095.0,K738_ARC _B4_slice7-Ort.czi,adult,pomc,upper
297,78.0,30.525641025641026,2381.0,K738_ARC _B4_slice7-Ort.czi,adult,pomc,upper
298,85.0,33.96470588235294,2886.9999999999995,K738_ARC _B4_slice7-Ort.czi,adult,pomc,upper
299,53.0,34.698113207547166,1838.9999999999998,K738_ARC _B4_slice7-Ort.czi,adult,pomc,upper
300,64.0,32.25,2064.0,K738_ARC _B4_slice7-Ort.czi,adult,pomc,upper
301,15.0,36.666666666666664,550.0,K738_ARC _B4_slice7-Ort.czi,adult,pomc,upper
302,65.0,32.246153846153845,2096.0,K738_ARC _B4_slice7-Ort.czi,adult,pomc,upper
303,52.0,30.73076923076923,1598.0,K738_ARC _B4_slice7-Ort.czi,adult,pomc,upper
304,1.0,29.0,29.0,K738_ARC _B4_slice7-Ort.czi,adult,pomc,upper
305,17.0,31.470588235294116,535.0,K738_ARC _B4_slice7-Ort.czi,adult,pomc,upper
306,34.0,37.529411764705884,1276.0,K738_ARC _B4_slice7-Ort.czi,adult,pomc,upper
307,98.0,33.30612244897959,3264.0,K738_ARC _B4_slice7-Ort.czi,adult,pomc,upper
308,51.0,35.254901960784316,1798.0000000000002,K738_ARC _B4_slice7-Ort.czi,adult,pomc,upper
309,17.0,46.1764705882353,785.0,K738_ARC _B4_slice7-Ort.czi,adult,pomc,upper
310,12.0,37.5,450.0,K738_ARC _B4_slice7-Ort.czi,adult,pomc,upper
311,2.0,35.5,71.0,K738_ARC _B4_slice7-Ort.czi,adult,pomc,upper
312,14.0,37.5,525.0,K738_ARC _B4_slice7-Ort.czi,adult,pomc,upper
313,3.0,30.333333333333332,91.0,K738_ARC _B4_slice7-Ort.czi,adult,pomc,upper
314,16.0,26.9375,431.0,K738_ARC _B4_slice7-Ort.czi,adult,pomc,upper
315,8.0,37.125,297.0,K738_ARC _B4_slice7-Ort.czi,adult,pomc,upper
316,25.0,34.16,853.9999999999999,K738_ARC _B4_slice7-Ort.czi,adult,pomc,upper
317,17.0,32.35294117647059,550.0,K738_ARC _B4_slice7-Ort.czi,adult,pomc,upper
318,33.0,35.84848484848485,1183.0,K738_ARC _B4_slice7-Ort.czi,adult,pomc,upper
319,260.0,33.16538461538462,8623.0,K738_ARC _B4_slice7-Ort.czi,adult,pomc,upper
320,22.0,33.59090909090909,739.0,K738_ARC _B4_slice7-Ort.czi,adult,pomc,upper
321,6.0,25.5,153.0,K738_ARC _B4_slice7-Ort.czi,adult,pomc,upper
322,4.0,29.5,118.0,K738_ARC _B4_slice7-Ort.czi,adult,pomc,upper
323,176.0,33.125,5830.0,K738_ARC _B4_slice7-Ort.czi,adult,pomc,upper
324,606.0,31.872937293729372,19315.0,K738_ARC _B4_slice7-Ort.czi,adult,pomc,upper
325,1.0,45.0,45.0,K738_ARC _B4_slice7-Ort.czi,adult,pomc,upper
326,35.0,33.22857142857143,1163.0,K738_ARC _B4_slice7-Ort.czi,adult,pomc,upper
327,33.0,33.72727272727273,1113.0,K738_ARC _B4_slice7-Ort.czi,adult,pomc,upper
328,59.0,33.94915254237288,2002.9999999999998,K738_ARC _B4_slice7-Ort.czi,adult,pomc,upper
329,31.0,34.74193548387097,1077.0,K738_ARC _B4_slice7-Ort.czi,adult,pomc,upper
330,24.0,30.5,732.0,K738_ARC _B4_slice7-Ort.czi,adult,pomc,upper
331,180.0,33.96111111111111,6113.0,K738_ARC _B4_slice7-Ort.czi,adult,pomc,upper
332,5.0,36.8,184.0,K738_ARC _B4_slice7-Ort.czi,adult,pomc,upper
333,15.0,34.06666666666667,511.00000000000006,K738_ARC _B4_slice7-Ort.czi,adult,pomc,upper
334,21.0,27.904761904761905,586.0,K738_ARC _B4_slice7-Ort.czi,adult,pomc,upper
335,5.0,33.0,165.0,K738_ARC _B4_slice7-Ort.czi,adult,pomc,upper
336,30.0,33.03333333333333,991.0,K738_ARC _B4_slice7-Ort.czi,adult,pomc,upper
337,1.0,54.0,54.0,K738_ARC _B4_slice7-Ort.czi,adult,pomc,upper
338,92.0,35.58695652173913,3274.0,K738_ARC _B4_slice7-Ort.czi,adult,pomc,upper
339,57.0,31.36842105263158,1788.0,K738_ARC _B4_slice7-Ort.czi,adult,pomc,upper
340,13.0,33.76923076923077,438.99999999999994,K738_ARC _B4_slice7-Ort.czi,adult,pomc,upper
341,1.0,10.0,10.0,K738_ARC _B4_slice7-Ort.czi,adult,pomc,upper
342,10.0,29.6,296.0,K738_ARC _B4_slice7-Ort.czi,adult,pomc,upper
343,586.0,33.34470989761092,19540.0,K738_ARC _B4_slice7-Ort.czi,adult,pomc,upper
344,1.0,29.0,29.0,K738_ARC _B4_slice7-Ort.czi,adult,pomc,upper
345,78.0,33.14102564102564,2585.0,K738_ARC _B4_slice7-Ort.czi,adult,pomc,upper
346,1.0,51.0,51.0,K738_ARC _B4_slice7-Ort.czi,adult,pomc,upper
347,4.0,26.25,105.0,K738_ARC _B4_slice7-Ort.czi,adult,pomc,upper
348,106.0,40.575471698113205,4301.0,K738_ARC _B4_slice7-Ort.czi,adult,pomc,upper
349,166.0,30.8855421686747,5127.0,K738_ARC _B4_slice7-Ort.czi,adult,pomc,upper
350,1.0,34.0,34.0,K738_ARC _B4_slice7-Ort.czi,adult,pomc,upper
351,8.0,36.875,295.0,K738_ARC _B4_slice7-Ort.czi,adult,pomc,upper
352,6.0,34.666666666666664,208.0,K738_ARC _B4_slice7-Ort.czi,adult,pomc,upper
353,1.0,34.0,34.0,K738_ARC _B4_slice7-Ort.czi,adult,pomc,upper
354,4.0,24.0,96.0,K738_ARC _B4_slice7-Ort.czi,adult,pomc,upper
355,37.0,28.35135135135135,1049.0,K738_ARC _B4_slice7-Ort.czi,adult,pomc,upper
356,115.0,36.54782608695652,4203.0,K738_ARC _B4_slice7-Ort.czi,adult,pomc,upper
357,1.0,22.0,22.0,K738_ARC _B4_slice7-Ort.czi,adult,pomc,upper
358,20.0,32.95,659.0,K738_ARC _B4_slice7-Ort.czi,adult,pomc,upper
359,20.0,42.7,854.0,K738_ARC _B4_slice7-Ort.czi,adult,pomc,upper
360,99.0,32.05050505050505,3173.0,K738_ARC _B4_slice7-Ort.czi,adult,pomc,upper
361,3469.0,30.942634765061978,107340.0,K738_ARC _B4_slice7-Ort.czi,adult,pomc,upper
362,19.0,32.63157894736842,619.9999999999999,K738_ARC _B4_slice7-Ort.czi,adult,pomc,upper
363,8.0,36.5,292.0,K738_ARC _B4_slice7-Ort.czi,adult,pomc,upper
364,2.0,29.0,58.0,K738_ARC _B4_slice7-Ort.czi,adult,pomc,upper
365,22.0,32.45454545454545,714.0,K738_ARC _B4_slice7-Ort.czi,adult,pomc,upper
366,73.0,35.75342465753425,2610.0,K738_ARC _B4_slice7-Ort.czi,adult,pomc,upper
367,11.0,31.0,341.0,K738_ARC _B4_slice7-Ort.czi,adult,pomc,upper
368,21.0,34.61904761904762,727.0,K738_ARC _B4_slice7-Ort.czi,adult,pomc,upper
369,28.0,38.964285714285715,1091.0,K738_ARC _B4_slice7-Ort.czi,adult,pomc,upper
370,68.0,37.63235294117647,2559.0,K738_ARC _B4_slice7-Ort.czi,adult,pomc,upper
371,1.0,17.0,17.0,K738_ARC _B4_slice7-Ort.czi,adult,pomc,upper
372,108.0,37.53703703703704,4054.0,K738_ARC _B4_slice7-Ort.czi,adult,pomc,upper
373,488.0,33.35040983606557,16275.0,K738_ARC _B4_slice7-Ort.czi,adult,pomc,upper
374,112.0,38.142857142857146,4272.0,K738_ARC _B4_slice7-Ort.czi,adult,pomc,upper
375,1.0,34.0,34.0,K738_ARC _B4_slice7-Ort.czi,adult,pomc,upper
376,1.0,51.0,51.0,K738_ARC _B4_slice7-Ort.czi,adult,pomc,upper
377,16.0,35.75,572.0,K738_ARC _B4_slice7-Ort.czi,adult,pomc,upper
378,17.0,34.35294117647059,584.0,K738_ARC _B4_slice7-Ort.czi,adult,pomc,upper
379,107.0,30.8411214953271,3300.0,K738_ARC _B4_slice7-Ort.czi,adult,pomc,upper
380,90.0,32.17777777777778,2896.0,K738_ARC _B4_slice7-Ort.czi,adult,pomc,upper
381,239.0,31.94560669456067,7635.0,K738_ARC _B4_slice7-Ort.czi,adult,pomc,upper
382,13.0,28.153846153846153,366.0,K738_ARC _B4_slice7-Ort.czi,adult,pomc,upper
383,2.0,29.5,59.0,K738_ARC _B4_slice7-Ort.czi,adult,pomc,upper
384,21.0,43.285714285714285,909.0,K738_ARC _B4_slice7-Ort.czi,adult,pomc,upper
385,388.0,31.644329896907216,12278.0,K738_ARC _B4_slice7-Ort.czi,adult,pomc,upper
386,3.0,33.333333333333336,100.0,K738_ARC _B4_slice7-Ort.czi,adult,pomc,upper
387,9.0,34.666666666666664,312.0,K738_ARC _B4_slice7-Ort.czi,adult,pomc,upper
388,27.0,33.407407407407405,901.9999999999999,K738_ARC _B4_slice7-Ort.czi,adult,pomc,upper
389,410.0,36.83170731707317,15100.999999999998,K738_ARC _B4_slice7-Ort.czi,adult,pomc,upper
390,120.0,32.075,3849.0000000000005,K738_ARC _B4_slice7-Ort.czi,adult,pomc,upper
391,80.0,34.7625,2781.0,K738_ARC _B4_slice7-Ort.czi,adult,pomc,upper
392,1.0,12.0,12.0,K738_ARC _B4_slice7-Ort.czi,adult,pomc,upper
393,27.0,35.851851851851855,968.0000000000001,K738_ARC _B4_slice7-Ort.czi,adult,pomc,upper
394,1.0,34.0,34.0,K738_ARC _B4_slice7-Ort.czi,adult,pomc,upper
395,32.0,33.71875,1079.0,K738_ARC _B4_slice7-Ort.czi,adult,pomc,upper
396,44.0,30.477272727272727,1341.0,K738_ARC _B4_slice7-Ort.czi,adult,pomc,upper
397,22.0,32.72727272727273,720.0,K738_ARC _B4_slice7-Ort.czi,adult,pomc,upper
398,135.0,33.903703703703705,4577.0,K738_ARC _B4_slice7-Ort.czi,adult,pomc,upper
399,48.0,29.791666666666668,1430.0,K738_ARC _B4_slice7-Ort.czi,adult,pomc,upper
400,5.0,36.8,184.0,K738_ARC _B4_slice7-Ort.czi,adult,pomc,upper
401,9.0,41.55555555555556,374.0,K738_ARC _B4_slice7-Ort.czi,adult,pomc,upper
402,2.0,20.0,40.0,K738_ARC _B4_slice7-Ort.czi,adult,pomc,upper
403,167.0,33.862275449101794,5655.0,K738_ARC _B4_slice7-Ort.czi,adult,pomc,upper
404,42.0,33.45238095238095,1404.9999999999998,K738_ARC _B4_slice7-Ort.czi,adult,pomc,upper
405,18.0,35.27777777777778,635.0,K738_ARC _B4_slice7-Ort.czi,adult,pomc,upper
406,13.0,34.46153846153846,448.0,K738_ARC _B4_slice7-Ort.czi,adult,pomc,upper
407,94.0,36.702127659574465,3449.9999999999995,K738_ARC _B4_slice7-Ort.czi,adult,pomc,upper
408,1.0,23.0,23.0,K738_ARC _B4_slice7-Ort.czi,adult,pomc,upper
409,37.0,39.513513513513516,1462.0,K738_ARC _B4_slice7-Ort.czi,adult,pomc,upper
410,29.0,32.758620689655174,950.0,K738_ARC _B4_slice7-Ort.czi,adult,pomc,upper
411,12.0,29.833333333333332,358.0,K738_ARC _B4_slice7-Ort.czi,adult,pomc,upper
412,23.0,38.95652173913044,896.0,K738_ARC _B4_slice7-Ort.czi,adult,pomc,upper
413,72.0,35.208333333333336,2535.0,K738_ARC _B4_slice7-Ort.czi,adult,pomc,upper
414,23.0,40.21739130434783,925.0,K738_ARC _B4_slice7-Ort.czi,adult,pomc,upper
415,73.0,31.438356164383563,2295.0,K738_ARC _B4_slice7-Ort.czi,adult,pomc,upper
416,28.0,34.214285714285715,958.0,K738_ARC _B4_slice7-Ort.czi,adult,pomc,upper
417,45.0,35.733333333333334,1608.0,K738_ARC _B4_slice7-Ort.czi,adult,pomc,upper
418,106.0,39.91509433962264,4231.0,K738_ARC _B4_slice7-Ort.czi,adult,pomc,upper
419,2.0,40.5,81.0,K738_ARC _B4_slice7-Ort.czi,adult,pomc,upper
420,39.0,31.94871794871795,1246.0,K738_ARC _B4_slice7-Ort.czi,adult,pomc,upper
421,14.0,43.714285714285715,612.0,K738_ARC _B4_slice7-Ort.czi,adult,pomc,upper
422,22.0,34.81818181818182,766.0,K738_ARC _B4_slice7-Ort.czi,adult,pomc,upper
423,8.0,34.875,279.0,K738_ARC _B4_slice7-Ort.czi,adult,pomc,upper
424,5.0,18.8,94.0,K738_ARC _B4_slice7-Ort.czi,adult,pomc,upper
425,7.0,33.142857142857146,232.00000000000003,K738_ARC _B4_slice7-Ort.czi,adult,pomc,upper
426,1.0,49.0,49.0,K738_ARC _B4_slice7-Ort.czi,adult,pomc,upper
427,30.0,30.0,900.0,K738_ARC _B4_slice7-Ort.czi,adult,pomc,upper
428,27.0,38.55555555555556,1041.0,K738_ARC _B4_slice7-Ort.czi,adult,pomc,upper
429,19.0,36.36842105263158,691.0000000000001,K738_ARC _B4_slice7-Ort.czi,adult,pomc,upper
430,23.0,33.08695652173913,761.0,K738_ARC _B4_slice7-Ort.czi,adult,pomc,upper
431,95.0,31.05263157894737,2950.0,K738_ARC _B4_slice7-Ort.czi,adult,pomc,upper
432,26.0,36.65384615384615,953.0,K738_ARC _B4_slice7-Ort.czi,adult,pomc,upper
433,1.0,15.0,15.0,K738_ARC _B4_slice7-Ort.czi,adult,pomc,upper
434,1.0,20.0,20.0,K738_ARC _B4_slice7-Ort.czi,adult,pomc,upper
435,1.0,53.0,53.0,K738_ARC _B4_slice7-Ort.czi,adult,pomc,upper
436,44.0,33.25,1463.0,K738_ARC _B4_slice7-Ort.czi,adult,pomc,upper
437,795.0,32.11823899371069,25534.0,K738_ARC _B4_slice7-Ort.czi,adult,pomc,upper
438,4.0,26.0,104.0,K738_ARC _B4_slice7-Ort.czi,adult,pomc,upper
439,4.0,41.0,164.0,K738_ARC _B4_slice7-Ort.czi,adult,pomc,upper
440,60.0,37.28333333333333,2237.0,K738_ARC _B4_slice7-Ort.czi,adult,pomc,upper
441,11.0,31.09090909090909,342.0,K738_ARC _B4_slice7-Ort.czi,adult,pomc,upper
442,104.0,41.48076923076923,4314.0,K738_ARC _B4_slice7-Ort.czi,adult,pomc,upper
443,88.0,31.272727272727273,2752.0,K738_ARC _B4_slice7-Ort.czi,adult,pomc,upper
444,38.0,33.18421052631579,1261.0,K738_ARC _B4_slice7-Ort.czi,adult,pomc,upper
445,130.0,34.33846153846154,4464.0,K738_ARC _B4_slice7-Ort.czi,adult,pomc,upper
446,3.0,35.666666666666664,107.0,K738_ARC _B4_slice7-Ort.czi,adult,pomc,upper
447,497.0,38.23943661971831,19005.0,K738_ARC _B4_slice7-Ort.czi,adult,pomc,upper
448,24.0,31.541666666666668,757.0,K738_ARC _B4_slice7-Ort.czi,adult,pomc,upper
449,31.0,37.806451612903224,1172.0,K738_ARC _B4_slice7-Ort.czi,adult,pomc,upper
450,27.0,41.407407407407405,1118.0,K738_ARC _B4_slice7-Ort.czi,adult,pomc,upper
451,17.0,34.529411764705884,587.0,K738_ARC _B4_slice7-Ort.czi,adult,pomc,upper
452,1.0,33.0,33.0,K738_ARC _B4_slice7-Ort.czi,adult,pomc,upper
453,49.0,32.16326530612245,1576.0,K738_ARC _B4_slice7-Ort.czi,adult,pomc,upper
454,26.0,28.23076923076923,734.0,K738_ARC _B4_slice7-Ort.czi,adult,pomc,upper
455,98.0,33.42857142857143,3276.0,K738_ARC _B4_slice7-Ort.czi,adult,pomc,upper
456,161.0,33.36024844720497,5371.0,K738_ARC _B4_slice7-Ort.czi,adult,pomc,upper
457,359.0,32.47075208913649,11657.0,K738_ARC _B4_slice7-Ort.czi,adult,pomc,upper
458,426.0,36.99530516431925,15760.0,K738_ARC _B4_slice7-Ort.czi,adult,pomc,upper
459,14.0,30.214285714285715,423.0,K738_ARC _B4_slice7-Ort.czi,adult,pomc,upper
460,14.0,35.142857142857146,492.00000000000006,K738_ARC _B4_slice7-Ort.czi,adult,pomc,upper
461,99.0,31.242424242424242,3093.0,K738_ARC _B4_slice7-Ort.czi,adult,pomc,upper
462,100.0,33.32,3332.0,K738_ARC _B4_slice7-Ort.czi,adult,pomc,upper
463,8.0,32.625,261.0,K738_ARC _B4_slice7-Ort.czi,adult,pomc,upper
464,203.0,36.669950738916256,7444.0,K738_ARC _B4_slice7-Ort.czi,adult,pomc,upper
465,84.0,35.13095238095238,2951.0,K738_ARC _B4_slice7-Ort.czi,adult,pomc,upper
466,429.0,32.37762237762238,13890.000000000002,K738_ARC _B4_slice7-Ort.czi,adult,pomc,upper
467,61.0,36.885245901639344,2250.0,K738_ARC _B4_slice7-Ort.czi,adult,pomc,upper
468,199.0,37.28643216080402,7420.0,K738_ARC _B4_slice7-Ort.czi,adult,pomc,upper
469,3.0,27.333333333333332,82.0,K738_ARC _B4_slice7-Ort.czi,adult,pomc,upper
470,69.0,32.10144927536232,2215.0,K738_ARC _B4_slice7-Ort.czi,adult,pomc,upper
471,179.0,34.16201117318436,6115.000000000001,K738_ARC _B4_slice7-Ort.czi,adult,pomc,upper
472,1.0,36.0,36.0,K738_ARC _B4_slice7-Ort.czi,adult,pomc,upper
473,107.0,34.981308411214954,3743.0,K738_ARC _B4_slice7-Ort.czi,adult,pomc,upper
474,24.0,36.541666666666664,877.0,K738_ARC _B4_slice7-Ort.czi,adult,pomc,upper
475,170.0,37.10588235294118,6308.000000000001,K738_ARC _B4_slice7-Ort.czi,adult,pomc,upper
476,102.0,38.68627450980392,3946.0,K738_ARC _B4_slice7-Ort.czi,adult,pomc,upper
477,52.0,29.21153846153846,1519.0,K738_ARC _B4_slice7-Ort.czi,adult,pomc,upper
478,11.0,33.81818181818182,372.0,K738_ARC _B4_slice7-Ort.czi,adult,pomc,upper
479,55.0,36.8,2023.9999999999998,K738_ARC _B4_slice7-Ort.czi,adult,pomc,upper
480,547.0,35.89396709323583,19634.0,K738_ARC _B4_slice7-Ort.czi,adult,pomc,upper
481,1.0,33.0,33.0,K738_ARC _B4_slice7-Ort.czi,adult,pomc,upper
482,30.0,43.7,1311.0,K738_ARC _B4_slice7-Ort.czi,adult,pomc,upper
483,2.0,35.0,70.0,K738_ARC _B4_slice7-Ort.czi,adult,pomc,upper
484,1.0,24.0,24.0,K738_ARC _B4_slice7-Ort.czi,adult,pomc,upper
485,75.0,39.13333333333333,2935.0,K738_ARC _B4_slice7-Ort.czi,adult,pomc,upper
486,19.0,33.526315789473685,637.0,K738_ARC _B4_slice7-Ort.czi,adult,pomc,upper
487,35.0,32.885714285714286,1151.0,K738_ARC _B4_slice7-Ort.czi,adult,pomc,upper
488,88.0,37.29545454545455,3282.0,K738_ARC _B4_slice7-Ort.czi,adult,pomc,upper
489,76.0,32.0921052631579,2439.0,K738_ARC _B4_slice7-Ort.czi,adult,pomc,upper
490,125.0,32.472,4059.0,K738_ARC _B4_slice7-Ort.czi,adult,pomc,upper
491,13.0,30.692307692307693,399.0,K738_ARC _B4_slice7-Ort.czi,adult,pomc,upper
492,9147.0,30.74231988630152,281200.0,K738_ARC _B4_slice7-Ort.czi,adult,pomc,upper
493,80.0,36.825,2946.0,K738_ARC _B4_slice7-Ort.czi,adult,pomc,upper
494,8.0,35.125,281.0,K738_ARC _B4_slice7-Ort.czi,adult,pomc,upper
495,65.0,33.09230769230769,2151.0,K738_ARC _B4_slice7-Ort.czi,adult,pomc,upper
496,461.0,37.21258134490239,17155.0,K738_ARC _B4_slice7-Ort.czi,adult,pomc,upper
497,28.0,38.57142857142857,1080.0,K738_ARC _B4_slice7-Ort.czi,adult,pomc,upper
498,34.0,35.61764705882353,1211.0,K738_ARC _B4_slice7-Ort.czi,adult,pomc,upper
499,109.0,30.119266055045873,3283.0,K738_ARC _B4_slice7-Ort.czi,adult,pomc,upper
500,116.0,30.42241379310345,3529.0,K738_ARC _B4_slice7-Ort.czi,adult,pomc,upper
501,201.0,31.383084577114428,6308.0,K738_ARC _B4_slice7-Ort.czi,adult,pomc,upper
502,43.0,32.7906976744186,1410.0,K738_ARC _B4_slice7-Ort.czi,adult,pomc,upper
503,26.0,33.19230769230769,863.0,K738_ARC _B4_slice7-Ort.czi,adult,pomc,upper
504,83.0,31.867469879518072,2645.0,K738_ARC _B4_slice7-Ort.czi,adult,pomc,upper
505,54.0,33.111111111111114,1788.0000000000002,K738_ARC _B4_slice7-Ort.czi,adult,pomc,upper
506,15.0,38.666666666666664,580.0,K738_ARC _B4_slice7-Ort.czi,adult,pomc,upper
507,25.0,35.6,890.0,K738_ARC _B4_slice7-Ort.czi,adult,pomc,upper
508,48.0,32.125,1542.0,K738_ARC _B4_slice7-Ort.czi,adult,pomc,upper
509,26.0,43.69230769230769,1136.0,K738_ARC _B4_slice7-Ort.czi,adult,pomc,upper
510,67.0,33.02985074626866,2213.0,K738_ARC _B4_slice7-Ort.czi,adult,pomc,upper
511,449.0,36.25835189309577,16280.000000000002,K738_ARC _B4_slice7-Ort.czi,adult,pomc,upper
512,5.0,39.8,199.0,K738_ARC _B4_slice7-Ort.czi,adult,pomc,upper
513,1.0,31.0,31.0,K738_ARC _B4_slice7-Ort.czi,adult,pomc,upper
514,15.0,32.53333333333333,488.0,K738_ARC _B4_slice7-Ort.czi,adult,pomc,upper
515,16.0,34.5625,553.0,K738_ARC _B4_slice7-Ort.czi,adult,pomc,upper
516,234.0,33.82051282051282,7913.999999999999,K738_ARC _B4_slice7-Ort.czi,adult,pomc,upper
517,115.0,31.860869565217392,3664.0,K738_ARC _B4_slice7-Ort.czi,adult,pomc,upper
518,49.0,30.20408163265306,1480.0,K738_ARC _B4_slice7-Ort.czi,adult,pomc,upper
519,2.0,28.0,56.0,K738_ARC _B4_slice7-Ort.czi,adult,pomc,upper
520,1.0,29.0,29.0,K738_ARC _B4_slice7-Ort.czi,adult,pomc,upper
521,468.0,39.35897435897436,18420.0,K738_ARC _B4_slice7-Ort.czi,adult,pomc,upper
522,8.0,32.375,259.0,K738_ARC _B4_slice7-Ort.czi,adult,pomc,upper
523,80.0,35.4625,2837.0,K738_ARC _B4_slice7-Ort.czi,adult,pomc,upper
524,558.0,38.064516129032256,21240.0,K738_ARC _B4_slice7-Ort.czi,adult,pomc,upper
525,48.0,31.791666666666668,1526.0,K738_ARC _B4_slice7-Ort.czi,adult,pomc,upper
526,29.0,32.827586206896555,952.0000000000001,K738_ARC _B4_slice7-Ort.czi,adult,pomc,upper
527,362.0,39.069060773480665,14143.0,K738_ARC _B4_slice7-Ort.czi,adult,pomc,upper
528,25.0,41.68,1042.0,K738_ARC _B4_slice7-Ort.czi,adult,pomc,upper
529,1.0,22.0,22.0,K738_ARC _B4_slice7-Ort.czi,adult,pomc,upper
530,1.0,23.0,23.0,K738_ARC _B4_slice7-Ort.czi,adult,pomc,upper
531,57.0,35.08771929824562,2000.0000000000002,K738_ARC _B4_slice7-Ort.czi,adult,pomc,upper
532,15.0,31.8,477.0,K738_ARC _B4_slice7-Ort.czi,adult,pomc,upper
533,38.0,33.0,1254.0,K738_ARC _B4_slice7-Ort.czi,adult,pomc,upper
534,51.0,34.411764705882355,1755.0,K738_ARC _B4_slice7-Ort.czi,adult,pomc,upper
535,29.0,31.96551724137931,927.0,K738_ARC _B4_slice7-Ort.czi,adult,pomc,upper
536,34.0,37.970588235294116,1291.0,K738_ARC _B4_slice7-Ort.czi,adult,pomc,upper
537,1.0,31.0,31.0,K738_ARC _B4_slice7-Ort.czi,adult,pomc,upper
538,20.0,37.2,744.0,K738_ARC _B4_slice7-Ort.czi,adult,pomc,upper
539,146.0,32.04794520547945,4679.0,K738_ARC _B4_slice7-Ort.czi,adult,pomc,upper
540,43.0,30.093023255813954,1294.0,K738_ARC _B4_slice7-Ort.czi,adult,pomc,upper
541,30.0,31.866666666666667,956.0,K738_ARC _B4_slice7-Ort.czi,adult,pomc,upper
542,86.0,30.023255813953487,2582.0,K738_ARC _B4_slice7-Ort.czi,adult,pomc,upper
543,3.0,29.333333333333332,88.0,K738_ARC _B4_slice7-Ort.czi,adult,pomc,upper
544,73.0,32.794520547945204,2394.0,K738_ARC _B4_slice7-Ort.czi,adult,pomc,upper
545,20.0,36.8,736.0,K738_ARC _B4_slice7-Ort.czi,adult,pomc,upper
546,10.0,29.6,296.0,K738_ARC _B4_slice7-Ort.czi,adult,pomc,upper
547,1.0,60.0,60.0,K738_ARC _B4_slice7-Ort.czi,adult,pomc,upper
548,2464.0,30.08116883116883,74120.0,K738_ARC _B4_slice7-Ort.czi,adult,pomc,upper
549,1.0,46.0,46.0,K738_ARC _B4_slice7-Ort.czi,adult,pomc,upper
550,85.0,34.64705882352941,2945.0,K738_ARC _B4_slice7-Ort.czi,adult,pomc,upper
551,124.0,33.193548387096776,4116.0,K738_ARC _B4_slice7-Ort.czi,adult,pomc,upper
552,46.0,34.84782608695652,1603.0,K738_ARC _B4_slice7-Ort.czi,adult,pomc,upper
553,103.0,36.62135922330097,3772.0,K738_ARC _B4_slice7-Ort.czi,adult,pomc,upper
554,91.0,41.59340659340659,3785.0,K738_ARC _B4_slice7-Ort.czi,adult,pomc,upper
555,1.0,40.0,40.0,K738_ARC _B4_slice7-Ort.czi,adult,pomc,upper
556,104.0,41.13461538461539,4278.0,K738_ARC _B4_slice7-Ort.czi,adult,pomc,upper
557,1.0,20.0,20.0,K738_ARC _B4_slice7-Ort.czi,adult,pomc,upper
558,51.0,34.01960784313726,1735.0000000000002,K738_ARC _B4_slice7-Ort.czi,adult,pomc,upper
559,130.0,28.93076923076923,3761.0,K738_ARC _B4_slice7-Ort.czi,adult,pomc,upper
560,35.0,31.82857142857143,1114.0,K738_ARC _B4_slice7-Ort.czi,adult,pomc,upper
561,25.0,29.96,749.0,K738_ARC _B4_slice7-Ort.czi,adult,pomc,upper
562,1751.0,38.16790405482581,66832.0,K738_ARC _B4_slice7-Ort.czi,adult,pomc,upper
563,10.0,30.6,306.0,K738_ARC _B4_slice7-Ort.czi,adult,pomc,upper
564,22.0,34.27272727272727,754.0,K738_ARC _B4_slice7-Ort.czi,adult,pomc,upper
565,505.0,35.56237623762376,17959.0,K738_ARC _B4_slice7-Ort.czi,adult,pomc,upper
566,1.0,71.0,71.0,K738_ARC _B4_slice7-Ort.czi,adult,pomc,upper
567,3.0,29.333333333333332,88.0,K738_ARC _B4_slice7-Ort.czi,adult,pomc,upper
568,57.0,34.94736842105263,1992.0,K738_ARC _B4_slice7-Ort.czi,adult,pomc,upper
569,1.0,31.0,31.0,K738_ARC _B4_slice7-Ort.czi,adult,pomc,upper
570,5.0,32.2,161.0,K738_ARC _B4_slice7-Ort.czi,adult,pomc,upper
571,60.0,31.283333333333335,1877.0,K738_ARC _B4_slice7-Ort.czi,adult,pomc,upper
572,30.0,28.366666666666667,851.0,K738_ARC _B4_slice7-Ort.czi,adult,pomc,upper
573,22.0,36.81818181818182,810.0,K738_ARC _B4_slice7-Ort.czi,adult,pomc,upper
574,72.0,32.47222222222222,2338.0,K738_ARC _B4_slice7-Ort.czi,adult,pomc,upper
575,12.0,32.5,390.0,K738_ARC _B4_slice7-Ort.czi,adult,pomc,upper
576,7.0,33.0,231.0,K738_ARC _B4_slice7-Ort.czi,adult,pomc,upper
577,4.0,36.0,144.0,K738_ARC _B4_slice7-Ort.czi,adult,pomc,upper
578,194.0,28.690721649484537,5566.0,K738_ARC _B4_slice7-Ort.czi,adult,pomc,upper
579,5.0,24.8,124.0,K738_ARC _B4_slice7-Ort.czi,adult,pomc,upper
580,7.0,40.57142857142857,284.0,K738_ARC _B4_slice7-Ort.czi,adult,pomc,upper
581,27.0,32.2962962962963,872.0,K738_ARC _B4_slice7-Ort.czi,adult,pomc,upper
582,87.0,34.71264367816092,3020.0000000000005,K738_ARC _B4_slice7-Ort.czi,adult,pomc,upper
583,18.0,36.833333333333336,663.0,K738_ARC _B4_slice7-Ort.czi,adult,pomc,upper
584,11.0,28.454545454545453,313.0,K738_ARC _B4_slice7-Ort.czi,adult,pomc,upper
585,48.0,32.104166666666664,1541.0,K738_ARC _B4_slice7-Ort.czi,adult,pomc,upper
586,15.0,37.53333333333333,563.0,K738_ARC _B4_slice7-Ort.czi,adult,pomc,upper
587,21.0,29.61904761904762,622.0,K738_ARC _B4_slice7-Ort.czi,adult,pomc,upper
588,25.0,33.2,830.0000000000001,K738_ARC _B4_slice7-Ort.czi,adult,pomc,upper
589,39.0,28.82051282051282,1124.0,K738_ARC _B4_slice7-Ort.czi,adult,pomc,upper
590,44.0,33.93181818181818,1493.0,K738_ARC _B4_slice7-Ort.czi,adult,pomc,upper
591,15.0,32.733333333333334,491.0,K738_ARC _B4_slice7-Ort.czi,adult,pomc,upper
592,73.0,37.45205479452055,2734.0,K738_ARC _B4_slice7-Ort.czi,adult,pomc,upper
593,24.0,32.5,780.0,K738_ARC _B4_slice7-Ort.czi,adult,pomc,upper
594,508.0,43.38385826771653,22039.0,K738_ARC _B4_slice7-Ort.czi,adult,pomc,upper
595,15.0,32.333333333333336,485.00000000000006,K738_ARC _B4_slice7-Ort.czi,adult,pomc,upper
596,11.0,37.72727272727273,415.0,K738_ARC _B4_slice7-Ort.czi,adult,pomc,upper
597,98.0,34.52040816326531,3383.0000000000005,K738_ARC _B4_slice7-Ort.czi,adult,pomc,upper
598,80.0,34.325,2746.0,K738_ARC _B4_slice7-Ort.czi,adult,pomc,upper
599,26.0,30.46153846153846,792.0,K738_ARC _B4_slice7-Ort.czi,adult,pomc,upper
600,15.0,37.13333333333333,557.0,K738_ARC _B4_slice7-Ort.czi,adult,pomc,upper
601,29.0,34.206896551724135,991.9999999999999,K738_ARC _B4_slice7-Ort.czi,adult,pomc,upper
602,27.0,33.96296296296296,917.0,K738_ARC _B4_slice7-Ort.czi,adult,pomc,upper
603,912.0,37.91885964912281,34582.0,K738_ARC _B4_slice7-Ort.czi,adult,pomc,upper
604,117.0,29.726495726495727,3478.0,K738_ARC _B4_slice7-Ort.czi,adult,pomc,upper
605,50.0,31.5,1575.0,K738_ARC _B4_slice7-Ort.czi,adult,pomc,upper
606,6.0,33.0,198.0,K738_ARC _B4_slice7-Ort.czi,adult,pomc,upper
607,28.0,31.928571428571427,894.0,K738_ARC _B4_slice7-Ort.czi,adult,pomc,upper
608,18.0,34.27777777777778,617.0,K738_ARC _B4_slice7-Ort.czi,adult,pomc,upper
609,1.0,55.0,55.0,K738_ARC _B4_slice7-Ort.czi,adult,pomc,upper
610,1048.0,34.095419847328245,35732.0,K738_ARC _B4_slice7-Ort.czi,adult,pomc,upper
611,43.0,32.95348837209303,1417.0000000000002,K738_ARC _B4_slice7-Ort.czi,adult,pomc,upper
612,90.0,37.34444444444444,3360.9999999999995,K738_ARC _B4_slice7-Ort.czi,adult,pomc,upper
613,5.0,35.6,178.0,K738_ARC _B4_slice7-Ort.czi,adult,pomc,upper
614,59.0,37.440677966101696,2209.0,K738_ARC _B4_slice7-Ort.czi,adult,pomc,upper
615,16.0,33.4375,535.0,K738_ARC _B4_slice7-Ort.czi,adult,pomc,upper
616,25.0,30.96,774.0,K738_ARC _B4_slice7-Ort.czi,adult,pomc,upper
617,5.0,26.8,134.0,K738_ARC _B4_slice7-Ort.czi,adult,pomc,upper
618,29.0,30.03448275862069,871.0,K738_ARC _B4_slice7-Ort.czi,adult,pomc,upper
619,1.0,32.0,32.0,K738_ARC _B4_slice7-Ort.czi,adult,pomc,upper
620,13.0,37.53846153846154,488.0,K738_ARC _B4_slice7-Ort.czi,adult,pomc,upper
621,18.0,34.611111111111114,623.0,K738_ARC _B4_slice7-Ort.czi,adult,pomc,upper
622,35.0,41.2,1442.0,K738_ARC _B4_slice7-Ort.czi,adult,pomc,upper
623,6.0,25.5,153.0,K738_ARC _B4_slice7-Ort.czi,adult,pomc,upper
624,157.0,33.93630573248408,5328.000000000001,K738_ARC _B4_slice7-Ort.czi,adult,pomc,upper
625,1.0,26.0,26.0,K738_ARC _B4_slice7-Ort.czi,adult,pomc,upper
626,939.0,42.10649627263046,39538.0,K738_ARC _B4_slice7-Ort.czi,adult,pomc,upper
627,1473.0,35.300067888662596,51997.00000000001,K738_ARC _B4_slice7-Ort.czi,adult,pomc,upper
628,76.0,32.5,2470.0,K738_ARC _B4_slice7-Ort.czi,adult,pomc,upper
629,1.0,24.0,24.0,K738_ARC _B4_slice7-Ort.czi,adult,pomc,upper
630,4.0,38.25,153.0,K738_ARC _B4_slice7-Ort.czi,adult,pomc,upper
631,34.0,36.35294117647059,1236.0,K738_ARC _B4_slice7-Ort.czi,adult,pomc,upper
632,2.0,28.0,56.0,K738_ARC _B4_slice7-Ort.czi,adult,pomc,upper
633,118.0,35.186440677966104,4152.0,K738_ARC _B4_slice7-Ort.czi,adult,pomc,upper
634,4.0,32.75,131.0,K738_ARC _B4_slice7-Ort.czi,adult,pomc,upper
635,1449.0,38.77156659765355,56180.0,K738_ARC _B4_slice7-Ort.czi,adult,pomc,upper
636,1417.0,35.66125617501764,50532.0,K738_ARC _B4_slice7-Ort.czi,adult,pomc,upper
637,1.0,14.0,14.0,K738_ARC _B4_slice7-Ort.czi,adult,pomc,upper
638,90.0,32.855555555555554,2957.0,K738_ARC _B4_slice7-Ort.czi,adult,pomc,upper
639,61.0,32.98360655737705,2012.0000000000002,K738_ARC _B4_slice7-Ort.czi,adult,pomc,upper
640,22.0,30.318181818181817,667.0,K738_ARC _B4_slice7-Ort.czi,adult,pomc,upper
641,1083.0,30.91320406278855,33479.0,K738_ARC _B4_slice7-Ort.czi,adult,pomc,upper
642,4.0,18.5,74.0,K738_ARC _B4_slice7-Ort.czi,adult,pomc,upper
643,1.0,41.0,41.0,K738_ARC _B4_slice7-Ort.czi,adult,pomc,upper
644,630.0,33.17142857142857,20898.0,K738_ARC _B4_slice7-Ort.czi,adult,pomc,upper
645,1.0,25.0,25.0,K738_ARC _B4_slice7-Ort.czi,adult,pomc,upper
646,10.0,27.4,274.0,K738_ARC _B4_slice7-Ort.czi,adult,pomc,upper
647,46.0,30.152173913043477,1387.0,K738_ARC _B4_slice7-Ort.czi,adult,pomc,upper
648,5.0,32.0,160.0,K738_ARC _B4_slice7-Ort.czi,adult,pomc,upper
649,92.0,35.57608695652174,3273.0000000000005,K738_ARC _B4_slice7-Ort.czi,adult,pomc,upper
650,265.0,34.29056603773585,9087.0,K738_ARC _B4_slice7-Ort.czi,adult,pomc,upper
651,13.0,31.53846153846154,410.0,K738_ARC _B4_slice7-Ort.czi,adult,pomc,upper
652,26.0,34.65384615384615,901.0,K738_ARC _B4_slice7-Ort.czi,adult,pomc,upper
653,12.0,25.916666666666668,311.0,K738_ARC _B4_slice7-Ort.czi,adult,pomc,upper
654,121.0,34.90909090909091,4224.0,K738_ARC _B4_slice7-Ort.czi,adult,pomc,upper
655,83.0,31.518072289156628,2616.0,K738_ARC _B4_slice7-Ort.czi,adult,pomc,upper
656,10.0,42.8,428.0,K738_ARC _B4_slice7-Ort.czi,adult,pomc,upper
657,1.0,17.0,17.0,K738_ARC _B4_slice7-Ort.czi,adult,pomc,upper
658,2.0,41.5,83.0,K738_ARC _B4_slice7-Ort.czi,adult,pomc,upper
659,25.0,31.4,785.0,K738_ARC _B4_slice7-Ort.czi,adult,pomc,upper
660,53.0,28.547169811320753,1513.0,K738_ARC _B4_slice7-Ort.czi,adult,pomc,upper
661,1583.0,31.97536323436513,50617.0,K738_ARC _B4_slice7-Ort.czi,adult,pomc,upper
662,10.0,33.4,334.0,K738_ARC _B4_slice7-Ort.czi,adult,pomc,upper
663,1.0,47.0,47.0,K738_ARC _B4_slice7-Ort.czi,adult,pomc,upper
664,1.0,16.0,16.0,K738_ARC _B4_slice7-Ort.czi,adult,pomc,upper
665,48.0,36.020833333333336,1729.0,K738_ARC _B4_slice7-Ort.czi,adult,pomc,upper
666,32.0,30.84375,987.0,K738_ARC _B4_slice7-Ort.czi,adult,pomc,upper
667,12.0,37.5,450.0,K738_ARC _B4_slice7-Ort.czi,adult,pomc,upper
668,110.0,33.39090909090909,3673.0,K738_ARC _B4_slice7-Ort.czi,adult,pomc,upper
669,3.0,19.666666666666668,59.0,K738_ARC _B4_slice7-Ort.czi,adult,pomc,upper
670,5.0,37.2,186.0,K738_ARC _B4_slice7-Ort.czi,adult,pomc,upper
671,3.0,32.666666666666664,98.0,K738_ARC _B4_slice7-Ort.czi,adult,pomc,upper
672,27.0,34.44444444444444,930.0,K738_ARC _B4_slice7-Ort.czi,adult,pomc,upper
673,45.0,33.577777777777776,1511.0,K738_ARC _B4_slice7-Ort.czi,adult,pomc,upper
674,18.0,37.77777777777778,680.0,K738_ARC _B4_slice7-Ort.czi,adult,pomc,upper
675,200.0,34.185,6837.0,K738_ARC _B4_slice7-Ort.czi,adult,pomc,upper
676,2.0,26.0,52.0,K738_ARC _B4_slice7-Ort.czi,adult,pomc,upper
677,1.0,51.0,51.0,K738_ARC _B4_slice7-Ort.czi,adult,pomc,upper
678,86.0,33.151162790697676,2851.0,K738_ARC _B4_slice7-Ort.czi,adult,pomc,upper
679,7.0,32.57142857142857,228.0,K738_ARC _B4_slice7-Ort.czi,adult,pomc,upper
680,35.0,31.65714285714286,1108.0,K738_ARC _B4_slice7-Ort.czi,adult,pomc,upper
681,63.0,32.87301587301587,2071.0,K738_ARC _B4_slice7-Ort.czi,adult,pomc,upper
682,23.0,32.69565217391305,752.0000000000001,K738_ARC _B4_slice7-Ort.czi,adult,pomc,upper
683,22.0,32.18181818181818,708.0,K738_ARC _B4_slice7-Ort.czi,adult,pomc,upper
684,39.0,33.87179487179487,1320.9999999999998,K738_ARC _B4_slice7-Ort.czi,adult,pomc,upper
685,35.0,31.057142857142857,1087.0,K738_ARC _B4_slice7-Ort.czi,adult,pomc,upper
686,14.0,38.5,539.0,K738_ARC _B4_slice7-Ort.czi,adult,pomc,upper
687,4.0,31.5,126.0,K738_ARC _B4_slice7-Ort.czi,adult,pomc,upper
688,138.0,33.54347826086956,4629.0,K738_ARC _B4_slice7-Ort.czi,adult,pomc,upper
689,14.0,36.357142857142854,508.99999999999994,K738_ARC _B4_slice7-Ort.czi,adult,pomc,upper
690,35.0,32.0,1120.0,K738_ARC _B4_slice7-Ort.czi,adult,pomc,upper
691,21.0,32.80952380952381,689.0,K738_ARC _B4_slice7-Ort.czi,adult,pomc,upper
692,54.0,38.0,2052.0,K738_ARC _B4_slice7-Ort.czi,adult,pomc,upper
693,1.0,31.0,31.0,K738_ARC _B4_slice7-Ort.czi,adult,pomc,upper
694,10.0,32.4,324.0,K738_ARC _B4_slice7-Ort.czi,adult,pomc,upper
695,21.0,34.523809523809526,725.0,K738_ARC _B4_slice7-Ort.czi,adult,pomc,upper
696,1.0,34.0,34.0,K738_ARC _B4_slice7-Ort.czi,adult,pomc,upper
697,77.0,32.753246753246756,2522.0000000000005,K738_ARC _B4_slice7-Ort.czi,adult,pomc,upper
698,24.0,35.583333333333336,854.0,K738_ARC _B4_slice7-Ort.czi,adult,pomc,upper
699,20.0,27.3,546.0,K738_ARC _B4_slice7-Ort.czi,adult,pomc,upper
700,18.0,30.88888888888889,556.0,K738_ARC _B4_slice7-Ort.czi,adult,pomc,upper
701,1535.0,31.061237785016285,47679.0,K738_ARC _B4_slice7-Ort.czi,adult,pomc,upper
702,204.0,33.9264705882353,6921.000000000001,K738_ARC _B4_slice7-Ort.czi,adult,pomc,upper
703,70.0,34.42857142857143,2410.0,K738_ARC _B4_slice7-Ort.czi,adult,pomc,upper
704,19.0,31.57894736842105,600.0,K738_ARC _B4_slice7-Ort.czi,adult,pomc,upper
705,2.0,30.0,60.0,K738_ARC _B4_slice7-Ort.czi,adult,pomc,upper
706,466.0,32.957081545064376,15358.0,K738_ARC _B4_slice7-Ort.czi,adult,pomc,upper
707,1.0,38.0,38.0,K738_ARC _B4_slice7-Ort.czi,adult,pomc,upper
708,12.0,29.916666666666668,359.0,K738_ARC _B4_slice7-Ort.czi,adult,pomc,upper
709,5.0,24.6,123.0,K738_ARC _B4_slice7-Ort.czi,adult,pomc,upper
710,103.0,35.33009708737864,3639.0,K738_ARC _B4_slice7-Ort.czi,adult,pomc,upper
711,2.0,18.0,36.0,K738_ARC _B4_slice7-Ort.czi,adult,pomc,upper
712,1.0,22.0,22.0,K738_ARC _B4_slice7-Ort.czi,adult,pomc,upper
713,48.0,37.666666666666664,1808.0,K738_ARC _B4_slice7-Ort.czi,adult,pomc,upper
714,1.0,17.0,17.0,K738_ARC _B4_slice7-Ort.czi,adult,pomc,upper
715,1.0,34.0,34.0,K738_ARC _B4_slice7-Ort.czi,adult,pomc,upper
716,223.0,37.27354260089686,8312.0,K738_ARC _B4_slice7-Ort.czi,adult,pomc,upper
717,4.0,34.5,138.0,K738_ARC _B4_slice7-Ort.czi,adult,pomc,upper
718,17.0,29.41176470588235,500.0,K738_ARC _B4_slice7-Ort.czi,adult,pomc,upper
719,1.0,34.0,34.0,K738_ARC _B4_slice7-Ort.czi,adult,pomc,upper
720,274.0,33.846715328467155,9274.0,K738_ARC _B4_slice7-Ort.czi,adult,pomc,upper
721,135.0,32.318518518518516,4363.0,K738_ARC _B4_slice7-Ort.czi,adult,pomc,upper
722,25.0,37.68,942.0,K738_ARC _B4_slice7-Ort.czi,adult,pomc,upper
723,17.0,32.88235294117647,559.0,K738_ARC _B4_slice7-Ort.czi,adult,pomc,upper
724,13.0,30.846153846153847,401.0,K738_ARC _B4_slice7-Ort.czi,adult,pomc,upper
725,1.0,18.0,18.0,K738_ARC _B4_slice7-Ort.czi,adult,pomc,upper
726,16.0,29.375,470.0,K738_ARC _B4_slice7-Ort.czi,adult,pomc,upper
727,83.0,42.0,3486.0,K738_ARC _B4_slice7-Ort.czi,adult,pomc,upper
728,1.0,21.0,21.0,K738_ARC _B4_slice7-Ort.czi,adult,pomc,upper
729,163.0,36.22085889570552,5903.999999999999,K738_ARC _B4_slice7-Ort.czi,adult,pomc,upper
730,64.0,46.375,2968.0,K738_ARC _B4_slice7-Ort.czi,adult,pomc,upper
731,19.0,40.78947368421053,775.0,K738_ARC _B4_slice7-Ort.czi,adult,pomc,upper
732,8.0,34.0,272.0,K738_ARC _B4_slice7-Ort.czi,adult,pomc,upper
733,17.0,30.705882352941178,522.0,K738_ARC _B4_slice7-Ort.czi,adult,pomc,upper
734,61.0,34.81967213114754,2124.0,K738_ARC _B4_slice7-Ort.czi,adult,pomc,upper
735,1.0,20.0,20.0,K738_ARC _B4_slice7-Ort.czi,adult,pomc,upper
736,33.0,38.57575757575758,1273.0,K738_ARC _B4_slice7-Ort.czi,adult,pomc,upper
737,2.0,28.0,56.0,K738_ARC _B4_slice7-Ort.czi,adult,pomc,upper
738,1.0,29.0,29.0,K738_ARC _B4_slice7-Ort.czi,adult,pomc,upper
739,426.0,32.924882629107984,14026.000000000002,K738_ARC _B4_slice7-Ort.czi,adult,pomc,upper
740,4.0,35.0,140.0,K738_ARC _B4_slice7-Ort.czi,adult,pomc,upper
741,23.0,32.52173913043478,748.0,K738_ARC _B4_slice7-Ort.czi,adult,pomc,upper
742,33.0,31.03030303030303,1024.0,K738_ARC _B4_slice7-Ort.czi,adult,pomc,upper
743,204.0,34.568627450980394,7052.0,K738_ARC _B4_slice7-Ort.czi,adult,pomc,upper
744,75.0,30.386666666666667,2279.0,K738_ARC _B4_slice7-Ort.czi,adult,pomc,upper
745,131.0,38.465648854961835,5039.0,K738_ARC _B4_slice7-Ort.czi,adult,pomc,upper
746,10.0,34.3,343.0,K738_ARC _B4_slice7-Ort.czi,adult,pomc,upper
747,101.0,32.06930693069307,3238.9999999999995,K738_ARC _B4_slice7-Ort.czi,adult,pomc,upper
748,90.0,32.81111111111111,2953.0,K738_ARC _B4_slice7-Ort.czi,adult,pomc,upper
749,57.0,31.789473684210527,1812.0,K738_ARC _B4_slice7-Ort.czi,adult,pomc,upper
750,52.0,32.0,1664.0,K738_ARC _B4_slice7-Ort.czi,adult,pomc,upper
751,1.0,17.0,17.0,K738_ARC _B4_slice7-Ort.czi,adult,pomc,upper
752,86.0,33.51162790697674,2882.0,K738_ARC _B4_slice7-Ort.czi,adult,pomc,upper
753,25.0,36.24,906.0,K738_ARC _B4_slice7-Ort.czi,adult,pomc,upper
754,44.0,34.29545454545455,1509.0,K738_ARC _B4_slice7-Ort.czi,adult,pomc,upper
755,63.0,34.53968253968254,2176.0,K738_ARC _B4_slice7-Ort.czi,adult,pomc,upper
756,71.0,35.61971830985915,2529.0,K738_ARC _B4_slice7-Ort.czi,adult,pomc,upper
757,45.0,28.822222222222223,1297.0,K738_ARC _B4_slice7-Ort.czi,adult,pomc,upper
758,142.0,30.323943661971832,4306.0,K738_ARC _B4_slice7-Ort.czi,adult,pomc,upper
759,409.0,34.987775061124694,14310.0,K738_ARC _B4_slice7-Ort.czi,adult,pomc,upper
760,23.0,32.73913043478261,753.0,K738_ARC _B4_slice7-Ort.czi,adult,pomc,upper
761,34.0,33.76470588235294,1148.0,K738_ARC _B4_slice7-Ort.czi,adult,pomc,upper
762,9.0,40.111111111111114,361.0,K738_ARC _B4_slice7-Ort.czi,adult,pomc,upper
763,1.0,44.0,44.0,K738_ARC _B4_slice7-Ort.czi,adult,pomc,upper
764,131.0,34.82442748091603,4562.0,K738_ARC _B4_slice7-Ort.czi,adult,pomc,upper
765,83.0,31.325301204819276,2600.0,K738_ARC _B4_slice7-Ort.czi,adult,pomc,upper
766,52.0,37.73076923076923,1962.0000000000002,K738_ARC _B4_slice7-Ort.czi,adult,pomc,upper
767,32.0,32.15625,1029.0,K738_ARC _B4_slice7-Ort.czi,adult,pomc,upper
768,15.0,36.733333333333334,551.0,K738_ARC _B4_slice7-Ort.czi,adult,pomc,upper
769,1.0,22.0,22.0,K738_ARC _B4_slice7-Ort.czi,adult,pomc,upper
770,48.0,31.395833333333332,1507.0,K738_ARC _B4_slice7-Ort.czi,adult,pomc,upper
771,54.0,35.96296296296296,1942.0,K738_ARC _B4_slice7-Ort.czi,adult,pomc,upper
772,87.0,32.735632183908045,2848.0,K738_ARC _B4_slice7-Ort.czi,adult,pomc,upper
773,27.0,30.0,810.0,K738_ARC _B4_slice7-Ort.czi,adult,pomc,upper
774,60.0,36.25,2175.0,K738_ARC _B4_slice7-Ort.czi,adult,pomc,upper
775,34.0,34.94117647058823,1188.0,K738_ARC _B4_slice7-Ort.czi,adult,pomc,upper
776,79.0,31.759493670886076,2509.0,K738_ARC _B4_slice7-Ort.czi,adult,pomc,upper
777,95.0,31.210526315789473,2965.0,K738_ARC _B4_slice7-Ort.czi,adult,pomc,upper
778,31.0,37.12903225806452,1151.0,K738_ARC _B4_slice7-Ort.czi,adult,pomc,upper
779,23.0,30.391304347826086,699.0,K738_ARC _B4_slice7-Ort.czi,adult,pomc,upper
780,6.0,35.833333333333336,215.0,K738_ARC _B4_slice7-Ort.czi,adult,pomc,upper
781,2.0,21.0,42.0,K738_ARC _B4_slice7-Ort.czi,adult,pomc,upper
782,2.0,42.0,84.0,K738_ARC _B4_slice7-Ort.czi,adult,pomc,upper
783,1.0,32.0,32.0,K738_ARC _B4_slice7-Ort.czi,adult,pomc,upper
784,32.0,36.1875,1158.0,K738_ARC _B4_slice7-Ort.czi,adult,pomc,upper
785,1708.0,30.866510538641688,52720.0,K738_ARC _B4_slice7-Ort.czi,adult,pomc,upper
786,32.0,31.53125,1009.0,K738_ARC _B4_slice7-Ort.czi,adult,pomc,upper
787,177.0,35.08474576271186,6209.999999999999,K738_ARC _B4_slice7-Ort.czi,adult,pomc,upper
788,58.0,37.327586206896555,2165.0,K738_ARC _B4_slice7-Ort.czi,adult,pomc,upper
789,1.0,14.0,14.0,K738_ARC _B4_slice7-Ort.czi,adult,pomc,upper
790,87.0,31.885057471264368,2774.0,K738_ARC _B4_slice7-Ort.czi,adult,pomc,upper
791,78.0,34.0,2652.0,K738_ARC _B4_slice7-Ort.czi,adult,pomc,upper
792,1.0,15.0,15.0,K738_ARC _B4_slice7-Ort.czi,adult,pomc,upper
793,2.0,31.5,63.0,K738_ARC _B4_slice7-Ort.czi,adult,pomc,upper
794,17.0,27.0,459.0,K738_ARC _B4_slice7-Ort.czi,adult,pomc,upper
795,19.0,33.31578947368421,633.0,K738_ARC _B4_slice7-Ort.czi,adult,pomc,upper
796,85.0,33.411764705882355,2840.0,K738_ARC _B4_slice7-Ort.czi,adult,pomc,upper
797,931.0,33.25241675617615,30958.0,K738_ARC _B4_slice7-Ort.czi,adult,pomc,upper
798,1.0,36.0,36.0,K738_ARC _B4_slice7-Ort.czi,adult,pomc,upper
799,29.0,33.44827586206897,970.0000000000001,K738_ARC _B4_slice7-Ort.czi,adult,pomc,upper
800,28.0,36.17857142857143,1013.0,K738_ARC _B4_slice7-Ort.czi,adult,pomc,upper
801,53.0,34.37735849056604,1822.0,K738_ARC _B4_slice7-Ort.czi,adult,pomc,upper
802,134.0,33.94776119402985,4549.0,K738_ARC _B4_slice7-Ort.czi,adult,pomc,upper
803,13.0,35.0,455.0,K738_ARC _B4_slice7-Ort.czi,adult,pomc,upper
804,62.0,33.354838709677416,2068.0,K738_ARC _B4_slice7-Ort.czi,adult,pomc,upper
805,25.0,28.76,719.0,K738_ARC _B4_slice7-Ort.czi,adult,pomc,upper
806,46.0,30.608695652173914,1408.0,K738_ARC _B4_slice7-Ort.czi,adult,pomc,upper
807,13.0,32.69230769230769,425.0,K738_ARC _B4_slice7-Ort.czi,adult,pomc,upper
808,88.0,34.51136363636363,3036.9999999999995,K738_ARC _B4_slice7-Ort.czi,adult,pomc,upper
809,112.0,33.294642857142854,3728.9999999999995,K738_ARC _B4_slice7-Ort.czi,adult,pomc,upper
810,72.0,31.694444444444443,2282.0,K738_ARC _B4_slice7-Ort.czi,adult,pomc,upper
811,11.0,33.09090909090909,364.0,K738_ARC _B4_slice7-Ort.czi,adult,pomc,upper
812,2.0,14.0,28.0,K738_ARC _B4_slice7-Ort.czi,adult,pomc,upper
813,2.0,28.5,57.0,K738_ARC _B4_slice7-Ort.czi,adult,pomc,upper
814,359.0,29.27298050139276,10509.0,K738_ARC _B4_slice7-Ort.czi,adult,pomc,upper
815,126.0,32.595238095238095,4107.0,K738_ARC _B4_slice7-Ort.czi,adult,pomc,upper
816,16.0,34.25,548.0,K738_ARC _B4_slice7-Ort.czi,adult,pomc,upper
817,11.0,27.90909090909091,307.0,K738_ARC _B4_slice7-Ort.czi,adult,pomc,upper
818,16.0,37.4375,599.0,K738_ARC _B4_slice7-Ort.czi,adult,pomc,upper
819,82.0,32.170731707317074,2638.0,K738_ARC _B4_slice7-Ort.czi,adult,pomc,upper
820,8.0,32.25,258.0,K738_ARC _B4_slice7-Ort.czi,adult,pomc,upper
821,18.0,35.5,639.0,K738_ARC _B4_slice7-Ort.czi,adult,pomc,upper
822,17.0,32.8235294117647,558.0,K738_ARC _B4_slice7-Ort.czi,adult,pomc,upper
823,156.0,35.83974358974359,5591.0,K738_ARC _B4_slice7-Ort.czi,adult,pomc,upper
824,170.0,35.84117647058824,6093.0,K738_ARC _B4_slice7-Ort.czi,adult,pomc,upper
825,26.0,35.65384615384615,927.0,K738_ARC _B4_slice7-Ort.czi,adult,pomc,upper
826,217.0,31.433179723502302,6821.0,K738_ARC _B4_slice7-Ort.czi,adult,pomc,upper
827,159.0,35.9559748427673,5717.0,K738_ARC _B4_slice7-Ort.czi,adult,pomc,upper
828,47.0,30.638297872340427,1440.0,K738_ARC _B4_slice7-Ort.czi,adult,pomc,upper
829,5.0,36.8,184.0,K738_ARC _B4_slice7-Ort.czi,adult,pomc,upper
830,1.0,18.0,18.0,K738_ARC _B4_slice7-Ort.czi,adult,pomc,upper
831,6.0,35.5,213.0,K738_ARC _B4_slice7-Ort.czi,adult,pomc,upper
832,28.0,30.75,861.0,K738_ARC _B4_slice7-Ort.czi,adult,pomc,upper
833,1.0,8.0,8.0,K738_ARC _B4_slice7-Ort.czi,adult,pomc,upper
834,2.0,42.5,85.0,K738_ARC _B4_slice7-Ort.czi,adult,pomc,upper
835,17.0,29.11764705882353,495.0,K738_ARC _B4_slice7-Ort.czi,adult,pomc,upper
836,21.0,29.80952380952381,626.0,K738_ARC _B4_slice7-Ort.czi,adult,pomc,upper
837,18.0,33.388888888888886,601.0,K738_ARC _B4_slice7-Ort.czi,adult,pomc,upper
838,1.0,34.0,34.0,K738_ARC _B4_slice7-Ort.czi,adult,pomc,upper
839,9.0,31.22222222222222,281.0,K738_ARC _B4_slice7-Ort.czi,adult,pomc,upper
840,1.0,46.0,46.0,K738_ARC _B4_slice7-Ort.czi,adult,pomc,upper
841,1.0,42.0,42.0,K738_ARC _B4_slice7-Ort.czi,adult,pomc,upper
842,13.0,29.384615384615383,382.0,K738_ARC _B4_slice7-Ort.czi,adult,pomc,upper
843,66.0,33.89393939393939,2237.0,K738_ARC _B4_slice7-Ort.czi,adult,pomc,upper
844,1114.0,32.792639138240574,36531.0,K738_ARC _B4_slice7-Ort.czi,adult,pomc,upper
845,15.0,30.2,453.0,K738_ARC _B4_slice7-Ort.czi,adult,pomc,upper
846,1.0,45.0,45.0,K738_ARC _B4_slice7-Ort.czi,adult,pomc,upper
847,39.0,43.02564102564103,1678.0000000000002,K738_ARC _B4_slice7-Ort.czi,adult,pomc,upper
848,4.0,20.0,80.0,K738_ARC _B4_slice7-Ort.czi,adult,pomc,upper
849,19.0,36.68421052631579,697.0,K738_ARC _B4_slice7-Ort.czi,adult,pomc,upper
850,84.0,30.226190476190474,2539.0,K738_ARC _B4_slice7-Ort.czi,adult,pomc,upper
851,127.0,33.23622047244095,4221.0,K738_ARC _B4_slice7-Ort.czi,adult,pomc,upper
852,1.0,52.0,52.0,K738_ARC _B4_slice7-Ort.czi,adult,pomc,upper
853,13.0,34.07692307692308,443.00000000000006,K738_ARC _B4_slice7-Ort.czi,adult,pomc,upper
854,17.0,38.76470588235294,659.0,K738_ARC _B4_slice7-Ort.czi,adult,pomc,upper
855,55.0,31.363636363636363,1725.0,K738_ARC _B4_slice7-Ort.czi,adult,pomc,upper
856,23.0,31.652173913043477,728.0,K738_ARC _B4_slice7-Ort.czi,adult,pomc,upper
857,1.0,19.0,19.0,K738_ARC _B4_slice7-Ort.czi,adult,pomc,upper
858,1.0,40.0,40.0,K738_ARC _B4_slice7-Ort.czi,adult,pomc,upper
859,36.0,33.30555555555556,1199.0,K738_ARC _B4_slice7-Ort.czi,adult,pomc,upper
860,95.0,38.294736842105266,3638.0000000000005,K738_ARC _B4_slice7-Ort.czi,adult,pomc,upper
861,196.0,32.066326530612244,6285.0,K738_ARC _B4_slice7-Ort.czi,adult,pomc,upper
862,1.0,36.0,36.0,K738_ARC _B4_slice7-Ort.czi,adult,pomc,upper
863,103.0,33.300970873786405,3429.9999999999995,K738_ARC _B4_slice7-Ort.czi,adult,pomc,upper
864,44.0,33.5,1474.0,K738_ARC _B4_slice7-Ort.czi,adult,pomc,upper
865,1.0,34.0,34.0,K738_ARC _B4_slice7-Ort.czi,adult,pomc,upper
866,17.0,30.705882352941178,522.0,K738_ARC _B4_slice7-Ort.czi,adult,pomc,upper
867,34.0,31.764705882352942,1080.0,K738_ARC _B4_slice7-Ort.czi,adult,pomc,upper
868,296.0,145.6283783783784,43106.0,K738_ARC _B4_slice7-Ort.czi,adult,pomc,upper
869,16.0,31.4375,503.0,K738_ARC _B4_slice7-Ort.czi,adult,pomc,upper
870,3.0,29.0,87.0,K738_ARC _B4_slice7-Ort.czi,adult,pomc,upper
871,36.0,29.75,1071.0,K738_ARC _B4_slice7-Ort.czi,adult,pomc,upper
872,100.0,31.44,3144.0,K738_ARC _B4_slice7-Ort.czi,adult,pomc,upper
873,39.0,32.35897435897436,1262.0,K738_ARC _B4_slice7-Ort.czi,adult,pomc,upper
874,62.0,33.08064516129032,2051.0,K738_ARC _B4_slice7-Ort.czi,adult,pomc,upper
875,10.0,48.0,480.0,K738_ARC _B4_slice7-Ort.czi,adult,pomc,upper
876,67.0,34.88059701492537,2337.0,K738_ARC _B4_slice7-Ort.czi,adult,pomc,upper
877,7.0,27.142857142857142,190.0,K738_ARC _B4_slice7-Ort.czi,adult,pomc,upper
878,32.0,32.5625,1042.0,K738_ARC _B4_slice7-Ort.czi,adult,pomc,upper
879,41.0,42.951219512195124,1761.0,K738_ARC _B4_slice7-Ort.czi,adult,pomc,upper
880,13.0,31.384615384615383,408.0,K738_ARC _B4_slice7-Ort.czi,adult,pomc,upper
881,22.0,30.272727272727273,666.0,K738_ARC _B4_slice7-Ort.czi,adult,pomc,upper
882,31.0,32.0,992.0,K738_ARC _B4_slice7-Ort.czi,adult,pomc,upper
883,29.0,32.241379310344826,935.0,K738_ARC _B4_slice7-Ort.czi,adult,pomc,upper
884,13.0,40.84615384615385,531.0,K738_ARC _B4_slice7-Ort.czi,adult,pomc,upper
885,1.0,32.0,32.0,K738_ARC _B4_slice7-Ort.czi,adult,pomc,upper
886,11.0,32.72727272727273,360.0,K738_ARC _B4_slice7-Ort.czi,adult,pomc,upper
887,148.0,31.62837837837838,4681.0,K738_ARC _B4_slice7-Ort.czi,adult,pomc,upper
888,33.0,35.696969696969695,1178.0,K738_ARC _B4_slice7-Ort.czi,adult,pomc,upper
889,18.0,36.94444444444444,665.0,K738_ARC _B4_slice7-Ort.czi,adult,pomc,upper
890,48.0,37.416666666666664,1796.0,K738_ARC _B4_slice7-Ort.czi,adult,pomc,upper
891,210.0,32.89523809523809,6907.999999999999,K738_ARC _B4_slice7-Ort.czi,adult,pomc,upper
892,2.0,33.0,66.0,K738_ARC _B4_slice7-Ort.czi,adult,pomc,upper
893,81.0,38.617283950617285,3128.0,K738_ARC _B4_slice7-Ort.czi,adult,pomc,upper
894,1.0,35.0,35.0,K738_ARC _B4_slice7-Ort.czi,adult,pomc,upper
895,234.0,35.00854700854701,8192.0,K738_ARC _B4_slice7-Ort.czi,adult,pomc,upper
896,1.0,14.0,14.0,K738_ARC _B4_slice7-Ort.czi,adult,pomc,upper
897,144.0,38.951388888888886,5609.0,K738_ARC _B4_slice7-Ort.czi,adult,pomc,upper
898,1.0,18.0,18.0,K738_ARC _B4_slice7-Ort.czi,adult,pomc,upper
899,11.0,29.727272727272727,327.0,K738_ARC _B4_slice7-Ort.czi,adult,pomc,upper
900,28.0,36.17857142857143,1013.0,K738_ARC _B4_slice7-Ort.czi,adult,pomc,upper
901,33.0,41.45454545454545,1368.0,K738_ARC _B4_slice7-Ort.czi,adult,pomc,upper
902,52.0,34.40384615384615,1789.0,K738_ARC _B4_slice7-Ort.czi,adult,pomc,upper
903,69.0,31.840579710144926,2197.0,K738_ARC _B4_slice7-Ort.czi,adult,pomc,upper
904,6.0,36.166666666666664,217.0,K738_ARC _B4_slice7-Ort.czi,adult,pomc,upper
905,1.0,44.0,44.0,K738_ARC _B4_slice7-Ort.czi,adult,pomc,upper
906,58.0,35.10344827586207,2036.0000000000002,K738_ARC _B4_slice7-Ort.czi,adult,pomc,upper
907,10.0,33.3,333.0,K738_ARC _B4_slice7-Ort.czi,adult,pomc,upper
908,73.0,34.75342465753425,2537.0,K738_ARC _B4_slice7-Ort.czi,adult,pomc,upper
909,109.0,33.28440366972477,3627.9999999999995,K738_ARC _B4_slice7-Ort.czi,adult,pomc,upper
910,78.0,31.333333333333332,2444.0,K738_ARC _B4_slice7-Ort.czi,adult,pomc,upper
911,20.0,37.15,743.0,K738_ARC _B4_slice7-Ort.czi,adult,pomc,upper
912,19.0,29.894736842105264,568.0,K738_ARC _B4_slice7-Ort.czi,adult,pomc,upper
913,25.0,28.44,711.0,K738_ARC _B4_slice7-Ort.czi,adult,pomc,upper
914,45.0,32.355555555555554,1456.0,K738_ARC _B4_slice7-Ort.czi,adult,pomc,upper
915,36.0,31.916666666666668,1149.0,K738_ARC _B4_slice7-Ort.czi,adult,pomc,upper
916,5.0,30.8,154.0,K738_ARC _B4_slice7-Ort.czi,adult,pomc,upper
917,3.0,28.666666666666668,86.0,K738_ARC _B4_slice7-Ort.czi,adult,pomc,upper
918,115.0,31.713043478260868,3647.0,K738_ARC _B4_slice7-Ort.czi,adult,pomc,upper
919,96.0,32.010416666666664,3073.0,K738_ARC _B4_slice7-Ort.czi,adult,pomc,upper
920,1.0,62.0,62.0,K738_ARC _B4_slice7-Ort.czi,adult,pomc,upper
921,1.0,19.0,19.0,K738_ARC _B4_slice7-Ort.czi,adult,pomc,upper
922,6.0,25.166666666666668,151.0,K738_ARC _B4_slice7-Ort.czi,adult,pomc,upper
923,28.0,36.75,1029.0,K738_ARC _B4_slice7-Ort.czi,adult,pomc,upper
924,52.0,32.48076923076923,1689.0000000000002,K738_ARC _B4_slice7-Ort.czi,adult,pomc,upper
925,47.0,33.702127659574465,1583.9999999999998,K738_ARC _B4_slice7-Ort.czi,adult,pomc,upper
926,46.0,33.28260869565217,1531.0,K738_ARC _B4_slice7-Ort.czi,adult,pomc,upper
927,22.0,34.0,748.0,K738_ARC _B4_slice7-Ort.czi,adult,pomc,upper
928,1.0,35.0,35.0,K738_ARC _B4_slice7-Ort.czi,adult,pomc,upper
929,13.0,33.38461538461539,434.0,K738_ARC _B4_slice7-Ort.czi,adult,pomc,upper
930,74.0,31.58108108108108,2337.0,K738_ARC _B4_slice7-Ort.czi,adult,pomc,upper
931,1.0,31.0,31.0,K738_ARC _B4_slice7-Ort.czi,adult,pomc,upper
932,69.0,31.92753623188406,2203.0,K738_ARC _B4_slice7-Ort.czi,adult,pomc,upper
933,164.0,31.79268292682927,5214.0,K738_ARC _B4_slice7-Ort.czi,adult,pomc,upper
934,29066.0,32.15244615702195,934543.0,K738_ARC _B4_slice7-Ort.czi,adult,pomc,upper
935,10.0,31.7,317.0,K738_ARC _B4_slice7-Ort.czi,adult,pomc,upper
936,5.0,28.8,144.0,K738_ARC _B4_slice7-Ort.czi,adult,pomc,upper
937,7792.0,31.79799794661191,247770.0,K738_ARC _B4_slice7-Ort.czi,adult,pomc,upper
938,11.0,33.36363636363637,367.00000000000006,K738_ARC _B4_slice7-Ort.czi,adult,pomc,upper
939,22.0,31.59090909090909,695.0,K738_ARC _B4_slice7-Ort.czi,adult,pomc,upper
940,23.0,35.34782608695652,813.0,K738_ARC _B4_slice7-Ort.czi,adult,pomc,upper
941,75.0,34.24,2568.0,K738_ARC _B4_slice7-Ort.czi,adult,pomc,upper
942,112.0,33.232142857142854,3721.9999999999995,K738_ARC _B4_slice7-Ort.czi,adult,pomc,upper
943,38.0,35.39473684210526,1345.0,K738_ARC _B4_slice7-Ort.czi,adult,pomc,upper
944,6.0,27.666666666666668,166.0,K738_ARC _B4_slice7-Ort.czi,adult,pomc,upper
945,82.0,33.59756097560975,2754.9999999999995,K738_ARC _B4_slice7-Ort.czi,adult,pomc,upper
946,63.0,34.142857142857146,2151.0,K738_ARC _B4_slice7-Ort.czi,adult,pomc,upper
947,14418.0,31.77639062283257,458152.0,K738_ARC _B4_slice7-Ort.czi,adult,pomc,upper
948,18.0,40.55555555555556,730.0,K738_ARC _B4_slice7-Ort.czi,adult,pomc,upper
949,29.0,31.448275862068964,912.0,K738_ARC _B4_slice7-Ort.czi,adult,pomc,upper
950,4.0,32.5,130.0,K738_ARC _B4_slice7-Ort.czi,adult,pomc,upper
951,14.0,33.42857142857143,468.0,K738_ARC _B4_slice7-Ort.czi,adult,pomc,upper
952,69.0,34.17391304347826,2358.0,K738_ARC _B4_slice7-Ort.czi,adult,pomc,upper
953,37.0,33.62162162162162,1244.0,K738_ARC _B4_slice7-Ort.czi,adult,pomc,upper
954,76.0,35.31578947368421,2684.0,K738_ARC _B4_slice7-Ort.czi,adult,pomc,upper
955,111.0,34.693693693693696,3851.0000000000005,K738_ARC _B4_slice7-Ort.czi,adult,pomc,upper
956,128.0,35.46875,4540.0,K738_ARC _B4_slice7-Ort.czi,adult,pomc,upper
957,141.0,32.673758865248224,4607.0,K738_ARC _B4_slice7-Ort.czi,adult,pomc,upper
958,51.0,32.549019607843135,1660.0,K738_ARC _B4_slice7-Ort.czi,adult,pomc,upper
959,4262.0,31.314641013608636,133463.0,K738_ARC _B4_slice7-Ort.czi,adult,pomc,upper
960,41.0,31.24390243902439,1281.0,K738_ARC _B4_slice7-Ort.czi,adult,pomc,upper
961,106.0,34.235849056603776,3629.0000000000005,K738_ARC _B4_slice7-Ort.czi,adult,pomc,upper
962,43.0,33.06976744186046,1422.0,K738_ARC _B4_slice7-Ort.czi,adult,pomc,upper
963,29.0,41.758620689655174,1211.0,K738_ARC _B4_slice7-Ort.czi,adult,pomc,upper
964,21.0,32.714285714285715,687.0,K738_ARC _B4_slice7-Ort.czi,adult,pomc,upper
965,3.0,22.666666666666668,68.0,K738_ARC _B4_slice7-Ort.czi,adult,pomc,upper
966,93.0,30.93548387096774,2877.0,K738_ARC _B4_slice7-Ort.czi,adult,pomc,upper
967,103.0,37.62135922330097,3875.0,K738_ARC _B4_slice7-Ort.czi,adult,pomc,upper
968,34.0,32.14705882352941,1093.0,K738_ARC _B4_slice7-Ort.czi,adult,pomc,upper
969,67.0,32.507462686567166,2178.0,K738_ARC _B4_slice7-Ort.czi,adult,pomc,upper
970,70.0,35.871428571428574,2511.0,K738_ARC _B4_slice7-Ort.czi,adult,pomc,upper
971,69.0,29.47826086956522,2034.0,K738_ARC _B4_slice7-Ort.czi,adult,pomc,upper
972,54.0,35.01851851851852,1891.0,K738_ARC _B4_slice7-Ort.czi,adult,pomc,upper
973,9.0,30.22222222222222,272.0,K738_ARC _B4_slice7-Ort.czi,adult,pomc,upper
974,65.0,32.12307692307692,2088.0,K738_ARC _B4_slice7-Ort.czi,adult,pomc,upper
975,3.0,27.0,81.0,K738_ARC _B4_slice7-Ort.czi,adult,pomc,upper
976,10.0,34.6,346.0,K738_ARC _B4_slice7-Ort.czi,adult,pomc,upper
977,8.0,38.0,304.0,K738_ARC _B4_slice7-Ort.czi,adult,pomc,upper
978,39.0,30.153846153846153,1176.0,K738_ARC _B4_slice7-Ort.czi,adult,pomc,upper
979,19.0,30.31578947368421,576.0,K738_ARC _B4_slice7-Ort.czi,adult,pomc,upper
980,24.0,35.0,840.0,K738_ARC _B4_slice7-Ort.czi,adult,pomc,upper
981,79.0,29.620253164556964,2340.0,K738_ARC _B4_slice7-Ort.czi,adult,pomc,upper
982,46.0,34.67391304347826,1594.9999999999998,K738_ARC _B4_slice7-Ort.czi,adult,pomc,upper
983,49.0,34.83673469387755,1707.0,K738_ARC _B4_slice7-Ort.czi,adult,pomc,upper
984,1.0,12.0,12.0,K738_ARC _B4_slice7-Ort.czi,adult,pomc,upper
985,17.0,31.529411764705884,536.0,K738_ARC _B4_slice7-Ort.czi,adult,pomc,upper
986,85.0,34.50588235294118,2933.0,K738_ARC _B4_slice7-Ort.czi,adult,pomc,upper
987,14.0,30.357142857142858,425.0,K738_ARC _B4_slice7-Ort.czi,adult,pomc,upper
988,79.0,32.74683544303797,2587.0,K738_ARC _B4_slice7-Ort.czi,adult,pomc,upper
989,15.0,38.6,579.0,K738_ARC _B4_slice7-Ort.czi,adult,pomc,upper
990,2.0,25.0,50.0,K738_ARC _B4_slice7-Ort.czi,adult,pomc,upper
991,20.0,48.8,976.0,K738_ARC _B4_slice7-Ort.czi,adult,pomc,upper
992,62.0,33.91935483870968,2103.0,K738_ARC _B4_slice7-Ort.czi,adult,pomc,upper
993,49.0,47.40816326530612,2323.0,K738_ARC _B4_slice7-Ort.czi,adult,pomc,upper
994,289.0,36.01384083044983,10408.0,K738_ARC _B4_slice7-Ort.czi,adult,pomc,upper
995,123.0,30.536585365853657,3756.0,K738_ARC _B4_slice7-Ort.czi,adult,pomc,upper
996,56.0,33.32142857142857,1866.0,K738_ARC _B4_slice7-Ort.czi,adult,pomc,upper
997,96.0,33.302083333333336,3197.0,K738_ARC _B4_slice7-Ort.czi,adult,pomc,upper
998,94.0,33.744680851063826,3171.9999999999995,K738_ARC _B4_slice7-Ort.czi,adult,pomc,upper
999,147.0,31.761904761904763,4669.0,K738_ARC _B4_slice7-Ort.czi,adult,pomc,upper
1000,11.0,28.818181818181817,317.0,K738_ARC _B4_slice7-Ort.czi,adult,pomc,upper
1001,48.0,32.958333333333336,1582.0,K738_ARC _B4_slice7-Ort.czi,adult,pomc,upper
1002,1.0,25.0,25.0,K738_ARC _B4_slice7-Ort.czi,adult,pomc,upper
1003,220.0,34.18636363636364,7521.0,K738_ARC _B4_slice7-Ort.czi,adult,pomc,upper
1004,53.0,33.9811320754717,1801.0,K738_ARC _B4_slice7-Ort.czi,adult,pomc,upper
1005,17.0,27.235294117647058,463.0,K738_ARC _B4_slice7-Ort.czi,adult,pomc,upper
1006,27.0,35.03703703703704,946.0,K738_ARC _B4_slice7-Ort.czi,adult,pomc,upper
1007,32.0,36.46875,1167.0,K738_ARC _B4_slice7-Ort.czi,adult,pomc,upper
1008,33.0,29.87878787878788,986.0,K738_ARC _B4_slice7-Ort.czi,adult,pomc,upper
1009,132.0,36.17424242424242,4775.0,K738_ARC _B4_slice7-Ort.czi,adult,pomc,upper
1010,59.0,32.50847457627118,1917.9999999999998,K738_ARC _B4_slice7-Ort.czi,adult,pomc,upper
1011,27.0,32.407407407407405,874.9999999999999,K738_ARC _B4_slice7-Ort.czi,adult,pomc,upper
1012,47.0,33.723404255319146,1584.9999999999998,K738_ARC _B4_slice7-Ort.czi,adult,pomc,upper
1013,138.0,31.27536231884058,4316.0,K738_ARC _B4_slice7-Ort.czi,adult,pomc,upper
1014,12.0,32.583333333333336,391.0,K738_ARC _B4_slice7-Ort.czi,adult,pomc,upper
1015,14.0,44.642857142857146,625.0,K738_ARC _B4_slice7-Ort.czi,adult,pomc,upper
1016,137.0,32.058394160583944,4392.0,K738_ARC _B4_slice7-Ort.czi,adult,pomc,upper
1017,18.0,32.27777777777778,581.0,K738_ARC _B4_slice7-Ort.czi,adult,pomc,upper
1018,82.0,36.21951219512195,2970.0,K738_ARC _B4_slice7-Ort.czi,adult,pomc,upper
1019,26.0,38.84615384615385,1010.0,K738_ARC _B4_slice7-Ort.czi,adult,pomc,upper
1020,58.0,29.517241379310345,1712.0,K738_ARC _B4_slice7-Ort.czi,adult,pomc,upper
1021,19.0,37.36842105263158,710.0000000000001,K738_ARC _B4_slice7-Ort.czi,adult,pomc,upper
1022,7.0,39.714285714285715,278.0,K738_ARC _B4_slice7-Ort.czi,adult,pomc,upper
1023,121.0,33.97520661157025,4111.0,K738_ARC _B4_slice7-Ort.czi,adult,pomc,upper
1024,34.0,34.26470588235294,1165.0,K738_ARC _B4_slice7-Ort.czi,adult,pomc,upper
1025,396.0,31.08080808080808,12308.0,K738_ARC _B4_slice7-Ort.czi,adult,pomc,upper
1026,153.0,33.3921568627451,5109.0,K738_ARC _B4_slice7-Ort.czi,adult,pomc,upper
1027,1.0,19.0,19.0,K738_ARC _B4_slice7-Ort.czi,adult,pomc,upper
1028,70.0,34.22857142857143,2396.0,K738_ARC _B4_slice7-Ort.czi,adult,pomc,upper
1029,23.0,34.608695652173914,796.0,K738_ARC _B4_slice7-Ort.czi,adult,pomc,upper
1030,46.0,34.23913043478261,1575.0,K738_ARC _B4_slice7-Ort.czi,adult,pomc,upper
1031,19.0,33.68421052631579,640.0,K738_ARC _B4_slice7-Ort.czi,adult,pomc,upper
1032,1.0,36.0,36.0,K738_ARC _B4_slice7-Ort.czi,adult,pomc,upper
1033,182.0,31.752747252747252,5779.0,K738_ARC _B4_slice7-Ort.czi,adult,pomc,upper
1034,149.0,34.81879194630873,5188.000000000001,K738_ARC _B4_slice7-Ort.czi,adult,pomc,upper
1035,9.0,32.333333333333336,291.0,K738_ARC _B4_slice7-Ort.czi,adult,pomc,upper
1036,209.0,31.84688995215311,6656.0,K738_ARC _B4_slice7-Ort.czi,adult,pomc,upper
1037,39.0,47.41025641025641,1849.0,K738_ARC _B4_slice7-Ort.czi,adult,pomc,upper
1038,37.0,34.16216216216216,1264.0,K738_ARC _B4_slice7-Ort.czi,adult,pomc,upper
1039,76.0,36.973684210526315,2810.0,K738_ARC _B4_slice7-Ort.czi,adult,pomc,upper
1040,18.0,30.22222222222222,544.0,K738_ARC _B4_slice7-Ort.czi,adult,pomc,upper
1041,41.0,32.02439024390244,1313.0,K738_ARC _B4_slice7-Ort.czi,adult,pomc,upper
1042,85.0,35.07058823529412,2981.0,K738_ARC _B4_slice7-Ort.czi,adult,pomc,upper
1043,2970.0,29.834343434343435,88608.0,K738_ARC _B4_slice7-Ort.czi,adult,pomc,upper
1044,89.0,33.91011235955056,3018.0,K738_ARC _B4_slice7-Ort.czi,adult,pomc,upper
1045,9.0,31.88888888888889,287.0,K738_ARC _B4_slice7-Ort.czi,adult,pomc,upper
1046,20.0,32.1,642.0,K738_ARC _B4_slice7-Ort.czi,adult,pomc,upper
1047,73.0,34.32876712328767,2506.0,K738_ARC _B4_slice7-Ort.czi,adult,pomc,upper
1048,3.0,39.0,117.0,K738_ARC _B4_slice7-Ort.czi,adult,pomc,upper
1049,75.0,35.52,2664.0000000000005,K738_ARC _B4_slice7-Ort.czi,adult,pomc,upper
1050,3.0,25.666666666666668,77.0,K738_ARC _B4_slice7-Ort.czi,adult,pomc,upper
1051,134.0,35.97014925373134,4820.0,K738_ARC _B4_slice7-Ort.czi,adult,pomc,upper
1052,47.0,35.08510638297872,1649.0,K738_ARC _B4_slice7-Ort.czi,adult,pomc,upper
1053,848.0,32.5,27560.0,K738_ARC _B4_slice7-Ort.czi,adult,pomc,upper
1054,158.0,33.03164556962025,5219.0,K738_ARC _B4_slice7-Ort.czi,adult,pomc,upper
1055,2.0,25.0,50.0,K738_ARC _B4_slice7-Ort.czi,adult,pomc,upper
1056,12.0,38.5,462.0,K738_ARC _B4_slice7-Ort.czi,adult,pomc,upper
1057,19.0,31.842105263157894,605.0,K738_ARC _B4_slice7-Ort.czi,adult,pomc,upper
1058,1.0,30.0,30.0,K738_ARC _B4_slice7-Ort.czi,adult,pomc,upper
1059,93.0,33.086021505376344,3077.0,K738_ARC _B4_slice7-Ort.czi,adult,pomc,upper
1060,1.0,27.0,27.0,K738_ARC _B4_slice7-Ort.czi,adult,pomc,upper
1061,6.0,36.666666666666664,220.0,K738_ARC _B4_slice7-Ort.czi,adult,pomc,upper
1062,42.0,32.476190476190474,1364.0,K738_ARC _B4_slice7-Ort.czi,adult,pomc,upper
1063,57.0,28.894736842105264,1647.0,K738_ARC _B4_slice7-Ort.czi,adult,pomc,upper
1064,61.0,33.9344262295082,2070.0,K738_ARC _B4_slice7-Ort.czi,adult,pomc,upper
1065,1.0,29.0,29.0,K738_ARC _B4_slice7-Ort.czi,adult,pomc,upper
1066,128.0,31.4296875,4023.0,K738_ARC _B4_slice7-Ort.czi,adult,pomc,upper
1067,3041.0,31.966129562643868,97209.0,K738_ARC _B4_slice7-Ort.czi,adult,pomc,upper
1068,86.0,30.930232558139537,2660.0,K738_ARC _B4_slice7-Ort.czi,adult,pomc,upper
1069,3.0,29.0,87.0,K738_ARC _B4_slice7-Ort.czi,adult,pomc,upper
1070,4.0,25.75,103.0,K738_ARC _B4_slice7-Ort.czi,adult,pomc,upper
1071,1.0,16.0,16.0,K738_ARC _B4_slice7-Ort.czi,adult,pomc,upper
1072,28.0,35.42857142857143,992.0,K738_ARC _B4_slice7-Ort.czi,adult,pomc,upper
1073,1.0,20.0,20.0,K738_ARC _B4_slice7-Ort.czi,adult,pomc,upper
1074,5.0,37.4,187.0,K738_ARC _B4_slice7-Ort.czi,adult,pomc,upper
1075,101.0,35.71287128712871,3607.0,K738_ARC _B4_slice7-Ort.czi,adult,pomc,upper
1076,57.0,32.64912280701754,1860.9999999999998,K738_ARC _B4_slice7-Ort.czi,adult,pomc,upper
1077,57.0,33.35087719298246,1901.0000000000002,K738_ARC _B4_slice7-Ort.czi,adult,pomc,upper
1078,34.0,34.529411764705884,1174.0,K738_ARC _B4_slice7-Ort.czi,adult,pomc,upper
1079,112.0,31.839285714285715,3566.0,K738_ARC _B4_slice7-Ort.czi,adult,pomc,upper
1080,32.0,33.0625,1058.0,K738_ARC _B4_slice7-Ort.czi,adult,pomc,upper
1081,4.0,31.5,126.0,K738_ARC _B4_slice7-Ort.czi,adult,pomc,upper
1082,153.0,37.869281045751634,5794.0,K738_ARC _B4_slice7-Ort.czi,adult,pomc,upper
1083,3.0,31.666666666666668,95.0,K738_ARC _B4_slice7-Ort.czi,adult,pomc,upper
1084,213.0,32.1924882629108,6857.0,K738_ARC _B4_slice7-Ort.czi,adult,pomc,upper
1085,41.0,31.70731707317073,1300.0,K738_ARC _B4_slice7-Ort.czi,adult,pomc,upper
1086,16.0,30.0625,481.0,K738_ARC _B4_slice7-Ort.czi,adult,pomc,upper
1087,30.0,38.733333333333334,1162.0,K738_ARC _B4_slice7-Ort.czi,adult,pomc,upper
1088,109.0,32.22018348623853,3512.0,K738_ARC _B4_slice7-Ort.czi,adult,pomc,upper
1089,33.0,29.303030303030305,967.0,K738_ARC _B4_slice7-Ort.czi,adult,pomc,upper
1090,50.0,34.12,1705.9999999999998,K738_ARC _B4_slice7-Ort.czi,adult,pomc,upper
1091,64.0,36.21875,2318.0,K738_ARC _B4_slice7-Ort.czi,adult,pomc,upper
1092,40.0,34.05,1362.0,K738_ARC _B4_slice7-Ort.czi,adult,pomc,upper
1093,20.0,32.55,651.0,K738_ARC _B4_slice7-Ort.czi,adult,pomc,upper
1094,23.0,26.869565217391305,618.0,K738_ARC _B4_slice7-Ort.czi,adult,pomc,upper
1095,55.0,37.981818181818184,2089.0,K738_ARC _B4_slice7-Ort.czi,adult,pomc,upper
1096,5.0,32.6,163.0,K738_ARC _B4_slice7-Ort.czi,adult,pomc,upper
1097,117.0,33.41880341880342,3910.0000000000005,K738_ARC _B4_slice7-Ort.czi,adult,pomc,upper
1098,43.0,36.16279069767442,1555.0,K738_ARC _B4_slice7-Ort.czi,adult,pomc,upper
1099,134.0,30.21641791044776,4049.0,K738_ARC _B4_slice7-Ort.czi,adult,pomc,upper
1100,119.0,31.73109243697479,3776.0,K738_ARC _B4_slice7-Ort.czi,adult,pomc,upper
1101,211.0,32.241706161137444,6803.000000000001,K738_ARC _B4_slice7-Ort.czi,adult,pomc,upper
1102,25.0,36.24,906.0,K738_ARC _B4_slice7-Ort.czi,adult,pomc,upper
1103,878.0,33.03644646924829,29006.0,K738_ARC _B4_slice7-Ort.czi,adult,pomc,upper
1104,1.0,55.0,55.0,K738_ARC _B4_slice7-Ort.czi,adult,pomc,upper
1105,212.0,33.77358490566038,7160.0,K738_ARC _B4_slice7-Ort.czi,adult,pomc,upper
1106,4.0,17.75,71.0,K738_ARC _B4_slice7-Ort.czi,adult,pomc,upper
1107,1.0,34.0,34.0,K738_ARC _B4_slice7-Ort.czi,adult,pomc,upper
1108,1.0,45.0,45.0,K738_ARC _B4_slice7-Ort.czi,adult,pomc,upper
1109,34.0,32.794117647058826,1115.0,K738_ARC _B4_slice7-Ort.czi,adult,pomc,upper
1110,2.0,35.5,71.0,K738_ARC _B4_slice7-Ort.czi,adult,pomc,upper
1111,57.0,36.87719298245614,2102.0,K738_ARC _B4_slice7-Ort.czi,adult,pomc,upper
1112,100.0,31.09,3109.0,K738_ARC _B4_slice7-Ort.czi,adult,pomc,upper
1113,238.0,36.390756302521005,8661.0,K738_ARC _B4_slice7-Ort.czi,adult,pomc,upper
1114,29.0,34.41379310344828,998.0,K738_ARC _B4_slice7-Ort.czi,adult,pomc,upper
1115,35.0,31.685714285714287,1109.0,K738_ARC _B4_slice7-Ort.czi,adult,pomc,upper
1116,39.0,32.97435897435897,1285.9999999999998,K738_ARC _B4_slice7-Ort.czi,adult,pomc,upper
1117,61.0,33.65573770491803,2053.0,K738_ARC _B4_slice7-Ort.czi,adult,pomc,upper
1118,164.0,35.34146341463415,5796.0,K738_ARC _B4_slice7-Ort.czi,adult,pomc,upper
1119,2547.0,38.074597565763646,96976.00000000001,K738_ARC _B4_slice7-Ort.czi,adult,pomc,upper
1120,18.0,42.111111111111114,758.0,K738_ARC _B4_slice7-Ort.czi,adult,pomc,upper
1121,15.0,41.53333333333333,623.0,K738_ARC _B4_slice7-Ort.czi,adult,pomc,upper
1122,12.0,35.833333333333336,430.0,K738_ARC _B4_slice7-Ort.czi,adult,pomc,upper
1123,14.0,27.857142857142858,390.0,K738_ARC _B4_slice7-Ort.czi,adult,pomc,upper
1124,173.0,38.59537572254335,6677.0,K738_ARC _B4_slice7-Ort.czi,adult,pomc,upper
1125,380.0,34.578947368421055,13140.0,K738_ARC _B4_slice7-Ort.czi,adult,pomc,upper
1126,91.0,35.68131868131868,3247.0,K738_ARC _B4_slice7-Ort.czi,adult,pomc,upper
1127,26.0,29.884615384615383,777.0,K738_ARC _B4_slice7-Ort.czi,adult,pomc,upper
1128,200.0,30.28,6056.0,K738_ARC _B4_slice7-Ort.czi,adult,pomc,upper
1129,118.0,34.16949152542373,4032.0,K738_ARC _B4_slice7-Ort.czi,adult,pomc,upper
1,32.0,164.8125,5274.0,J995_ARC _B4_slice8-Ort.czi,adult,pomc,upper
1,16.0,18.375,294.0,J987_ARC _C3_slice5-Ort.czi,adult,pomc,upper
2,50.0,17.68,884.0,J987_ARC _C3_slice5-Ort.czi,adult,pomc,upper
3,51.0,20.137254901960784,1027.0,J987_ARC _C3_slice5-Ort.czi,adult,pomc,upper
4,104.0,17.528846153846153,1823.0,J987_ARC _C3_slice5-Ort.czi,adult,pomc,upper
5,199.0,18.547738693467338,3691.0,J987_ARC _C3_slice5-Ort.czi,adult,pomc,upper
6,71.0,19.774647887323944,1404.0,J987_ARC _C3_slice5-Ort.czi,adult,pomc,upper
7,114.0,17.280701754385966,1970.0,J987_ARC _C3_slice5-Ort.czi,adult,pomc,upper
8,2.0,18.0,36.0,J987_ARC _C3_slice5-Ort.czi,adult,pomc,upper
9,22.0,18.454545454545453,406.0,J987_ARC _C3_slice5-Ort.czi,adult,pomc,upper
10,107.0,16.57943925233645,1774.0,J987_ARC _C3_slice5-Ort.czi,adult,pomc,upper
11,116.0,17.698275862068964,2053.0,J987_ARC _C3_slice5-Ort.czi,adult,pomc,upper
12,15.0,18.333333333333332,275.0,J987_ARC _C3_slice5-Ort.czi,adult,pomc,upper
13,29.0,18.620689655172413,540.0,J987_ARC _C3_slice5-Ort.czi,adult,pomc,upper
14,1.0,18.0,18.0,J987_ARC _C3_slice5-Ort.czi,adult,pomc,upper
15,10.0,18.9,189.0,J987_ARC _C3_slice5-Ort.czi,adult,pomc,upper
16,7.0,12.714285714285714,89.0,J987_ARC _C3_slice5-Ort.czi,adult,pomc,upper
17,4.0,15.25,61.0,J987_ARC _C3_slice5-Ort.czi,adult,pomc,upper
18,1.0,23.0,23.0,J987_ARC _C3_slice5-Ort.czi,adult,pomc,upper
19,6.0,15.166666666666666,91.0,J987_ARC _C3_slice5-Ort.czi,adult,pomc,upper
20,165.0,16.363636363636363,2700.0,J987_ARC _C3_slice5-Ort.czi,adult,pomc,upper
21,41.0,17.341463414634145,710.9999999999999,J987_ARC _C3_slice5-Ort.czi,adult,pomc,upper
22,22.0,21.545454545454547,474.0,J987_ARC _C3_slice5-Ort.czi,adult,pomc,upper
23,10.0,14.7,147.0,J987_ARC _C3_slice5-Ort.czi,adult,pomc,upper
24,99.0,18.757575757575758,1857.0,J987_ARC _C3_slice5-Ort.czi,adult,pomc,upper
25,13.0,18.692307692307693,243.0,J987_ARC _C3_slice5-Ort.czi,adult,pomc,upper
26,132.0,17.5,2310.0,J987_ARC _C3_slice5-Ort.czi,adult,pomc,upper
27,69.0,15.985507246376812,1103.0,J987_ARC _C3_slice5-Ort.czi,adult,pomc,upper
28,515.0,16.601941747572816,8550.0,J987_ARC _C3_slice5-Ort.czi,adult,pomc,upper
29,189.0,17.825396825396826,3369.0,J987_ARC _C3_slice5-Ort.czi,adult,pomc,upper
30,49.0,17.081632653061224,837.0,J987_ARC _C3_slice5-Ort.czi,adult,pomc,upper
31,109.0,17.889908256880734,1950.0,J987_ARC _C3_slice5-Ort.czi,adult,pomc,upper
32,2.0,20.5,41.0,J987_ARC _C3_slice5-Ort.czi,adult,pomc,upper
33,24.0,16.958333333333332,407.0,J987_ARC _C3_slice5-Ort.czi,adult,pomc,upper
34,1.0,11.0,11.0,J987_ARC _C3_slice5-Ort.czi,adult,pomc,upper
35,25.0,17.12,428.0,J987_ARC _C3_slice5-Ort.czi,adult,pomc,upper
36,41.0,15.21951219512195,624.0,J987_ARC _C3_slice5-Ort.czi,adult,pomc,upper
37,19.0,16.42105263157895,312.0,J987_ARC _C3_slice5-Ort.czi,adult,pomc,upper
38,230.0,17.830434782608695,4101.0,J987_ARC _C3_slice5-Ort.czi,adult,pomc,upper
39,32.0,13.21875,423.0,J987_ARC _C3_slice5-Ort.czi,adult,pomc,upper
40,13.0,15.692307692307692,204.0,J987_ARC _C3_slice5-Ort.czi,adult,pomc,upper
41,18.0,20.555555555555557,370.0,J987_ARC _C3_slice5-Ort.czi,adult,pomc,upper
42,66.0,16.318181818181817,1077.0,J987_ARC _C3_slice5-Ort.czi,adult,pomc,upper
43,35.0,16.485714285714284,576.9999999999999,J987_ARC _C3_slice5-Ort.czi,adult,pomc,upper
44,149.0,18.22818791946309,2716.0000000000005,J987_ARC _C3_slice5-Ort.czi,adult,pomc,upper
45,209.0,17.473684210526315,3652.0,J987_ARC _C3_slice5-Ort.czi,adult,pomc,upper
46,81.0,19.234567901234566,1557.9999999999998,J987_ARC _C3_slice5-Ort.czi,adult,pomc,upper
47,14.0,15.785714285714286,221.0,J987_ARC _C3_slice5-Ort.czi,adult,pomc,upper
48,59.0,17.440677966101696,1029.0,J987_ARC _C3_slice5-Ort.czi,adult,pomc,upper
49,18.0,17.944444444444443,323.0,J987_ARC _C3_slice5-Ort.czi,adult,pomc,upper
50,49.0,15.918367346938776,780.0,J987_ARC _C3_slice5-Ort.czi,adult,pomc,upper
51,1.0,17.0,17.0,J987_ARC _C3_slice5-Ort.czi,adult,pomc,upper
52,77.0,20.285714285714285,1562.0,J987_ARC _C3_slice5-Ort.czi,adult,pomc,upper
53,1.0,20.0,20.0,J987_ARC _C3_slice5-Ort.czi,adult,pomc,upper
54,46.0,15.652173913043478,720.0,J987_ARC _C3_slice5-Ort.czi,adult,pomc,upper
55,10.0,15.5,155.0,J987_ARC _C3_slice5-Ort.czi,adult,pomc,upper
56,22.0,17.40909090909091,383.0,J987_ARC _C3_slice5-Ort.czi,adult,pomc,upper
57,76.0,18.605263157894736,1414.0,J987_ARC _C3_slice5-Ort.czi,adult,pomc,upper
58,26.0,14.807692307692308,385.0,J987_ARC _C3_slice5-Ort.czi,adult,pomc,upper
59,268.0,17.71268656716418,4747.0,J987_ARC _C3_slice5-Ort.czi,adult,pomc,upper
60,59.0,15.864406779661017,936.0,J987_ARC _C3_slice5-Ort.czi,adult,pomc,upper
61,10.0,15.2,152.0,J987_ARC _C3_slice5-Ort.czi,adult,pomc,upper
62,45.0,15.777777777777779,710.0,J987_ARC _C3_slice5-Ort.czi,adult,pomc,upper
63,19.0,16.68421052631579,317.00000000000006,J987_ARC _C3_slice5-Ort.czi,adult,pomc,upper
64,20.0,17.95,359.0,J987_ARC _C3_slice5-Ort.czi,adult,pomc,upper
65,10.0,15.9,159.0,J987_ARC _C3_slice5-Ort.czi,adult,pomc,upper
66,180.0,17.783333333333335,3201.0000000000005,J987_ARC _C3_slice5-Ort.czi,adult,pomc,upper
67,7.0,17.0,119.0,J987_ARC _C3_slice5-Ort.czi,adult,pomc,upper
68,34.0,16.235294117647058,552.0,J987_ARC _C3_slice5-Ort.czi,adult,pomc,upper
69,10.0,13.0,130.0,J987_ARC _C3_slice5-Ort.czi,adult,pomc,upper
70,13.0,12.692307692307692,165.0,J987_ARC _C3_slice5-Ort.czi,adult,pomc,upper
71,246.0,16.524390243902438,4065.0,J987_ARC _C3_slice5-Ort.czi,adult,pomc,upper
72,18.0,19.38888888888889,349.0,J987_ARC _C3_slice5-Ort.czi,adult,pomc,upper
73,2.0,11.0,22.0,J987_ARC _C3_slice5-Ort.czi,adult,pomc,upper
74,23.0,17.130434782608695,394.0,J987_ARC _C3_slice5-Ort.czi,adult,pomc,upper
75,26.0,16.615384615384617,432.00000000000006,J987_ARC _C3_slice5-Ort.czi,adult,pomc,upper
76,240.0,20.245833333333334,4859.0,J987_ARC _C3_slice5-Ort.czi,adult,pomc,upper
77,3.0,18.333333333333332,55.0,J987_ARC _C3_slice5-Ort.czi,adult,pomc,upper
78,70.0,17.228571428571428,1206.0,J987_ARC _C3_slice5-Ort.czi,adult,pomc,upper
79,80.0,16.575,1326.0,J987_ARC _C3_slice5-Ort.czi,adult,pomc,upper
80,10.0,21.3,213.0,J987_ARC _C3_slice5-Ort.czi,adult,pomc,upper
81,3.0,12.333333333333334,37.0,J987_ARC _C3_slice5-Ort.czi,adult,pomc,upper
82,15.0,22.666666666666668,340.0,J987_ARC _C3_slice5-Ort.czi,adult,pomc,upper
83,25.0,16.84,421.0,J987_ARC _C3_slice5-Ort.czi,adult,pomc,upper
84,74.0,15.864864864864865,1174.0,J987_ARC _C3_slice5-Ort.czi,adult,pomc,upper
85,80.0,16.4625,1317.0,J987_ARC _C3_slice5-Ort.czi,adult,pomc,upper
86,1.0,13.0,13.0,J987_ARC _C3_slice5-Ort.czi,adult,pomc,upper
87,58.0,17.275862068965516,1001.9999999999999,J987_ARC _C3_slice5-Ort.czi,adult,pomc,upper
88,37.0,17.18918918918919,636.0,J987_ARC _C3_slice5-Ort.czi,adult,pomc,upper
89,82.0,16.365853658536587,1342.0,J987_ARC _C3_slice5-Ort.czi,adult,pomc,upper
90,10.0,14.0,140.0,J987_ARC _C3_slice5-Ort.czi,adult,pomc,upper
91,1.0,13.0,13.0,J987_ARC _C3_slice5-Ort.czi,adult,pomc,upper
92,1.0,21.0,21.0,J987_ARC _C3_slice5-Ort.czi,adult,pomc,upper
93,2.0,13.0,26.0,J987_ARC _C3_slice5-Ort.czi,adult,pomc,upper
94,2.0,14.5,29.0,J987_ARC _C3_slice5-Ort.czi,adult,pomc,upper
95,37.0,19.2972972972973,714.0,J987_ARC _C3_slice5-Ort.czi,adult,pomc,upper
96,13.0,16.46153846153846,213.99999999999997,J987_ARC _C3_slice5-Ort.czi,adult,pomc,upper
97,37.0,16.18918918918919,599.0,J987_ARC _C3_slice5-Ort.czi,adult,pomc,upper
98,74.0,15.91891891891892,1178.0,J987_ARC _C3_slice5-Ort.czi,adult,pomc,upper
99,8.0,16.25,130.0,J987_ARC _C3_slice5-Ort.czi,adult,pomc,upper
100,1.0,18.0,18.0,J987_ARC _C3_slice5-Ort.czi,adult,pomc,upper
101,1.0,9.0,9.0,J987_ARC _C3_slice5-Ort.czi,adult,pomc,upper
102,15.0,16.6,249.00000000000003,J987_ARC _C3_slice5-Ort.czi,adult,pomc,upper
103,1.0,14.0,14.0,J987_ARC _C3_slice5-Ort.czi,adult,pomc,upper
104,18.0,16.22222222222222,292.0,J987_ARC _C3_slice5-Ort.czi,adult,pomc,upper
105,1.0,18.0,18.0,J987_ARC _C3_slice5-Ort.czi,adult,pomc,upper
106,65.0,18.03076923076923,1172.0,J987_ARC _C3_slice5-Ort.czi,adult,pomc,upper
107,7.0,21.714285714285715,152.0,J987_ARC _C3_slice5-Ort.czi,adult,pomc,upper
108,16.0,18.5,296.0,J987_ARC _C3_slice5-Ort.czi,adult,pomc,upper
109,322.0,18.319875776397517,5899.0,J987_ARC _C3_slice5-Ort.czi,adult,pomc,upper
110,2.0,11.0,22.0,J987_ARC _C3_slice5-Ort.czi,adult,pomc,upper
111,7.0,16.571428571428573,116.00000000000001,J987_ARC _C3_slice5-Ort.czi,adult,pomc,upper
112,11.0,18.272727272727273,201.0,J987_ARC _C3_slice5-Ort.czi,adult,pomc,upper
113,34.0,16.235294117647058,552.0,J987_ARC _C3_slice5-Ort.czi,adult,pomc,upper
114,12.0,15.583333333333334,187.0,J987_ARC _C3_slice5-Ort.czi,adult,pomc,upper
115,582.0,20.83676975945017,12127.0,J987_ARC _C3_slice5-Ort.czi,adult,pomc,upper
116,60.0,17.1,1026.0,J987_ARC _C3_slice5-Ort.czi,adult,pomc,upper
117,22.0,15.454545454545455,340.0,J987_ARC _C3_slice5-Ort.czi,adult,pomc,upper
118,1.0,15.0,15.0,J987_ARC _C3_slice5-Ort.czi,adult,pomc,upper
119,57.0,18.56140350877193,1058.0,J987_ARC _C3_slice5-Ort.czi,adult,pomc,upper
120,1.0,9.0,9.0,J987_ARC _C3_slice5-Ort.czi,adult,pomc,upper
121,115.0,17.382608695652173,1999.0,J987_ARC _C3_slice5-Ort.czi,adult,pomc,upper
122,50.0,17.06,852.9999999999999,J987_ARC _C3_slice5-Ort.czi,adult,pomc,upper
123,20.0,16.55,331.0,J987_ARC _C3_slice5-Ort.czi,adult,pomc,upper
124,20.0,16.85,337.0,J987_ARC _C3_slice5-Ort.czi,adult,pomc,upper
125,59.0,16.305084745762713,962.0,J987_ARC _C3_slice5-Ort.czi,adult,pomc,upper
126,26.0,17.03846153846154,443.00000000000006,J987_ARC _C3_slice5-Ort.czi,adult,pomc,upper
127,18.0,17.166666666666668,309.0,J987_ARC _C3_slice5-Ort.czi,adult,pomc,upper
128,48.0,19.75,948.0,J987_ARC _C3_slice5-Ort.czi,adult,pomc,upper
129,76.0,18.460526315789473,1403.0,J987_ARC _C3_slice5-Ort.czi,adult,pomc,upper
130,56.0,18.535714285714285,1038.0,J987_ARC _C3_slice5-Ort.czi,adult,pomc,upper
131,107.0,17.897196261682243,1915.0,J987_ARC _C3_slice5-Ort.czi,adult,pomc,upper
132,45.0,15.28888888888889,688.0,J987_ARC _C3_slice5-Ort.czi,adult,pomc,upper
133,39.0,16.076923076923077,627.0,J987_ARC _C3_slice5-Ort.czi,adult,pomc,upper
134,32.0,18.875,604.0,J987_ARC _C3_slice5-Ort.czi,adult,pomc,upper
135,6.0,18.5,111.0,J987_ARC _C3_slice5-Ort.czi,adult,pomc,upper
136,45.0,18.488888888888887,831.9999999999999,J987_ARC _C3_slice5-Ort.czi,adult,pomc,upper
137,1.0,19.0,19.0,J987_ARC _C3_slice5-Ort.czi,adult,pomc,upper
138,31.0,17.677419354838708,548.0,J987_ARC _C3_slice5-Ort.czi,adult,pomc,upper
139,28.0,18.5,518.0,J987_ARC _C3_slice5-Ort.czi,adult,pomc,upper
140,8.0,14.25,114.0,J987_ARC _C3_slice5-Ort.czi,adult,pomc,upper
141,1.0,11.0,11.0,J987_ARC _C3_slice5-Ort.czi,adult,pomc,upper
142,69.0,17.347826086956523,1197.0,J987_ARC _C3_slice5-Ort.czi,adult,pomc,upper
143,1.0,19.0,19.0,J987_ARC _C3_slice5-Ort.czi,adult,pomc,upper
144,2.0,22.0,44.0,J987_ARC _C3_slice5-Ort.czi,adult,pomc,upper
145,26.0,15.884615384615385,413.0,J987_ARC _C3_slice5-Ort.czi,adult,pomc,upper
146,35.0,18.228571428571428,638.0,J987_ARC _C3_slice5-Ort.czi,adult,pomc,upper
147,37.0,16.135135135135137,597.0000000000001,J987_ARC _C3_slice5-Ort.czi,adult,pomc,upper
148,107.0,18.46728971962617,1976.0000000000002,J987_ARC _C3_slice5-Ort.czi,adult,pomc,upper
149,9.0,15.444444444444445,139.0,J987_ARC _C3_slice5-Ort.czi,adult,pomc,upper
150,26.0,17.576923076923077,457.0,J987_ARC _C3_slice5-Ort.czi,adult,pomc,upper
151,1.0,12.0,12.0,J987_ARC _C3_slice5-Ort.czi,adult,pomc,upper
152,3.0,11.333333333333334,34.0,J987_ARC _C3_slice5-Ort.czi,adult,pomc,upper
153,24.0,15.083333333333334,362.0,J987_ARC _C3_slice5-Ort.czi,adult,pomc,upper
154,86.0,18.988372093023255,1633.0,J987_ARC _C3_slice5-Ort.czi,adult,pomc,upper
155,24.0,18.458333333333332,443.0,J987_ARC _C3_slice5-Ort.czi,adult,pomc,upper
156,1.0,5.0,5.0,J987_ARC _C3_slice5-Ort.czi,adult,pomc,upper
157,39.0,17.0,663.0,J987_ARC _C3_slice5-Ort.czi,adult,pomc,upper
158,76.0,16.486842105263158,1253.0,J987_ARC _C3_slice5-Ort.czi,adult,pomc,upper
159,25.0,16.6,415.00000000000006,J987_ARC _C3_slice5-Ort.czi,adult,pomc,upper
160,1.0,7.0,7.0,J987_ARC _C3_slice5-Ort.czi,adult,pomc,upper
161,9.0,15.555555555555555,140.0,J987_ARC _C3_slice5-Ort.czi,adult,pomc,upper
162,414.0,19.485507246376812,8067.0,J987_ARC _C3_slice5-Ort.czi,adult,pomc,upper
163,2.0,10.0,20.0,J987_ARC _C3_slice5-Ort.czi,adult,pomc,upper
164,12.0,17.416666666666668,209.0,J987_ARC _C3_slice5-Ort.czi,adult,pomc,upper
165,21.0,17.80952380952381,374.0,J987_ARC _C3_slice5-Ort.czi,adult,pomc,upper
166,30.0,19.866666666666667,596.0,J987_ARC _C3_slice5-Ort.czi,adult,pomc,upper
167,57.0,16.70175438596491,951.9999999999999,J987_ARC _C3_slice5-Ort.czi,adult,pomc,upper
168,23.0,15.521739130434783,357.0,J987_ARC _C3_slice5-Ort.czi,adult,pomc,upper
169,8.0,24.625,197.0,J987_ARC _C3_slice5-Ort.czi,adult,pomc,upper
170,106.0,16.21698113207547,1719.0,J987_ARC _C3_slice5-Ort.czi,adult,pomc,upper
171,62.0,19.741935483870968,1224.0,J987_ARC _C3_slice5-Ort.czi,adult,pomc,upper
172,82.0,18.134146341463413,1487.0,J987_ARC _C3_slice5-Ort.czi,adult,pomc,upper
173,12.0,17.583333333333332,211.0,J987_ARC _C3_slice5-Ort.czi,adult,pomc,upper
174,15.0,21.933333333333334,329.0,J987_ARC _C3_slice5-Ort.czi,adult,pomc,upper
175,36.0,15.055555555555555,542.0,J987_ARC _C3_slice5-Ort.czi,adult,pomc,upper
176,3.0,12.666666666666666,38.0,J987_ARC _C3_slice5-Ort.czi,adult,pomc,upper
177,17.0,17.647058823529413,300.0,J987_ARC _C3_slice5-Ort.czi,adult,pomc,upper
178,98.0,16.06122448979592,1574.0,J987_ARC _C3_slice5-Ort.czi,adult,pomc,upper
179,22.0,14.727272727272727,324.0,J987_ARC _C3_slice5-Ort.czi,adult,pomc,upper
180,23.0,21.08695652173913,484.99999999999994,J987_ARC _C3_slice5-Ort.czi,adult,pomc,upper
181,21.0,19.142857142857142,402.0,J987_ARC _C3_slice5-Ort.czi,adult,pomc,upper
182,46.0,19.565217391304348,900.0,J987_ARC _C3_slice5-Ort.czi,adult,pomc,upper
183,73.0,17.465753424657535,1275.0,J987_ARC _C3_slice5-Ort.czi,adult,pomc,upper
184,29.0,16.413793103448278,476.00000000000006,J987_ARC _C3_slice5-Ort.czi,adult,pomc,upper
185,7.0,14.0,98.0,J987_ARC _C3_slice5-Ort.czi,adult,pomc,upper
186,37.0,17.864864864864863,660.9999999999999,J987_ARC _C3_slice5-Ort.czi,adult,pomc,upper
187,47.0,17.95744680851064,844.0,J987_ARC _C3_slice5-Ort.czi,adult,pomc,upper
188,29.0,20.482758620689655,594.0,J987_ARC _C3_slice5-Ort.czi,adult,pomc,upper
189,16.0,15.0625,241.0,J987_ARC _C3_slice5-Ort.czi,adult,pomc,upper
190,42.0,16.285714285714285,684.0,J987_ARC _C3_slice5-Ort.czi,adult,pomc,upper
191,22.0,16.90909090909091,372.0,J987_ARC _C3_slice5-Ort.czi,adult,pomc,upper
192,2.0,11.0,22.0,J987_ARC _C3_slice5-Ort.czi,adult,pomc,upper
193,38.0,17.105263157894736,650.0,J987_ARC _C3_slice5-Ort.czi,adult,pomc,upper
194,32.0,15.75,504.0,J987_ARC _C3_slice5-Ort.czi,adult,pomc,upper
195,25.0,19.52,488.0,J987_ARC _C3_slice5-Ort.czi,adult,pomc,upper
196,7.0,15.857142857142858,111.0,J987_ARC _C3_slice5-Ort.czi,adult,pomc,upper
197,59.0,18.389830508474578,1085.0,J987_ARC _C3_slice5-Ort.czi,adult,pomc,upper
198,4.0,15.25,61.0,J987_ARC _C3_slice5-Ort.czi,adult,pomc,upper
199,7.0,18.285714285714285,128.0,J987_ARC _C3_slice5-Ort.czi,adult,pomc,upper
200,17.0,21.058823529411764,358.0,J987_ARC _C3_slice5-Ort.czi,adult,pomc,upper
201,5.0,17.8,89.0,J987_ARC _C3_slice5-Ort.czi,adult,pomc,upper
202,18.0,17.444444444444443,314.0,J987_ARC _C3_slice5-Ort.czi,adult,pomc,upper
203,10.0,14.8,148.0,J987_ARC _C3_slice5-Ort.czi,adult,pomc,upper
204,693.0,17.22222222222222,11935.0,J987_ARC _C3_slice5-Ort.czi,adult,pomc,upper
205,21.0,15.619047619047619,328.0,J987_ARC _C3_slice5-Ort.czi,adult,pomc,upper
206,31.0,15.161290322580646,470.0,J987_ARC _C3_slice5-Ort.czi,adult,pomc,upper
207,5.0,15.4,77.0,J987_ARC _C3_slice5-Ort.czi,adult,pomc,upper
208,1.0,18.0,18.0,J987_ARC _C3_slice5-Ort.czi,adult,pomc,upper
209,9.0,20.22222222222222,182.0,J987_ARC _C3_slice5-Ort.czi,adult,pomc,upper
210,26.0,16.923076923076923,440.0,J987_ARC _C3_slice5-Ort.czi,adult,pomc,upper
211,3.0,13.666666666666666,41.0,J987_ARC _C3_slice5-Ort.czi,adult,pomc,upper
212,1.0,29.0,29.0,J987_ARC _C3_slice5-Ort.czi,adult,pomc,upper
213,1.0,17.0,17.0,J987_ARC _C3_slice5-Ort.czi,adult,pomc,upper
214,60.0,18.55,1113.0,J987_ARC _C3_slice5-Ort.czi,adult,pomc,upper
215,1.0,18.0,18.0,J987_ARC _C3_slice5-Ort.czi,adult,pomc,upper
216,18.0,19.333333333333332,348.0,J987_ARC _C3_slice5-Ort.czi,adult,pomc,upper
217,2134.0,20.7863167760075,44358.00000000001,J987_ARC _C3_slice5-Ort.czi,adult,pomc,upper
218,8.0,15.125,121.0,J987_ARC _C3_slice5-Ort.czi,adult,pomc,upper
219,3.0,10.666666666666666,32.0,J987_ARC _C3_slice5-Ort.czi,adult,pomc,upper
220,52.0,17.076923076923077,888.0,J987_ARC _C3_slice5-Ort.czi,adult,pomc,upper
221,5.0,20.0,100.0,J987_ARC _C3_slice5-Ort.czi,adult,pomc,upper
222,4.0,19.75,79.0,J987_ARC _C3_slice5-Ort.czi,adult,pomc,upper
223,3.0,10.0,30.0,J987_ARC _C3_slice5-Ort.czi,adult,pomc,upper
224,37.0,17.91891891891892,663.0,J987_ARC _C3_slice5-Ort.czi,adult,pomc,upper
225,64.0,16.84375,1078.0,J987_ARC _C3_slice5-Ort.czi,adult,pomc,upper
226,33.0,18.90909090909091,624.0,J987_ARC _C3_slice5-Ort.czi,adult,pomc,upper
227,1.0,19.0,19.0,J987_ARC _C3_slice5-Ort.czi,adult,pomc,upper
228,34.0,15.382352941176471,523.0,J987_ARC _C3_slice5-Ort.czi,adult,pomc,upper
229,19.0,17.105263157894736,325.0,J987_ARC _C3_slice5-Ort.czi,adult,pomc,upper
230,25.0,17.32,433.0,J987_ARC _C3_slice5-Ort.czi,adult,pomc,upper
231,2.0,14.0,28.0,J987_ARC _C3_slice5-Ort.czi,adult,pomc,upper
232,88.0,17.443181818181817,1534.9999999999998,J987_ARC _C3_slice5-Ort.czi,adult,pomc,upper
233,1.0,13.0,13.0,J987_ARC _C3_slice5-Ort.czi,adult,pomc,upper
234,22.0,14.590909090909092,321.0,J987_ARC _C3_slice5-Ort.czi,adult,pomc,upper
235,46.0,16.0,736.0,J987_ARC _C3_slice5-Ort.czi,adult,pomc,upper
236,94.0,16.914893617021278,1590.0,J987_ARC _C3_slice5-Ort.czi,adult,pomc,upper
237,24.0,18.166666666666668,436.0,J987_ARC _C3_slice5-Ort.czi,adult,pomc,upper
238,36.0,15.5,558.0,J987_ARC _C3_slice5-Ort.czi,adult,pomc,upper
239,1.0,16.0,16.0,J987_ARC _C3_slice5-Ort.czi,adult,pomc,upper
240,1.0,12.0,12.0,J987_ARC _C3_slice5-Ort.czi,adult,pomc,upper
241,55.0,18.12727272727273,997.0000000000001,J987_ARC _C3_slice5-Ort.czi,adult,pomc,upper
242,24.0,15.875,381.0,J987_ARC _C3_slice5-Ort.czi,adult,pomc,upper
243,33.0,14.787878787878787,488.0,J987_ARC _C3_slice5-Ort.czi,adult,pomc,upper
244,95.0,17.36842105263158,1650.0,J987_ARC _C3_slice5-Ort.czi,adult,pomc,upper
245,18.0,14.88888888888889,268.0,J987_ARC _C3_slice5-Ort.czi,adult,pomc,upper
246,1.0,8.0,8.0,J987_ARC _C3_slice5-Ort.czi,adult,pomc,upper
247,66.0,16.272727272727273,1074.0,J987_ARC _C3_slice5-Ort.czi,adult,pomc,upper
248,169.0,16.875739644970412,2851.9999999999995,J987_ARC _C3_slice5-Ort.czi,adult,pomc,upper
249,3.0,13.0,39.0,J987_ARC _C3_slice5-Ort.czi,adult,pomc,upper
250,2.0,11.0,22.0,J987_ARC _C3_slice5-Ort.czi,adult,pomc,upper
251,8.0,17.25,138.0,J987_ARC _C3_slice5-Ort.czi,adult,pomc,upper
252,1.0,20.0,20.0,J987_ARC _C3_slice5-Ort.czi,adult,pomc,upper
253,5.0,13.6,68.0,J987_ARC _C3_slice5-Ort.czi,adult,pomc,upper
254,1.0,17.0,17.0,J987_ARC _C3_slice5-Ort.czi,adult,pomc,upper
255,1.0,8.0,8.0,J987_ARC _C3_slice5-Ort.czi,adult,pomc,upper
256,50.0,15.62,781.0,J987_ARC _C3_slice5-Ort.czi,adult,pomc,upper
257,1.0,12.0,12.0,J987_ARC _C3_slice5-Ort.czi,adult,pomc,upper
258,11.0,14.818181818181818,163.0,J987_ARC _C3_slice5-Ort.czi,adult,pomc,upper
259,11.0,14.909090909090908,164.0,J987_ARC _C3_slice5-Ort.czi,adult,pomc,upper
260,8.0,18.625,149.0,J987_ARC _C3_slice5-Ort.czi,adult,pomc,upper
261,12.0,13.416666666666666,161.0,J987_ARC _C3_slice5-Ort.czi,adult,pomc,upper
262,2.0,11.0,22.0,J987_ARC _C3_slice5-Ort.czi,adult,pomc,upper
263,6.0,13.833333333333334,83.0,J987_ARC _C3_slice5-Ort.czi,adult,pomc,upper
264,5.0,15.6,78.0,J987_ARC _C3_slice5-Ort.czi,adult,pomc,upper
265,7.0,14.571428571428571,102.0,J987_ARC _C3_slice5-Ort.czi,adult,pomc,upper
266,2.0,12.5,25.0,J987_ARC _C3_slice5-Ort.czi,adult,pomc,upper
267,22.0,16.59090909090909,365.0,J987_ARC _C3_slice5-Ort.czi,adult,pomc,upper
268,129.0,26.186046511627907,3378.0,J987_ARC _C3_slice5-Ort.czi,adult,pomc,upper
269,44.0,17.477272727272727,769.0,J987_ARC _C3_slice5-Ort.czi,adult,pomc,upper
270,186.0,16.56451612903226,3081.0000000000005,J987_ARC _C3_slice5-Ort.czi,adult,pomc,upper
271,66.0,17.136363636363637,1131.0,J987_ARC _C3_slice5-Ort.czi,adult,pomc,upper
272,11.0,13.0,143.0,J987_ARC _C3_slice5-Ort.czi,adult,pomc,upper
273,1.0,13.0,13.0,J987_ARC _C3_slice5-Ort.czi,adult,pomc,upper
274,7.0,15.714285714285714,110.0,J987_ARC _C3_slice5-Ort.czi,adult,pomc,upper
275,9.0,15.88888888888889,143.0,J987_ARC _C3_slice5-Ort.czi,adult,pomc,upper
276,1.0,11.0,11.0,J987_ARC _C3_slice5-Ort.czi,adult,pomc,upper
277,2.0,15.5,31.0,J987_ARC _C3_slice5-Ort.czi,adult,pomc,upper
278,14.0,18.071428571428573,253.00000000000003,J987_ARC _C3_slice5-Ort.czi,adult,pomc,upper
279,9.0,15.666666666666666,141.0,J987_ARC _C3_slice5-Ort.czi,adult,pomc,upper
280,1.0,17.0,17.0,J987_ARC _C3_slice5-Ort.czi,adult,pomc,upper
281,134.0,18.074626865671643,2422.0,J987_ARC _C3_slice5-Ort.czi,adult,pomc,upper
282,11.0,16.818181818181817,184.99999999999997,J987_ARC _C3_slice5-Ort.czi,adult,pomc,upper
283,2.0,15.5,31.0,J987_ARC _C3_slice5-Ort.czi,adult,pomc,upper
284,103.0,15.970873786407767,1645.0,J987_ARC _C3_slice5-Ort.czi,adult,pomc,upper
285,4.0,14.25,57.0,J987_ARC _C3_slice5-Ort.czi,adult,pomc,upper
286,49.0,18.653061224489797,914.0,J987_ARC _C3_slice5-Ort.czi,adult,pomc,upper
287,2.0,15.0,30.0,J987_ARC _C3_slice5-Ort.czi,adult,pomc,upper
288,1.0,17.0,17.0,J987_ARC _C3_slice5-Ort.czi,adult,pomc,upper
289,360.0,32.888888888888886,11839.999999999998,J987_ARC _C3_slice5-Ort.czi,adult,pomc,upper
290,3.0,4.0,12.0,J987_ARC _C3_slice5-Ort.czi,adult,pomc,upper
291,28.0,16.714285714285715,468.0,J987_ARC _C3_slice5-Ort.czi,adult,pomc,upper
292,24.0,19.25,462.0,J987_ARC _C3_slice5-Ort.czi,adult,pomc,upper
293,45.0,20.822222222222223,937.0,J987_ARC _C3_slice5-Ort.czi,adult,pomc,upper
294,1.0,7.0,7.0,J987_ARC _C3_slice5-Ort.czi,adult,pomc,upper
295,11.0,20.545454545454547,226.0,J987_ARC _C3_slice5-Ort.czi,adult,pomc,upper
296,3.0,13.333333333333334,40.0,J987_ARC _C3_slice5-Ort.czi,adult,pomc,upper
297,13.0,18.846153846153847,245.0,J987_ARC _C3_slice5-Ort.czi,adult,pomc,upper
298,85.0,16.058823529411764,1365.0,J987_ARC _C3_slice5-Ort.czi,adult,pomc,upper
299,4.0,16.5,66.0,J987_ARC _C3_slice5-Ort.czi,adult,pomc,upper
300,9.0,13.0,117.0,J987_ARC _C3_slice5-Ort.czi,adult,pomc,upper
301,1.0,27.0,27.0,J987_ARC _C3_slice5-Ort.czi,adult,pomc,upper
302,3.0,24.666666666666668,74.0,J987_ARC _C3_slice5-Ort.czi,adult,pomc,upper
303,13.0,16.53846153846154,215.00000000000003,J987_ARC _C3_slice5-Ort.czi,adult,pomc,upper
304,101.0,17.425742574257427,1760.0000000000002,J987_ARC _C3_slice5-Ort.czi,adult,pomc,upper
305,76.0,17.63157894736842,1340.0,J987_ARC _C3_slice5-Ort.czi,adult,pomc,upper
306,81099.0,18.392359955116586,1491602.0,J987_ARC _C3_slice5-Ort.czi,adult,pomc,upper
307,36.0,16.0,576.0,J987_ARC _C3_slice5-Ort.czi,adult,pomc,upper
308,8.0,13.75,110.0,J987_ARC _C3_slice5-Ort.czi,adult,pomc,upper
309,16.0,19.0,304.0,J987_ARC _C3_slice5-Ort.czi,adult,pomc,upper
310,285.0,30.333333333333332,8645.0,J987_ARC _C3_slice5-Ort.czi,adult,pomc,upper
311,11.0,15.545454545454545,171.0,J987_ARC _C3_slice5-Ort.czi,adult,pomc,upper
312,20.0,19.0,380.0,J987_ARC _C3_slice5-Ort.czi,adult,pomc,upper
313,5.0,12.2,61.0,J987_ARC _C3_slice5-Ort.czi,adult,pomc,upper
314,16.0,17.0625,273.0,J987_ARC _C3_slice5-Ort.czi,adult,pomc,upper
315,89.0,17.56179775280899,1563.0,J987_ARC _C3_slice5-Ort.czi,adult,pomc,upper
316,50.0,15.88,794.0,J987_ARC _C3_slice5-Ort.czi,adult,pomc,upper
317,297.0,25.198653198653197,7484.0,J987_ARC _C3_slice5-Ort.czi,adult,pomc,upper
318,6.0,18.0,108.0,J987_ARC _C3_slice5-Ort.czi,adult,pomc,upper
319,104.0,17.71153846153846,1841.9999999999998,J987_ARC _C3_slice5-Ort.czi,adult,pomc,upper
320,27.0,14.444444444444445,390.0,J987_ARC _C3_slice5-Ort.czi,adult,pomc,upper
321,1.0,21.0,21.0,J987_ARC _C3_slice5-Ort.czi,adult,pomc,upper
322,1.0,17.0,17.0,J987_ARC _C3_slice5-Ort.czi,adult,pomc,upper
323,4.0,17.25,69.0,J987_ARC _C3_slice5-Ort.czi,adult,pomc,upper
324,81.0,16.765432098765434,1358.0000000000002,J987_ARC _C3_slice5-Ort.czi,adult,pomc,upper
325,77.0,16.87012987012987,1299.0,J987_ARC _C3_slice5-Ort.czi,adult,pomc,upper
326,22.0,20.5,451.0,J987_ARC _C3_slice5-Ort.czi,adult,pomc,upper
327,470.0,24.153191489361703,11352.0,J987_ARC _C3_slice5-Ort.czi,adult,pomc,upper
328,54.0,25.462962962962962,1375.0,J987_ARC _C3_slice5-Ort.czi,adult,pomc,upper
329,1.0,12.0,12.0,J987_ARC _C3_slice5-Ort.czi,adult,pomc,upper
330,25.0,21.52,538.0,J987_ARC _C3_slice5-Ort.czi,adult,pomc,upper
331,17.0,16.58823529411765,282.0,J987_ARC _C3_slice5-Ort.czi,adult,pomc,upper
332,80.0,17.4375,1395.0,J987_ARC _C3_slice5-Ort.czi,adult,pomc,upper
333,3119.0,17.92241102917602,55900.0,J987_ARC _C3_slice5-Ort.czi,adult,pomc,upper
334,37.0,16.243243243243242,601.0,J987_ARC _C3_slice5-Ort.czi,adult,pomc,upper
335,12.0,21.416666666666668,257.0,J987_ARC _C3_slice5-Ort.czi,adult,pomc,upper
336,8.0,18.625,149.0,J987_ARC _C3_slice5-Ort.czi,adult,pomc,upper
337,260.0,17.380769230769232,4519.0,J987_ARC _C3_slice5-Ort.czi,adult,pomc,upper
338,43.0,19.441860465116278,836.0,J987_ARC _C3_slice5-Ort.czi,adult,pomc,upper
339,45.0,16.91111111111111,761.0,J987_ARC _C3_slice5-Ort.czi,adult,pomc,upper
340,2.0,23.5,47.0,J987_ARC _C3_slice5-Ort.czi,adult,pomc,upper
341,175.0,17.782857142857143,3112.0,J987_ARC _C3_slice5-Ort.czi,adult,pomc,upper
342,38.0,15.789473684210526,600.0,J987_ARC _C3_slice5-Ort.czi,adult,pomc,upper
343,1.0,17.0,17.0,J987_ARC _C3_slice5-Ort.czi,adult,pomc,upper
344,2.0,13.0,26.0,J987_ARC _C3_slice5-Ort.czi,adult,pomc,upper
345,83.0,17.698795180722893,1469.0000000000002,J987_ARC _C3_slice5-Ort.czi,adult,pomc,upper
346,18.0,18.333333333333332,330.0,J987_ARC _C3_slice5-Ort.czi,adult,pomc,upper
347,58.0,16.224137931034484,941.0000000000001,J987_ARC _C3_slice5-Ort.czi,adult,pomc,upper
348,3730.0,18.261394101876675,68115.0,J987_ARC _C3_slice5-Ort.czi,adult,pomc,upper
349,1.0,13.0,13.0,J987_ARC _C3_slice5-Ort.czi,adult,pomc,upper
350,4.0,28.75,115.0,J987_ARC _C3_slice5-Ort.czi,adult,pomc,upper
351,1.0,22.0,22.0,J987_ARC _C3_slice5-Ort.czi,adult,pomc,upper
352,5.0,13.8,69.0,J987_ARC _C3_slice5-Ort.czi,adult,pomc,upper
353,11.0,18.0,198.0,J987_ARC _C3_slice5-Ort.czi,adult,pomc,upper
354,119.0,23.0,2737.0,J987_ARC _C3_slice5-Ort.czi,adult,pomc,upper
355,5.0,17.2,86.0,J987_ARC _C3_slice5-Ort.czi,adult,pomc,upper
356,1.0,18.0,18.0,J987_ARC _C3_slice5-Ort.czi,adult,pomc,upper
357,46.0,15.58695652173913,717.0,J987_ARC _C3_slice5-Ort.czi,adult,pomc,upper
358,2.0,24.0,48.0,J987_ARC _C3_slice5-Ort.czi,adult,pomc,upper
359,90.0,17.122222222222224,1541.0000000000002,J987_ARC _C3_slice5-Ort.czi,adult,pomc,upper
360,12.0,17.75,213.0,J987_ARC _C3_slice5-Ort.czi,adult,pomc,upper
361,23.0,17.08695652173913,392.99999999999994,J987_ARC _C3_slice5-Ort.czi,adult,pomc,upper
362,36.0,17.22222222222222,620.0,J987_ARC _C3_slice5-Ort.czi,adult,pomc,upper
363,11.0,21.09090909090909,232.0,J987_ARC _C3_slice5-Ort.czi,adult,pomc,upper
364,18.0,14.222222222222221,256.0,J987_ARC _C3_slice5-Ort.czi,adult,pomc,upper
365,66.0,17.78787878787879,1174.0,J987_ARC _C3_slice5-Ort.czi,adult,pomc,upper
366,22.0,16.136363636363637,355.0,J987_ARC _C3_slice5-Ort.czi,adult,pomc,upper
367,10.0,15.0,150.0,J987_ARC _C3_slice5-Ort.czi,adult,pomc,upper
368,4.0,16.0,64.0,J987_ARC _C3_slice5-Ort.czi,adult,pomc,upper
369,42.0,18.214285714285715,765.0,J987_ARC _C3_slice5-Ort.czi,adult,pomc,upper
370,38.0,18.894736842105264,718.0,J987_ARC _C3_slice5-Ort.czi,adult,pomc,upper
371,3.0,12.333333333333334,37.0,J987_ARC _C3_slice5-Ort.czi,adult,pomc,upper
372,2.0,11.5,23.0,J987_ARC _C3_slice5-Ort.czi,adult,pomc,upper
373,17.0,18.705882352941178,318.0,J987_ARC _C3_slice5-Ort.czi,adult,pomc,upper
374,31.0,23.387096774193548,725.0,J987_ARC _C3_slice5-Ort.czi,adult,pomc,upper
375,36.0,18.11111111111111,652.0,J987_ARC _C3_slice5-Ort.czi,adult,pomc,upper
376,6.0,15.666666666666666,94.0,J987_ARC _C3_slice5-Ort.czi,adult,pomc,upper
377,33.0,14.454545454545455,477.0,J987_ARC _C3_slice5-Ort.czi,adult,pomc,upper
378,2.0,13.0,26.0,J987_ARC _C3_slice5-Ort.czi,adult,pomc,upper
379,1.0,17.0,17.0,J987_ARC _C3_slice5-Ort.czi,adult,pomc,upper
380,17.0,21.058823529411764,358.0,J987_ARC _C3_slice5-Ort.czi,adult,pomc,upper
381,19.0,15.631578947368421,297.0,J987_ARC _C3_slice5-Ort.czi,adult,pomc,upper
382,2.0,14.5,29.0,J987_ARC _C3_slice5-Ort.czi,adult,pomc,upper
383,21.0,14.476190476190476,304.0,J987_ARC _C3_slice5-Ort.czi,adult,pomc,upper
384,255.0,16.529411764705884,4215.0,J987_ARC _C3_slice5-Ort.czi,adult,pomc,upper
385,11.0,16.181818181818183,178.00000000000003,J987_ARC _C3_slice5-Ort.czi,adult,pomc,upper
386,15.0,16.866666666666667,253.0,J987_ARC _C3_slice5-Ort.czi,adult,pomc,upper
387,9.0,16.666666666666668,150.0,J987_ARC _C3_slice5-Ort.czi,adult,pomc,upper
388,136.0,16.044117647058822,2182.0,J987_ARC _C3_slice5-Ort.czi,adult,pomc,upper
389,25.0,15.32,383.0,J987_ARC _C3_slice5-Ort.czi,adult,pomc,upper
390,30.0,17.633333333333333,529.0,J987_ARC _C3_slice5-Ort.czi,adult,pomc,upper
391,16.0,15.5625,249.0,J987_ARC _C3_slice5-Ort.czi,adult,pomc,upper
392,2.0,13.5,27.0,J987_ARC _C3_slice5-Ort.czi,adult,pomc,upper
393,74.0,18.54054054054054,1372.0,J987_ARC _C3_slice5-Ort.czi,adult,pomc,upper
394,13.0,19.53846153846154,254.00000000000003,J987_ARC _C3_slice5-Ort.czi,adult,pomc,upper
395,18.0,17.72222222222222,319.0,J987_ARC _C3_slice5-Ort.czi,adult,pomc,upper
396,44.0,23.022727272727273,1013.0,J987_ARC _C3_slice5-Ort.czi,adult,pomc,upper
397,1.0,17.0,17.0,J987_ARC _C3_slice5-Ort.czi,adult,pomc,upper
398,3.0,19.666666666666668,59.0,J987_ARC _C3_slice5-Ort.czi,adult,pomc,upper
399,56.0,17.035714285714285,954.0,J987_ARC _C3_slice5-Ort.czi,adult,pomc,upper
400,103.0,17.825242718446603,1836.0,J987_ARC _C3_slice5-Ort.czi,adult,pomc,upper
401,45.0,18.8,846.0,J987_ARC _C3_slice5-Ort.czi,adult,pomc,upper
402,1.0,16.0,16.0,J987_ARC _C3_slice5-Ort.czi,adult,pomc,upper
403,2.0,22.5,45.0,J987_ARC _C3_slice5-Ort.czi,adult,pomc,upper
404,184.0,17.695652173913043,3256.0,J987_ARC _C3_slice5-Ort.czi,adult,pomc,upper
405,12.0,18.666666666666668,224.0,J987_ARC _C3_slice5-Ort.czi,adult,pomc,upper
406,15.0,22.8,342.0,J987_ARC _C3_slice5-Ort.czi,adult,pomc,upper
407,1.0,9.0,9.0,J987_ARC _C3_slice5-Ort.czi,adult,pomc,upper
408,1.0,11.0,11.0,J987_ARC _C3_slice5-Ort.czi,adult,pomc,upper
409,19.0,23.31578947368421,442.99999999999994,J987_ARC _C3_slice5-Ort.czi,adult,pomc,upper
410,97408.0,17.040479221419186,1659879.0,J987_ARC _C3_slice5-Ort.czi,adult,pomc,upper
411,1.0,13.0,13.0,J987_ARC _C3_slice5-Ort.czi,adult,pomc,upper
412,70.0,16.385714285714286,1147.0,J987_ARC _C3_slice5-Ort.czi,adult,pomc,upper
413,7.0,14.857142857142858,104.0,J987_ARC _C3_slice5-Ort.czi,adult,pomc,upper
414,1.0,12.0,12.0,J987_ARC _C3_slice5-Ort.czi,adult,pomc,upper
415,78.0,15.384615384615385,1200.0,J987_ARC _C3_slice5-Ort.czi,adult,pomc,upper
416,4.0,20.75,83.0,J987_ARC _C3_slice5-Ort.czi,adult,pomc,upper
417,9.0,13.777777777777779,124.0,J987_ARC _C3_slice5-Ort.czi,adult,pomc,upper
418,6.0,15.666666666666666,94.0,J987_ARC _C3_slice5-Ort.czi,adult,pomc,upper
419,1.0,8.0,8.0,J987_ARC _C3_slice5-Ort.czi,adult,pomc,upper
420,26.0,16.884615384615383,438.99999999999994,J987_ARC _C3_slice5-Ort.czi,adult,pomc,upper
421,1.0,17.0,17.0,J987_ARC _C3_slice5-Ort.czi,adult,pomc,upper
422,19.0,21.68421052631579,412.00000000000006,J987_ARC _C3_slice5-Ort.czi,adult,pomc,upper
423,2.0,25.0,50.0,J987_ARC _C3_slice5-Ort.czi,adult,pomc,upper
424,1.0,12.0,12.0,J987_ARC _C3_slice5-Ort.czi,adult,pomc,upper
425,77.0,23.571428571428573,1815.0000000000002,J987_ARC _C3_slice5-Ort.czi,adult,pomc,upper
426,55.0,17.563636363636363,966.0,J987_ARC _C3_slice5-Ort.czi,adult,pomc,upper
427,17.0,14.411764705882353,245.0,J987_ARC _C3_slice5-Ort.czi,adult,pomc,upper
428,1.0,23.0,23.0,J987_ARC _C3_slice5-Ort.czi,adult,pomc,upper
429,32.0,16.25,520.0,J987_ARC _C3_slice5-Ort.czi,adult,pomc,upper
430,35.0,19.62857142857143,687.0,J987_ARC _C3_slice5-Ort.czi,adult,pomc,upper
431,48.0,15.291666666666666,734.0,J987_ARC _C3_slice5-Ort.czi,adult,pomc,upper
432,1.0,13.0,13.0,J987_ARC _C3_slice5-Ort.czi,adult,pomc,upper
433,542.0,16.774907749077492,9092.0,J987_ARC _C3_slice5-Ort.czi,adult,pomc,upper
434,3.0,6.0,18.0,J987_ARC _C3_slice5-Ort.czi,adult,pomc,upper
435,55.0,15.727272727272727,865.0,J987_ARC _C3_slice5-Ort.czi,adult,pomc,upper
436,78.0,27.08974358974359,2113.0,J987_ARC _C3_slice5-Ort.czi,adult,pomc,upper
437,28.0,15.857142857142858,444.0,J987_ARC _C3_slice5-Ort.czi,adult,pomc,upper
438,218.0,16.004587155963304,3489.0,J987_ARC _C3_slice5-Ort.czi,adult,pomc,upper
439,9.0,26.444444444444443,238.0,J987_ARC _C3_slice5-Ort.czi,adult,pomc,upper
440,17.0,19.352941176470587,329.0,J987_ARC _C3_slice5-Ort.czi,adult,pomc,upper
441,64.0,19.265625,1233.0,J987_ARC _C3_slice5-Ort.czi,adult,pomc,upper
442,37.0,18.72972972972973,693.0,J987_ARC _C3_slice5-Ort.czi,adult,pomc,upper
443,23.0,19.130434782608695,440.0,J987_ARC _C3_slice5-Ort.czi,adult,pomc,upper
444,15.0,17.6,264.0,J987_ARC _C3_slice5-Ort.czi,adult,pomc,upper
445,16.0,15.375,246.0,J987_ARC _C3_slice5-Ort.czi,adult,pomc,upper
446,2.0,21.0,42.0,J987_ARC _C3_slice5-Ort.czi,adult,pomc,upper
447,43.0,17.11627906976744,735.9999999999999,J987_ARC _C3_slice5-Ort.czi,adult,pomc,upper
448,47.0,30.382978723404257,1428.0,J987_ARC _C3_slice5-Ort.czi,adult,pomc,upper
449,1.0,18.0,18.0,J987_ARC _C3_slice5-Ort.czi,adult,pomc,upper
450,39.0,18.025641025641026,703.0,J987_ARC _C3_slice5-Ort.czi,adult,pomc,upper
451,1.0,21.0,21.0,J987_ARC _C3_slice5-Ort.czi,adult,pomc,upper
452,78.0,18.5,1443.0,J987_ARC _C3_slice5-Ort.czi,adult,pomc,upper
453,3.0,12.666666666666666,38.0,J987_ARC _C3_slice5-Ort.czi,adult,pomc,upper
454,16.0,14.375,230.0,J987_ARC _C3_slice5-Ort.czi,adult,pomc,upper
455,196.0,16.51530612244898,3237.0,J987_ARC _C3_slice5-Ort.czi,adult,pomc,upper
456,3.0,19.333333333333332,58.0,J987_ARC _C3_slice5-Ort.czi,adult,pomc,upper
457,3.0,16.0,48.0,J987_ARC _C3_slice5-Ort.czi,adult,pomc,upper
458,51.0,21.019607843137255,1072.0,J987_ARC _C3_slice5-Ort.czi,adult,pomc,upper
459,29.0,17.310344827586206,502.0,J987_ARC _C3_slice5-Ort.czi,adult,pomc,upper
460,95.0,18.210526315789473,1730.0,J987_ARC _C3_slice5-Ort.czi,adult,pomc,upper
461,60.0,17.55,1053.0,J987_ARC _C3_slice5-Ort.czi,adult,pomc,upper
462,1.0,18.0,18.0,J987_ARC _C3_slice5-Ort.czi,adult,pomc,upper
463,9.0,18.22222222222222,164.0,J987_ARC _C3_slice5-Ort.czi,adult,pomc,upper
464,9.0,16.88888888888889,152.0,J987_ARC _C3_slice5-Ort.czi,adult,pomc,upper
465,2.0,21.0,42.0,J987_ARC _C3_slice5-Ort.czi,adult,pomc,upper
466,4.0,16.0,64.0,J987_ARC _C3_slice5-Ort.czi,adult,pomc,upper
467,20.0,17.85,357.0,J987_ARC _C3_slice5-Ort.czi,adult,pomc,upper
468,189.0,16.835978835978835,3182.0,J987_ARC _C3_slice5-Ort.czi,adult,pomc,upper
469,118.0,28.983050847457626,3420.0,J987_ARC _C3_slice5-Ort.czi,adult,pomc,upper
470,59.0,16.93220338983051,999.0,J987_ARC _C3_slice5-Ort.czi,adult,pomc,upper
471,101.0,16.752475247524753,1692.0,J987_ARC _C3_slice5-Ort.czi,adult,pomc,upper
472,41.0,17.4390243902439,715.0,J987_ARC _C3_slice5-Ort.czi,adult,pomc,upper
473,26.0,16.807692307692307,437.0,J987_ARC _C3_slice5-Ort.czi,adult,pomc,upper
474,15.0,22.066666666666666,331.0,J987_ARC _C3_slice5-Ort.czi,adult,pomc,upper
475,40.0,18.475,739.0,J987_ARC _C3_slice5-Ort.czi,adult,pomc,upper
476,10.0,17.4,174.0,J987_ARC _C3_slice5-Ort.czi,adult,pomc,upper
477,449.0,15.783964365256125,7087.0,J987_ARC _C3_slice5-Ort.czi,adult,pomc,upper
478,79.0,19.9873417721519,1579.0000000000002,J987_ARC _C3_slice5-Ort.czi,adult,pomc,upper
479,147.0,17.58503401360544,2584.9999999999995,J987_ARC _C3_slice5-Ort.czi,adult,pomc,upper
480,94.0,17.79787234042553,1673.0,J987_ARC _C3_slice5-Ort.czi,adult,pomc,upper
481,32.0,21.0,672.0,J987_ARC _C3_slice5-Ort.czi,adult,pomc,upper
482,27.0,21.14814814814815,571.0,J987_ARC _C3_slice5-Ort.czi,adult,pomc,upper
483,235.0,20.634042553191488,4849.0,J987_ARC _C3_slice5-Ort.czi,adult,pomc,upper
484,40.0,16.1,644.0,J987_ARC _C3_slice5-Ort.czi,adult,pomc,upper
485,7.0,20.0,140.0,J987_ARC _C3_slice5-Ort.czi,adult,pomc,upper
486,136.0,18.11764705882353,2464.0,J987_ARC _C3_slice5-Ort.czi,adult,pomc,upper
487,16.0,24.8125,397.0,J987_ARC _C3_slice5-Ort.czi,adult,pomc,upper
488,140.0,17.8,2492.0,J987_ARC _C3_slice5-Ort.czi,adult,pomc,upper
489,99.0,20.1010101010101,1990.0,J987_ARC _C3_slice5-Ort.czi,adult,pomc,upper
490,65.0,15.292307692307693,994.0,J987_ARC _C3_slice5-Ort.czi,adult,pomc,upper
491,7.0,21.285714285714285,149.0,J987_ARC _C3_slice5-Ort.czi,adult,pomc,upper
492,11.0,22.636363636363637,249.0,J987_ARC _C3_slice5-Ort.czi,adult,pomc,upper
493,3.0,27.0,81.0,J987_ARC _C3_slice5-Ort.czi,adult,pomc,upper
494,3.0,17.0,51.0,J987_ARC _C3_slice5-Ort.czi,adult,pomc,upper
495,14.0,16.357142857142858,229.0,J987_ARC _C3_slice5-Ort.czi,adult,pomc,upper
496,7.0,17.0,119.0,J987_ARC _C3_slice5-Ort.czi,adult,pomc,upper
497,9.0,16.333333333333332,147.0,J987_ARC _C3_slice5-Ort.czi,adult,pomc,upper
498,1.0,17.0,17.0,J987_ARC _C3_slice5-Ort.czi,adult,pomc,upper
499,4.0,27.25,109.0,J987_ARC _C3_slice5-Ort.czi,adult,pomc,upper
500,1.0,10.0,10.0,J987_ARC _C3_slice5-Ort.czi,adult,pomc,upper
501,1.0,8.0,8.0,J987_ARC _C3_slice5-Ort.czi,adult,pomc,upper
502,46.0,16.391304347826086,754.0,J987_ARC _C3_slice5-Ort.czi,adult,pomc,upper
503,12.0,25.666666666666668,308.0,J987_ARC _C3_slice5-Ort.czi,adult,pomc,upper
504,140.0,19.95,2793.0,J987_ARC _C3_slice5-Ort.czi,adult,pomc,upper
505,1.0,11.0,11.0,J987_ARC _C3_slice5-Ort.czi,adult,pomc,upper
506,60.0,20.45,1227.0,J987_ARC _C3_slice5-Ort.czi,adult,pomc,upper
507,1.0,4.0,4.0,J987_ARC _C3_slice5-Ort.czi,adult,pomc,upper
508,40.0,20.35,814.0,J987_ARC _C3_slice5-Ort.czi,adult,pomc,upper
509,35.0,15.4,539.0,J987_ARC _C3_slice5-Ort.czi,adult,pomc,upper
510,47.0,16.70212765957447,785.0,J987_ARC _C3_slice5-Ort.czi,adult,pomc,upper
511,343.0,17.941690962099127,6154.000000000001,J987_ARC _C3_slice5-Ort.czi,adult,pomc,upper
512,25.0,17.92,448.00000000000006,J987_ARC _C3_slice5-Ort.czi,adult,pomc,upper
513,47.0,18.25531914893617,858.0,J987_ARC _C3_slice5-Ort.czi,adult,pomc,upper
514,36.0,23.805555555555557,857.0,J987_ARC _C3_slice5-Ort.czi,adult,pomc,upper
515,1.0,17.0,17.0,J987_ARC _C3_slice5-Ort.czi,adult,pomc,upper
516,21.0,20.095238095238095,422.0,J987_ARC _C3_slice5-Ort.czi,adult,pomc,upper
517,62.0,16.741935483870968,1038.0,J987_ARC _C3_slice5-Ort.czi,adult,pomc,upper
518,19.0,21.105263157894736,401.0,J987_ARC _C3_slice5-Ort.czi,adult,pomc,upper
519,122.0,16.87704918032787,2059.0,J987_ARC _C3_slice5-Ort.czi,adult,pomc,upper
520,17.0,16.11764705882353,274.0,J987_ARC _C3_slice5-Ort.czi,adult,pomc,upper
521,181.0,16.8121546961326,3043.0000000000005,J987_ARC _C3_slice5-Ort.czi,adult,pomc,upper
522,87.0,18.74712643678161,1631.0,J987_ARC _C3_slice5-Ort.czi,adult,pomc,upper
523,6.0,21.0,126.0,J987_ARC _C3_slice5-Ort.czi,adult,pomc,upper
524,51.0,15.137254901960784,772.0,J987_ARC _C3_slice5-Ort.czi,adult,pomc,upper
525,14.0,18.571428571428573,260.0,J987_ARC _C3_slice5-Ort.czi,adult,pomc,upper
526,125.0,18.248,2281.0,J987_ARC _C3_slice5-Ort.czi,adult,pomc,upper
527,1.0,19.0,19.0,J987_ARC _C3_slice5-Ort.czi,adult,pomc,upper
528,1.0,9.0,9.0,J987_ARC _C3_slice5-Ort.czi,adult,pomc,upper
529,1.0,15.0,15.0,J987_ARC _C3_slice5-Ort.czi,adult,pomc,upper
530,4.0,18.25,73.0,J987_ARC _C3_slice5-Ort.czi,adult,pomc,upper
531,48.0,16.625,798.0,J987_ARC _C3_slice5-Ort.czi,adult,pomc,upper
532,111.0,17.2972972972973,1920.0,J987_ARC _C3_slice5-Ort.czi,adult,pomc,upper
533,1.0,10.0,10.0,J987_ARC _C3_slice5-Ort.czi,adult,pomc,upper
534,3.0,15.333333333333334,46.0,J987_ARC _C3_slice5-Ort.czi,adult,pomc,upper
535,2.0,9.0,18.0,J987_ARC _C3_slice5-Ort.czi,adult,pomc,upper
536,6.0,17.166666666666668,103.0,J987_ARC _C3_slice5-Ort.czi,adult,pomc,upper
537,43.0,17.25581395348837,742.0,J987_ARC _C3_slice5-Ort.czi,adult,pomc,upper
538,23.0,17.130434782608695,394.0,J987_ARC _C3_slice5-Ort.czi,adult,pomc,upper
539,1.0,21.0,21.0,J987_ARC _C3_slice5-Ort.czi,adult,pomc,upper
540,2.0,14.5,29.0,J987_ARC _C3_slice5-Ort.czi,adult,pomc,upper
541,5.0,19.8,99.0,J987_ARC _C3_slice5-Ort.czi,adult,pomc,upper
542,24.0,20.333333333333332,488.0,J987_ARC _C3_slice5-Ort.czi,adult,pomc,upper
543,60.0,19.0,1140.0,J987_ARC _C3_slice5-Ort.czi,adult,pomc,upper
544,22.0,17.90909090909091,394.0,J987_ARC _C3_slice5-Ort.czi,adult,pomc,upper
545,4.0,13.5,54.0,J987_ARC _C3_slice5-Ort.czi,adult,pomc,upper
546,1.0,3.0,3.0,J987_ARC _C3_slice5-Ort.czi,adult,pomc,upper
547,64.0,18.0,1152.0,J987_ARC _C3_slice5-Ort.czi,adult,pomc,upper
548,38.0,48.78947368421053,1854.0,J987_ARC _C3_slice5-Ort.czi,adult,pomc,upper
549,15.0,15.933333333333334,239.0,J987_ARC _C3_slice5-Ort.czi,adult,pomc,upper
550,13.0,17.76923076923077,231.0,J987_ARC _C3_slice5-Ort.czi,adult,pomc,upper
551,23.0,16.08695652173913,369.99999999999994,J987_ARC _C3_slice5-Ort.czi,adult,pomc,upper
552,4.0,19.5,78.0,J987_ARC _C3_slice5-Ort.czi,adult,pomc,upper
553,1.0,12.0,12.0,J987_ARC _C3_slice5-Ort.czi,adult,pomc,upper
554,317.0,18.43533123028391,5844.0,J987_ARC _C3_slice5-Ort.czi,adult,pomc,upper
555,4.0,16.75,67.0,J987_ARC _C3_slice5-Ort.czi,adult,pomc,upper
556,1.0,22.0,22.0,J987_ARC _C3_slice5-Ort.czi,adult,pomc,upper
557,31.0,16.806451612903224,521.0,J987_ARC _C3_slice5-Ort.czi,adult,pomc,upper
558,29.0,15.793103448275861,458.0,J987_ARC _C3_slice5-Ort.czi,adult,pomc,upper
559,9.0,134.44444444444446,1210.0,J987_ARC _C3_slice5-Ort.czi,adult,pomc,upper
560,2.0,4.5,9.0,J987_ARC _C3_slice5-Ort.czi,adult,pomc,upper
561,14.0,21.142857142857142,296.0,J987_ARC _C3_slice5-Ort.czi,adult,pomc,upper
562,1.0,16.0,16.0,J987_ARC _C3_slice5-Ort.czi,adult,pomc,upper
563,93.0,31.096774193548388,2892.0,J987_ARC _C3_slice5-Ort.czi,adult,pomc,upper
564,7.0,16.857142857142858,118.0,J987_ARC _C3_slice5-Ort.czi,adult,pomc,upper
565,199.0,18.90452261306533,3762.0000000000005,J987_ARC _C3_slice5-Ort.czi,adult,pomc,upper
566,17.0,15.058823529411764,256.0,J987_ARC _C3_slice5-Ort.czi,adult,pomc,upper
567,12.0,19.416666666666668,233.0,J987_ARC _C3_slice5-Ort.czi,adult,pomc,upper
568,1.0,19.0,19.0,J987_ARC _C3_slice5-Ort.czi,adult,pomc,upper
569,9.0,17.444444444444443,157.0,J987_ARC _C3_slice5-Ort.czi,adult,pomc,upper
570,82.0,15.939024390243903,1307.0,J987_ARC _C3_slice5-Ort.czi,adult,pomc,upper
571,108.0,21.675925925925927,2341.0,J987_ARC _C3_slice5-Ort.czi,adult,pomc,upper
572,21.0,16.61904761904762,349.0,J987_ARC _C3_slice5-Ort.czi,adult,pomc,upper
573,104.0,18.028846153846153,1875.0,J987_ARC _C3_slice5-Ort.czi,adult,pomc,upper
574,538.0,19.28252788104089,10374.0,J987_ARC _C3_slice5-Ort.czi,adult,pomc,upper
575,16.0,21.125,338.0,J987_ARC _C3_slice5-Ort.czi,adult,pomc,upper
576,18.0,19.444444444444443,350.0,J987_ARC _C3_slice5-Ort.czi,adult,pomc,upper
577,310.0,21.93225806451613,6799.0,J987_ARC _C3_slice5-Ort.czi,adult,pomc,upper
578,1.0,15.0,15.0,J987_ARC _C3_slice5-Ort.czi,adult,pomc,upper
579,1.0,18.0,18.0,J987_ARC _C3_slice5-Ort.czi,adult,pomc,upper
580,1.0,15.0,15.0,J987_ARC _C3_slice5-Ort.czi,adult,pomc,upper
581,30.0,15.4,462.0,J987_ARC _C3_slice5-Ort.czi,adult,pomc,upper
582,43.0,21.069767441860463,905.9999999999999,J987_ARC _C3_slice5-Ort.czi,adult,pomc,upper
583,116.0,18.689655172413794,2168.0,J987_ARC _C3_slice5-Ort.czi,adult,pomc,upper
584,17.0,14.235294117647058,242.0,J987_ARC _C3_slice5-Ort.czi,adult,pomc,upper
585,104.0,18.759615384615383,1950.9999999999998,J987_ARC _C3_slice5-Ort.czi,adult,pomc,upper
586,36.0,18.666666666666668,672.0,J987_ARC _C3_slice5-Ort.czi,adult,pomc,upper
587,8.0,14.75,118.0,J987_ARC _C3_slice5-Ort.czi,adult,pomc,upper
588,1.0,17.0,17.0,J987_ARC _C3_slice5-Ort.czi,adult,pomc,upper
589,6.0,26.0,156.0,J987_ARC _C3_slice5-Ort.czi,adult,pomc,upper
590,118.0,16.872881355932204,1991.0,J987_ARC _C3_slice5-Ort.czi,adult,pomc,upper
591,166.0,19.548192771084338,3245.0,J987_ARC _C3_slice5-Ort.czi,adult,pomc,upper
592,10.0,16.0,160.0,J987_ARC _C3_slice5-Ort.czi,adult,pomc,upper
593,60.0,21.15,1269.0,J987_ARC _C3_slice5-Ort.czi,adult,pomc,upper
594,85.0,19.4,1648.9999999999998,J987_ARC _C3_slice5-Ort.czi,adult,pomc,upper
595,26.0,17.923076923076923,466.0,J987_ARC _C3_slice5-Ort.czi,adult,pomc,upper
596,515.0,16.667961165048542,8584.0,J987_ARC _C3_slice5-Ort.czi,adult,pomc,upper
597,17.0,19.823529411764707,337.0,J987_ARC _C3_slice5-Ort.czi,adult,pomc,upper
598,63.0,16.444444444444443,1036.0,J987_ARC _C3_slice5-Ort.czi,adult,pomc,upper
599,15.0,16.8,252.0,J987_ARC _C3_slice5-Ort.czi,adult,pomc,upper
600,11.0,14.181818181818182,156.0,J987_ARC _C3_slice5-Ort.czi,adult,pomc,upper
601,22.0,19.227272727272727,423.0,J987_ARC _C3_slice5-Ort.czi,adult,pomc,upper
602,163.0,16.34355828220859,2664.0000000000005,J987_ARC _C3_slice5-Ort.czi,adult,pomc,upper
603,44.0,15.090909090909092,664.0,J987_ARC _C3_slice5-Ort.czi,adult,pomc,upper
604,3.0,13.666666666666666,41.0,J987_ARC _C3_slice5-Ort.czi,adult,pomc,upper
605,11.0,27.363636363636363,301.0,J987_ARC _C3_slice5-Ort.czi,adult,pomc,upper
606,25.0,20.48,512.0,J987_ARC _C3_slice5-Ort.czi,adult,pomc,upper
607,57.0,17.210526315789473,980.9999999999999,J987_ARC _C3_slice5-Ort.czi,adult,pomc,upper
608,136.0,23.24264705882353,3161.0,J987_ARC _C3_slice5-Ort.czi,adult,pomc,upper
609,33.0,18.484848484848484,610.0,J987_ARC _C3_slice5-Ort.czi,adult,pomc,upper
610,6.0,22.333333333333332,134.0,J987_ARC _C3_slice5-Ort.czi,adult,pomc,upper
611,87.0,17.770114942528735,1546.0,J987_ARC _C3_slice5-Ort.czi,adult,pomc,upper
612,19.0,22.31578947368421,423.99999999999994,J987_ARC _C3_slice5-Ort.czi,adult,pomc,upper
613,30.0,16.533333333333335,496.00000000000006,J987_ARC _C3_slice5-Ort.czi,adult,pomc,upper
614,36.0,16.805555555555557,605.0,J987_ARC _C3_slice5-Ort.czi,adult,pomc,upper
615,12.0,16.75,201.0,J987_ARC _C3_slice5-Ort.czi,adult,pomc,upper
616,66.0,16.78787878787879,1108.0,J987_ARC _C3_slice5-Ort.czi,adult,pomc,upper
617,71.0,17.95774647887324,1275.0,J987_ARC _C3_slice5-Ort.czi,adult,pomc,upper
618,173.0,18.01156069364162,3116.0000000000005,J987_ARC _C3_slice5-Ort.czi,adult,pomc,upper
619,370.0,17.32162162162162,6408.999999999999,J987_ARC _C3_slice5-Ort.czi,adult,pomc,upper
620,7.0,19.428571428571427,136.0,J987_ARC _C3_slice5-Ort.czi,adult,pomc,upper
621,57.0,17.68421052631579,1008.0000000000001,J987_ARC _C3_slice5-Ort.czi,adult,pomc,upper
622,150.0,19.293333333333333,2894.0,J987_ARC _C3_slice5-Ort.czi,adult,pomc,upper
623,3.0,17.0,51.0,J987_ARC _C3_slice5-Ort.czi,adult,pomc,upper
624,219.0,18.187214611872147,3983.0,J987_ARC _C3_slice5-Ort.czi,adult,pomc,upper
625,1.0,7.0,7.0,J987_ARC _C3_slice5-Ort.czi,adult,pomc,upper
626,10.0,19.5,195.0,J987_ARC _C3_slice5-Ort.czi,adult,pomc,upper
627,18.0,18.555555555555557,334.0,J987_ARC _C3_slice5-Ort.czi,adult,pomc,upper
628,105.0,17.62857142857143,1851.0000000000002,J987_ARC _C3_slice5-Ort.czi,adult,pomc,upper
629,252.0,21.1984126984127,5342.0,J987_ARC _C3_slice5-Ort.czi,adult,pomc,upper
630,2.0,16.5,33.0,J987_ARC _C3_slice5-Ort.czi,adult,pomc,upper
631,81.0,19.728395061728396,1598.0,J987_ARC _C3_slice5-Ort.czi,adult,pomc,upper
632,47.0,17.95744680851064,844.0,J987_ARC _C3_slice5-Ort.czi,adult,pomc,upper
633,70.0,18.714285714285715,1310.0,J987_ARC _C3_slice5-Ort.czi,adult,pomc,upper
634,7.0,16.428571428571427,114.99999999999999,J987_ARC _C3_slice5-Ort.czi,adult,pomc,upper
635,11.0,18.454545454545453,203.0,J987_ARC _C3_slice5-Ort.czi,adult,pomc,upper
636,33.0,18.78787878787879,620.0,J987_ARC _C3_slice5-Ort.czi,adult,pomc,upper
637,81.0,17.432098765432098,1412.0,J987_ARC _C3_slice5-Ort.czi,adult,pomc,upper
638,127.0,16.763779527559056,2129.0,J987_ARC _C3_slice5-Ort.czi,adult,pomc,upper
639,19.0,15.736842105263158,299.0,J987_ARC _C3_slice5-Ort.czi,adult,pomc,upper
640,97.0,19.216494845360824,1864.0,J987_ARC _C3_slice5-Ort.czi,adult,pomc,upper
641,170.0,16.541176470588237,2812.0000000000005,J987_ARC _C3_slice5-Ort.czi,adult,pomc,upper
642,47.0,15.680851063829786,737.0,J987_ARC _C3_slice5-Ort.czi,adult,pomc,upper
643,4.0,20.0,80.0,J987_ARC _C3_slice5-Ort.czi,adult,pomc,upper
644,2.0,10.5,21.0,J987_ARC _C3_slice5-Ort.czi,adult,pomc,upper
645,139.0,19.553956834532375,2718.0,J987_ARC _C3_slice5-Ort.czi,adult,pomc,upper
646,24.0,15.541666666666666,373.0,J987_ARC _C3_slice5-Ort.czi,adult,pomc,upper
647,114.0,18.04385964912281,2057.0,J987_ARC _C3_slice5-Ort.czi,adult,pomc,upper
648,7.0,16.428571428571427,114.99999999999999,J987_ARC _C3_slice5-Ort.czi,adult,pomc,upper
649,166.0,18.753012048192772,3113.0,J987_ARC _C3_slice5-Ort.czi,adult,pomc,upper
650,102.0,19.96078431372549,2036.0,J987_ARC _C3_slice5-Ort.czi,adult,pomc,upper
651,464.0,24.75646551724138,11487.0,J987_ARC _C3_slice5-Ort.czi,adult,pomc,upper
652,30.0,19.733333333333334,592.0,J987_ARC _C3_slice5-Ort.czi,adult,pomc,upper
653,251.0,19.50597609561753,4896.0,J987_ARC _C3_slice5-Ort.czi,adult,pomc,upper
654,44.0,18.59090909090909,818.0,J987_ARC _C3_slice5-Ort.czi,adult,pomc,upper
655,103.0,17.25242718446602,1777.0,J987_ARC _C3_slice5-Ort.czi,adult,pomc,upper
1,73.0,15.575342465753424,1137.0,J987_ARC _C3_slice4-Ort.czi,adult,pomc,upper
2,106.0,14.358490566037736,1522.0,J987_ARC _C3_slice4-Ort.czi,adult,pomc,upper
3,236.0,15.542372881355933,3668.0,J987_ARC _C3_slice4-Ort.czi,adult,pomc,upper
4,58.0,14.258620689655173,827.0,J987_ARC _C3_slice4-Ort.czi,adult,pomc,upper
5,124.0,19.258064516129032,2388.0,J987_ARC _C3_slice4-Ort.czi,adult,pomc,upper
6,185.0,15.827027027027027,2928.0,J987_ARC _C3_slice4-Ort.czi,adult,pomc,upper
7,165.0,14.375757575757575,2372.0,J987_ARC _C3_slice4-Ort.czi,adult,pomc,upper
8,59.0,17.28813559322034,1020.0,J987_ARC _C3_slice4-Ort.czi,adult,pomc,upper
9,72.0,14.444444444444445,1040.0,J987_ARC _C3_slice4-Ort.czi,adult,pomc,upper
10,52.0,16.76923076923077,872.0,J987_ARC _C3_slice4-Ort.czi,adult,pomc,upper
11,293.0,14.498293515358363,4248.0,J987_ARC _C3_slice4-Ort.czi,adult,pomc,upper
12,84.0,28.63095238095238,2405.0,J987_ARC _C3_slice4-Ort.czi,adult,pomc,upper
13,2.0,12.5,25.0,J987_ARC _C3_slice4-Ort.czi,adult,pomc,upper
14,120.0,14.633333333333333,1756.0,J987_ARC _C3_slice4-Ort.czi,adult,pomc,upper
15,102.0,15.068627450980392,1537.0,J987_ARC _C3_slice4-Ort.czi,adult,pomc,upper
16,854.0,15.752927400468383,13453.0,J987_ARC _C3_slice4-Ort.czi,adult,pomc,upper
17,519.0,14.123314065510597,7330.0,J987_ARC _C3_slice4-Ort.czi,adult,pomc,upper
18,5.0,14.2,71.0,J987_ARC _C3_slice4-Ort.czi,adult,pomc,upper
19,43.0,16.53488372093023,711.0,J987_ARC _C3_slice4-Ort.czi,adult,pomc,upper
20,13.0,15.307692307692308,199.0,J987_ARC _C3_slice4-Ort.czi,adult,pomc,upper
21,61.0,15.262295081967213,931.0,J987_ARC _C3_slice4-Ort.czi,adult,pomc,upper
22,880.0,16.360227272727272,14397.0,J987_ARC _C3_slice4-Ort.czi,adult,pomc,upper
23,4.0,12.75,51.0,J987_ARC _C3_slice4-Ort.czi,adult,pomc,upper
24,1.0,49.0,49.0,J987_ARC _C3_slice4-Ort.czi,adult,pomc,upper
25,121.0,16.380165289256198,1982.0,J987_ARC _C3_slice4-Ort.czi,adult,pomc,upper
26,14.0,18.142857142857142,254.0,J987_ARC _C3_slice4-Ort.czi,adult,pomc,upper
27,432.0,14.400462962962964,6221.0,J987_ARC _C3_slice4-Ort.czi,adult,pomc,upper
28,269.0,13.75092936802974,3699.0,J987_ARC _C3_slice4-Ort.czi,adult,pomc,upper
29,5.0,13.4,67.0,J987_ARC _C3_slice4-Ort.czi,adult,pomc,upper
30,622.0,15.562700964630226,9680.0,J987_ARC _C3_slice4-Ort.czi,adult,pomc,upper
31,170.0,14.9,2533.0,J987_ARC _C3_slice4-Ort.czi,adult,pomc,upper
32,438.0,15.97716894977169,6998.0,J987_ARC _C3_slice4-Ort.czi,adult,pomc,upper
33,856.0,15.501168224299066,13269.0,J987_ARC _C3_slice4-Ort.czi,adult,pomc,upper
34,117.0,15.444444444444445,1807.0,J987_ARC _C3_slice4-Ort.czi,adult,pomc,upper
35,66.0,14.757575757575758,974.0,J987_ARC _C3_slice4-Ort.czi,adult,pomc,upper
36,212.0,16.316037735849058,3459.0000000000005,J987_ARC _C3_slice4-Ort.czi,adult,pomc,upper
37,191.0,15.209424083769633,2905.0,J987_ARC _C3_slice4-Ort.czi,adult,pomc,upper
38,103.0,15.058252427184467,1551.0,J987_ARC _C3_slice4-Ort.czi,adult,pomc,upper
39,293.0,15.266211604095563,4473.0,J987_ARC _C3_slice4-Ort.czi,adult,pomc,upper
40,47.0,15.936170212765957,749.0,J987_ARC _C3_slice4-Ort.czi,adult,pomc,upper
41,59.0,14.813559322033898,874.0,J987_ARC _C3_slice4-Ort.czi,adult,pomc,upper
42,41.0,14.878048780487806,610.0,J987_ARC _C3_slice4-Ort.czi,adult,pomc,upper
43,53.0,20.471698113207548,1085.0,J987_ARC _C3_slice4-Ort.czi,adult,pomc,upper
44,54.0,17.59259259259259,950.0,J987_ARC _C3_slice4-Ort.czi,adult,pomc,upper
45,127.0,12.661417322834646,1608.0,J987_ARC _C3_slice4-Ort.czi,adult,pomc,upper
46,35.0,18.571428571428573,650.0,J987_ARC _C3_slice4-Ort.czi,adult,pomc,upper
47,127.0,15.21259842519685,1932.0,J987_ARC _C3_slice4-Ort.czi,adult,pomc,upper
48,122.0,17.885245901639344,2182.0,J987_ARC _C3_slice4-Ort.czi,adult,pomc,upper
49,59.0,19.915254237288135,1175.0,J987_ARC _C3_slice4-Ort.czi,adult,pomc,upper
50,81.0,14.345679012345679,1162.0,J987_ARC _C3_slice4-Ort.czi,adult,pomc,upper
51,16.0,17.4375,279.0,J987_ARC _C3_slice4-Ort.czi,adult,pomc,upper
52,40.0,14.075,563.0,J987_ARC _C3_slice4-Ort.czi,adult,pomc,upper
53,1971.0,14.005073566717403,27604.0,J987_ARC _C3_slice4-Ort.czi,adult,pomc,upper
54,2120.0,14.73254716981132,31233.0,J987_ARC _C3_slice4-Ort.czi,adult,pomc,upper
55,32.0,13.59375,435.0,J987_ARC _C3_slice4-Ort.czi,adult,pomc,upper
56,319.0,16.946708463949843,5406.0,J987_ARC _C3_slice4-Ort.czi,adult,pomc,upper
57,73.0,13.794520547945206,1007.0,J987_ARC _C3_slice4-Ort.czi,adult,pomc,upper
58,599.0,14.954924874791319,8958.0,J987_ARC _C3_slice4-Ort.czi,adult,pomc,upper
59,900.0,16.51222222222222,14860.999999999998,J987_ARC _C3_slice4-Ort.czi,adult,pomc,upper
60,69.0,21.579710144927535,1489.0,J987_ARC _C3_slice4-Ort.czi,adult,pomc,upper
61,286.0,15.937062937062937,4558.0,J987_ARC _C3_slice4-Ort.czi,adult,pomc,upper
62,12.0,15.083333333333334,181.0,J987_ARC _C3_slice4-Ort.czi,adult,pomc,upper
63,66.0,14.984848484848484,989.0,J987_ARC _C3_slice4-Ort.czi,adult,pomc,upper
64,16.0,16.0625,257.0,J987_ARC _C3_slice4-Ort.czi,adult,pomc,upper
65,132.0,14.931818181818182,1971.0,J987_ARC _C3_slice4-Ort.czi,adult,pomc,upper
66,19.0,11.68421052631579,222.0,J987_ARC _C3_slice4-Ort.czi,adult,pomc,upper
67,32.0,15.03125,481.0,J987_ARC _C3_slice4-Ort.czi,adult,pomc,upper
68,174.0,16.103448275862068,2801.9999999999995,J987_ARC _C3_slice4-Ort.czi,adult,pomc,upper
69,82.0,19.024390243902438,1560.0,J987_ARC _C3_slice4-Ort.czi,adult,pomc,upper
70,66.0,14.666666666666666,968.0,J987_ARC _C3_slice4-Ort.czi,adult,pomc,upper
71,12.0,13.916666666666666,167.0,J987_ARC _C3_slice4-Ort.czi,adult,pomc,upper
72,78.0,18.05128205128205,1408.0,J987_ARC _C3_slice4-Ort.czi,adult,pomc,upper
73,1.0,16.0,16.0,J987_ARC _C3_slice4-Ort.czi,adult,pomc,upper
74,11.0,15.454545454545455,170.0,J987_ARC _C3_slice4-Ort.czi,adult,pomc,upper
75,1.0,16.0,16.0,J987_ARC _C3_slice4-Ort.czi,adult,pomc,upper
76,20.0,16.5,330.0,J987_ARC _C3_slice4-Ort.czi,adult,pomc,upper
77,24.0,17.0,408.0,J987_ARC _C3_slice4-Ort.czi,adult,pomc,upper
78,119.0,16.932773109243698,2015.0,J987_ARC _C3_slice4-Ort.czi,adult,pomc,upper
79,48.0,16.645833333333332,799.0,J987_ARC _C3_slice4-Ort.czi,adult,pomc,upper
80,371.0,15.315363881401618,5682.0,J987_ARC _C3_slice4-Ort.czi,adult,pomc,upper
81,29.0,16.93103448275862,490.99999999999994,J987_ARC _C3_slice4-Ort.czi,adult,pomc,upper
82,18.0,14.777777777777779,266.0,J987_ARC _C3_slice4-Ort.czi,adult,pomc,upper
83,112.0,15.285714285714286,1712.0,J987_ARC _C3_slice4-Ort.czi,adult,pomc,upper
84,96.0,16.46875,1581.0,J987_ARC _C3_slice4-Ort.czi,adult,pomc,upper
85,477.0,17.729559748427672,8457.0,J987_ARC _C3_slice4-Ort.czi,adult,pomc,upper
86,48.0,16.354166666666668,785.0,J987_ARC _C3_slice4-Ort.czi,adult,pomc,upper
87,53.0,14.18867924528302,752.0,J987_ARC _C3_slice4-Ort.czi,adult,pomc,upper
88,113.0,16.61946902654867,1877.9999999999998,J987_ARC _C3_slice4-Ort.czi,adult,pomc,upper
89,52.0,14.865384615384615,773.0,J987_ARC _C3_slice4-Ort.czi,adult,pomc,upper
90,97.0,14.402061855670103,1397.0,J987_ARC _C3_slice4-Ort.czi,adult,pomc,upper
91,45.0,20.266666666666666,912.0,J987_ARC _C3_slice4-Ort.czi,adult,pomc,upper
92,79.0,15.50632911392405,1225.0,J987_ARC _C3_slice4-Ort.czi,adult,pomc,upper
93,35.0,17.02857142857143,596.0,J987_ARC _C3_slice4-Ort.czi,adult,pomc,upper
94,54.0,16.72222222222222,903.0,J987_ARC _C3_slice4-Ort.czi,adult,pomc,upper
95,11.0,21.272727272727273,234.0,J987_ARC _C3_slice4-Ort.czi,adult,pomc,upper
96,18.0,19.0,342.0,J987_ARC _C3_slice4-Ort.czi,adult,pomc,upper
97,15.0,22.6,339.0,J987_ARC _C3_slice4-Ort.czi,adult,pomc,upper
98,68.0,16.264705882352942,1106.0,J987_ARC _C3_slice4-Ort.czi,adult,pomc,upper
99,63.0,17.063492063492063,1075.0,J987_ARC _C3_slice4-Ort.czi,adult,pomc,upper
100,8.0,14.625,117.0,J987_ARC _C3_slice4-Ort.czi,adult,pomc,upper
101,20.0,16.55,331.0,J987_ARC _C3_slice4-Ort.czi,adult,pomc,upper
102,15.0,16.533333333333335,248.00000000000003,J987_ARC _C3_slice4-Ort.czi,adult,pomc,upper
103,117.0,16.521367521367523,1933.0000000000002,J987_ARC _C3_slice4-Ort.czi,adult,pomc,upper
104,10.0,15.2,152.0,J987_ARC _C3_slice4-Ort.czi,adult,pomc,upper
105,4.0,11.25,45.0,J987_ARC _C3_slice4-Ort.czi,adult,pomc,upper
106,34.0,13.5,459.0,J987_ARC _C3_slice4-Ort.czi,adult,pomc,upper
107,106.0,15.264150943396226,1618.0,J987_ARC _C3_slice4-Ort.czi,adult,pomc,upper
108,20.0,14.95,299.0,J987_ARC _C3_slice4-Ort.czi,adult,pomc,upper
109,11.0,19.363636363636363,213.0,J987_ARC _C3_slice4-Ort.czi,adult,pomc,upper
110,25.0,13.36,334.0,J987_ARC _C3_slice4-Ort.czi,adult,pomc,upper
111,9.0,14.0,126.0,J987_ARC _C3_slice4-Ort.czi,adult,pomc,upper
112,54.0,16.203703703703702,874.9999999999999,J987_ARC _C3_slice4-Ort.czi,adult,pomc,upper
113,22.0,17.0,374.0,J987_ARC _C3_slice4-Ort.czi,adult,pomc,upper
114,11.0,18.545454545454547,204.0,J987_ARC _C3_slice4-Ort.czi,adult,pomc,upper
115,316.0,14.360759493670885,4538.0,J987_ARC _C3_slice4-Ort.czi,adult,pomc,upper
116,33.0,13.666666666666666,451.0,J987_ARC _C3_slice4-Ort.czi,adult,pomc,upper
117,29.0,15.206896551724139,441.0,J987_ARC _C3_slice4-Ort.czi,adult,pomc,upper
118,138.0,16.22463768115942,2239.0,J987_ARC _C3_slice4-Ort.czi,adult,pomc,upper
119,9.0,14.11111111111111,127.0,J987_ARC _C3_slice4-Ort.czi,adult,pomc,upper
120,72.0,22.34722222222222,1609.0,J987_ARC _C3_slice4-Ort.czi,adult,pomc,upper
121,102.0,16.294117647058822,1662.0,J987_ARC _C3_slice4-Ort.czi,adult,pomc,upper
122,3.0,13.0,39.0,J987_ARC _C3_slice4-Ort.czi,adult,pomc,upper
123,7.0,41.142857142857146,288.0,J987_ARC _C3_slice4-Ort.czi,adult,pomc,upper
124,121.0,15.074380165289256,1824.0,J987_ARC _C3_slice4-Ort.czi,adult,pomc,upper
125,210.0,16.514285714285716,3468.0000000000005,J987_ARC _C3_slice4-Ort.czi,adult,pomc,upper
126,11.0,16.727272727272727,184.0,J987_ARC _C3_slice4-Ort.czi,adult,pomc,upper
127,141.0,15.893617021276595,2241.0,J987_ARC _C3_slice4-Ort.czi,adult,pomc,upper
128,15.0,16.266666666666666,244.0,J987_ARC _C3_slice4-Ort.czi,adult,pomc,upper
129,681.0,16.25697503671072,11071.0,J987_ARC _C3_slice4-Ort.czi,adult,pomc,upper
130,38.0,17.289473684210527,657.0,J987_ARC _C3_slice4-Ort.czi,adult,pomc,upper
131,30.0,15.333333333333334,460.0,J987_ARC _C3_slice4-Ort.czi,adult,pomc,upper
132,16.0,15.0625,241.0,J987_ARC _C3_slice4-Ort.czi,adult,pomc,upper
133,167.0,15.22754491017964,2543.0,J987_ARC _C3_slice4-Ort.czi,adult,pomc,upper
134,78.0,15.961538461538462,1245.0,J987_ARC _C3_slice4-Ort.czi,adult,pomc,upper
135,137.0,14.335766423357665,1964.0,J987_ARC _C3_slice4-Ort.czi,adult,pomc,upper
136,124.0,15.193548387096774,1884.0,J987_ARC _C3_slice4-Ort.czi,adult,pomc,upper
137,29.0,14.758620689655173,428.0,J987_ARC _C3_slice4-Ort.czi,adult,pomc,upper
138,1.0,24.0,24.0,J987_ARC _C3_slice4-Ort.czi,adult,pomc,upper
139,58.0,14.241379310344827,826.0,J987_ARC _C3_slice4-Ort.czi,adult,pomc,upper
140,43.0,19.511627906976745,839.0,J987_ARC _C3_slice4-Ort.czi,adult,pomc,upper
141,9.0,16.88888888888889,152.0,J987_ARC _C3_slice4-Ort.czi,adult,pomc,upper
142,42.0,15.30952380952381,643.0,J987_ARC _C3_slice4-Ort.czi,adult,pomc,upper
143,29.0,13.10344827586207,380.0,J987_ARC _C3_slice4-Ort.czi,adult,pomc,upper
144,20.0,14.85,297.0,J987_ARC _C3_slice4-Ort.czi,adult,pomc,upper
145,21.0,15.857142857142858,333.0,J987_ARC _C3_slice4-Ort.czi,adult,pomc,upper
146,50.0,15.46,773.0,J987_ARC _C3_slice4-Ort.czi,adult,pomc,upper
147,11.0,23.272727272727273,256.0,J987_ARC _C3_slice4-Ort.czi,adult,pomc,upper
148,13.0,15.076923076923077,196.0,J987_ARC _C3_slice4-Ort.czi,adult,pomc,upper
149,14.0,14.214285714285714,199.0,J987_ARC _C3_slice4-Ort.czi,adult,pomc,upper
150,26.0,18.653846153846153,485.0,J987_ARC _C3_slice4-Ort.czi,adult,pomc,upper
151,32.0,16.40625,525.0,J987_ARC _C3_slice4-Ort.czi,adult,pomc,upper
152,1.0,10.0,10.0,J987_ARC _C3_slice4-Ort.czi,adult,pomc,upper
153,48.0,17.395833333333332,835.0,J987_ARC _C3_slice4-Ort.czi,adult,pomc,upper
154,32.0,16.25,520.0,J987_ARC _C3_slice4-Ort.czi,adult,pomc,upper
155,112.0,60.9375,6825.0,J987_ARC _C3_slice4-Ort.czi,adult,pomc,upper
156,15.0,19.066666666666666,286.0,J987_ARC _C3_slice4-Ort.czi,adult,pomc,upper
157,61.0,18.704918032786885,1141.0,J987_ARC _C3_slice4-Ort.czi,adult,pomc,upper
158,1.0,14.0,14.0,J987_ARC _C3_slice4-Ort.czi,adult,pomc,upper
159,18.0,16.944444444444443,305.0,J987_ARC _C3_slice4-Ort.czi,adult,pomc,upper
160,53.0,19.81132075471698,1050.0,J987_ARC _C3_slice4-Ort.czi,adult,pomc,upper
161,2.0,13.0,26.0,J987_ARC _C3_slice4-Ort.czi,adult,pomc,upper
162,13.0,12.692307692307692,165.0,J987_ARC _C3_slice4-Ort.czi,adult,pomc,upper
163,53.0,13.981132075471699,741.0,J987_ARC _C3_slice4-Ort.czi,adult,pomc,upper
164,15.0,22.6,339.0,J987_ARC _C3_slice4-Ort.czi,adult,pomc,upper
165,32.0,13.21875,423.0,J987_ARC _C3_slice4-Ort.czi,adult,pomc,upper
166,164.0,16.091463414634145,2638.9999999999995,J987_ARC _C3_slice4-Ort.czi,adult,pomc,upper
167,7.0,25.428571428571427,178.0,J987_ARC _C3_slice4-Ort.czi,adult,pomc,upper
168,31.0,15.64516129032258,485.0,J987_ARC _C3_slice4-Ort.czi,adult,pomc,upper
169,73.0,14.273972602739725,1042.0,J987_ARC _C3_slice4-Ort.czi,adult,pomc,upper
170,3066.0,14.528375733855185,44544.0,J987_ARC _C3_slice4-Ort.czi,adult,pomc,upper
171,28.0,21.714285714285715,608.0,J987_ARC _C3_slice4-Ort.czi,adult,pomc,upper
172,61.0,14.278688524590164,871.0,J987_ARC _C3_slice4-Ort.czi,adult,pomc,upper
173,261.0,17.49808429118774,4567.0,J987_ARC _C3_slice4-Ort.czi,adult,pomc,upper
174,1.0,40.0,40.0,J987_ARC _C3_slice4-Ort.czi,adult,pomc,upper
175,20.0,16.8,336.0,J987_ARC _C3_slice4-Ort.czi,adult,pomc,upper
176,31.0,13.838709677419354,429.0,J987_ARC _C3_slice4-Ort.czi,adult,pomc,upper
177,33.0,18.78787878787879,620.0,J987_ARC _C3_slice4-Ort.czi,adult,pomc,upper
178,30.0,16.333333333333332,489.99999999999994,J987_ARC _C3_slice4-Ort.czi,adult,pomc,upper
179,1.0,23.0,23.0,J987_ARC _C3_slice4-Ort.czi,adult,pomc,upper
180,32.0,14.375,460.0,J987_ARC _C3_slice4-Ort.czi,adult,pomc,upper
181,21.0,22.19047619047619,466.0,J987_ARC _C3_slice4-Ort.czi,adult,pomc,upper
182,114.0,15.333333333333334,1748.0,J987_ARC _C3_slice4-Ort.czi,adult,pomc,upper
183,54.0,14.277777777777779,771.0,J987_ARC _C3_slice4-Ort.czi,adult,pomc,upper
184,1.0,25.0,25.0,J987_ARC _C3_slice4-Ort.czi,adult,pomc,upper
185,62.0,15.193548387096774,942.0,J987_ARC _C3_slice4-Ort.czi,adult,pomc,upper
186,19.0,13.68421052631579,260.0,J987_ARC _C3_slice4-Ort.czi,adult,pomc,upper
187,45.0,15.6,702.0,J987_ARC _C3_slice4-Ort.czi,adult,pomc,upper
188,10.0,13.9,139.0,J987_ARC _C3_slice4-Ort.czi,adult,pomc,upper
189,32.0,14.4375,462.0,J987_ARC _C3_slice4-Ort.czi,adult,pomc,upper
190,1.0,20.0,20.0,J987_ARC _C3_slice4-Ort.czi,adult,pomc,upper
191,3.0,11.0,33.0,J987_ARC _C3_slice4-Ort.czi,adult,pomc,upper
192,115.0,14.504347826086956,1668.0,J987_ARC _C3_slice4-Ort.czi,adult,pomc,upper
193,30.0,15.4,462.0,J987_ARC _C3_slice4-Ort.czi,adult,pomc,upper
194,18.0,18.77777777777778,338.0,J987_ARC _C3_slice4-Ort.czi,adult,pomc,upper
195,2.0,9.5,19.0,J987_ARC _C3_slice4-Ort.czi,adult,pomc,upper
196,69.0,13.478260869565217,930.0,J987_ARC _C3_slice4-Ort.czi,adult,pomc,upper
197,56.0,15.464285714285714,866.0,J987_ARC _C3_slice4-Ort.czi,adult,pomc,upper
198,1.0,5.0,5.0,J987_ARC _C3_slice4-Ort.czi,adult,pomc,upper
199,82.0,13.695121951219512,1123.0,J987_ARC _C3_slice4-Ort.czi,adult,pomc,upper
200,25.0,14.2,355.0,J987_ARC _C3_slice4-Ort.czi,adult,pomc,upper
201,6.0,20.166666666666668,121.0,J987_ARC _C3_slice4-Ort.czi,adult,pomc,upper
202,153.0,17.143790849673202,2623.0,J987_ARC _C3_slice4-Ort.czi,adult,pomc,upper
203,10.0,16.0,160.0,J987_ARC _C3_slice4-Ort.czi,adult,pomc,upper
204,2.0,10.5,21.0,J987_ARC _C3_slice4-Ort.czi,adult,pomc,upper
205,35.0,14.17142857142857,496.0,J987_ARC _C3_slice4-Ort.czi,adult,pomc,upper
206,107.0,18.074766355140188,1934.0,J987_ARC _C3_slice4-Ort.czi,adult,pomc,upper
207,24.0,18.875,453.0,J987_ARC _C3_slice4-Ort.czi,adult,pomc,upper
208,30.0,14.4,432.0,J987_ARC _C3_slice4-Ort.czi,adult,pomc,upper
209,22.0,16.818181818181817,369.99999999999994,J987_ARC _C3_slice4-Ort.czi,adult,pomc,upper
210,379.0,15.778364116094988,5980.0,J987_ARC _C3_slice4-Ort.czi,adult,pomc,upper
211,15.0,16.133333333333333,242.0,J987_ARC _C3_slice4-Ort.czi,adult,pomc,upper
212,7.0,14.857142857142858,104.0,J987_ARC _C3_slice4-Ort.czi,adult,pomc,upper
213,7.0,14.714285714285714,103.0,J987_ARC _C3_slice4-Ort.czi,adult,pomc,upper
214,1.0,11.0,11.0,J987_ARC _C3_slice4-Ort.czi,adult,pomc,upper
215,1.0,16.0,16.0,J987_ARC _C3_slice4-Ort.czi,adult,pomc,upper
216,4.0,18.75,75.0,J987_ARC _C3_slice4-Ort.czi,adult,pomc,upper
217,145.0,16.20689655172414,2350.0,J987_ARC _C3_slice4-Ort.czi,adult,pomc,upper
218,29.0,15.344827586206897,445.0,J987_ARC _C3_slice4-Ort.czi,adult,pomc,upper
219,639.0,33.677621283255085,21520.0,J987_ARC _C3_slice4-Ort.czi,adult,pomc,upper
220,4.0,20.5,82.0,J987_ARC _C3_slice4-Ort.czi,adult,pomc,upper
221,21.0,26.428571428571427,555.0,J987_ARC _C3_slice4-Ort.czi,adult,pomc,upper
222,33.0,17.818181818181817,588.0,J987_ARC _C3_slice4-Ort.czi,adult,pomc,upper
223,25.0,15.44,386.0,J987_ARC _C3_slice4-Ort.czi,adult,pomc,upper
224,19.0,16.842105263157894,320.0,J987_ARC _C3_slice4-Ort.czi,adult,pomc,upper
225,2.0,7.0,14.0,J987_ARC _C3_slice4-Ort.czi,adult,pomc,upper
226,13.0,16.692307692307693,217.0,J987_ARC _C3_slice4-Ort.czi,adult,pomc,upper
227,7.0,15.142857142857142,106.0,J987_ARC _C3_slice4-Ort.czi,adult,pomc,upper
228,1.0,5.0,5.0,J987_ARC _C3_slice4-Ort.czi,adult,pomc,upper
229,3.0,7.333333333333333,22.0,J987_ARC _C3_slice4-Ort.czi,adult,pomc,upper
230,1.0,14.0,14.0,J987_ARC _C3_slice4-Ort.czi,adult,pomc,upper
231,20.0,14.25,285.0,J987_ARC _C3_slice4-Ort.czi,adult,pomc,upper
232,12.0,13.5,162.0,J987_ARC _C3_slice4-Ort.czi,adult,pomc,upper
233,21.0,45.095238095238095,947.0,J987_ARC _C3_slice4-Ort.czi,adult,pomc,upper
234,115.0,15.486956521739131,1781.0,J987_ARC _C3_slice4-Ort.czi,adult,pomc,upper
235,6.0,13.166666666666666,79.0,J987_ARC _C3_slice4-Ort.czi,adult,pomc,upper
236,18.0,19.555555555555557,352.0,J987_ARC _C3_slice4-Ort.czi,adult,pomc,upper
237,66.0,14.590909090909092,963.0,J987_ARC _C3_slice4-Ort.czi,adult,pomc,upper
238,18.0,17.77777777777778,320.0,J987_ARC _C3_slice4-Ort.czi,adult,pomc,upper
239,73.0,13.438356164383562,981.0,J987_ARC _C3_slice4-Ort.czi,adult,pomc,upper
240,5.0,11.2,56.0,J987_ARC _C3_slice4-Ort.czi,adult,pomc,upper
241,172.0,48.80813953488372,8395.0,J987_ARC _C3_slice4-Ort.czi,adult,pomc,upper
242,4.0,14.0,56.0,J987_ARC _C3_slice4-Ort.czi,adult,pomc,upper
243,25.0,17.52,438.0,J987_ARC _C3_slice4-Ort.czi,adult,pomc,upper
244,49.0,20.183673469387756,989.0,J987_ARC _C3_slice4-Ort.czi,adult,pomc,upper
245,1.0,15.0,15.0,J987_ARC _C3_slice4-Ort.czi,adult,pomc,upper
246,12.0,15.166666666666666,182.0,J987_ARC _C3_slice4-Ort.czi,adult,pomc,upper
247,17.0,16.41176470588235,279.0,J987_ARC _C3_slice4-Ort.czi,adult,pomc,upper
248,1037.0,15.395371263259403,15965.0,J987_ARC _C3_slice4-Ort.czi,adult,pomc,upper
249,3.0,16.333333333333332,49.0,J987_ARC _C3_slice4-Ort.czi,adult,pomc,upper
250,1.0,16.0,16.0,J987_ARC _C3_slice4-Ort.czi,adult,pomc,upper
251,2.0,4.5,9.0,J987_ARC _C3_slice4-Ort.czi,adult,pomc,upper
252,3.0,20.0,60.0,J987_ARC _C3_slice4-Ort.czi,adult,pomc,upper
253,72.0,16.069444444444443,1157.0,J987_ARC _C3_slice4-Ort.czi,adult,pomc,upper
254,5.0,18.8,94.0,J987_ARC _C3_slice4-Ort.czi,adult,pomc,upper
255,300.0,14.453333333333333,4336.0,J987_ARC _C3_slice4-Ort.czi,adult,pomc,upper
256,43.0,14.093023255813954,606.0,J987_ARC _C3_slice4-Ort.czi,adult,pomc,upper
257,1.0,11.0,11.0,J987_ARC _C3_slice4-Ort.czi,adult,pomc,upper
258,3.0,11.666666666666666,35.0,J987_ARC _C3_slice4-Ort.czi,adult,pomc,upper
259,1.0,11.0,11.0,J987_ARC _C3_slice4-Ort.czi,adult,pomc,upper
260,45.0,14.444444444444445,650.0,J987_ARC _C3_slice4-Ort.czi,adult,pomc,upper
261,25.0,16.12,403.0,J987_ARC _C3_slice4-Ort.czi,adult,pomc,upper
262,9.0,17.11111111111111,154.0,J987_ARC _C3_slice4-Ort.czi,adult,pomc,upper
263,69.0,57.91304347826087,3996.0,J987_ARC _C3_slice4-Ort.czi,adult,pomc,upper
264,4.0,14.25,57.0,J987_ARC _C3_slice4-Ort.czi,adult,pomc,upper
265,1848.0,13.677489177489177,25276.0,J987_ARC _C3_slice4-Ort.czi,adult,pomc,upper
266,1.0,4.0,4.0,J987_ARC _C3_slice4-Ort.czi,adult,pomc,upper
267,125.0,15.376,1922.0,J987_ARC _C3_slice4-Ort.czi,adult,pomc,upper
268,20.0,14.8,296.0,J987_ARC _C3_slice4-Ort.czi,adult,pomc,upper
269,1.0,134.0,134.0,J987_ARC _C3_slice4-Ort.czi,adult,pomc,upper
270,3.0,12.666666666666666,38.0,J987_ARC _C3_slice4-Ort.czi,adult,pomc,upper
271,1.0,22.0,22.0,J987_ARC _C3_slice4-Ort.czi,adult,pomc,upper
272,6.0,12.833333333333334,77.0,J987_ARC _C3_slice4-Ort.czi,adult,pomc,upper
273,16.0,17.0,272.0,J987_ARC _C3_slice4-Ort.czi,adult,pomc,upper
274,31.0,16.129032258064516,500.0,J987_ARC _C3_slice4-Ort.czi,adult,pomc,upper
275,71.0,16.901408450704224,1200.0,J987_ARC _C3_slice4-Ort.czi,adult,pomc,upper
276,39.0,13.35897435897436,521.0,J987_ARC _C3_slice4-Ort.czi,adult,pomc,upper
277,6.0,13.833333333333334,83.0,J987_ARC _C3_slice4-Ort.czi,adult,pomc,upper
278,6.0,15.5,93.0,J987_ARC _C3_slice4-Ort.czi,adult,pomc,upper
279,2.0,15.5,31.0,J987_ARC _C3_slice4-Ort.czi,adult,pomc,upper
280,18.0,15.5,279.0,J987_ARC _C3_slice4-Ort.czi,adult,pomc,upper
281,1224.0,14.2859477124183,17486.0,J987_ARC _C3_slice4-Ort.czi,adult,pomc,upper
282,3.0,13.666666666666666,41.0,J987_ARC _C3_slice4-Ort.czi,adult,pomc,upper
283,7.0,14.857142857142858,104.0,J987_ARC _C3_slice4-Ort.czi,adult,pomc,upper
284,9.0,16.666666666666668,150.0,J987_ARC _C3_slice4-Ort.czi,adult,pomc,upper
285,61.0,20.950819672131146,1278.0,J987_ARC _C3_slice4-Ort.czi,adult,pomc,upper
286,52.0,13.923076923076923,724.0,J987_ARC _C3_slice4-Ort.czi,adult,pomc,upper
287,61.0,13.868852459016393,846.0,J987_ARC _C3_slice4-Ort.czi,adult,pomc,upper
288,9.0,12.11111111111111,109.0,J987_ARC _C3_slice4-Ort.czi,adult,pomc,upper
289,82.0,14.768292682926829,1211.0,J987_ARC _C3_slice4-Ort.czi,adult,pomc,upper
290,1.0,15.0,15.0,J987_ARC _C3_slice4-Ort.czi,adult,pomc,upper
291,15.0,13.8,207.0,J987_ARC _C3_slice4-Ort.czi,adult,pomc,upper
292,6.0,13.0,78.0,J987_ARC _C3_slice4-Ort.czi,adult,pomc,upper
293,29.0,16.17241379310345,469.0,J987_ARC _C3_slice4-Ort.czi,adult,pomc,upper
294,3.0,16.666666666666668,50.0,J987_ARC _C3_slice4-Ort.czi,adult,pomc,upper
295,3.0,12.333333333333334,37.0,J987_ARC _C3_slice4-Ort.czi,adult,pomc,upper
296,4.0,11.75,47.0,J987_ARC _C3_slice4-Ort.czi,adult,pomc,upper
297,116.0,16.21551724137931,1881.0,J987_ARC _C3_slice4-Ort.czi,adult,pomc,upper
298,1053.0,14.901234567901234,15691.0,J987_ARC _C3_slice4-Ort.czi,adult,pomc,upper
299,4.0,14.5,58.0,J987_ARC _C3_slice4-Ort.czi,adult,pomc,upper
300,21.0,12.19047619047619,256.0,J987_ARC _C3_slice4-Ort.czi,adult,pomc,upper
301,1.0,4.0,4.0,J987_ARC _C3_slice4-Ort.czi,adult,pomc,upper
302,11.0,38.45454545454545,423.0,J987_ARC _C3_slice4-Ort.czi,adult,pomc,upper
303,1.0,13.0,13.0,J987_ARC _C3_slice4-Ort.czi,adult,pomc,upper
304,40.0,15.625,625.0,J987_ARC _C3_slice4-Ort.czi,adult,pomc,upper
305,1.0,11.0,11.0,J987_ARC _C3_slice4-Ort.czi,adult,pomc,upper
306,14.0,13.714285714285714,192.0,J987_ARC _C3_slice4-Ort.czi,adult,pomc,upper
307,152.0,16.29605263157895,2477.0,J987_ARC _C3_slice4-Ort.czi,adult,pomc,upper
308,60.0,17.866666666666667,1072.0,J987_ARC _C3_slice4-Ort.czi,adult,pomc,upper
309,211.0,18.161137440758292,3831.9999999999995,J987_ARC _C3_slice4-Ort.czi,adult,pomc,upper
310,7.0,14.142857142857142,99.0,J987_ARC _C3_slice4-Ort.czi,adult,pomc,upper
311,1.0,7.0,7.0,J987_ARC _C3_slice4-Ort.czi,adult,pomc,upper
312,82.0,16.548780487804876,1356.9999999999998,J987_ARC _C3_slice4-Ort.czi,adult,pomc,upper
313,1.0,37.0,37.0,J987_ARC _C3_slice4-Ort.czi,adult,pomc,upper
314,5.0,16.4,82.0,J987_ARC _C3_slice4-Ort.czi,adult,pomc,upper
315,122.0,15.991803278688524,1951.0,J987_ARC _C3_slice4-Ort.czi,adult,pomc,upper
316,8.0,20.75,166.0,J987_ARC _C3_slice4-Ort.czi,adult,pomc,upper
317,52.0,15.48076923076923,805.0,J987_ARC _C3_slice4-Ort.czi,adult,pomc,upper
318,15.0,14.333333333333334,215.0,J987_ARC _C3_slice4-Ort.czi,adult,pomc,upper
319,13.0,16.307692307692307,212.0,J987_ARC _C3_slice4-Ort.czi,adult,pomc,upper
320,145.0,15.586206896551724,2260.0,J987_ARC _C3_slice4-Ort.czi,adult,pomc,upper
321,24.0,16.125,387.0,J987_ARC _C3_slice4-Ort.czi,adult,pomc,upper
322,25.0,14.4,360.0,J987_ARC _C3_slice4-Ort.czi,adult,pomc,upper
323,75170.0,14.799055474258347,1112445.0,J987_ARC _C3_slice4-Ort.czi,adult,pomc,upper
324,188.0,16.382978723404257,3080.0000000000005,J987_ARC _C3_slice4-Ort.czi,adult,pomc,upper
325,1.0,12.0,12.0,J987_ARC _C3_slice4-Ort.czi,adult,pomc,upper
326,3.0,16.0,48.0,J987_ARC _C3_slice4-Ort.czi,adult,pomc,upper
327,49.0,19.510204081632654,956.0000000000001,J987_ARC _C3_slice4-Ort.czi,adult,pomc,upper
328,2.0,11.5,23.0,J987_ARC _C3_slice4-Ort.czi,adult,pomc,upper
329,21.0,19.857142857142858,417.0,J987_ARC _C3_slice4-Ort.czi,adult,pomc,upper
330,12.0,14.0,168.0,J987_ARC _C3_slice4-Ort.czi,adult,pomc,upper
331,166.0,18.174698795180724,3017.0,J987_ARC _C3_slice4-Ort.czi,adult,pomc,upper
332,1.0,12.0,12.0,J987_ARC _C3_slice4-Ort.czi,adult,pomc,upper
333,63.0,18.253968253968253,1150.0,J987_ARC _C3_slice4-Ort.czi,adult,pomc,upper
334,62.0,17.919354838709676,1111.0,J987_ARC _C3_slice4-Ort.czi,adult,pomc,upper
335,38.0,17.289473684210527,657.0,J987_ARC _C3_slice4-Ort.czi,adult,pomc,upper
336,29.0,16.17241379310345,469.0,J987_ARC _C3_slice4-Ort.czi,adult,pomc,upper
337,16.0,14.3125,229.0,J987_ARC _C3_slice4-Ort.czi,adult,pomc,upper
338,6.0,14.333333333333334,86.0,J987_ARC _C3_slice4-Ort.czi,adult,pomc,upper
339,44.0,17.045454545454547,750.0,J987_ARC _C3_slice4-Ort.czi,adult,pomc,upper
340,108.0,30.88888888888889,3336.0,J987_ARC _C3_slice4-Ort.czi,adult,pomc,upper
341,90.0,17.711111111111112,1594.0,J987_ARC _C3_slice4-Ort.czi,adult,pomc,upper
342,242.0,14.545454545454545,3520.0,J987_ARC _C3_slice4-Ort.czi,adult,pomc,upper
343,17.0,18.647058823529413,317.0,J987_ARC _C3_slice4-Ort.czi,adult,pomc,upper
344,21.0,18.047619047619047,379.0,J987_ARC _C3_slice4-Ort.czi,adult,pomc,upper
345,1975.0,13.998481012658228,27647.0,J987_ARC _C3_slice4-Ort.czi,adult,pomc,upper
346,18.0,12.055555555555555,217.0,J987_ARC _C3_slice4-Ort.czi,adult,pomc,upper
347,24.0,16.458333333333332,395.0,J987_ARC _C3_slice4-Ort.czi,adult,pomc,upper
348,25.0,15.92,398.0,J987_ARC _C3_slice4-Ort.czi,adult,pomc,upper
349,1.0,8.0,8.0,J987_ARC _C3_slice4-Ort.czi,adult,pomc,upper
350,69.0,17.28985507246377,1193.0,J987_ARC _C3_slice4-Ort.czi,adult,pomc,upper
351,1.0,1.0,1.0,J987_ARC _C3_slice4-Ort.czi,adult,pomc,upper
352,155.0,20.12258064516129,3119.0,J987_ARC _C3_slice4-Ort.czi,adult,pomc,upper
353,18.0,18.055555555555557,325.0,J987_ARC _C3_slice4-Ort.czi,adult,pomc,upper
354,46.0,23.195652173913043,1067.0,J987_ARC _C3_slice4-Ort.czi,adult,pomc,upper
355,1030.0,14.20388349514563,14630.0,J987_ARC _C3_slice4-Ort.czi,adult,pomc,upper
356,128.0,20.375,2608.0,J987_ARC _C3_slice4-Ort.czi,adult,pomc,upper
357,30.0,23.7,711.0,J987_ARC _C3_slice4-Ort.czi,adult,pomc,upper
358,27.0,19.88888888888889,537.0,J987_ARC _C3_slice4-Ort.czi,adult,pomc,upper
359,7.0,16.142857142857142,113.0,J987_ARC _C3_slice4-Ort.czi,adult,pomc,upper
360,15.0,17.0,255.0,J987_ARC _C3_slice4-Ort.czi,adult,pomc,upper
361,17.0,13.0,221.0,J987_ARC _C3_slice4-Ort.czi,adult,pomc,upper
362,306.0,14.986928104575163,4586.0,J987_ARC _C3_slice4-Ort.czi,adult,pomc,upper
363,62.0,15.709677419354838,974.0,J987_ARC _C3_slice4-Ort.czi,adult,pomc,upper
364,1.0,9.0,9.0,J987_ARC _C3_slice4-Ort.czi,adult,pomc,upper
365,484.0,13.799586776859504,6679.0,J987_ARC _C3_slice4-Ort.czi,adult,pomc,upper
366,168.0,16.113095238095237,2707.0,J987_ARC _C3_slice4-Ort.czi,adult,pomc,upper
367,57.0,17.07017543859649,972.9999999999999,J987_ARC _C3_slice4-Ort.czi,adult,pomc,upper
368,58.0,16.017241379310345,929.0,J987_ARC _C3_slice4-Ort.czi,adult,pomc,upper
369,42.0,18.738095238095237,787.0,J987_ARC _C3_slice4-Ort.czi,adult,pomc,upper
370,3.0,19.333333333333332,58.0,J987_ARC _C3_slice4-Ort.czi,adult,pomc,upper
371,404.0,16.175742574257427,6535.000000000001,J987_ARC _C3_slice4-Ort.czi,adult,pomc,upper
372,89.0,17.786516853932586,1583.0000000000002,J987_ARC _C3_slice4-Ort.czi,adult,pomc,upper
373,2.0,15.5,31.0,J987_ARC _C3_slice4-Ort.czi,adult,pomc,upper
374,12.0,13.0,156.0,J987_ARC _C3_slice4-Ort.czi,adult,pomc,upper
375,1.0,15.0,15.0,J987_ARC _C3_slice4-Ort.czi,adult,pomc,upper
376,13.0,18.23076923076923,237.0,J987_ARC _C3_slice4-Ort.czi,adult,pomc,upper
377,39.0,18.205128205128204,710.0,J987_ARC _C3_slice4-Ort.czi,adult,pomc,upper
378,3.0,15.666666666666666,47.0,J987_ARC _C3_slice4-Ort.czi,adult,pomc,upper
379,5.0,34.4,172.0,J987_ARC _C3_slice4-Ort.czi,adult,pomc,upper
380,61.0,15.60655737704918,952.0,J987_ARC _C3_slice4-Ort.czi,adult,pomc,upper
381,115.0,16.660869565217393,1916.0000000000002,J987_ARC _C3_slice4-Ort.czi,adult,pomc,upper
382,36.0,15.444444444444445,556.0,J987_ARC _C3_slice4-Ort.czi,adult,pomc,upper
383,14.0,14.642857142857142,205.0,J987_ARC _C3_slice4-Ort.czi,adult,pomc,upper
384,61.0,15.327868852459016,935.0,J987_ARC _C3_slice4-Ort.czi,adult,pomc,upper
385,68.0,15.794117647058824,1074.0,J987_ARC _C3_slice4-Ort.czi,adult,pomc,upper
386,15.0,14.0,210.0,J987_ARC _C3_slice4-Ort.czi,adult,pomc,upper
387,35.0,14.114285714285714,494.0,J987_ARC _C3_slice4-Ort.czi,adult,pomc,upper
388,1.0,5.0,5.0,J987_ARC _C3_slice4-Ort.czi,adult,pomc,upper
389,6.0,13.833333333333334,83.0,J987_ARC _C3_slice4-Ort.czi,adult,pomc,upper
390,83.0,15.734939759036145,1306.0,J987_ARC _C3_slice4-Ort.czi,adult,pomc,upper
391,70.0,16.7,1169.0,J987_ARC _C3_slice4-Ort.czi,adult,pomc,upper
392,267.0,16.925093632958802,4519.0,J987_ARC _C3_slice4-Ort.czi,adult,pomc,upper
393,358.0,17.51396648044693,6270.0,J987_ARC _C3_slice4-Ort.czi,adult,pomc,upper
394,39.0,16.025641025641026,625.0,J987_ARC _C3_slice4-Ort.czi,adult,pomc,upper
395,91.0,14.626373626373626,1331.0,J987_ARC _C3_slice4-Ort.czi,adult,pomc,upper
396,10.0,18.4,184.0,J987_ARC _C3_slice4-Ort.czi,adult,pomc,upper
397,28.0,15.892857142857142,445.0,J987_ARC _C3_slice4-Ort.czi,adult,pomc,upper
398,23.0,14.434782608695652,332.0,J987_ARC _C3_slice4-Ort.czi,adult,pomc,upper
399,1.0,16.0,16.0,J987_ARC _C3_slice4-Ort.czi,adult,pomc,upper
400,2.0,17.5,35.0,J987_ARC _C3_slice4-Ort.czi,adult,pomc,upper
401,292.0,13.304794520547945,3885.0,J987_ARC _C3_slice4-Ort.czi,adult,pomc,upper
402,371.0,16.805929919137466,6235.0,J987_ARC _C3_slice4-Ort.czi,adult,pomc,upper
403,36.0,16.083333333333332,579.0,J987_ARC _C3_slice4-Ort.czi,adult,pomc,upper
404,29.0,17.75862068965517,515.0,J987_ARC _C3_slice4-Ort.czi,adult,pomc,upper
405,14.0,19.142857142857142,268.0,J987_ARC _C3_slice4-Ort.czi,adult,pomc,upper
406,17.0,18.11764705882353,308.0,J987_ARC _C3_slice4-Ort.czi,adult,pomc,upper
407,6.0,19.833333333333332,119.0,J987_ARC _C3_slice4-Ort.czi,adult,pomc,upper
408,33.0,19.666666666666668,649.0,J987_ARC _C3_slice4-Ort.czi,adult,pomc,upper
409,31.0,13.838709677419354,429.0,J987_ARC _C3_slice4-Ort.czi,adult,pomc,upper
410,134.0,17.14179104477612,2297.0,J987_ARC _C3_slice4-Ort.czi,adult,pomc,upper
411,56.0,15.428571428571429,864.0,J987_ARC _C3_slice4-Ort.czi,adult,pomc,upper
412,35.0,15.114285714285714,529.0,J987_ARC _C3_slice4-Ort.czi,adult,pomc,upper
413,35.0,18.428571428571427,645.0,J987_ARC _C3_slice4-Ort.czi,adult,pomc,upper
414,61.0,18.34426229508197,1119.0,J987_ARC _C3_slice4-Ort.czi,adult,pomc,upper
415,59.0,17.423728813559322,1028.0,J987_ARC _C3_slice4-Ort.czi,adult,pomc,upper
416,161.0,17.68944099378882,2848.0,J987_ARC _C3_slice4-Ort.czi,adult,pomc,upper
417,2.0,16.0,32.0,J987_ARC _C3_slice4-Ort.czi,adult,pomc,upper
418,10.0,13.7,137.0,J987_ARC _C3_slice4-Ort.czi,adult,pomc,upper
419,126.0,16.238095238095237,2046.0,J987_ARC _C3_slice4-Ort.czi,adult,pomc,upper
420,7.0,12.285714285714286,86.0,J987_ARC _C3_slice4-Ort.czi,adult,pomc,upper
421,3.0,42.666666666666664,128.0,J987_ARC _C3_slice4-Ort.czi,adult,pomc,upper
422,5.0,25.6,128.0,J987_ARC _C3_slice4-Ort.czi,adult,pomc,upper
423,10.0,11.8,118.0,J987_ARC _C3_slice4-Ort.czi,adult,pomc,upper
424,9.0,20.555555555555557,185.0,J987_ARC _C3_slice4-Ort.czi,adult,pomc,upper
425,33.0,18.0,594.0,J987_ARC _C3_slice4-Ort.czi,adult,pomc,upper
426,13.0,15.461538461538462,201.0,J987_ARC _C3_slice4-Ort.czi,adult,pomc,upper
427,13.0,21.846153846153847,284.0,J987_ARC _C3_slice4-Ort.czi,adult,pomc,upper
428,30.0,18.7,561.0,J987_ARC _C3_slice4-Ort.czi,adult,pomc,upper
429,1.0,20.0,20.0,J987_ARC _C3_slice4-Ort.czi,adult,pomc,upper
430,137.0,16.467153284671532,2256.0,J987_ARC _C3_slice4-Ort.czi,adult,pomc,upper
431,18.0,15.444444444444445,278.0,J987_ARC _C3_slice4-Ort.czi,adult,pomc,upper
432,18.0,14.055555555555555,253.0,J987_ARC _C3_slice4-Ort.czi,adult,pomc,upper
433,2.0,5.0,10.0,J987_ARC _C3_slice4-Ort.czi,adult,pomc,upper
434,42.0,18.357142857142858,771.0,J987_ARC _C3_slice4-Ort.czi,adult,pomc,upper
435,11.0,17.181818181818183,189.00000000000003,J987_ARC _C3_slice4-Ort.czi,adult,pomc,upper
436,27.0,22.14814814814815,598.0,J987_ARC _C3_slice4-Ort.czi,adult,pomc,upper
437,30.0,16.066666666666666,482.0,J987_ARC _C3_slice4-Ort.czi,adult,pomc,upper
438,14.0,13.571428571428571,190.0,J987_ARC _C3_slice4-Ort.czi,adult,pomc,upper
439,6.0,15.0,90.0,J987_ARC _C3_slice4-Ort.czi,adult,pomc,upper
440,7570.0,14.923910171730515,112974.0,J987_ARC _C3_slice4-Ort.czi,adult,pomc,upper
441,1.0,18.0,18.0,J987_ARC _C3_slice4-Ort.czi,adult,pomc,upper
442,14.0,12.428571428571429,174.0,J987_ARC _C3_slice4-Ort.czi,adult,pomc,upper
443,1.0,7.0,7.0,J987_ARC _C3_slice4-Ort.czi,adult,pomc,upper
444,12.0,106.91666666666667,1283.0,J987_ARC _C3_slice4-Ort.czi,adult,pomc,upper
445,2.0,29.5,59.0,J987_ARC _C3_slice4-Ort.czi,adult,pomc,upper
446,28.0,13.285714285714286,372.0,J987_ARC _C3_slice4-Ort.czi,adult,pomc,upper
447,22.0,13.681818181818182,301.0,J987_ARC _C3_slice4-Ort.czi,adult,pomc,upper
448,970.0,19.21958762886598,18643.0,J987_ARC _C3_slice4-Ort.czi,adult,pomc,upper
449,49.0,17.244897959183675,845.0,J987_ARC _C3_slice4-Ort.czi,adult,pomc,upper
450,5.0,11.8,59.0,J987_ARC _C3_slice4-Ort.czi,adult,pomc,upper
451,14.0,16.142857142857142,226.0,J987_ARC _C3_slice4-Ort.czi,adult,pomc,upper
452,3.0,16.0,48.0,J987_ARC _C3_slice4-Ort.czi,adult,pomc,upper
453,1.0,15.0,15.0,J987_ARC _C3_slice4-Ort.czi,adult,pomc,upper
454,5.0,13.0,65.0,J987_ARC _C3_slice4-Ort.czi,adult,pomc,upper
455,1.0,14.0,14.0,J987_ARC _C3_slice4-Ort.czi,adult,pomc,upper
456,77.0,18.07792207792208,1392.0,J987_ARC _C3_slice4-Ort.czi,adult,pomc,upper
457,39.0,13.58974358974359,530.0,J987_ARC _C3_slice4-Ort.czi,adult,pomc,upper
458,74.0,18.7027027027027,1384.0,J987_ARC _C3_slice4-Ort.czi,adult,pomc,upper
459,36.0,18.22222222222222,656.0,J987_ARC _C3_slice4-Ort.czi,adult,pomc,upper
460,46.0,21.847826086956523,1005.0000000000001,J987_ARC _C3_slice4-Ort.czi,adult,pomc,upper
461,1.0,9.0,9.0,J987_ARC _C3_slice4-Ort.czi,adult,pomc,upper
462,12.0,12.666666666666666,152.0,J987_ARC _C3_slice4-Ort.czi,adult,pomc,upper
463,11.0,16.181818181818183,178.00000000000003,J987_ARC _C3_slice4-Ort.czi,adult,pomc,upper
464,8.0,25.5,204.0,J987_ARC _C3_slice4-Ort.czi,adult,pomc,upper
465,36.0,13.916666666666666,501.0,J987_ARC _C3_slice4-Ort.czi,adult,pomc,upper
466,38.0,19.526315789473685,742.0,J987_ARC _C3_slice4-Ort.czi,adult,pomc,upper
467,4.0,22.0,88.0,J987_ARC _C3_slice4-Ort.czi,adult,pomc,upper
468,8.0,26.25,210.0,J987_ARC _C3_slice4-Ort.czi,adult,pomc,upper
469,7.0,16.142857142857142,113.0,J987_ARC _C3_slice4-Ort.czi,adult,pomc,upper
470,39.0,17.692307692307693,690.0,J987_ARC _C3_slice4-Ort.czi,adult,pomc,upper
471,36.0,15.416666666666666,555.0,J987_ARC _C3_slice4-Ort.czi,adult,pomc,upper
472,37.0,25.35135135135135,938.0,J987_ARC _C3_slice4-Ort.czi,adult,pomc,upper
473,11.0,18.09090909090909,199.0,J987_ARC _C3_slice4-Ort.czi,adult,pomc,upper
474,17.0,14.235294117647058,242.0,J987_ARC _C3_slice4-Ort.czi,adult,pomc,upper
475,5.0,14.0,70.0,J987_ARC _C3_slice4-Ort.czi,adult,pomc,upper
476,1.0,19.0,19.0,J987_ARC _C3_slice4-Ort.czi,adult,pomc,upper
477,152.0,16.348684210526315,2485.0,J987_ARC _C3_slice4-Ort.czi,adult,pomc,upper
478,46.0,18.630434782608695,857.0,J987_ARC _C3_slice4-Ort.czi,adult,pomc,upper
479,22.0,14.636363636363637,322.0,J987_ARC _C3_slice4-Ort.czi,adult,pomc,upper
480,8.0,14.625,117.0,J987_ARC _C3_slice4-Ort.czi,adult,pomc,upper
481,18.0,16.22222222222222,292.0,J987_ARC _C3_slice4-Ort.czi,adult,pomc,upper
482,271.0,15.416974169741698,4178.0,J987_ARC _C3_slice4-Ort.czi,adult,pomc,upper
483,110.0,16.754545454545454,1843.0,J987_ARC _C3_slice4-Ort.czi,adult,pomc,upper
484,400.0,17.0525,6820.999999999999,J987_ARC _C3_slice4-Ort.czi,adult,pomc,upper
485,25.0,14.92,373.0,J987_ARC _C3_slice4-Ort.czi,adult,pomc,upper
486,2.0,14.0,28.0,J987_ARC _C3_slice4-Ort.czi,adult,pomc,upper
487,100.0,16.16,1616.0,J987_ARC _C3_slice4-Ort.czi,adult,pomc,upper
488,14.0,15.285714285714286,214.0,J987_ARC _C3_slice4-Ort.czi,adult,pomc,upper
489,1.0,8.0,8.0,J987_ARC _C3_slice4-Ort.czi,adult,pomc,upper
490,28.0,15.607142857142858,437.0,J987_ARC _C3_slice4-Ort.czi,adult,pomc,upper
491,105.0,15.895238095238096,1669.0,J987_ARC _C3_slice4-Ort.czi,adult,pomc,upper
492,57.0,14.192982456140351,809.0,J987_ARC _C3_slice4-Ort.czi,adult,pomc,upper
493,47.0,18.680851063829788,878.0,J987_ARC _C3_slice4-Ort.czi,adult,pomc,upper
494,137.0,15.021897810218977,2058.0,J987_ARC _C3_slice4-Ort.czi,adult,pomc,upper
495,135.0,16.103703703703705,2174.0,J987_ARC _C3_slice4-Ort.czi,adult,pomc,upper
496,556.0,15.553956834532373,8648.0,J987_ARC _C3_slice4-Ort.czi,adult,pomc,upper
497,16.0,18.125,290.0,J987_ARC _C3_slice4-Ort.czi,adult,pomc,upper
498,25.0,15.0,375.0,J987_ARC _C3_slice4-Ort.czi,adult,pomc,upper
499,20.0,13.0,260.0,J987_ARC _C3_slice4-Ort.czi,adult,pomc,upper
500,601.0,16.59234608985025,9972.0,J987_ARC _C3_slice4-Ort.czi,adult,pomc,upper
501,21.0,14.380952380952381,302.0,J987_ARC _C3_slice4-Ort.czi,adult,pomc,upper
502,18.0,20.72222222222222,373.0,J987_ARC _C3_slice4-Ort.czi,adult,pomc,upper
503,3.0,9.666666666666666,29.0,J987_ARC _C3_slice4-Ort.czi,adult,pomc,upper
504,90.0,17.855555555555554,1607.0,J987_ARC _C3_slice4-Ort.czi,adult,pomc,upper
505,26.0,16.23076923076923,422.0,J987_ARC _C3_slice4-Ort.czi,adult,pomc,upper
506,7.0,12.428571428571429,87.0,J987_ARC _C3_slice4-Ort.czi,adult,pomc,upper
507,33.0,14.484848484848484,478.0,J987_ARC _C3_slice4-Ort.czi,adult,pomc,upper
508,73.0,15.712328767123287,1147.0,J987_ARC _C3_slice4-Ort.czi,adult,pomc,upper
509,96.0,16.947916666666668,1627.0,J987_ARC _C3_slice4-Ort.czi,adult,pomc,upper
510,13.0,14.615384615384615,190.0,J987_ARC _C3_slice4-Ort.czi,adult,pomc,upper
511,119.0,16.73949579831933,1992.0,J987_ARC _C3_slice4-Ort.czi,adult,pomc,upper
512,5.0,12.2,61.0,J987_ARC _C3_slice4-Ort.czi,adult,pomc,upper
513,24.0,13.541666666666666,325.0,J987_ARC _C3_slice4-Ort.czi,adult,pomc,upper
514,65.0,12.96923076923077,843.0,J987_ARC _C3_slice4-Ort.czi,adult,pomc,upper
515,24.0,17.25,414.0,J987_ARC _C3_slice4-Ort.czi,adult,pomc,upper
516,63.0,15.53968253968254,979.0,J987_ARC _C3_slice4-Ort.czi,adult,pomc,upper
517,28.0,13.714285714285714,384.0,J987_ARC _C3_slice4-Ort.czi,adult,pomc,upper
518,123.0,16.609756097560975,2043.0,J987_ARC _C3_slice4-Ort.czi,adult,pomc,upper
519,50.0,16.48,824.0,J987_ARC _C3_slice4-Ort.czi,adult,pomc,upper
520,1.0,15.0,15.0,J987_ARC _C3_slice4-Ort.czi,adult,pomc,upper
521,38.0,14.026315789473685,533.0,J987_ARC _C3_slice4-Ort.czi,adult,pomc,upper
522,1.0,23.0,23.0,J987_ARC _C3_slice4-Ort.czi,adult,pomc,upper
523,8.0,17.375,139.0,J987_ARC _C3_slice4-Ort.czi,adult,pomc,upper
524,85.0,15.24705882352941,1296.0,J987_ARC _C3_slice4-Ort.czi,adult,pomc,upper
525,12.0,15.166666666666666,182.0,J987_ARC _C3_slice4-Ort.czi,adult,pomc,upper
526,68.0,14.955882352941176,1017.0,J987_ARC _C3_slice4-Ort.czi,adult,pomc,upper
527,32.0,15.21875,487.0,J987_ARC _C3_slice4-Ort.czi,adult,pomc,upper
528,4.0,13.25,53.0,J987_ARC _C3_slice4-Ort.czi,adult,pomc,upper
529,36.0,41.77777777777778,1504.0,J987_ARC _C3_slice4-Ort.czi,adult,pomc,upper
530,29.0,18.24137931034483,529.0,J987_ARC _C3_slice4-Ort.czi,adult,pomc,upper
531,22.0,14.0,308.0,J987_ARC _C3_slice4-Ort.czi,adult,pomc,upper
532,6513.0,15.97128819284508,104021.0,J987_ARC _C3_slice4-Ort.czi,adult,pomc,upper
533,29.0,18.137931034482758,526.0,J987_ARC _C3_slice4-Ort.czi,adult,pomc,upper
534,15.0,18.133333333333333,272.0,J987_ARC _C3_slice4-Ort.czi,adult,pomc,upper
535,108.0,16.712962962962962,1805.0,J987_ARC _C3_slice4-Ort.czi,adult,pomc,upper
536,99.0,15.232323232323232,1508.0,J987_ARC _C3_slice4-Ort.czi,adult,pomc,upper
537,118.0,20.991525423728813,2477.0,J987_ARC _C3_slice4-Ort.czi,adult,pomc,upper
538,38.0,14.605263157894736,555.0,J987_ARC _C3_slice4-Ort.czi,adult,pomc,upper
539,130.0,18.70769230769231,2432.0,J987_ARC _C3_slice4-Ort.czi,adult,pomc,upper
540,17.0,15.529411764705882,264.0,J987_ARC _C3_slice4-Ort.czi,adult,pomc,upper
541,155.0,14.35483870967742,2225.0,J987_ARC _C3_slice4-Ort.czi,adult,pomc,upper
542,35.0,17.97142857142857,629.0,J987_ARC _C3_slice4-Ort.czi,adult,pomc,upper
543,29.0,17.689655172413794,513.0,J987_ARC _C3_slice4-Ort.czi,adult,pomc,upper
544,46.0,14.130434782608695,650.0,J987_ARC _C3_slice4-Ort.czi,adult,pomc,upper
545,99.0,19.060606060606062,1887.0000000000002,J987_ARC _C3_slice4-Ort.czi,adult,pomc,upper
546,29.0,15.96551724137931,463.0,J987_ARC _C3_slice4-Ort.czi,adult,pomc,upper
547,104.0,15.971153846153847,1661.0,J987_ARC _C3_slice4-Ort.czi,adult,pomc,upper
548,27.0,19.48148148148148,526.0,J987_ARC _C3_slice4-Ort.czi,adult,pomc,upper
549,7.0,17.142857142857142,120.0,J987_ARC _C3_slice4-Ort.czi,adult,pomc,upper
550,61.0,16.131147540983605,983.9999999999999,J987_ARC _C3_slice4-Ort.czi,adult,pomc,upper
551,104.0,18.923076923076923,1968.0,J987_ARC _C3_slice4-Ort.czi,adult,pomc,upper
552,19.0,16.94736842105263,322.0,J987_ARC _C3_slice4-Ort.czi,adult,pomc,upper
553,47.0,18.829787234042552,885.0,J987_ARC _C3_slice4-Ort.czi,adult,pomc,upper
554,45.0,14.977777777777778,674.0,J987_ARC _C3_slice4-Ort.czi,adult,pomc,upper
555,120.0,17.866666666666667,2144.0,J987_ARC _C3_slice4-Ort.czi,adult,pomc,upper
556,4.0,19.0,76.0,J987_ARC _C3_slice4-Ort.czi,adult,pomc,upper
557,24.0,15.833333333333334,380.0,J987_ARC _C3_slice4-Ort.czi,adult,pomc,upper
558,305.0,16.25245901639344,4957.0,J987_ARC _C3_slice4-Ort.czi,adult,pomc,upper
559,103.0,14.79611650485437,1524.0,J987_ARC _C3_slice4-Ort.czi,adult,pomc,upper
560,16.0,16.3125,261.0,J987_ARC _C3_slice4-Ort.czi,adult,pomc,upper
561,15.0,17.8,267.0,J987_ARC _C3_slice4-Ort.czi,adult,pomc,upper
562,8.0,12.875,103.0,J987_ARC _C3_slice4-Ort.czi,adult,pomc,upper
563,122.0,17.598360655737704,2147.0,J987_ARC _C3_slice4-Ort.czi,adult,pomc,upper
564,49.0,16.510204081632654,809.0000000000001,J987_ARC _C3_slice4-Ort.czi,adult,pomc,upper
565,74.0,14.95945945945946,1107.0,J987_ARC _C3_slice4-Ort.czi,adult,pomc,upper
566,1.0,14.0,14.0,J987_ARC _C3_slice4-Ort.czi,adult,pomc,upper
567,24.0,19.958333333333332,479.0,J987_ARC _C3_slice4-Ort.czi,adult,pomc,upper
568,32.0,14.78125,473.0,J987_ARC _C3_slice4-Ort.czi,adult,pomc,upper
569,6.0,12.833333333333334,77.0,J987_ARC _C3_slice4-Ort.czi,adult,pomc,upper
570,13.0,18.384615384615383,238.99999999999997,J987_ARC _C3_slice4-Ort.czi,adult,pomc,upper
571,89.0,16.168539325842698,1439.0,J987_ARC _C3_slice4-Ort.czi,adult,pomc,upper
572,102.0,14.705882352941176,1500.0,J987_ARC _C3_slice4-Ort.czi,adult,pomc,upper
573,9.0,14.777777777777779,133.0,J987_ARC _C3_slice4-Ort.czi,adult,pomc,upper
574,1.0,10.0,10.0,J987_ARC _C3_slice4-Ort.czi,adult,pomc,upper
575,30.0,19.633333333333333,589.0,J987_ARC _C3_slice4-Ort.czi,adult,pomc,upper
576,77.0,19.467532467532468,1499.0,J987_ARC _C3_slice4-Ort.czi,adult,pomc,upper
577,35.0,15.428571428571429,540.0,J987_ARC _C3_slice4-Ort.czi,adult,pomc,upper
578,20.0,17.55,351.0,J987_ARC _C3_slice4-Ort.czi,adult,pomc,upper
579,29.0,18.482758620689655,536.0,J987_ARC _C3_slice4-Ort.czi,adult,pomc,upper
580,39.0,18.307692307692307,714.0,J987_ARC _C3_slice4-Ort.czi,adult,pomc,upper
581,142.0,17.295774647887324,2456.0,J987_ARC _C3_slice4-Ort.czi,adult,pomc,upper
582,39.0,20.128205128205128,785.0,J987_ARC _C3_slice4-Ort.czi,adult,pomc,upper
583,107.0,16.186915887850468,1732.0,J987_ARC _C3_slice4-Ort.czi,adult,pomc,upper
584,10.0,13.9,139.0,J987_ARC _C3_slice4-Ort.czi,adult,pomc,upper
585,10.0,13.8,138.0,J987_ARC _C3_slice4-Ort.czi,adult,pomc,upper
586,10.0,49.9,499.0,J987_ARC _C3_slice4-Ort.czi,adult,pomc,upper
587,17.0,16.058823529411764,273.0,J987_ARC _C3_slice4-Ort.czi,adult,pomc,upper
588,61.0,14.508196721311476,885.0,J987_ARC _C3_slice4-Ort.czi,adult,pomc,upper
589,2.0,8.0,16.0,J987_ARC _C3_slice4-Ort.czi,adult,pomc,upper
590,16.0,13.0,208.0,J987_ARC _C3_slice4-Ort.czi,adult,pomc,upper
591,3.0,9.0,27.0,J987_ARC _C3_slice4-Ort.czi,adult,pomc,upper
592,113.0,14.150442477876107,1599.0,J987_ARC _C3_slice4-Ort.czi,adult,pomc,upper
593,53.0,18.245283018867923,966.9999999999999,J987_ARC _C3_slice4-Ort.czi,adult,pomc,upper
594,85.0,15.905882352941177,1352.0,J987_ARC _C3_slice4-Ort.czi,adult,pomc,upper
595,16.0,16.625,266.0,J987_ARC _C3_slice4-Ort.czi,adult,pomc,upper
596,40.0,18.75,750.0,J987_ARC _C3_slice4-Ort.czi,adult,pomc,upper
597,1.0,27.0,27.0,J987_ARC _C3_slice4-Ort.czi,adult,pomc,upper
598,153.0,15.366013071895425,2351.0,J987_ARC _C3_slice4-Ort.czi,adult,pomc,upper
599,63.0,21.444444444444443,1351.0,J987_ARC _C3_slice4-Ort.czi,adult,pomc,upper
600,12.0,17.416666666666668,209.0,J987_ARC _C3_slice4-Ort.czi,adult,pomc,upper
601,40.0,21.025,841.0,J987_ARC _C3_slice4-Ort.czi,adult,pomc,upper
602,12.0,15.416666666666666,185.0,J987_ARC _C3_slice4-Ort.czi,adult,pomc,upper
603,14.0,13.142857142857142,184.0,J987_ARC _C3_slice4-Ort.czi,adult,pomc,upper
604,62.0,15.225806451612904,944.0,J987_ARC _C3_slice4-Ort.czi,adult,pomc,upper
605,94.0,17.425531914893618,1638.0,J987_ARC _C3_slice4-Ort.czi,adult,pomc,upper
606,30.0,15.1,453.0,J987_ARC _C3_slice4-Ort.czi,adult,pomc,upper
607,26.0,13.192307692307692,343.0,J987_ARC _C3_slice4-Ort.czi,adult,pomc,upper
608,28.0,15.107142857142858,423.0,J987_ARC _C3_slice4-Ort.czi,adult,pomc,upper
609,29.0,15.931034482758621,462.0,J987_ARC _C3_slice4-Ort.czi,adult,pomc,upper
610,22.0,23.681818181818183,521.0,J987_ARC _C3_slice4-Ort.czi,adult,pomc,upper
611,212.0,17.82075471698113,3778.0,J987_ARC _C3_slice4-Ort.czi,adult,pomc,upper
612,71.0,19.746478873239436,1402.0,J987_ARC _C3_slice4-Ort.czi,adult,pomc,upper
613,3.0,13.333333333333334,40.0,J987_ARC _C3_slice4-Ort.czi,adult,pomc,upper
614,19.0,18.42105263157895,350.0,J987_ARC _C3_slice4-Ort.czi,adult,pomc,upper
615,15.0,17.266666666666666,259.0,J987_ARC _C3_slice4-Ort.czi,adult,pomc,upper
616,57.0,16.596491228070175,946.0,J987_ARC _C3_slice4-Ort.czi,adult,pomc,upper
617,57.0,15.947368421052632,909.0,J987_ARC _C3_slice4-Ort.czi,adult,pomc,upper
618,1.0,5.0,5.0,J987_ARC _C3_slice4-Ort.czi,adult,pomc,upper
619,46.0,13.73913043478261,632.0,J987_ARC _C3_slice4-Ort.czi,adult,pomc,upper
620,45.0,15.866666666666667,714.0,J987_ARC _C3_slice4-Ort.czi,adult,pomc,upper
621,54.0,16.51851851851852,892.0,J987_ARC _C3_slice4-Ort.czi,adult,pomc,upper
622,1.0,12.0,12.0,J987_ARC _C3_slice4-Ort.czi,adult,pomc,upper
623,49.0,16.306122448979593,799.0000000000001,J987_ARC _C3_slice4-Ort.czi,adult,pomc,upper
624,66.0,17.393939393939394,1148.0,J987_ARC _C3_slice4-Ort.czi,adult,pomc,upper
625,109.0,17.18348623853211,1873.0000000000002,J987_ARC _C3_slice4-Ort.czi,adult,pomc,upper
626,43.0,16.58139534883721,713.0,J987_ARC _C3_slice4-Ort.czi,adult,pomc,upper
627,107.0,15.897196261682243,1701.0,J987_ARC _C3_slice4-Ort.czi,adult,pomc,upper
628,9.0,15.88888888888889,143.0,J987_ARC _C3_slice4-Ort.czi,adult,pomc,upper
629,65.0,15.538461538461538,1010.0,J987_ARC _C3_slice4-Ort.czi,adult,pomc,upper
630,5.0,21.0,105.0,J987_ARC _C3_slice4-Ort.czi,adult,pomc,upper
631,26.0,21.03846153846154,547.0,J987_ARC _C3_slice4-Ort.czi,adult,pomc,upper
632,54.0,17.944444444444443,968.9999999999999,J987_ARC _C3_slice4-Ort.czi,adult,pomc,upper
633,48.0,14.75,708.0,J987_ARC _C3_slice4-Ort.czi,adult,pomc,upper
634,47.0,17.70212765957447,832.0,J987_ARC _C3_slice4-Ort.czi,adult,pomc,upper
635,1.0,15.0,15.0,J987_ARC _C3_slice4-Ort.czi,adult,pomc,upper
636,1.0,14.0,14.0,J987_ARC _C3_slice4-Ort.czi,adult,pomc,upper
637,34.0,15.617647058823529,531.0,J987_ARC _C3_slice4-Ort.czi,adult,pomc,upper
638,174.0,15.804597701149426,2750.0,J987_ARC _C3_slice4-Ort.czi,adult,pomc,upper
639,62.0,19.64516129032258,1218.0,J987_ARC _C3_slice4-Ort.czi,adult,pomc,upper
640,61.0,16.918032786885245,1032.0,J987_ARC _C3_slice4-Ort.czi,adult,pomc,upper
641,94.0,18.074468085106382,1699.0,J987_ARC _C3_slice4-Ort.czi,adult,pomc,upper
642,17.0,12.588235294117647,214.0,J987_ARC _C3_slice4-Ort.czi,adult,pomc,upper
643,140.0,16.857142857142858,2360.0,J987_ARC _C3_slice4-Ort.czi,adult,pomc,upper
644,64.0,15.90625,1018.0,J987_ARC _C3_slice4-Ort.czi,adult,pomc,upper
645,1.0,10.0,10.0,J987_ARC _C3_slice4-Ort.czi,adult,pomc,upper
646,117.0,18.495726495726494,2164.0,J987_ARC _C3_slice4-Ort.czi,adult,pomc,upper
647,3.0,24.333333333333332,73.0,J987_ARC _C3_slice4-Ort.czi,adult,pomc,upper
648,58.0,15.844827586206897,919.0,J987_ARC _C3_slice4-Ort.czi,adult,pomc,upper
649,13.0,18.153846153846153,236.0,J987_ARC _C3_slice4-Ort.czi,adult,pomc,upper
650,114.0,16.903508771929825,1927.0,J987_ARC _C3_slice4-Ort.czi,adult,pomc,upper
651,21.0,15.666666666666666,329.0,J987_ARC _C3_slice4-Ort.czi,adult,pomc,upper
652,6.0,16.166666666666668,97.0,J987_ARC _C3_slice4-Ort.czi,adult,pomc,upper
653,22.0,16.0,352.0,J987_ARC _C3_slice4-Ort.czi,adult,pomc,upper
654,35.0,17.6,616.0,J987_ARC _C3_slice4-Ort.czi,adult,pomc,upper
655,1.0,9.0,9.0,J987_ARC _C3_slice4-Ort.czi,adult,pomc,upper
656,32.0,18.21875,583.0,J987_ARC _C3_slice4-Ort.czi,adult,pomc,upper
657,214.0,17.38317757009346,3720.0,J987_ARC _C3_slice4-Ort.czi,adult,pomc,upper
658,16.0,16.4375,263.0,J987_ARC _C3_slice4-Ort.czi,adult,pomc,upper
659,4.0,16.75,67.0,J987_ARC _C3_slice4-Ort.czi,adult,pomc,upper
660,32.0,14.75,472.0,J987_ARC _C3_slice4-Ort.czi,adult,pomc,upper
661,31.0,16.516129032258064,512.0,J987_ARC _C3_slice4-Ort.czi,adult,pomc,upper
662,23.0,20.565217391304348,473.0,J987_ARC _C3_slice4-Ort.czi,adult,pomc,upper
663,69.0,24.55072463768116,1694.0,J987_ARC _C3_slice4-Ort.czi,adult,pomc,upper
664,46.0,14.565217391304348,670.0,J987_ARC _C3_slice4-Ort.czi,adult,pomc,upper
665,93.0,17.698924731182796,1646.0,J987_ARC _C3_slice4-Ort.czi,adult,pomc,upper
666,161.0,19.29192546583851,3106.0,J987_ARC _C3_slice4-Ort.czi,adult,pomc,upper
667,35.0,18.514285714285716,648.0000000000001,J987_ARC _C3_slice4-Ort.czi,adult,pomc,upper
668,23.0,22.130434782608695,509.0,J987_ARC _C3_slice4-Ort.czi,adult,pomc,upper
669,19.0,15.631578947368421,297.0,J987_ARC _C3_slice4-Ort.czi,adult,pomc,upper
670,2.0,33.5,67.0,J987_ARC _C3_slice4-Ort.czi,adult,pomc,upper
671,55.0,13.272727272727273,730.0,J987_ARC _C3_slice4-Ort.czi,adult,pomc,upper
672,23.0,17.043478260869566,392.0,J987_ARC _C3_slice4-Ort.czi,adult,pomc,upper
673,175.0,19.777142857142856,3460.9999999999995,J987_ARC _C3_slice4-Ort.czi,adult,pomc,upper
674,48.0,14.9375,717.0,J987_ARC _C3_slice4-Ort.czi,adult,pomc,upper
675,34.0,24.352941176470587,828.0,J987_ARC _C3_slice4-Ort.czi,adult,pomc,upper
676,105.0,18.295238095238094,1921.0,J987_ARC _C3_slice4-Ort.czi,adult,pomc,upper
677,60.0,18.116666666666667,1087.0,J987_ARC _C3_slice4-Ort.czi,adult,pomc,upper
678,15.0,18.4,276.0,J987_ARC _C3_slice4-Ort.czi,adult,pomc,upper
679,133.0,14.045112781954888,1868.0,J987_ARC _C3_slice4-Ort.czi,adult,pomc,upper
680,60.0,16.0,960.0,J987_ARC _C3_slice4-Ort.czi,adult,pomc,upper
681,8.0,17.25,138.0,J987_ARC _C3_slice4-Ort.czi,adult,pomc,upper
682,15.0,10.8,162.0,J987_ARC _C3_slice4-Ort.czi,adult,pomc,upper
683,126.0,18.27777777777778,2303.0,J987_ARC _C3_slice4-Ort.czi,adult,pomc,upper
684,225.0,16.173333333333332,3638.9999999999995,J987_ARC _C3_slice4-Ort.czi,adult,pomc,upper
685,63.0,15.777777777777779,994.0,J987_ARC _C3_slice4-Ort.czi,adult,pomc,upper
686,1.0,16.0,16.0,J987_ARC _C3_slice4-Ort.czi,adult,pomc,upper
687,1.0,5.0,5.0,J987_ARC _C3_slice4-Ort.czi,adult,pomc,upper
688,17.0,15.058823529411764,256.0,J987_ARC _C3_slice4-Ort.czi,adult,pomc,upper
689,15.0,21.933333333333334,329.0,J987_ARC _C3_slice4-Ort.czi,adult,pomc,upper
690,12.0,18.666666666666668,224.0,J987_ARC _C3_slice4-Ort.czi,adult,pomc,upper
691,96.0,16.71875,1605.0,J987_ARC _C3_slice4-Ort.czi,adult,pomc,upper
692,61.0,23.131147540983605,1411.0,J987_ARC _C3_slice4-Ort.czi,adult,pomc,upper
693,21.0,15.666666666666666,329.0,J987_ARC _C3_slice4-Ort.czi,adult,pomc,upper
694,150.0,13.953333333333333,2093.0,J987_ARC _C3_slice4-Ort.czi,adult,pomc,upper
695,20.0,16.2,324.0,J987_ARC _C3_slice4-Ort.czi,adult,pomc,upper
696,19.0,16.157894736842106,307.0,J987_ARC _C3_slice4-Ort.czi,adult,pomc,upper
697,1899.0,15.891521853607161,30178.0,J987_ARC _C3_slice4-Ort.czi,adult,pomc,upper
698,7.0,17.285714285714285,121.0,J987_ARC _C3_slice4-Ort.czi,adult,pomc,upper
699,12.0,11.916666666666666,143.0,J987_ARC _C3_slice4-Ort.czi,adult,pomc,upper
700,111.0,22.08108108108108,2451.0,J987_ARC _C3_slice4-Ort.czi,adult,pomc,upper
701,14.0,16.5,231.0,J987_ARC _C3_slice4-Ort.czi,adult,pomc,upper
702,1.0,19.0,19.0,J987_ARC _C3_slice4-Ort.czi,adult,pomc,upper
703,9.0,15.444444444444445,139.0,J987_ARC _C3_slice4-Ort.czi,adult,pomc,upper
704,8.0,14.5,116.0,J987_ARC _C3_slice4-Ort.czi,adult,pomc,upper
705,1.0,5.0,5.0,J987_ARC _C3_slice4-Ort.czi,adult,pomc,upper
706,8.0,12.25,98.0,J987_ARC _C3_slice4-Ort.czi,adult,pomc,upper
707,6.0,13.333333333333334,80.0,J987_ARC _C3_slice4-Ort.czi,adult,pomc,upper
708,8.0,16.375,131.0,J987_ARC _C3_slice4-Ort.czi,adult,pomc,upper
709,36.0,20.02777777777778,721.0,J987_ARC _C3_slice4-Ort.czi,adult,pomc,upper
710,11.0,20.181818181818183,222.00000000000003,J987_ARC _C3_slice4-Ort.czi,adult,pomc,upper
711,50.0,19.92,996.0000000000001,J987_ARC _C3_slice4-Ort.czi,adult,pomc,upper
712,73.0,17.36986301369863,1268.0,J987_ARC _C3_slice4-Ort.czi,adult,pomc,upper
713,51.0,15.764705882352942,804.0,J987_ARC _C3_slice4-Ort.czi,adult,pomc,upper
714,26.0,17.615384615384617,458.00000000000006,J987_ARC _C3_slice4-Ort.czi,adult,pomc,upper
715,7.0,13.714285714285714,96.0,J987_ARC _C3_slice4-Ort.czi,adult,pomc,upper
716,17.0,16.764705882352942,285.0,J987_ARC _C3_slice4-Ort.czi,adult,pomc,upper
717,165.0,25.2,4158.0,J987_ARC _C3_slice4-Ort.czi,adult,pomc,upper
718,67.0,15.388059701492537,1031.0,J987_ARC _C3_slice4-Ort.czi,adult,pomc,upper
719,26.0,20.46153846153846,532.0,J987_ARC _C3_slice4-Ort.czi,adult,pomc,upper
720,18.0,14.944444444444445,269.0,J987_ARC _C3_slice4-Ort.czi,adult,pomc,upper
721,39.0,15.384615384615385,600.0,J987_ARC _C3_slice4-Ort.czi,adult,pomc,upper
722,9.0,13.0,117.0,J987_ARC _C3_slice4-Ort.czi,adult,pomc,upper
723,35.0,17.97142857142857,629.0,J987_ARC _C3_slice4-Ort.czi,adult,pomc,upper
724,4.0,18.5,74.0,J987_ARC _C3_slice4-Ort.czi,adult,pomc,upper
725,130.0,17.73076923076923,2305.0,J987_ARC _C3_slice4-Ort.czi,adult,pomc,upper
726,46.0,16.282608695652176,749.0000000000001,J987_ARC _C3_slice4-Ort.czi,adult,pomc,upper
727,24.0,14.5,348.0,J987_ARC _C3_slice4-Ort.czi,adult,pomc,upper
728,184.0,17.26086956521739,3176.0,J987_ARC _C3_slice4-Ort.czi,adult,pomc,upper
729,42.0,16.142857142857142,678.0,J987_ARC _C3_slice4-Ort.czi,adult,pomc,upper
730,31.0,14.129032258064516,438.0,J987_ARC _C3_slice4-Ort.czi,adult,pomc,upper
731,36.0,16.63888888888889,599.0,J987_ARC _C3_slice4-Ort.czi,adult,pomc,upper
732,51.0,20.215686274509803,1031.0,J987_ARC _C3_slice4-Ort.czi,adult,pomc,upper
733,9.0,17.77777777777778,160.0,J987_ARC _C3_slice4-Ort.czi,adult,pomc,upper
734,48.0,15.291666666666666,734.0,J987_ARC _C3_slice4-Ort.czi,adult,pomc,upper
735,8.0,22.625,181.0,J987_ARC _C3_slice4-Ort.czi,adult,pomc,upper
736,3.0,12.0,36.0,J987_ARC _C3_slice4-Ort.czi,adult,pomc,upper
737,17.0,12.411764705882353,211.0,J987_ARC _C3_slice4-Ort.czi,adult,pomc,upper
738,41.0,17.170731707317074,704.0,J987_ARC _C3_slice4-Ort.czi,adult,pomc,upper
739,1.0,9.0,9.0,J987_ARC _C3_slice4-Ort.czi,adult,pomc,upper
740,46.0,15.717391304347826,723.0,J987_ARC _C3_slice4-Ort.czi,adult,pomc,upper
741,1.0,12.0,12.0,J987_ARC _C3_slice4-Ort.czi,adult,pomc,upper
742,82.0,17.475609756097562,1433.0,J987_ARC _C3_slice4-Ort.czi,adult,pomc,upper
743,35.0,20.428571428571427,715.0,J987_ARC _C3_slice4-Ort.czi,adult,pomc,upper
744,11.0,14.0,154.0,J987_ARC _C3_slice4-Ort.czi,adult,pomc,upper
745,5.0,18.2,91.0,J987_ARC _C3_slice4-Ort.czi,adult,pomc,upper
746,9.0,13.222222222222221,119.0,J987_ARC _C3_slice4-Ort.czi,adult,pomc,upper
747,1.0,18.0,18.0,J987_ARC _C3_slice4-Ort.czi,adult,pomc,upper
748,11.0,16.818181818181817,184.99999999999997,J987_ARC _C3_slice4-Ort.czi,adult,pomc,upper
749,52.0,14.538461538461538,756.0,J987_ARC _C3_slice4-Ort.czi,adult,pomc,upper
750,177.0,15.158192090395481,2683.0,J987_ARC _C3_slice4-Ort.czi,adult,pomc,upper
751,3.0,14.0,42.0,J987_ARC _C3_slice4-Ort.czi,adult,pomc,upper
752,36.0,14.11111111111111,508.0,J987_ARC _C3_slice4-Ort.czi,adult,pomc,upper
753,282.0,17.648936170212767,4977.0,J987_ARC _C3_slice4-Ort.czi,adult,pomc,upper
754,21.0,18.238095238095237,383.0,J987_ARC _C3_slice4-Ort.czi,adult,pomc,upper
755,1.0,24.0,24.0,J987_ARC _C3_slice4-Ort.czi,adult,pomc,upper
756,13.0,19.76923076923077,257.0,J987_ARC _C3_slice4-Ort.czi,adult,pomc,upper
757,110.0,38.68181818181818,4255.0,J987_ARC _C3_slice4-Ort.czi,adult,pomc,upper
758,75.0,19.626666666666665,1472.0,J987_ARC _C3_slice4-Ort.czi,adult,pomc,upper
759,9.0,24.333333333333332,219.0,J987_ARC _C3_slice4-Ort.czi,adult,pomc,upper
760,32.0,16.71875,535.0,J987_ARC _C3_slice4-Ort.czi,adult,pomc,upper
761,1.0,21.0,21.0,J987_ARC _C3_slice4-Ort.czi,adult,pomc,upper
762,55.0,14.6,803.0,J987_ARC _C3_slice4-Ort.czi,adult,pomc,upper
763,2.0,17.5,35.0,J987_ARC _C3_slice4-Ort.czi,adult,pomc,upper
764,1.0,13.0,13.0,J987_ARC _C3_slice4-Ort.czi,adult,pomc,upper
765,164.0,16.201219512195124,2657.0000000000005,J987_ARC _C3_slice4-Ort.czi,adult,pomc,upper
766,19.0,17.31578947368421,328.99999999999994,J987_ARC _C3_slice4-Ort.czi,adult,pomc,upper
767,7.0,14.285714285714286,100.0,J987_ARC _C3_slice4-Ort.czi,adult,pomc,upper
768,12.0,15.5,186.0,J987_ARC _C3_slice4-Ort.czi,adult,pomc,upper
769,85.0,22.094117647058823,1878.0,J987_ARC _C3_slice4-Ort.czi,adult,pomc,upper
770,1.0,3.0,3.0,J987_ARC _C3_slice4-Ort.czi,adult,pomc,upper
771,51.0,14.705882352941176,750.0,J987_ARC _C3_slice4-Ort.czi,adult,pomc,upper
772,50.0,14.22,711.0,J987_ARC _C3_slice4-Ort.czi,adult,pomc,upper
773,1.0,18.0,18.0,J987_ARC _C3_slice4-Ort.czi,adult,pomc,upper
774,33.0,14.93939393939394,493.0,J987_ARC _C3_slice4-Ort.czi,adult,pomc,upper
775,46.0,19.543478260869566,899.0,J987_ARC _C3_slice4-Ort.czi,adult,pomc,upper
776,109.0,14.954128440366972,1630.0,J987_ARC _C3_slice4-Ort.czi,adult,pomc,upper
777,18.0,14.666666666666666,264.0,J987_ARC _C3_slice4-Ort.czi,adult,pomc,upper
778,80.0,16.9625,1357.0,J987_ARC _C3_slice4-Ort.czi,adult,pomc,upper
779,1.0,24.0,24.0,J987_ARC _C3_slice4-Ort.czi,adult,pomc,upper
780,49.0,18.755102040816325,919.0,J987_ARC _C3_slice4-Ort.czi,adult,pomc,upper
781,37.0,16.18918918918919,599.0,J987_ARC _C3_slice4-Ort.czi,adult,pomc,upper
782,68.0,13.808823529411764,939.0,J987_ARC _C3_slice4-Ort.czi,adult,pomc,upper
783,1.0,12.0,12.0,J987_ARC _C3_slice4-Ort.czi,adult,pomc,upper
784,12.0,12.166666666666666,146.0,J987_ARC _C3_slice4-Ort.czi,adult,pomc,upper
785,8.0,16.875,135.0,J987_ARC _C3_slice4-Ort.czi,adult,pomc,upper
786,405.0,15.965432098765431,6466.0,J987_ARC _C3_slice4-Ort.czi,adult,pomc,upper
787,3.0,19.333333333333332,58.0,J987_ARC _C3_slice4-Ort.czi,adult,pomc,upper
788,1.0,2.0,2.0,J987_ARC _C3_slice4-Ort.czi,adult,pomc,upper
789,31.0,14.64516129032258,454.0,J987_ARC _C3_slice4-Ort.czi,adult,pomc,upper
790,41.0,16.70731707317073,685.0,J987_ARC _C3_slice4-Ort.czi,adult,pomc,upper
791,100.0,14.97,1497.0,J987_ARC _C3_slice4-Ort.czi,adult,pomc,upper
792,183.0,18.557377049180328,3396.0,J987_ARC _C3_slice4-Ort.czi,adult,pomc,upper
793,43.0,19.093023255813954,821.0,J987_ARC _C3_slice4-Ort.czi,adult,pomc,upper
794,46.0,14.326086956521738,659.0,J987_ARC _C3_slice4-Ort.czi,adult,pomc,upper
795,87.0,26.229885057471265,2282.0,J987_ARC _C3_slice4-Ort.czi,adult,pomc,upper
796,4.0,13.75,55.0,J987_ARC _C3_slice4-Ort.czi,adult,pomc,upper
797,28.0,15.857142857142858,444.0,J987_ARC _C3_slice4-Ort.czi,adult,pomc,upper
798,64.0,15.875,1016.0,J987_ARC _C3_slice4-Ort.czi,adult,pomc,upper
799,154.0,17.207792207792206,2649.9999999999995,J987_ARC _C3_slice4-Ort.czi,adult,pomc,upper
800,130.0,20.53076923076923,2669.0,J987_ARC _C3_slice4-Ort.czi,adult,pomc,upper
801,6.0,19.833333333333332,119.0,J987_ARC _C3_slice4-Ort.czi,adult,pomc,upper
802,314.0,12.414012738853502,3897.9999999999995,J987_ARC _C3_slice4-Ort.czi,adult,pomc,upper
803,25.0,16.12,403.0,J987_ARC _C3_slice4-Ort.czi,adult,pomc,upper
804,24.0,13.5,324.0,J987_ARC _C3_slice4-Ort.czi,adult,pomc,upper
805,45.0,19.022222222222222,856.0,J987_ARC _C3_slice4-Ort.czi,adult,pomc,upper
806,29.0,28.655172413793103,831.0,J987_ARC _C3_slice4-Ort.czi,adult,pomc,upper
807,3.0,9.333333333333334,28.0,J987_ARC _C3_slice4-Ort.czi,adult,pomc,upper
808,20.0,15.2,304.0,J987_ARC _C3_slice4-Ort.czi,adult,pomc,upper
809,81.0,15.864197530864198,1285.0,J987_ARC _C3_slice4-Ort.czi,adult,pomc,upper
810,17.0,13.411764705882353,228.0,J987_ARC _C3_slice4-Ort.czi,adult,pomc,upper
811,1.0,8.0,8.0,J987_ARC _C3_slice4-Ort.czi,adult,pomc,upper
812,250.0,18.528,4632.0,J987_ARC _C3_slice4-Ort.czi,adult,pomc,upper
813,6.0,18.166666666666668,109.0,J987_ARC _C3_slice4-Ort.czi,adult,pomc,upper
814,2.0,13.5,27.0,J987_ARC _C3_slice4-Ort.czi,adult,pomc,upper
815,10.0,14.8,148.0,J987_ARC _C3_slice4-Ort.czi,adult,pomc,upper
816,8.0,19.0,152.0,J987_ARC _C3_slice4-Ort.czi,adult,pomc,upper
817,25.0,17.08,426.99999999999994,J987_ARC _C3_slice4-Ort.czi,adult,pomc,upper
818,1.0,25.0,25.0,J987_ARC _C3_slice4-Ort.czi,adult,pomc,upper
819,1.0,21.0,21.0,J987_ARC _C3_slice4-Ort.czi,adult,pomc,upper
820,31.0,15.064516129032258,467.0,J987_ARC _C3_slice4-Ort.czi,adult,pomc,upper
821,15.0,14.333333333333334,215.0,J987_ARC _C3_slice4-Ort.czi,adult,pomc,upper
822,18.0,14.61111111111111,263.0,J987_ARC _C3_slice4-Ort.czi,adult,pomc,upper
823,43.0,17.53488372093023,754.0,J987_ARC _C3_slice4-Ort.czi,adult,pomc,upper
824,12.0,14.416666666666666,173.0,J987_ARC _C3_slice4-Ort.czi,adult,pomc,upper
825,187.0,15.235294117647058,2849.0,J987_ARC _C3_slice4-Ort.czi,adult,pomc,upper
826,1.0,7.0,7.0,J987_ARC _C3_slice4-Ort.czi,adult,pomc,upper
827,29.0,14.758620689655173,428.0,J987_ARC _C3_slice4-Ort.czi,adult,pomc,upper
828,41.0,20.609756097560975,845.0,J987_ARC _C3_slice4-Ort.czi,adult,pomc,upper
829,194.0,19.11340206185567,3708.0,J987_ARC _C3_slice4-Ort.czi,adult,pomc,upper
830,94.0,16.23404255319149,1526.0,J987_ARC _C3_slice4-Ort.czi,adult,pomc,upper
831,71.0,17.154929577464788,1218.0,J987_ARC _C3_slice4-Ort.czi,adult,pomc,upper
832,19.0,13.578947368421053,258.0,J987_ARC _C3_slice4-Ort.czi,adult,pomc,upper
833,74.0,16.95945945945946,1255.0,J987_ARC _C3_slice4-Ort.czi,adult,pomc,upper
834,41.0,18.51219512195122,759.0,J987_ARC _C3_slice4-Ort.czi,adult,pomc,upper
835,59.0,27.677966101694917,1633.0,J987_ARC _C3_slice4-Ort.czi,adult,pomc,upper
836,8.0,18.625,149.0,J987_ARC _C3_slice4-Ort.czi,adult,pomc,upper
837,24.0,17.791666666666668,427.0,J987_ARC _C3_slice4-Ort.czi,adult,pomc,upper
838,2.0,11.0,22.0,J987_ARC _C3_slice4-Ort.czi,adult,pomc,upper
839,1.0,22.0,22.0,J987_ARC _C3_slice4-Ort.czi,adult,pomc,upper
840,2.0,16.0,32.0,J987_ARC _C3_slice4-Ort.czi,adult,pomc,upper
841,4.0,15.75,63.0,J987_ARC _C3_slice4-Ort.czi,adult,pomc,upper
842,10974.0,15.774466921815199,173109.0,J987_ARC _C3_slice4-Ort.czi,adult,pomc,upper
843,28.0,17.75,497.0,J987_ARC _C3_slice4-Ort.czi,adult,pomc,upper
844,16.0,13.0625,209.0,J987_ARC _C3_slice4-Ort.czi,adult,pomc,upper
845,30.0,18.5,555.0,J987_ARC _C3_slice4-Ort.czi,adult,pomc,upper
846,18.0,16.5,297.0,J987_ARC _C3_slice4-Ort.czi,adult,pomc,upper
847,95.0,16.42105263157895,1560.0000000000002,J987_ARC _C3_slice4-Ort.czi,adult,pomc,upper
848,1.0,4.0,4.0,J987_ARC _C3_slice4-Ort.czi,adult,pomc,upper
849,1.0,18.0,18.0,J987_ARC _C3_slice4-Ort.czi,adult,pomc,upper
850,21.0,18.904761904761905,397.0,J987_ARC _C3_slice4-Ort.czi,adult,pomc,upper
851,9.0,11.88888888888889,107.0,J987_ARC _C3_slice4-Ort.czi,adult,pomc,upper
852,20.0,26.0,520.0,J987_ARC _C3_slice4-Ort.czi,adult,pomc,upper
853,17.0,20.647058823529413,351.0,J987_ARC _C3_slice4-Ort.czi,adult,pomc,upper
854,63.0,16.650793650793652,1049.0,J987_ARC _C3_slice4-Ort.czi,adult,pomc,upper
855,155.0,16.73548387096774,2594.0,J987_ARC _C3_slice4-Ort.czi,adult,pomc,upper
856,19.0,20.263157894736842,385.0,J987_ARC _C3_slice4-Ort.czi,adult,pomc,upper
857,679.0,20.484536082474225,13908.999999999998,J987_ARC _C3_slice4-Ort.czi,adult,pomc,upper
858,54.0,13.814814814814815,746.0,J987_ARC _C3_slice4-Ort.czi,adult,pomc,upper
859,27.0,20.037037037037038,541.0,J987_ARC _C3_slice4-Ort.czi,adult,pomc,upper
860,35.0,22.457142857142856,786.0,J987_ARC _C3_slice4-Ort.czi,adult,pomc,upper
861,15.0,22.533333333333335,338.0,J987_ARC _C3_slice4-Ort.czi,adult,pomc,upper
862,1.0,255.0,255.0,J987_ARC _C3_slice4-Ort.czi,adult,pomc,upper
863,52.0,17.384615384615383,903.9999999999999,J987_ARC _C3_slice4-Ort.czi,adult,pomc,upper
864,33.0,14.969696969696969,494.0,J987_ARC _C3_slice4-Ort.czi,adult,pomc,upper
865,85.0,15.705882352941176,1335.0,J987_ARC _C3_slice4-Ort.czi,adult,pomc,upper
866,1163.0,20.772141014617368,24158.0,J987_ARC _C3_slice4-Ort.czi,adult,pomc,upper
867,1.0,23.0,23.0,J987_ARC _C3_slice4-Ort.czi,adult,pomc,upper
868,2.0,11.5,23.0,J987_ARC _C3_slice4-Ort.czi,adult,pomc,upper
869,35.0,16.685714285714287,584.0,J987_ARC _C3_slice4-Ort.czi,adult,pomc,upper
870,18.0,16.61111111111111,299.0,J987_ARC _C3_slice4-Ort.czi,adult,pomc,upper
871,362.0,24.30939226519337,8800.0,J987_ARC _C3_slice4-Ort.czi,adult,pomc,upper
872,14.0,16.214285714285715,227.0,J987_ARC _C3_slice4-Ort.czi,adult,pomc,upper
873,332.0,24.924698795180724,8275.0,J987_ARC _C3_slice4-Ort.czi,adult,pomc,upper
874,10.0,17.2,172.0,J987_ARC _C3_slice4-Ort.czi,adult,pomc,upper
875,77.0,15.311688311688311,1179.0,J987_ARC _C3_slice4-Ort.czi,adult,pomc,upper
876,71.0,18.098591549295776,1285.0,J987_ARC _C3_slice4-Ort.czi,adult,pomc,upper
877,1.0,22.0,22.0,J987_ARC _C3_slice4-Ort.czi,adult,pomc,upper
878,88.0,17.704545454545453,1558.0,J987_ARC _C3_slice4-Ort.czi,adult,pomc,upper
879,85.0,17.388235294117646,1477.9999999999998,J987_ARC _C3_slice4-Ort.czi,adult,pomc,upper
880,33.0,18.21212121212121,601.0,J987_ARC _C3_slice4-Ort.czi,adult,pomc,upper
881,49.0,16.755102040816325,821.0,J987_ARC _C3_slice4-Ort.czi,adult,pomc,upper
882,19.0,15.052631578947368,286.0,J987_ARC _C3_slice4-Ort.czi,adult,pomc,upper
883,14.0,15.5,217.0,J987_ARC _C3_slice4-Ort.czi,adult,pomc,upper
884,3.0,10.0,30.0,J987_ARC _C3_slice4-Ort.czi,adult,pomc,upper
885,8.0,15.0,120.0,J987_ARC _C3_slice4-Ort.czi,adult,pomc,upper
886,300.0,15.196666666666667,4559.0,J987_ARC _C3_slice4-Ort.czi,adult,pomc,upper
887,5.0,26.2,131.0,J987_ARC _C3_slice4-Ort.czi,adult,pomc,upper
888,60.0,16.5,990.0,J987_ARC _C3_slice4-Ort.czi,adult,pomc,upper
889,33.0,17.78787878787879,587.0,J987_ARC _C3_slice4-Ort.czi,adult,pomc,upper
890,45.0,19.066666666666666,858.0,J987_ARC _C3_slice4-Ort.czi,adult,pomc,upper
891,12.0,14.916666666666666,179.0,J987_ARC _C3_slice4-Ort.czi,adult,pomc,upper
892,8.0,13.25,106.0,J987_ARC _C3_slice4-Ort.czi,adult,pomc,upper
893,1.0,23.0,23.0,J987_ARC _C3_slice4-Ort.czi,adult,pomc,upper
894,7.0,17.857142857142858,125.0,J987_ARC _C3_slice4-Ort.czi,adult,pomc,upper
895,1328.0,22.42921686746988,29786.0,J987_ARC _C3_slice4-Ort.czi,adult,pomc,upper
896,5.0,12.8,64.0,J987_ARC _C3_slice4-Ort.czi,adult,pomc,upper
897,1.0,18.0,18.0,J987_ARC _C3_slice4-Ort.czi,adult,pomc,upper
898,3.0,16.333333333333332,49.0,J987_ARC _C3_slice4-Ort.czi,adult,pomc,upper
899,35.0,15.0,525.0,J987_ARC _C3_slice4-Ort.czi,adult,pomc,upper
900,14.0,15.285714285714286,214.0,J987_ARC _C3_slice4-Ort.czi,adult,pomc,upper
901,9.0,14.222222222222221,128.0,J987_ARC _C3_slice4-Ort.czi,adult,pomc,upper
902,18.0,14.277777777777779,257.0,J987_ARC _C3_slice4-Ort.czi,adult,pomc,upper
903,184.0,15.543478260869565,2860.0,J987_ARC _C3_slice4-Ort.czi,adult,pomc,upper
904,3.0,12.333333333333334,37.0,J987_ARC _C3_slice4-Ort.czi,adult,pomc,upper
905,1.0,11.0,11.0,J987_ARC _C3_slice4-Ort.czi,adult,pomc,upper
906,14.0,19.642857142857142,275.0,J987_ARC _C3_slice4-Ort.czi,adult,pomc,upper
907,15.0,12.8,192.0,J987_ARC _C3_slice4-Ort.czi,adult,pomc,upper
908,3.0,19.333333333333332,58.0,J987_ARC _C3_slice4-Ort.czi,adult,pomc,upper
909,19.0,15.157894736842104,288.0,J987_ARC _C3_slice4-Ort.czi,adult,pomc,upper
910,30.0,18.0,540.0,J987_ARC _C3_slice4-Ort.czi,adult,pomc,upper
911,15.0,14.2,213.0,J987_ARC _C3_slice4-Ort.czi,adult,pomc,upper
912,59.0,19.440677966101696,1147.0,J987_ARC _C3_slice4-Ort.czi,adult,pomc,upper
913,4.0,16.0,64.0,J987_ARC _C3_slice4-Ort.czi,adult,pomc,upper
914,8.0,15.375,123.0,J987_ARC _C3_slice4-Ort.czi,adult,pomc,upper
915,19.0,20.105263157894736,382.0,J987_ARC _C3_slice4-Ort.czi,adult,pomc,upper
916,40.0,17.3,692.0,J987_ARC _C3_slice4-Ort.czi,adult,pomc,upper
917,29.0,15.931034482758621,462.0,J987_ARC _C3_slice4-Ort.czi,adult,pomc,upper
918,90.0,17.288888888888888,1556.0,J987_ARC _C3_slice4-Ort.czi,adult,pomc,upper
919,80.0,16.525,1322.0,J987_ARC _C3_slice4-Ort.czi,adult,pomc,upper
920,6.0,14.0,84.0,J987_ARC _C3_slice4-Ort.czi,adult,pomc,upper
921,14.0,17.0,238.0,J987_ARC _C3_slice4-Ort.czi,adult,pomc,upper
922,50.0,18.04,902.0,J987_ARC _C3_slice4-Ort.czi,adult,pomc,upper
923,2.0,10.5,21.0,J987_ARC _C3_slice4-Ort.czi,adult,pomc,upper
924,50.0,14.82,741.0,J987_ARC _C3_slice4-Ort.czi,adult,pomc,upper
925,47.0,16.70212765957447,785.0,J987_ARC _C3_slice4-Ort.czi,adult,pomc,upper
926,101.0,15.495049504950495,1565.0,J987_ARC _C3_slice4-Ort.czi,adult,pomc,upper
927,38.0,16.05263157894737,610.0,J987_ARC _C3_slice4-Ort.czi,adult,pomc,upper
928,1.0,64.0,64.0,J987_ARC _C3_slice4-Ort.czi,adult,pomc,upper
929,8.0,20.375,163.0,J987_ARC _C3_slice4-Ort.czi,adult,pomc,upper
930,1.0,16.0,16.0,J987_ARC _C3_slice4-Ort.czi,adult,pomc,upper
931,62.0,14.403225806451612,893.0,J987_ARC _C3_slice4-Ort.czi,adult,pomc,upper
932,1.0,21.0,21.0,J987_ARC _C3_slice4-Ort.czi,adult,pomc,upper
933,692.0,15.289017341040463,10580.0,J987_ARC _C3_slice4-Ort.czi,adult,pomc,upper
934,7.0,12.857142857142858,90.0,J987_ARC _C3_slice4-Ort.czi,adult,pomc,upper
935,1.0,10.0,10.0,J987_ARC _C3_slice4-Ort.czi,adult,pomc,upper
936,48.0,17.395833333333332,835.0,J987_ARC _C3_slice4-Ort.czi,adult,pomc,upper
937,9.0,17.22222222222222,155.0,J987_ARC _C3_slice4-Ort.czi,adult,pomc,upper
938,9.0,17.11111111111111,154.0,J987_ARC _C3_slice4-Ort.czi,adult,pomc,upper
939,75.0,19.026666666666667,1427.0,J987_ARC _C3_slice4-Ort.czi,adult,pomc,upper
940,177.0,25.214689265536723,4463.0,J987_ARC _C3_slice4-Ort.czi,adult,pomc,upper
941,2.0,10.0,20.0,J987_ARC _C3_slice4-Ort.czi,adult,pomc,upper
942,64.0,18.09375,1158.0,J987_ARC _C3_slice4-Ort.czi,adult,pomc,upper
943,9.0,12.777777777777779,115.0,J987_ARC _C3_slice4-Ort.czi,adult,pomc,upper
944,1.0,12.0,12.0,J987_ARC _C3_slice4-Ort.czi,adult,pomc,upper
945,205.0,16.91219512195122,3467.0000000000005,J987_ARC _C3_slice4-Ort.czi,adult,pomc,upper
1,51.0,19.07843137254902,973.0,J987_ARC _C3_slice1-Ort.czi,adult,pomc,upper
2,296.0,18.91216216216216,5598.0,J987_ARC _C3_slice1-Ort.czi,adult,pomc,upper
3,39.0,17.487179487179485,681.9999999999999,J987_ARC _C3_slice1-Ort.czi,adult,pomc,upper
4,102.0,17.705882352941178,1806.0,J987_ARC _C3_slice1-Ort.czi,adult,pomc,upper
5,11.0,18.181818181818183,200.00000000000003,J987_ARC _C3_slice1-Ort.czi,adult,pomc,upper
6,269.0,19.724907063197026,5306.0,J987_ARC _C3_slice1-Ort.czi,adult,pomc,upper
7,90.0,21.344444444444445,1921.0,J987_ARC _C3_slice1-Ort.czi,adult,pomc,upper
8,51.0,19.862745098039216,1013.0,J987_ARC _C3_slice1-Ort.czi,adult,pomc,upper
9,154.0,19.071428571428573,2937.0000000000005,J987_ARC _C3_slice1-Ort.czi,adult,pomc,upper
10,47.0,18.680851063829788,878.0,J987_ARC _C3_slice1-Ort.czi,adult,pomc,upper
11,280.0,17.53214285714286,4909.0,J987_ARC _C3_slice1-Ort.czi,adult,pomc,upper
12,337.0,16.967359050445104,5718.0,J987_ARC _C3_slice1-Ort.czi,adult,pomc,upper
13,1.0,26.0,26.0,J987_ARC _C3_slice1-Ort.czi,adult,pomc,upper
14,100.0,21.94,2194.0,J987_ARC _C3_slice1-Ort.czi,adult,pomc,upper
15,42.0,20.428571428571427,857.9999999999999,J987_ARC _C3_slice1-Ort.czi,adult,pomc,upper
16,21.0,23.142857142857142,486.0,J987_ARC _C3_slice1-Ort.czi,adult,pomc,upper
17,80.0,18.5625,1485.0,J987_ARC _C3_slice1-Ort.czi,adult,pomc,upper
18,14.0,50.92857142857143,713.0,J987_ARC _C3_slice1-Ort.czi,adult,pomc,upper
19,209.0,18.19138755980861,3801.9999999999995,J987_ARC _C3_slice1-Ort.czi,adult,pomc,upper
20,738.0,32.82113821138211,24222.0,J987_ARC _C3_slice1-Ort.czi,adult,pomc,upper
21,1.0,16.0,16.0,J987_ARC _C3_slice1-Ort.czi,adult,pomc,upper
22,128.0,16.6015625,2125.0,J987_ARC _C3_slice1-Ort.czi,adult,pomc,upper
23,84.0,16.797619047619047,1411.0,J987_ARC _C3_slice1-Ort.czi,adult,pomc,upper
24,43.0,17.88372093023256,769.0000000000001,J987_ARC _C3_slice1-Ort.czi,adult,pomc,upper
25,63.0,16.11111111111111,1015.0,J987_ARC _C3_slice1-Ort.czi,adult,pomc,upper
26,29.0,17.517241379310345,508.0,J987_ARC _C3_slice1-Ort.czi,adult,pomc,upper
27,84.0,20.261904761904763,1702.0,J987_ARC _C3_slice1-Ort.czi,adult,pomc,upper
28,11.0,16.272727272727273,179.0,J987_ARC _C3_slice1-Ort.czi,adult,pomc,upper
29,27.0,18.925925925925927,511.00000000000006,J987_ARC _C3_slice1-Ort.czi,adult,pomc,upper
30,81.0,18.22222222222222,1476.0,J987_ARC _C3_slice1-Ort.czi,adult,pomc,upper
31,41.0,19.170731707317074,786.0,J987_ARC _C3_slice1-Ort.czi,adult,pomc,upper
32,122.0,21.42622950819672,2614.0,J987_ARC _C3_slice1-Ort.czi,adult,pomc,upper
33,322.0,14.934782608695652,4809.0,J987_ARC _C3_slice1-Ort.czi,adult,pomc,upper
34,14.0,17.928571428571427,250.99999999999997,J987_ARC _C3_slice1-Ort.czi,adult,pomc,upper
35,56.0,18.428571428571427,1032.0,J987_ARC _C3_slice1-Ort.czi,adult,pomc,upper
36,37.0,18.08108108108108,669.0,J987_ARC _C3_slice1-Ort.czi,adult,pomc,upper
37,1286.0,38.09797822706065,48994.0,J987_ARC _C3_slice1-Ort.czi,adult,pomc,upper
38,16.0,18.5,296.0,J987_ARC _C3_slice1-Ort.czi,adult,pomc,upper
39,158.0,18.49367088607595,2922.0,J987_ARC _C3_slice1-Ort.czi,adult,pomc,upper
40,58.0,18.637931034482758,1081.0,J987_ARC _C3_slice1-Ort.czi,adult,pomc,upper
41,136.0,18.448529411764707,2509.0,J987_ARC _C3_slice1-Ort.czi,adult,pomc,upper
42,79.0,19.455696202531644,1537.0,J987_ARC _C3_slice1-Ort.czi,adult,pomc,upper
43,13.0,23.0,299.0,J987_ARC _C3_slice1-Ort.czi,adult,pomc,upper
44,1.0,7.0,7.0,J987_ARC _C3_slice1-Ort.czi,adult,pomc,upper
45,4.0,19.0,76.0,J987_ARC _C3_slice1-Ort.czi,adult,pomc,upper
46,47.0,18.148936170212767,853.0000000000001,J987_ARC _C3_slice1-Ort.czi,adult,pomc,upper
47,401.0,16.708229426433917,6700.000000000001,J987_ARC _C3_slice1-Ort.czi,adult,pomc,upper
48,179.0,17.217877094972067,3082.0,J987_ARC _C3_slice1-Ort.czi,adult,pomc,upper
49,28.0,21.071428571428573,590.0,J987_ARC _C3_slice1-Ort.czi,adult,pomc,upper
50,17.0,19.235294117647058,327.0,J987_ARC _C3_slice1-Ort.czi,adult,pomc,upper
51,3.0,13.666666666666666,41.0,J987_ARC _C3_slice1-Ort.czi,adult,pomc,upper
52,28.0,23.357142857142858,654.0,J987_ARC _C3_slice1-Ort.czi,adult,pomc,upper
53,48.0,18.645833333333332,895.0,J987_ARC _C3_slice1-Ort.czi,adult,pomc,upper
54,105.0,18.428571428571427,1934.9999999999998,J987_ARC _C3_slice1-Ort.czi,adult,pomc,upper
55,725.0,60.45379310344828,43829.0,J987_ARC _C3_slice1-Ort.czi,adult,pomc,upper
56,37.0,20.37837837837838,754.0,J987_ARC _C3_slice1-Ort.czi,adult,pomc,upper
57,49.0,18.897959183673468,925.9999999999999,J987_ARC _C3_slice1-Ort.czi,adult,pomc,upper
58,81.0,44.98765432098765,3644.0,J987_ARC _C3_slice1-Ort.czi,adult,pomc,upper
59,105.0,18.761904761904763,1970.0,J987_ARC _C3_slice1-Ort.czi,adult,pomc,upper
60,11.0,17.818181818181817,195.99999999999997,J987_ARC _C3_slice1-Ort.czi,adult,pomc,upper
61,83.0,18.46987951807229,1533.0,J987_ARC _C3_slice1-Ort.czi,adult,pomc,upper
62,1.0,24.0,24.0,J987_ARC _C3_slice1-Ort.czi,adult,pomc,upper
63,2.0,14.5,29.0,J987_ARC _C3_slice1-Ort.czi,adult,pomc,upper
64,34.0,18.823529411764707,640.0,J987_ARC _C3_slice1-Ort.czi,adult,pomc,upper
65,101.0,20.366336633663366,2057.0,J987_ARC _C3_slice1-Ort.czi,adult,pomc,upper
66,4.0,16.0,64.0,J987_ARC _C3_slice1-Ort.czi,adult,pomc,upper
67,174.0,30.24712643678161,5263.0,J987_ARC _C3_slice1-Ort.czi,adult,pomc,upper
68,2830.0,21.159363957597172,59881.0,J987_ARC _C3_slice1-Ort.czi,adult,pomc,upper
69,1.0,7.0,7.0,J987_ARC _C3_slice1-Ort.czi,adult,pomc,upper
70,10.0,16.9,169.0,J987_ARC _C3_slice1-Ort.czi,adult,pomc,upper
71,15.0,22.8,342.0,J987_ARC _C3_slice1-Ort.czi,adult,pomc,upper
72,1.0,18.0,18.0,J987_ARC _C3_slice1-Ort.czi,adult,pomc,upper
73,18.0,16.5,297.0,J987_ARC _C3_slice1-Ort.czi,adult,pomc,upper
74,1.0,13.0,13.0,J987_ARC _C3_slice1-Ort.czi,adult,pomc,upper
75,1.0,24.0,24.0,J987_ARC _C3_slice1-Ort.czi,adult,pomc,upper
76,7.0,16.857142857142858,118.0,J987_ARC _C3_slice1-Ort.czi,adult,pomc,upper
77,11.0,16.727272727272727,184.0,J987_ARC _C3_slice1-Ort.czi,adult,pomc,upper
78,48.0,20.979166666666668,1007.0,J987_ARC _C3_slice1-Ort.czi,adult,pomc,upper
79,5.0,21.0,105.0,J987_ARC _C3_slice1-Ort.czi,adult,pomc,upper
80,49.0,18.755102040816325,919.0,J987_ARC _C3_slice1-Ort.czi,adult,pomc,upper
81,14.0,24.714285714285715,346.0,J987_ARC _C3_slice1-Ort.czi,adult,pomc,upper
82,9.0,18.333333333333332,165.0,J987_ARC _C3_slice1-Ort.czi,adult,pomc,upper
83,133.0,20.714285714285715,2755.0,J987_ARC _C3_slice1-Ort.czi,adult,pomc,upper
84,2.0,28.0,56.0,J987_ARC _C3_slice1-Ort.czi,adult,pomc,upper
85,6.0,20.833333333333332,125.0,J987_ARC _C3_slice1-Ort.czi,adult,pomc,upper
86,36.0,16.333333333333332,588.0,J987_ARC _C3_slice1-Ort.czi,adult,pomc,upper
87,1779.0,16.886453063518832,30041.000000000004,J987_ARC _C3_slice1-Ort.czi,adult,pomc,upper
88,1.0,17.0,17.0,J987_ARC _C3_slice1-Ort.czi,adult,pomc,upper
89,21.0,16.523809523809526,347.00000000000006,J987_ARC _C3_slice1-Ort.czi,adult,pomc,upper
90,9.0,17.666666666666668,159.0,J987_ARC _C3_slice1-Ort.czi,adult,pomc,upper
91,14.0,22.071428571428573,309.0,J987_ARC _C3_slice1-Ort.czi,adult,pomc,upper
92,257.0,18.20622568093385,4679.0,J987_ARC _C3_slice1-Ort.czi,adult,pomc,upper
93,47.0,17.425531914893618,819.0,J987_ARC _C3_slice1-Ort.czi,adult,pomc,upper
94,510.0,18.45686274509804,9413.0,J987_ARC _C3_slice1-Ort.czi,adult,pomc,upper
95,16.0,18.25,292.0,J987_ARC _C3_slice1-Ort.czi,adult,pomc,upper
96,82.0,18.01219512195122,1477.0,J987_ARC _C3_slice1-Ort.czi,adult,pomc,upper
97,1.0,25.0,25.0,J987_ARC _C3_slice1-Ort.czi,adult,pomc,upper
98,95.0,19.210526315789473,1825.0,J987_ARC _C3_slice1-Ort.czi,adult,pomc,upper
99,52.0,18.53846153846154,964.0000000000001,J987_ARC _C3_slice1-Ort.czi,adult,pomc,upper
100,19.0,18.473684210526315,351.0,J987_ARC _C3_slice1-Ort.czi,adult,pomc,upper
101,56.0,26.0,1456.0,J987_ARC _C3_slice1-Ort.czi,adult,pomc,upper
102,16.0,16.6875,267.0,J987_ARC _C3_slice1-Ort.czi,adult,pomc,upper
103,61.0,17.80327868852459,1086.0,J987_ARC _C3_slice1-Ort.czi,adult,pomc,upper
104,1.0,16.0,16.0,J987_ARC _C3_slice1-Ort.czi,adult,pomc,upper
105,25.0,16.32,408.0,J987_ARC _C3_slice1-Ort.czi,adult,pomc,upper
106,65.0,19.4,1261.0,J987_ARC _C3_slice1-Ort.czi,adult,pomc,upper
107,84.0,18.273809523809526,1535.0000000000002,J987_ARC _C3_slice1-Ort.czi,adult,pomc,upper
108,54.0,16.72222222222222,903.0,J987_ARC _C3_slice1-Ort.czi,adult,pomc,upper
109,16.0,21.875,350.0,J987_ARC _C3_slice1-Ort.czi,adult,pomc,upper
110,6.0,12.333333333333334,74.0,J987_ARC _C3_slice1-Ort.czi,adult,pomc,upper
111,29.0,21.448275862068964,622.0,J987_ARC _C3_slice1-Ort.czi,adult,pomc,upper
112,267.0,18.39325842696629,4911.0,J987_ARC _C3_slice1-Ort.czi,adult,pomc,upper
113,100.0,19.19,1919.0000000000002,J987_ARC _C3_slice1-Ort.czi,adult,pomc,upper
114,13.0,20.23076923076923,263.0,J987_ARC _C3_slice1-Ort.czi,adult,pomc,upper
115,16.0,16.0,256.0,J987_ARC _C3_slice1-Ort.czi,adult,pomc,upper
116,22.0,17.0,374.0,J987_ARC _C3_slice1-Ort.czi,adult,pomc,upper
117,31.0,18.193548387096776,564.0,J987_ARC _C3_slice1-Ort.czi,adult,pomc,upper
118,1.0,4.0,4.0,J987_ARC _C3_slice1-Ort.czi,adult,pomc,upper
119,54.0,20.25925925925926,1094.0,J987_ARC _C3_slice1-Ort.czi,adult,pomc,upper
120,32.0,19.125,612.0,J987_ARC _C3_slice1-Ort.czi,adult,pomc,upper
121,44.0,24.568181818181817,1081.0,J987_ARC _C3_slice1-Ort.czi,adult,pomc,upper
122,190.0,19.352631578947367,3676.9999999999995,J987_ARC _C3_slice1-Ort.czi,adult,pomc,upper
123,17.0,27.823529411764707,473.0,J987_ARC _C3_slice1-Ort.czi,adult,pomc,upper
124,26.0,18.46153846153846,479.99999999999994,J987_ARC _C3_slice1-Ort.czi,adult,pomc,upper
125,8.0,17.0,136.0,J987_ARC _C3_slice1-Ort.czi,adult,pomc,upper
126,117.0,18.46153846153846,2160.0,J987_ARC _C3_slice1-Ort.czi,adult,pomc,upper
127,181.0,16.91160220994475,3060.9999999999995,J987_ARC _C3_slice1-Ort.czi,adult,pomc,upper
128,1.0,34.0,34.0,J987_ARC _C3_slice1-Ort.czi,adult,pomc,upper
129,44.0,25.386363636363637,1117.0,J987_ARC _C3_slice1-Ort.czi,adult,pomc,upper
130,62.0,16.225806451612904,1006.0,J987_ARC _C3_slice1-Ort.czi,adult,pomc,upper
131,364.0,17.225274725274726,6270.0,J987_ARC _C3_slice1-Ort.czi,adult,pomc,upper
132,109.0,18.091743119266056,1972.0,J987_ARC _C3_slice1-Ort.czi,adult,pomc,upper
133,82.0,19.878048780487806,1630.0,J987_ARC _C3_slice1-Ort.czi,adult,pomc,upper
134,1.0,16.0,16.0,J987_ARC _C3_slice1-Ort.czi,adult,pomc,upper
135,184.0,19.304347826086957,3552.0,J987_ARC _C3_slice1-Ort.czi,adult,pomc,upper
136,4.0,16.75,67.0,J987_ARC _C3_slice1-Ort.czi,adult,pomc,upper
137,151.0,20.52317880794702,3099.0,J987_ARC _C3_slice1-Ort.czi,adult,pomc,upper
138,26.0,17.76923076923077,462.0,J987_ARC _C3_slice1-Ort.czi,adult,pomc,upper
139,96.0,14.760416666666666,1417.0,J987_ARC _C3_slice1-Ort.czi,adult,pomc,upper
140,17.0,17.0,289.0,J987_ARC _C3_slice1-Ort.czi,adult,pomc,upper
141,1.0,26.0,26.0,J987_ARC _C3_slice1-Ort.czi,adult,pomc,upper
142,411.0,16.586374695863746,6817.0,J987_ARC _C3_slice1-Ort.czi,adult,pomc,upper
143,1.0,6.0,6.0,J987_ARC _C3_slice1-Ort.czi,adult,pomc,upper
144,138.0,17.369565217391305,2397.0,J987_ARC _C3_slice1-Ort.czi,adult,pomc,upper
145,41.0,16.878048780487806,692.0,J987_ARC _C3_slice1-Ort.czi,adult,pomc,upper
146,4.0,20.25,81.0,J987_ARC _C3_slice1-Ort.czi,adult,pomc,upper
147,1.0,11.0,11.0,J987_ARC _C3_slice1-Ort.czi,adult,pomc,upper
148,45.0,16.066666666666666,723.0,J987_ARC _C3_slice1-Ort.czi,adult,pomc,upper
149,91.0,18.0989010989011,1647.0,J987_ARC _C3_slice1-Ort.czi,adult,pomc,upper
150,12.0,21.333333333333332,256.0,J987_ARC _C3_slice1-Ort.czi,adult,pomc,upper
151,1.0,35.0,35.0,J987_ARC _C3_slice1-Ort.czi,adult,pomc,upper
152,11.0,20.454545454545453,225.0,J987_ARC _C3_slice1-Ort.czi,adult,pomc,upper
153,2.0,21.0,42.0,J987_ARC _C3_slice1-Ort.czi,adult,pomc,upper
154,182.0,16.582417582417584,3018.0000000000005,J987_ARC _C3_slice1-Ort.czi,adult,pomc,upper
155,34.0,17.470588235294116,594.0,J987_ARC _C3_slice1-Ort.czi,adult,pomc,upper
156,11.0,19.363636363636363,213.0,J987_ARC _C3_slice1-Ort.czi,adult,pomc,upper
157,46.0,20.0,920.0,J987_ARC _C3_slice1-Ort.czi,adult,pomc,upper
158,30.0,17.233333333333334,517.0,J987_ARC _C3_slice1-Ort.czi,adult,pomc,upper
159,5.0,22.2,111.0,J987_ARC _C3_slice1-Ort.czi,adult,pomc,upper
160,17.0,17.529411764705884,298.0,J987_ARC _C3_slice1-Ort.czi,adult,pomc,upper
161,2.0,11.5,23.0,J987_ARC _C3_slice1-Ort.czi,adult,pomc,upper
162,6.0,13.5,81.0,J987_ARC _C3_slice1-Ort.czi,adult,pomc,upper
163,123.0,17.73170731707317,2181.0,J987_ARC _C3_slice1-Ort.czi,adult,pomc,upper
164,36.0,17.13888888888889,617.0,J987_ARC _C3_slice1-Ort.czi,adult,pomc,upper
165,1.0,24.0,24.0,J987_ARC _C3_slice1-Ort.czi,adult,pomc,upper
166,17.0,14.235294117647058,242.0,J987_ARC _C3_slice1-Ort.czi,adult,pomc,upper
167,29.0,19.79310344827586,574.0,J987_ARC _C3_slice1-Ort.czi,adult,pomc,upper
168,1.0,19.0,19.0,J987_ARC _C3_slice1-Ort.czi,adult,pomc,upper
169,36.0,18.36111111111111,661.0,J987_ARC _C3_slice1-Ort.czi,adult,pomc,upper
170,2.0,10.5,21.0,J987_ARC _C3_slice1-Ort.czi,adult,pomc,upper
171,1.0,9.0,9.0,J987_ARC _C3_slice1-Ort.czi,adult,pomc,upper
172,34.0,17.91176470588235,609.0,J987_ARC _C3_slice1-Ort.czi,adult,pomc,upper
173,12.0,18.666666666666668,224.0,J987_ARC _C3_slice1-Ort.czi,adult,pomc,upper
174,7.0,13.0,91.0,J987_ARC _C3_slice1-Ort.czi,adult,pomc,upper
175,77.0,17.961038961038962,1383.0,J987_ARC _C3_slice1-Ort.czi,adult,pomc,upper
176,8.0,20.625,165.0,J987_ARC _C3_slice1-Ort.czi,adult,pomc,upper
177,9.0,16.666666666666668,150.0,J987_ARC _C3_slice1-Ort.czi,adult,pomc,upper
178,92.0,18.01086956521739,1657.0,J987_ARC _C3_slice1-Ort.czi,adult,pomc,upper
179,25.0,30.92,773.0,J987_ARC _C3_slice1-Ort.czi,adult,pomc,upper
180,54.0,20.22222222222222,1092.0,J987_ARC _C3_slice1-Ort.czi,adult,pomc,upper
181,3.0,18.333333333333332,55.0,J987_ARC _C3_slice1-Ort.czi,adult,pomc,upper
182,182.0,21.208791208791208,3860.0,J987_ARC _C3_slice1-Ort.czi,adult,pomc,upper
183,12.0,19.833333333333332,238.0,J987_ARC _C3_slice1-Ort.czi,adult,pomc,upper
184,3.0,21.0,63.0,J987_ARC _C3_slice1-Ort.czi,adult,pomc,upper
185,105.0,17.83809523809524,1873.0,J987_ARC _C3_slice1-Ort.czi,adult,pomc,upper
186,21.0,18.571428571428573,390.00000000000006,J987_ARC _C3_slice1-Ort.czi,adult,pomc,upper
187,34.0,17.676470588235293,601.0,J987_ARC _C3_slice1-Ort.czi,adult,pomc,upper
188,20.0,19.65,393.0,J987_ARC _C3_slice1-Ort.czi,adult,pomc,upper
189,5.0,18.0,90.0,J987_ARC _C3_slice1-Ort.czi,adult,pomc,upper
190,37.0,22.2972972972973,825.0,J987_ARC _C3_slice1-Ort.czi,adult,pomc,upper
191,464.0,17.911637931034484,8311.0,J987_ARC _C3_slice1-Ort.czi,adult,pomc,upper
192,3.0,14.333333333333334,43.0,J987_ARC _C3_slice1-Ort.czi,adult,pomc,upper
193,2.0,15.0,30.0,J987_ARC _C3_slice1-Ort.czi,adult,pomc,upper
194,136.0,18.720588235294116,2546.0,J987_ARC _C3_slice1-Ort.czi,adult,pomc,upper
195,90.0,17.444444444444443,1569.9999999999998,J987_ARC _C3_slice1-Ort.czi,adult,pomc,upper
196,25.0,18.0,450.0,J987_ARC _C3_slice1-Ort.czi,adult,pomc,upper
197,102.0,18.107843137254903,1847.0000000000002,J987_ARC _C3_slice1-Ort.czi,adult,pomc,upper
198,11.0,25.09090909090909,276.0,J987_ARC _C3_slice1-Ort.czi,adult,pomc,upper
199,12.0,18.5,222.0,J987_ARC _C3_slice1-Ort.czi,adult,pomc,upper
200,3.0,18.666666666666668,56.0,J987_ARC _C3_slice1-Ort.czi,adult,pomc,upper
201,106.0,20.047169811320753,2125.0,J987_ARC _C3_slice1-Ort.czi,adult,pomc,upper
202,27.0,17.14814814814815,463.0,J987_ARC _C3_slice1-Ort.czi,adult,pomc,upper
203,2480.0,16.150806451612905,40054.0,J987_ARC _C3_slice1-Ort.czi,adult,pomc,upper
204,3.0,22.0,66.0,J987_ARC _C3_slice1-Ort.czi,adult,pomc,upper
205,12.0,15.5,186.0,J987_ARC _C3_slice1-Ort.czi,adult,pomc,upper
206,1.0,17.0,17.0,J987_ARC _C3_slice1-Ort.czi,adult,pomc,upper
207,32.0,17.90625,573.0,J987_ARC _C3_slice1-Ort.czi,adult,pomc,upper
208,70.0,25.32857142857143,1773.0,J987_ARC _C3_slice1-Ort.czi,adult,pomc,upper
209,1.0,16.0,16.0,J987_ARC _C3_slice1-Ort.czi,adult,pomc,upper
210,3.0,12.0,36.0,J987_ARC _C3_slice1-Ort.czi,adult,pomc,upper
211,1.0,20.0,20.0,J987_ARC _C3_slice1-Ort.czi,adult,pomc,upper
212,659.0,18.76783004552352,12368.0,J987_ARC _C3_slice1-Ort.czi,adult,pomc,upper
213,55.0,17.254545454545454,949.0,J987_ARC _C3_slice1-Ort.czi,adult,pomc,upper
214,1.0,18.0,18.0,J987_ARC _C3_slice1-Ort.czi,adult,pomc,upper
215,1.0,27.0,27.0,J987_ARC _C3_slice1-Ort.czi,adult,pomc,upper
216,22.0,20.227272727272727,445.0,J987_ARC _C3_slice1-Ort.czi,adult,pomc,upper
217,50314.0,16.998787613785428,855277.0,J987_ARC _C3_slice1-Ort.czi,adult,pomc,upper
218,7.0,17.428571428571427,121.99999999999999,J987_ARC _C3_slice1-Ort.czi,adult,pomc,upper
219,3.0,17.0,51.0,J987_ARC _C3_slice1-Ort.czi,adult,pomc,upper
220,52.0,16.78846153846154,873.0000000000001,J987_ARC _C3_slice1-Ort.czi,adult,pomc,upper
221,6.0,19.333333333333332,116.0,J987_ARC _C3_slice1-Ort.czi,adult,pomc,upper
222,232.0,20.698275862068964,4802.0,J987_ARC _C3_slice1-Ort.czi,adult,pomc,upper
223,11.0,15.909090909090908,175.0,J987_ARC _C3_slice1-Ort.czi,adult,pomc,upper
224,20.0,21.05,421.0,J987_ARC _C3_slice1-Ort.czi,adult,pomc,upper
225,43.0,22.023255813953487,946.9999999999999,J987_ARC _C3_slice1-Ort.czi,adult,pomc,upper
226,22.0,19.5,429.0,J987_ARC _C3_slice1-Ort.czi,adult,pomc,upper
227,10.0,18.6,186.0,J987_ARC _C3_slice1-Ort.czi,adult,pomc,upper
228,18.0,17.27777777777778,311.0,J987_ARC _C3_slice1-Ort.czi,adult,pomc,upper
229,4360.0,16.706422018348626,72840.00000000001,J987_ARC _C3_slice1-Ort.czi,adult,pomc,upper
230,10.0,19.3,193.0,J987_ARC _C3_slice1-Ort.czi,adult,pomc,upper
231,1332.0,20.123873873873872,26804.999999999996,J987_ARC _C3_slice1-Ort.czi,adult,pomc,upper
232,2.0,16.5,33.0,J987_ARC _C3_slice1-Ort.czi,adult,pomc,upper
233,29.0,19.17241379310345,556.0,J987_ARC _C3_slice1-Ort.czi,adult,pomc,upper
234,14.0,19.714285714285715,276.0,J987_ARC _C3_slice1-Ort.czi,adult,pomc,upper
235,140.0,17.521428571428572,2453.0,J987_ARC _C3_slice1-Ort.czi,adult,pomc,upper
236,1.0,18.0,18.0,J987_ARC _C3_slice1-Ort.czi,adult,pomc,upper
237,21.0,15.952380952380953,335.0,J987_ARC _C3_slice1-Ort.czi,adult,pomc,upper
238,14.0,31.285714285714285,438.0,J987_ARC _C3_slice1-Ort.czi,adult,pomc,upper
239,77.0,17.48051948051948,1346.0,J987_ARC _C3_slice1-Ort.czi,adult,pomc,upper
240,1.0,5.0,5.0,J987_ARC _C3_slice1-Ort.czi,adult,pomc,upper
241,3.0,14.0,42.0,J987_ARC _C3_slice1-Ort.czi,adult,pomc,upper
242,1300.0,20.87153846153846,27132.999999999996,J987_ARC _C3_slice1-Ort.czi,adult,pomc,upper
243,12.0,18.5,222.0,J987_ARC _C3_slice1-Ort.czi,adult,pomc,upper
244,1.0,31.0,31.0,J987_ARC _C3_slice1-Ort.czi,adult,pomc,upper
245,31.0,22.129032258064516,686.0,J987_ARC _C3_slice1-Ort.czi,adult,pomc,upper
246,618.0,16.276699029126213,10059.0,J987_ARC _C3_slice1-Ort.czi,adult,pomc,upper
247,18.0,18.333333333333332,330.0,J987_ARC _C3_slice1-Ort.czi,adult,pomc,upper
248,21.0,18.523809523809526,389.00000000000006,J987_ARC _C3_slice1-Ort.czi,adult,pomc,upper
249,1.0,10.0,10.0,J987_ARC _C3_slice1-Ort.czi,adult,pomc,upper
250,65.0,19.4,1261.0,J987_ARC _C3_slice1-Ort.czi,adult,pomc,upper
251,12.0,16.833333333333332,202.0,J987_ARC _C3_slice1-Ort.czi,adult,pomc,upper
252,24.0,18.625,447.0,J987_ARC _C3_slice1-Ort.czi,adult,pomc,upper
253,116.0,17.344827586206897,2012.0,J987_ARC _C3_slice1-Ort.czi,adult,pomc,upper
254,19.0,33.10526315789474,629.0,J987_ARC _C3_slice1-Ort.czi,adult,pomc,upper
255,28.0,17.464285714285715,489.0,J987_ARC _C3_slice1-Ort.czi,adult,pomc,upper
256,55.0,43.945454545454545,2417.0,J987_ARC _C3_slice1-Ort.czi,adult,pomc,upper
257,3177.0,15.891406987724269,50487.0,J987_ARC _C3_slice1-Ort.czi,adult,pomc,upper
258,45.0,18.266666666666666,822.0,J987_ARC _C3_slice1-Ort.czi,adult,pomc,upper
259,12.0,18.916666666666668,227.0,J987_ARC _C3_slice1-Ort.czi,adult,pomc,upper
260,71.0,21.211267605633804,1506.0,J987_ARC _C3_slice1-Ort.czi,adult,pomc,upper
261,2.0,6.5,13.0,J987_ARC _C3_slice1-Ort.czi,adult,pomc,upper
262,63.0,18.285714285714285,1152.0,J987_ARC _C3_slice1-Ort.czi,adult,pomc,upper
263,197.0,19.360406091370557,3813.9999999999995,J987_ARC _C3_slice1-Ort.czi,adult,pomc,upper
264,87.0,16.873563218390803,1467.9999999999998,J987_ARC _C3_slice1-Ort.czi,adult,pomc,upper
265,23.0,17.08695652173913,392.99999999999994,J987_ARC _C3_slice1-Ort.czi,adult,pomc,upper
266,12.0,17.083333333333332,205.0,J987_ARC _C3_slice1-Ort.czi,adult,pomc,upper
267,114.0,19.236842105263158,2193.0,J987_ARC _C3_slice1-Ort.czi,adult,pomc,upper
268,9.0,15.444444444444445,139.0,J987_ARC _C3_slice1-Ort.czi,adult,pomc,upper
269,11.0,16.90909090909091,186.0,J987_ARC _C3_slice1-Ort.czi,adult,pomc,upper
270,50.0,16.92,846.0000000000001,J987_ARC _C3_slice1-Ort.czi,adult,pomc,upper
271,50.0,18.2,910.0,J987_ARC _C3_slice1-Ort.czi,adult,pomc,upper
272,495.0,15.787878787878787,7815.0,J987_ARC _C3_slice1-Ort.czi,adult,pomc,upper
273,1193.0,17.38558256496228,20741.0,J987_ARC _C3_slice1-Ort.czi,adult,pomc,upper
274,85.0,15.83529411764706,1346.0,J987_ARC _C3_slice1-Ort.czi,adult,pomc,upper
275,29.0,19.137931034482758,555.0,J987_ARC _C3_slice1-Ort.czi,adult,pomc,upper
276,13.0,23.923076923076923,311.0,J987_ARC _C3_slice1-Ort.czi,adult,pomc,upper
277,1.0,26.0,26.0,J987_ARC _C3_slice1-Ort.czi,adult,pomc,upper
278,90.0,17.8,1602.0,J987_ARC _C3_slice1-Ort.czi,adult,pomc,upper
279,53.0,18.849056603773583,998.9999999999999,J987_ARC _C3_slice1-Ort.czi,adult,pomc,upper
280,6.0,14.5,87.0,J987_ARC _C3_slice1-Ort.czi,adult,pomc,upper
281,43.0,19.674418604651162,846.0,J987_ARC _C3_slice1-Ort.czi,adult,pomc,upper
282,343.0,17.11661807580175,5871.0,J987_ARC _C3_slice1-Ort.czi,adult,pomc,upper
283,26.0,20.0,520.0,J987_ARC _C3_slice1-Ort.czi,adult,pomc,upper
284,5.0,16.4,82.0,J987_ARC _C3_slice1-Ort.czi,adult,pomc,upper
285,773.0,16.996119016817595,13138.0,J987_ARC _C3_slice1-Ort.czi,adult,pomc,upper
286,10.0,18.9,189.0,J987_ARC _C3_slice1-Ort.czi,adult,pomc,upper
287,21.0,17.952380952380953,377.0,J987_ARC _C3_slice1-Ort.czi,adult,pomc,upper
288,51.0,17.862745098039216,911.0,J987_ARC _C3_slice1-Ort.czi,adult,pomc,upper
289,55.0,17.545454545454547,965.0000000000001,J987_ARC _C3_slice1-Ort.czi,adult,pomc,upper
290,257.0,19.198443579766536,4934.0,J987_ARC _C3_slice1-Ort.czi,adult,pomc,upper
291,3.0,36.0,108.0,J987_ARC _C3_slice1-Ort.czi,adult,pomc,upper
292,33.0,20.818181818181817,687.0,J987_ARC _C3_slice1-Ort.czi,adult,pomc,upper
293,25.0,17.56,438.99999999999994,J987_ARC _C3_slice1-Ort.czi,adult,pomc,upper
294,69.0,18.130434782608695,1251.0,J987_ARC _C3_slice1-Ort.czi,adult,pomc,upper
295,70.0,18.042857142857144,1263.0,J987_ARC _C3_slice1-Ort.czi,adult,pomc,upper
296,4.0,26.0,104.0,J987_ARC _C3_slice1-Ort.czi,adult,pomc,upper
297,331.0,18.628398791540786,6166.0,J987_ARC _C3_slice1-Ort.czi,adult,pomc,upper
298,1914.0,21.395506792058516,40951.0,J987_ARC _C3_slice1-Ort.czi,adult,pomc,upper
299,23.0,16.391304347826086,377.0,J987_ARC _C3_slice1-Ort.czi,adult,pomc,upper
300,286.0,17.65034965034965,5048.0,J987_ARC _C3_slice1-Ort.czi,adult,pomc,upper
301,497.0,19.241448692152918,9563.0,J987_ARC _C3_slice1-Ort.czi,adult,pomc,upper
302,33.0,18.454545454545453,609.0,J987_ARC _C3_slice1-Ort.czi,adult,pomc,upper
303,340.0,17.623529411764707,5992.0,J987_ARC _C3_slice1-Ort.czi,adult,pomc,upper
304,5.0,58.2,291.0,J987_ARC _C3_slice1-Ort.czi,adult,pomc,upper
305,81.0,17.62962962962963,1428.0,J987_ARC _C3_slice1-Ort.czi,adult,pomc,upper
306,5.0,14.8,74.0,J987_ARC _C3_slice1-Ort.czi,adult,pomc,upper
307,5.0,15.6,78.0,J987_ARC _C3_slice1-Ort.czi,adult,pomc,upper
308,9.0,14.88888888888889,134.0,J987_ARC _C3_slice1-Ort.czi,adult,pomc,upper
309,24.0,19.458333333333332,467.0,J987_ARC _C3_slice1-Ort.czi,adult,pomc,upper
310,166.0,22.43975903614458,3725.0,J987_ARC _C3_slice1-Ort.czi,adult,pomc,upper
311,17.0,18.764705882352942,319.0,J987_ARC _C3_slice1-Ort.czi,adult,pomc,upper
312,12.0,14.083333333333334,169.0,J987_ARC _C3_slice1-Ort.czi,adult,pomc,upper
313,54.0,20.0,1080.0,J987_ARC _C3_slice1-Ort.czi,adult,pomc,upper
314,30.0,17.733333333333334,532.0,J987_ARC _C3_slice1-Ort.czi,adult,pomc,upper
315,12.0,19.833333333333332,238.0,J987_ARC _C3_slice1-Ort.czi,adult,pomc,upper
316,101.0,18.900990099009903,1909.0000000000002,J987_ARC _C3_slice1-Ort.czi,adult,pomc,upper
317,30.0,17.366666666666667,521.0,J987_ARC _C3_slice1-Ort.czi,adult,pomc,upper
318,1.0,32.0,32.0,J987_ARC _C3_slice1-Ort.czi,adult,pomc,upper
319,25.0,18.72,468.0,J987_ARC _C3_slice1-Ort.czi,adult,pomc,upper
320,30.0,15.066666666666666,452.0,J987_ARC _C3_slice1-Ort.czi,adult,pomc,upper
321,391.0,15.547314578005116,6079.0,J987_ARC _C3_slice1-Ort.czi,adult,pomc,upper
322,34.0,16.147058823529413,549.0,J987_ARC _C3_slice1-Ort.czi,adult,pomc,upper
323,66.0,16.21212121212121,1070.0,J987_ARC _C3_slice1-Ort.czi,adult,pomc,upper
324,57.0,20.473684210526315,1167.0,J987_ARC _C3_slice1-Ort.czi,adult,pomc,upper
325,283.0,19.508833922261484,5521.0,J987_ARC _C3_slice1-Ort.czi,adult,pomc,upper
326,183.0,16.311475409836067,2985.0000000000005,J987_ARC _C3_slice1-Ort.czi,adult,pomc,upper
327,100.0,21.08,2108.0,J987_ARC _C3_slice1-Ort.czi,adult,pomc,upper
328,115.0,25.347826086956523,2915.0,J987_ARC _C3_slice1-Ort.czi,adult,pomc,upper
329,188.0,16.893617021276597,3176.0000000000005,J987_ARC _C3_slice1-Ort.czi,adult,pomc,upper
330,160.0,16.60625,2657.0,J987_ARC _C3_slice1-Ort.czi,adult,pomc,upper
331,33.0,19.272727272727273,636.0,J987_ARC _C3_slice1-Ort.czi,adult,pomc,upper
332,299.0,17.28428093645485,5168.0,J987_ARC _C3_slice1-Ort.czi,adult,pomc,upper
333,32.0,17.4375,558.0,J987_ARC _C3_slice1-Ort.czi,adult,pomc,upper
334,33.0,18.515151515151516,611.0,J987_ARC _C3_slice1-Ort.czi,adult,pomc,upper
335,1.0,8.0,8.0,J987_ARC _C3_slice1-Ort.czi,adult,pomc,upper
336,1293.0,21.7169373549884,28080.0,J987_ARC _C3_slice1-Ort.czi,adult,pomc,upper
337,3.0,11.0,33.0,J987_ARC _C3_slice1-Ort.czi,adult,pomc,upper
338,55.0,15.018181818181818,826.0,J987_ARC _C3_slice1-Ort.czi,adult,pomc,upper
339,64.0,17.78125,1138.0,J987_ARC _C3_slice1-Ort.czi,adult,pomc,upper
340,46.0,17.347826086956523,798.0000000000001,J987_ARC _C3_slice1-Ort.czi,adult,pomc,upper
341,49.0,19.163265306122447,938.9999999999999,J987_ARC _C3_slice1-Ort.czi,adult,pomc,upper
342,13.0,14.076923076923077,183.0,J987_ARC _C3_slice1-Ort.czi,adult,pomc,upper
343,15.0,16.266666666666666,244.0,J987_ARC _C3_slice1-Ort.czi,adult,pomc,upper
344,28.0,18.857142857142858,528.0,J987_ARC _C3_slice1-Ort.czi,adult,pomc,upper
345,4.0,58.5,234.0,J987_ARC _C3_slice1-Ort.czi,adult,pomc,upper
346,19.0,15.631578947368421,297.0,J987_ARC _C3_slice1-Ort.czi,adult,pomc,upper
347,9.0,23.333333333333332,210.0,J987_ARC _C3_slice1-Ort.czi,adult,pomc,upper
348,14.0,20.5,287.0,J987_ARC _C3_slice1-Ort.czi,adult,pomc,upper
349,3.0,19.333333333333332,58.0,J987_ARC _C3_slice1-Ort.czi,adult,pomc,upper
350,37.0,23.864864864864863,882.9999999999999,J987_ARC _C3_slice1-Ort.czi,adult,pomc,upper
351,52.0,17.192307692307693,894.0,J987_ARC _C3_slice1-Ort.czi,adult,pomc,upper
352,12.0,22.833333333333332,274.0,J987_ARC _C3_slice1-Ort.czi,adult,pomc,upper
353,1.0,18.0,18.0,J987_ARC _C3_slice1-Ort.czi,adult,pomc,upper
354,3.0,18.0,54.0,J987_ARC _C3_slice1-Ort.czi,adult,pomc,upper
355,1.0,22.0,22.0,J987_ARC _C3_slice1-Ort.czi,adult,pomc,upper
356,228.0,17.350877192982455,3956.0,J987_ARC _C3_slice1-Ort.czi,adult,pomc,upper
357,5.0,17.6,88.0,J987_ARC _C3_slice1-Ort.czi,adult,pomc,upper
358,54.0,18.555555555555557,1002.0000000000001,J987_ARC _C3_slice1-Ort.czi,adult,pomc,upper
359,3465.0,17.070129870129872,59148.00000000001,J987_ARC _C3_slice1-Ort.czi,adult,pomc,upper
360,2.0,28.5,57.0,J987_ARC _C3_slice1-Ort.czi,adult,pomc,upper
361,1.0,9.0,9.0,J987_ARC _C3_slice1-Ort.czi,adult,pomc,upper
362,13.0,17.153846153846153,223.0,J987_ARC _C3_slice1-Ort.czi,adult,pomc,upper
363,1.0,6.0,6.0,J987_ARC _C3_slice1-Ort.czi,adult,pomc,upper
364,48.0,19.354166666666668,929.0,J987_ARC _C3_slice1-Ort.czi,adult,pomc,upper
365,155.0,18.07741935483871,2802.0,J987_ARC _C3_slice1-Ort.czi,adult,pomc,upper
366,49.0,17.183673469387756,842.0,J987_ARC _C3_slice1-Ort.czi,adult,pomc,upper
367,48.0,17.020833333333332,817.0,J987_ARC _C3_slice1-Ort.czi,adult,pomc,upper
368,31.0,19.032258064516128,590.0,J987_ARC _C3_slice1-Ort.czi,adult,pomc,upper
369,719.0,15.439499304589708,11101.0,J987_ARC _C3_slice1-Ort.czi,adult,pomc,upper
370,224.0,16.736607142857142,3749.0,J987_ARC _C3_slice1-Ort.czi,adult,pomc,upper
371,97.0,20.855670103092784,2023.0,J987_ARC _C3_slice1-Ort.czi,adult,pomc,upper
372,1.0,9.0,9.0,J987_ARC _C3_slice1-Ort.czi,adult,pomc,upper
373,1.0,10.0,10.0,J987_ARC _C3_slice1-Ort.czi,adult,pomc,upper
374,380.0,17.268421052631577,6561.999999999999,J987_ARC _C3_slice1-Ort.czi,adult,pomc,upper
375,3.0,13.333333333333334,40.0,J987_ARC _C3_slice1-Ort.czi,adult,pomc,upper
376,9.0,14.666666666666666,132.0,J987_ARC _C3_slice1-Ort.czi,adult,pomc,upper
377,1.0,4.0,4.0,J987_ARC _C3_slice1-Ort.czi,adult,pomc,upper
378,41.0,19.170731707317074,786.0,J987_ARC _C3_slice1-Ort.czi,adult,pomc,upper
379,1.0,10.0,10.0,J987_ARC _C3_slice1-Ort.czi,adult,pomc,upper
380,3.0,18.0,54.0,J987_ARC _C3_slice1-Ort.czi,adult,pomc,upper
381,32.0,20.25,648.0,J987_ARC _C3_slice1-Ort.czi,adult,pomc,upper
382,130.0,17.184615384615384,2234.0,J987_ARC _C3_slice1-Ort.czi,adult,pomc,upper
383,34.0,18.5,629.0,J987_ARC _C3_slice1-Ort.czi,adult,pomc,upper
384,1.0,10.0,10.0,J987_ARC _C3_slice1-Ort.czi,adult,pomc,upper
385,36.0,19.944444444444443,718.0,J987_ARC _C3_slice1-Ort.czi,adult,pomc,upper
386,18.0,15.944444444444445,287.0,J987_ARC _C3_slice1-Ort.czi,adult,pomc,upper
387,50.0,17.98,899.0,J987_ARC _C3_slice1-Ort.czi,adult,pomc,upper
388,44.0,21.136363636363637,930.0,J987_ARC _C3_slice1-Ort.czi,adult,pomc,upper
389,20.0,18.15,363.0,J987_ARC _C3_slice1-Ort.czi,adult,pomc,upper
390,40.0,17.95,718.0,J987_ARC _C3_slice1-Ort.czi,adult,pomc,upper
391,10.0,19.1,191.0,J987_ARC _C3_slice1-Ort.czi,adult,pomc,upper
392,19.0,18.42105263157895,350.0,J987_ARC _C3_slice1-Ort.czi,adult,pomc,upper
393,3246.0,18.161429451632777,58951.99999999999,J987_ARC _C3_slice1-Ort.czi,adult,pomc,upper
394,26.0,15.76923076923077,410.0,J987_ARC _C3_slice1-Ort.czi,adult,pomc,upper
395,1.0,16.0,16.0,J987_ARC _C3_slice1-Ort.czi,adult,pomc,upper
396,409.0,16.073349633251834,6574.0,J987_ARC _C3_slice1-Ort.czi,adult,pomc,upper
397,16.0,16.1875,259.0,J987_ARC _C3_slice1-Ort.czi,adult,pomc,upper
398,54.0,15.87037037037037,857.0,J987_ARC _C3_slice1-Ort.czi,adult,pomc,upper
399,107.0,26.542056074766354,2840.0,J987_ARC _C3_slice1-Ort.czi,adult,pomc,upper
400,1.0,18.0,18.0,J987_ARC _C3_slice1-Ort.czi,adult,pomc,upper
401,539.0,17.855287569573285,9624.0,J987_ARC _C3_slice1-Ort.czi,adult,pomc,upper
402,273.0,16.457875457875456,4493.0,J987_ARC _C3_slice1-Ort.czi,adult,pomc,upper
403,1.0,14.0,14.0,J987_ARC _C3_slice1-Ort.czi,adult,pomc,upper
404,123.0,18.723577235772357,2303.0,J987_ARC _C3_slice1-Ort.czi,adult,pomc,upper
405,16.0,23.4375,375.0,J987_ARC _C3_slice1-Ort.czi,adult,pomc,upper
406,53.0,17.962264150943398,952.0000000000001,J987_ARC _C3_slice1-Ort.czi,adult,pomc,upper
407,1.0,3.0,3.0,J987_ARC _C3_slice1-Ort.czi,adult,pomc,upper
408,105.0,18.714285714285715,1965.0,J987_ARC _C3_slice1-Ort.czi,adult,pomc,upper
409,13.0,14.615384615384615,190.0,J987_ARC _C3_slice1-Ort.czi,adult,pomc,upper
410,58.0,16.43103448275862,952.9999999999999,J987_ARC _C3_slice1-Ort.czi,adult,pomc,upper
411,238.0,16.932773109243698,4030.0,J987_ARC _C3_slice1-Ort.czi,adult,pomc,upper
412,3.0,21.0,63.0,J987_ARC _C3_slice1-Ort.czi,adult,pomc,upper
413,252.0,18.22222222222222,4592.0,J987_ARC _C3_slice1-Ort.czi,adult,pomc,upper
414,45.0,28.933333333333334,1302.0,J987_ARC _C3_slice1-Ort.czi,adult,pomc,upper
415,95.0,18.926315789473684,1798.0,J987_ARC _C3_slice1-Ort.czi,adult,pomc,upper
416,63.0,16.96825396825397,1069.0,J987_ARC _C3_slice1-Ort.czi,adult,pomc,upper
417,2.0,17.5,35.0,J987_ARC _C3_slice1-Ort.czi,adult,pomc,upper
418,29.0,16.0,464.0,J987_ARC _C3_slice1-Ort.czi,adult,pomc,upper
419,1.0,11.0,11.0,J987_ARC _C3_slice1-Ort.czi,adult,pomc,upper
420,25.0,18.0,450.0,J987_ARC _C3_slice1-Ort.czi,adult,pomc,upper
421,27.0,16.14814814814815,436.0,J987_ARC _C3_slice1-Ort.czi,adult,pomc,upper
422,382.0,17.06282722513089,6517.999999999999,J987_ARC _C3_slice1-Ort.czi,adult,pomc,upper
423,176.0,18.710227272727273,3293.0,J987_ARC _C3_slice1-Ort.czi,adult,pomc,upper
424,9.0,16.22222222222222,146.0,J987_ARC _C3_slice1-Ort.czi,adult,pomc,upper
425,1.0,18.0,18.0,J987_ARC _C3_slice1-Ort.czi,adult,pomc,upper
426,38.0,15.68421052631579,596.0,J987_ARC _C3_slice1-Ort.czi,adult,pomc,upper
427,41.0,16.682926829268293,684.0,J987_ARC _C3_slice1-Ort.czi,adult,pomc,upper
428,37.0,18.054054054054053,668.0,J987_ARC _C3_slice1-Ort.czi,adult,pomc,upper
429,6.0,16.833333333333332,101.0,J987_ARC _C3_slice1-Ort.czi,adult,pomc,upper
430,22.0,14.090909090909092,310.0,J987_ARC _C3_slice1-Ort.czi,adult,pomc,upper
431,6.0,18.166666666666668,109.0,J987_ARC _C3_slice1-Ort.czi,adult,pomc,upper
432,67.0,17.970149253731343,1204.0,J987_ARC _C3_slice1-Ort.czi,adult,pomc,upper
433,40.0,15.95,638.0,J987_ARC _C3_slice1-Ort.czi,adult,pomc,upper
434,19.0,19.42105263157895,369.0,J987_ARC _C3_slice1-Ort.czi,adult,pomc,upper
435,13.0,20.846153846153847,271.0,J987_ARC _C3_slice1-Ort.czi,adult,pomc,upper
436,1510.0,16.032450331125826,24208.999999999996,J987_ARC _C3_slice1-Ort.czi,adult,pomc,upper
437,1.0,22.0,22.0,J987_ARC _C3_slice1-Ort.czi,adult,pomc,upper
438,92.0,16.434782608695652,1512.0,J987_ARC _C3_slice1-Ort.czi,adult,pomc,upper
439,37.0,17.16216216216216,635.0,J987_ARC _C3_slice1-Ort.czi,adult,pomc,upper
440,1.0,12.0,12.0,J987_ARC _C3_slice1-Ort.czi,adult,pomc,upper
441,15417.0,17.53207498216255,270292.0,J987_ARC _C3_slice1-Ort.czi,adult,pomc,upper
442,1.0,16.0,16.0,J987_ARC _C3_slice1-Ort.czi,adult,pomc,upper
443,1.0,10.0,10.0,J987_ARC _C3_slice1-Ort.czi,adult,pomc,upper
444,179.0,20.1731843575419,3611.0,J987_ARC _C3_slice1-Ort.czi,adult,pomc,upper
445,13.0,25.0,325.0,J987_ARC _C3_slice1-Ort.czi,adult,pomc,upper
446,3.0,13.666666666666666,41.0,J987_ARC _C3_slice1-Ort.czi,adult,pomc,upper
447,502.0,17.067729083665338,8568.0,J987_ARC _C3_slice1-Ort.czi,adult,pomc,upper
448,41.0,19.0,779.0,J987_ARC _C3_slice1-Ort.czi,adult,pomc,upper
449,169.0,15.887573964497042,2685.0,J987_ARC _C3_slice1-Ort.czi,adult,pomc,upper
450,16102.0,16.755434107564277,269796.0,J987_ARC _C3_slice1-Ort.czi,adult,pomc,upper
451,75.0,15.24,1143.0,J987_ARC _C3_slice1-Ort.czi,adult,pomc,upper
452,1.0,20.0,20.0,J987_ARC _C3_slice1-Ort.czi,adult,pomc,upper
453,23.0,16.82608695652174,387.0,J987_ARC _C3_slice1-Ort.czi,adult,pomc,upper
454,6.0,14.833333333333334,89.0,J987_ARC _C3_slice1-Ort.czi,adult,pomc,upper
455,52.0,16.01923076923077,833.0,J987_ARC _C3_slice1-Ort.czi,adult,pomc,upper
456,2.0,18.5,37.0,J987_ARC _C3_slice1-Ort.czi,adult,pomc,upper
457,10.0,16.3,163.0,J987_ARC _C3_slice1-Ort.czi,adult,pomc,upper
458,1.0,20.0,20.0,J987_ARC _C3_slice1-Ort.czi,adult,pomc,upper
459,4.0,48.25,193.0,J987_ARC _C3_slice1-Ort.czi,adult,pomc,upper
460,78.0,15.153846153846153,1182.0,J987_ARC _C3_slice1-Ort.czi,adult,pomc,upper
461,1.0,14.0,14.0,J987_ARC _C3_slice1-Ort.czi,adult,pomc,upper
462,2618.0,23.12452253628724,60540.0,J987_ARC _C3_slice1-Ort.czi,adult,pomc,upper
463,1.0,10.0,10.0,J987_ARC _C3_slice1-Ort.czi,adult,pomc,upper
464,1052.0,16.590304182509506,17453.0,J987_ARC _C3_slice1-Ort.czi,adult,pomc,upper
465,427.0,107.86651053864169,46059.0,J987_ARC _C3_slice1-Ort.czi,adult,pomc,upper
466,214.0,21.317757009345794,4562.0,J987_ARC _C3_slice1-Ort.czi,adult,pomc,upper
467,31.0,15.580645161290322,483.0,J987_ARC _C3_slice1-Ort.czi,adult,pomc,upper
468,10.0,23.0,230.0,J987_ARC _C3_slice1-Ort.czi,adult,pomc,upper
469,17.0,13.882352941176471,236.0,J987_ARC _C3_slice1-Ort.czi,adult,pomc,upper
470,89.0,16.44943820224719,1464.0,J987_ARC _C3_slice1-Ort.czi,adult,pomc,upper
471,10.0,21.5,215.0,J987_ARC _C3_slice1-Ort.czi,adult,pomc,upper
472,1.0,18.0,18.0,J987_ARC _C3_slice1-Ort.czi,adult,pomc,upper
473,9.0,16.333333333333332,147.0,J987_ARC _C3_slice1-Ort.czi,adult,pomc,upper
474,138.0,24.702898550724637,3409.0,J987_ARC _C3_slice1-Ort.czi,adult,pomc,upper
475,74.0,31.527027027027028,2333.0,J987_ARC _C3_slice1-Ort.czi,adult,pomc,upper
476,43.0,17.697674418604652,761.0,J987_ARC _C3_slice1-Ort.czi,adult,pomc,upper
477,1019.0,16.65063788027478,16967.0,J987_ARC _C3_slice1-Ort.czi,adult,pomc,upper
478,78.0,16.897435897435898,1318.0,J987_ARC _C3_slice1-Ort.czi,adult,pomc,upper
479,236.0,19.271186440677965,4548.0,J987_ARC _C3_slice1-Ort.czi,adult,pomc,upper
480,188.0,31.882978723404257,5994.0,J987_ARC _C3_slice1-Ort.czi,adult,pomc,upper
481,1.0,8.0,8.0,J987_ARC _C3_slice1-Ort.czi,adult,pomc,upper
482,165.0,47.69090909090909,7868.999999999999,J987_ARC _C3_slice1-Ort.czi,adult,pomc,upper
483,3.0,21.333333333333332,64.0,J987_ARC _C3_slice1-Ort.czi,adult,pomc,upper
484,101.0,16.297029702970296,1645.9999999999998,J987_ARC _C3_slice1-Ort.czi,adult,pomc,upper
485,31.0,17.29032258064516,536.0,J987_ARC _C3_slice1-Ort.czi,adult,pomc,upper
486,64.0,15.9375,1020.0,J987_ARC _C3_slice1-Ort.czi,adult,pomc,upper
487,3.0,10.333333333333334,31.0,J987_ARC _C3_slice1-Ort.czi,adult,pomc,upper
488,7.0,13.571428571428571,95.0,J987_ARC _C3_slice1-Ort.czi,adult,pomc,upper
489,2.0,17.0,34.0,J987_ARC _C3_slice1-Ort.czi,adult,pomc,upper
490,87.0,17.50574712643678,1523.0,J987_ARC _C3_slice1-Ort.czi,adult,pomc,upper
491,38.0,18.92105263157895,719.0,J987_ARC _C3_slice1-Ort.czi,adult,pomc,upper
492,255.0,17.12156862745098,4366.0,J987_ARC _C3_slice1-Ort.czi,adult,pomc,upper
493,4.0,15.0,60.0,J987_ARC _C3_slice1-Ort.czi,adult,pomc,upper
494,69.0,69.17391304347827,4773.0,J987_ARC _C3_slice1-Ort.czi,adult,pomc,upper
495,1.0,20.0,20.0,J987_ARC _C3_slice1-Ort.czi,adult,pomc,upper
496,339.0,28.15929203539823,9546.0,J987_ARC _C3_slice1-Ort.czi,adult,pomc,upper
497,12.0,21.083333333333332,253.0,J987_ARC _C3_slice1-Ort.czi,adult,pomc,upper
498,1335.0,17.005243445692884,22702.0,J987_ARC _C3_slice1-Ort.czi,adult,pomc,upper
499,121.0,16.60330578512397,2009.0000000000002,J987_ARC _C3_slice1-Ort.czi,adult,pomc,upper
500,49.0,17.775510204081634,871.0000000000001,J987_ARC _C3_slice1-Ort.czi,adult,pomc,upper
501,91.0,16.923076923076923,1540.0,J987_ARC _C3_slice1-Ort.czi,adult,pomc,upper
502,3.0,11.333333333333334,34.0,J987_ARC _C3_slice1-Ort.czi,adult,pomc,upper
503,134.0,18.223880597014926,2442.0,J987_ARC _C3_slice1-Ort.czi,adult,pomc,upper
504,95.0,43.2,4104.0,J987_ARC _C3_slice1-Ort.czi,adult,pomc,upper
505,31.0,17.193548387096776,533.0,J987_ARC _C3_slice1-Ort.czi,adult,pomc,upper
506,12.0,22.166666666666668,266.0,J987_ARC _C3_slice1-Ort.czi,adult,pomc,upper
507,348.0,29.649425287356323,10318.0,J987_ARC _C3_slice1-Ort.czi,adult,pomc,upper
508,1.0,19.0,19.0,J987_ARC _C3_slice1-Ort.czi,adult,pomc,upper
509,33.0,19.333333333333332,638.0,J987_ARC _C3_slice1-Ort.czi,adult,pomc,upper
510,183.0,16.83606557377049,3080.9999999999995,J987_ARC _C3_slice1-Ort.czi,adult,pomc,upper
511,798.0,25.23308270676692,20136.0,J987_ARC _C3_slice1-Ort.czi,adult,pomc,upper
512,57.0,18.05263157894737,1029.0,J987_ARC _C3_slice1-Ort.czi,adult,pomc,upper
513,46.0,17.304347826086957,796.0,J987_ARC _C3_slice1-Ort.czi,adult,pomc,upper
514,11.0,18.90909090909091,208.0,J987_ARC _C3_slice1-Ort.czi,adult,pomc,upper
515,45.0,14.377777777777778,647.0,J987_ARC _C3_slice1-Ort.czi,adult,pomc,upper
516,2.0,14.0,28.0,J987_ARC _C3_slice1-Ort.czi,adult,pomc,upper
517,3.0,13.333333333333334,40.0,J987_ARC _C3_slice1-Ort.czi,adult,pomc,upper
518,177.0,17.29943502824859,3062.0,J987_ARC _C3_slice1-Ort.czi,adult,pomc,upper
519,163.0,18.503067484662576,3016.0,J987_ARC _C3_slice1-Ort.czi,adult,pomc,upper
520,342.0,16.649122807017545,5694.0,J987_ARC _C3_slice1-Ort.czi,adult,pomc,upper
521,1.0,15.0,15.0,J987_ARC _C3_slice1-Ort.czi,adult,pomc,upper
522,15.0,15.4,231.0,J987_ARC _C3_slice1-Ort.czi,adult,pomc,upper
523,1.0,20.0,20.0,J987_ARC _C3_slice1-Ort.czi,adult,pomc,upper
524,1.0,5.0,5.0,J987_ARC _C3_slice1-Ort.czi,adult,pomc,upper
525,95.0,18.86315789473684,1791.9999999999998,J987_ARC _C3_slice1-Ort.czi,adult,pomc,upper
526,266.0,20.7593984962406,5521.999999999999,J987_ARC _C3_slice1-Ort.czi,adult,pomc,upper
527,43.0,20.27906976744186,872.0,J987_ARC _C3_slice1-Ort.czi,adult,pomc,upper
528,34.0,16.441176470588236,559.0,J987_ARC _C3_slice1-Ort.czi,adult,pomc,upper
529,408.0,51.154411764705884,20871.0,J987_ARC _C3_slice1-Ort.czi,adult,pomc,upper
530,208.0,16.45673076923077,3423.0,J987_ARC _C3_slice1-Ort.czi,adult,pomc,upper
531,85.0,16.988235294117647,1444.0,J987_ARC _C3_slice1-Ort.czi,adult,pomc,upper
532,8.0,18.125,145.0,J987_ARC _C3_slice1-Ort.czi,adult,pomc,upper
1,227.0,17.14977973568282,3893.0,J987_ARC _C3_slice8-Ort.czi,adult,pomc,upper
2,2.0,15.5,31.0,J987_ARC _C3_slice8-Ort.czi,adult,pomc,upper
3,96.0,17.697916666666668,1699.0,J987_ARC _C3_slice8-Ort.czi,adult,pomc,upper
4,1947.0,21.311248073959938,41493.0,J987_ARC _C3_slice8-Ort.czi,adult,pomc,upper
5,9.0,24.333333333333332,219.0,J987_ARC _C3_slice8-Ort.czi,adult,pomc,upper
6,74.0,18.472972972972972,1367.0,J987_ARC _C3_slice8-Ort.czi,adult,pomc,upper
7,312.0,17.615384615384617,5496.0,J987_ARC _C3_slice8-Ort.czi,adult,pomc,upper
8,82.0,17.658536585365855,1448.0000000000002,J987_ARC _C3_slice8-Ort.czi,adult,pomc,upper
9,100.0,18.8,1880.0,J987_ARC _C3_slice8-Ort.czi,adult,pomc,upper
10,111.0,21.09009009009009,2341.0,J987_ARC _C3_slice8-Ort.czi,adult,pomc,upper
11,22.0,19.681818181818183,433.00000000000006,J987_ARC _C3_slice8-Ort.czi,adult,pomc,upper
12,244.0,21.18032786885246,5168.0,J987_ARC _C3_slice8-Ort.czi,adult,pomc,upper
13,512.0,21.1484375,10828.0,J987_ARC _C3_slice8-Ort.czi,adult,pomc,upper
14,72.0,17.333333333333332,1248.0,J987_ARC _C3_slice8-Ort.czi,adult,pomc,upper
15,1.0,17.0,17.0,J987_ARC _C3_slice8-Ort.czi,adult,pomc,upper
16,1.0,17.0,17.0,J987_ARC _C3_slice8-Ort.czi,adult,pomc,upper
17,9.0,18.666666666666668,168.0,J987_ARC _C3_slice8-Ort.czi,adult,pomc,upper
18,1722.0,22.715447154471544,39116.0,J987_ARC _C3_slice8-Ort.czi,adult,pomc,upper
19,79.0,18.21518987341772,1439.0,J987_ARC _C3_slice8-Ort.czi,adult,pomc,upper
20,16.0,16.25,260.0,J987_ARC _C3_slice8-Ort.czi,adult,pomc,upper
21,8.0,17.625,141.0,J987_ARC _C3_slice8-Ort.czi,adult,pomc,upper
22,33.0,18.727272727272727,618.0,J987_ARC _C3_slice8-Ort.czi,adult,pomc,upper
23,666.0,17.103603603603602,11391.0,J987_ARC _C3_slice8-Ort.czi,adult,pomc,upper
24,11.0,24.454545454545453,269.0,J987_ARC _C3_slice8-Ort.czi,adult,pomc,upper
25,22.0,27.227272727272727,599.0,J987_ARC _C3_slice8-Ort.czi,adult,pomc,upper
26,5.0,23.0,115.0,J987_ARC _C3_slice8-Ort.czi,adult,pomc,upper
27,3.0,16.333333333333332,49.0,J987_ARC _C3_slice8-Ort.czi,adult,pomc,upper
28,13.0,17.384615384615383,225.99999999999997,J987_ARC _C3_slice8-Ort.czi,adult,pomc,upper
29,1.0,9.0,9.0,J987_ARC _C3_slice8-Ort.czi,adult,pomc,upper
30,22.0,18.59090909090909,409.0,J987_ARC _C3_slice8-Ort.czi,adult,pomc,upper
31,44.0,17.454545454545453,768.0,J987_ARC _C3_slice8-Ort.czi,adult,pomc,upper
32,5.0,15.4,77.0,J987_ARC _C3_slice8-Ort.czi,adult,pomc,upper
33,1.0,25.0,25.0,J987_ARC _C3_slice8-Ort.czi,adult,pomc,upper
34,219.0,21.27853881278539,4660.0,J987_ARC _C3_slice8-Ort.czi,adult,pomc,upper
35,1.0,17.0,17.0,J987_ARC _C3_slice8-Ort.czi,adult,pomc,upper
36,250.0,17.732,4433.0,J987_ARC _C3_slice8-Ort.czi,adult,pomc,upper
37,1.0,13.0,13.0,J987_ARC _C3_slice8-Ort.czi,adult,pomc,upper
38,1.0,12.0,12.0,J987_ARC _C3_slice8-Ort.czi,adult,pomc,upper
39,50.0,15.2,760.0,J987_ARC _C3_slice8-Ort.czi,adult,pomc,upper
40,5164.0,23.40995352439969,120889.0,J987_ARC _C3_slice8-Ort.czi,adult,pomc,upper
41,1.0,12.0,12.0,J987_ARC _C3_slice8-Ort.czi,adult,pomc,upper
42,1.0,11.0,11.0,J987_ARC _C3_slice8-Ort.czi,adult,pomc,upper
43,259.0,18.44787644787645,4778.000000000001,J987_ARC _C3_slice8-Ort.czi,adult,pomc,upper
44,5.0,12.4,62.0,J987_ARC _C3_slice8-Ort.czi,adult,pomc,upper
45,12.0,19.083333333333332,229.0,J987_ARC _C3_slice8-Ort.czi,adult,pomc,upper
46,75.0,19.013333333333332,1426.0,J987_ARC _C3_slice8-Ort.czi,adult,pomc,upper
47,29.0,17.482758620689655,507.0,J987_ARC _C3_slice8-Ort.czi,adult,pomc,upper
48,53.0,18.39622641509434,975.0,J987_ARC _C3_slice8-Ort.czi,adult,pomc,upper
49,77.0,15.987012987012987,1231.0,J987_ARC _C3_slice8-Ort.czi,adult,pomc,upper
50,5931.0,19.922610015174506,118161.0,J987_ARC _C3_slice8-Ort.czi,adult,pomc,upper
51,116.0,19.612068965517242,2275.0,J987_ARC _C3_slice8-Ort.czi,adult,pomc,upper
52,29.0,18.862068965517242,547.0,J987_ARC _C3_slice8-Ort.czi,adult,pomc,upper
53,17.0,15.705882352941176,267.0,J987_ARC _C3_slice8-Ort.czi,adult,pomc,upper
54,41.0,19.73170731707317,809.0,J987_ARC _C3_slice8-Ort.czi,adult,pomc,upper
55,9.0,19.22222222222222,173.0,J987_ARC _C3_slice8-Ort.czi,adult,pomc,upper
56,100.0,17.55,1755.0,J987_ARC _C3_slice8-Ort.czi,adult,pomc,upper
57,25.0,21.16,529.0,J987_ARC _C3_slice8-Ort.czi,adult,pomc,upper
58,39.0,15.076923076923077,588.0,J987_ARC _C3_slice8-Ort.czi,adult,pomc,upper
59,24.0,18.958333333333332,455.0,J987_ARC _C3_slice8-Ort.czi,adult,pomc,upper
60,8149.0,20.834090072401523,169777.0,J987_ARC _C3_slice8-Ort.czi,adult,pomc,upper
61,48.0,17.0,816.0,J987_ARC _C3_slice8-Ort.czi,adult,pomc,upper
62,64.0,17.625,1128.0,J987_ARC _C3_slice8-Ort.czi,adult,pomc,upper
63,9006.0,24.00488563180102,216188.0,J987_ARC _C3_slice8-Ort.czi,adult,pomc,upper
64,28.0,15.785714285714286,442.0,J987_ARC _C3_slice8-Ort.czi,adult,pomc,upper
65,118.0,17.635593220338983,2081.0,J987_ARC _C3_slice8-Ort.czi,adult,pomc,upper
66,79.0,18.367088607594937,1451.0,J987_ARC _C3_slice8-Ort.czi,adult,pomc,upper
67,15.0,18.0,270.0,J987_ARC _C3_slice8-Ort.czi,adult,pomc,upper
68,4.0,31.75,127.0,J987_ARC _C3_slice8-Ort.czi,adult,pomc,upper
69,9.0,23.11111111111111,208.0,J987_ARC _C3_slice8-Ort.czi,adult,pomc,upper
70,2.0,17.5,35.0,J987_ARC _C3_slice8-Ort.czi,adult,pomc,upper
71,1.0,8.0,8.0,J987_ARC _C3_slice8-Ort.czi,adult,pomc,upper
72,10.0,15.4,154.0,J987_ARC _C3_slice8-Ort.czi,adult,pomc,upper
73,64.0,19.765625,1265.0,J987_ARC _C3_slice8-Ort.czi,adult,pomc,upper
74,10.0,14.6,146.0,J987_ARC _C3_slice8-Ort.czi,adult,pomc,upper
75,1.0,35.0,35.0,J987_ARC _C3_slice8-Ort.czi,adult,pomc,upper
76,88.0,16.170454545454547,1423.0,J987_ARC _C3_slice8-Ort.czi,adult,pomc,upper
77,34.0,19.91176470588235,677.0,J987_ARC _C3_slice8-Ort.czi,adult,pomc,upper
78,88.0,17.443181818181817,1534.9999999999998,J987_ARC _C3_slice8-Ort.czi,adult,pomc,upper
79,322.0,18.658385093167702,6008.0,J987_ARC _C3_slice8-Ort.czi,adult,pomc,upper
80,19.0,19.105263157894736,363.0,J987_ARC _C3_slice8-Ort.czi,adult,pomc,upper
81,10.0,18.2,182.0,J987_ARC _C3_slice8-Ort.czi,adult,pomc,upper
82,15.0,14.533333333333333,218.0,J987_ARC _C3_slice8-Ort.czi,adult,pomc,upper
83,14.0,18.214285714285715,255.0,J987_ARC _C3_slice8-Ort.czi,adult,pomc,upper
84,291.0,20.59450171821306,5993.0,J987_ARC _C3_slice8-Ort.czi,adult,pomc,upper
85,4.0,19.5,78.0,J987_ARC _C3_slice8-Ort.czi,adult,pomc,upper
86,102.0,17.627450980392158,1798.0000000000002,J987_ARC _C3_slice8-Ort.czi,adult,pomc,upper
87,11.0,18.09090909090909,199.0,J987_ARC _C3_slice8-Ort.czi,adult,pomc,upper
88,32.0,19.0,608.0,J987_ARC _C3_slice8-Ort.czi,adult,pomc,upper
89,9.0,23.444444444444443,211.0,J987_ARC _C3_slice8-Ort.czi,adult,pomc,upper
90,50.0,16.02,801.0,J987_ARC _C3_slice8-Ort.czi,adult,pomc,upper
91,49.0,15.408163265306122,755.0,J987_ARC _C3_slice8-Ort.czi,adult,pomc,upper
92,3.0,17.333333333333332,52.0,J987_ARC _C3_slice8-Ort.czi,adult,pomc,upper
93,96.0,17.395833333333332,1670.0,J987_ARC _C3_slice8-Ort.czi,adult,pomc,upper
94,40.0,17.825,713.0,J987_ARC _C3_slice8-Ort.czi,adult,pomc,upper
95,66.0,20.393939393939394,1346.0,J987_ARC _C3_slice8-Ort.czi,adult,pomc,upper
96,39.0,33.717948717948715,1315.0,J987_ARC _C3_slice8-Ort.czi,adult,pomc,upper
97,204.0,16.872549019607842,3441.9999999999995,J987_ARC _C3_slice8-Ort.czi,adult,pomc,upper
98,1.0,18.0,18.0,J987_ARC _C3_slice8-Ort.czi,adult,pomc,upper
99,16.0,19.1875,307.0,J987_ARC _C3_slice8-Ort.czi,adult,pomc,upper
100,44.0,16.181818181818183,712.0000000000001,J987_ARC _C3_slice8-Ort.czi,adult,pomc,upper
101,6.0,14.666666666666666,88.0,J987_ARC _C3_slice8-Ort.czi,adult,pomc,upper
102,10.0,16.7,167.0,J987_ARC _C3_slice8-Ort.czi,adult,pomc,upper
103,32.0,16.90625,541.0,J987_ARC _C3_slice8-Ort.czi,adult,pomc,upper
104,20.0,19.1,382.0,J987_ARC _C3_slice8-Ort.czi,adult,pomc,upper
105,11.0,19.454545454545453,214.0,J987_ARC _C3_slice8-Ort.czi,adult,pomc,upper
106,33.0,18.242424242424242,602.0,J987_ARC _C3_slice8-Ort.czi,adult,pomc,upper
107,6.0,23.0,138.0,J987_ARC _C3_slice8-Ort.czi,adult,pomc,upper
108,21.0,13.285714285714286,279.0,J987_ARC _C3_slice8-Ort.czi,adult,pomc,upper
109,1028.0,19.56225680933852,20110.0,J987_ARC _C3_slice8-Ort.czi,adult,pomc,upper
110,11.0,19.181818181818183,211.00000000000003,J987_ARC _C3_slice8-Ort.czi,adult,pomc,upper
111,80.0,17.7,1416.0,J987_ARC _C3_slice8-Ort.czi,adult,pomc,upper
112,14418.0,21.047510056873353,303463.0,J987_ARC _C3_slice8-Ort.czi,adult,pomc,upper
113,37.0,18.405405405405407,681.0000000000001,J987_ARC _C3_slice8-Ort.czi,adult,pomc,upper
114,14.0,22.428571428571427,314.0,J987_ARC _C3_slice8-Ort.czi,adult,pomc,upper
115,345.0,16.591304347826085,5723.999999999999,J987_ARC _C3_slice8-Ort.czi,adult,pomc,upper
116,1.0,20.0,20.0,J987_ARC _C3_slice8-Ort.czi,adult,pomc,upper
117,6.0,25.0,150.0,J987_ARC _C3_slice8-Ort.czi,adult,pomc,upper
118,128.0,18.0078125,2305.0,J987_ARC _C3_slice8-Ort.czi,adult,pomc,upper
119,2.0,20.0,40.0,J987_ARC _C3_slice8-Ort.czi,adult,pomc,upper
120,46.0,18.32608695652174,843.0,J987_ARC _C3_slice8-Ort.czi,adult,pomc,upper
121,14.0,18.0,252.0,J987_ARC _C3_slice8-Ort.czi,adult,pomc,upper
122,45.0,16.377777777777776,736.9999999999999,J987_ARC _C3_slice8-Ort.czi,adult,pomc,upper
123,12.0,28.083333333333332,337.0,J987_ARC _C3_slice8-Ort.czi,adult,pomc,upper
124,92.0,18.47826086956522,1700.0,J987_ARC _C3_slice8-Ort.czi,adult,pomc,upper
125,15.0,19.133333333333333,287.0,J987_ARC _C3_slice8-Ort.czi,adult,pomc,upper
126,308.0,19.33116883116883,5954.0,J987_ARC _C3_slice8-Ort.czi,adult,pomc,upper
127,107.0,17.46728971962617,1869.0000000000002,J987_ARC _C3_slice8-Ort.czi,adult,pomc,upper
128,10.0,14.0,140.0,J987_ARC _C3_slice8-Ort.czi,adult,pomc,upper
129,29.0,17.689655172413794,513.0,J987_ARC _C3_slice8-Ort.czi,adult,pomc,upper
130,32.0,19.25,616.0,J987_ARC _C3_slice8-Ort.czi,adult,pomc,upper
131,1.0,22.0,22.0,J987_ARC _C3_slice8-Ort.czi,adult,pomc,upper
132,35.0,15.142857142857142,530.0,J987_ARC _C3_slice8-Ort.czi,adult,pomc,upper
133,57.0,18.596491228070175,1060.0,J987_ARC _C3_slice8-Ort.czi,adult,pomc,upper
134,58.0,19.70689655172414,1143.0,J987_ARC _C3_slice8-Ort.czi,adult,pomc,upper
135,134.0,15.611940298507463,2092.0,J987_ARC _C3_slice8-Ort.czi,adult,pomc,upper
136,16.0,14.625,234.0,J987_ARC _C3_slice8-Ort.czi,adult,pomc,upper
137,32.0,16.46875,527.0,J987_ARC _C3_slice8-Ort.czi,adult,pomc,upper
138,4.0,26.5,106.0,J987_ARC _C3_slice8-Ort.czi,adult,pomc,upper
139,89.0,17.93258426966292,1596.0,J987_ARC _C3_slice8-Ort.czi,adult,pomc,upper
140,1002.0,18.064870259481037,18101.0,J987_ARC _C3_slice8-Ort.czi,adult,pomc,upper
141,75.0,17.093333333333334,1282.0,J987_ARC _C3_slice8-Ort.czi,adult,pomc,upper
142,73.0,30.671232876712327,2239.0,J987_ARC _C3_slice8-Ort.czi,adult,pomc,upper
143,14.0,17.928571428571427,250.99999999999997,J987_ARC _C3_slice8-Ort.czi,adult,pomc,upper
144,48.0,17.625,846.0,J987_ARC _C3_slice8-Ort.czi,adult,pomc,upper
145,36.0,17.02777777777778,613.0,J987_ARC _C3_slice8-Ort.czi,adult,pomc,upper
146,21.0,16.857142857142858,354.0,J987_ARC _C3_slice8-Ort.czi,adult,pomc,upper
147,4810.0,20.526611226611227,98733.0,J987_ARC _C3_slice8-Ort.czi,adult,pomc,upper
148,133.0,16.090225563909776,2140.0,J987_ARC _C3_slice8-Ort.czi,adult,pomc,upper
149,20.0,22.7,454.0,J987_ARC _C3_slice8-Ort.czi,adult,pomc,upper
150,1.0,22.0,22.0,J987_ARC _C3_slice8-Ort.czi,adult,pomc,upper
151,264.0,21.988636363636363,5805.0,J987_ARC _C3_slice8-Ort.czi,adult,pomc,upper
152,31.0,17.967741935483872,557.0,J987_ARC _C3_slice8-Ort.czi,adult,pomc,upper
153,1.0,15.0,15.0,J987_ARC _C3_slice8-Ort.czi,adult,pomc,upper
154,17.0,23.0,391.0,J987_ARC _C3_slice8-Ort.czi,adult,pomc,upper
155,166.0,22.97590361445783,3814.0,J987_ARC _C3_slice8-Ort.czi,adult,pomc,upper
156,15.0,20.933333333333334,314.0,J987_ARC _C3_slice8-Ort.czi,adult,pomc,upper
157,9.0,19.11111111111111,172.0,J987_ARC _C3_slice8-Ort.czi,adult,pomc,upper
158,53.0,16.28301886792453,863.0,J987_ARC _C3_slice8-Ort.czi,adult,pomc,upper
159,4.0,11.75,47.0,J987_ARC _C3_slice8-Ort.czi,adult,pomc,upper
160,71.0,23.43661971830986,1664.0,J987_ARC _C3_slice8-Ort.czi,adult,pomc,upper
161,756.0,18.75793650793651,14181.000000000002,J987_ARC _C3_slice8-Ort.czi,adult,pomc,upper
162,8.0,14.875,119.0,J987_ARC _C3_slice8-Ort.czi,adult,pomc,upper
163,52.0,18.48076923076923,961.0,J987_ARC _C3_slice8-Ort.czi,adult,pomc,upper
164,3.0,23.333333333333332,70.0,J987_ARC _C3_slice8-Ort.czi,adult,pomc,upper
165,1.0,18.0,18.0,J987_ARC _C3_slice8-Ort.czi,adult,pomc,upper
166,33.0,17.939393939393938,592.0,J987_ARC _C3_slice8-Ort.czi,adult,pomc,upper
167,9.0,17.666666666666668,159.0,J987_ARC _C3_slice8-Ort.czi,adult,pomc,upper
168,6.0,30.166666666666668,181.0,J987_ARC _C3_slice8-Ort.czi,adult,pomc,upper
169,382.0,17.162303664921467,6556.0,J987_ARC _C3_slice8-Ort.czi,adult,pomc,upper
170,67.0,17.0,1139.0,J987_ARC _C3_slice8-Ort.czi,adult,pomc,upper
171,61.0,19.40983606557377,1184.0,J987_ARC _C3_slice8-Ort.czi,adult,pomc,upper
172,11.0,17.454545454545453,192.0,J987_ARC _C3_slice8-Ort.czi,adult,pomc,upper
173,254.0,17.511811023622048,4448.0,J987_ARC _C3_slice8-Ort.czi,adult,pomc,upper
174,63.0,17.333333333333332,1092.0,J987_ARC _C3_slice8-Ort.czi,adult,pomc,upper
175,6.0,9.166666666666666,55.0,J987_ARC _C3_slice8-Ort.czi,adult,pomc,upper
176,57.0,21.473684210526315,1224.0,J987_ARC _C3_slice8-Ort.czi,adult,pomc,upper
177,24.0,19.625,471.0,J987_ARC _C3_slice8-Ort.czi,adult,pomc,upper
178,3.0,21.666666666666668,65.0,J987_ARC _C3_slice8-Ort.czi,adult,pomc,upper
179,2.0,8.5,17.0,J987_ARC _C3_slice8-Ort.czi,adult,pomc,upper
180,1.0,13.0,13.0,J987_ARC _C3_slice8-Ort.czi,adult,pomc,upper
181,44.0,19.09090909090909,840.0,J987_ARC _C3_slice8-Ort.czi,adult,pomc,upper
182,2.0,8.0,16.0,J987_ARC _C3_slice8-Ort.czi,adult,pomc,upper
183,115.0,17.417391304347827,2003.0000000000002,J987_ARC _C3_slice8-Ort.czi,adult,pomc,upper
184,1.0,16.0,16.0,J987_ARC _C3_slice8-Ort.czi,adult,pomc,upper
185,18.0,29.22222222222222,526.0,J987_ARC _C3_slice8-Ort.czi,adult,pomc,upper
186,497.0,20.921529175050303,10398.0,J987_ARC _C3_slice8-Ort.czi,adult,pomc,upper
187,78.0,20.0,1560.0,J987_ARC _C3_slice8-Ort.czi,adult,pomc,upper
188,2.0,15.5,31.0,J987_ARC _C3_slice8-Ort.czi,adult,pomc,upper
189,57.0,19.05263157894737,1086.0,J987_ARC _C3_slice8-Ort.czi,adult,pomc,upper
190,33.0,16.03030303030303,529.0,J987_ARC _C3_slice8-Ort.czi,adult,pomc,upper
191,45.0,19.266666666666666,867.0,J987_ARC _C3_slice8-Ort.czi,adult,pomc,upper
192,1.0,20.0,20.0,J987_ARC _C3_slice8-Ort.czi,adult,pomc,upper
193,603.0,17.850746268656717,10764.0,J987_ARC _C3_slice8-Ort.czi,adult,pomc,upper
194,13.0,27.846153846153847,362.0,J987_ARC _C3_slice8-Ort.czi,adult,pomc,upper
195,651.0,22.81566820276498,14853.000000000002,J987_ARC _C3_slice8-Ort.czi,adult,pomc,upper
196,4137.0,20.21392313270486,83625.0,J987_ARC _C3_slice8-Ort.czi,adult,pomc,upper
197,2.0,15.5,31.0,J987_ARC _C3_slice8-Ort.czi,adult,pomc,upper
198,31.0,17.451612903225808,541.0,J987_ARC _C3_slice8-Ort.czi,adult,pomc,upper
199,12.0,17.083333333333332,205.0,J987_ARC _C3_slice8-Ort.czi,adult,pomc,upper
200,7.0,19.142857142857142,134.0,J987_ARC _C3_slice8-Ort.czi,adult,pomc,upper
201,77.0,19.532467532467532,1504.0,J987_ARC _C3_slice8-Ort.czi,adult,pomc,upper
202,20.0,20.35,407.0,J987_ARC _C3_slice8-Ort.czi,adult,pomc,upper
203,74.0,18.445945945945947,1365.0,J987_ARC _C3_slice8-Ort.czi,adult,pomc,upper
204,7.0,31.142857142857142,218.0,J987_ARC _C3_slice8-Ort.czi,adult,pomc,upper
205,3016.0,21.156498673740053,63808.0,J987_ARC _C3_slice8-Ort.czi,adult,pomc,upper
206,13.0,19.46153846153846,252.99999999999997,J987_ARC _C3_slice8-Ort.czi,adult,pomc,upper
207,1.0,14.0,14.0,J987_ARC _C3_slice8-Ort.czi,adult,pomc,upper
208,249.0,21.164658634538153,5270.0,J987_ARC _C3_slice8-Ort.czi,adult,pomc,upper
209,21.0,23.761904761904763,499.0,J987_ARC _C3_slice8-Ort.czi,adult,pomc,upper
210,22.0,16.90909090909091,372.0,J987_ARC _C3_slice8-Ort.czi,adult,pomc,upper
211,1.0,6.0,6.0,J987_ARC _C3_slice8-Ort.czi,adult,pomc,upper
212,62.0,17.838709677419356,1106.0,J987_ARC _C3_slice8-Ort.czi,adult,pomc,upper
213,13.0,18.153846153846153,236.0,J987_ARC _C3_slice8-Ort.czi,adult,pomc,upper
214,31.0,16.967741935483872,526.0,J987_ARC _C3_slice8-Ort.czi,adult,pomc,upper
215,10.0,20.4,204.0,J987_ARC _C3_slice8-Ort.czi,adult,pomc,upper
216,38.0,23.81578947368421,904.9999999999999,J987_ARC _C3_slice8-Ort.czi,adult,pomc,upper
217,285.0,18.61754385964912,5305.999999999999,J987_ARC _C3_slice8-Ort.czi,adult,pomc,upper
218,27.0,16.59259259259259,448.0,J987_ARC _C3_slice8-Ort.czi,adult,pomc,upper
219,21.0,18.285714285714285,384.0,J987_ARC _C3_slice8-Ort.czi,adult,pomc,upper
220,61.0,15.672131147540984,956.0,J987_ARC _C3_slice8-Ort.czi,adult,pomc,upper
221,273.0,16.252747252747252,4437.0,J987_ARC _C3_slice8-Ort.czi,adult,pomc,upper
222,123.0,19.390243902439025,2385.0,J987_ARC _C3_slice8-Ort.czi,adult,pomc,upper
223,556.0,19.697841726618705,10952.0,J987_ARC _C3_slice8-Ort.czi,adult,pomc,upper
224,56.0,17.214285714285715,964.0,J987_ARC _C3_slice8-Ort.czi,adult,pomc,upper
225,1.0,15.0,15.0,J987_ARC _C3_slice8-Ort.czi,adult,pomc,upper
226,21.0,21.61904761904762,454.0,J987_ARC _C3_slice8-Ort.czi,adult,pomc,upper
227,1.0,39.0,39.0,J987_ARC _C3_slice8-Ort.czi,adult,pomc,upper
228,60.0,18.9,1134.0,J987_ARC _C3_slice8-Ort.czi,adult,pomc,upper
229,24.0,20.416666666666668,490.0,J987_ARC _C3_slice8-Ort.czi,adult,pomc,upper
230,12.0,29.166666666666668,350.0,J987_ARC _C3_slice8-Ort.czi,adult,pomc,upper
231,1.0,13.0,13.0,J987_ARC _C3_slice8-Ort.czi,adult,pomc,upper
232,9.0,18.666666666666668,168.0,J987_ARC _C3_slice8-Ort.czi,adult,pomc,upper
233,195.0,18.48205128205128,3603.9999999999995,J987_ARC _C3_slice8-Ort.czi,adult,pomc,upper
234,23.0,21.565217391304348,496.0,J987_ARC _C3_slice8-Ort.czi,adult,pomc,upper
235,183.0,46.459016393442624,8502.0,J987_ARC _C3_slice8-Ort.czi,adult,pomc,upper
236,1.0,10.0,10.0,J987_ARC _C3_slice8-Ort.czi,adult,pomc,upper
237,76.0,15.394736842105264,1170.0,J987_ARC _C3_slice8-Ort.czi,adult,pomc,upper
238,5.0,15.2,76.0,J987_ARC _C3_slice8-Ort.czi,adult,pomc,upper
239,2194.0,19.332269826800363,42415.0,J987_ARC _C3_slice8-Ort.czi,adult,pomc,upper
240,46.0,15.717391304347826,723.0,J987_ARC _C3_slice8-Ort.czi,adult,pomc,upper
241,46.0,16.91304347826087,778.0000000000001,J987_ARC _C3_slice8-Ort.czi,adult,pomc,upper
242,18.0,17.77777777777778,320.0,J987_ARC _C3_slice8-Ort.czi,adult,pomc,upper
243,19.0,17.842105263157894,339.0,J987_ARC _C3_slice8-Ort.czi,adult,pomc,upper
244,38.0,19.92105263157895,757.0,J987_ARC _C3_slice8-Ort.czi,adult,pomc,upper
245,41.0,20.146341463414632,825.9999999999999,J987_ARC _C3_slice8-Ort.czi,adult,pomc,upper
246,72.0,20.63888888888889,1486.0,J987_ARC _C3_slice8-Ort.czi,adult,pomc,upper
247,12.0,22.083333333333332,265.0,J987_ARC _C3_slice8-Ort.czi,adult,pomc,upper
248,1.0,21.0,21.0,J987_ARC _C3_slice8-Ort.czi,adult,pomc,upper
249,301.0,17.232558139534884,5187.0,J987_ARC _C3_slice8-Ort.czi,adult,pomc,upper
250,25.0,15.56,389.0,J987_ARC _C3_slice8-Ort.czi,adult,pomc,upper
251,5.0,20.2,101.0,J987_ARC _C3_slice8-Ort.czi,adult,pomc,upper
252,1.0,13.0,13.0,J987_ARC _C3_slice8-Ort.czi,adult,pomc,upper
253,3.0,18.0,54.0,J987_ARC _C3_slice8-Ort.czi,adult,pomc,upper
254,5.0,29.4,147.0,J987_ARC _C3_slice8-Ort.czi,adult,pomc,upper
255,2.0,39.5,79.0,J987_ARC _C3_slice8-Ort.czi,adult,pomc,upper
256,19.0,17.94736842105263,341.0,J987_ARC _C3_slice8-Ort.czi,adult,pomc,upper
257,4.0,23.0,92.0,J987_ARC _C3_slice8-Ort.czi,adult,pomc,upper
258,49.0,16.448979591836736,806.0,J987_ARC _C3_slice8-Ort.czi,adult,pomc,upper
259,3.0,16.666666666666668,50.0,J987_ARC _C3_slice8-Ort.czi,adult,pomc,upper
260,34.0,15.764705882352942,536.0,J987_ARC _C3_slice8-Ort.czi,adult,pomc,upper
261,31.0,16.032258064516128,497.0,J987_ARC _C3_slice8-Ort.czi,adult,pomc,upper
262,9.0,17.77777777777778,160.0,J987_ARC _C3_slice8-Ort.czi,adult,pomc,upper
263,65.0,18.415384615384614,1197.0,J987_ARC _C3_slice8-Ort.czi,adult,pomc,upper
264,71.0,16.12676056338028,1145.0,J987_ARC _C3_slice8-Ort.czi,adult,pomc,upper
265,228.0,17.912280701754387,4084.0000000000005,J987_ARC _C3_slice8-Ort.czi,adult,pomc,upper
266,47.0,18.78723404255319,883.0,J987_ARC _C3_slice8-Ort.czi,adult,pomc,upper
267,65.0,18.26153846153846,1187.0,J987_ARC _C3_slice8-Ort.czi,adult,pomc,upper
268,29.0,18.517241379310345,537.0,J987_ARC _C3_slice8-Ort.czi,adult,pomc,upper
269,66.0,15.848484848484848,1046.0,J987_ARC _C3_slice8-Ort.czi,adult,pomc,upper
270,1.0,8.0,8.0,J987_ARC _C3_slice8-Ort.czi,adult,pomc,upper
271,5.0,18.4,92.0,J987_ARC _C3_slice8-Ort.czi,adult,pomc,upper
272,1.0,24.0,24.0,J987_ARC _C3_slice8-Ort.czi,adult,pomc,upper
273,1.0,13.0,13.0,J987_ARC _C3_slice8-Ort.czi,adult,pomc,upper
274,1.0,17.0,17.0,J987_ARC _C3_slice8-Ort.czi,adult,pomc,upper
275,10.0,14.1,141.0,J987_ARC _C3_slice8-Ort.czi,adult,pomc,upper
276,4.0,13.75,55.0,J987_ARC _C3_slice8-Ort.czi,adult,pomc,upper
277,73.0,18.82191780821918,1374.0,J987_ARC _C3_slice8-Ort.czi,adult,pomc,upper
278,37.0,17.054054054054053,631.0,J987_ARC _C3_slice8-Ort.czi,adult,pomc,upper
279,7.0,18.142857142857142,127.0,J987_ARC _C3_slice8-Ort.czi,adult,pomc,upper
280,19.0,15.736842105263158,299.0,J987_ARC _C3_slice8-Ort.czi,adult,pomc,upper
281,88.0,18.068181818181817,1589.9999999999998,J987_ARC _C3_slice8-Ort.czi,adult,pomc,upper
282,185.0,16.654054054054054,3081.0,J987_ARC _C3_slice8-Ort.czi,adult,pomc,upper
283,1.0,19.0,19.0,J987_ARC _C3_slice8-Ort.czi,adult,pomc,upper
284,2.0,20.0,40.0,J987_ARC _C3_slice8-Ort.czi,adult,pomc,upper
285,100.0,16.41,1641.0,J987_ARC _C3_slice8-Ort.czi,adult,pomc,upper
286,10.0,15.5,155.0,J987_ARC _C3_slice8-Ort.czi,adult,pomc,upper
287,237.0,16.29113924050633,3861.0,J987_ARC _C3_slice8-Ort.czi,adult,pomc,upper
288,140.0,18.62857142857143,2608.0,J987_ARC _C3_slice8-Ort.czi,adult,pomc,upper
289,8.0,19.75,158.0,J987_ARC _C3_slice8-Ort.czi,adult,pomc,upper
290,5.0,17.0,85.0,J987_ARC _C3_slice8-Ort.czi,adult,pomc,upper
291,4.0,18.5,74.0,J987_ARC _C3_slice8-Ort.czi,adult,pomc,upper
292,466.0,17.409871244635195,8113.000000000001,J987_ARC _C3_slice8-Ort.czi,adult,pomc,upper
293,19.0,18.526315789473685,352.0,J987_ARC _C3_slice8-Ort.czi,adult,pomc,upper
294,106.0,16.62264150943396,1762.0,J987_ARC _C3_slice8-Ort.czi,adult,pomc,upper
295,27.0,18.0,486.0,J987_ARC _C3_slice8-Ort.czi,adult,pomc,upper
296,52.0,16.576923076923077,862.0,J987_ARC _C3_slice8-Ort.czi,adult,pomc,upper
297,65.0,19.784615384615385,1286.0,J987_ARC _C3_slice8-Ort.czi,adult,pomc,upper
298,155.0,17.032258064516128,2640.0,J987_ARC _C3_slice8-Ort.czi,adult,pomc,upper
299,82.0,17.5,1435.0,J987_ARC _C3_slice8-Ort.czi,adult,pomc,upper
300,9.0,16.333333333333332,147.0,J987_ARC _C3_slice8-Ort.czi,adult,pomc,upper
301,28.0,15.928571428571429,446.0,J987_ARC _C3_slice8-Ort.czi,adult,pomc,upper
302,2.0,14.5,29.0,J987_ARC _C3_slice8-Ort.czi,adult,pomc,upper
303,75.0,20.533333333333335,1540.0000000000002,J987_ARC _C3_slice8-Ort.czi,adult,pomc,upper
304,49.0,16.285714285714285,798.0,J987_ARC _C3_slice8-Ort.czi,adult,pomc,upper
305,1.0,9.0,9.0,J987_ARC _C3_slice8-Ort.czi,adult,pomc,upper
306,125.0,17.744,2218.0,J987_ARC _C3_slice8-Ort.czi,adult,pomc,upper
307,18.0,16.444444444444443,296.0,J987_ARC _C3_slice8-Ort.czi,adult,pomc,upper
308,152.0,16.532894736842106,2513.0,J987_ARC _C3_slice8-Ort.czi,adult,pomc,upper
309,56.0,22.696428571428573,1271.0,J987_ARC _C3_slice8-Ort.czi,adult,pomc,upper
310,141.0,17.02127659574468,2400.0,J987_ARC _C3_slice8-Ort.czi,adult,pomc,upper
311,237.0,17.552742616033754,4160.0,J987_ARC _C3_slice8-Ort.czi,adult,pomc,upper
312,61.0,16.147540983606557,985.0,J987_ARC _C3_slice8-Ort.czi,adult,pomc,upper
313,23.0,16.695652173913043,384.0,J987_ARC _C3_slice8-Ort.czi,adult,pomc,upper
314,642.0,17.70872274143302,11369.0,J987_ARC _C3_slice8-Ort.czi,adult,pomc,upper
315,55.0,17.254545454545454,949.0,J987_ARC _C3_slice8-Ort.czi,adult,pomc,upper
316,201.0,18.47761194029851,3714.0000000000005,J987_ARC _C3_slice8-Ort.czi,adult,pomc,upper
317,177.0,16.24858757062147,2876.0000000000005,J987_ARC _C3_slice8-Ort.czi,adult,pomc,upper
318,27.0,16.703703703703702,450.99999999999994,J987_ARC _C3_slice8-Ort.czi,adult,pomc,upper
319,694.0,18.14841498559078,12595.000000000002,J987_ARC _C3_slice8-Ort.czi,adult,pomc,upper
320,853.0,18.165298944900353,15495.000000000002,J987_ARC _C3_slice8-Ort.czi,adult,pomc,upper
321,64.0,17.578125,1125.0,J987_ARC _C3_slice8-Ort.czi,adult,pomc,upper
322,44.0,16.704545454545453,735.0,J987_ARC _C3_slice8-Ort.czi,adult,pomc,upper
323,88.0,17.863636363636363,1572.0,J987_ARC _C3_slice8-Ort.czi,adult,pomc,upper
324,30647.0,16.461317584102847,504489.99999999994,J987_ARC _C3_slice8-Ort.czi,adult,pomc,upper
325,62.0,21.016129032258064,1303.0,J987_ARC _C3_slice8-Ort.czi,adult,pomc,upper
326,730.0,23.39041095890411,17075.0,J987_ARC _C3_slice8-Ort.czi,adult,pomc,upper
327,76.0,17.0,1292.0,J987_ARC _C3_slice8-Ort.czi,adult,pomc,upper
328,1.0,8.0,8.0,J987_ARC _C3_slice8-Ort.czi,adult,pomc,upper
329,18414.0,16.107255349190833,296599.0,J987_ARC _C3_slice8-Ort.czi,adult,pomc,upper
330,27.0,19.59259259259259,529.0,J987_ARC _C3_slice8-Ort.czi,adult,pomc,upper
331,60.0,17.216666666666665,1033.0,J987_ARC _C3_slice8-Ort.czi,adult,pomc,upper
332,34.0,16.823529411764707,572.0,J987_ARC _C3_slice8-Ort.czi,adult,pomc,upper
333,82.0,17.024390243902438,1396.0,J987_ARC _C3_slice8-Ort.czi,adult,pomc,upper
334,3806.0,22.487651077246454,85588.0,J987_ARC _C3_slice8-Ort.czi,adult,pomc,upper
335,1528.0,15.017670157068062,22947.0,J987_ARC _C3_slice8-Ort.czi,adult,pomc,upper
336,21.0,18.666666666666668,392.0,J987_ARC _C3_slice8-Ort.czi,adult,pomc,upper
337,8.0,17.875,143.0,J987_ARC _C3_slice8-Ort.czi,adult,pomc,upper
338,16355.0,17.432100275145217,285102.0,J987_ARC _C3_slice8-Ort.czi,adult,pomc,upper
339,27230.0,19.373228057289754,527533.0,J987_ARC _C3_slice8-Ort.czi,adult,pomc,upper
340,89.0,16.0,1424.0,J987_ARC _C3_slice8-Ort.czi,adult,pomc,upper
341,131.0,17.34351145038168,2272.0,J987_ARC _C3_slice8-Ort.czi,adult,pomc,upper
342,47.0,16.72340425531915,786.0,J987_ARC _C3_slice8-Ort.czi,adult,pomc,upper
343,26.0,16.153846153846153,420.0,J987_ARC _C3_slice8-Ort.czi,adult,pomc,upper
344,66.0,15.803030303030303,1043.0,J987_ARC _C3_slice8-Ort.czi,adult,pomc,upper
345,168.0,16.571428571428573,2784.0000000000005,J987_ARC _C3_slice8-Ort.czi,adult,pomc,upper
346,142.0,18.316901408450704,2601.0,J987_ARC _C3_slice8-Ort.czi,adult,pomc,upper
347,15.0,16.266666666666666,244.0,J987_ARC _C3_slice8-Ort.czi,adult,pomc,upper
348,116.0,16.663793103448278,1933.0000000000002,J987_ARC _C3_slice8-Ort.czi,adult,pomc,upper
349,57.0,17.75438596491228,1012.0,J987_ARC _C3_slice8-Ort.czi,adult,pomc,upper
350,25.0,18.72,468.0,J987_ARC _C3_slice8-Ort.czi,adult,pomc,upper
351,14254.0,19.089869510312894,272107.0,J987_ARC _C3_slice8-Ort.czi,adult,pomc,upper
352,5551.0,18.103765087371645,100494.0,J987_ARC _C3_slice8-Ort.czi,adult,pomc,upper
353,2.0,16.5,33.0,J987_ARC _C3_slice8-Ort.czi,adult,pomc,upper
354,15690.0,19.279668578712556,302498.0,J987_ARC _C3_slice8-Ort.czi,adult,pomc,upper
355,98.0,15.86734693877551,1555.0,J987_ARC _C3_slice8-Ort.czi,adult,pomc,upper
356,105.0,16.419047619047618,1723.9999999999998,J987_ARC _C3_slice8-Ort.czi,adult,pomc,upper
357,317.0,19.438485804416406,6162.000000000001,J987_ARC _C3_slice8-Ort.czi,adult,pomc,upper
358,793.0,21.831021437578816,17312.0,J987_ARC _C3_slice8-Ort.czi,adult,pomc,upper
359,310.0,17.05483870967742,5287.0,J987_ARC _C3_slice8-Ort.czi,adult,pomc,upper
360,122.0,17.68032786885246,2157.0,J987_ARC _C3_slice8-Ort.czi,adult,pomc,upper
361,577.0,15.057192374350088,8688.0,J987_ARC _C3_slice8-Ort.czi,adult,pomc,upper
362,159.0,15.71069182389937,2498.0,J987_ARC _C3_slice8-Ort.czi,adult,pomc,upper
363,319.0,17.32601880877743,5527.0,J987_ARC _C3_slice8-Ort.czi,adult,pomc,upper
364,62.0,15.580645161290322,966.0,J987_ARC _C3_slice8-Ort.czi,adult,pomc,upper
365,44.0,18.227272727272727,802.0,J987_ARC _C3_slice8-Ort.czi,adult,pomc,upper
366,971.0,18.474768280123584,17939.0,J987_ARC _C3_slice8-Ort.czi,adult,pomc,upper
367,394.0,20.548223350253807,8096.0,J987_ARC _C3_slice8-Ort.czi,adult,pomc,upper
368,26.0,24.192307692307693,629.0,J987_ARC _C3_slice8-Ort.czi,adult,pomc,upper
369,35.0,15.114285714285714,529.0,J987_ARC _C3_slice8-Ort.czi,adult,pomc,upper
370,20.0,16.15,323.0,J987_ARC _C3_slice8-Ort.czi,adult,pomc,upper
371,25.0,16.72,418.0,J987_ARC _C3_slice8-Ort.czi,adult,pomc,upper
372,345.0,16.910144927536233,5834.000000000001,J987_ARC _C3_slice8-Ort.czi,adult,pomc,upper
373,130.0,14.830769230769231,1928.0,J987_ARC _C3_slice8-Ort.czi,adult,pomc,upper
374,303.0,20.73267326732673,6282.0,J987_ARC _C3_slice8-Ort.czi,adult,pomc,upper
375,160.0,17.0375,2726.0,J987_ARC _C3_slice8-Ort.czi,adult,pomc,upper
376,5.0,14.8,74.0,J987_ARC _C3_slice8-Ort.czi,adult,pomc,upper
377,10.0,14.7,147.0,J987_ARC _C3_slice8-Ort.czi,adult,pomc,upper
378,65.0,16.70769230769231,1086.0,J987_ARC _C3_slice8-Ort.czi,adult,pomc,upper
379,591.0,21.795262267343485,12881.0,J987_ARC _C3_slice8-Ort.czi,adult,pomc,upper
380,1216.0,16.864309210526315,20507.0,J987_ARC _C3_slice8-Ort.czi,adult,pomc,upper
381,71.0,16.971830985915492,1205.0,J987_ARC _C3_slice8-Ort.czi,adult,pomc,upper
382,3.0,13.666666666666666,41.0,J987_ARC _C3_slice8-Ort.czi,adult,pomc,upper
383,6766.0,20.532958912208098,138926.0,J987_ARC _C3_slice8-Ort.czi,adult,pomc,upper
384,32.0,17.21875,551.0,J987_ARC _C3_slice8-Ort.czi,adult,pomc,upper
385,125.0,15.984,1998.0,J987_ARC _C3_slice8-Ort.czi,adult,pomc,upper
386,302.0,15.748344370860927,4756.0,J987_ARC _C3_slice8-Ort.czi,adult,pomc,upper
387,154.0,17.81168831168831,2743.0,J987_ARC _C3_slice8-Ort.czi,adult,pomc,upper
388,561.0,21.554367201426025,12092.0,J987_ARC _C3_slice8-Ort.czi,adult,pomc,upper
389,1102.0,15.630671506352087,17225.0,J987_ARC _C3_slice8-Ort.czi,adult,pomc,upper
390,168.0,17.648809523809526,2965.0000000000005,J987_ARC _C3_slice8-Ort.czi,adult,pomc,upper
391,12.0,15.0,180.0,J987_ARC _C3_slice8-Ort.czi,adult,pomc,upper
392,86.0,16.511627906976745,1420.0,J987_ARC _C3_slice8-Ort.czi,adult,pomc,upper
393,881.0,16.60839954597049,14632.0,J987_ARC _C3_slice8-Ort.czi,adult,pomc,upper
394,83.0,16.662650602409638,1383.0,J987_ARC _C3_slice8-Ort.czi,adult,pomc,upper
395,198.0,17.025252525252526,3371.0,J987_ARC _C3_slice8-Ort.czi,adult,pomc,upper
396,4198.0,16.834444973797048,70671.0,J987_ARC _C3_slice8-Ort.czi,adult,pomc,upper
397,173.0,17.751445086705203,3071.0,J987_ARC _C3_slice8-Ort.czi,adult,pomc,upper
398,1.0,10.0,10.0,J987_ARC _C3_slice8-Ort.czi,adult,pomc,upper
399,43.0,17.186046511627907,739.0,J987_ARC _C3_slice8-Ort.czi,adult,pomc,upper
400,32.0,17.09375,547.0,J987_ARC _C3_slice8-Ort.czi,adult,pomc,upper
401,481.0,16.954261954261955,8155.000000000001,J987_ARC _C3_slice8-Ort.czi,adult,pomc,upper
402,34.0,17.735294117647058,603.0,J987_ARC _C3_slice8-Ort.czi,adult,pomc,upper
403,377.0,15.96816976127321,6020.0,J987_ARC _C3_slice8-Ort.czi,adult,pomc,upper
404,295.0,22.335593220338982,6589.0,J987_ARC _C3_slice8-Ort.czi,adult,pomc,upper
405,330.0,18.503030303030304,6106.0,J987_ARC _C3_slice8-Ort.czi,adult,pomc,upper
406,1.0,4.0,4.0,J987_ARC _C3_slice8-Ort.czi,adult,pomc,upper
407,139.0,32.12230215827338,4464.999999999999,J987_ARC _C3_slice8-Ort.czi,adult,pomc,upper
408,124.0,20.556451612903224,2549.0,J987_ARC _C3_slice8-Ort.czi,adult,pomc,upper
409,1.0,22.0,22.0,J987_ARC _C3_slice8-Ort.czi,adult,pomc,upper
410,13.0,19.46153846153846,252.99999999999997,J987_ARC _C3_slice8-Ort.czi,adult,pomc,upper
411,82.0,18.085365853658537,1483.0,J987_ARC _C3_slice8-Ort.czi,adult,pomc,upper
412,57.0,25.087719298245613,1430.0,J987_ARC _C3_slice8-Ort.czi,adult,pomc,upper
413,5.0,16.0,80.0,J987_ARC _C3_slice8-Ort.czi,adult,pomc,upper
414,123.0,19.86178861788618,2443.0,J987_ARC _C3_slice8-Ort.czi,adult,pomc,upper
415,105.0,17.495238095238093,1836.9999999999998,J987_ARC _C3_slice8-Ort.czi,adult,pomc,upper
416,3.0,18.333333333333332,55.0,J987_ARC _C3_slice8-Ort.czi,adult,pomc,upper
417,123.0,20.024390243902438,2463.0,J987_ARC _C3_slice8-Ort.czi,adult,pomc,upper
418,59.0,18.864406779661017,1113.0,J987_ARC _C3_slice8-Ort.czi,adult,pomc,upper
419,76.0,15.894736842105264,1208.0,J987_ARC _C3_slice8-Ort.czi,adult,pomc,upper
420,97.0,18.010309278350515,1747.0,J987_ARC _C3_slice8-Ort.czi,adult,pomc,upper
421,1128.0,18.131205673758867,20452.000000000004,J987_ARC _C3_slice8-Ort.czi,adult,pomc,upper
422,34.0,16.61764705882353,565.0,J987_ARC _C3_slice8-Ort.czi,adult,pomc,upper
423,10.0,15.5,155.0,J987_ARC _C3_slice8-Ort.czi,adult,pomc,upper
424,125.0,15.152,1894.0,J987_ARC _C3_slice8-Ort.czi,adult,pomc,upper
425,130.0,15.638461538461538,2033.0,J987_ARC _C3_slice8-Ort.czi,adult,pomc,upper
426,213.0,19.037558685446008,4054.9999999999995,J987_ARC _C3_slice8-Ort.czi,adult,pomc,upper
427,64.0,16.0625,1028.0,J987_ARC _C3_slice8-Ort.czi,adult,pomc,upper
428,585.0,17.84957264957265,10442.0,J987_ARC _C3_slice8-Ort.czi,adult,pomc,upper
429,8.0,16.0,128.0,J987_ARC _C3_slice8-Ort.czi,adult,pomc,upper
430,507.0,17.678500986193296,8963.0,J987_ARC _C3_slice8-Ort.czi,adult,pomc,upper
431,52.0,16.846153846153847,876.0,J987_ARC _C3_slice8-Ort.czi,adult,pomc,upper
432,51.0,17.352941176470587,884.9999999999999,J987_ARC _C3_slice8-Ort.czi,adult,pomc,upper
433,408.0,21.058823529411764,8592.0,J987_ARC _C3_slice8-Ort.czi,adult,pomc,upper
434,353.0,18.008498583569406,6357.0,J987_ARC _C3_slice8-Ort.czi,adult,pomc,upper
435,170.0,20.21764705882353,3437.0,J987_ARC _C3_slice8-Ort.czi,adult,pomc,upper
436,287.0,17.522648083623693,5029.0,J987_ARC _C3_slice8-Ort.czi,adult,pomc,upper
437,1.0,18.0,18.0,J987_ARC _C3_slice8-Ort.czi,adult,pomc,upper
438,1.0,8.0,8.0,J987_ARC _C3_slice8-Ort.czi,adult,pomc,upper
439,48.0,17.708333333333332,850.0,J987_ARC _C3_slice8-Ort.czi,adult,pomc,upper
440,104.0,18.432692307692307,1917.0,J987_ARC _C3_slice8-Ort.czi,adult,pomc,upper
441,411.0,16.452554744525546,6761.999999999999,J987_ARC _C3_slice8-Ort.czi,adult,pomc,upper
442,1.0,8.0,8.0,J987_ARC _C3_slice8-Ort.czi,adult,pomc,upper
443,149.0,17.91946308724832,2670.0,J987_ARC _C3_slice8-Ort.czi,adult,pomc,upper
444,160.0,20.225,3236.0,J987_ARC _C3_slice8-Ort.czi,adult,pomc,upper
1,7.0,1.4285714285714286,10.0,J995_ARC _B4_slice7-Ort.czi,adult,pomc,upper
2,263.0,2.129277566539924,560.0,J995_ARC _B4_slice7-Ort.czi,adult,pomc,upper
3,11.0,1.6363636363636365,18.0,J995_ARC _B4_slice7-Ort.czi,adult,pomc,upper
4,13.0,1.4615384615384615,19.0,J995_ARC _B4_slice7-Ort.czi,adult,pomc,upper
5,1.0,3.0,3.0,J995_ARC _B4_slice7-Ort.czi,adult,pomc,upper
6,1.0,1.0,1.0,J995_ARC _B4_slice7-Ort.czi,adult,pomc,upper
7,1.0,2.0,2.0,J995_ARC _B4_slice7-Ort.czi,adult,pomc,upper
8,62.0,2.2580645161290325,140.0,J995_ARC _B4_slice7-Ort.czi,adult,pomc,upper
9,16.0,1.4375,23.0,J995_ARC _B4_slice7-Ort.czi,adult,pomc,upper
10,2.0,1.0,2.0,J995_ARC _B4_slice7-Ort.czi,adult,pomc,upper
11,3.0,2.6666666666666665,8.0,J995_ARC _B4_slice7-Ort.czi,adult,pomc,upper
12,10.0,2.6,26.0,J995_ARC _B4_slice7-Ort.czi,adult,pomc,upper
13,5.0,1.6,8.0,J995_ARC _B4_slice7-Ort.czi,adult,pomc,upper
14,22.0,1.9545454545454546,43.0,J995_ARC _B4_slice7-Ort.czi,adult,pomc,upper
15,13.0,1.5384615384615385,20.0,J995_ARC _B4_slice7-Ort.czi,adult,pomc,upper
16,10.0,1.8,18.0,J995_ARC _B4_slice7-Ort.czi,adult,pomc,upper
17,30.0,2.033333333333333,61.0,J995_ARC _B4_slice7-Ort.czi,adult,pomc,upper
18,3.0,1.3333333333333333,4.0,J995_ARC _B4_slice7-Ort.czi,adult,pomc,upper
19,40.0,1.65,66.0,J995_ARC _B4_slice7-Ort.czi,adult,pomc,upper
20,144.0,1.8194444444444444,262.0,J995_ARC _B4_slice7-Ort.czi,adult,pomc,upper
21,7.0,2.4285714285714284,17.0,J995_ARC _B4_slice7-Ort.czi,adult,pomc,upper
22,7.0,2.5714285714285716,18.0,J995_ARC _B4_slice7-Ort.czi,adult,pomc,upper
23,17.0,3.0,51.0,J995_ARC _B4_slice7-Ort.czi,adult,pomc,upper
24,1923.0,1.8632345293811752,3583.0,J995_ARC _B4_slice7-Ort.czi,adult,pomc,upper
25,6.0,1.5,9.0,J995_ARC _B4_slice7-Ort.czi,adult,pomc,upper
26,8.0,2.875,23.0,J995_ARC _B4_slice7-Ort.czi,adult,pomc,upper
27,16.0,1.375,22.0,J995_ARC _B4_slice7-Ort.czi,adult,pomc,upper
28,46.0,1.8478260869565217,85.0,J995_ARC _B4_slice7-Ort.czi,adult,pomc,upper
29,15.0,1.7333333333333334,26.0,J995_ARC _B4_slice7-Ort.czi,adult,pomc,upper
30,24.0,1.5833333333333333,38.0,J995_ARC _B4_slice7-Ort.czi,adult,pomc,upper
31,9.0,2.111111111111111,19.0,J995_ARC _B4_slice7-Ort.czi,adult,pomc,upper
32,4.0,1.25,5.0,J995_ARC _B4_slice7-Ort.czi,adult,pomc,upper
33,93.0,1.8172043010752688,169.0,J995_ARC _B4_slice7-Ort.czi,adult,pomc,upper
34,1.0,2.0,2.0,J995_ARC _B4_slice7-Ort.czi,adult,pomc,upper
35,1.0,2.0,2.0,J995_ARC _B4_slice7-Ort.czi,adult,pomc,upper
36,28.0,1.5714285714285714,44.0,J995_ARC _B4_slice7-Ort.czi,adult,pomc,upper
37,1.0,2.0,2.0,J995_ARC _B4_slice7-Ort.czi,adult,pomc,upper
38,27.0,1.6296296296296295,44.0,J995_ARC _B4_slice7-Ort.czi,adult,pomc,upper
39,49.0,1.653061224489796,81.0,J995_ARC _B4_slice7-Ort.czi,adult,pomc,upper
40,14.0,2.0,28.0,J995_ARC _B4_slice7-Ort.czi,adult,pomc,upper
41,60.0,1.9166666666666667,115.0,J995_ARC _B4_slice7-Ort.czi,adult,pomc,upper
42,146.0,2.23972602739726,327.0,J995_ARC _B4_slice7-Ort.czi,adult,pomc,upper
43,4.0,1.0,4.0,J995_ARC _B4_slice7-Ort.czi,adult,pomc,upper
44,942.0,1.8110403397027601,1706.0,J995_ARC _B4_slice7-Ort.czi,adult,pomc,upper
45,20.0,2.9,58.0,J995_ARC _B4_slice7-Ort.czi,adult,pomc,upper
46,86.0,2.127906976744186,182.99999999999997,J995_ARC _B4_slice7-Ort.czi,adult,pomc,upper
47,10.0,1.7,17.0,J995_ARC _B4_slice7-Ort.czi,adult,pomc,upper
48,3.0,1.0,3.0,J995_ARC _B4_slice7-Ort.czi,adult,pomc,upper
49,22.0,2.0,44.0,J995_ARC _B4_slice7-Ort.czi,adult,pomc,upper
50,86.0,1.558139534883721,134.0,J995_ARC _B4_slice7-Ort.czi,adult,pomc,upper
51,1.0,2.0,2.0,J995_ARC _B4_slice7-Ort.czi,adult,pomc,upper
52,8.0,1.5,12.0,J995_ARC _B4_slice7-Ort.czi,adult,pomc,upper
53,14.0,1.6428571428571428,23.0,J995_ARC _B4_slice7-Ort.czi,adult,pomc,upper
54,478.0,1.7573221757322175,840.0,J995_ARC _B4_slice7-Ort.czi,adult,pomc,upper
55,33.0,1.5454545454545454,51.0,J995_ARC _B4_slice7-Ort.czi,adult,pomc,upper
56,16.0,1.875,30.0,J995_ARC _B4_slice7-Ort.czi,adult,pomc,upper
57,19.0,1.9473684210526316,37.0,J995_ARC _B4_slice7-Ort.czi,adult,pomc,upper
58,99.0,1.9595959595959596,194.0,J995_ARC _B4_slice7-Ort.czi,adult,pomc,upper
59,3.0,2.0,6.0,J995_ARC _B4_slice7-Ort.czi,adult,pomc,upper
60,18.0,1.9444444444444444,35.0,J995_ARC _B4_slice7-Ort.czi,adult,pomc,upper
61,39.0,1.6666666666666667,65.0,J995_ARC _B4_slice7-Ort.czi,adult,pomc,upper
62,3.0,1.6666666666666667,5.0,J995_ARC _B4_slice7-Ort.czi,adult,pomc,upper
63,39.0,2.282051282051282,89.0,J995_ARC _B4_slice7-Ort.czi,adult,pomc,upper
64,7.0,2.0,14.0,J995_ARC _B4_slice7-Ort.czi,adult,pomc,upper
65,9.0,1.5555555555555556,14.0,J995_ARC _B4_slice7-Ort.czi,adult,pomc,upper
66,12.0,2.0,24.0,J995_ARC _B4_slice7-Ort.czi,adult,pomc,upper
67,6.0,3.8333333333333335,23.0,J995_ARC _B4_slice7-Ort.czi,adult,pomc,upper
68,1.0,1.0,1.0,J995_ARC _B4_slice7-Ort.czi,adult,pomc,upper
69,23.0,1.6956521739130435,39.0,J995_ARC _B4_slice7-Ort.czi,adult,pomc,upper
70,2.0,1.0,2.0,J995_ARC _B4_slice7-Ort.czi,adult,pomc,upper
71,14.0,2.0,28.0,J995_ARC _B4_slice7-Ort.czi,adult,pomc,upper
72,11.0,1.5454545454545454,17.0,J995_ARC _B4_slice7-Ort.czi,adult,pomc,upper
73,11.0,1.4545454545454546,16.0,J995_ARC _B4_slice7-Ort.czi,adult,pomc,upper
74,6.0,1.3333333333333333,8.0,J995_ARC _B4_slice7-Ort.czi,adult,pomc,upper
75,28.0,1.6428571428571428,46.0,J995_ARC _B4_slice7-Ort.czi,adult,pomc,upper
76,1.0,2.0,2.0,J995_ARC _B4_slice7-Ort.czi,adult,pomc,upper
77,26.0,1.6923076923076923,44.0,J995_ARC _B4_slice7-Ort.czi,adult,pomc,upper
78,27.0,1.5555555555555556,42.0,J995_ARC _B4_slice7-Ort.czi,adult,pomc,upper
79,48.0,1.6666666666666667,80.0,J995_ARC _B4_slice7-Ort.czi,adult,pomc,upper
80,38.0,1.5263157894736843,58.0,J995_ARC _B4_slice7-Ort.czi,adult,pomc,upper
81,7.0,1.2857142857142858,9.0,J995_ARC _B4_slice7-Ort.czi,adult,pomc,upper
82,111.0,1.7207207207207207,191.0,J995_ARC _B4_slice7-Ort.czi,adult,pomc,upper
83,13.0,1.8461538461538463,24.0,J995_ARC _B4_slice7-Ort.czi,adult,pomc,upper
84,45.0,1.6,72.0,J995_ARC _B4_slice7-Ort.czi,adult,pomc,upper
85,42.0,1.5714285714285714,66.0,J995_ARC _B4_slice7-Ort.czi,adult,pomc,upper
86,1417.0,1.7551164431898376,2487.0,J995_ARC _B4_slice7-Ort.czi,adult,pomc,upper
87,468.0,1.7008547008547008,796.0,J995_ARC _B4_slice7-Ort.czi,adult,pomc,upper
88,45.0,1.6444444444444444,74.0,J995_ARC _B4_slice7-Ort.czi,adult,pomc,upper
89,14.0,1.8571428571428572,26.0,J995_ARC _B4_slice7-Ort.czi,adult,pomc,upper
90,10.0,1.9,19.0,J995_ARC _B4_slice7-Ort.czi,adult,pomc,upper
91,31.0,1.6774193548387097,52.0,J995_ARC _B4_slice7-Ort.czi,adult,pomc,upper
92,56.0,1.7678571428571428,99.0,J995_ARC _B4_slice7-Ort.czi,adult,pomc,upper
93,1.0,4.0,4.0,J995_ARC _B4_slice7-Ort.czi,adult,pomc,upper
94,98.0,1.5714285714285714,154.0,J995_ARC _B4_slice7-Ort.czi,adult,pomc,upper
95,54.0,1.8888888888888888,102.0,J995_ARC _B4_slice7-Ort.czi,adult,pomc,upper
96,7.0,1.4285714285714286,10.0,J995_ARC _B4_slice7-Ort.czi,adult,pomc,upper
97,41.0,1.7560975609756098,72.0,J995_ARC _B4_slice7-Ort.czi,adult,pomc,upper
98,12.0,1.8333333333333333,22.0,J995_ARC _B4_slice7-Ort.czi,adult,pomc,upper
99,12.0,1.5833333333333333,19.0,J995_ARC _B4_slice7-Ort.czi,adult,pomc,upper
100,23.0,1.5217391304347827,35.0,J995_ARC _B4_slice7-Ort.czi,adult,pomc,upper
101,3.0,2.0,6.0,J995_ARC _B4_slice7-Ort.czi,adult,pomc,upper
102,30.0,1.7,51.0,J995_ARC _B4_slice7-Ort.czi,adult,pomc,upper
103,48.0,1.5625,75.0,J995_ARC _B4_slice7-Ort.czi,adult,pomc,upper
104,1.0,2.0,2.0,J995_ARC _B4_slice7-Ort.czi,adult,pomc,upper
105,17.0,2.1176470588235294,36.0,J995_ARC _B4_slice7-Ort.czi,adult,pomc,upper
106,100.0,1.76,176.0,J995_ARC _B4_slice7-Ort.czi,adult,pomc,upper
107,8.0,1.5,12.0,J995_ARC _B4_slice7-Ort.czi,adult,pomc,upper
108,9.0,1.7777777777777777,16.0,J995_ARC _B4_slice7-Ort.czi,adult,pomc,upper
109,32.0,1.84375,59.0,J995_ARC _B4_slice7-Ort.czi,adult,pomc,upper
110,3.0,2.0,6.0,J995_ARC _B4_slice7-Ort.czi,adult,pomc,upper
111,4.0,0.75,3.0,J995_ARC _B4_slice7-Ort.czi,adult,pomc,upper
112,293.0,1.7679180887372015,518.0,J995_ARC _B4_slice7-Ort.czi,adult,pomc,upper
113,189.0,1.6613756613756614,314.0,J995_ARC _B4_slice7-Ort.czi,adult,pomc,upper
114,122.0,1.7540983606557377,214.0,J995_ARC _B4_slice7-Ort.czi,adult,pomc,upper
115,1.0,2.0,2.0,J995_ARC _B4_slice7-Ort.czi,adult,pomc,upper
116,1.0,1.0,1.0,J995_ARC _B4_slice7-Ort.czi,adult,pomc,upper
117,1.0,1.0,1.0,J995_ARC _B4_slice7-Ort.czi,adult,pomc,upper
118,21.0,1.7142857142857142,36.0,J995_ARC _B4_slice7-Ort.czi,adult,pomc,upper
119,11.0,2.5454545454545454,28.0,J995_ARC _B4_slice7-Ort.czi,adult,pomc,upper
120,20.0,1.9,38.0,J995_ARC _B4_slice7-Ort.czi,adult,pomc,upper
121,25.0,1.92,48.0,J995_ARC _B4_slice7-Ort.czi,adult,pomc,upper
122,12.0,1.8333333333333333,22.0,J995_ARC _B4_slice7-Ort.czi,adult,pomc,upper
123,3.0,1.6666666666666667,5.0,J995_ARC _B4_slice7-Ort.czi,adult,pomc,upper
124,45.0,1.6888888888888889,76.0,J995_ARC _B4_slice7-Ort.czi,adult,pomc,upper
125,752.0,1.9587765957446808,1473.0,J995_ARC _B4_slice7-Ort.czi,adult,pomc,upper
126,2.0,1.0,2.0,J995_ARC _B4_slice7-Ort.czi,adult,pomc,upper
127,6.0,1.5,9.0,J995_ARC _B4_slice7-Ort.czi,adult,pomc,upper
128,16.0,2.0625,33.0,J995_ARC _B4_slice7-Ort.czi,adult,pomc,upper
129,76.0,1.644736842105263,124.99999999999999,J995_ARC _B4_slice7-Ort.czi,adult,pomc,upper
130,17.0,1.7647058823529411,30.0,J995_ARC _B4_slice7-Ort.czi,adult,pomc,upper
131,30.0,1.8333333333333333,55.0,J995_ARC _B4_slice7-Ort.czi,adult,pomc,upper
132,5.0,1.8,9.0,J995_ARC _B4_slice7-Ort.czi,adult,pomc,upper
133,14.0,1.7857142857142858,25.0,J995_ARC _B4_slice7-Ort.czi,adult,pomc,upper
134,22.0,1.5,33.0,J995_ARC _B4_slice7-Ort.czi,adult,pomc,upper
135,1.0,1.0,1.0,J995_ARC _B4_slice7-Ort.czi,adult,pomc,upper
136,54.0,1.7037037037037037,92.0,J995_ARC _B4_slice7-Ort.czi,adult,pomc,upper
137,23.0,1.6521739130434783,38.0,J995_ARC _B4_slice7-Ort.czi,adult,pomc,upper
138,116.0,1.456896551724138,169.0,J995_ARC _B4_slice7-Ort.czi,adult,pomc,upper
139,11.0,1.8181818181818181,20.0,J995_ARC _B4_slice7-Ort.czi,adult,pomc,upper
140,22.0,2.0,44.0,J995_ARC _B4_slice7-Ort.czi,adult,pomc,upper
141,51.0,2.0588235294117645,104.99999999999999,J995_ARC _B4_slice7-Ort.czi,adult,pomc,upper
142,77.0,1.5454545454545454,119.0,J995_ARC _B4_slice7-Ort.czi,adult,pomc,upper
143,1.0,2.0,2.0,J995_ARC _B4_slice7-Ort.czi,adult,pomc,upper
144,30.0,2.1333333333333333,64.0,J995_ARC _B4_slice7-Ort.czi,adult,pomc,upper
145,50.0,2.38,119.0,J995_ARC _B4_slice7-Ort.czi,adult,pomc,upper
146,1.0,1.0,1.0,J995_ARC _B4_slice7-Ort.czi,adult,pomc,upper
147,20.0,2.25,45.0,J995_ARC _B4_slice7-Ort.czi,adult,pomc,upper
148,19.0,2.0,38.0,J995_ARC _B4_slice7-Ort.czi,adult,pomc,upper
149,28.0,1.6428571428571428,46.0,J995_ARC _B4_slice7-Ort.czi,adult,pomc,upper
150,5.0,1.2,6.0,J995_ARC _B4_slice7-Ort.czi,adult,pomc,upper
151,14.0,2.2142857142857144,31.0,J995_ARC _B4_slice7-Ort.czi,adult,pomc,upper
152,49.0,1.816326530612245,89.0,J995_ARC _B4_slice7-Ort.czi,adult,pomc,upper
153,55.0,1.690909090909091,93.0,J995_ARC _B4_slice7-Ort.czi,adult,pomc,upper
154,74.0,1.6891891891891893,125.0,J995_ARC _B4_slice7-Ort.czi,adult,pomc,upper
155,1061.0,1.7115928369462772,1816.0,J995_ARC _B4_slice7-Ort.czi,adult,pomc,upper
156,6.0,1.5,9.0,J995_ARC _B4_slice7-Ort.czi,adult,pomc,upper
157,5.0,1.6,8.0,J995_ARC _B4_slice7-Ort.czi,adult,pomc,upper
158,22.0,2.1363636363636362,47.0,J995_ARC _B4_slice7-Ort.czi,adult,pomc,upper
159,8.0,2.0,16.0,J995_ARC _B4_slice7-Ort.czi,adult,pomc,upper
160,52.0,1.6730769230769231,87.0,J995_ARC _B4_slice7-Ort.czi,adult,pomc,upper
161,25.0,2.04,51.0,J995_ARC _B4_slice7-Ort.czi,adult,pomc,upper
162,12.0,1.75,21.0,J995_ARC _B4_slice7-Ort.czi,adult,pomc,upper
163,165.0,1.8666666666666667,308.0,J995_ARC _B4_slice7-Ort.czi,adult,pomc,upper
164,1.0,2.0,2.0,J995_ARC _B4_slice7-Ort.czi,adult,pomc,upper
165,12.0,1.75,21.0,J995_ARC _B4_slice7-Ort.czi,adult,pomc,upper
166,1.0,1.0,1.0,J995_ARC _B4_slice7-Ort.czi,adult,pomc,upper
167,11.0,1.8181818181818181,20.0,J995_ARC _B4_slice7-Ort.czi,adult,pomc,upper
168,1.0,1.0,1.0,J995_ARC _B4_slice7-Ort.czi,adult,pomc,upper
169,14.0,1.8571428571428572,26.0,J995_ARC _B4_slice7-Ort.czi,adult,pomc,upper
170,3.0,2.3333333333333335,7.0,J995_ARC _B4_slice7-Ort.czi,adult,pomc,upper
171,41.0,2.5365853658536586,104.0,J995_ARC _B4_slice7-Ort.czi,adult,pomc,upper
172,14.0,1.8571428571428572,26.0,J995_ARC _B4_slice7-Ort.czi,adult,pomc,upper
173,1.0,2.0,2.0,J995_ARC _B4_slice7-Ort.czi,adult,pomc,upper
174,16.0,1.8125,29.0,J995_ARC _B4_slice7-Ort.czi,adult,pomc,upper
175,6.0,2.5,15.0,J995_ARC _B4_slice7-Ort.czi,adult,pomc,upper
176,366.0,1.5792349726775956,578.0,J995_ARC _B4_slice7-Ort.czi,adult,pomc,upper
177,13.0,1.5384615384615385,20.0,J995_ARC _B4_slice7-Ort.czi,adult,pomc,upper
178,32.0,1.71875,55.0,J995_ARC _B4_slice7-Ort.czi,adult,pomc,upper
179,50.0,1.66,83.0,J995_ARC _B4_slice7-Ort.czi,adult,pomc,upper
180,49.0,2.061224489795918,100.99999999999999,J995_ARC _B4_slice7-Ort.czi,adult,pomc,upper
181,66.0,2.5757575757575757,170.0,J995_ARC _B4_slice7-Ort.czi,adult,pomc,upper
182,82.0,1.7560975609756098,144.0,J995_ARC _B4_slice7-Ort.czi,adult,pomc,upper
183,715.0,1.593006993006993,1139.0,J995_ARC _B4_slice7-Ort.czi,adult,pomc,upper
184,12.0,1.75,21.0,J995_ARC _B4_slice7-Ort.czi,adult,pomc,upper
185,1.0,1.0,1.0,J995_ARC _B4_slice7-Ort.czi,adult,pomc,upper
186,2.0,1.0,2.0,J995_ARC _B4_slice7-Ort.czi,adult,pomc,upper
187,4.0,2.5,10.0,J995_ARC _B4_slice7-Ort.czi,adult,pomc,upper
188,400.0,1.565,626.0,J995_ARC _B4_slice7-Ort.czi,adult,pomc,upper
189,15.0,1.6666666666666667,25.0,J995_ARC _B4_slice7-Ort.czi,adult,pomc,upper
190,1.0,2.0,2.0,J995_ARC _B4_slice7-Ort.czi,adult,pomc,upper
191,74.0,1.7297297297297298,128.0,J995_ARC _B4_slice7-Ort.czi,adult,pomc,upper
192,7.0,2.0,14.0,J995_ARC _B4_slice7-Ort.czi,adult,pomc,upper
193,1.0,2.0,2.0,J995_ARC _B4_slice7-Ort.czi,adult,pomc,upper
194,16.0,1.6875,27.0,J995_ARC _B4_slice7-Ort.czi,adult,pomc,upper
195,5.0,1.8,9.0,J995_ARC _B4_slice7-Ort.czi,adult,pomc,upper
196,37.0,1.7027027027027026,63.0,J995_ARC _B4_slice7-Ort.czi,adult,pomc,upper
197,22.0,2.5454545454545454,56.0,J995_ARC _B4_slice7-Ort.czi,adult,pomc,upper
198,12.0,2.1666666666666665,26.0,J995_ARC _B4_slice7-Ort.czi,adult,pomc,upper
199,32.0,1.84375,59.0,J995_ARC _B4_slice7-Ort.czi,adult,pomc,upper
200,21.0,2.142857142857143,45.0,J995_ARC _B4_slice7-Ort.czi,adult,pomc,upper
201,4.0,1.75,7.0,J995_ARC _B4_slice7-Ort.czi,adult,pomc,upper
202,1.0,2.0,2.0,J995_ARC _B4_slice7-Ort.czi,adult,pomc,upper
203,1.0,1.0,1.0,J995_ARC _B4_slice7-Ort.czi,adult,pomc,upper
204,8.0,1.5,12.0,J995_ARC _B4_slice7-Ort.czi,adult,pomc,upper
205,22.0,1.5454545454545454,34.0,J995_ARC _B4_slice7-Ort.czi,adult,pomc,upper
206,41.0,1.7560975609756098,72.0,J995_ARC _B4_slice7-Ort.czi,adult,pomc,upper
207,4.0,1.25,5.0,J995_ARC _B4_slice7-Ort.czi,adult,pomc,upper
208,2.0,1.5,3.0,J995_ARC _B4_slice7-Ort.czi,adult,pomc,upper
209,1.0,1.0,1.0,J995_ARC _B4_slice7-Ort.czi,adult,pomc,upper
210,26.0,2.0384615384615383,53.0,J995_ARC _B4_slice7-Ort.czi,adult,pomc,upper
211,72.0,1.8194444444444444,131.0,J995_ARC _B4_slice7-Ort.czi,adult,pomc,upper
212,14.0,1.6428571428571428,23.0,J995_ARC _B4_slice7-Ort.czi,adult,pomc,upper
213,496.0,2.068548387096774,1026.0,J995_ARC _B4_slice7-Ort.czi,adult,pomc,upper
214,22.0,1.5909090909090908,35.0,J995_ARC _B4_slice7-Ort.czi,adult,pomc,upper
215,1.0,1.0,1.0,J995_ARC _B4_slice7-Ort.czi,adult,pomc,upper
216,308.0,1.8051948051948052,556.0,J995_ARC _B4_slice7-Ort.czi,adult,pomc,upper
217,13.0,1.9230769230769231,25.0,J995_ARC _B4_slice7-Ort.czi,adult,pomc,upper
218,9.0,1.5555555555555556,14.0,J995_ARC _B4_slice7-Ort.czi,adult,pomc,upper
219,433.0,1.5542725173210161,673.0,J995_ARC _B4_slice7-Ort.czi,adult,pomc,upper
220,5.0,1.6,8.0,J995_ARC _B4_slice7-Ort.czi,adult,pomc,upper
221,25.0,2.32,57.99999999999999,J995_ARC _B4_slice7-Ort.czi,adult,pomc,upper
222,12.0,2.4166666666666665,29.0,J995_ARC _B4_slice7-Ort.czi,adult,pomc,upper
223,6.0,1.5,9.0,J995_ARC _B4_slice7-Ort.czi,adult,pomc,upper
224,46.0,1.8478260869565217,85.0,J995_ARC _B4_slice7-Ort.czi,adult,pomc,upper
225,545.0,1.5853211009174313,864.0,J995_ARC _B4_slice7-Ort.czi,adult,pomc,upper
226,37.0,1.5675675675675675,58.0,J995_ARC _B4_slice7-Ort.czi,adult,pomc,upper
227,145.0,1.6275862068965516,236.0,J995_ARC _B4_slice7-Ort.czi,adult,pomc,upper
228,118.0,1.6355932203389831,193.0,J995_ARC _B4_slice7-Ort.czi,adult,pomc,upper
229,305.0,1.6098360655737705,491.0,J995_ARC _B4_slice7-Ort.czi,adult,pomc,upper
230,43.0,1.744186046511628,75.0,J995_ARC _B4_slice7-Ort.czi,adult,pomc,upper
231,78.0,1.9743589743589745,154.0,J995_ARC _B4_slice7-Ort.czi,adult,pomc,upper
232,51.0,1.607843137254902,82.0,J995_ARC _B4_slice7-Ort.czi,adult,pomc,upper
233,1.0,2.0,2.0,J995_ARC _B4_slice7-Ort.czi,adult,pomc,upper
234,1.0,2.0,2.0,J995_ARC _B4_slice7-Ort.czi,adult,pomc,upper
235,15.0,1.5333333333333334,23.0,J995_ARC _B4_slice7-Ort.czi,adult,pomc,upper
236,9.0,1.5555555555555556,14.0,J995_ARC _B4_slice7-Ort.czi,adult,pomc,upper
237,21.0,1.9523809523809523,41.0,J995_ARC _B4_slice7-Ort.czi,adult,pomc,upper
238,111.0,1.7837837837837838,198.0,J995_ARC _B4_slice7-Ort.czi,adult,pomc,upper
239,1.0,2.0,2.0,J995_ARC _B4_slice7-Ort.czi,adult,pomc,upper
240,16.0,2.0625,33.0,J995_ARC _B4_slice7-Ort.czi,adult,pomc,upper
241,20.0,1.6,32.0,J995_ARC _B4_slice7-Ort.czi,adult,pomc,upper
242,113.0,2.0442477876106193,230.99999999999997,J995_ARC _B4_slice7-Ort.czi,adult,pomc,upper
243,1.0,1.0,1.0,J995_ARC _B4_slice7-Ort.czi,adult,pomc,upper
244,99.0,1.9090909090909092,189.0,J995_ARC _B4_slice7-Ort.czi,adult,pomc,upper
245,9.0,1.6666666666666667,15.0,J995_ARC _B4_slice7-Ort.czi,adult,pomc,upper
246,14.0,1.5714285714285714,22.0,J995_ARC _B4_slice7-Ort.czi,adult,pomc,upper
247,4.0,1.75,7.0,J995_ARC _B4_slice7-Ort.czi,adult,pomc,upper
248,52.0,1.8653846153846154,97.0,J995_ARC _B4_slice7-Ort.czi,adult,pomc,upper
249,16.0,2.0,32.0,J995_ARC _B4_slice7-Ort.czi,adult,pomc,upper
250,1.0,2.0,2.0,J995_ARC _B4_slice7-Ort.czi,adult,pomc,upper
251,5.0,1.4,7.0,J995_ARC _B4_slice7-Ort.czi,adult,pomc,upper
252,22.0,1.7727272727272727,39.0,J995_ARC _B4_slice7-Ort.czi,adult,pomc,upper
253,27.0,1.8518518518518519,50.0,J995_ARC _B4_slice7-Ort.czi,adult,pomc,upper
254,3.0,1.6666666666666667,5.0,J995_ARC _B4_slice7-Ort.czi,adult,pomc,upper
255,64.0,1.578125,101.0,J995_ARC _B4_slice7-Ort.czi,adult,pomc,upper
256,6.0,1.6666666666666667,10.0,J995_ARC _B4_slice7-Ort.czi,adult,pomc,upper
257,2.0,0.5,1.0,J995_ARC _B4_slice7-Ort.czi,adult,pomc,upper
258,229.0,1.7729257641921397,406.0,J995_ARC _B4_slice7-Ort.czi,adult,pomc,upper
259,28.0,1.75,49.0,J995_ARC _B4_slice7-Ort.czi,adult,pomc,upper
260,14.0,1.7142857142857142,24.0,J995_ARC _B4_slice7-Ort.czi,adult,pomc,upper
261,25.0,1.6,40.0,J995_ARC _B4_slice7-Ort.czi,adult,pomc,upper
262,31.0,1.7741935483870968,55.0,J995_ARC _B4_slice7-Ort.czi,adult,pomc,upper
263,1.0,2.0,2.0,J995_ARC _B4_slice7-Ort.czi,adult,pomc,upper
264,20.0,1.7,34.0,J995_ARC _B4_slice7-Ort.czi,adult,pomc,upper
265,27.0,1.7777777777777777,48.0,J995_ARC _B4_slice7-Ort.czi,adult,pomc,upper
266,41.0,1.5853658536585367,65.0,J995_ARC _B4_slice7-Ort.czi,adult,pomc,upper
267,19.0,1.4736842105263157,28.0,J995_ARC _B4_slice7-Ort.czi,adult,pomc,upper
268,83.0,1.9759036144578312,164.0,J995_ARC _B4_slice7-Ort.czi,adult,pomc,upper
269,2.0,1.0,2.0,J995_ARC _B4_slice7-Ort.czi,adult,pomc,upper
270,195.0,1.882051282051282,367.0,J995_ARC _B4_slice7-Ort.czi,adult,pomc,upper
271,195.0,1.6102564102564103,314.0,J995_ARC _B4_slice7-Ort.czi,adult,pomc,upper
272,28.0,1.4642857142857142,41.0,J995_ARC _B4_slice7-Ort.czi,adult,pomc,upper
273,187.0,1.7005347593582887,318.0,J995_ARC _B4_slice7-Ort.czi,adult,pomc,upper
274,6.0,1.8333333333333333,11.0,J995_ARC _B4_slice7-Ort.czi,adult,pomc,upper
275,19.0,1.6842105263157894,32.0,J995_ARC _B4_slice7-Ort.czi,adult,pomc,upper
276,32.0,1.6875,54.0,J995_ARC _B4_slice7-Ort.czi,adult,pomc,upper
277,1.0,1.0,1.0,J995_ARC _B4_slice7-Ort.czi,adult,pomc,upper
278,3.0,1.6666666666666667,5.0,J995_ARC _B4_slice7-Ort.czi,adult,pomc,upper
279,1.0,1.0,1.0,J995_ARC _B4_slice7-Ort.czi,adult,pomc,upper
280,8.0,1.75,14.0,J995_ARC _B4_slice7-Ort.czi,adult,pomc,upper
281,1.0,2.0,2.0,J995_ARC _B4_slice7-Ort.czi,adult,pomc,upper
282,25.0,1.72,43.0,J995_ARC _B4_slice7-Ort.czi,adult,pomc,upper
283,18.0,1.7222222222222223,31.0,J995_ARC _B4_slice7-Ort.czi,adult,pomc,upper
284,12.0,1.5,18.0,J995_ARC _B4_slice7-Ort.czi,adult,pomc,upper
285,62.0,2.193548387096774,136.0,J995_ARC _B4_slice7-Ort.czi,adult,pomc,upper
286,7.0,2.142857142857143,15.0,J995_ARC _B4_slice7-Ort.czi,adult,pomc,upper
287,305.0,1.8459016393442622,563.0,J995_ARC _B4_slice7-Ort.czi,adult,pomc,upper
288,7.0,3.0,21.0,J995_ARC _B4_slice7-Ort.czi,adult,pomc,upper
289,31.0,1.7741935483870968,55.0,J995_ARC _B4_slice7-Ort.czi,adult,pomc,upper
290,53.0,1.8679245283018868,99.0,J995_ARC _B4_slice7-Ort.czi,adult,pomc,upper
291,32.0,2.15625,69.0,J995_ARC _B4_slice7-Ort.czi,adult,pomc,upper
292,68.0,1.7205882352941178,117.0,J995_ARC _B4_slice7-Ort.czi,adult,pomc,upper
293,19.0,1.9473684210526316,37.0,J995_ARC _B4_slice7-Ort.czi,adult,pomc,upper
294,27.0,1.7037037037037037,46.0,J995_ARC _B4_slice7-Ort.czi,adult,pomc,upper
295,94.0,1.851063829787234,174.0,J995_ARC _B4_slice7-Ort.czi,adult,pomc,upper
296,3.0,1.3333333333333333,4.0,J995_ARC _B4_slice7-Ort.czi,adult,pomc,upper
297,836.0,1.881578947368421,1573.0,J995_ARC _B4_slice7-Ort.czi,adult,pomc,upper
298,390.0,1.8102564102564103,706.0,J995_ARC _B4_slice7-Ort.czi,adult,pomc,upper
299,2.0,1.5,3.0,J995_ARC _B4_slice7-Ort.czi,adult,pomc,upper
300,34.0,1.4705882352941178,50.0,J995_ARC _B4_slice7-Ort.czi,adult,pomc,upper
301,82.0,2.0853658536585367,171.0,J995_ARC _B4_slice7-Ort.czi,adult,pomc,upper
302,1.0,2.0,2.0,J995_ARC _B4_slice7-Ort.czi,adult,pomc,upper
303,336.0,1.7678571428571428,594.0,J995_ARC _B4_slice7-Ort.czi,adult,pomc,upper
304,286.0,1.6643356643356644,476.0,J995_ARC _B4_slice7-Ort.czi,adult,pomc,upper
305,32.0,2.09375,67.0,J995_ARC _B4_slice7-Ort.czi,adult,pomc,upper
306,113.0,1.6371681415929205,185.0,J995_ARC _B4_slice7-Ort.czi,adult,pomc,upper
307,17.0,1.8823529411764706,32.0,J995_ARC _B4_slice7-Ort.czi,adult,pomc,upper
308,33.0,1.8484848484848484,61.0,J995_ARC _B4_slice7-Ort.czi,adult,pomc,upper
309,1.0,1.0,1.0,J995_ARC _B4_slice7-Ort.czi,adult,pomc,upper
310,2.0,2.5,5.0,J995_ARC _B4_slice7-Ort.czi,adult,pomc,upper
311,33.0,1.7878787878787878,59.0,J995_ARC _B4_slice7-Ort.czi,adult,pomc,upper
312,1.0,2.0,2.0,J995_ARC _B4_slice7-Ort.czi,adult,pomc,upper
313,1.0,2.0,2.0,J995_ARC _B4_slice7-Ort.czi,adult,pomc,upper
314,22.0,1.5,33.0,J995_ARC _B4_slice7-Ort.czi,adult,pomc,upper
315,336.0,1.7648809523809523,593.0,J995_ARC _B4_slice7-Ort.czi,adult,pomc,upper
316,1.0,2.0,2.0,J995_ARC _B4_slice7-Ort.czi,adult,pomc,upper
317,79.0,2.037974683544304,161.00000000000003,J995_ARC _B4_slice7-Ort.czi,adult,pomc,upper
318,20.0,1.9,38.0,J995_ARC _B4_slice7-Ort.czi,adult,pomc,upper
319,83.0,1.6626506024096386,138.0,J995_ARC _B4_slice7-Ort.czi,adult,pomc,upper
320,2849.0,1.9624429624429625,5591.0,J995_ARC _B4_slice7-Ort.czi,adult,pomc,upper
321,88.0,1.8181818181818181,160.0,J995_ARC _B4_slice7-Ort.czi,adult,pomc,upper
322,26.0,1.7692307692307692,46.0,J995_ARC _B4_slice7-Ort.czi,adult,pomc,upper
323,6.0,1.8333333333333333,11.0,J995_ARC _B4_slice7-Ort.czi,adult,pomc,upper
324,29.0,1.9655172413793103,57.0,J995_ARC _B4_slice7-Ort.czi,adult,pomc,upper
325,6.0,1.6666666666666667,10.0,J995_ARC _B4_slice7-Ort.czi,adult,pomc,upper
326,1.0,1.0,1.0,J995_ARC _B4_slice7-Ort.czi,adult,pomc,upper
327,5.0,2.0,10.0,J995_ARC _B4_slice7-Ort.czi,adult,pomc,upper
328,85.0,1.8470588235294119,157.0,J995_ARC _B4_slice7-Ort.czi,adult,pomc,upper
329,21.0,1.7619047619047619,37.0,J995_ARC _B4_slice7-Ort.czi,adult,pomc,upper
330,2.0,2.0,4.0,J995_ARC _B4_slice7-Ort.czi,adult,pomc,upper
331,17.0,1.588235294117647,27.0,J995_ARC _B4_slice7-Ort.czi,adult,pomc,upper
332,6.0,2.5,15.0,J995_ARC _B4_slice7-Ort.czi,adult,pomc,upper
333,1.0,2.0,2.0,J995_ARC _B4_slice7-Ort.czi,adult,pomc,upper
334,100.0,3.43,343.0,J995_ARC _B4_slice7-Ort.czi,adult,pomc,upper
335,10.0,1.6,16.0,J995_ARC _B4_slice7-Ort.czi,adult,pomc,upper
336,43.0,2.0,86.0,J995_ARC _B4_slice7-Ort.czi,adult,pomc,upper
337,15.0,1.6,24.0,J995_ARC _B4_slice7-Ort.czi,adult,pomc,upper
338,456.0,1.6008771929824561,730.0,J995_ARC _B4_slice7-Ort.czi,adult,pomc,upper
339,12.0,1.8333333333333333,22.0,J995_ARC _B4_slice7-Ort.czi,adult,pomc,upper
340,131.0,1.702290076335878,223.0,J995_ARC _B4_slice7-Ort.czi,adult,pomc,upper
341,299.0,1.7357859531772575,519.0,J995_ARC _B4_slice7-Ort.czi,adult,pomc,upper
342,18.0,3.0,54.0,J995_ARC _B4_slice7-Ort.czi,adult,pomc,upper
343,36.0,1.6944444444444444,61.0,J995_ARC _B4_slice7-Ort.czi,adult,pomc,upper
344,1.0,1.0,1.0,J995_ARC _B4_slice7-Ort.czi,adult,pomc,upper
345,79.0,2.0,158.0,J995_ARC _B4_slice7-Ort.czi,adult,pomc,upper
346,36.0,1.75,63.0,J995_ARC _B4_slice7-Ort.czi,adult,pomc,upper
347,51.0,1.5294117647058822,78.0,J995_ARC _B4_slice7-Ort.czi,adult,pomc,upper
348,3.0,1.6666666666666667,5.0,J995_ARC _B4_slice7-Ort.czi,adult,pomc,upper
349,64.0,1.59375,102.0,J995_ARC _B4_slice7-Ort.czi,adult,pomc,upper
350,3.0,1.6666666666666667,5.0,J995_ARC _B4_slice7-Ort.czi,adult,pomc,upper
351,739.0,1.6156968876860622,1194.0,J995_ARC _B4_slice7-Ort.czi,adult,pomc,upper
352,1.0,1.0,1.0,J995_ARC _B4_slice7-Ort.czi,adult,pomc,upper
353,985.0,1.9817258883248732,1952.0,J995_ARC _B4_slice7-Ort.czi,adult,pomc,upper
354,48.0,1.7916666666666667,86.0,J995_ARC _B4_slice7-Ort.czi,adult,pomc,upper
355,39.0,1.8974358974358974,74.0,J995_ARC _B4_slice7-Ort.czi,adult,pomc,upper
356,52.0,2.0384615384615383,106.0,J995_ARC _B4_slice7-Ort.czi,adult,pomc,upper
357,90.0,2.1444444444444444,193.0,J995_ARC _B4_slice7-Ort.czi,adult,pomc,upper
358,1.0,1.0,1.0,J995_ARC _B4_slice7-Ort.czi,adult,pomc,upper
359,64.0,1.65625,106.0,J995_ARC _B4_slice7-Ort.czi,adult,pomc,upper
360,17.0,1.7058823529411764,29.0,J995_ARC _B4_slice7-Ort.czi,adult,pomc,upper
361,38.0,1.5263157894736843,58.0,J995_ARC _B4_slice7-Ort.czi,adult,pomc,upper
362,20.0,2.15,43.0,J995_ARC _B4_slice7-Ort.czi,adult,pomc,upper
363,25.0,2.2,55.00000000000001,J995_ARC _B4_slice7-Ort.czi,adult,pomc,upper
364,12.0,2.0,24.0,J995_ARC _B4_slice7-Ort.czi,adult,pomc,upper
365,1.0,2.0,2.0,J995_ARC _B4_slice7-Ort.czi,adult,pomc,upper
366,127.0,1.6535433070866141,210.0,J995_ARC _B4_slice7-Ort.czi,adult,pomc,upper
367,29.0,1.9310344827586208,56.0,J995_ARC _B4_slice7-Ort.czi,adult,pomc,upper
368,21.0,2.0952380952380953,44.0,J995_ARC _B4_slice7-Ort.czi,adult,pomc,upper
369,29.0,1.8275862068965518,53.0,J995_ARC _B4_slice7-Ort.czi,adult,pomc,upper
370,5.0,2.0,10.0,J995_ARC _B4_slice7-Ort.czi,adult,pomc,upper
371,26.0,2.269230769230769,59.0,J995_ARC _B4_slice7-Ort.czi,adult,pomc,upper
372,39.0,1.794871794871795,70.0,J995_ARC _B4_slice7-Ort.czi,adult,pomc,upper
373,15.0,2.2666666666666666,34.0,J995_ARC _B4_slice7-Ort.czi,adult,pomc,upper
374,20.0,2.8,56.0,J995_ARC _B4_slice7-Ort.czi,adult,pomc,upper
375,15.0,1.6,24.0,J995_ARC _B4_slice7-Ort.czi,adult,pomc,upper
376,1.0,1.0,1.0,J995_ARC _B4_slice7-Ort.czi,adult,pomc,upper
377,46.0,1.826086956521739,84.0,J995_ARC _B4_slice7-Ort.czi,adult,pomc,upper
378,24.0,1.5416666666666667,37.0,J995_ARC _B4_slice7-Ort.czi,adult,pomc,upper
379,59.0,2.016949152542373,119.0,J995_ARC _B4_slice7-Ort.czi,adult,pomc,upper
380,2.0,1.0,2.0,J995_ARC _B4_slice7-Ort.czi,adult,pomc,upper
381,45.0,2.311111111111111,103.99999999999999,J995_ARC _B4_slice7-Ort.czi,adult,pomc,upper
382,3.0,1.3333333333333333,4.0,J995_ARC _B4_slice7-Ort.czi,adult,pomc,upper
383,9.0,2.111111111111111,19.0,J995_ARC _B4_slice7-Ort.czi,adult,pomc,upper
384,20.0,2.15,43.0,J995_ARC _B4_slice7-Ort.czi,adult,pomc,upper
385,1.0,3.0,3.0,J995_ARC _B4_slice7-Ort.czi,adult,pomc,upper
386,19.0,1.631578947368421,31.0,J995_ARC _B4_slice7-Ort.czi,adult,pomc,upper
387,1.0,1.0,1.0,J995_ARC _B4_slice7-Ort.czi,adult,pomc,upper
388,32.0,1.5625,50.0,J995_ARC _B4_slice7-Ort.czi,adult,pomc,upper
389,5.0,2.8,14.0,J995_ARC _B4_slice7-Ort.czi,adult,pomc,upper
390,1.0,3.0,3.0,J995_ARC _B4_slice7-Ort.czi,adult,pomc,upper
391,26.0,1.5769230769230769,41.0,J995_ARC _B4_slice7-Ort.czi,adult,pomc,upper
392,51.0,1.7254901960784315,88.0,J995_ARC _B4_slice7-Ort.czi,adult,pomc,upper
393,22.0,1.6363636363636365,36.0,J995_ARC _B4_slice7-Ort.czi,adult,pomc,upper
394,1.0,1.0,1.0,J995_ARC _B4_slice7-Ort.czi,adult,pomc,upper
395,21.0,2.380952380952381,50.0,J995_ARC _B4_slice7-Ort.czi,adult,pomc,upper
396,58.0,2.189655172413793,127.0,J995_ARC _B4_slice7-Ort.czi,adult,pomc,upper
397,10.0,2.7,27.0,J995_ARC _B4_slice7-Ort.czi,adult,pomc,upper
398,102.0,1.9607843137254901,200.0,J995_ARC _B4_slice7-Ort.czi,adult,pomc,upper
399,9.0,1.8888888888888888,17.0,J995_ARC _B4_slice7-Ort.czi,adult,pomc,upper
400,1.0,2.0,2.0,J995_ARC _B4_slice7-Ort.czi,adult,pomc,upper
401,5.0,1.6,8.0,J995_ARC _B4_slice7-Ort.czi,adult,pomc,upper
402,38.0,1.9473684210526316,74.0,J995_ARC _B4_slice7-Ort.czi,adult,pomc,upper
403,6.0,1.6666666666666667,10.0,J995_ARC _B4_slice7-Ort.czi,adult,pomc,upper
404,4.0,1.5,6.0,J995_ARC _B4_slice7-Ort.czi,adult,pomc,upper
405,1.0,1.0,1.0,J995_ARC _B4_slice7-Ort.czi,adult,pomc,upper
406,25.0,2.52,63.0,J995_ARC _B4_slice7-Ort.czi,adult,pomc,upper
407,1.0,2.0,2.0,J995_ARC _B4_slice7-Ort.czi,adult,pomc,upper
408,18.0,1.7222222222222223,31.0,J995_ARC _B4_slice7-Ort.czi,adult,pomc,upper
409,37.0,1.945945945945946,72.0,J995_ARC _B4_slice7-Ort.czi,adult,pomc,upper
410,10.0,1.7,17.0,J995_ARC _B4_slice7-Ort.czi,adult,pomc,upper
411,84.0,2.0476190476190474,172.0,J995_ARC _B4_slice7-Ort.czi,adult,pomc,upper
412,6.0,1.6666666666666667,10.0,J995_ARC _B4_slice7-Ort.czi,adult,pomc,upper
413,28.0,2.0357142857142856,57.0,J995_ARC _B4_slice7-Ort.czi,adult,pomc,upper
414,53.0,1.6037735849056605,85.0,J995_ARC _B4_slice7-Ort.czi,adult,pomc,upper
415,68.0,1.6176470588235294,110.0,J995_ARC _B4_slice7-Ort.czi,adult,pomc,upper
416,7.0,1.4285714285714286,10.0,J995_ARC _B4_slice7-Ort.czi,adult,pomc,upper
417,19.0,2.0,38.0,J995_ARC _B4_slice7-Ort.czi,adult,pomc,upper
418,108.0,1.8148148148148149,196.0,J995_ARC _B4_slice7-Ort.czi,adult,pomc,upper
419,40.0,1.95,78.0,J995_ARC _B4_slice7-Ort.czi,adult,pomc,upper
420,1.0,2.0,2.0,J995_ARC _B4_slice7-Ort.czi,adult,pomc,upper
421,2.0,1.0,2.0,J995_ARC _B4_slice7-Ort.czi,adult,pomc,upper
422,145.0,1.7655172413793103,256.0,J995_ARC _B4_slice7-Ort.czi,adult,pomc,upper
423,22.0,1.5454545454545454,34.0,J995_ARC _B4_slice7-Ort.czi,adult,pomc,upper
424,4.0,1.5,6.0,J995_ARC _B4_slice7-Ort.czi,adult,pomc,upper
425,1.0,2.0,2.0,J995_ARC _B4_slice7-Ort.czi,adult,pomc,upper
426,16.0,1.875,30.0,J995_ARC _B4_slice7-Ort.czi,adult,pomc,upper
427,110.0,1.7636363636363637,194.0,J995_ARC _B4_slice7-Ort.czi,adult,pomc,upper
428,1.0,1.0,1.0,J995_ARC _B4_slice7-Ort.czi,adult,pomc,upper
429,24.0,1.75,42.0,J995_ARC _B4_slice7-Ort.czi,adult,pomc,upper
430,72.0,2.013888888888889,145.0,J995_ARC _B4_slice7-Ort.czi,adult,pomc,upper
431,44.0,1.7045454545454546,75.0,J995_ARC _B4_slice7-Ort.czi,adult,pomc,upper
432,54.0,2.1296296296296298,115.0,J995_ARC _B4_slice7-Ort.czi,adult,pomc,upper
433,4.0,1.75,7.0,J995_ARC _B4_slice7-Ort.czi,adult,pomc,upper
434,16.0,2.1875,35.0,J995_ARC _B4_slice7-Ort.czi,adult,pomc,upper
435,33.0,1.7272727272727273,57.0,J995_ARC _B4_slice7-Ort.czi,adult,pomc,upper
436,19.0,1.736842105263158,33.0,J995_ARC _B4_slice7-Ort.czi,adult,pomc,upper
437,18.0,1.7777777777777777,32.0,J995_ARC _B4_slice7-Ort.czi,adult,pomc,upper
438,15.0,1.6666666666666667,25.0,J995_ARC _B4_slice7-Ort.czi,adult,pomc,upper
439,14.0,1.5,21.0,J995_ARC _B4_slice7-Ort.czi,adult,pomc,upper
440,54.0,1.9074074074074074,103.0,J995_ARC _B4_slice7-Ort.czi,adult,pomc,upper
441,47.0,1.8297872340425532,86.0,J995_ARC _B4_slice7-Ort.czi,adult,pomc,upper
442,4.0,2.0,8.0,J995_ARC _B4_slice7-Ort.czi,adult,pomc,upper
443,3.0,1.3333333333333333,4.0,J995_ARC _B4_slice7-Ort.czi,adult,pomc,upper
444,3485.0,1.9167862266857962,6680.0,J995_ARC _B4_slice7-Ort.czi,adult,pomc,upper
445,115.0,1.6521739130434783,190.0,J995_ARC _B4_slice7-Ort.czi,adult,pomc,upper
446,41.0,1.829268292682927,75.0,J995_ARC _B4_slice7-Ort.czi,adult,pomc,upper
447,10.0,1.5,15.0,J995_ARC _B4_slice7-Ort.czi,adult,pomc,upper
448,100.0,1.66,166.0,J995_ARC _B4_slice7-Ort.czi,adult,pomc,upper
449,4.0,1.25,5.0,J995_ARC _B4_slice7-Ort.czi,adult,pomc,upper
450,175.0,1.6228571428571428,284.0,J995_ARC _B4_slice7-Ort.czi,adult,pomc,upper
451,204.0,1.7205882352941178,351.0,J995_ARC _B4_slice7-Ort.czi,adult,pomc,upper
452,89.0,1.853932584269663,165.0,J995_ARC _B4_slice7-Ort.czi,adult,pomc,upper
453,64.0,1.609375,103.0,J995_ARC _B4_slice7-Ort.czi,adult,pomc,upper
454,36.0,1.75,63.0,J995_ARC _B4_slice7-Ort.czi,adult,pomc,upper
455,1.0,1.0,1.0,J995_ARC _B4_slice7-Ort.czi,adult,pomc,upper
456,4.0,1.25,5.0,J995_ARC _B4_slice7-Ort.czi,adult,pomc,upper
457,53.0,1.528301886792453,81.0,J995_ARC _B4_slice7-Ort.czi,adult,pomc,upper
458,17.0,1.7647058823529411,30.0,J995_ARC _B4_slice7-Ort.czi,adult,pomc,upper
459,36.0,1.6944444444444444,61.0,J995_ARC _B4_slice7-Ort.czi,adult,pomc,upper
460,4.0,1.0,4.0,J995_ARC _B4_slice7-Ort.czi,adult,pomc,upper
461,6.0,1.6666666666666667,10.0,J995_ARC _B4_slice7-Ort.czi,adult,pomc,upper
462,17.0,1.588235294117647,27.0,J995_ARC _B4_slice7-Ort.czi,adult,pomc,upper
463,90.0,2.011111111111111,181.0,J995_ARC _B4_slice7-Ort.czi,adult,pomc,upper
464,5.0,3.6,18.0,J995_ARC _B4_slice7-Ort.czi,adult,pomc,upper
465,1.0,2.0,2.0,J995_ARC _B4_slice7-Ort.czi,adult,pomc,upper
466,8.0,1.75,14.0,J995_ARC _B4_slice7-Ort.czi,adult,pomc,upper
467,22.0,1.7727272727272727,39.0,J995_ARC _B4_slice7-Ort.czi,adult,pomc,upper
468,1.0,2.0,2.0,J995_ARC _B4_slice7-Ort.czi,adult,pomc,upper
469,44.0,1.7954545454545454,79.0,J995_ARC _B4_slice7-Ort.czi,adult,pomc,upper
470,1.0,1.0,1.0,J995_ARC _B4_slice7-Ort.czi,adult,pomc,upper
471,6.0,1.8333333333333333,11.0,J995_ARC _B4_slice7-Ort.czi,adult,pomc,upper
472,29.0,1.6206896551724137,47.0,J995_ARC _B4_slice7-Ort.czi,adult,pomc,upper
473,2.0,1.5,3.0,J995_ARC _B4_slice7-Ort.czi,adult,pomc,upper
474,36.0,1.8611111111111112,67.0,J995_ARC _B4_slice7-Ort.czi,adult,pomc,upper
475,74.0,1.5810810810810811,117.0,J995_ARC _B4_slice7-Ort.czi,adult,pomc,upper
476,33.0,1.878787878787879,62.0,J995_ARC _B4_slice7-Ort.czi,adult,pomc,upper
477,19.0,1.7894736842105263,34.0,J995_ARC _B4_slice7-Ort.czi,adult,pomc,upper
478,18.0,1.6666666666666667,30.0,J995_ARC _B4_slice7-Ort.czi,adult,pomc,upper
479,23.0,1.5217391304347827,35.0,J995_ARC _B4_slice7-Ort.czi,adult,pomc,upper
480,105.0,1.6571428571428573,174.0,J995_ARC _B4_slice7-Ort.czi,adult,pomc,upper
481,1.0,1.0,1.0,J995_ARC _B4_slice7-Ort.czi,adult,pomc,upper
482,92.0,1.6521739130434783,152.0,J995_ARC _B4_slice7-Ort.czi,adult,pomc,upper
483,41357.0,1.549290325700607,64074.0,J995_ARC _B4_slice7-Ort.czi,adult,pomc,upper
484,60.0,1.5833333333333333,95.0,J995_ARC _B4_slice7-Ort.czi,adult,pomc,upper
485,20.0,1.55,31.0,J995_ARC _B4_slice7-Ort.czi,adult,pomc,upper
486,24.0,1.7916666666666667,43.0,J995_ARC _B4_slice7-Ort.czi,adult,pomc,upper
487,80.0,2.25,180.0,J995_ARC _B4_slice7-Ort.czi,adult,pomc,upper
488,45679.0,1.5813831301035486,72236.0,J995_ARC _B4_slice7-Ort.czi,adult,pomc,upper
489,205.0,1.7121951219512195,351.0,J995_ARC _B4_slice7-Ort.czi,adult,pomc,upper
490,35.0,1.8,63.0,J995_ARC _B4_slice7-Ort.czi,adult,pomc,upper
491,36.0,1.7777777777777777,64.0,J995_ARC _B4_slice7-Ort.czi,adult,pomc,upper
492,111.0,1.8108108108108107,201.0,J995_ARC _B4_slice7-Ort.czi,adult,pomc,upper
493,24.0,1.7916666666666667,43.0,J995_ARC _B4_slice7-Ort.czi,adult,pomc,upper
494,24.0,2.2916666666666665,55.0,J995_ARC _B4_slice7-Ort.czi,adult,pomc,upper
495,44.0,1.8181818181818181,80.0,J995_ARC _B4_slice7-Ort.czi,adult,pomc,upper
496,115.0,2.5478260869565217,293.0,J995_ARC _B4_slice7-Ort.czi,adult,pomc,upper
497,3.0,2.0,6.0,J995_ARC _B4_slice7-Ort.czi,adult,pomc,upper
498,4290.0,1.6836829836829836,7223.0,J995_ARC _B4_slice7-Ort.czi,adult,pomc,upper
499,5770.0,1.722530329289428,9939.0,J995_ARC _B4_slice7-Ort.czi,adult,pomc,upper
500,176.0,2.403409090909091,423.0,J995_ARC _B4_slice7-Ort.czi,adult,pomc,upper
501,12.0,2.4166666666666665,29.0,J995_ARC _B4_slice7-Ort.czi,adult,pomc,upper
502,46.0,1.6304347826086956,75.0,J995_ARC _B4_slice7-Ort.czi,adult,pomc,upper
503,3.0,1.6666666666666667,5.0,J995_ARC _B4_slice7-Ort.czi,adult,pomc,upper
504,1.0,2.0,2.0,J995_ARC _B4_slice7-Ort.czi,adult,pomc,upper
505,9.0,1.3333333333333333,12.0,J995_ARC _B4_slice7-Ort.czi,adult,pomc,upper
506,1428.0,1.7948179271708684,2563.0,J995_ARC _B4_slice7-Ort.czi,adult,pomc,upper
507,11.0,2.6363636363636362,29.0,J995_ARC _B4_slice7-Ort.czi,adult,pomc,upper
508,21.0,1.7619047619047619,37.0,J995_ARC _B4_slice7-Ort.czi,adult,pomc,upper
509,31.0,1.6451612903225807,51.0,J995_ARC _B4_slice7-Ort.czi,adult,pomc,upper
510,121.0,1.7107438016528926,207.0,J995_ARC _B4_slice7-Ort.czi,adult,pomc,upper
511,59.0,2.1186440677966103,125.00000000000001,J995_ARC _B4_slice7-Ort.czi,adult,pomc,upper
512,163.0,1.9263803680981595,314.0,J995_ARC _B4_slice7-Ort.czi,adult,pomc,upper
513,103.0,1.6699029126213591,172.0,J995_ARC _B4_slice7-Ort.czi,adult,pomc,upper
514,1.0,2.0,2.0,J995_ARC _B4_slice7-Ort.czi,adult,pomc,upper
515,59.0,1.5593220338983051,92.0,J995_ARC _B4_slice7-Ort.czi,adult,pomc,upper
516,5.0,2.4,12.0,J995_ARC _B4_slice7-Ort.czi,adult,pomc,upper
517,1.0,1.0,1.0,J995_ARC _B4_slice7-Ort.czi,adult,pomc,upper
518,69.0,1.9710144927536233,136.0,J995_ARC _B4_slice7-Ort.czi,adult,pomc,upper
519,204.0,1.7745098039215685,362.0,J995_ARC _B4_slice7-Ort.czi,adult,pomc,upper
520,3.0,1.6666666666666667,5.0,J995_ARC _B4_slice7-Ort.czi,adult,pomc,upper
521,53.0,1.7358490566037736,92.0,J995_ARC _B4_slice7-Ort.czi,adult,pomc,upper
522,479.0,1.6200417536534446,776.0,J995_ARC _B4_slice7-Ort.czi,adult,pomc,upper
523,80.0,2.225,178.0,J995_ARC _B4_slice7-Ort.czi,adult,pomc,upper
524,6.0,1.5,9.0,J995_ARC _B4_slice7-Ort.czi,adult,pomc,upper
525,2.0,1.0,2.0,J995_ARC _B4_slice7-Ort.czi,adult,pomc,upper
526,25.0,1.56,39.0,J995_ARC _B4_slice7-Ort.czi,adult,pomc,upper
527,48.0,2.0833333333333335,100.0,J995_ARC _B4_slice7-Ort.czi,adult,pomc,upper
528,27580.0,1.7941986947063089,49484.0,J995_ARC _B4_slice7-Ort.czi,adult,pomc,upper
529,47.0,1.9361702127659575,91.0,J995_ARC _B4_slice7-Ort.czi,adult,pomc,upper
530,96.0,1.6875,162.0,J995_ARC _B4_slice7-Ort.czi,adult,pomc,upper
531,1.0,2.0,2.0,J995_ARC _B4_slice7-Ort.czi,adult,pomc,upper
532,37.0,2.0,74.0,J995_ARC _B4_slice7-Ort.czi,adult,pomc,upper
533,85.0,2.3058823529411763,195.99999999999997,J995_ARC _B4_slice7-Ort.czi,adult,pomc,upper
534,177.0,1.8248587570621468,323.0,J995_ARC _B4_slice7-Ort.czi,adult,pomc,upper
535,34.0,1.8823529411764706,64.0,J995_ARC _B4_slice7-Ort.czi,adult,pomc,upper
536,16.0,1.5,24.0,J995_ARC _B4_slice7-Ort.czi,adult,pomc,upper
537,4.0,1.75,7.0,J995_ARC _B4_slice7-Ort.czi,adult,pomc,upper
538,83.0,1.6987951807228916,141.0,J995_ARC _B4_slice7-Ort.czi,adult,pomc,upper
539,32.0,2.0,64.0,J995_ARC _B4_slice7-Ort.czi,adult,pomc,upper
540,19.0,1.5263157894736843,29.0,J995_ARC _B4_slice7-Ort.czi,adult,pomc,upper
541,3.0,1.3333333333333333,4.0,J995_ARC _B4_slice7-Ort.czi,adult,pomc,upper
542,14.0,1.4285714285714286,20.0,J995_ARC _B4_slice7-Ort.czi,adult,pomc,upper
543,34.0,2.3529411764705883,80.0,J995_ARC _B4_slice7-Ort.czi,adult,pomc,upper
544,240.0,1.8375,441.0,J995_ARC _B4_slice7-Ort.czi,adult,pomc,upper
545,103.0,1.6796116504854368,173.0,J995_ARC _B4_slice7-Ort.czi,adult,pomc,upper
546,43.0,1.7209302325581395,74.0,J995_ARC _B4_slice7-Ort.czi,adult,pomc,upper
547,13.0,1.5384615384615385,20.0,J995_ARC _B4_slice7-Ort.czi,adult,pomc,upper
548,26745.0,1.6744064311086184,44782.0,J995_ARC _B4_slice7-Ort.czi,adult,pomc,upper
549,85.0,1.776470588235294,151.0,J995_ARC _B4_slice7-Ort.czi,adult,pomc,upper
550,18.0,2.0555555555555554,37.0,J995_ARC _B4_slice7-Ort.czi,adult,pomc,upper
551,26.0,1.5769230769230769,41.0,J995_ARC _B4_slice7-Ort.czi,adult,pomc,upper
552,17.0,1.588235294117647,27.0,J995_ARC _B4_slice7-Ort.czi,adult,pomc,upper
553,253.0,1.7233201581027668,436.0,J995_ARC _B4_slice7-Ort.czi,adult,pomc,upper
554,56.0,1.8392857142857142,103.0,J995_ARC _B4_slice7-Ort.czi,adult,pomc,upper
555,86.0,1.941860465116279,167.0,J995_ARC _B4_slice7-Ort.czi,adult,pomc,upper
556,19.0,2.1052631578947367,40.0,J995_ARC _B4_slice7-Ort.czi,adult,pomc,upper
557,25.0,1.76,44.0,J995_ARC _B4_slice7-Ort.czi,adult,pomc,upper
558,12.0,1.9166666666666667,23.0,J995_ARC _B4_slice7-Ort.czi,adult,pomc,upper
559,62.0,1.6612903225806452,103.0,J995_ARC _B4_slice7-Ort.czi,adult,pomc,upper
560,26.0,1.7692307692307692,46.0,J995_ARC _B4_slice7-Ort.czi,adult,pomc,upper
561,45.0,1.6888888888888889,76.0,J995_ARC _B4_slice7-Ort.czi,adult,pomc,upper
562,27.0,2.2962962962962963,62.0,J995_ARC _B4_slice7-Ort.czi,adult,pomc,upper
563,95.0,1.8105263157894738,172.0,J995_ARC _B4_slice7-Ort.czi,adult,pomc,upper
564,64.0,1.640625,105.0,J995_ARC _B4_slice7-Ort.czi,adult,pomc,upper
565,91.0,1.8571428571428572,169.0,J995_ARC _B4_slice7-Ort.czi,adult,pomc,upper
566,90.0,1.6555555555555554,149.0,J995_ARC _B4_slice7-Ort.czi,adult,pomc,upper
567,3.0,1.3333333333333333,4.0,J995_ARC _B4_slice7-Ort.czi,adult,pomc,upper
568,23.0,1.6521739130434783,38.0,J995_ARC _B4_slice7-Ort.czi,adult,pomc,upper
569,5.0,1.2,6.0,J995_ARC _B4_slice7-Ort.czi,adult,pomc,upper
570,89.0,1.8876404494382022,168.0,J995_ARC _B4_slice7-Ort.czi,adult,pomc,upper
571,227.0,1.9823788546255507,450.0,J995_ARC _B4_slice7-Ort.czi,adult,pomc,upper
572,115.0,1.7565217391304349,202.0,J995_ARC _B4_slice7-Ort.czi,adult,pomc,upper
573,42.0,1.9285714285714286,81.0,J995_ARC _B4_slice7-Ort.czi,adult,pomc,upper
574,13.0,1.4615384615384615,19.0,J995_ARC _B4_slice7-Ort.czi,adult,pomc,upper
575,226.0,1.6858407079646018,381.0,J995_ARC _B4_slice7-Ort.czi,adult,pomc,upper
576,26.0,1.6153846153846154,42.0,J995_ARC _B4_slice7-Ort.czi,adult,pomc,upper
577,13.0,1.7692307692307692,23.0,J995_ARC _B4_slice7-Ort.czi,adult,pomc,upper
578,7.0,1.4285714285714286,10.0,J995_ARC _B4_slice7-Ort.czi,adult,pomc,upper
579,204.0,1.857843137254902,379.0,J995_ARC _B4_slice7-Ort.czi,adult,pomc,upper
580,119.0,1.6890756302521008,201.0,J995_ARC _B4_slice7-Ort.czi,adult,pomc,upper
581,12.0,1.6666666666666667,20.0,J995_ARC _B4_slice7-Ort.czi,adult,pomc,upper
582,26.0,1.9230769230769231,50.0,J995_ARC _B4_slice7-Ort.czi,adult,pomc,upper
583,2576.0,1.5978260869565217,4116.0,J995_ARC _B4_slice7-Ort.czi,adult,pomc,upper
584,56.0,1.5535714285714286,87.0,J995_ARC _B4_slice7-Ort.czi,adult,pomc,upper
585,196.0,1.7346938775510203,340.0,J995_ARC _B4_slice7-Ort.czi,adult,pomc,upper
586,116.0,1.7241379310344827,200.0,J995_ARC _B4_slice7-Ort.czi,adult,pomc,upper
587,22.0,1.6818181818181819,37.0,J995_ARC _B4_slice7-Ort.czi,adult,pomc,upper
588,10.0,2.0,20.0,J995_ARC _B4_slice7-Ort.czi,adult,pomc,upper
589,3.0,2.3333333333333335,7.0,J995_ARC _B4_slice7-Ort.czi,adult,pomc,upper
590,120.0,1.9083333333333334,229.0,J995_ARC _B4_slice7-Ort.czi,adult,pomc,upper
591,22.0,1.9545454545454546,43.0,J995_ARC _B4_slice7-Ort.czi,adult,pomc,upper
592,9.0,2.2222222222222223,20.0,J995_ARC _B4_slice7-Ort.czi,adult,pomc,upper
593,33.0,1.5454545454545454,51.0,J995_ARC _B4_slice7-Ort.czi,adult,pomc,upper
594,45.0,1.8666666666666667,84.0,J995_ARC _B4_slice7-Ort.czi,adult,pomc,upper
595,19.0,1.894736842105263,36.0,J995_ARC _B4_slice7-Ort.czi,adult,pomc,upper
596,2.0,1.0,2.0,J995_ARC _B4_slice7-Ort.czi,adult,pomc,upper
597,86.0,2.488372093023256,214.0,J995_ARC _B4_slice7-Ort.czi,adult,pomc,upper
598,1642.0,1.5657734470158344,2571.0,J995_ARC _B4_slice7-Ort.czi,adult,pomc,upper
599,119.0,1.596638655462185,190.0,J995_ARC _B4_slice7-Ort.czi,adult,pomc,upper
600,27.0,1.5925925925925926,43.0,J995_ARC _B4_slice7-Ort.czi,adult,pomc,upper
601,16.0,1.75,28.0,J995_ARC _B4_slice7-Ort.czi,adult,pomc,upper
602,20.0,2.1,42.0,J995_ARC _B4_slice7-Ort.czi,adult,pomc,upper
603,25.0,1.76,44.0,J995_ARC _B4_slice7-Ort.czi,adult,pomc,upper
604,205.0,1.6195121951219513,332.0,J995_ARC _B4_slice7-Ort.czi,adult,pomc,upper
605,111.0,1.6216216216216217,180.0,J995_ARC _B4_slice7-Ort.czi,adult,pomc,upper
606,83.0,1.7469879518072289,145.0,J995_ARC _B4_slice7-Ort.czi,adult,pomc,upper
607,372.0,1.5591397849462365,580.0,J995_ARC _B4_slice7-Ort.czi,adult,pomc,upper
608,38.0,1.7894736842105263,68.0,J995_ARC _B4_slice7-Ort.czi,adult,pomc,upper
609,61.0,1.8688524590163935,114.0,J995_ARC _B4_slice7-Ort.czi,adult,pomc,upper
610,360.0,1.6833333333333333,606.0,J995_ARC _B4_slice7-Ort.czi,adult,pomc,upper
611,32.0,1.65625,53.0,J995_ARC _B4_slice7-Ort.czi,adult,pomc,upper
612,67.0,1.8208955223880596,122.0,J995_ARC _B4_slice7-Ort.czi,adult,pomc,upper
613,101.0,1.8217821782178218,184.0,J995_ARC _B4_slice7-Ort.czi,adult,pomc,upper
614,360.0,1.6083333333333334,579.0,J995_ARC _B4_slice7-Ort.czi,adult,pomc,upper
615,154.0,1.62987012987013,251.0,J995_ARC _B4_slice7-Ort.czi,adult,pomc,upper
616,143.0,1.7762237762237763,254.0,J995_ARC _B4_slice7-Ort.czi,adult,pomc,upper
617,38.0,2.026315789473684,77.0,J995_ARC _B4_slice7-Ort.czi,adult,pomc,upper
618,5.0,1.4,7.0,J995_ARC _B4_slice7-Ort.czi,adult,pomc,upper
619,71.0,2.1971830985915495,156.0,J995_ARC _B4_slice7-Ort.czi,adult,pomc,upper
620,95.0,1.768421052631579,168.0,J995_ARC _B4_slice7-Ort.czi,adult,pomc,upper
621,48.0,1.5833333333333333,76.0,J995_ARC _B4_slice7-Ort.czi,adult,pomc,upper
622,308.0,1.603896103896104,494.0,J995_ARC _B4_slice7-Ort.czi,adult,pomc,upper
623,184.0,1.858695652173913,342.0,J995_ARC _B4_slice7-Ort.czi,adult,pomc,upper
624,153.0,1.5490196078431373,237.0,J995_ARC _B4_slice7-Ort.czi,adult,pomc,upper
625,122.0,1.7622950819672132,215.0,J995_ARC _B4_slice7-Ort.czi,adult,pomc,upper
626,47.0,1.872340425531915,88.0,J995_ARC _B4_slice7-Ort.czi,adult,pomc,upper
627,7.0,1.7142857142857142,12.0,J995_ARC _B4_slice7-Ort.czi,adult,pomc,upper
628,36.0,1.7777777777777777,64.0,J995_ARC _B4_slice7-Ort.czi,adult,pomc,upper
629,39.0,2.051282051282051,80.0,J995_ARC _B4_slice7-Ort.czi,adult,pomc,upper
630,35.0,1.4285714285714286,50.0,J995_ARC _B4_slice7-Ort.czi,adult,pomc,upper
631,56.0,1.6428571428571428,92.0,J995_ARC _B4_slice7-Ort.czi,adult,pomc,upper
632,63.0,1.8253968253968254,115.0,J995_ARC _B4_slice7-Ort.czi,adult,pomc,upper
633,3.0,1.3333333333333333,4.0,J995_ARC _B4_slice7-Ort.czi,adult,pomc,upper
634,78.0,1.9871794871794872,155.0,J995_ARC _B4_slice7-Ort.czi,adult,pomc,upper
635,219.0,1.8584474885844748,407.0,J995_ARC _B4_slice7-Ort.czi,adult,pomc,upper
1,64.0,2.21875,142.0,J995_ARC_xxx_slice1-Ort.czi,adult,pomc,upper
2,16.0,2.375,38.0,J995_ARC_xxx_slice1-Ort.czi,adult,pomc,upper
3,243.0,1.786008230452675,434.0,J995_ARC_xxx_slice1-Ort.czi,adult,pomc,upper
4,4.0,1.75,7.0,J995_ARC_xxx_slice1-Ort.czi,adult,pomc,upper
5,48.0,1.875,90.0,J995_ARC_xxx_slice1-Ort.czi,adult,pomc,upper
6,41.0,1.6829268292682926,69.0,J995_ARC_xxx_slice1-Ort.czi,adult,pomc,upper
7,6.0,1.6666666666666667,10.0,J995_ARC_xxx_slice1-Ort.czi,adult,pomc,upper
8,9.0,1.3333333333333333,12.0,J995_ARC_xxx_slice1-Ort.czi,adult,pomc,upper
9,1.0,2.0,2.0,J995_ARC_xxx_slice1-Ort.czi,adult,pomc,upper
10,82.0,1.7804878048780488,146.0,J995_ARC_xxx_slice1-Ort.czi,adult,pomc,upper
11,9.0,1.8888888888888888,17.0,J995_ARC_xxx_slice1-Ort.czi,adult,pomc,upper
12,1.0,2.0,2.0,J995_ARC_xxx_slice1-Ort.czi,adult,pomc,upper
13,26.0,1.5769230769230769,41.0,J995_ARC_xxx_slice1-Ort.czi,adult,pomc,upper
14,1.0,3.0,3.0,J995_ARC_xxx_slice1-Ort.czi,adult,pomc,upper
15,6.0,2.1666666666666665,13.0,J995_ARC_xxx_slice1-Ort.czi,adult,pomc,upper
16,2.0,0.5,1.0,J995_ARC_xxx_slice1-Ort.czi,adult,pomc,upper
17,1.0,1.0,1.0,J995_ARC_xxx_slice1-Ort.czi,adult,pomc,upper
18,43.0,1.7674418604651163,76.0,J995_ARC_xxx_slice1-Ort.czi,adult,pomc,upper
19,20.0,1.65,33.0,J995_ARC_xxx_slice1-Ort.czi,adult,pomc,upper
20,40.0,1.675,67.0,J995_ARC_xxx_slice1-Ort.czi,adult,pomc,upper
21,50.0,1.68,84.0,J995_ARC_xxx_slice1-Ort.czi,adult,pomc,upper
22,2.0,1.0,2.0,J995_ARC_xxx_slice1-Ort.czi,adult,pomc,upper
23,47.0,2.276595744680851,107.0,J995_ARC_xxx_slice1-Ort.czi,adult,pomc,upper
24,49.0,1.836734693877551,90.0,J995_ARC_xxx_slice1-Ort.czi,adult,pomc,upper
25,194.0,2.0412371134020617,396.0,J995_ARC_xxx_slice1-Ort.czi,adult,pomc,upper
26,28.0,1.8214285714285714,51.0,J995_ARC_xxx_slice1-Ort.czi,adult,pomc,upper
27,12.0,1.6666666666666667,20.0,J995_ARC_xxx_slice1-Ort.czi,adult,pomc,upper
28,1.0,0.0,0.0,J995_ARC_xxx_slice1-Ort.czi,adult,pomc,upper
29,10.0,1.7,17.0,J995_ARC_xxx_slice1-Ort.czi,adult,pomc,upper
30,1.0,2.0,2.0,J995_ARC_xxx_slice1-Ort.czi,adult,pomc,upper
31,16.0,1.625,26.0,J995_ARC_xxx_slice1-Ort.czi,adult,pomc,upper
32,60.0,1.6333333333333333,98.0,J995_ARC_xxx_slice1-Ort.czi,adult,pomc,upper
33,1.0,1.0,1.0,J995_ARC_xxx_slice1-Ort.czi,adult,pomc,upper
34,223.0,1.6905829596412556,377.0,J995_ARC_xxx_slice1-Ort.czi,adult,pomc,upper
35,1.0,3.0,3.0,J995_ARC_xxx_slice1-Ort.czi,adult,pomc,upper
36,6.0,2.0,12.0,J995_ARC_xxx_slice1-Ort.czi,adult,pomc,upper
37,21.0,1.619047619047619,34.0,J995_ARC_xxx_slice1-Ort.czi,adult,pomc,upper
38,11.0,1.9090909090909092,21.0,J995_ARC_xxx_slice1-Ort.czi,adult,pomc,upper
39,1.0,0.0,0.0,J995_ARC_xxx_slice1-Ort.czi,adult,pomc,upper
40,1.0,1.0,1.0,J995_ARC_xxx_slice1-Ort.czi,adult,pomc,upper
41,42.0,1.6666666666666667,70.0,J995_ARC_xxx_slice1-Ort.czi,adult,pomc,upper
42,39.0,1.8717948717948718,73.0,J995_ARC_xxx_slice1-Ort.czi,adult,pomc,upper
43,128.0,1.90625,244.0,J995_ARC_xxx_slice1-Ort.czi,adult,pomc,upper
44,16.0,3.5625,57.0,J995_ARC_xxx_slice1-Ort.czi,adult,pomc,upper
45,5.0,1.4,7.0,J995_ARC_xxx_slice1-Ort.czi,adult,pomc,upper
46,3.0,2.3333333333333335,7.0,J995_ARC_xxx_slice1-Ort.czi,adult,pomc,upper
47,12.0,2.5,30.0,J995_ARC_xxx_slice1-Ort.czi,adult,pomc,upper
48,43.0,2.186046511627907,94.0,J995_ARC_xxx_slice1-Ort.czi,adult,pomc,upper
49,1.0,2.0,2.0,J995_ARC_xxx_slice1-Ort.czi,adult,pomc,upper
50,1.0,1.0,1.0,J995_ARC_xxx_slice1-Ort.czi,adult,pomc,upper
51,3315.0,1.9248868778280543,6381.0,J995_ARC_xxx_slice1-Ort.czi,adult,pomc,upper
52,63.0,1.5396825396825398,97.0,J995_ARC_xxx_slice1-Ort.czi,adult,pomc,upper
53,19.0,2.6842105263157894,51.0,J995_ARC_xxx_slice1-Ort.czi,adult,pomc,upper
54,25.0,1.84,46.0,J995_ARC_xxx_slice1-Ort.czi,adult,pomc,upper
55,40.0,2.35,94.0,J995_ARC_xxx_slice1-Ort.czi,adult,pomc,upper
56,67.0,1.7014925373134329,114.0,J995_ARC_xxx_slice1-Ort.czi,adult,pomc,upper
57,26.0,1.8076923076923077,47.0,J995_ARC_xxx_slice1-Ort.czi,adult,pomc,upper
58,6.0,1.5,9.0,J995_ARC_xxx_slice1-Ort.czi,adult,pomc,upper
59,1.0,4.0,4.0,J995_ARC_xxx_slice1-Ort.czi,adult,pomc,upper
60,36.0,1.7777777777777777,64.0,J995_ARC_xxx_slice1-Ort.czi,adult,pomc,upper
61,7.0,2.142857142857143,15.0,J995_ARC_xxx_slice1-Ort.czi,adult,pomc,upper
62,6.0,0.8333333333333334,5.0,J995_ARC_xxx_slice1-Ort.czi,adult,pomc,upper
63,84.0,2.261904761904762,190.0,J995_ARC_xxx_slice1-Ort.czi,adult,pomc,upper
64,59.0,1.847457627118644,109.0,J995_ARC_xxx_slice1-Ort.czi,adult,pomc,upper
65,91.0,1.945054945054945,177.0,J995_ARC_xxx_slice1-Ort.czi,adult,pomc,upper
66,36.0,1.9444444444444444,70.0,J995_ARC_xxx_slice1-Ort.czi,adult,pomc,upper
67,13.0,1.4615384615384615,19.0,J995_ARC_xxx_slice1-Ort.czi,adult,pomc,upper
68,264.0,2.768939393939394,731.0,J995_ARC_xxx_slice1-Ort.czi,adult,pomc,upper
69,26.0,2.230769230769231,58.0,J995_ARC_xxx_slice1-Ort.czi,adult,pomc,upper
70,1.0,1.0,1.0,J995_ARC_xxx_slice1-Ort.czi,adult,pomc,upper
71,35.0,1.8857142857142857,66.0,J995_ARC_xxx_slice1-Ort.czi,adult,pomc,upper
72,2739.0,1.9861263234757212,5440.0,J995_ARC_xxx_slice1-Ort.czi,adult,pomc,upper
73,4.0,1.25,5.0,J995_ARC_xxx_slice1-Ort.czi,adult,pomc,upper
74,18.0,1.9444444444444444,35.0,J995_ARC_xxx_slice1-Ort.czi,adult,pomc,upper
75,14.0,1.8571428571428572,26.0,J995_ARC_xxx_slice1-Ort.czi,adult,pomc,upper
76,1.0,2.0,2.0,J995_ARC_xxx_slice1-Ort.czi,adult,pomc,upper
77,1.0,1.0,1.0,J995_ARC_xxx_slice1-Ort.czi,adult,pomc,upper
78,2.0,1.5,3.0,J995_ARC_xxx_slice1-Ort.czi,adult,pomc,upper
79,1.0,1.0,1.0,J995_ARC_xxx_slice1-Ort.czi,adult,pomc,upper
80,19.0,1.8421052631578947,35.0,J995_ARC_xxx_slice1-Ort.czi,adult,pomc,upper
81,18.0,1.7777777777777777,32.0,J995_ARC_xxx_slice1-Ort.czi,adult,pomc,upper
82,27.0,2.185185185185185,59.0,J995_ARC_xxx_slice1-Ort.czi,adult,pomc,upper
83,5.0,2.8,14.0,J995_ARC_xxx_slice1-Ort.czi,adult,pomc,upper
84,3.0,1.3333333333333333,4.0,J995_ARC_xxx_slice1-Ort.czi,adult,pomc,upper
85,1.0,2.0,2.0,J995_ARC_xxx_slice1-Ort.czi,adult,pomc,upper
86,4.0,1.75,7.0,J995_ARC_xxx_slice1-Ort.czi,adult,pomc,upper
87,8.0,1.625,13.0,J995_ARC_xxx_slice1-Ort.czi,adult,pomc,upper
88,1.0,1.0,1.0,J995_ARC_xxx_slice1-Ort.czi,adult,pomc,upper
89,4.0,1.25,5.0,J995_ARC_xxx_slice1-Ort.czi,adult,pomc,upper
90,1.0,1.0,1.0,J995_ARC_xxx_slice1-Ort.czi,adult,pomc,upper
91,150.0,2.0733333333333333,311.0,J995_ARC_xxx_slice1-Ort.czi,adult,pomc,upper
92,85.0,1.9764705882352942,168.0,J995_ARC_xxx_slice1-Ort.czi,adult,pomc,upper
93,1.0,3.0,3.0,J995_ARC_xxx_slice1-Ort.czi,adult,pomc,upper
94,85.0,2.0588235294117645,174.99999999999997,J995_ARC_xxx_slice1-Ort.czi,adult,pomc,upper
95,13.0,1.9230769230769231,25.0,J995_ARC_xxx_slice1-Ort.czi,adult,pomc,upper
96,3.0,2.3333333333333335,7.0,J995_ARC_xxx_slice1-Ort.czi,adult,pomc,upper
97,25.0,1.8,45.0,J995_ARC_xxx_slice1-Ort.czi,adult,pomc,upper
98,480.0,1.9,912.0,J995_ARC_xxx_slice1-Ort.czi,adult,pomc,upper
99,14.0,1.8571428571428572,26.0,J995_ARC_xxx_slice1-Ort.czi,adult,pomc,upper
100,17.0,1.9411764705882353,33.0,J995_ARC_xxx_slice1-Ort.czi,adult,pomc,upper
101,4.0,1.0,4.0,J995_ARC_xxx_slice1-Ort.czi,adult,pomc,upper
102,10.0,2.3,23.0,J995_ARC_xxx_slice1-Ort.czi,adult,pomc,upper
103,21.0,1.5238095238095237,32.0,J995_ARC_xxx_slice1-Ort.czi,adult,pomc,upper
104,2.0,1.0,2.0,J995_ARC_xxx_slice1-Ort.czi,adult,pomc,upper
105,4.0,2.0,8.0,J995_ARC_xxx_slice1-Ort.czi,adult,pomc,upper
106,1.0,2.0,2.0,J995_ARC_xxx_slice1-Ort.czi,adult,pomc,upper
107,16.0,1.9375,31.0,J995_ARC_xxx_slice1-Ort.czi,adult,pomc,upper
108,8.0,1.625,13.0,J995_ARC_xxx_slice1-Ort.czi,adult,pomc,upper
109,3.0,1.0,3.0,J995_ARC_xxx_slice1-Ort.czi,adult,pomc,upper
110,2.0,1.5,3.0,J995_ARC_xxx_slice1-Ort.czi,adult,pomc,upper
111,3.0,2.3333333333333335,7.0,J995_ARC_xxx_slice1-Ort.czi,adult,pomc,upper
112,39.0,1.794871794871795,70.0,J995_ARC_xxx_slice1-Ort.czi,adult,pomc,upper
113,68.0,2.6029411764705883,177.0,J995_ARC_xxx_slice1-Ort.czi,adult,pomc,upper
114,28.0,2.0,56.0,J995_ARC_xxx_slice1-Ort.czi,adult,pomc,upper
115,23.0,1.5217391304347827,35.0,J995_ARC_xxx_slice1-Ort.czi,adult,pomc,upper
116,28.0,1.5,42.0,J995_ARC_xxx_slice1-Ort.czi,adult,pomc,upper
117,50.0,1.8,90.0,J995_ARC_xxx_slice1-Ort.czi,adult,pomc,upper
118,5.0,1.8,9.0,J995_ARC_xxx_slice1-Ort.czi,adult,pomc,upper
119,17.0,1.9411764705882353,33.0,J995_ARC_xxx_slice1-Ort.czi,adult,pomc,upper
120,10.0,2.2,22.0,J995_ARC_xxx_slice1-Ort.czi,adult,pomc,upper
121,15.0,2.2,33.0,J995_ARC_xxx_slice1-Ort.czi,adult,pomc,upper
122,1.0,1.0,1.0,J995_ARC_xxx_slice1-Ort.czi,adult,pomc,upper
123,5.0,1.6,8.0,J995_ARC_xxx_slice1-Ort.czi,adult,pomc,upper
124,1.0,1.0,1.0,J995_ARC_xxx_slice1-Ort.czi,adult,pomc,upper
125,3229.0,1.9210281820997213,6203.0,J995_ARC_xxx_slice1-Ort.czi,adult,pomc,upper
126,473.0,2.9133192389006344,1378.0,J995_ARC_xxx_slice1-Ort.czi,adult,pomc,upper
127,2.0,2.5,5.0,J995_ARC_xxx_slice1-Ort.czi,adult,pomc,upper
128,102.0,1.7156862745098038,175.0,J995_ARC_xxx_slice1-Ort.czi,adult,pomc,upper
129,24.0,2.7083333333333335,65.0,J995_ARC_xxx_slice1-Ort.czi,adult,pomc,upper
130,14.0,1.3571428571428572,19.0,J995_ARC_xxx_slice1-Ort.czi,adult,pomc,upper
131,3.0,1.3333333333333333,4.0,J995_ARC_xxx_slice1-Ort.czi,adult,pomc,upper
132,24.0,1.9583333333333333,47.0,J995_ARC_xxx_slice1-Ort.czi,adult,pomc,upper
133,91.0,1.7582417582417582,160.0,J995_ARC_xxx_slice1-Ort.czi,adult,pomc,upper
134,2.0,0.5,1.0,J995_ARC_xxx_slice1-Ort.czi,adult,pomc,upper
135,8.0,1.25,10.0,J995_ARC_xxx_slice1-Ort.czi,adult,pomc,upper
136,86.0,2.1511627906976742,184.99999999999997,J995_ARC_xxx_slice1-Ort.czi,adult,pomc,upper
137,3.0,2.3333333333333335,7.0,J995_ARC_xxx_slice1-Ort.czi,adult,pomc,upper
138,1.0,2.0,2.0,J995_ARC_xxx_slice1-Ort.czi,adult,pomc,upper
139,1.0,1.0,1.0,J995_ARC_xxx_slice1-Ort.czi,adult,pomc,upper
140,1.0,1.0,1.0,J995_ARC_xxx_slice1-Ort.czi,adult,pomc,upper
141,3.0,1.3333333333333333,4.0,J995_ARC_xxx_slice1-Ort.czi,adult,pomc,upper
142,3.0,2.0,6.0,J995_ARC_xxx_slice1-Ort.czi,adult,pomc,upper
143,155.0,1.761290322580645,273.0,J995_ARC_xxx_slice1-Ort.czi,adult,pomc,upper
144,8.0,2.125,17.0,J995_ARC_xxx_slice1-Ort.czi,adult,pomc,upper
145,6.0,2.0,12.0,J995_ARC_xxx_slice1-Ort.czi,adult,pomc,upper
146,1671.0,1.9323758228605625,3229.0,J995_ARC_xxx_slice1-Ort.czi,adult,pomc,upper
147,24.0,2.2083333333333335,53.0,J995_ARC_xxx_slice1-Ort.czi,adult,pomc,upper
148,1.0,2.0,2.0,J995_ARC_xxx_slice1-Ort.czi,adult,pomc,upper
149,16.0,1.5,24.0,J995_ARC_xxx_slice1-Ort.czi,adult,pomc,upper
150,21.0,2.2857142857142856,48.0,J995_ARC_xxx_slice1-Ort.czi,adult,pomc,upper
151,13.0,1.3076923076923077,17.0,J995_ARC_xxx_slice1-Ort.czi,adult,pomc,upper
152,101.0,1.702970297029703,172.0,J995_ARC_xxx_slice1-Ort.czi,adult,pomc,upper
153,3.0,4.666666666666667,14.0,J995_ARC_xxx_slice1-Ort.czi,adult,pomc,upper
154,1.0,3.0,3.0,J995_ARC_xxx_slice1-Ort.czi,adult,pomc,upper
155,30.0,1.6,48.0,J995_ARC_xxx_slice1-Ort.czi,adult,pomc,upper
156,3.0,2.3333333333333335,7.0,J995_ARC_xxx_slice1-Ort.czi,adult,pomc,upper
157,2.0,1.0,2.0,J995_ARC_xxx_slice1-Ort.czi,adult,pomc,upper
158,29.0,2.5517241379310347,74.0,J995_ARC_xxx_slice1-Ort.czi,adult,pomc,upper
159,1.0,0.0,0.0,J995_ARC_xxx_slice1-Ort.czi,adult,pomc,upper
160,10.0,1.9,19.0,J995_ARC_xxx_slice1-Ort.czi,adult,pomc,upper
161,3.0,1.3333333333333333,4.0,J995_ARC_xxx_slice1-Ort.czi,adult,pomc,upper
162,139.0,2.4100719424460433,335.0,J995_ARC_xxx_slice1-Ort.czi,adult,pomc,upper
163,4.0,2.0,8.0,J995_ARC_xxx_slice1-Ort.czi,adult,pomc,upper
164,22.0,1.6818181818181819,37.0,J995_ARC_xxx_slice1-Ort.czi,adult,pomc,upper
165,1.0,3.0,3.0,J995_ARC_xxx_slice1-Ort.czi,adult,pomc,upper
166,16.0,1.875,30.0,J995_ARC_xxx_slice1-Ort.czi,adult,pomc,upper
167,1.0,4.0,4.0,J995_ARC_xxx_slice1-Ort.czi,adult,pomc,upper
168,26.0,1.4615384615384615,38.0,J995_ARC_xxx_slice1-Ort.czi,adult,pomc,upper
169,14.0,1.4285714285714286,20.0,J995_ARC_xxx_slice1-Ort.czi,adult,pomc,upper
170,1.0,2.0,2.0,J995_ARC_xxx_slice1-Ort.czi,adult,pomc,upper
171,3.0,1.6666666666666667,5.0,J995_ARC_xxx_slice1-Ort.czi,adult,pomc,upper
172,15.0,1.3333333333333333,20.0,J995_ARC_xxx_slice1-Ort.czi,adult,pomc,upper
173,2494.0,1.9550922213311948,4876.0,J995_ARC_xxx_slice1-Ort.czi,adult,pomc,upper
174,14.0,1.7142857142857142,24.0,J995_ARC_xxx_slice1-Ort.czi,adult,pomc,upper
175,1.0,2.0,2.0,J995_ARC_xxx_slice1-Ort.czi,adult,pomc,upper
176,6.0,1.6666666666666667,10.0,J995_ARC_xxx_slice1-Ort.czi,adult,pomc,upper
177,16.0,2.125,34.0,J995_ARC_xxx_slice1-Ort.czi,adult,pomc,upper
178,19.0,1.4736842105263157,28.0,J995_ARC_xxx_slice1-Ort.czi,adult,pomc,upper
179,19.0,2.263157894736842,43.0,J995_ARC_xxx_slice1-Ort.czi,adult,pomc,upper
180,3.0,2.0,6.0,J995_ARC_xxx_slice1-Ort.czi,adult,pomc,upper
181,1.0,1.0,1.0,J995_ARC_xxx_slice1-Ort.czi,adult,pomc,upper
182,1.0,1.0,1.0,J995_ARC_xxx_slice1-Ort.czi,adult,pomc,upper
183,3.0,1.6666666666666667,5.0,J995_ARC_xxx_slice1-Ort.czi,adult,pomc,upper
184,2.0,2.5,5.0,J995_ARC_xxx_slice1-Ort.czi,adult,pomc,upper
185,65.0,1.7846153846153847,116.0,J995_ARC_xxx_slice1-Ort.czi,adult,pomc,upper
186,13.0,1.6923076923076923,22.0,J995_ARC_xxx_slice1-Ort.czi,adult,pomc,upper
187,5.0,2.0,10.0,J995_ARC_xxx_slice1-Ort.czi,adult,pomc,upper
188,41.0,1.6097560975609757,66.0,J995_ARC_xxx_slice1-Ort.czi,adult,pomc,upper
189,6.0,1.5,9.0,J995_ARC_xxx_slice1-Ort.czi,adult,pomc,upper
190,16.0,1.3125,21.0,J995_ARC_xxx_slice1-Ort.czi,adult,pomc,upper
191,61.0,1.5737704918032787,96.0,J995_ARC_xxx_slice1-Ort.czi,adult,pomc,upper
192,12.0,1.1666666666666667,14.0,J995_ARC_xxx_slice1-Ort.czi,adult,pomc,upper
193,6.0,0.8333333333333334,5.0,J995_ARC_xxx_slice1-Ort.czi,adult,pomc,upper
194,15.0,1.6666666666666667,25.0,J995_ARC_xxx_slice1-Ort.czi,adult,pomc,upper
195,36.0,2.1666666666666665,78.0,J995_ARC_xxx_slice1-Ort.czi,adult,pomc,upper
196,1.0,1.0,1.0,J995_ARC_xxx_slice1-Ort.czi,adult,pomc,upper
197,1.0,2.0,2.0,J995_ARC_xxx_slice1-Ort.czi,adult,pomc,upper
198,10.0,1.4,14.0,J995_ARC_xxx_slice1-Ort.czi,adult,pomc,upper
199,2.0,0.5,1.0,J995_ARC_xxx_slice1-Ort.czi,adult,pomc,upper
200,82.0,1.5975609756097562,131.0,J995_ARC_xxx_slice1-Ort.czi,adult,pomc,upper
201,1.0,3.0,3.0,J995_ARC_xxx_slice1-Ort.czi,adult,pomc,upper
202,79.0,1.5822784810126582,125.0,J995_ARC_xxx_slice1-Ort.czi,adult,pomc,upper
203,1.0,2.0,2.0,J995_ARC_xxx_slice1-Ort.czi,adult,pomc,upper
204,13.0,1.5384615384615385,20.0,J995_ARC_xxx_slice1-Ort.czi,adult,pomc,upper
205,81.0,1.7160493827160495,139.0,J995_ARC_xxx_slice1-Ort.czi,adult,pomc,upper
206,27.0,1.8518518518518519,50.0,J995_ARC_xxx_slice1-Ort.czi,adult,pomc,upper
207,91.0,1.5714285714285714,143.0,J995_ARC_xxx_slice1-Ort.czi,adult,pomc,upper
208,12.0,1.75,21.0,J995_ARC_xxx_slice1-Ort.czi,adult,pomc,upper
209,17.0,1.7647058823529411,30.0,J995_ARC_xxx_slice1-Ort.czi,adult,pomc,upper
210,3.0,1.0,3.0,J995_ARC_xxx_slice1-Ort.czi,adult,pomc,upper
211,3.0,0.6666666666666666,2.0,J995_ARC_xxx_slice1-Ort.czi,adult,pomc,upper
212,1.0,2.0,2.0,J995_ARC_xxx_slice1-Ort.czi,adult,pomc,upper
213,5.0,1.8,9.0,J995_ARC_xxx_slice1-Ort.czi,adult,pomc,upper
214,1.0,1.0,1.0,J995_ARC_xxx_slice1-Ort.czi,adult,pomc,upper
215,32.0,1.90625,61.0,J995_ARC_xxx_slice1-Ort.czi,adult,pomc,upper
216,42.0,1.9285714285714286,81.0,J995_ARC_xxx_slice1-Ort.czi,adult,pomc,upper
217,6.0,1.6666666666666667,10.0,J995_ARC_xxx_slice1-Ort.czi,adult,pomc,upper
218,7.0,1.5714285714285714,11.0,J995_ARC_xxx_slice1-Ort.czi,adult,pomc,upper
219,15.0,2.2,33.0,J995_ARC_xxx_slice1-Ort.czi,adult,pomc,upper
220,10.0,1.6,16.0,J995_ARC_xxx_slice1-Ort.czi,adult,pomc,upper
221,1.0,3.0,3.0,J995_ARC_xxx_slice1-Ort.czi,adult,pomc,upper
222,2.0,1.5,3.0,J995_ARC_xxx_slice1-Ort.czi,adult,pomc,upper
223,5.0,2.6,13.0,J995_ARC_xxx_slice1-Ort.czi,adult,pomc,upper
224,8.0,2.0,16.0,J995_ARC_xxx_slice1-Ort.czi,adult,pomc,upper
225,11.0,1.5454545454545454,17.0,J995_ARC_xxx_slice1-Ort.czi,adult,pomc,upper
226,1.0,1.0,1.0,J995_ARC_xxx_slice1-Ort.czi,adult,pomc,upper
227,5.0,1.4,7.0,J995_ARC_xxx_slice1-Ort.czi,adult,pomc,upper
228,76.0,1.486842105263158,113.0,J995_ARC_xxx_slice1-Ort.czi,adult,pomc,upper
229,1.0,2.0,2.0,J995_ARC_xxx_slice1-Ort.czi,adult,pomc,upper
230,43.0,1.6744186046511629,72.0,J995_ARC_xxx_slice1-Ort.czi,adult,pomc,upper
231,7.0,1.8571428571428572,13.0,J995_ARC_xxx_slice1-Ort.czi,adult,pomc,upper
232,17.0,1.8235294117647058,31.0,J995_ARC_xxx_slice1-Ort.czi,adult,pomc,upper
233,9.0,1.7777777777777777,16.0,J995_ARC_xxx_slice1-Ort.czi,adult,pomc,upper
234,3.0,2.0,6.0,J995_ARC_xxx_slice1-Ort.czi,adult,pomc,upper
235,17.0,1.6470588235294117,28.0,J995_ARC_xxx_slice1-Ort.czi,adult,pomc,upper
236,1.0,2.0,2.0,J995_ARC_xxx_slice1-Ort.czi,adult,pomc,upper
237,88.0,1.8977272727272727,167.0,J995_ARC_xxx_slice1-Ort.czi,adult,pomc,upper
238,13.0,1.6153846153846154,21.0,J995_ARC_xxx_slice1-Ort.czi,adult,pomc,upper
239,26.0,1.5769230769230769,41.0,J995_ARC_xxx_slice1-Ort.czi,adult,pomc,upper
240,38.0,1.8157894736842106,69.0,J995_ARC_xxx_slice1-Ort.czi,adult,pomc,upper
241,41.0,1.6585365853658536,68.0,J995_ARC_xxx_slice1-Ort.czi,adult,pomc,upper
242,2.0,1.5,3.0,J995_ARC_xxx_slice1-Ort.czi,adult,pomc,upper
243,18.0,1.8888888888888888,34.0,J995_ARC_xxx_slice1-Ort.czi,adult,pomc,upper
244,3.0,0.6666666666666666,2.0,J995_ARC_xxx_slice1-Ort.czi,adult,pomc,upper
245,57.0,1.9473684210526316,111.0,J995_ARC_xxx_slice1-Ort.czi,adult,pomc,upper
246,65.0,1.6153846153846154,105.0,J995_ARC_xxx_slice1-Ort.czi,adult,pomc,upper
247,20.0,1.7,34.0,J995_ARC_xxx_slice1-Ort.czi,adult,pomc,upper
248,25.0,1.92,48.0,J995_ARC_xxx_slice1-Ort.czi,adult,pomc,upper
249,3.0,2.0,6.0,J995_ARC_xxx_slice1-Ort.czi,adult,pomc,upper
250,1.0,1.0,1.0,J995_ARC_xxx_slice1-Ort.czi,adult,pomc,upper
251,22.0,2.3636363636363638,52.0,J995_ARC_xxx_slice1-Ort.czi,adult,pomc,upper
252,10.0,1.9,19.0,J995_ARC_xxx_slice1-Ort.czi,adult,pomc,upper
253,6.0,1.6666666666666667,10.0,J995_ARC_xxx_slice1-Ort.czi,adult,pomc,upper
254,1.0,1.0,1.0,J995_ARC_xxx_slice1-Ort.czi,adult,pomc,upper
255,19.0,1.4736842105263157,28.0,J995_ARC_xxx_slice1-Ort.czi,adult,pomc,upper
256,3.0,1.0,3.0,J995_ARC_xxx_slice1-Ort.czi,adult,pomc,upper
257,1.0,2.0,2.0,J995_ARC_xxx_slice1-Ort.czi,adult,pomc,upper
258,24.0,1.9583333333333333,47.0,J995_ARC_xxx_slice1-Ort.czi,adult,pomc,upper
259,20.0,1.35,27.0,J995_ARC_xxx_slice1-Ort.czi,adult,pomc,upper
260,8.0,1.75,14.0,J995_ARC_xxx_slice1-Ort.czi,adult,pomc,upper
261,1.0,2.0,2.0,J995_ARC_xxx_slice1-Ort.czi,adult,pomc,upper
262,1.0,2.0,2.0,J995_ARC_xxx_slice1-Ort.czi,adult,pomc,upper
263,33.0,1.8181818181818181,60.0,J995_ARC_xxx_slice1-Ort.czi,adult,pomc,upper
264,1.0,7.0,7.0,J995_ARC_xxx_slice1-Ort.czi,adult,pomc,upper
265,3.0,1.3333333333333333,4.0,J995_ARC_xxx_slice1-Ort.czi,adult,pomc,upper
266,26.0,1.6538461538461537,43.0,J995_ARC_xxx_slice1-Ort.czi,adult,pomc,upper
267,26.0,1.9230769230769231,50.0,J995_ARC_xxx_slice1-Ort.czi,adult,pomc,upper
268,7.0,1.5714285714285714,11.0,J995_ARC_xxx_slice1-Ort.czi,adult,pomc,upper
269,1.0,2.0,2.0,J995_ARC_xxx_slice1-Ort.czi,adult,pomc,upper
270,2.0,2.0,4.0,J995_ARC_xxx_slice1-Ort.czi,adult,pomc,upper
271,94.0,1.7127659574468086,161.0,J995_ARC_xxx_slice1-Ort.czi,adult,pomc,upper
272,2.0,1.5,3.0,J995_ARC_xxx_slice1-Ort.czi,adult,pomc,upper
273,2.0,0.5,1.0,J995_ARC_xxx_slice1-Ort.czi,adult,pomc,upper
274,2.0,1.5,3.0,J995_ARC_xxx_slice1-Ort.czi,adult,pomc,upper
275,5.0,1.4,7.0,J995_ARC_xxx_slice1-Ort.czi,adult,pomc,upper
276,11.0,2.1818181818181817,24.0,J995_ARC_xxx_slice1-Ort.czi,adult,pomc,upper
277,31.0,1.5806451612903225,49.0,J995_ARC_xxx_slice1-Ort.czi,adult,pomc,upper
278,2.0,2.5,5.0,J995_ARC_xxx_slice1-Ort.czi,adult,pomc,upper
279,5.0,1.2,6.0,J995_ARC_xxx_slice1-Ort.czi,adult,pomc,upper
280,28.0,1.5,42.0,J995_ARC_xxx_slice1-Ort.czi,adult,pomc,upper
281,14.0,2.0,28.0,J995_ARC_xxx_slice1-Ort.czi,adult,pomc,upper
282,12.0,1.3333333333333333,16.0,J995_ARC_xxx_slice1-Ort.czi,adult,pomc,upper
283,1.0,1.0,1.0,J995_ARC_xxx_slice1-Ort.czi,adult,pomc,upper
284,30.0,1.6666666666666667,50.0,J995_ARC_xxx_slice1-Ort.czi,adult,pomc,upper
285,1.0,2.0,2.0,J995_ARC_xxx_slice1-Ort.czi,adult,pomc,upper
286,1.0,0.0,0.0,J995_ARC_xxx_slice1-Ort.czi,adult,pomc,upper
287,6.0,1.1666666666666667,7.0,J995_ARC_xxx_slice1-Ort.czi,adult,pomc,upper
288,61.0,1.6229508196721312,99.0,J995_ARC_xxx_slice1-Ort.czi,adult,pomc,upper
289,20.0,2.25,45.0,J995_ARC_xxx_slice1-Ort.czi,adult,pomc,upper
290,23.0,2.130434782608696,49.0,J995_ARC_xxx_slice1-Ort.czi,adult,pomc,upper
291,4.0,2.25,9.0,J995_ARC_xxx_slice1-Ort.czi,adult,pomc,upper
292,3.0,1.6666666666666667,5.0,J995_ARC_xxx_slice1-Ort.czi,adult,pomc,upper
293,28.0,2.5357142857142856,71.0,J995_ARC_xxx_slice1-Ort.czi,adult,pomc,upper
294,46.0,1.7391304347826086,80.0,J995_ARC_xxx_slice1-Ort.czi,adult,pomc,upper
295,6.0,1.8333333333333333,11.0,J995_ARC_xxx_slice1-Ort.czi,adult,pomc,upper
296,40.0,2.2,88.0,J995_ARC_xxx_slice1-Ort.czi,adult,pomc,upper
297,16.0,1.6875,27.0,J995_ARC_xxx_slice1-Ort.czi,adult,pomc,upper
298,1.0,1.0,1.0,J995_ARC_xxx_slice1-Ort.czi,adult,pomc,upper
299,1.0,1.0,1.0,J995_ARC_xxx_slice1-Ort.czi,adult,pomc,upper
300,1.0,0.0,0.0,J995_ARC_xxx_slice1-Ort.czi,adult,pomc,upper
301,4.0,1.25,5.0,J995_ARC_xxx_slice1-Ort.czi,adult,pomc,upper
302,52.0,1.9807692307692308,103.0,J995_ARC_xxx_slice1-Ort.czi,adult,pomc,upper
303,35.0,1.8285714285714285,64.0,J995_ARC_xxx_slice1-Ort.czi,adult,pomc,upper
304,43.0,1.4651162790697674,63.0,J995_ARC_xxx_slice1-Ort.czi,adult,pomc,upper
305,114.0,1.9649122807017543,224.0,J995_ARC_xxx_slice1-Ort.czi,adult,pomc,upper
306,6.0,3.0,18.0,J995_ARC_xxx_slice1-Ort.czi,adult,pomc,upper
307,1.0,1.0,1.0,J995_ARC_xxx_slice1-Ort.czi,adult,pomc,upper
308,2.0,1.0,2.0,J995_ARC_xxx_slice1-Ort.czi,adult,pomc,upper
309,21.0,1.4285714285714286,30.0,J995_ARC_xxx_slice1-Ort.czi,adult,pomc,upper
310,13.0,1.5384615384615385,20.0,J995_ARC_xxx_slice1-Ort.czi,adult,pomc,upper
311,23.0,1.7391304347826086,40.0,J995_ARC_xxx_slice1-Ort.czi,adult,pomc,upper
312,38.0,1.3421052631578947,51.0,J995_ARC_xxx_slice1-Ort.czi,adult,pomc,upper
313,4.0,2.5,10.0,J995_ARC_xxx_slice1-Ort.czi,adult,pomc,upper
314,10.0,1.9,19.0,J995_ARC_xxx_slice1-Ort.czi,adult,pomc,upper
315,9.0,2.6666666666666665,24.0,J995_ARC_xxx_slice1-Ort.czi,adult,pomc,upper
316,7.0,1.1428571428571428,8.0,J995_ARC_xxx_slice1-Ort.czi,adult,pomc,upper
317,4.0,1.5,6.0,J995_ARC_xxx_slice1-Ort.czi,adult,pomc,upper
318,61.0,2.0655737704918034,126.0,J995_ARC_xxx_slice1-Ort.czi,adult,pomc,upper
319,3.0,1.6666666666666667,5.0,J995_ARC_xxx_slice1-Ort.czi,adult,pomc,upper
320,17.0,1.8235294117647058,31.0,J995_ARC_xxx_slice1-Ort.czi,adult,pomc,upper
321,3.0,0.6666666666666666,2.0,J995_ARC_xxx_slice1-Ort.czi,adult,pomc,upper
322,23.0,1.6521739130434783,38.0,J995_ARC_xxx_slice1-Ort.czi,adult,pomc,upper
323,19.0,1.6842105263157894,32.0,J995_ARC_xxx_slice1-Ort.czi,adult,pomc,upper
324,3.0,1.0,3.0,J995_ARC_xxx_slice1-Ort.czi,adult,pomc,upper
325,1.0,1.0,1.0,J995_ARC_xxx_slice1-Ort.czi,adult,pomc,upper
326,10.0,1.7,17.0,J995_ARC_xxx_slice1-Ort.czi,adult,pomc,upper
327,4.0,2.0,8.0,J995_ARC_xxx_slice1-Ort.czi,adult,pomc,upper
328,11.0,2.090909090909091,23.0,J995_ARC_xxx_slice1-Ort.czi,adult,pomc,upper
329,40.0,1.725,69.0,J995_ARC_xxx_slice1-Ort.czi,adult,pomc,upper
330,15.0,1.7333333333333334,26.0,J995_ARC_xxx_slice1-Ort.czi,adult,pomc,upper
331,109.0,1.7064220183486238,186.0,J995_ARC_xxx_slice1-Ort.czi,adult,pomc,upper
332,9.0,1.8888888888888888,17.0,J995_ARC_xxx_slice1-Ort.czi,adult,pomc,upper
333,2.0,2.5,5.0,J995_ARC_xxx_slice1-Ort.czi,adult,pomc,upper
334,3.0,1.3333333333333333,4.0,J995_ARC_xxx_slice1-Ort.czi,adult,pomc,upper
335,1.0,1.0,1.0,J995_ARC_xxx_slice1-Ort.czi,adult,pomc,upper
336,19.0,1.4736842105263157,28.0,J995_ARC_xxx_slice1-Ort.czi,adult,pomc,upper
337,1.0,2.0,2.0,J995_ARC_xxx_slice1-Ort.czi,adult,pomc,upper
338,7.0,2.142857142857143,15.0,J995_ARC_xxx_slice1-Ort.czi,adult,pomc,upper
339,81.0,1.617283950617284,131.0,J995_ARC_xxx_slice1-Ort.czi,adult,pomc,upper
340,1.0,1.0,1.0,J995_ARC_xxx_slice1-Ort.czi,adult,pomc,upper
341,27.0,1.7407407407407407,47.0,J995_ARC_xxx_slice1-Ort.czi,adult,pomc,upper
342,57.0,1.6140350877192982,92.0,J995_ARC_xxx_slice1-Ort.czi,adult,pomc,upper
343,102.0,1.5490196078431373,158.0,J995_ARC_xxx_slice1-Ort.czi,adult,pomc,upper
344,24.0,1.9166666666666667,46.0,J995_ARC_xxx_slice1-Ort.czi,adult,pomc,upper
345,1.0,1.0,1.0,J995_ARC_xxx_slice1-Ort.czi,adult,pomc,upper
346,1.0,2.0,2.0,J995_ARC_xxx_slice1-Ort.czi,adult,pomc,upper
347,28.0,1.9642857142857142,55.0,J995_ARC_xxx_slice1-Ort.czi,adult,pomc,upper
348,18.0,1.8333333333333333,33.0,J995_ARC_xxx_slice1-Ort.czi,adult,pomc,upper
349,9.0,2.111111111111111,19.0,J995_ARC_xxx_slice1-Ort.czi,adult,pomc,upper
350,1.0,1.0,1.0,J995_ARC_xxx_slice1-Ort.czi,adult,pomc,upper
351,3.0,1.3333333333333333,4.0,J995_ARC_xxx_slice1-Ort.czi,adult,pomc,upper
352,6.0,1.6666666666666667,10.0,J995_ARC_xxx_slice1-Ort.czi,adult,pomc,upper
353,1.0,2.0,2.0,J995_ARC_xxx_slice1-Ort.czi,adult,pomc,upper
354,11.0,1.2727272727272727,14.0,J995_ARC_xxx_slice1-Ort.czi,adult,pomc,upper
355,1.0,1.0,1.0,J995_ARC_xxx_slice1-Ort.czi,adult,pomc,upper
356,2.0,1.0,2.0,J995_ARC_xxx_slice1-Ort.czi,adult,pomc,upper
357,15.0,1.7333333333333334,26.0,J995_ARC_xxx_slice1-Ort.czi,adult,pomc,upper
358,1.0,1.0,1.0,J995_ARC_xxx_slice1-Ort.czi,adult,pomc,upper
359,2.0,1.5,3.0,J995_ARC_xxx_slice1-Ort.czi,adult,pomc,upper
360,28.0,1.4642857142857142,41.0,J995_ARC_xxx_slice1-Ort.czi,adult,pomc,upper
361,21.0,1.7619047619047619,37.0,J995_ARC_xxx_slice1-Ort.czi,adult,pomc,upper
362,11.0,1.9090909090909092,21.0,J995_ARC_xxx_slice1-Ort.czi,adult,pomc,upper
363,2.0,1.0,2.0,J995_ARC_xxx_slice1-Ort.czi,adult,pomc,upper
364,1.0,1.0,1.0,J995_ARC_xxx_slice1-Ort.czi,adult,pomc,upper
365,10.0,1.6,16.0,J995_ARC_xxx_slice1-Ort.czi,adult,pomc,upper
366,57.0,1.7017543859649122,97.0,J995_ARC_xxx_slice1-Ort.czi,adult,pomc,upper
367,8.0,1.875,15.0,J995_ARC_xxx_slice1-Ort.czi,adult,pomc,upper
368,97.0,2.329896907216495,226.00000000000003,J995_ARC_xxx_slice1-Ort.czi,adult,pomc,upper
369,2.0,0.5,1.0,J995_ARC_xxx_slice1-Ort.czi,adult,pomc,upper
370,5.0,1.6,8.0,J995_ARC_xxx_slice1-Ort.czi,adult,pomc,upper
371,7.0,2.0,14.0,J995_ARC_xxx_slice1-Ort.czi,adult,pomc,upper
372,49.0,1.469387755102041,72.0,J995_ARC_xxx_slice1-Ort.czi,adult,pomc,upper
373,20.0,1.55,31.0,J995_ARC_xxx_slice1-Ort.czi,adult,pomc,upper
374,11.0,1.8181818181818181,20.0,J995_ARC_xxx_slice1-Ort.czi,adult,pomc,upper
375,52.0,1.6153846153846154,84.0,J995_ARC_xxx_slice1-Ort.czi,adult,pomc,upper
376,8.0,1.5,12.0,J995_ARC_xxx_slice1-Ort.czi,adult,pomc,upper
377,69.0,2.1739130434782608,150.0,J995_ARC_xxx_slice1-Ort.czi,adult,pomc,upper
378,1.0,2.0,2.0,J995_ARC_xxx_slice1-Ort.czi,adult,pomc,upper
379,28.0,1.5357142857142858,43.0,J995_ARC_xxx_slice1-Ort.czi,adult,pomc,upper
380,21.0,1.5238095238095237,32.0,J995_ARC_xxx_slice1-Ort.czi,adult,pomc,upper
381,9.0,1.5555555555555556,14.0,J995_ARC_xxx_slice1-Ort.czi,adult,pomc,upper
382,58.0,1.7413793103448276,101.0,J995_ARC_xxx_slice1-Ort.czi,adult,pomc,upper
383,1.0,1.0,1.0,J995_ARC_xxx_slice1-Ort.czi,adult,pomc,upper
384,101.0,1.7425742574257426,176.0,J995_ARC_xxx_slice1-Ort.czi,adult,pomc,upper
385,1.0,1.0,1.0,J995_ARC_xxx_slice1-Ort.czi,adult,pomc,upper
386,2.0,2.0,4.0,J995_ARC_xxx_slice1-Ort.czi,adult,pomc,upper
387,23.0,1.6521739130434783,38.0,J995_ARC_xxx_slice1-Ort.czi,adult,pomc,upper
388,10.0,1.7,17.0,J995_ARC_xxx_slice1-Ort.czi,adult,pomc,upper
389,72.0,1.7638888888888888,127.0,J995_ARC_xxx_slice1-Ort.czi,adult,pomc,upper
390,20.0,1.6,32.0,J995_ARC_xxx_slice1-Ort.czi,adult,pomc,upper
391,24.0,1.4166666666666667,34.0,J995_ARC_xxx_slice1-Ort.czi,adult,pomc,upper
392,122.0,1.9508196721311475,238.0,J995_ARC_xxx_slice1-Ort.czi,adult,pomc,upper
393,6.0,1.6666666666666667,10.0,J995_ARC_xxx_slice1-Ort.czi,adult,pomc,upper
394,1.0,1.0,1.0,J995_ARC_xxx_slice1-Ort.czi,adult,pomc,upper
395,173.0,1.8150289017341041,314.0,J995_ARC_xxx_slice1-Ort.czi,adult,pomc,upper
396,17.0,1.8235294117647058,31.0,J995_ARC_xxx_slice1-Ort.czi,adult,pomc,upper
397,1.0,1.0,1.0,J995_ARC_xxx_slice1-Ort.czi,adult,pomc,upper
398,12.0,1.5833333333333333,19.0,J995_ARC_xxx_slice1-Ort.czi,adult,pomc,upper
399,23.0,1.9130434782608696,44.0,J995_ARC_xxx_slice1-Ort.czi,adult,pomc,upper
400,3.0,0.6666666666666666,2.0,J995_ARC_xxx_slice1-Ort.czi,adult,pomc,upper
401,17.0,1.7647058823529411,30.0,J995_ARC_xxx_slice1-Ort.czi,adult,pomc,upper
402,2.0,0.5,1.0,J995_ARC_xxx_slice1-Ort.czi,adult,pomc,upper
403,41.0,1.853658536585366,76.0,J995_ARC_xxx_slice1-Ort.czi,adult,pomc,upper
404,1.0,2.0,2.0,J995_ARC_xxx_slice1-Ort.czi,adult,pomc,upper
405,51.0,1.6666666666666667,85.0,J995_ARC_xxx_slice1-Ort.czi,adult,pomc,upper
406,19.0,2.0,38.0,J995_ARC_xxx_slice1-Ort.czi,adult,pomc,upper
407,22.0,2.090909090909091,46.0,J995_ARC_xxx_slice1-Ort.czi,adult,pomc,upper
408,1.0,1.0,1.0,J995_ARC_xxx_slice1-Ort.czi,adult,pomc,upper
409,9.0,1.4444444444444444,13.0,J995_ARC_xxx_slice1-Ort.czi,adult,pomc,upper
410,8.0,1.75,14.0,J995_ARC_xxx_slice1-Ort.czi,adult,pomc,upper
411,5.0,1.2,6.0,J995_ARC_xxx_slice1-Ort.czi,adult,pomc,upper
412,20.0,1.8,36.0,J995_ARC_xxx_slice1-Ort.czi,adult,pomc,upper
413,80.0,1.475,118.0,J995_ARC_xxx_slice1-Ort.czi,adult,pomc,upper
414,7.0,1.7142857142857142,12.0,J995_ARC_xxx_slice1-Ort.czi,adult,pomc,upper
415,3.0,0.6666666666666666,2.0,J995_ARC_xxx_slice1-Ort.czi,adult,pomc,upper
416,11.0,1.6363636363636365,18.0,J995_ARC_xxx_slice1-Ort.czi,adult,pomc,upper
417,40.0,1.725,69.0,J995_ARC_xxx_slice1-Ort.czi,adult,pomc,upper
418,1.0,1.0,1.0,J995_ARC_xxx_slice1-Ort.czi,adult,pomc,upper
419,14.0,1.8571428571428572,26.0,J995_ARC_xxx_slice1-Ort.czi,adult,pomc,upper
420,28.0,1.4642857142857142,41.0,J995_ARC_xxx_slice1-Ort.czi,adult,pomc,upper
421,26.0,1.5,39.0,J995_ARC_xxx_slice1-Ort.czi,adult,pomc,upper
422,39.0,2.1794871794871793,84.99999999999999,J995_ARC_xxx_slice1-Ort.czi,adult,pomc,upper
423,19.0,1.7894736842105263,34.0,J995_ARC_xxx_slice1-Ort.czi,adult,pomc,upper
424,2.0,2.5,5.0,J995_ARC_xxx_slice1-Ort.czi,adult,pomc,upper
425,33.0,1.606060606060606,53.0,J995_ARC_xxx_slice1-Ort.czi,adult,pomc,upper
426,46.0,1.5434782608695652,71.0,J995_ARC_xxx_slice1-Ort.czi,adult,pomc,upper
427,37.0,1.7027027027027026,63.0,J995_ARC_xxx_slice1-Ort.czi,adult,pomc,upper
428,168.0,2.6726190476190474,449.0,J995_ARC_xxx_slice1-Ort.czi,adult,pomc,upper
429,3.0,1.3333333333333333,4.0,J995_ARC_xxx_slice1-Ort.czi,adult,pomc,upper
430,9.0,1.7777777777777777,16.0,J995_ARC_xxx_slice1-Ort.czi,adult,pomc,upper
431,33.0,1.6666666666666667,55.0,J995_ARC_xxx_slice1-Ort.czi,adult,pomc,upper
432,74.0,1.8108108108108107,134.0,J995_ARC_xxx_slice1-Ort.czi,adult,pomc,upper
433,35.0,1.7714285714285714,62.0,J995_ARC_xxx_slice1-Ort.czi,adult,pomc,upper
434,5.0,1.2,6.0,J995_ARC_xxx_slice1-Ort.czi,adult,pomc,upper
435,1.0,3.0,3.0,J995_ARC_xxx_slice1-Ort.czi,adult,pomc,upper
436,3.0,1.3333333333333333,4.0,J995_ARC_xxx_slice1-Ort.czi,adult,pomc,upper
437,8.0,1.875,15.0,J995_ARC_xxx_slice1-Ort.czi,adult,pomc,upper
438,1.0,2.0,2.0,J995_ARC_xxx_slice1-Ort.czi,adult,pomc,upper
439,19.0,1.5263157894736843,29.0,J995_ARC_xxx_slice1-Ort.czi,adult,pomc,upper
440,73.0,1.6575342465753424,121.0,J995_ARC_xxx_slice1-Ort.czi,adult,pomc,upper
441,3.0,1.6666666666666667,5.0,J995_ARC_xxx_slice1-Ort.czi,adult,pomc,upper
442,4.0,1.5,6.0,J995_ARC_xxx_slice1-Ort.czi,adult,pomc,upper
443,5.0,1.4,7.0,J995_ARC_xxx_slice1-Ort.czi,adult,pomc,upper
444,1.0,1.0,1.0,J995_ARC_xxx_slice1-Ort.czi,adult,pomc,upper
445,1.0,1.0,1.0,J995_ARC_xxx_slice1-Ort.czi,adult,pomc,upper
446,5.0,2.2,11.0,J995_ARC_xxx_slice1-Ort.czi,adult,pomc,upper
447,4.0,1.5,6.0,J995_ARC_xxx_slice1-Ort.czi,adult,pomc,upper
448,754.0,2.773209549071618,2091.0,J995_ARC_xxx_slice1-Ort.czi,adult,pomc,upper
449,18.0,1.6111111111111112,29.0,J995_ARC_xxx_slice1-Ort.czi,adult,pomc,upper
450,2.0,1.5,3.0,J995_ARC_xxx_slice1-Ort.czi,adult,pomc,upper
451,56.0,2.1785714285714284,121.99999999999999,J995_ARC_xxx_slice1-Ort.czi,adult,pomc,upper
452,5.0,1.8,9.0,J995_ARC_xxx_slice1-Ort.czi,adult,pomc,upper
453,1.0,2.0,2.0,J995_ARC_xxx_slice1-Ort.czi,adult,pomc,upper
454,2.0,0.5,1.0,J995_ARC_xxx_slice1-Ort.czi,adult,pomc,upper
455,17.0,1.7058823529411764,29.0,J995_ARC_xxx_slice1-Ort.czi,adult,pomc,upper
456,1.0,1.0,1.0,J995_ARC_xxx_slice1-Ort.czi,adult,pomc,upper
457,15.0,1.8666666666666667,28.0,J995_ARC_xxx_slice1-Ort.czi,adult,pomc,upper
458,4.0,1.5,6.0,J995_ARC_xxx_slice1-Ort.czi,adult,pomc,upper
459,3.0,1.6666666666666667,5.0,J995_ARC_xxx_slice1-Ort.czi,adult,pomc,upper
460,4.0,1.5,6.0,J995_ARC_xxx_slice1-Ort.czi,adult,pomc,upper
461,3.0,2.0,6.0,J995_ARC_xxx_slice1-Ort.czi,adult,pomc,upper
462,2.0,1.0,2.0,J995_ARC_xxx_slice1-Ort.czi,adult,pomc,upper
463,789.0,2.1216730038022815,1674.0000000000002,J995_ARC_xxx_slice1-Ort.czi,adult,pomc,upper
464,17.0,2.176470588235294,37.0,J995_ARC_xxx_slice1-Ort.czi,adult,pomc,upper
465,2.0,1.5,3.0,J995_ARC_xxx_slice1-Ort.czi,adult,pomc,upper
466,13.0,1.8461538461538463,24.0,J995_ARC_xxx_slice1-Ort.czi,adult,pomc,upper
467,34.0,1.6176470588235294,55.0,J995_ARC_xxx_slice1-Ort.czi,adult,pomc,upper
468,5.0,1.2,6.0,J995_ARC_xxx_slice1-Ort.czi,adult,pomc,upper
469,2.0,0.5,1.0,J995_ARC_xxx_slice1-Ort.czi,adult,pomc,upper
470,1.0,2.0,2.0,J995_ARC_xxx_slice1-Ort.czi,adult,pomc,upper
471,7.0,1.2857142857142858,9.0,J995_ARC_xxx_slice1-Ort.czi,adult,pomc,upper
472,1.0,2.0,2.0,J995_ARC_xxx_slice1-Ort.czi,adult,pomc,upper
473,43.0,1.697674418604651,73.0,J995_ARC_xxx_slice1-Ort.czi,adult,pomc,upper
474,42.0,1.4285714285714286,60.0,J995_ARC_xxx_slice1-Ort.czi,adult,pomc,upper
475,60.0,1.6,96.0,J995_ARC_xxx_slice1-Ort.czi,adult,pomc,upper
476,8.0,1.5,12.0,J995_ARC_xxx_slice1-Ort.czi,adult,pomc,upper
477,101.0,1.7425742574257426,176.0,J995_ARC_xxx_slice1-Ort.czi,adult,pomc,upper
478,27.0,2.2222222222222223,60.0,J995_ARC_xxx_slice1-Ort.czi,adult,pomc,upper
479,17.0,1.8235294117647058,31.0,J995_ARC_xxx_slice1-Ort.czi,adult,pomc,upper
480,13.0,1.6153846153846154,21.0,J995_ARC_xxx_slice1-Ort.czi,adult,pomc,upper
481,56.0,1.5714285714285714,88.0,J995_ARC_xxx_slice1-Ort.czi,adult,pomc,upper
482,30.0,1.8333333333333333,55.0,J995_ARC_xxx_slice1-Ort.czi,adult,pomc,upper
483,1.0,2.0,2.0,J995_ARC_xxx_slice1-Ort.czi,adult,pomc,upper
484,3.0,0.3333333333333333,1.0,J995_ARC_xxx_slice1-Ort.czi,adult,pomc,upper
485,1.0,0.0,0.0,J995_ARC_xxx_slice1-Ort.czi,adult,pomc,upper
486,64.0,1.546875,99.0,J995_ARC_xxx_slice1-Ort.czi,adult,pomc,upper
487,27.0,2.0,54.0,J995_ARC_xxx_slice1-Ort.czi,adult,pomc,upper
488,22.0,1.6363636363636365,36.0,J995_ARC_xxx_slice1-Ort.czi,adult,pomc,upper
489,152.0,1.993421052631579,303.0,J995_ARC_xxx_slice1-Ort.czi,adult,pomc,upper
490,61.0,1.5737704918032787,96.0,J995_ARC_xxx_slice1-Ort.czi,adult,pomc,upper
491,29.0,1.6551724137931034,48.0,J995_ARC_xxx_slice1-Ort.czi,adult,pomc,upper
492,648.0,2.359567901234568,1529.0,J995_ARC_xxx_slice1-Ort.czi,adult,pomc,upper
493,5.0,1.4,7.0,J995_ARC_xxx_slice1-Ort.czi,adult,pomc,upper
494,10.0,1.5,15.0,J995_ARC_xxx_slice1-Ort.czi,adult,pomc,upper
495,1.0,2.0,2.0,J995_ARC_xxx_slice1-Ort.czi,adult,pomc,upper
496,5.0,1.8,9.0,J995_ARC_xxx_slice1-Ort.czi,adult,pomc,upper
497,5.0,1.6,8.0,J995_ARC_xxx_slice1-Ort.czi,adult,pomc,upper
498,3.0,1.6666666666666667,5.0,J995_ARC_xxx_slice1-Ort.czi,adult,pomc,upper
499,1.0,1.0,1.0,J995_ARC_xxx_slice1-Ort.czi,adult,pomc,upper
500,9.0,2.0,18.0,J995_ARC_xxx_slice1-Ort.czi,adult,pomc,upper
501,34.0,1.5588235294117647,53.0,J995_ARC_xxx_slice1-Ort.czi,adult,pomc,upper
502,103.0,1.5922330097087378,164.0,J995_ARC_xxx_slice1-Ort.czi,adult,pomc,upper
503,4.0,1.25,5.0,J995_ARC_xxx_slice1-Ort.czi,adult,pomc,upper
504,11.0,1.6363636363636365,18.0,J995_ARC_xxx_slice1-Ort.czi,adult,pomc,upper
505,12.0,1.8333333333333333,22.0,J995_ARC_xxx_slice1-Ort.czi,adult,pomc,upper
506,45.0,1.8222222222222222,82.0,J995_ARC_xxx_slice1-Ort.czi,adult,pomc,upper
507,3.0,1.3333333333333333,4.0,J995_ARC_xxx_slice1-Ort.czi,adult,pomc,upper
508,32.0,1.375,44.0,J995_ARC_xxx_slice1-Ort.czi,adult,pomc,upper
509,1.0,2.0,2.0,J995_ARC_xxx_slice1-Ort.czi,adult,pomc,upper
510,19.0,1.631578947368421,31.0,J995_ARC_xxx_slice1-Ort.czi,adult,pomc,upper
511,23.0,1.6521739130434783,38.0,J995_ARC_xxx_slice1-Ort.czi,adult,pomc,upper
512,1.0,3.0,3.0,J995_ARC_xxx_slice1-Ort.czi,adult,pomc,upper
513,73.0,1.4657534246575343,107.0,J995_ARC_xxx_slice1-Ort.czi,adult,pomc,upper
514,7.0,1.7142857142857142,12.0,J995_ARC_xxx_slice1-Ort.czi,adult,pomc,upper
515,47.0,2.0,94.0,J995_ARC_xxx_slice1-Ort.czi,adult,pomc,upper
516,79.0,1.620253164556962,128.0,J995_ARC_xxx_slice1-Ort.czi,adult,pomc,upper
517,1.0,1.0,1.0,J995_ARC_xxx_slice1-Ort.czi,adult,pomc,upper
518,48.0,1.8125,87.0,J995_ARC_xxx_slice1-Ort.czi,adult,pomc,upper
519,1.0,3.0,3.0,J995_ARC_xxx_slice1-Ort.czi,adult,pomc,upper
520,4.0,1.0,4.0,J995_ARC_xxx_slice1-Ort.czi,adult,pomc,upper
521,71.0,1.6338028169014085,116.0,J995_ARC_xxx_slice1-Ort.czi,adult,pomc,upper
522,3.0,1.3333333333333333,4.0,J995_ARC_xxx_slice1-Ort.czi,adult,pomc,upper
523,39.0,1.5897435897435896,61.99999999999999,J995_ARC_xxx_slice1-Ort.czi,adult,pomc,upper
524,1.0,2.0,2.0,J995_ARC_xxx_slice1-Ort.czi,adult,pomc,upper
525,7.0,1.2857142857142858,9.0,J995_ARC_xxx_slice1-Ort.czi,adult,pomc,upper
526,1.0,1.0,1.0,J995_ARC_xxx_slice1-Ort.czi,adult,pomc,upper
527,105.0,2.142857142857143,225.0,J995_ARC_xxx_slice1-Ort.czi,adult,pomc,upper
528,54.0,1.5555555555555556,84.0,J995_ARC_xxx_slice1-Ort.czi,adult,pomc,upper
529,20.0,1.75,35.0,J995_ARC_xxx_slice1-Ort.czi,adult,pomc,upper
530,55.0,1.7272727272727273,95.0,J995_ARC_xxx_slice1-Ort.czi,adult,pomc,upper
531,27.0,1.8148148148148149,49.0,J995_ARC_xxx_slice1-Ort.czi,adult,pomc,upper
532,8.0,1.625,13.0,J995_ARC_xxx_slice1-Ort.czi,adult,pomc,upper
533,24.0,1.625,39.0,J995_ARC_xxx_slice1-Ort.czi,adult,pomc,upper
534,2.0,2.5,5.0,J995_ARC_xxx_slice1-Ort.czi,adult,pomc,upper
535,22.0,2.0,44.0,J995_ARC_xxx_slice1-Ort.czi,adult,pomc,upper
536,23.0,1.8695652173913044,43.0,J995_ARC_xxx_slice1-Ort.czi,adult,pomc,upper
537,9.0,1.6666666666666667,15.0,J995_ARC_xxx_slice1-Ort.czi,adult,pomc,upper
538,14.0,2.0714285714285716,29.000000000000004,J995_ARC_xxx_slice1-Ort.czi,adult,pomc,upper
539,1.0,0.0,0.0,J995_ARC_xxx_slice1-Ort.czi,adult,pomc,upper
540,94.0,1.6595744680851063,156.0,J995_ARC_xxx_slice1-Ort.czi,adult,pomc,upper
541,1.0,2.0,2.0,J995_ARC_xxx_slice1-Ort.czi,adult,pomc,upper
542,144.0,1.4027777777777777,202.0,J995_ARC_xxx_slice1-Ort.czi,adult,pomc,upper
543,18.0,1.2777777777777777,23.0,J995_ARC_xxx_slice1-Ort.czi,adult,pomc,upper
544,59.0,1.6271186440677967,96.0,J995_ARC_xxx_slice1-Ort.czi,adult,pomc,upper
545,82.0,1.7926829268292683,147.0,J995_ARC_xxx_slice1-Ort.czi,adult,pomc,upper
546,2.0,2.0,4.0,J995_ARC_xxx_slice1-Ort.czi,adult,pomc,upper
547,15.0,1.6,24.0,J995_ARC_xxx_slice1-Ort.czi,adult,pomc,upper
548,47.0,1.8297872340425532,86.0,J995_ARC_xxx_slice1-Ort.czi,adult,pomc,upper
549,4.0,1.25,5.0,J995_ARC_xxx_slice1-Ort.czi,adult,pomc,upper
550,7.0,2.5714285714285716,18.0,J995_ARC_xxx_slice1-Ort.czi,adult,pomc,upper
551,28.0,1.5357142857142858,43.0,J995_ARC_xxx_slice1-Ort.czi,adult,pomc,upper
552,8.0,1.75,14.0,J995_ARC_xxx_slice1-Ort.czi,adult,pomc,upper
553,19.0,1.368421052631579,26.0,J995_ARC_xxx_slice1-Ort.czi,adult,pomc,upper
554,91.0,1.6593406593406594,151.0,J995_ARC_xxx_slice1-Ort.czi,adult,pomc,upper
555,502.0,2.3904382470119523,1200.0,J995_ARC_xxx_slice1-Ort.czi,adult,pomc,upper
556,121.0,1.7851239669421488,216.0,J995_ARC_xxx_slice1-Ort.czi,adult,pomc,upper
557,2.0,1.5,3.0,J995_ARC_xxx_slice1-Ort.czi,adult,pomc,upper
558,8.0,2.0,16.0,J995_ARC_xxx_slice1-Ort.czi,adult,pomc,upper
559,15.0,2.2,33.0,J995_ARC_xxx_slice1-Ort.czi,adult,pomc,upper
560,7.0,1.7142857142857142,12.0,J995_ARC_xxx_slice1-Ort.czi,adult,pomc,upper
561,1.0,2.0,2.0,J995_ARC_xxx_slice1-Ort.czi,adult,pomc,upper
562,4.0,1.75,7.0,J995_ARC_xxx_slice1-Ort.czi,adult,pomc,upper
563,9.0,1.4444444444444444,13.0,J995_ARC_xxx_slice1-Ort.czi,adult,pomc,upper
564,1.0,2.0,2.0,J995_ARC_xxx_slice1-Ort.czi,adult,pomc,upper
565,1.0,1.0,1.0,J995_ARC_xxx_slice1-Ort.czi,adult,pomc,upper
566,4.0,2.75,11.0,J995_ARC_xxx_slice1-Ort.czi,adult,pomc,upper
567,19.0,1.736842105263158,33.0,J995_ARC_xxx_slice1-Ort.czi,adult,pomc,upper
568,8.0,1.25,10.0,J995_ARC_xxx_slice1-Ort.czi,adult,pomc,upper
569,137.0,1.781021897810219,244.0,J995_ARC_xxx_slice1-Ort.czi,adult,pomc,upper
570,54.0,1.6666666666666667,90.0,J995_ARC_xxx_slice1-Ort.czi,adult,pomc,upper
571,2.0,2.0,4.0,J995_ARC_xxx_slice1-Ort.czi,adult,pomc,upper
572,1.0,1.0,1.0,J995_ARC_xxx_slice1-Ort.czi,adult,pomc,upper
573,5.0,1.8,9.0,J995_ARC_xxx_slice1-Ort.czi,adult,pomc,upper
574,1.0,0.0,0.0,J995_ARC_xxx_slice1-Ort.czi,adult,pomc,upper
575,1.0,1.0,1.0,J995_ARC_xxx_slice1-Ort.czi,adult,pomc,upper
576,29.0,1.3103448275862069,38.0,J995_ARC_xxx_slice1-Ort.czi,adult,pomc,upper
577,24.0,1.75,42.0,J995_ARC_xxx_slice1-Ort.czi,adult,pomc,upper
578,68.0,1.8676470588235294,127.0,J995_ARC_xxx_slice1-Ort.czi,adult,pomc,upper
579,2.0,1.5,3.0,J995_ARC_xxx_slice1-Ort.czi,adult,pomc,upper
580,266.0,2.093984962406015,557.0,J995_ARC_xxx_slice1-Ort.czi,adult,pomc,upper
581,52.0,1.5769230769230769,82.0,J995_ARC_xxx_slice1-Ort.czi,adult,pomc,upper
582,46.0,1.7173913043478262,79.0,J995_ARC_xxx_slice1-Ort.czi,adult,pomc,upper
583,1.0,2.0,2.0,J995_ARC_xxx_slice1-Ort.czi,adult,pomc,upper
584,21.0,1.619047619047619,34.0,J995_ARC_xxx_slice1-Ort.czi,adult,pomc,upper
585,24.0,1.2916666666666667,31.0,J995_ARC_xxx_slice1-Ort.czi,adult,pomc,upper
586,6.0,1.6666666666666667,10.0,J995_ARC_xxx_slice1-Ort.czi,adult,pomc,upper
587,84.0,1.7142857142857142,144.0,J995_ARC_xxx_slice1-Ort.czi,adult,pomc,upper
588,42.0,1.7857142857142858,75.0,J995_ARC_xxx_slice1-Ort.czi,adult,pomc,upper
589,1.0,1.0,1.0,J995_ARC_xxx_slice1-Ort.czi,adult,pomc,upper
590,4.0,1.5,6.0,J995_ARC_xxx_slice1-Ort.czi,adult,pomc,upper
591,38.0,1.736842105263158,66.0,J995_ARC_xxx_slice1-Ort.czi,adult,pomc,upper
592,26.0,1.6538461538461537,43.0,J995_ARC_xxx_slice1-Ort.czi,adult,pomc,upper
593,1.0,1.0,1.0,J995_ARC_xxx_slice1-Ort.czi,adult,pomc,upper
594,15.0,2.066666666666667,31.000000000000004,J995_ARC_xxx_slice1-Ort.czi,adult,pomc,upper
595,87.0,1.8735632183908046,163.0,J995_ARC_xxx_slice1-Ort.czi,adult,pomc,upper
596,20.0,2.15,43.0,J995_ARC_xxx_slice1-Ort.czi,adult,pomc,upper
597,6.0,2.1666666666666665,13.0,J995_ARC_xxx_slice1-Ort.czi,adult,pomc,upper
598,8.0,1.375,11.0,J995_ARC_xxx_slice1-Ort.czi,adult,pomc,upper
599,30.0,1.7666666666666666,53.0,J995_ARC_xxx_slice1-Ort.czi,adult,pomc,upper
600,74.0,1.7027027027027026,126.0,J995_ARC_xxx_slice1-Ort.czi,adult,pomc,upper
601,1.0,3.0,3.0,J995_ARC_xxx_slice1-Ort.czi,adult,pomc,upper
602,1.0,1.0,1.0,J995_ARC_xxx_slice1-Ort.czi,adult,pomc,upper
603,2.0,3.5,7.0,J995_ARC_xxx_slice1-Ort.czi,adult,pomc,upper
604,1.0,1.0,1.0,J995_ARC_xxx_slice1-Ort.czi,adult,pomc,upper
605,1.0,2.0,2.0,J995_ARC_xxx_slice1-Ort.czi,adult,pomc,upper
606,28.0,2.0714285714285716,58.00000000000001,J995_ARC_xxx_slice1-Ort.czi,adult,pomc,upper
607,1.0,1.0,1.0,J995_ARC_xxx_slice1-Ort.czi,adult,pomc,upper
608,24.0,1.75,42.0,J995_ARC_xxx_slice1-Ort.czi,adult,pomc,upper
609,31.0,1.6451612903225807,51.0,J995_ARC_xxx_slice1-Ort.czi,adult,pomc,upper
610,37.0,1.5945945945945945,59.0,J995_ARC_xxx_slice1-Ort.czi,adult,pomc,upper
611,60.0,1.7333333333333334,104.0,J995_ARC_xxx_slice1-Ort.czi,adult,pomc,upper
612,56.0,1.75,98.0,J995_ARC_xxx_slice1-Ort.czi,adult,pomc,upper
613,52.0,1.8653846153846154,97.0,J995_ARC_xxx_slice1-Ort.czi,adult,pomc,upper
614,7.0,2.142857142857143,15.0,J995_ARC_xxx_slice1-Ort.czi,adult,pomc,upper
615,18.0,1.5,27.0,J995_ARC_xxx_slice1-Ort.czi,adult,pomc,upper
616,2.0,1.0,2.0,J995_ARC_xxx_slice1-Ort.czi,adult,pomc,upper
617,10.0,1.8,18.0,J995_ARC_xxx_slice1-Ort.czi,adult,pomc,upper
618,14.0,1.8571428571428572,26.0,J995_ARC_xxx_slice1-Ort.czi,adult,pomc,upper
619,2.0,1.0,2.0,J995_ARC_xxx_slice1-Ort.czi,adult,pomc,upper
620,1.0,3.0,3.0,J995_ARC_xxx_slice1-Ort.czi,adult,pomc,upper
621,2.0,1.5,3.0,J995_ARC_xxx_slice1-Ort.czi,adult,pomc,upper
622,1.0,2.0,2.0,J995_ARC_xxx_slice1-Ort.czi,adult,pomc,upper
623,12.0,1.75,21.0,J995_ARC_xxx_slice1-Ort.czi,adult,pomc,upper
624,29.0,1.5862068965517242,46.0,J995_ARC_xxx_slice1-Ort.czi,adult,pomc,upper
625,16.0,1.8125,29.0,J995_ARC_xxx_slice1-Ort.czi,adult,pomc,upper
626,14.0,1.6428571428571428,23.0,J995_ARC_xxx_slice1-Ort.czi,adult,pomc,upper
627,46.0,1.8478260869565217,85.0,J995_ARC_xxx_slice1-Ort.czi,adult,pomc,upper
628,49.0,1.6734693877551021,82.0,J995_ARC_xxx_slice1-Ort.czi,adult,pomc,upper
629,36.0,1.8888888888888888,68.0,J995_ARC_xxx_slice1-Ort.czi,adult,pomc,upper
630,135.0,1.7555555555555555,237.0,J995_ARC_xxx_slice1-Ort.czi,adult,pomc,upper
631,1.0,1.0,1.0,J995_ARC_xxx_slice1-Ort.czi,adult,pomc,upper
632,3.0,1.3333333333333333,4.0,J995_ARC_xxx_slice1-Ort.czi,adult,pomc,upper
633,7.0,1.2857142857142858,9.0,J995_ARC_xxx_slice1-Ort.czi,adult,pomc,upper
634,34.0,1.588235294117647,54.0,J995_ARC_xxx_slice1-Ort.czi,adult,pomc,upper
635,497.0,1.5412474849094568,766.0,J995_ARC_xxx_slice1-Ort.czi,adult,pomc,upper
636,10.0,1.9,19.0,J995_ARC_xxx_slice1-Ort.czi,adult,pomc,upper
637,3.0,1.0,3.0,J995_ARC_xxx_slice1-Ort.czi,adult,pomc,upper
638,64.0,1.609375,103.0,J995_ARC_xxx_slice1-Ort.czi,adult,pomc,upper
639,38.0,2.1842105263157894,83.0,J995_ARC_xxx_slice1-Ort.czi,adult,pomc,upper
640,12.0,1.5,18.0,J995_ARC_xxx_slice1-Ort.czi,adult,pomc,upper
641,1970.0,1.8588832487309646,3662.0,J995_ARC_xxx_slice1-Ort.czi,adult,pomc,upper
642,6.0,1.6666666666666667,10.0,J995_ARC_xxx_slice1-Ort.czi,adult,pomc,upper
643,1.0,1.0,1.0,J995_ARC_xxx_slice1-Ort.czi,adult,pomc,upper
644,35.0,2.0285714285714285,71.0,J995_ARC_xxx_slice1-Ort.czi,adult,pomc,upper
645,11.0,1.7272727272727273,19.0,J995_ARC_xxx_slice1-Ort.czi,adult,pomc,upper
646,1.0,2.0,2.0,J995_ARC_xxx_slice1-Ort.czi,adult,pomc,upper
647,1.0,2.0,2.0,J995_ARC_xxx_slice1-Ort.czi,adult,pomc,upper
648,1.0,0.0,0.0,J995_ARC_xxx_slice1-Ort.czi,adult,pomc,upper
649,1.0,2.0,2.0,J995_ARC_xxx_slice1-Ort.czi,adult,pomc,upper
650,6.0,1.5,9.0,J995_ARC_xxx_slice1-Ort.czi,adult,pomc,upper
651,42.0,1.6666666666666667,70.0,J995_ARC_xxx_slice1-Ort.czi,adult,pomc,upper
652,1.0,2.0,2.0,J995_ARC_xxx_slice1-Ort.czi,adult,pomc,upper
653,17.0,1.7647058823529411,30.0,J995_ARC_xxx_slice1-Ort.czi,adult,pomc,upper
654,3.0,1.0,3.0,J995_ARC_xxx_slice1-Ort.czi,adult,pomc,upper
655,10.0,1.7,17.0,J995_ARC_xxx_slice1-Ort.czi,adult,pomc,upper
656,21.0,1.6666666666666667,35.0,J995_ARC_xxx_slice1-Ort.czi,adult,pomc,upper
657,3.0,2.0,6.0,J995_ARC_xxx_slice1-Ort.czi,adult,pomc,upper
658,2.0,2.0,4.0,J995_ARC_xxx_slice1-Ort.czi,adult,pomc,upper
659,68.0,1.6764705882352942,114.0,J995_ARC_xxx_slice1-Ort.czi,adult,pomc,upper
660,253.0,1.7549407114624507,444.0,J995_ARC_xxx_slice1-Ort.czi,adult,pomc,upper
661,55.0,1.690909090909091,93.0,J995_ARC_xxx_slice1-Ort.czi,adult,pomc,upper
662,1.0,2.0,2.0,J995_ARC_xxx_slice1-Ort.czi,adult,pomc,upper
663,1.0,4.0,4.0,J995_ARC_xxx_slice1-Ort.czi,adult,pomc,upper
664,45.0,1.511111111111111,68.0,J995_ARC_xxx_slice1-Ort.czi,adult,pomc,upper
665,23.0,1.6956521739130435,39.0,J995_ARC_xxx_slice1-Ort.czi,adult,pomc,upper
666,2.0,1.0,2.0,J995_ARC_xxx_slice1-Ort.czi,adult,pomc,upper
667,59.0,1.7966101694915255,106.0,J995_ARC_xxx_slice1-Ort.czi,adult,pomc,upper
668,6.0,1.5,9.0,J995_ARC_xxx_slice1-Ort.czi,adult,pomc,upper
669,3.0,1.6666666666666667,5.0,J995_ARC_xxx_slice1-Ort.czi,adult,pomc,upper
670,1.0,2.0,2.0,J995_ARC_xxx_slice1-Ort.czi,adult,pomc,upper
671,17.0,1.7058823529411764,29.0,J995_ARC_xxx_slice1-Ort.czi,adult,pomc,upper
672,103.0,1.5825242718446602,163.0,J995_ARC_xxx_slice1-Ort.czi,adult,pomc,upper
673,4.0,1.75,7.0,J995_ARC_xxx_slice1-Ort.czi,adult,pomc,upper
674,135.0,1.711111111111111,231.0,J995_ARC_xxx_slice1-Ort.czi,adult,pomc,upper
675,10.0,1.5,15.0,J995_ARC_xxx_slice1-Ort.czi,adult,pomc,upper
676,19.0,1.6842105263157894,32.0,J995_ARC_xxx_slice1-Ort.czi,adult,pomc,upper
677,46.0,1.5434782608695652,71.0,J995_ARC_xxx_slice1-Ort.czi,adult,pomc,upper
678,15.0,1.8666666666666667,28.0,J995_ARC_xxx_slice1-Ort.czi,adult,pomc,upper
679,1.0,3.0,3.0,J995_ARC_xxx_slice1-Ort.czi,adult,pomc,upper
680,2.0,1.0,2.0,J995_ARC_xxx_slice1-Ort.czi,adult,pomc,upper
681,14.0,1.6428571428571428,23.0,J995_ARC_xxx_slice1-Ort.czi,adult,pomc,upper
682,20.0,1.4,28.0,J995_ARC_xxx_slice1-Ort.czi,adult,pomc,upper
683,1.0,1.0,1.0,J995_ARC_xxx_slice1-Ort.czi,adult,pomc,upper
684,39.0,1.5897435897435896,61.99999999999999,J995_ARC_xxx_slice1-Ort.czi,adult,pomc,upper
685,33.0,1.696969696969697,56.0,J995_ARC_xxx_slice1-Ort.czi,adult,pomc,upper
686,48.0,1.4375,69.0,J995_ARC_xxx_slice1-Ort.czi,adult,pomc,upper
687,21.0,1.4285714285714286,30.0,J995_ARC_xxx_slice1-Ort.czi,adult,pomc,upper
688,1.0,1.0,1.0,J995_ARC_xxx_slice1-Ort.czi,adult,pomc,upper
689,11.0,1.6363636363636365,18.0,J995_ARC_xxx_slice1-Ort.czi,adult,pomc,upper
690,14.0,2.0,28.0,J995_ARC_xxx_slice1-Ort.czi,adult,pomc,upper
691,23.0,1.7391304347826086,40.0,J995_ARC_xxx_slice1-Ort.czi,adult,pomc,upper
692,12.0,1.5833333333333333,19.0,J995_ARC_xxx_slice1-Ort.czi,adult,pomc,upper
693,1.0,1.0,1.0,J995_ARC_xxx_slice1-Ort.czi,adult,pomc,upper
694,1.0,2.0,2.0,J995_ARC_xxx_slice1-Ort.czi,adult,pomc,upper
695,48.0,1.7708333333333333,85.0,J995_ARC_xxx_slice1-Ort.czi,adult,pomc,upper
696,14.0,1.7142857142857142,24.0,J995_ARC_xxx_slice1-Ort.czi,adult,pomc,upper
697,1.0,3.0,3.0,J995_ARC_xxx_slice1-Ort.czi,adult,pomc,upper
698,1.0,1.0,1.0,J995_ARC_xxx_slice1-Ort.czi,adult,pomc,upper
699,20.0,1.9,38.0,J995_ARC_xxx_slice1-Ort.czi,adult,pomc,upper
700,39.0,1.5128205128205128,59.0,J995_ARC_xxx_slice1-Ort.czi,adult,pomc,upper
701,2.0,1.5,3.0,J995_ARC_xxx_slice1-Ort.czi,adult,pomc,upper
702,3.0,2.3333333333333335,7.0,J995_ARC_xxx_slice1-Ort.czi,adult,pomc,upper
703,12.0,2.0,24.0,J995_ARC_xxx_slice1-Ort.czi,adult,pomc,upper
704,21.0,1.9047619047619047,40.0,J995_ARC_xxx_slice1-Ort.czi,adult,pomc,upper
705,172.0,1.7093023255813953,294.0,J995_ARC_xxx_slice1-Ort.czi,adult,pomc,upper
706,1.0,2.0,2.0,J995_ARC_xxx_slice1-Ort.czi,adult,pomc,upper
707,1.0,4.0,4.0,J995_ARC_xxx_slice1-Ort.czi,adult,pomc,upper
708,11.0,1.6363636363636365,18.0,J995_ARC_xxx_slice1-Ort.czi,adult,pomc,upper
709,17.0,1.2941176470588236,22.0,J995_ARC_xxx_slice1-Ort.czi,adult,pomc,upper
710,20.0,1.65,33.0,J995_ARC_xxx_slice1-Ort.czi,adult,pomc,upper
711,33.0,1.5454545454545454,51.0,J995_ARC_xxx_slice1-Ort.czi,adult,pomc,upper
712,17.0,1.411764705882353,24.0,J995_ARC_xxx_slice1-Ort.czi,adult,pomc,upper
713,54.0,1.9444444444444444,105.0,J995_ARC_xxx_slice1-Ort.czi,adult,pomc,upper
714,76.0,1.763157894736842,134.0,J995_ARC_xxx_slice1-Ort.czi,adult,pomc,upper
715,23.0,1.9565217391304348,45.0,J995_ARC_xxx_slice1-Ort.czi,adult,pomc,upper
716,132.0,1.4696969696969697,194.0,J995_ARC_xxx_slice1-Ort.czi,adult,pomc,upper
717,34.0,1.4705882352941178,50.0,J995_ARC_xxx_slice1-Ort.czi,adult,pomc,upper
718,1.0,1.0,1.0,J995_ARC_xxx_slice1-Ort.czi,adult,pomc,upper
719,3.0,2.0,6.0,J995_ARC_xxx_slice1-Ort.czi,adult,pomc,upper
720,23.0,2.260869565217391,51.99999999999999,J995_ARC_xxx_slice1-Ort.czi,adult,pomc,upper
721,11.0,1.4545454545454546,16.0,J995_ARC_xxx_slice1-Ort.czi,adult,pomc,upper
722,1.0,0.0,0.0,J995_ARC_xxx_slice1-Ort.czi,adult,pomc,upper
723,72.0,1.8472222222222223,133.0,J995_ARC_xxx_slice1-Ort.czi,adult,pomc,upper
724,50.0,1.68,84.0,J995_ARC_xxx_slice1-Ort.czi,adult,pomc,upper
725,21.0,1.5714285714285714,33.0,J995_ARC_xxx_slice1-Ort.czi,adult,pomc,upper
726,25.0,1.6,40.0,J995_ARC_xxx_slice1-Ort.czi,adult,pomc,upper
727,54.0,1.5,81.0,J995_ARC_xxx_slice1-Ort.czi,adult,pomc,upper
728,52.0,1.8653846153846154,97.0,J995_ARC_xxx_slice1-Ort.czi,adult,pomc,upper
729,73.0,1.63013698630137,119.0,J995_ARC_xxx_slice1-Ort.czi,adult,pomc,upper
730,1.0,1.0,1.0,J995_ARC_xxx_slice1-Ort.czi,adult,pomc,upper
731,3.0,1.6666666666666667,5.0,J995_ARC_xxx_slice1-Ort.czi,adult,pomc,upper
732,28.0,2.0714285714285716,58.00000000000001,J995_ARC_xxx_slice1-Ort.czi,adult,pomc,upper
733,34.0,1.7941176470588236,61.0,J995_ARC_xxx_slice1-Ort.czi,adult,pomc,upper
734,99.0,1.797979797979798,178.0,J995_ARC_xxx_slice1-Ort.czi,adult,pomc,upper
735,36.0,1.6388888888888888,59.0,J995_ARC_xxx_slice1-Ort.czi,adult,pomc,upper
736,1.0,1.0,1.0,J995_ARC_xxx_slice1-Ort.czi,adult,pomc,upper
737,24.0,1.5,36.0,J995_ARC_xxx_slice1-Ort.czi,adult,pomc,upper
738,43.0,1.7209302325581395,74.0,J995_ARC_xxx_slice1-Ort.czi,adult,pomc,upper
739,1.0,3.0,3.0,J995_ARC_xxx_slice1-Ort.czi,adult,pomc,upper
740,1.0,3.0,3.0,J995_ARC_xxx_slice1-Ort.czi,adult,pomc,upper
741,1.0,2.0,2.0,J995_ARC_xxx_slice1-Ort.czi,adult,pomc,upper
742,20.0,1.55,31.0,J995_ARC_xxx_slice1-Ort.czi,adult,pomc,upper
743,44.0,1.75,77.0,J995_ARC_xxx_slice1-Ort.czi,adult,pomc,upper
744,2.0,1.5,3.0,J995_ARC_xxx_slice1-Ort.czi,adult,pomc,upper
745,56.0,1.4821428571428572,83.0,J995_ARC_xxx_slice1-Ort.czi,adult,pomc,upper
746,12.0,1.5833333333333333,19.0,J995_ARC_xxx_slice1-Ort.czi,adult,pomc,upper
747,14.0,2.0714285714285716,29.000000000000004,J995_ARC_xxx_slice1-Ort.czi,adult,pomc,upper
748,13.0,1.6153846153846154,21.0,J995_ARC_xxx_slice1-Ort.czi,adult,pomc,upper
749,40.0,1.65,66.0,J995_ARC_xxx_slice1-Ort.czi,adult,pomc,upper
750,26.0,1.5384615384615385,40.0,J995_ARC_xxx_slice1-Ort.czi,adult,pomc,upper
751,15.0,1.6666666666666667,25.0,J995_ARC_xxx_slice1-Ort.czi,adult,pomc,upper
752,36.0,1.6388888888888888,59.0,J995_ARC_xxx_slice1-Ort.czi,adult,pomc,upper
753,71.0,1.943661971830986,138.0,J995_ARC_xxx_slice1-Ort.czi,adult,pomc,upper
754,172.0,1.8488372093023255,318.0,J995_ARC_xxx_slice1-Ort.czi,adult,pomc,upper
755,76.0,1.736842105263158,132.0,J995_ARC_xxx_slice1-Ort.czi,adult,pomc,upper
756,14.0,1.7857142857142858,25.0,J995_ARC_xxx_slice1-Ort.czi,adult,pomc,upper
757,11.0,1.8181818181818181,20.0,J995_ARC_xxx_slice1-Ort.czi,adult,pomc,upper
758,14.0,1.8571428571428572,26.0,J995_ARC_xxx_slice1-Ort.czi,adult,pomc,upper
759,1.0,2.0,2.0,J995_ARC_xxx_slice1-Ort.czi,adult,pomc,upper
760,43.0,1.5813953488372092,68.0,J995_ARC_xxx_slice1-Ort.czi,adult,pomc,upper
761,34.0,1.8823529411764706,64.0,J995_ARC_xxx_slice1-Ort.czi,adult,pomc,upper
762,1.0,1.0,1.0,J995_ARC_xxx_slice1-Ort.czi,adult,pomc,upper
763,3.0,1.0,3.0,J995_ARC_xxx_slice1-Ort.czi,adult,pomc,upper
764,51.0,1.7450980392156863,89.0,J995_ARC_xxx_slice1-Ort.czi,adult,pomc,upper
765,7.0,2.0,14.0,J995_ARC_xxx_slice1-Ort.czi,adult,pomc,upper
766,14.0,1.5714285714285714,22.0,J995_ARC_xxx_slice1-Ort.czi,adult,pomc,upper
767,1.0,2.0,2.0,J995_ARC_xxx_slice1-Ort.czi,adult,pomc,upper
768,2.0,1.5,3.0,J995_ARC_xxx_slice1-Ort.czi,adult,pomc,upper
769,1.0,1.0,1.0,J995_ARC_xxx_slice1-Ort.czi,adult,pomc,upper
770,2.0,1.0,2.0,J995_ARC_xxx_slice1-Ort.czi,adult,pomc,upper
771,15.0,2.066666666666667,31.000000000000004,J995_ARC_xxx_slice1-Ort.czi,adult,pomc,upper
772,1.0,2.0,2.0,J995_ARC_xxx_slice1-Ort.czi,adult,pomc,upper
773,1.0,3.0,3.0,J995_ARC_xxx_slice1-Ort.czi,adult,pomc,upper
774,33.0,1.5151515151515151,50.0,J995_ARC_xxx_slice1-Ort.czi,adult,pomc,upper
775,1.0,1.0,1.0,J995_ARC_xxx_slice1-Ort.czi,adult,pomc,upper
776,1.0,2.0,2.0,J995_ARC_xxx_slice1-Ort.czi,adult,pomc,upper
777,20.0,1.55,31.0,J995_ARC_xxx_slice1-Ort.czi,adult,pomc,upper
778,78.0,1.7564102564102564,137.0,J995_ARC_xxx_slice1-Ort.czi,adult,pomc,upper
779,27.0,1.6296296296296295,44.0,J995_ARC_xxx_slice1-Ort.czi,adult,pomc,upper
780,1.0,1.0,1.0,J995_ARC_xxx_slice1-Ort.czi,adult,pomc,upper
781,13.0,1.6923076923076923,22.0,J995_ARC_xxx_slice1-Ort.czi,adult,pomc,upper
782,110.0,1.6363636363636365,180.0,J995_ARC_xxx_slice1-Ort.czi,adult,pomc,upper
783,30.0,1.6,48.0,J995_ARC_xxx_slice1-Ort.czi,adult,pomc,upper
784,1.0,1.0,1.0,J995_ARC_xxx_slice1-Ort.czi,adult,pomc,upper
785,1.0,1.0,1.0,J995_ARC_xxx_slice1-Ort.czi,adult,pomc,upper
786,1.0,3.0,3.0,J995_ARC_xxx_slice1-Ort.czi,adult,pomc,upper
787,129.0,1.7286821705426356,223.0,J995_ARC_xxx_slice1-Ort.czi,adult,pomc,upper
788,1.0,1.0,1.0,J995_ARC_xxx_slice1-Ort.czi,adult,pomc,upper
789,1.0,0.0,0.0,J995_ARC_xxx_slice1-Ort.czi,adult,pomc,upper
790,1.0,0.0,0.0,J995_ARC_xxx_slice1-Ort.czi,adult,pomc,upper
791,1.0,1.0,1.0,J995_ARC_xxx_slice1-Ort.czi,adult,pomc,upper
792,1.0,1.0,1.0,J995_ARC_xxx_slice1-Ort.czi,adult,pomc,upper
793,1.0,1.0,1.0,J995_ARC_xxx_slice1-Ort.czi,adult,pomc,upper
794,29.0,1.8275862068965518,53.0,J995_ARC_xxx_slice1-Ort.czi,adult,pomc,upper
795,26.0,1.4230769230769231,37.0,J995_ARC_xxx_slice1-Ort.czi,adult,pomc,upper
796,1.0,2.0,2.0,J995_ARC_xxx_slice1-Ort.czi,adult,pomc,upper
797,91.0,1.5384615384615385,140.0,J995_ARC_xxx_slice1-Ort.czi,adult,pomc,upper
798,28.0,1.5357142857142858,43.0,J995_ARC_xxx_slice1-Ort.czi,adult,pomc,upper
799,4.0,3.0,12.0,J995_ARC_xxx_slice1-Ort.czi,adult,pomc,upper
800,134.0,1.6567164179104477,222.0,J995_ARC_xxx_slice1-Ort.czi,adult,pomc,upper
801,1.0,2.0,2.0,J995_ARC_xxx_slice1-Ort.czi,adult,pomc,upper
802,15.0,1.3333333333333333,20.0,J995_ARC_xxx_slice1-Ort.czi,adult,pomc,upper
803,7.0,1.5714285714285714,11.0,J995_ARC_xxx_slice1-Ort.czi,adult,pomc,upper
804,30.0,1.7,51.0,J995_ARC_xxx_slice1-Ort.czi,adult,pomc,upper
805,3.0,1.6666666666666667,5.0,J995_ARC_xxx_slice1-Ort.czi,adult,pomc,upper
806,16.0,1.875,30.0,J995_ARC_xxx_slice1-Ort.czi,adult,pomc,upper
807,28.0,1.8571428571428572,52.0,J995_ARC_xxx_slice1-Ort.czi,adult,pomc,upper
808,3.0,1.0,3.0,J995_ARC_xxx_slice1-Ort.czi,adult,pomc,upper
809,4.0,1.5,6.0,J995_ARC_xxx_slice1-Ort.czi,adult,pomc,upper
810,1.0,1.0,1.0,J995_ARC_xxx_slice1-Ort.czi,adult,pomc,upper
811,2.0,1.5,3.0,J995_ARC_xxx_slice1-Ort.czi,adult,pomc,upper
812,26.0,1.8076923076923077,47.0,J995_ARC_xxx_slice1-Ort.czi,adult,pomc,upper
813,37.0,2.108108108108108,77.99999999999999,J995_ARC_xxx_slice1-Ort.czi,adult,pomc,upper
814,1.0,1.0,1.0,J995_ARC_xxx_slice1-Ort.czi,adult,pomc,upper
815,31.0,1.5161290322580645,47.0,J995_ARC_xxx_slice1-Ort.czi,adult,pomc,upper
816,279.0,1.5663082437275986,437.0,J995_ARC_xxx_slice1-Ort.czi,adult,pomc,upper
817,1.0,3.0,3.0,J995_ARC_xxx_slice1-Ort.czi,adult,pomc,upper
818,25.0,1.6,40.0,J995_ARC_xxx_slice1-Ort.czi,adult,pomc,upper
819,37.0,1.6756756756756757,62.0,J995_ARC_xxx_slice1-Ort.czi,adult,pomc,upper
820,7.0,1.2857142857142858,9.0,J995_ARC_xxx_slice1-Ort.czi,adult,pomc,upper
821,23.0,1.565217391304348,36.0,J995_ARC_xxx_slice1-Ort.czi,adult,pomc,upper
822,1.0,2.0,2.0,J995_ARC_xxx_slice1-Ort.czi,adult,pomc,upper
823,2.0,1.5,3.0,J995_ARC_xxx_slice1-Ort.czi,adult,pomc,upper
824,14.0,1.8571428571428572,26.0,J995_ARC_xxx_slice1-Ort.czi,adult,pomc,upper
825,2.0,2.0,4.0,J995_ARC_xxx_slice1-Ort.czi,adult,pomc,upper
826,67.0,1.4477611940298507,97.0,J995_ARC_xxx_slice1-Ort.czi,adult,pomc,upper
827,1.0,1.0,1.0,J995_ARC_xxx_slice1-Ort.czi,adult,pomc,upper
828,17.0,1.7058823529411764,29.0,J995_ARC_xxx_slice1-Ort.czi,adult,pomc,upper
829,16.0,1.5625,25.0,J995_ARC_xxx_slice1-Ort.czi,adult,pomc,upper
830,1.0,1.0,1.0,J995_ARC_xxx_slice1-Ort.czi,adult,pomc,upper
831,1.0,3.0,3.0,J995_ARC_xxx_slice1-Ort.czi,adult,pomc,upper
832,9.0,1.8888888888888888,17.0,J995_ARC_xxx_slice1-Ort.czi,adult,pomc,upper
833,28.0,1.3571428571428572,38.0,J995_ARC_xxx_slice1-Ort.czi,adult,pomc,upper
834,9.0,1.7777777777777777,16.0,J995_ARC_xxx_slice1-Ort.czi,adult,pomc,upper
835,61.0,1.4918032786885247,91.0,J995_ARC_xxx_slice1-Ort.czi,adult,pomc,upper
836,59.0,1.88135593220339,111.0,J995_ARC_xxx_slice1-Ort.czi,adult,pomc,upper
837,43.0,1.6744186046511629,72.0,J995_ARC_xxx_slice1-Ort.czi,adult,pomc,upper
838,3.0,1.0,3.0,J995_ARC_xxx_slice1-Ort.czi,adult,pomc,upper
839,8.0,1.75,14.0,J995_ARC_xxx_slice1-Ort.czi,adult,pomc,upper
840,1.0,0.0,0.0,J995_ARC_xxx_slice1-Ort.czi,adult,pomc,upper
841,1.0,1.0,1.0,J995_ARC_xxx_slice1-Ort.czi,adult,pomc,upper
842,3.0,1.3333333333333333,4.0,J995_ARC_xxx_slice1-Ort.czi,adult,pomc,upper
843,14.0,1.8571428571428572,26.0,J995_ARC_xxx_slice1-Ort.czi,adult,pomc,upper
844,9.0,2.111111111111111,19.0,J995_ARC_xxx_slice1-Ort.czi,adult,pomc,upper
845,9.0,2.3333333333333335,21.0,J995_ARC_xxx_slice1-Ort.czi,adult,pomc,upper
846,1.0,1.0,1.0,J995_ARC_xxx_slice1-Ort.czi,adult,pomc,upper
847,1.0,2.0,2.0,J995_ARC_xxx_slice1-Ort.czi,adult,pomc,upper
848,14.0,2.0,28.0,J995_ARC_xxx_slice1-Ort.czi,adult,pomc,upper
849,5.0,1.4,7.0,J995_ARC_xxx_slice1-Ort.czi,adult,pomc,upper
850,1.0,2.0,2.0,J995_ARC_xxx_slice1-Ort.czi,adult,pomc,upper
851,49.0,1.9183673469387754,94.0,J995_ARC_xxx_slice1-Ort.czi,adult,pomc,upper
852,2.0,1.0,2.0,J995_ARC_xxx_slice1-Ort.czi,adult,pomc,upper
853,1.0,4.0,4.0,J995_ARC_xxx_slice1-Ort.czi,adult,pomc,upper
854,28.0,1.4642857142857142,41.0,J995_ARC_xxx_slice1-Ort.czi,adult,pomc,upper
855,72.0,1.5277777777777777,110.0,J995_ARC_xxx_slice1-Ort.czi,adult,pomc,upper
856,1.0,0.0,0.0,J995_ARC_xxx_slice1-Ort.czi,adult,pomc,upper
857,6.0,1.8333333333333333,11.0,J995_ARC_xxx_slice1-Ort.czi,adult,pomc,upper
858,10.0,2.0,20.0,J995_ARC_xxx_slice1-Ort.czi,adult,pomc,upper
859,1.0,1.0,1.0,J995_ARC_xxx_slice1-Ort.czi,adult,pomc,upper
860,5.0,2.2,11.0,J995_ARC_xxx_slice1-Ort.czi,adult,pomc,upper
861,1.0,2.0,2.0,J995_ARC_xxx_slice1-Ort.czi,adult,pomc,upper
862,5.0,1.6,8.0,J995_ARC_xxx_slice1-Ort.czi,adult,pomc,upper
863,22.0,1.4090909090909092,31.0,J995_ARC_xxx_slice1-Ort.czi,adult,pomc,upper
864,1.0,1.0,1.0,J995_ARC_xxx_slice1-Ort.czi,adult,pomc,upper
865,1.0,1.0,1.0,J995_ARC_xxx_slice1-Ort.czi,adult,pomc,upper
866,6.0,2.0,12.0,J995_ARC_xxx_slice1-Ort.czi,adult,pomc,upper
867,5.0,2.0,10.0,J995_ARC_xxx_slice1-Ort.czi,adult,pomc,upper
868,2.0,2.0,4.0,J995_ARC_xxx_slice1-Ort.czi,adult,pomc,upper
869,27.0,1.5925925925925926,43.0,J995_ARC_xxx_slice1-Ort.czi,adult,pomc,upper
870,1.0,2.0,2.0,J995_ARC_xxx_slice1-Ort.czi,adult,pomc,upper
871,31.0,1.6774193548387097,52.0,J995_ARC_xxx_slice1-Ort.czi,adult,pomc,upper
872,1.0,1.0,1.0,J995_ARC_xxx_slice1-Ort.czi,adult,pomc,upper
873,61.0,1.6229508196721312,99.0,J995_ARC_xxx_slice1-Ort.czi,adult,pomc,upper
874,51.0,1.5490196078431373,79.0,J995_ARC_xxx_slice1-Ort.czi,adult,pomc,upper
875,30.0,1.3666666666666667,41.0,J995_ARC_xxx_slice1-Ort.czi,adult,pomc,upper
876,59.0,1.6101694915254237,95.0,J995_ARC_xxx_slice1-Ort.czi,adult,pomc,upper
877,2.0,2.0,4.0,J995_ARC_xxx_slice1-Ort.czi,adult,pomc,upper
878,12.0,1.5,18.0,J995_ARC_xxx_slice1-Ort.czi,adult,pomc,upper
879,1.0,1.0,1.0,J995_ARC_xxx_slice1-Ort.czi,adult,pomc,upper
880,12.0,1.5833333333333333,19.0,J995_ARC_xxx_slice1-Ort.czi,adult,pomc,upper
881,1.0,1.0,1.0,J995_ARC_xxx_slice1-Ort.czi,adult,pomc,upper
882,64.0,1.6875,108.0,J995_ARC_xxx_slice1-Ort.czi,adult,pomc,upper
883,24.0,1.5833333333333333,38.0,J995_ARC_xxx_slice1-Ort.czi,adult,pomc,upper
884,5.0,1.0,5.0,J995_ARC_xxx_slice1-Ort.czi,adult,pomc,upper
885,22.0,1.5909090909090908,35.0,J995_ARC_xxx_slice1-Ort.czi,adult,pomc,upper
886,55.0,1.6,88.0,J995_ARC_xxx_slice1-Ort.czi,adult,pomc,upper
887,44.0,1.5909090909090908,70.0,J995_ARC_xxx_slice1-Ort.czi,adult,pomc,upper
888,19.0,1.6842105263157894,32.0,J995_ARC_xxx_slice1-Ort.czi,adult,pomc,upper
889,1.0,1.0,1.0,J995_ARC_xxx_slice1-Ort.czi,adult,pomc,upper
890,18.0,2.5555555555555554,46.0,J995_ARC_xxx_slice1-Ort.czi,adult,pomc,upper
891,1.0,2.0,2.0,J995_ARC_xxx_slice1-Ort.czi,adult,pomc,upper
892,1.0,2.0,2.0,J995_ARC_xxx_slice1-Ort.czi,adult,pomc,upper
893,1.0,1.0,1.0,J995_ARC_xxx_slice1-Ort.czi,adult,pomc,upper
894,16.0,1.25,20.0,J995_ARC_xxx_slice1-Ort.czi,adult,pomc,upper
895,3.0,2.0,6.0,J995_ARC_xxx_slice1-Ort.czi,adult,pomc,upper
896,9.0,1.7777777777777777,16.0,J995_ARC_xxx_slice1-Ort.czi,adult,pomc,upper
897,1.0,1.0,1.0,J995_ARC_xxx_slice1-Ort.czi,adult,pomc,upper
898,332.0,1.6295180722891567,541.0,J995_ARC_xxx_slice1-Ort.czi,adult,pomc,upper
899,7.0,1.7142857142857142,12.0,J995_ARC_xxx_slice1-Ort.czi,adult,pomc,upper
900,10.0,2.1,21.0,J995_ARC_xxx_slice1-Ort.czi,adult,pomc,upper
901,2.0,1.5,3.0,J995_ARC_xxx_slice1-Ort.czi,adult,pomc,upper
902,4.0,1.5,6.0,J995_ARC_xxx_slice1-Ort.czi,adult,pomc,upper
903,5.0,1.8,9.0,J995_ARC_xxx_slice1-Ort.czi,adult,pomc,upper
904,15.0,1.6666666666666667,25.0,J995_ARC_xxx_slice1-Ort.czi,adult,pomc,upper
905,27.0,1.7777777777777777,48.0,J995_ARC_xxx_slice1-Ort.czi,adult,pomc,upper
906,13.0,2.6153846153846154,34.0,J995_ARC_xxx_slice1-Ort.czi,adult,pomc,upper
907,17.0,1.588235294117647,27.0,J995_ARC_xxx_slice1-Ort.czi,adult,pomc,upper
908,36.0,2.0833333333333335,75.0,J995_ARC_xxx_slice1-Ort.czi,adult,pomc,upper
909,73.0,1.5616438356164384,114.0,J995_ARC_xxx_slice1-Ort.czi,adult,pomc,upper
910,27.0,2.111111111111111,57.0,J995_ARC_xxx_slice1-Ort.czi,adult,pomc,upper
911,19.0,1.631578947368421,31.0,J995_ARC_xxx_slice1-Ort.czi,adult,pomc,upper
912,1.0,1.0,1.0,J995_ARC_xxx_slice1-Ort.czi,adult,pomc,upper
913,1.0,2.0,2.0,J995_ARC_xxx_slice1-Ort.czi,adult,pomc,upper
914,1.0,2.0,2.0,J995_ARC_xxx_slice1-Ort.czi,adult,pomc,upper
915,69.0,1.4202898550724639,98.0,J995_ARC_xxx_slice1-Ort.czi,adult,pomc,upper
916,1.0,2.0,2.0,J995_ARC_xxx_slice1-Ort.czi,adult,pomc,upper
917,4.0,1.25,5.0,J995_ARC_xxx_slice1-Ort.czi,adult,pomc,upper
918,1.0,1.0,1.0,J995_ARC_xxx_slice1-Ort.czi,adult,pomc,upper
919,1.0,1.0,1.0,J995_ARC_xxx_slice1-Ort.czi,adult,pomc,upper
920,2.0,1.5,3.0,J995_ARC_xxx_slice1-Ort.czi,adult,pomc,upper
921,205.0,1.5121951219512195,310.0,J995_ARC_xxx_slice1-Ort.czi,adult,pomc,upper
922,1.0,3.0,3.0,J995_ARC_xxx_slice1-Ort.czi,adult,pomc,upper
923,18.0,1.7777777777777777,32.0,J995_ARC_xxx_slice1-Ort.czi,adult,pomc,upper
924,129.0,1.7131782945736433,221.0,J995_ARC_xxx_slice1-Ort.czi,adult,pomc,upper
925,26.0,2.0384615384615383,53.0,J995_ARC_xxx_slice1-Ort.czi,adult,pomc,upper
926,61.0,1.6885245901639345,103.0,J995_ARC_xxx_slice1-Ort.czi,adult,pomc,upper
927,26.0,1.6923076923076923,44.0,J995_ARC_xxx_slice1-Ort.czi,adult,pomc,upper
928,1.0,2.0,2.0,J995_ARC_xxx_slice1-Ort.czi,adult,pomc,upper
929,10.0,1.8,18.0,J995_ARC_xxx_slice1-Ort.czi,adult,pomc,upper
930,61.0,1.6557377049180328,101.0,J995_ARC_xxx_slice1-Ort.czi,adult,pomc,upper
931,102.0,1.7254901960784315,176.0,J995_ARC_xxx_slice1-Ort.czi,adult,pomc,upper
932,1.0,2.0,2.0,J995_ARC_xxx_slice1-Ort.czi,adult,pomc,upper
933,1.0,2.0,2.0,J995_ARC_xxx_slice1-Ort.czi,adult,pomc,upper
934,17.0,1.588235294117647,27.0,J995_ARC_xxx_slice1-Ort.czi,adult,pomc,upper
935,29.0,1.5862068965517242,46.0,J995_ARC_xxx_slice1-Ort.czi,adult,pomc,upper
936,6.0,1.6666666666666667,10.0,J995_ARC_xxx_slice1-Ort.czi,adult,pomc,upper
937,1.0,0.0,0.0,J995_ARC_xxx_slice1-Ort.czi,adult,pomc,upper
938,256.0,1.6171875,414.0,J995_ARC_xxx_slice1-Ort.czi,adult,pomc,upper
939,4.0,1.25,5.0,J995_ARC_xxx_slice1-Ort.czi,adult,pomc,upper
940,36.0,1.5833333333333333,57.0,J995_ARC_xxx_slice1-Ort.czi,adult,pomc,upper
941,45.0,1.4444444444444444,65.0,J995_ARC_xxx_slice1-Ort.czi,adult,pomc,upper
942,7.0,1.7142857142857142,12.0,J995_ARC_xxx_slice1-Ort.czi,adult,pomc,upper
943,44.0,1.6136363636363635,71.0,J995_ARC_xxx_slice1-Ort.czi,adult,pomc,upper
944,2.0,1.5,3.0,J995_ARC_xxx_slice1-Ort.czi,adult,pomc,upper
945,1.0,1.0,1.0,J995_ARC_xxx_slice1-Ort.czi,adult,pomc,upper
946,7.0,1.1428571428571428,8.0,J995_ARC_xxx_slice1-Ort.czi,adult,pomc,upper
947,96.0,1.4375,138.0,J995_ARC_xxx_slice1-Ort.czi,adult,pomc,upper
948,1.0,1.0,1.0,J995_ARC_xxx_slice1-Ort.czi,adult,pomc,upper
949,37.0,1.5135135135135136,56.0,J995_ARC_xxx_slice1-Ort.czi,adult,pomc,upper
950,3.0,1.3333333333333333,4.0,J995_ARC_xxx_slice1-Ort.czi,adult,pomc,upper
951,86.0,1.744186046511628,150.0,J995_ARC_xxx_slice1-Ort.czi,adult,pomc,upper
952,190.0,1.668421052631579,317.0,J995_ARC_xxx_slice1-Ort.czi,adult,pomc,upper
953,2.0,2.0,4.0,J995_ARC_xxx_slice1-Ort.czi,adult,pomc,upper
954,40.0,1.65,66.0,J995_ARC_xxx_slice1-Ort.czi,adult,pomc,upper
955,8.0,2.125,17.0,J995_ARC_xxx_slice1-Ort.czi,adult,pomc,upper
956,33.0,1.6666666666666667,55.0,J995_ARC_xxx_slice1-Ort.czi,adult,pomc,upper
957,14.0,1.9285714285714286,27.0,J995_ARC_xxx_slice1-Ort.czi,adult,pomc,upper
958,96.0,1.5833333333333333,152.0,J995_ARC_xxx_slice1-Ort.czi,adult,pomc,upper
959,67.0,1.5522388059701493,104.0,J995_ARC_xxx_slice1-Ort.czi,adult,pomc,upper
960,2.0,1.5,3.0,J995_ARC_xxx_slice1-Ort.czi,adult,pomc,upper
961,11.0,2.8181818181818183,31.0,J995_ARC_xxx_slice1-Ort.czi,adult,pomc,upper
962,13.0,1.6153846153846154,21.0,J995_ARC_xxx_slice1-Ort.czi,adult,pomc,upper
963,70.0,1.6571428571428573,116.00000000000001,J995_ARC_xxx_slice1-Ort.czi,adult,pomc,upper
964,42.0,1.619047619047619,68.0,J995_ARC_xxx_slice1-Ort.czi,adult,pomc,upper
965,17.0,1.2352941176470589,21.0,J995_ARC_xxx_slice1-Ort.czi,adult,pomc,upper
1,1.0,13.0,13.0,K731_ARC _C1_slice2-Ort.czi,adult,pomc,upper
2,238.0,14.953781512605042,3559.0,K731_ARC _C1_slice2-Ort.czi,adult,pomc,upper
3,43.0,14.162790697674419,609.0,K731_ARC _C1_slice2-Ort.czi,adult,pomc,upper
4,369.0,14.525745257452575,5360.0,K731_ARC _C1_slice2-Ort.czi,adult,pomc,upper
5,329.0,14.051671732522797,4623.0,K731_ARC _C1_slice2-Ort.czi,adult,pomc,upper
6,10.0,18.6,186.0,K731_ARC _C1_slice2-Ort.czi,adult,pomc,upper
7,200.0,14.955,2991.0,K731_ARC _C1_slice2-Ort.czi,adult,pomc,upper
8,60.0,16.866666666666667,1012.0,K731_ARC _C1_slice2-Ort.czi,adult,pomc,upper
9,18.0,14.166666666666666,255.0,K731_ARC _C1_slice2-Ort.czi,adult,pomc,upper
10,2.0,6.5,13.0,K731_ARC _C1_slice2-Ort.czi,adult,pomc,upper
11,49.0,15.122448979591837,741.0,K731_ARC _C1_slice2-Ort.czi,adult,pomc,upper
12,7.0,15.285714285714286,107.0,K731_ARC _C1_slice2-Ort.czi,adult,pomc,upper
13,186.0,16.387096774193548,3048.0,K731_ARC _C1_slice2-Ort.czi,adult,pomc,upper
14,471.0,16.651804670912952,7843.0,K731_ARC _C1_slice2-Ort.czi,adult,pomc,upper
15,2.0,20.5,41.0,K731_ARC _C1_slice2-Ort.czi,adult,pomc,upper
16,239.0,17.309623430962343,4137.0,K731_ARC _C1_slice2-Ort.czi,adult,pomc,upper
17,36.0,13.63888888888889,491.0,K731_ARC _C1_slice2-Ort.czi,adult,pomc,upper
18,523.0,15.034416826003824,7863.0,K731_ARC _C1_slice2-Ort.czi,adult,pomc,upper
19,17.0,13.352941176470589,227.0,K731_ARC _C1_slice2-Ort.czi,adult,pomc,upper
20,139.0,15.143884892086332,2105.0,K731_ARC _C1_slice2-Ort.czi,adult,pomc,upper
21,25.0,12.92,323.0,K731_ARC _C1_slice2-Ort.czi,adult,pomc,upper
22,484.0,15.010330578512397,7265.0,K731_ARC _C1_slice2-Ort.czi,adult,pomc,upper
23,64.0,13.40625,858.0,K731_ARC _C1_slice2-Ort.czi,adult,pomc,upper
24,5.0,12.0,60.0,K731_ARC _C1_slice2-Ort.czi,adult,pomc,upper
25,92.0,14.021739130434783,1290.0,K731_ARC _C1_slice2-Ort.czi,adult,pomc,upper
26,427.0,13.85480093676815,5916.0,K731_ARC _C1_slice2-Ort.czi,adult,pomc,upper
27,640.0,15.7921875,10107.0,K731_ARC _C1_slice2-Ort.czi,adult,pomc,upper
28,1.0,14.0,14.0,K731_ARC _C1_slice2-Ort.czi,adult,pomc,upper
29,538.0,13.799256505576208,7424.0,K731_ARC _C1_slice2-Ort.czi,adult,pomc,upper
30,83.0,14.024096385542169,1164.0,K731_ARC _C1_slice2-Ort.czi,adult,pomc,upper
31,105.0,14.933333333333334,1568.0,K731_ARC _C1_slice2-Ort.czi,adult,pomc,upper
32,38.0,15.210526315789474,578.0,K731_ARC _C1_slice2-Ort.czi,adult,pomc,upper
33,27.0,16.962962962962962,458.0,K731_ARC _C1_slice2-Ort.czi,adult,pomc,upper
34,159.0,14.71069182389937,2339.0,K731_ARC _C1_slice2-Ort.czi,adult,pomc,upper
35,165.0,14.666666666666666,2420.0,K731_ARC _C1_slice2-Ort.czi,adult,pomc,upper
36,2610.0,15.29272030651341,39914.0,K731_ARC _C1_slice2-Ort.czi,adult,pomc,upper
37,33.0,14.393939393939394,475.0,K731_ARC _C1_slice2-Ort.czi,adult,pomc,upper
38,2.0,13.5,27.0,K731_ARC _C1_slice2-Ort.czi,adult,pomc,upper
39,153.0,13.437908496732026,2056.0,K731_ARC _C1_slice2-Ort.czi,adult,pomc,upper
40,27.0,13.37037037037037,361.0,K731_ARC _C1_slice2-Ort.czi,adult,pomc,upper
41,8.0,15.375,123.0,K731_ARC _C1_slice2-Ort.czi,adult,pomc,upper
42,440.0,15.168181818181818,6674.0,K731_ARC _C1_slice2-Ort.czi,adult,pomc,upper
43,6.0,17.333333333333332,104.0,K731_ARC _C1_slice2-Ort.czi,adult,pomc,upper
44,4.0,12.0,48.0,K731_ARC _C1_slice2-Ort.czi,adult,pomc,upper
45,13.0,12.461538461538462,162.0,K731_ARC _C1_slice2-Ort.czi,adult,pomc,upper
46,242.0,13.355371900826446,3232.0,K731_ARC _C1_slice2-Ort.czi,adult,pomc,upper
47,50.0,13.84,692.0,K731_ARC _C1_slice2-Ort.czi,adult,pomc,upper
48,152.0,13.81578947368421,2100.0,K731_ARC _C1_slice2-Ort.czi,adult,pomc,upper
49,11.0,13.272727272727273,146.0,K731_ARC _C1_slice2-Ort.czi,adult,pomc,upper
50,21.0,16.19047619047619,340.0,K731_ARC _C1_slice2-Ort.czi,adult,pomc,upper
51,399.0,13.511278195488721,5391.0,K731_ARC _C1_slice2-Ort.czi,adult,pomc,upper
52,2524.0,14.977416798732172,37803.0,K731_ARC _C1_slice2-Ort.czi,adult,pomc,upper
53,51.0,14.392156862745098,734.0,K731_ARC _C1_slice2-Ort.czi,adult,pomc,upper
54,1.0,15.0,15.0,K731_ARC _C1_slice2-Ort.czi,adult,pomc,upper
55,38.0,15.789473684210526,600.0,K731_ARC _C1_slice2-Ort.czi,adult,pomc,upper
56,66.0,13.242424242424242,874.0,K731_ARC _C1_slice2-Ort.czi,adult,pomc,upper
57,7.0,15.571428571428571,109.0,K731_ARC _C1_slice2-Ort.czi,adult,pomc,upper
58,17.0,13.823529411764707,235.0,K731_ARC _C1_slice2-Ort.czi,adult,pomc,upper
59,3270.0,17.595412844036698,57537.0,K731_ARC _C1_slice2-Ort.czi,adult,pomc,upper
60,238.0,13.483193277310924,3209.0,K731_ARC _C1_slice2-Ort.czi,adult,pomc,upper
61,10.0,13.1,131.0,K731_ARC _C1_slice2-Ort.czi,adult,pomc,upper
62,1.0,10.0,10.0,K731_ARC _C1_slice2-Ort.czi,adult,pomc,upper
63,60.0,17.083333333333332,1025.0,K731_ARC _C1_slice2-Ort.czi,adult,pomc,upper
64,19.0,16.68421052631579,317.00000000000006,K731_ARC _C1_slice2-Ort.czi,adult,pomc,upper
65,6.0,16.666666666666668,100.0,K731_ARC _C1_slice2-Ort.czi,adult,pomc,upper
66,2.0,12.5,25.0,K731_ARC _C1_slice2-Ort.czi,adult,pomc,upper
67,569.0,13.60456942003515,7741.0,K731_ARC _C1_slice2-Ort.czi,adult,pomc,upper
68,17.0,13.588235294117647,231.0,K731_ARC _C1_slice2-Ort.czi,adult,pomc,upper
69,15.0,15.0,225.0,K731_ARC _C1_slice2-Ort.czi,adult,pomc,upper
70,31.0,16.806451612903224,521.0,K731_ARC _C1_slice2-Ort.czi,adult,pomc,upper
71,25.0,12.96,324.0,K731_ARC _C1_slice2-Ort.czi,adult,pomc,upper
72,13.0,15.076923076923077,196.0,K731_ARC _C1_slice2-Ort.czi,adult,pomc,upper
73,49.0,13.775510204081632,675.0,K731_ARC _C1_slice2-Ort.czi,adult,pomc,upper
74,136.0,16.448529411764707,2237.0,K731_ARC _C1_slice2-Ort.czi,adult,pomc,upper
75,10.0,17.1,171.0,K731_ARC _C1_slice2-Ort.czi,adult,pomc,upper
76,31.0,12.935483870967742,401.0,K731_ARC _C1_slice2-Ort.czi,adult,pomc,upper
77,26.0,14.307692307692308,372.0,K731_ARC _C1_slice2-Ort.czi,adult,pomc,upper
78,872.0,15.903669724770642,13868.0,K731_ARC _C1_slice2-Ort.czi,adult,pomc,upper
79,36.0,14.055555555555555,506.0,K731_ARC _C1_slice2-Ort.czi,adult,pomc,upper
80,403.0,15.022332506203474,6054.0,K731_ARC _C1_slice2-Ort.czi,adult,pomc,upper
81,1.0,3.0,3.0,K731_ARC _C1_slice2-Ort.czi,adult,pomc,upper
82,120.0,16.108333333333334,1933.0,K731_ARC _C1_slice2-Ort.czi,adult,pomc,upper
83,162.0,15.11111111111111,2448.0,K731_ARC _C1_slice2-Ort.czi,adult,pomc,upper
84,1.0,8.0,8.0,K731_ARC _C1_slice2-Ort.czi,adult,pomc,upper
85,1.0,8.0,8.0,K731_ARC _C1_slice2-Ort.czi,adult,pomc,upper
86,39.0,15.76923076923077,615.0,K731_ARC _C1_slice2-Ort.czi,adult,pomc,upper
87,20.0,13.25,265.0,K731_ARC _C1_slice2-Ort.czi,adult,pomc,upper
88,2.0,22.0,44.0,K731_ARC _C1_slice2-Ort.czi,adult,pomc,upper
89,1.0,20.0,20.0,K731_ARC _C1_slice2-Ort.czi,adult,pomc,upper
90,58.0,12.517241379310345,726.0,K731_ARC _C1_slice2-Ort.czi,adult,pomc,upper
91,1.0,16.0,16.0,K731_ARC _C1_slice2-Ort.czi,adult,pomc,upper
92,1.0,2.0,2.0,K731_ARC _C1_slice2-Ort.czi,adult,pomc,upper
93,145.0,15.779310344827586,2288.0,K731_ARC _C1_slice2-Ort.czi,adult,pomc,upper
94,4.0,18.5,74.0,K731_ARC _C1_slice2-Ort.czi,adult,pomc,upper
95,45.0,14.71111111111111,662.0,K731_ARC _C1_slice2-Ort.czi,adult,pomc,upper
96,26.0,15.807692307692308,411.0,K731_ARC _C1_slice2-Ort.czi,adult,pomc,upper
97,96.0,14.385416666666666,1381.0,K731_ARC _C1_slice2-Ort.czi,adult,pomc,upper
98,38.0,15.105263157894736,574.0,K731_ARC _C1_slice2-Ort.czi,adult,pomc,upper
99,69.0,12.710144927536232,877.0,K731_ARC _C1_slice2-Ort.czi,adult,pomc,upper
100,48.0,14.166666666666666,680.0,K731_ARC _C1_slice2-Ort.czi,adult,pomc,upper
101,1661.0,15.361830222757375,25516.0,K731_ARC _C1_slice2-Ort.czi,adult,pomc,upper
102,74.0,14.554054054054054,1077.0,K731_ARC _C1_slice2-Ort.czi,adult,pomc,upper
103,137.0,14.496350364963504,1986.0,K731_ARC _C1_slice2-Ort.czi,adult,pomc,upper
104,61.0,14.01639344262295,855.0,K731_ARC _C1_slice2-Ort.czi,adult,pomc,upper
105,27.0,13.962962962962964,377.0,K731_ARC _C1_slice2-Ort.czi,adult,pomc,upper
106,19.0,12.631578947368421,240.0,K731_ARC _C1_slice2-Ort.czi,adult,pomc,upper
107,23.0,12.565217391304348,289.0,K731_ARC _C1_slice2-Ort.czi,adult,pomc,upper
108,1.0,14.0,14.0,K731_ARC _C1_slice2-Ort.czi,adult,pomc,upper
109,37.0,15.783783783783784,584.0,K731_ARC _C1_slice2-Ort.czi,adult,pomc,upper
110,54.0,14.24074074074074,769.0,K731_ARC _C1_slice2-Ort.czi,adult,pomc,upper
111,2.0,15.5,31.0,K731_ARC _C1_slice2-Ort.czi,adult,pomc,upper
112,9.0,13.222222222222221,119.0,K731_ARC _C1_slice2-Ort.czi,adult,pomc,upper
113,60.0,14.066666666666666,844.0,K731_ARC _C1_slice2-Ort.czi,adult,pomc,upper
114,150.0,16.62,2493.0,K731_ARC _C1_slice2-Ort.czi,adult,pomc,upper
115,2.0,10.5,21.0,K731_ARC _C1_slice2-Ort.czi,adult,pomc,upper
116,2.0,15.0,30.0,K731_ARC _C1_slice2-Ort.czi,adult,pomc,upper
117,46.0,16.608695652173914,764.0,K731_ARC _C1_slice2-Ort.czi,adult,pomc,upper
118,10.0,18.2,182.0,K731_ARC _C1_slice2-Ort.czi,adult,pomc,upper
119,54.0,13.75925925925926,743.0,K731_ARC _C1_slice2-Ort.czi,adult,pomc,upper
120,22.0,13.136363636363637,289.0,K731_ARC _C1_slice2-Ort.czi,adult,pomc,upper
121,2651.0,15.97321765371558,42345.0,K731_ARC _C1_slice2-Ort.czi,adult,pomc,upper
122,71.0,14.408450704225352,1023.0,K731_ARC _C1_slice2-Ort.czi,adult,pomc,upper
123,3.0,18.0,54.0,K731_ARC _C1_slice2-Ort.czi,adult,pomc,upper
124,184.0,14.032608695652174,2582.0,K731_ARC _C1_slice2-Ort.czi,adult,pomc,upper
125,82.0,15.597560975609756,1279.0,K731_ARC _C1_slice2-Ort.czi,adult,pomc,upper
126,72.0,15.458333333333334,1113.0,K731_ARC _C1_slice2-Ort.czi,adult,pomc,upper
127,158.0,14.569620253164556,2302.0,K731_ARC _C1_slice2-Ort.czi,adult,pomc,upper
128,59.0,14.23728813559322,840.0,K731_ARC _C1_slice2-Ort.czi,adult,pomc,upper
129,22.0,12.818181818181818,282.0,K731_ARC _C1_slice2-Ort.czi,adult,pomc,upper
130,13.0,15.692307692307692,204.0,K731_ARC _C1_slice2-Ort.czi,adult,pomc,upper
131,86.0,14.63953488372093,1259.0,K731_ARC _C1_slice2-Ort.czi,adult,pomc,upper
132,2.0,17.5,35.0,K731_ARC _C1_slice2-Ort.czi,adult,pomc,upper
133,23.0,14.478260869565217,333.0,K731_ARC _C1_slice2-Ort.czi,adult,pomc,upper
134,198.0,14.626262626262626,2896.0,K731_ARC _C1_slice2-Ort.czi,adult,pomc,upper
135,85.0,14.882352941176471,1265.0,K731_ARC _C1_slice2-Ort.czi,adult,pomc,upper
136,66.0,16.893939393939394,1115.0,K731_ARC _C1_slice2-Ort.czi,adult,pomc,upper
137,38.0,14.842105263157896,564.0,K731_ARC _C1_slice2-Ort.czi,adult,pomc,upper
138,36.0,15.166666666666666,546.0,K731_ARC _C1_slice2-Ort.czi,adult,pomc,upper
139,51.0,17.03921568627451,869.0,K731_ARC _C1_slice2-Ort.czi,adult,pomc,upper
140,5.0,14.8,74.0,K731_ARC _C1_slice2-Ort.czi,adult,pomc,upper
141,20.0,12.5,250.0,K731_ARC _C1_slice2-Ort.czi,adult,pomc,upper
142,7.0,21.285714285714285,149.0,K731_ARC _C1_slice2-Ort.czi,adult,pomc,upper
143,1.0,14.0,14.0,K731_ARC _C1_slice2-Ort.czi,adult,pomc,upper
144,2.0,9.5,19.0,K731_ARC _C1_slice2-Ort.czi,adult,pomc,upper
145,42.0,15.095238095238095,634.0,K731_ARC _C1_slice2-Ort.czi,adult,pomc,upper
146,25.0,19.96,499.0,K731_ARC _C1_slice2-Ort.czi,adult,pomc,upper
147,65.0,13.738461538461538,893.0,K731_ARC _C1_slice2-Ort.czi,adult,pomc,upper
148,522.0,13.21647509578544,6899.0,K731_ARC _C1_slice2-Ort.czi,adult,pomc,upper
149,11753.0,17.25227601463456,202766.0,K731_ARC _C1_slice2-Ort.czi,adult,pomc,upper
150,1.0,23.0,23.0,K731_ARC _C1_slice2-Ort.czi,adult,pomc,upper
151,1.0,4.0,4.0,K731_ARC _C1_slice2-Ort.czi,adult,pomc,upper
152,36.0,14.972222222222221,539.0,K731_ARC _C1_slice2-Ort.czi,adult,pomc,upper
153,392.0,15.339285714285714,6013.0,K731_ARC _C1_slice2-Ort.czi,adult,pomc,upper
154,36.0,14.75,531.0,K731_ARC _C1_slice2-Ort.czi,adult,pomc,upper
155,1.0,31.0,31.0,K731_ARC _C1_slice2-Ort.czi,adult,pomc,upper
156,17.0,15.470588235294118,263.0,K731_ARC _C1_slice2-Ort.czi,adult,pomc,upper
157,170.0,17.08235294117647,2904.0,K731_ARC _C1_slice2-Ort.czi,adult,pomc,upper
158,43.0,13.837209302325581,595.0,K731_ARC _C1_slice2-Ort.czi,adult,pomc,upper
159,126.0,19.293650793650794,2431.0,K731_ARC _C1_slice2-Ort.czi,adult,pomc,upper
160,65.0,13.4,871.0,K731_ARC _C1_slice2-Ort.czi,adult,pomc,upper
161,8.0,13.75,110.0,K731_ARC _C1_slice2-Ort.czi,adult,pomc,upper
162,151.0,14.450331125827814,2182.0,K731_ARC _C1_slice2-Ort.czi,adult,pomc,upper
163,54.0,15.833333333333334,855.0,K731_ARC _C1_slice2-Ort.czi,adult,pomc,upper
164,121.0,14.644628099173554,1772.0,K731_ARC _C1_slice2-Ort.czi,adult,pomc,upper
165,1.0,7.0,7.0,K731_ARC _C1_slice2-Ort.czi,adult,pomc,upper
166,57.0,16.42105263157895,936.0000000000001,K731_ARC _C1_slice2-Ort.czi,adult,pomc,upper
167,119.0,17.48739495798319,2081.0,K731_ARC _C1_slice2-Ort.czi,adult,pomc,upper
168,84.0,15.083333333333334,1267.0,K731_ARC _C1_slice2-Ort.czi,adult,pomc,upper
169,757.0,14.064729194187583,10647.0,K731_ARC _C1_slice2-Ort.czi,adult,pomc,upper
170,8.0,11.125,89.0,K731_ARC _C1_slice2-Ort.czi,adult,pomc,upper
171,344.0,16.953488372093023,5832.0,K731_ARC _C1_slice2-Ort.czi,adult,pomc,upper
172,75.0,14.053333333333333,1054.0,K731_ARC _C1_slice2-Ort.czi,adult,pomc,upper
173,1.0,8.0,8.0,K731_ARC _C1_slice2-Ort.czi,adult,pomc,upper
174,11.0,13.727272727272727,151.0,K731_ARC _C1_slice2-Ort.czi,adult,pomc,upper
175,78.0,15.602564102564102,1217.0,K731_ARC _C1_slice2-Ort.czi,adult,pomc,upper
176,103.0,16.932038834951456,1744.0,K731_ARC _C1_slice2-Ort.czi,adult,pomc,upper
177,22.0,12.636363636363637,278.0,K731_ARC _C1_slice2-Ort.czi,adult,pomc,upper
178,75.0,13.933333333333334,1045.0,K731_ARC _C1_slice2-Ort.czi,adult,pomc,upper
179,78.0,18.512820512820515,1444.0000000000002,K731_ARC _C1_slice2-Ort.czi,adult,pomc,upper
180,17.0,13.705882352941176,233.0,K731_ARC _C1_slice2-Ort.czi,adult,pomc,upper
181,6.0,14.666666666666666,88.0,K731_ARC _C1_slice2-Ort.czi,adult,pomc,upper
182,4384.0,14.106295620437956,61842.0,K731_ARC _C1_slice2-Ort.czi,adult,pomc,upper
183,27.0,12.25925925925926,331.0,K731_ARC _C1_slice2-Ort.czi,adult,pomc,upper
184,111.0,16.045045045045047,1781.0000000000002,K731_ARC _C1_slice2-Ort.czi,adult,pomc,upper
185,12.0,19.083333333333332,229.0,K731_ARC _C1_slice2-Ort.czi,adult,pomc,upper
186,128.0,13.625,1744.0,K731_ARC _C1_slice2-Ort.czi,adult,pomc,upper
187,142.0,15.795774647887324,2243.0,K731_ARC _C1_slice2-Ort.czi,adult,pomc,upper
188,170.0,13.029411764705882,2215.0,K731_ARC _C1_slice2-Ort.czi,adult,pomc,upper
189,10.0,16.5,165.0,K731_ARC _C1_slice2-Ort.czi,adult,pomc,upper
190,23.0,15.043478260869565,346.0,K731_ARC _C1_slice2-Ort.czi,adult,pomc,upper
191,9.0,12.777777777777779,115.0,K731_ARC _C1_slice2-Ort.czi,adult,pomc,upper
192,416.0,15.379807692307692,6398.0,K731_ARC _C1_slice2-Ort.czi,adult,pomc,upper
193,702.0,14.857549857549857,10430.0,K731_ARC _C1_slice2-Ort.czi,adult,pomc,upper
194,235.0,14.102127659574467,3314.0,K731_ARC _C1_slice2-Ort.czi,adult,pomc,upper
195,1075.0,14.963720930232558,16086.0,K731_ARC _C1_slice2-Ort.czi,adult,pomc,upper
196,145.0,14.23448275862069,2064.0,K731_ARC _C1_slice2-Ort.czi,adult,pomc,upper
197,16.0,13.5,216.0,K731_ARC _C1_slice2-Ort.czi,adult,pomc,upper
198,1.0,14.0,14.0,K731_ARC _C1_slice2-Ort.czi,adult,pomc,upper
199,103.0,16.24271844660194,1673.0,K731_ARC _C1_slice2-Ort.czi,adult,pomc,upper
200,19.0,13.31578947368421,253.0,K731_ARC _C1_slice2-Ort.czi,adult,pomc,upper
201,35.0,13.428571428571429,470.0,K731_ARC _C1_slice2-Ort.czi,adult,pomc,upper
202,23.0,16.869565217391305,388.0,K731_ARC _C1_slice2-Ort.czi,adult,pomc,upper
203,31.0,16.193548387096776,502.00000000000006,K731_ARC _C1_slice2-Ort.czi,adult,pomc,upper
204,8.0,17.0,136.0,K731_ARC _C1_slice2-Ort.czi,adult,pomc,upper
205,33.0,15.242424242424242,503.0,K731_ARC _C1_slice2-Ort.czi,adult,pomc,upper
206,30.0,15.2,456.0,K731_ARC _C1_slice2-Ort.czi,adult,pomc,upper
207,63.0,13.476190476190476,849.0,K731_ARC _C1_slice2-Ort.czi,adult,pomc,upper
208,28.0,13.571428571428571,380.0,K731_ARC _C1_slice2-Ort.czi,adult,pomc,upper
209,443.0,15.62076749435666,6920.0,K731_ARC _C1_slice2-Ort.czi,adult,pomc,upper
210,2.0,13.5,27.0,K731_ARC _C1_slice2-Ort.czi,adult,pomc,upper
211,2.0,18.0,36.0,K731_ARC _C1_slice2-Ort.czi,adult,pomc,upper
212,4.0,13.5,54.0,K731_ARC _C1_slice2-Ort.czi,adult,pomc,upper
213,1.0,6.0,6.0,K731_ARC _C1_slice2-Ort.czi,adult,pomc,upper
214,154.0,14.811688311688311,2281.0,K731_ARC _C1_slice2-Ort.czi,adult,pomc,upper
215,74.0,14.743243243243244,1091.0,K731_ARC _C1_slice2-Ort.czi,adult,pomc,upper
216,1.0,27.0,27.0,K731_ARC _C1_slice2-Ort.czi,adult,pomc,upper
217,3.0,11.666666666666666,35.0,K731_ARC _C1_slice2-Ort.czi,adult,pomc,upper
218,25.0,15.2,380.0,K731_ARC _C1_slice2-Ort.czi,adult,pomc,upper
219,11.0,15.545454545454545,171.0,K731_ARC _C1_slice2-Ort.czi,adult,pomc,upper
220,20.0,18.15,363.0,K731_ARC _C1_slice2-Ort.czi,adult,pomc,upper
221,94.0,16.4468085106383,1546.0,K731_ARC _C1_slice2-Ort.czi,adult,pomc,upper
222,32.0,14.65625,469.0,K731_ARC _C1_slice2-Ort.czi,adult,pomc,upper
223,2.0,12.5,25.0,K731_ARC _C1_slice2-Ort.czi,adult,pomc,upper
224,50.0,14.62,731.0,K731_ARC _C1_slice2-Ort.czi,adult,pomc,upper
225,56.0,15.767857142857142,883.0,K731_ARC _C1_slice2-Ort.czi,adult,pomc,upper
226,60.0,13.183333333333334,791.0,K731_ARC _C1_slice2-Ort.czi,adult,pomc,upper
227,33.0,16.303030303030305,538.0,K731_ARC _C1_slice2-Ort.czi,adult,pomc,upper
228,13.0,13.461538461538462,175.0,K731_ARC _C1_slice2-Ort.czi,adult,pomc,upper
229,60.0,14.6,876.0,K731_ARC _C1_slice2-Ort.czi,adult,pomc,upper
230,93.0,14.32258064516129,1332.0,K731_ARC _C1_slice2-Ort.czi,adult,pomc,upper
231,74.0,14.067567567567568,1041.0,K731_ARC _C1_slice2-Ort.czi,adult,pomc,upper
232,22.0,24.59090909090909,541.0,K731_ARC _C1_slice2-Ort.czi,adult,pomc,upper
233,53.0,15.320754716981131,812.0,K731_ARC _C1_slice2-Ort.czi,adult,pomc,upper
234,59.0,14.898305084745763,879.0,K731_ARC _C1_slice2-Ort.czi,adult,pomc,upper
235,14.0,12.928571428571429,181.0,K731_ARC _C1_slice2-Ort.czi,adult,pomc,upper
236,1.0,16.0,16.0,K731_ARC _C1_slice2-Ort.czi,adult,pomc,upper
237,628.0,15.579617834394904,9784.0,K731_ARC _C1_slice2-Ort.czi,adult,pomc,upper
238,77.0,14.155844155844155,1090.0,K731_ARC _C1_slice2-Ort.czi,adult,pomc,upper
239,345.0,16.617391304347827,5733.0,K731_ARC _C1_slice2-Ort.czi,adult,pomc,upper
240,18.0,16.444444444444443,296.0,K731_ARC _C1_slice2-Ort.czi,adult,pomc,upper
241,35.0,15.428571428571429,540.0,K731_ARC _C1_slice2-Ort.czi,adult,pomc,upper
242,120.0,16.075,1929.0,K731_ARC _C1_slice2-Ort.czi,adult,pomc,upper
243,123.0,15.260162601626016,1877.0,K731_ARC _C1_slice2-Ort.czi,adult,pomc,upper
244,90.0,14.155555555555555,1274.0,K731_ARC _C1_slice2-Ort.czi,adult,pomc,upper
245,13.0,13.076923076923077,170.0,K731_ARC _C1_slice2-Ort.czi,adult,pomc,upper
246,1.0,13.0,13.0,K731_ARC _C1_slice2-Ort.czi,adult,pomc,upper
247,28.0,14.75,413.0,K731_ARC _C1_slice2-Ort.czi,adult,pomc,upper
248,62.0,17.112903225806452,1061.0,K731_ARC _C1_slice2-Ort.czi,adult,pomc,upper
249,44.0,15.772727272727273,694.0,K731_ARC _C1_slice2-Ort.czi,adult,pomc,upper
250,48.0,14.625,702.0,K731_ARC _C1_slice2-Ort.czi,adult,pomc,upper
251,38.0,16.36842105263158,622.0,K731_ARC _C1_slice2-Ort.czi,adult,pomc,upper
252,18.0,14.277777777777779,257.0,K731_ARC _C1_slice2-Ort.czi,adult,pomc,upper
253,2.0,15.5,31.0,K731_ARC _C1_slice2-Ort.czi,adult,pomc,upper
254,2.0,9.5,19.0,K731_ARC _C1_slice2-Ort.czi,adult,pomc,upper
255,350.0,14.84,5194.0,K731_ARC _C1_slice2-Ort.czi,adult,pomc,upper
256,35.0,14.6,511.0,K731_ARC _C1_slice2-Ort.czi,adult,pomc,upper
257,1.0,14.0,14.0,K731_ARC _C1_slice2-Ort.czi,adult,pomc,upper
258,77.0,14.090909090909092,1085.0,K731_ARC _C1_slice2-Ort.czi,adult,pomc,upper
259,341.0,14.03225806451613,4785.0,K731_ARC _C1_slice2-Ort.czi,adult,pomc,upper
260,64.0,18.734375,1199.0,K731_ARC _C1_slice2-Ort.czi,adult,pomc,upper
261,95.0,14.642105263157895,1391.0,K731_ARC _C1_slice2-Ort.czi,adult,pomc,upper
262,43.0,13.651162790697674,587.0,K731_ARC _C1_slice2-Ort.czi,adult,pomc,upper
263,24.0,15.166666666666666,364.0,K731_ARC _C1_slice2-Ort.czi,adult,pomc,upper
264,72.0,14.694444444444445,1058.0,K731_ARC _C1_slice2-Ort.czi,adult,pomc,upper
265,1419.0,16.248062015503876,23056.0,K731_ARC _C1_slice2-Ort.czi,adult,pomc,upper
266,22.0,15.954545454545455,351.0,K731_ARC _C1_slice2-Ort.czi,adult,pomc,upper
267,237.0,14.763713080168776,3499.0,K731_ARC _C1_slice2-Ort.czi,adult,pomc,upper
268,19.0,15.052631578947368,286.0,K731_ARC _C1_slice2-Ort.czi,adult,pomc,upper
269,276.0,14.86231884057971,4102.0,K731_ARC _C1_slice2-Ort.czi,adult,pomc,upper
270,2.0,8.5,17.0,K731_ARC _C1_slice2-Ort.czi,adult,pomc,upper
271,55.0,18.12727272727273,997.0000000000001,K731_ARC _C1_slice2-Ort.czi,adult,pomc,upper
272,34.0,16.352941176470587,556.0,K731_ARC _C1_slice2-Ort.czi,adult,pomc,upper
273,33.0,18.363636363636363,606.0,K731_ARC _C1_slice2-Ort.czi,adult,pomc,upper
274,204.0,14.088235294117647,2874.0,K731_ARC _C1_slice2-Ort.czi,adult,pomc,upper
275,68.0,14.352941176470589,976.0,K731_ARC _C1_slice2-Ort.czi,adult,pomc,upper
276,421.0,14.529691211401426,6117.0,K731_ARC _C1_slice2-Ort.czi,adult,pomc,upper
277,2796.0,17.10014306151645,47812.0,K731_ARC _C1_slice2-Ort.czi,adult,pomc,upper
278,5.0,11.8,59.0,K731_ARC _C1_slice2-Ort.czi,adult,pomc,upper
279,133.0,14.38345864661654,1913.0,K731_ARC _C1_slice2-Ort.czi,adult,pomc,upper
280,177.0,16.322033898305083,2888.9999999999995,K731_ARC _C1_slice2-Ort.czi,adult,pomc,upper
281,2.0,13.0,26.0,K731_ARC _C1_slice2-Ort.czi,adult,pomc,upper
282,1.0,9.0,9.0,K731_ARC _C1_slice2-Ort.czi,adult,pomc,upper
283,86.0,12.651162790697674,1088.0,K731_ARC _C1_slice2-Ort.czi,adult,pomc,upper
284,1.0,20.0,20.0,K731_ARC _C1_slice2-Ort.czi,adult,pomc,upper
285,1.0,10.0,10.0,K731_ARC _C1_slice2-Ort.czi,adult,pomc,upper
286,26.0,13.307692307692308,346.0,K731_ARC _C1_slice2-Ort.czi,adult,pomc,upper
287,2.0,20.0,40.0,K731_ARC _C1_slice2-Ort.czi,adult,pomc,upper
288,237.0,15.362869198312236,3641.0,K731_ARC _C1_slice2-Ort.czi,adult,pomc,upper
289,342.0,15.026315789473685,5139.0,K731_ARC _C1_slice2-Ort.czi,adult,pomc,upper
290,35.0,15.571428571428571,545.0,K731_ARC _C1_slice2-Ort.czi,adult,pomc,upper
291,10.0,14.7,147.0,K731_ARC _C1_slice2-Ort.czi,adult,pomc,upper
292,23.0,15.521739130434783,357.0,K731_ARC _C1_slice2-Ort.czi,adult,pomc,upper
293,45.0,12.8,576.0,K731_ARC _C1_slice2-Ort.czi,adult,pomc,upper
294,107.0,14.205607476635514,1520.0,K731_ARC _C1_slice2-Ort.czi,adult,pomc,upper
295,240.0,15.15,3636.0,K731_ARC _C1_slice2-Ort.czi,adult,pomc,upper
296,43.0,13.348837209302326,574.0,K731_ARC _C1_slice2-Ort.czi,adult,pomc,upper
297,1060.0,14.861320754716981,15753.0,K731_ARC _C1_slice2-Ort.czi,adult,pomc,upper
298,208.0,15.54326923076923,3233.0,K731_ARC _C1_slice2-Ort.czi,adult,pomc,upper
299,23.0,17.130434782608695,394.0,K731_ARC _C1_slice2-Ort.czi,adult,pomc,upper
300,1.0,1.0,1.0,K731_ARC _C1_slice2-Ort.czi,adult,pomc,upper
301,162.0,15.339506172839506,2485.0,K731_ARC _C1_slice2-Ort.czi,adult,pomc,upper
302,43.0,15.279069767441861,657.0,K731_ARC _C1_slice2-Ort.czi,adult,pomc,upper
303,496.0,15.320564516129032,7599.0,K731_ARC _C1_slice2-Ort.czi,adult,pomc,upper
304,329.0,15.963525835866262,5252.0,K731_ARC _C1_slice2-Ort.czi,adult,pomc,upper
305,177.0,15.203389830508474,2691.0,K731_ARC _C1_slice2-Ort.czi,adult,pomc,upper
306,19.0,13.842105263157896,263.0,K731_ARC _C1_slice2-Ort.czi,adult,pomc,upper
307,2.0,12.0,24.0,K731_ARC _C1_slice2-Ort.czi,adult,pomc,upper
308,249.0,14.730923694779117,3668.0,K731_ARC _C1_slice2-Ort.czi,adult,pomc,upper
309,36.0,14.083333333333334,507.0,K731_ARC _C1_slice2-Ort.czi,adult,pomc,upper
310,305.0,15.429508196721311,4706.0,K731_ARC _C1_slice2-Ort.czi,adult,pomc,upper
311,115.0,14.57391304347826,1676.0,K731_ARC _C1_slice2-Ort.czi,adult,pomc,upper
312,1.0,20.0,20.0,K731_ARC _C1_slice2-Ort.czi,adult,pomc,upper
313,69.0,13.376811594202898,923.0,K731_ARC _C1_slice2-Ort.czi,adult,pomc,upper
314,1.0,12.0,12.0,K731_ARC _C1_slice2-Ort.czi,adult,pomc,upper
315,2.0,8.0,16.0,K731_ARC _C1_slice2-Ort.czi,adult,pomc,upper
316,21.0,15.095238095238095,317.0,K731_ARC _C1_slice2-Ort.czi,adult,pomc,upper
317,1.0,14.0,14.0,K731_ARC _C1_slice2-Ort.czi,adult,pomc,upper
318,8.0,12.875,103.0,K731_ARC _C1_slice2-Ort.czi,adult,pomc,upper
319,9.0,14.777777777777779,133.0,K731_ARC _C1_slice2-Ort.czi,adult,pomc,upper
320,69.0,15.057971014492754,1039.0,K731_ARC _C1_slice2-Ort.czi,adult,pomc,upper
321,20.0,13.9,278.0,K731_ARC _C1_slice2-Ort.czi,adult,pomc,upper
322,82.0,15.024390243902438,1232.0,K731_ARC _C1_slice2-Ort.czi,adult,pomc,upper
323,63.0,15.285714285714286,963.0,K731_ARC _C1_slice2-Ort.czi,adult,pomc,upper
324,20.0,12.3,246.0,K731_ARC _C1_slice2-Ort.czi,adult,pomc,upper
325,404.0,15.982673267326733,6457.0,K731_ARC _C1_slice2-Ort.czi,adult,pomc,upper
326,765.0,13.61437908496732,10415.0,K731_ARC _C1_slice2-Ort.czi,adult,pomc,upper
327,171.0,17.029239766081872,2912.0,K731_ARC _C1_slice2-Ort.czi,adult,pomc,upper
328,4.0,18.25,73.0,K731_ARC _C1_slice2-Ort.czi,adult,pomc,upper
329,149.0,15.348993288590604,2287.0,K731_ARC _C1_slice2-Ort.czi,adult,pomc,upper
330,251.0,14.884462151394422,3736.0,K731_ARC _C1_slice2-Ort.czi,adult,pomc,upper
331,4.0,9.75,39.0,K731_ARC _C1_slice2-Ort.czi,adult,pomc,upper
332,29.0,14.241379310344827,413.0,K731_ARC _C1_slice2-Ort.czi,adult,pomc,upper
333,1.0,5.0,5.0,K731_ARC _C1_slice2-Ort.czi,adult,pomc,upper
334,20.0,14.35,287.0,K731_ARC _C1_slice2-Ort.czi,adult,pomc,upper
335,29.0,17.275862068965516,500.99999999999994,K731_ARC _C1_slice2-Ort.czi,adult,pomc,upper
336,3.0,22.666666666666668,68.0,K731_ARC _C1_slice2-Ort.czi,adult,pomc,upper
337,26.0,14.76923076923077,384.0,K731_ARC _C1_slice2-Ort.czi,adult,pomc,upper
338,88.0,15.170454545454545,1335.0,K731_ARC _C1_slice2-Ort.czi,adult,pomc,upper
339,38.0,14.605263157894736,555.0,K731_ARC _C1_slice2-Ort.czi,adult,pomc,upper
340,37.0,14.486486486486486,536.0,K731_ARC _C1_slice2-Ort.czi,adult,pomc,upper
341,1.0,4.0,4.0,K731_ARC _C1_slice2-Ort.czi,adult,pomc,upper
342,25.0,12.92,323.0,K731_ARC _C1_slice2-Ort.czi,adult,pomc,upper
343,2.0,18.0,36.0,K731_ARC _C1_slice2-Ort.czi,adult,pomc,upper
344,52.0,14.961538461538462,778.0,K731_ARC _C1_slice2-Ort.czi,adult,pomc,upper
345,34.0,13.470588235294118,458.0,K731_ARC _C1_slice2-Ort.czi,adult,pomc,upper
346,18.0,15.555555555555555,280.0,K731_ARC _C1_slice2-Ort.czi,adult,pomc,upper
347,186.0,14.193548387096774,2640.0,K731_ARC _C1_slice2-Ort.czi,adult,pomc,upper
348,124.0,15.241935483870968,1890.0,K731_ARC _C1_slice2-Ort.czi,adult,pomc,upper
349,1.0,10.0,10.0,K731_ARC _C1_slice2-Ort.czi,adult,pomc,upper
350,4.0,15.5,62.0,K731_ARC _C1_slice2-Ort.czi,adult,pomc,upper
351,89023.0,13.884366961347068,1236028.0,K731_ARC _C1_slice2-Ort.czi,adult,pomc,upper
352,31.0,16.612903225806452,515.0,K731_ARC _C1_slice2-Ort.czi,adult,pomc,upper
353,147.0,13.285714285714286,1953.0,K731_ARC _C1_slice2-Ort.czi,adult,pomc,upper
354,75.0,13.453333333333333,1009.0,K731_ARC _C1_slice2-Ort.czi,adult,pomc,upper
355,1.0,15.0,15.0,K731_ARC _C1_slice2-Ort.czi,adult,pomc,upper
356,17.0,13.176470588235293,224.0,K731_ARC _C1_slice2-Ort.czi,adult,pomc,upper
357,169.0,15.017751479289942,2538.0,K731_ARC _C1_slice2-Ort.czi,adult,pomc,upper
358,114.0,13.894736842105264,1584.0,K731_ARC _C1_slice2-Ort.czi,adult,pomc,upper
359,23.0,13.521739130434783,311.0,K731_ARC _C1_slice2-Ort.czi,adult,pomc,upper
360,54.0,15.148148148148149,818.0,K731_ARC _C1_slice2-Ort.czi,adult,pomc,upper
361,5.0,15.2,76.0,K731_ARC _C1_slice2-Ort.czi,adult,pomc,upper
362,1339.0,14.914115011202389,19970.0,K731_ARC _C1_slice2-Ort.czi,adult,pomc,upper
363,299.0,13.411371237458194,4010.0,K731_ARC _C1_slice2-Ort.czi,adult,pomc,upper
364,29.0,17.689655172413794,513.0,K731_ARC _C1_slice2-Ort.czi,adult,pomc,upper
365,2.0,17.0,34.0,K731_ARC _C1_slice2-Ort.czi,adult,pomc,upper
366,76.0,14.618421052631579,1111.0,K731_ARC _C1_slice2-Ort.czi,adult,pomc,upper
367,3.0,10.666666666666666,32.0,K731_ARC _C1_slice2-Ort.czi,adult,pomc,upper
368,33.0,13.151515151515152,434.0,K731_ARC _C1_slice2-Ort.czi,adult,pomc,upper
369,13.0,13.76923076923077,179.0,K731_ARC _C1_slice2-Ort.czi,adult,pomc,upper
370,1.0,20.0,20.0,K731_ARC _C1_slice2-Ort.czi,adult,pomc,upper
371,2.0,4.0,8.0,K731_ARC _C1_slice2-Ort.czi,adult,pomc,upper
372,37.0,13.594594594594595,503.0,K731_ARC _C1_slice2-Ort.czi,adult,pomc,upper
373,77.0,15.25974025974026,1175.0,K731_ARC _C1_slice2-Ort.czi,adult,pomc,upper
374,1.0,19.0,19.0,K731_ARC _C1_slice2-Ort.czi,adult,pomc,upper
375,23.0,16.73913043478261,385.0,K731_ARC _C1_slice2-Ort.czi,adult,pomc,upper
376,84.0,15.25,1281.0,K731_ARC _C1_slice2-Ort.czi,adult,pomc,upper
377,31.0,13.32258064516129,413.0,K731_ARC _C1_slice2-Ort.czi,adult,pomc,upper
378,182.0,13.934065934065934,2536.0,K731_ARC _C1_slice2-Ort.czi,adult,pomc,upper
379,7.0,14.0,98.0,K731_ARC _C1_slice2-Ort.czi,adult,pomc,upper
380,153.0,14.235294117647058,2178.0,K731_ARC _C1_slice2-Ort.czi,adult,pomc,upper
381,3.0,12.0,36.0,K731_ARC _C1_slice2-Ort.czi,adult,pomc,upper
382,7.0,13.0,91.0,K731_ARC _C1_slice2-Ort.czi,adult,pomc,upper
383,8.0,14.375,115.0,K731_ARC _C1_slice2-Ort.czi,adult,pomc,upper
384,19.0,22.736842105263158,432.0,K731_ARC _C1_slice2-Ort.czi,adult,pomc,upper
385,130.0,14.438461538461539,1877.0,K731_ARC _C1_slice2-Ort.czi,adult,pomc,upper
386,204.0,14.446078431372548,2947.0,K731_ARC _C1_slice2-Ort.czi,adult,pomc,upper
387,62.0,14.596774193548388,905.0,K731_ARC _C1_slice2-Ort.czi,adult,pomc,upper
388,15.0,16.2,243.0,K731_ARC _C1_slice2-Ort.czi,adult,pomc,upper
389,17.0,14.764705882352942,251.0,K731_ARC _C1_slice2-Ort.czi,adult,pomc,upper
390,23.0,13.869565217391305,319.0,K731_ARC _C1_slice2-Ort.czi,adult,pomc,upper
391,63.0,14.34920634920635,904.0,K731_ARC _C1_slice2-Ort.czi,adult,pomc,upper
392,62.0,15.064516129032258,934.0,K731_ARC _C1_slice2-Ort.czi,adult,pomc,upper
393,1.0,9.0,9.0,K731_ARC _C1_slice2-Ort.czi,adult,pomc,upper
394,8.0,17.75,142.0,K731_ARC _C1_slice2-Ort.czi,adult,pomc,upper
395,15.0,12.933333333333334,194.0,K731_ARC _C1_slice2-Ort.czi,adult,pomc,upper
396,7.0,14.714285714285714,103.0,K731_ARC _C1_slice2-Ort.czi,adult,pomc,upper
397,5.0,19.6,98.0,K731_ARC _C1_slice2-Ort.czi,adult,pomc,upper
398,50.0,15.46,773.0,K731_ARC _C1_slice2-Ort.czi,adult,pomc,upper
399,186.0,14.021505376344086,2608.0,K731_ARC _C1_slice2-Ort.czi,adult,pomc,upper
400,1.0,3.0,3.0,K731_ARC _C1_slice2-Ort.czi,adult,pomc,upper
401,1.0,15.0,15.0,K731_ARC _C1_slice2-Ort.czi,adult,pomc,upper
402,46.0,13.695652173913043,630.0,K731_ARC _C1_slice2-Ort.czi,adult,pomc,upper
403,449.0,14.66369710467706,6584.0,K731_ARC _C1_slice2-Ort.czi,adult,pomc,upper
404,1.0,6.0,6.0,K731_ARC _C1_slice2-Ort.czi,adult,pomc,upper
405,1.0,8.0,8.0,K731_ARC _C1_slice2-Ort.czi,adult,pomc,upper
406,26.0,14.192307692307692,369.0,K731_ARC _C1_slice2-Ort.czi,adult,pomc,upper
407,4.0,11.5,46.0,K731_ARC _C1_slice2-Ort.czi,adult,pomc,upper
408,179.0,17.664804469273744,3162.0,K731_ARC _C1_slice2-Ort.czi,adult,pomc,upper
409,40.0,105.725,4229.0,K731_ARC _C1_slice2-Ort.czi,adult,pomc,upper
410,19.0,14.736842105263158,280.0,K731_ARC _C1_slice2-Ort.czi,adult,pomc,upper
411,45.0,14.666666666666666,660.0,K731_ARC _C1_slice2-Ort.czi,adult,pomc,upper
412,81.0,14.283950617283951,1157.0,K731_ARC _C1_slice2-Ort.czi,adult,pomc,upper
413,11.0,14.636363636363637,161.0,K731_ARC _C1_slice2-Ort.czi,adult,pomc,upper
414,1.0,5.0,5.0,K731_ARC _C1_slice2-Ort.czi,adult,pomc,upper
415,4.0,11.5,46.0,K731_ARC _C1_slice2-Ort.czi,adult,pomc,upper
416,1.0,8.0,8.0,K731_ARC _C1_slice2-Ort.czi,adult,pomc,upper
417,30.0,14.0,420.0,K731_ARC _C1_slice2-Ort.czi,adult,pomc,upper
418,30.0,18.033333333333335,541.0,K731_ARC _C1_slice2-Ort.czi,adult,pomc,upper
419,38.0,17.394736842105264,661.0,K731_ARC _C1_slice2-Ort.czi,adult,pomc,upper
420,145.0,12.675862068965516,1837.9999999999998,K731_ARC _C1_slice2-Ort.czi,adult,pomc,upper
421,393.0,14.816793893129772,5823.0,K731_ARC _C1_slice2-Ort.czi,adult,pomc,upper
422,27.0,14.037037037037036,379.0,K731_ARC _C1_slice2-Ort.czi,adult,pomc,upper
423,43.0,15.209302325581396,654.0,K731_ARC _C1_slice2-Ort.czi,adult,pomc,upper
424,85.0,15.24705882352941,1296.0,K731_ARC _C1_slice2-Ort.czi,adult,pomc,upper
425,33.0,14.333333333333334,473.0,K731_ARC _C1_slice2-Ort.czi,adult,pomc,upper
426,48.0,14.6875,705.0,K731_ARC _C1_slice2-Ort.czi,adult,pomc,upper
427,1984.0,14.95211693548387,29665.0,K731_ARC _C1_slice2-Ort.czi,adult,pomc,upper
428,66.0,14.0,924.0,K731_ARC _C1_slice2-Ort.czi,adult,pomc,upper
429,225.0,13.266666666666667,2985.0,K731_ARC _C1_slice2-Ort.czi,adult,pomc,upper
430,9.0,16.555555555555557,149.0,K731_ARC _C1_slice2-Ort.czi,adult,pomc,upper
431,6.0,11.833333333333334,71.0,K731_ARC _C1_slice2-Ort.czi,adult,pomc,upper
432,2.0,12.5,25.0,K731_ARC _C1_slice2-Ort.czi,adult,pomc,upper
433,3.0,18.333333333333332,55.0,K731_ARC _C1_slice2-Ort.czi,adult,pomc,upper
434,1.0,8.0,8.0,K731_ARC _C1_slice2-Ort.czi,adult,pomc,upper
435,22.0,15.136363636363637,333.0,K731_ARC _C1_slice2-Ort.czi,adult,pomc,upper
436,77.0,16.025974025974026,1234.0,K731_ARC _C1_slice2-Ort.czi,adult,pomc,upper
437,1.0,22.0,22.0,K731_ARC _C1_slice2-Ort.czi,adult,pomc,upper
438,16.0,12.5,200.0,K731_ARC _C1_slice2-Ort.czi,adult,pomc,upper
439,218.0,14.642201834862385,3192.0,K731_ARC _C1_slice2-Ort.czi,adult,pomc,upper
440,5.0,14.4,72.0,K731_ARC _C1_slice2-Ort.czi,adult,pomc,upper
441,97.0,16.484536082474225,1598.9999999999998,K731_ARC _C1_slice2-Ort.czi,adult,pomc,upper
442,6.0,14.5,87.0,K731_ARC _C1_slice2-Ort.czi,adult,pomc,upper
443,83.0,14.204819277108435,1179.0,K731_ARC _C1_slice2-Ort.czi,adult,pomc,upper
444,6948.0,14.65846286701209,101847.0,K731_ARC _C1_slice2-Ort.czi,adult,pomc,upper
445,37.0,15.054054054054054,557.0,K731_ARC _C1_slice2-Ort.czi,adult,pomc,upper
446,159.0,13.89937106918239,2210.0,K731_ARC _C1_slice2-Ort.czi,adult,pomc,upper
447,1.0,12.0,12.0,K731_ARC _C1_slice2-Ort.czi,adult,pomc,upper
448,65.0,13.784615384615385,896.0,K731_ARC _C1_slice2-Ort.czi,adult,pomc,upper
449,67.0,13.238805970149254,887.0,K731_ARC _C1_slice2-Ort.czi,adult,pomc,upper
450,267.0,16.827715355805243,4493.0,K731_ARC _C1_slice2-Ort.czi,adult,pomc,upper
451,84.0,14.928571428571429,1254.0,K731_ARC _C1_slice2-Ort.czi,adult,pomc,upper
452,46.0,13.304347826086957,612.0,K731_ARC _C1_slice2-Ort.czi,adult,pomc,upper
453,241.0,15.04149377593361,3625.0,K731_ARC _C1_slice2-Ort.czi,adult,pomc,upper
454,10.0,16.5,165.0,K731_ARC _C1_slice2-Ort.czi,adult,pomc,upper
455,1.0,5.0,5.0,K731_ARC _C1_slice2-Ort.czi,adult,pomc,upper
456,445.0,14.26741573033708,6349.0,K731_ARC _C1_slice2-Ort.czi,adult,pomc,upper
457,282.0,15.24468085106383,4299.0,K731_ARC _C1_slice2-Ort.czi,adult,pomc,upper
458,68.0,16.88235294117647,1148.0,K731_ARC _C1_slice2-Ort.czi,adult,pomc,upper
459,77.0,13.194805194805195,1016.0,K731_ARC _C1_slice2-Ort.czi,adult,pomc,upper
460,158.0,13.525316455696203,2137.0,K731_ARC _C1_slice2-Ort.czi,adult,pomc,upper
461,44.0,13.727272727272727,604.0,K731_ARC _C1_slice2-Ort.czi,adult,pomc,upper
462,202.0,15.673267326732674,3166.0,K731_ARC _C1_slice2-Ort.czi,adult,pomc,upper
463,636.0,15.270440251572326,9712.0,K731_ARC _C1_slice2-Ort.czi,adult,pomc,upper
464,44.0,15.863636363636363,698.0,K731_ARC _C1_slice2-Ort.czi,adult,pomc,upper
465,12.0,12.25,147.0,K731_ARC _C1_slice2-Ort.czi,adult,pomc,upper
466,26.0,14.576923076923077,379.0,K731_ARC _C1_slice2-Ort.czi,adult,pomc,upper
467,77.0,15.532467532467532,1196.0,K731_ARC _C1_slice2-Ort.czi,adult,pomc,upper
468,47932.0,14.057080864558124,673784.0,K731_ARC _C1_slice2-Ort.czi,adult,pomc,upper
469,443.0,14.36117381489842,6362.0,K731_ARC _C1_slice2-Ort.czi,adult,pomc,upper
470,3.0,10.0,30.0,K731_ARC _C1_slice2-Ort.czi,adult,pomc,upper
471,58.0,15.362068965517242,891.0,K731_ARC _C1_slice2-Ort.czi,adult,pomc,upper
472,11.0,12.363636363636363,136.0,K731_ARC _C1_slice2-Ort.czi,adult,pomc,upper
473,1.0,17.0,17.0,K731_ARC _C1_slice2-Ort.czi,adult,pomc,upper
474,36.0,16.833333333333332,606.0,K731_ARC _C1_slice2-Ort.czi,adult,pomc,upper
475,55.0,15.454545454545455,850.0,K731_ARC _C1_slice2-Ort.czi,adult,pomc,upper
476,32.0,14.96875,479.0,K731_ARC _C1_slice2-Ort.czi,adult,pomc,upper
477,217.0,13.847926267281107,3005.0,K731_ARC _C1_slice2-Ort.czi,adult,pomc,upper
478,41.0,14.829268292682928,608.0,K731_ARC _C1_slice2-Ort.czi,adult,pomc,upper
479,1.0,8.0,8.0,K731_ARC _C1_slice2-Ort.czi,adult,pomc,upper
480,140.0,14.064285714285715,1969.0,K731_ARC _C1_slice2-Ort.czi,adult,pomc,upper
481,26.0,16.884615384615383,438.99999999999994,K731_ARC _C1_slice2-Ort.czi,adult,pomc,upper
482,1.0,19.0,19.0,K731_ARC _C1_slice2-Ort.czi,adult,pomc,upper
483,42.0,14.166666666666666,595.0,K731_ARC _C1_slice2-Ort.czi,adult,pomc,upper
484,96.0,14.208333333333334,1364.0,K731_ARC _C1_slice2-Ort.czi,adult,pomc,upper
485,1.0,16.0,16.0,K731_ARC _C1_slice2-Ort.czi,adult,pomc,upper
486,64.0,13.96875,894.0,K731_ARC _C1_slice2-Ort.czi,adult,pomc,upper
487,68.0,14.911764705882353,1014.0,K731_ARC _C1_slice2-Ort.czi,adult,pomc,upper
488,6121.0,14.58127756902467,89252.0,K731_ARC _C1_slice2-Ort.czi,adult,pomc,upper
489,225.0,13.928888888888888,3134.0,K731_ARC _C1_slice2-Ort.czi,adult,pomc,upper
490,9.0,11.444444444444445,103.0,K731_ARC _C1_slice2-Ort.czi,adult,pomc,upper
491,40.0,11.925,477.0,K731_ARC _C1_slice2-Ort.czi,adult,pomc,upper
492,38.0,17.394736842105264,661.0,K731_ARC _C1_slice2-Ort.czi,adult,pomc,upper
493,4720.0,14.313347457627119,67559.0,K731_ARC _C1_slice2-Ort.czi,adult,pomc,upper
494,311.0,14.572347266881028,4532.0,K731_ARC _C1_slice2-Ort.czi,adult,pomc,upper
495,494.0,14.402834008097166,7115.0,K731_ARC _C1_slice2-Ort.czi,adult,pomc,upper
496,22.0,15.136363636363637,333.0,K731_ARC _C1_slice2-Ort.czi,adult,pomc,upper
497,1.0,24.0,24.0,K731_ARC _C1_slice2-Ort.czi,adult,pomc,upper
498,98.0,14.438775510204081,1415.0,K731_ARC _C1_slice2-Ort.czi,adult,pomc,upper
499,30.0,18.866666666666667,566.0,K731_ARC _C1_slice2-Ort.czi,adult,pomc,upper
500,1.0,15.0,15.0,K731_ARC _C1_slice2-Ort.czi,adult,pomc,upper
501,119.0,12.243697478991596,1457.0,K731_ARC _C1_slice2-Ort.czi,adult,pomc,upper
502,26.0,17.53846153846154,456.00000000000006,K731_ARC _C1_slice2-Ort.czi,adult,pomc,upper
503,159.0,14.716981132075471,2340.0,K731_ARC _C1_slice2-Ort.czi,adult,pomc,upper
504,69.0,14.46376811594203,998.0,K731_ARC _C1_slice2-Ort.czi,adult,pomc,upper
505,458.0,15.676855895196507,7180.0,K731_ARC _C1_slice2-Ort.czi,adult,pomc,upper
506,1.0,16.0,16.0,K731_ARC _C1_slice2-Ort.czi,adult,pomc,upper
507,18.0,13.777777777777779,248.0,K731_ARC _C1_slice2-Ort.czi,adult,pomc,upper
508,72.0,16.041666666666668,1155.0,K731_ARC _C1_slice2-Ort.czi,adult,pomc,upper
509,17.0,19.88235294117647,338.0,K731_ARC _C1_slice2-Ort.czi,adult,pomc,upper
510,235.0,14.86808510638298,3494.0,K731_ARC _C1_slice2-Ort.czi,adult,pomc,upper
511,543.0,14.32596685082873,7779.0,K731_ARC _C1_slice2-Ort.czi,adult,pomc,upper
512,175.0,13.16,2303.0,K731_ARC _C1_slice2-Ort.czi,adult,pomc,upper
513,117.0,13.495726495726496,1579.0,K731_ARC _C1_slice2-Ort.czi,adult,pomc,upper
514,126.0,13.88888888888889,1750.0,K731_ARC _C1_slice2-Ort.czi,adult,pomc,upper
515,55.0,12.4,682.0,K731_ARC _C1_slice2-Ort.czi,adult,pomc,upper
516,181.0,14.6353591160221,2649.0,K731_ARC _C1_slice2-Ort.czi,adult,pomc,upper
517,19.0,11.789473684210526,224.0,K731_ARC _C1_slice2-Ort.czi,adult,pomc,upper
518,5.0,16.0,80.0,K731_ARC _C1_slice2-Ort.czi,adult,pomc,upper
519,1.0,14.0,14.0,K731_ARC _C1_slice2-Ort.czi,adult,pomc,upper
520,14.0,15.5,217.0,K731_ARC _C1_slice2-Ort.czi,adult,pomc,upper
521,9.0,15.88888888888889,143.0,K731_ARC _C1_slice2-Ort.czi,adult,pomc,upper
522,1.0,19.0,19.0,K731_ARC _C1_slice2-Ort.czi,adult,pomc,upper
523,1.0,6.0,6.0,K731_ARC _C1_slice2-Ort.czi,adult,pomc,upper
524,324.0,13.86111111111111,4491.0,K731_ARC _C1_slice2-Ort.czi,adult,pomc,upper
525,27.0,13.851851851851851,374.0,K731_ARC _C1_slice2-Ort.czi,adult,pomc,upper
526,3.0,11.666666666666666,35.0,K731_ARC _C1_slice2-Ort.czi,adult,pomc,upper
527,18.0,16.22222222222222,292.0,K731_ARC _C1_slice2-Ort.czi,adult,pomc,upper
528,549.0,13.914389799635702,7639.0,K731_ARC _C1_slice2-Ort.czi,adult,pomc,upper
529,205.0,13.878048780487806,2845.0,K731_ARC _C1_slice2-Ort.czi,adult,pomc,upper
530,19.0,14.631578947368421,278.0,K731_ARC _C1_slice2-Ort.czi,adult,pomc,upper
531,44.0,14.045454545454545,618.0,K731_ARC _C1_slice2-Ort.czi,adult,pomc,upper
532,24.0,14.625,351.0,K731_ARC _C1_slice2-Ort.czi,adult,pomc,upper
533,1.0,8.0,8.0,K731_ARC _C1_slice2-Ort.czi,adult,pomc,upper
534,36.0,16.194444444444443,583.0,K731_ARC _C1_slice2-Ort.czi,adult,pomc,upper
535,11.0,18.181818181818183,200.00000000000003,K731_ARC _C1_slice2-Ort.czi,adult,pomc,upper
536,1.0,6.0,6.0,K731_ARC _C1_slice2-Ort.czi,adult,pomc,upper
537,39.0,12.615384615384615,492.0,K731_ARC _C1_slice2-Ort.czi,adult,pomc,upper
538,35.0,16.771428571428572,587.0,K731_ARC _C1_slice2-Ort.czi,adult,pomc,upper
539,662.0,14.954682779456194,9900.0,K731_ARC _C1_slice2-Ort.czi,adult,pomc,upper
540,1.0,17.0,17.0,K731_ARC _C1_slice2-Ort.czi,adult,pomc,upper
541,59.0,15.271186440677965,901.0,K731_ARC _C1_slice2-Ort.czi,adult,pomc,upper
542,2.0,11.0,22.0,K731_ARC _C1_slice2-Ort.czi,adult,pomc,upper
543,1.0,11.0,11.0,K731_ARC _C1_slice2-Ort.czi,adult,pomc,upper
544,35.0,18.4,644.0,K731_ARC _C1_slice2-Ort.czi,adult,pomc,upper
545,1518.0,14.174571805006588,21517.0,K731_ARC _C1_slice2-Ort.czi,adult,pomc,upper
546,240.0,14.041666666666666,3370.0,K731_ARC _C1_slice2-Ort.czi,adult,pomc,upper
547,25.0,14.2,355.0,K731_ARC _C1_slice2-Ort.czi,adult,pomc,upper
548,70.0,12.628571428571428,884.0,K731_ARC _C1_slice2-Ort.czi,adult,pomc,upper
549,6.0,11.0,66.0,K731_ARC _C1_slice2-Ort.czi,adult,pomc,upper
550,1.0,17.0,17.0,K731_ARC _C1_slice2-Ort.czi,adult,pomc,upper
551,13.0,15.384615384615385,200.0,K731_ARC _C1_slice2-Ort.czi,adult,pomc,upper
552,57.0,13.771929824561404,785.0,K731_ARC _C1_slice2-Ort.czi,adult,pomc,upper
553,86.0,13.63953488372093,1173.0,K731_ARC _C1_slice2-Ort.czi,adult,pomc,upper
554,7.0,15.714285714285714,110.0,K731_ARC _C1_slice2-Ort.czi,adult,pomc,upper
555,488.0,14.98360655737705,7312.0,K731_ARC _C1_slice2-Ort.czi,adult,pomc,upper
556,60.0,13.266666666666667,796.0,K731_ARC _C1_slice2-Ort.czi,adult,pomc,upper
557,411.0,14.136253041362531,5810.0,K731_ARC _C1_slice2-Ort.czi,adult,pomc,upper
558,10.0,13.7,137.0,K731_ARC _C1_slice2-Ort.czi,adult,pomc,upper
559,16.0,15.0,240.0,K731_ARC _C1_slice2-Ort.czi,adult,pomc,upper
560,39.0,18.102564102564102,706.0,K731_ARC _C1_slice2-Ort.czi,adult,pomc,upper
561,87.0,12.827586206896552,1116.0,K731_ARC _C1_slice2-Ort.czi,adult,pomc,upper
562,15.0,17.066666666666666,256.0,K731_ARC _C1_slice2-Ort.czi,adult,pomc,upper
563,121.0,13.49586776859504,1633.0,K731_ARC _C1_slice2-Ort.czi,adult,pomc,upper
564,129.0,14.527131782945736,1874.0,K731_ARC _C1_slice2-Ort.czi,adult,pomc,upper
565,226.0,14.761061946902656,3336.0,K731_ARC _C1_slice2-Ort.czi,adult,pomc,upper
566,36.0,13.555555555555555,488.0,K731_ARC _C1_slice2-Ort.czi,adult,pomc,upper
567,15.0,17.0,255.0,K731_ARC _C1_slice2-Ort.czi,adult,pomc,upper
568,46.0,14.826086956521738,682.0,K731_ARC _C1_slice2-Ort.czi,adult,pomc,upper
569,3597.0,17.90936891854323,64420.0,K731_ARC _C1_slice2-Ort.czi,adult,pomc,upper
570,26.0,16.884615384615383,438.99999999999994,K731_ARC _C1_slice2-Ort.czi,adult,pomc,upper
571,63.0,15.253968253968255,961.0,K731_ARC _C1_slice2-Ort.czi,adult,pomc,upper
572,36.0,15.555555555555555,560.0,K731_ARC _C1_slice2-Ort.czi,adult,pomc,upper
573,45.0,13.844444444444445,623.0,K731_ARC _C1_slice2-Ort.czi,adult,pomc,upper
574,33.0,13.090909090909092,432.0,K731_ARC _C1_slice2-Ort.czi,adult,pomc,upper
575,40.0,14.2,568.0,K731_ARC _C1_slice2-Ort.czi,adult,pomc,upper
576,59.0,13.440677966101696,793.0,K731_ARC _C1_slice2-Ort.czi,adult,pomc,upper
577,108.0,13.666666666666666,1476.0,K731_ARC _C1_slice2-Ort.czi,adult,pomc,upper
578,20.0,15.7,314.0,K731_ARC _C1_slice2-Ort.czi,adult,pomc,upper
579,225.0,15.924444444444445,3583.0,K731_ARC _C1_slice2-Ort.czi,adult,pomc,upper
580,1.0,6.0,6.0,K731_ARC _C1_slice2-Ort.czi,adult,pomc,upper
581,21.0,14.428571428571429,303.0,K731_ARC _C1_slice2-Ort.czi,adult,pomc,upper
582,35.0,14.714285714285714,515.0,K731_ARC _C1_slice2-Ort.czi,adult,pomc,upper
583,750.0,13.762666666666666,10322.0,K731_ARC _C1_slice2-Ort.czi,adult,pomc,upper
584,39.0,13.102564102564102,511.0,K731_ARC _C1_slice2-Ort.czi,adult,pomc,upper
585,6.0,10.333333333333334,62.0,K731_ARC _C1_slice2-Ort.czi,adult,pomc,upper
586,3.0,17.666666666666668,53.0,K731_ARC _C1_slice2-Ort.czi,adult,pomc,upper
587,16.0,15.75,252.0,K731_ARC _C1_slice2-Ort.czi,adult,pomc,upper
588,403.0,14.662531017369727,5909.0,K731_ARC _C1_slice2-Ort.czi,adult,pomc,upper
589,77.0,15.792207792207792,1216.0,K731_ARC _C1_slice2-Ort.czi,adult,pomc,upper
590,448.0,14.162946428571429,6345.0,K731_ARC _C1_slice2-Ort.czi,adult,pomc,upper
591,27.0,13.444444444444445,363.0,K731_ARC _C1_slice2-Ort.czi,adult,pomc,upper
592,304.0,14.825657894736842,4507.0,K731_ARC _C1_slice2-Ort.czi,adult,pomc,upper
593,97.0,14.268041237113403,1384.0,K731_ARC _C1_slice2-Ort.czi,adult,pomc,upper
594,15.0,15.266666666666667,229.0,K731_ARC _C1_slice2-Ort.czi,adult,pomc,upper
595,47.0,14.148936170212766,665.0,K731_ARC _C1_slice2-Ort.czi,adult,pomc,upper
596,27.0,14.296296296296296,386.0,K731_ARC _C1_slice2-Ort.czi,adult,pomc,upper
597,58.0,14.310344827586206,830.0,K731_ARC _C1_slice2-Ort.czi,adult,pomc,upper
598,47.0,14.702127659574469,691.0,K731_ARC _C1_slice2-Ort.czi,adult,pomc,upper
599,215.0,14.967441860465117,3218.0,K731_ARC _C1_slice2-Ort.czi,adult,pomc,upper
600,8.0,16.625,133.0,K731_ARC _C1_slice2-Ort.czi,adult,pomc,upper
601,13.0,22.923076923076923,298.0,K731_ARC _C1_slice2-Ort.czi,adult,pomc,upper
602,1.0,3.0,3.0,K731_ARC _C1_slice2-Ort.czi,adult,pomc,upper
603,44.0,13.818181818181818,608.0,K731_ARC _C1_slice2-Ort.czi,adult,pomc,upper
604,32.0,14.21875,455.0,K731_ARC _C1_slice2-Ort.czi,adult,pomc,upper
605,23.0,12.869565217391305,296.0,K731_ARC _C1_slice2-Ort.czi,adult,pomc,upper
606,334.0,14.158682634730539,4729.0,K731_ARC _C1_slice2-Ort.czi,adult,pomc,upper
607,6.0,12.5,75.0,K731_ARC _C1_slice2-Ort.czi,adult,pomc,upper
608,53.0,14.132075471698114,749.0,K731_ARC _C1_slice2-Ort.czi,adult,pomc,upper
609,568.0,15.538732394366198,8826.0,K731_ARC _C1_slice2-Ort.czi,adult,pomc,upper
610,136.0,14.808823529411764,2014.0,K731_ARC _C1_slice2-Ort.czi,adult,pomc,upper
611,19.0,14.368421052631579,273.0,K731_ARC _C1_slice2-Ort.czi,adult,pomc,upper
612,5.0,15.2,76.0,K731_ARC _C1_slice2-Ort.czi,adult,pomc,upper
613,132.0,13.265151515151516,1751.0,K731_ARC _C1_slice2-Ort.czi,adult,pomc,upper
614,85.0,13.141176470588235,1117.0,K731_ARC _C1_slice2-Ort.czi,adult,pomc,upper
615,13.0,13.923076923076923,181.0,K731_ARC _C1_slice2-Ort.czi,adult,pomc,upper
616,1875.0,17.247466666666668,32339.000000000004,K731_ARC _C1_slice2-Ort.czi,adult,pomc,upper
617,285.0,14.30877192982456,4077.9999999999995,K731_ARC _C1_slice2-Ort.czi,adult,pomc,upper
618,3.0,18.666666666666668,56.0,K731_ARC _C1_slice2-Ort.czi,adult,pomc,upper
619,49.0,15.204081632653061,745.0,K731_ARC _C1_slice2-Ort.czi,adult,pomc,upper
620,24.0,14.333333333333334,344.0,K731_ARC _C1_slice2-Ort.czi,adult,pomc,upper
621,7.0,16.285714285714285,114.0,K731_ARC _C1_slice2-Ort.czi,adult,pomc,upper
622,53.0,13.30188679245283,705.0,K731_ARC _C1_slice2-Ort.czi,adult,pomc,upper
623,43.0,14.534883720930232,625.0,K731_ARC _C1_slice2-Ort.czi,adult,pomc,upper
624,20.0,18.6,372.0,K731_ARC _C1_slice2-Ort.czi,adult,pomc,upper
625,5.0,9.4,47.0,K731_ARC _C1_slice2-Ort.czi,adult,pomc,upper
626,31.0,16.225806451612904,503.0,K731_ARC _C1_slice2-Ort.czi,adult,pomc,upper
627,8.0,14.5,116.0,K731_ARC _C1_slice2-Ort.czi,adult,pomc,upper
628,38.0,13.763157894736842,523.0,K731_ARC _C1_slice2-Ort.czi,adult,pomc,upper
629,119.0,13.747899159663865,1636.0,K731_ARC _C1_slice2-Ort.czi,adult,pomc,upper
630,34.0,14.705882352941176,500.0,K731_ARC _C1_slice2-Ort.czi,adult,pomc,upper
631,59.0,15.338983050847459,905.0,K731_ARC _C1_slice2-Ort.czi,adult,pomc,upper
632,486.0,15.534979423868313,7550.0,K731_ARC _C1_slice2-Ort.czi,adult,pomc,upper
633,31.0,14.419354838709678,447.0,K731_ARC _C1_slice2-Ort.czi,adult,pomc,upper
634,17.0,15.470588235294118,263.0,K731_ARC _C1_slice2-Ort.czi,adult,pomc,upper
635,1390.0,15.897841726618704,22098.0,K731_ARC _C1_slice2-Ort.czi,adult,pomc,upper
636,996.0,16.52710843373494,16461.0,K731_ARC _C1_slice2-Ort.czi,adult,pomc,upper
637,708.0,13.504237288135593,9561.0,K731_ARC _C1_slice2-Ort.czi,adult,pomc,upper
638,41.0,13.170731707317072,540.0,K731_ARC _C1_slice2-Ort.czi,adult,pomc,upper
639,28.0,15.0,420.0,K731_ARC _C1_slice2-Ort.czi,adult,pomc,upper
640,201.0,14.26865671641791,2868.0,K731_ARC _C1_slice2-Ort.czi,adult,pomc,upper
641,922.0,15.249457700650758,14060.0,K731_ARC _C1_slice2-Ort.czi,adult,pomc,upper
642,3488.0,15.408256880733944,53744.0,K731_ARC _C1_slice2-Ort.czi,adult,pomc,upper
643,48.0,14.395833333333334,691.0,K731_ARC _C1_slice2-Ort.czi,adult,pomc,upper
644,3.0,15.333333333333334,46.0,K731_ARC _C1_slice2-Ort.czi,adult,pomc,upper
645,258.0,12.813953488372093,3306.0,K731_ARC _C1_slice2-Ort.czi,adult,pomc,upper
646,38.0,13.105263157894736,498.0,K731_ARC _C1_slice2-Ort.czi,adult,pomc,upper
647,105.0,16.36190476190476,1717.9999999999998,K731_ARC _C1_slice2-Ort.czi,adult,pomc,upper
648,4.0,17.25,69.0,K731_ARC _C1_slice2-Ort.czi,adult,pomc,upper
649,71.0,13.014084507042254,924.0,K731_ARC _C1_slice2-Ort.czi,adult,pomc,upper
650,182.0,15.5,2821.0,K731_ARC _C1_slice2-Ort.czi,adult,pomc,upper
651,163.0,14.01840490797546,2285.0,K731_ARC _C1_slice2-Ort.czi,adult,pomc,upper
1,80.0,17.9125,1433.0,J987_ARC _C3_slice3-Ort.czi,adult,pomc,upper
2,39.0,18.333333333333332,715.0,J987_ARC _C3_slice3-Ort.czi,adult,pomc,upper
3,128.0,59.3984375,7603.0,J987_ARC _C3_slice3-Ort.czi,adult,pomc,upper
4,45.0,18.288888888888888,823.0,J987_ARC _C3_slice3-Ort.czi,adult,pomc,upper
5,82.0,15.670731707317072,1285.0,J987_ARC _C3_slice3-Ort.czi,adult,pomc,upper
6,154.0,18.727272727272727,2884.0,J987_ARC _C3_slice3-Ort.czi,adult,pomc,upper
7,247.0,17.995951417004047,4445.0,J987_ARC _C3_slice3-Ort.czi,adult,pomc,upper
8,1.0,33.0,33.0,J987_ARC _C3_slice3-Ort.czi,adult,pomc,upper
9,6.0,14.333333333333334,86.0,J987_ARC _C3_slice3-Ort.czi,adult,pomc,upper
10,3.0,13.0,39.0,J987_ARC _C3_slice3-Ort.czi,adult,pomc,upper
11,45.0,19.555555555555557,880.0000000000001,J987_ARC _C3_slice3-Ort.czi,adult,pomc,upper
12,181.0,62.0,11222.0,J987_ARC _C3_slice3-Ort.czi,adult,pomc,upper
13,18.0,15.5,279.0,J987_ARC _C3_slice3-Ort.czi,adult,pomc,upper
14,22.0,16.90909090909091,372.0,J987_ARC _C3_slice3-Ort.czi,adult,pomc,upper
15,187.0,17.83957219251337,3336.0,J987_ARC _C3_slice3-Ort.czi,adult,pomc,upper
16,14.0,21.142857142857142,296.0,J987_ARC _C3_slice3-Ort.czi,adult,pomc,upper
17,2.0,18.5,37.0,J987_ARC _C3_slice3-Ort.czi,adult,pomc,upper
18,33.0,21.060606060606062,695.0,J987_ARC _C3_slice3-Ort.czi,adult,pomc,upper
19,97.0,23.051546391752577,2236.0,J987_ARC _C3_slice3-Ort.czi,adult,pomc,upper
20,63.0,21.238095238095237,1338.0,J987_ARC _C3_slice3-Ort.czi,adult,pomc,upper
21,74.0,16.027027027027028,1186.0,J987_ARC _C3_slice3-Ort.czi,adult,pomc,upper
22,160.0,16.9375,2710.0,J987_ARC _C3_slice3-Ort.czi,adult,pomc,upper
23,38.0,18.973684210526315,721.0,J987_ARC _C3_slice3-Ort.czi,adult,pomc,upper
24,77.0,23.116883116883116,1780.0,J987_ARC _C3_slice3-Ort.czi,adult,pomc,upper
25,35.0,21.085714285714285,738.0,J987_ARC _C3_slice3-Ort.czi,adult,pomc,upper
26,18.0,15.055555555555555,271.0,J987_ARC _C3_slice3-Ort.czi,adult,pomc,upper
27,48.0,18.166666666666668,872.0,J987_ARC _C3_slice3-Ort.czi,adult,pomc,upper
28,1.0,28.0,28.0,J987_ARC _C3_slice3-Ort.czi,adult,pomc,upper
29,143.0,17.965034965034967,2569.0000000000005,J987_ARC _C3_slice3-Ort.czi,adult,pomc,upper
30,2.0,18.0,36.0,J987_ARC _C3_slice3-Ort.czi,adult,pomc,upper
31,633.0,37.120063191153235,23496.999999999996,J987_ARC _C3_slice3-Ort.czi,adult,pomc,upper
32,149.0,17.899328859060404,2667.0,J987_ARC _C3_slice3-Ort.czi,adult,pomc,upper
33,682.0,18.772727272727273,12803.0,J987_ARC _C3_slice3-Ort.czi,adult,pomc,upper
34,33.0,16.818181818181817,555.0,J987_ARC _C3_slice3-Ort.czi,adult,pomc,upper
35,42.0,17.11904761904762,719.0,J987_ARC _C3_slice3-Ort.czi,adult,pomc,upper
36,66.0,17.348484848484848,1145.0,J987_ARC _C3_slice3-Ort.czi,adult,pomc,upper
37,70.0,21.1,1477.0,J987_ARC _C3_slice3-Ort.czi,adult,pomc,upper
38,6.0,26.333333333333332,158.0,J987_ARC _C3_slice3-Ort.czi,adult,pomc,upper
39,63.0,17.92063492063492,1129.0,J987_ARC _C3_slice3-Ort.czi,adult,pomc,upper
40,5.0,16.8,84.0,J987_ARC _C3_slice3-Ort.czi,adult,pomc,upper
41,14.0,23.0,322.0,J987_ARC _C3_slice3-Ort.czi,adult,pomc,upper
42,32.0,18.59375,595.0,J987_ARC _C3_slice3-Ort.czi,adult,pomc,upper
43,25.0,22.16,554.0,J987_ARC _C3_slice3-Ort.czi,adult,pomc,upper
44,63.0,16.825396825396826,1060.0,J987_ARC _C3_slice3-Ort.czi,adult,pomc,upper
45,8.0,15.125,121.0,J987_ARC _C3_slice3-Ort.czi,adult,pomc,upper
46,108.0,17.064814814814813,1842.9999999999998,J987_ARC _C3_slice3-Ort.czi,adult,pomc,upper
47,16.0,16.0625,257.0,J987_ARC _C3_slice3-Ort.czi,adult,pomc,upper
48,184.0,35.75,6578.0,J987_ARC _C3_slice3-Ort.czi,adult,pomc,upper
49,31.0,17.516129032258064,543.0,J987_ARC _C3_slice3-Ort.czi,adult,pomc,upper
50,565.0,16.309734513274336,9215.0,J987_ARC _C3_slice3-Ort.czi,adult,pomc,upper
51,37.0,18.972972972972972,702.0,J987_ARC _C3_slice3-Ort.czi,adult,pomc,upper
52,11.0,14.272727272727273,157.0,J987_ARC _C3_slice3-Ort.czi,adult,pomc,upper
53,15.0,24.6,369.0,J987_ARC _C3_slice3-Ort.czi,adult,pomc,upper
54,1.0,16.0,16.0,J987_ARC _C3_slice3-Ort.czi,adult,pomc,upper
55,7.0,14.714285714285714,103.0,J987_ARC _C3_slice3-Ort.czi,adult,pomc,upper
56,1.0,9.0,9.0,J987_ARC _C3_slice3-Ort.czi,adult,pomc,upper
57,14.0,16.142857142857142,226.0,J987_ARC _C3_slice3-Ort.czi,adult,pomc,upper
58,25.0,15.08,377.0,J987_ARC _C3_slice3-Ort.czi,adult,pomc,upper
59,61.0,21.295081967213115,1299.0,J987_ARC _C3_slice3-Ort.czi,adult,pomc,upper
60,29.0,18.275862068965516,530.0,J987_ARC _C3_slice3-Ort.czi,adult,pomc,upper
61,127.0,19.133858267716537,2430.0,J987_ARC _C3_slice3-Ort.czi,adult,pomc,upper
62,1.0,16.0,16.0,J987_ARC _C3_slice3-Ort.czi,adult,pomc,upper
63,49.0,18.142857142857142,889.0,J987_ARC _C3_slice3-Ort.czi,adult,pomc,upper
64,14.0,22.071428571428573,309.0,J987_ARC _C3_slice3-Ort.czi,adult,pomc,upper
65,42.0,16.761904761904763,704.0,J987_ARC _C3_slice3-Ort.czi,adult,pomc,upper
66,77.0,16.207792207792206,1247.9999999999998,J987_ARC _C3_slice3-Ort.czi,adult,pomc,upper
67,222.0,24.90990990990991,5530.0,J987_ARC _C3_slice3-Ort.czi,adult,pomc,upper
68,36.0,21.11111111111111,760.0,J987_ARC _C3_slice3-Ort.czi,adult,pomc,upper
69,1.0,10.0,10.0,J987_ARC _C3_slice3-Ort.czi,adult,pomc,upper
70,2.0,23.5,47.0,J987_ARC _C3_slice3-Ort.czi,adult,pomc,upper
71,198.0,18.757575757575758,3714.0,J987_ARC _C3_slice3-Ort.czi,adult,pomc,upper
72,117.0,19.136752136752136,2239.0,J987_ARC _C3_slice3-Ort.czi,adult,pomc,upper
73,52.0,18.903846153846153,983.0,J987_ARC _C3_slice3-Ort.czi,adult,pomc,upper
74,2.0,10.0,20.0,J987_ARC _C3_slice3-Ort.czi,adult,pomc,upper
75,61.0,15.868852459016393,968.0,J987_ARC _C3_slice3-Ort.czi,adult,pomc,upper
76,360.0,31.81388888888889,11453.0,J987_ARC _C3_slice3-Ort.czi,adult,pomc,upper
77,16.0,15.3125,245.0,J987_ARC _C3_slice3-Ort.czi,adult,pomc,upper
78,24.0,15.875,381.0,J987_ARC _C3_slice3-Ort.czi,adult,pomc,upper
79,6.0,14.833333333333334,89.0,J987_ARC _C3_slice3-Ort.czi,adult,pomc,upper
80,1.0,23.0,23.0,J987_ARC _C3_slice3-Ort.czi,adult,pomc,upper
81,1.0,20.0,20.0,J987_ARC _C3_slice3-Ort.czi,adult,pomc,upper
82,40.0,15.725,629.0,J987_ARC _C3_slice3-Ort.czi,adult,pomc,upper
83,3.0,8.666666666666666,26.0,J987_ARC _C3_slice3-Ort.czi,adult,pomc,upper
84,5.0,19.2,96.0,J987_ARC _C3_slice3-Ort.czi,adult,pomc,upper
85,28.0,16.214285714285715,454.0,J987_ARC _C3_slice3-Ort.czi,adult,pomc,upper
86,8.0,16.75,134.0,J987_ARC _C3_slice3-Ort.czi,adult,pomc,upper
87,1.0,18.0,18.0,J987_ARC _C3_slice3-Ort.czi,adult,pomc,upper
88,16.0,18.6875,299.0,J987_ARC _C3_slice3-Ort.czi,adult,pomc,upper
89,1.0,10.0,10.0,J987_ARC _C3_slice3-Ort.czi,adult,pomc,upper
90,13.0,18.53846153846154,241.00000000000003,J987_ARC _C3_slice3-Ort.czi,adult,pomc,upper
91,10.0,16.6,166.0,J987_ARC _C3_slice3-Ort.czi,adult,pomc,upper
92,26.0,16.615384615384617,432.00000000000006,J987_ARC _C3_slice3-Ort.czi,adult,pomc,upper
93,6.0,19.333333333333332,116.0,J987_ARC _C3_slice3-Ort.czi,adult,pomc,upper
94,36.0,22.97222222222222,827.0,J987_ARC _C3_slice3-Ort.czi,adult,pomc,upper
95,3.0,10.333333333333334,31.0,J987_ARC _C3_slice3-Ort.czi,adult,pomc,upper
96,3.0,27.0,81.0,J987_ARC _C3_slice3-Ort.czi,adult,pomc,upper
97,63.0,17.603174603174605,1109.0,J987_ARC _C3_slice3-Ort.czi,adult,pomc,upper
98,61.0,16.688524590163933,1017.9999999999999,J987_ARC _C3_slice3-Ort.czi,adult,pomc,upper
99,16.0,17.1875,275.0,J987_ARC _C3_slice3-Ort.czi,adult,pomc,upper
100,117.0,15.572649572649572,1822.0,J987_ARC _C3_slice3-Ort.czi,adult,pomc,upper
101,426.0,18.63849765258216,7940.0,J987_ARC _C3_slice3-Ort.czi,adult,pomc,upper
102,191.0,17.900523560209425,3419.0,J987_ARC _C3_slice3-Ort.czi,adult,pomc,upper
103,277.0,17.642599277978338,4887.0,J987_ARC _C3_slice3-Ort.czi,adult,pomc,upper
104,31.0,19.548387096774192,606.0,J987_ARC _C3_slice3-Ort.czi,adult,pomc,upper
105,66.0,17.318181818181817,1143.0,J987_ARC _C3_slice3-Ort.czi,adult,pomc,upper
106,49.0,25.142857142857142,1232.0,J987_ARC _C3_slice3-Ort.czi,adult,pomc,upper
107,19.0,19.263157894736842,366.0,J987_ARC _C3_slice3-Ort.czi,adult,pomc,upper
108,53.0,18.264150943396228,968.0000000000001,J987_ARC _C3_slice3-Ort.czi,adult,pomc,upper
109,172.0,17.622093023255815,3031.0,J987_ARC _C3_slice3-Ort.czi,adult,pomc,upper
110,5.0,21.8,109.0,J987_ARC _C3_slice3-Ort.czi,adult,pomc,upper
111,8.0,17.0,136.0,J987_ARC _C3_slice3-Ort.czi,adult,pomc,upper
112,7.0,19.571428571428573,137.0,J987_ARC _C3_slice3-Ort.czi,adult,pomc,upper
113,55.0,16.0,880.0,J987_ARC _C3_slice3-Ort.czi,adult,pomc,upper
114,8.0,15.875,127.0,J987_ARC _C3_slice3-Ort.czi,adult,pomc,upper
115,3.0,20.333333333333332,61.0,J987_ARC _C3_slice3-Ort.czi,adult,pomc,upper
116,13.0,16.153846153846153,210.0,J987_ARC _C3_slice3-Ort.czi,adult,pomc,upper
117,1.0,28.0,28.0,J987_ARC _C3_slice3-Ort.czi,adult,pomc,upper
118,1.0,11.0,11.0,J987_ARC _C3_slice3-Ort.czi,adult,pomc,upper
119,15.0,17.666666666666668,265.0,J987_ARC _C3_slice3-Ort.czi,adult,pomc,upper
120,179.0,29.48603351955307,5278.0,J987_ARC _C3_slice3-Ort.czi,adult,pomc,upper
121,99.0,17.151515151515152,1698.0,J987_ARC _C3_slice3-Ort.czi,adult,pomc,upper
122,3.0,15.666666666666666,47.0,J987_ARC _C3_slice3-Ort.czi,adult,pomc,upper
123,43.0,15.255813953488373,656.0,J987_ARC _C3_slice3-Ort.czi,adult,pomc,upper
124,8.0,17.0,136.0,J987_ARC _C3_slice3-Ort.czi,adult,pomc,upper
125,65.0,16.692307692307693,1085.0,J987_ARC _C3_slice3-Ort.czi,adult,pomc,upper
126,1.0,13.0,13.0,J987_ARC _C3_slice3-Ort.czi,adult,pomc,upper
127,122.0,18.229508196721312,2224.0,J987_ARC _C3_slice3-Ort.czi,adult,pomc,upper
128,1.0,8.0,8.0,J987_ARC _C3_slice3-Ort.czi,adult,pomc,upper
129,5.0,19.8,99.0,J987_ARC _C3_slice3-Ort.czi,adult,pomc,upper
130,6.0,16.5,99.0,J987_ARC _C3_slice3-Ort.czi,adult,pomc,upper
131,2.0,14.0,28.0,J987_ARC _C3_slice3-Ort.czi,adult,pomc,upper
132,8.0,20.625,165.0,J987_ARC _C3_slice3-Ort.czi,adult,pomc,upper
133,14.0,18.642857142857142,261.0,J987_ARC _C3_slice3-Ort.czi,adult,pomc,upper
134,2.0,18.5,37.0,J987_ARC _C3_slice3-Ort.czi,adult,pomc,upper
135,6.0,13.666666666666666,82.0,J987_ARC _C3_slice3-Ort.czi,adult,pomc,upper
136,8.0,14.5,116.0,J987_ARC _C3_slice3-Ort.czi,adult,pomc,upper
137,71.0,41.647887323943664,2957.0,J987_ARC _C3_slice3-Ort.czi,adult,pomc,upper
138,33.0,17.545454545454547,579.0,J987_ARC _C3_slice3-Ort.czi,adult,pomc,upper
139,291.0,18.013745704467354,5242.0,J987_ARC _C3_slice3-Ort.czi,adult,pomc,upper
140,331.0,17.012084592145015,5631.0,J987_ARC _C3_slice3-Ort.czi,adult,pomc,upper
141,30.0,19.3,579.0,J987_ARC _C3_slice3-Ort.czi,adult,pomc,upper
142,15.0,17.533333333333335,263.0,J987_ARC _C3_slice3-Ort.czi,adult,pomc,upper
143,6.0,18.833333333333332,113.0,J987_ARC _C3_slice3-Ort.czi,adult,pomc,upper
144,79.0,19.151898734177216,1513.0,J987_ARC _C3_slice3-Ort.czi,adult,pomc,upper
145,79.0,18.025316455696203,1424.0,J987_ARC _C3_slice3-Ort.czi,adult,pomc,upper
146,2.0,27.5,55.0,J987_ARC _C3_slice3-Ort.czi,adult,pomc,upper
147,46.0,17.217391304347824,791.9999999999999,J987_ARC _C3_slice3-Ort.czi,adult,pomc,upper
148,218.0,17.178899082568808,3745.0,J987_ARC _C3_slice3-Ort.czi,adult,pomc,upper
149,1.0,21.0,21.0,J987_ARC _C3_slice3-Ort.czi,adult,pomc,upper
150,87.0,20.32183908045977,1768.0,J987_ARC _C3_slice3-Ort.czi,adult,pomc,upper
151,14.0,16.357142857142858,229.0,J987_ARC _C3_slice3-Ort.czi,adult,pomc,upper
152,36.0,20.5,738.0,J987_ARC _C3_slice3-Ort.czi,adult,pomc,upper
153,1.0,25.0,25.0,J987_ARC _C3_slice3-Ort.czi,adult,pomc,upper
154,41.0,14.804878048780488,607.0,J987_ARC _C3_slice3-Ort.czi,adult,pomc,upper
155,38.0,25.42105263157895,966.0,J987_ARC _C3_slice3-Ort.czi,adult,pomc,upper
156,11.0,15.454545454545455,170.0,J987_ARC _C3_slice3-Ort.czi,adult,pomc,upper
157,19.0,17.105263157894736,325.0,J987_ARC _C3_slice3-Ort.czi,adult,pomc,upper
158,10.0,20.6,206.0,J987_ARC _C3_slice3-Ort.czi,adult,pomc,upper
159,22.0,19.0,418.0,J987_ARC _C3_slice3-Ort.czi,adult,pomc,upper
160,25.0,18.16,454.0,J987_ARC _C3_slice3-Ort.czi,adult,pomc,upper
161,21.0,21.285714285714285,447.0,J987_ARC _C3_slice3-Ort.czi,adult,pomc,upper
162,4.0,32.5,130.0,J987_ARC _C3_slice3-Ort.czi,adult,pomc,upper
163,37.0,19.216216216216218,711.0,J987_ARC _C3_slice3-Ort.czi,adult,pomc,upper
164,139.0,19.280575539568346,2680.0,J987_ARC _C3_slice3-Ort.czi,adult,pomc,upper
165,51.0,19.294117647058822,984.0,J987_ARC _C3_slice3-Ort.czi,adult,pomc,upper
166,92.0,17.347826086956523,1596.0000000000002,J987_ARC _C3_slice3-Ort.czi,adult,pomc,upper
167,65.0,17.43076923076923,1133.0,J987_ARC _C3_slice3-Ort.czi,adult,pomc,upper
168,4.0,25.5,102.0,J987_ARC _C3_slice3-Ort.czi,adult,pomc,upper
169,146.0,31.273972602739725,4566.0,J987_ARC _C3_slice3-Ort.czi,adult,pomc,upper
170,2.0,15.5,31.0,J987_ARC _C3_slice3-Ort.czi,adult,pomc,upper
171,2.0,18.5,37.0,J987_ARC _C3_slice3-Ort.czi,adult,pomc,upper
172,32.0,15.53125,497.0,J987_ARC _C3_slice3-Ort.czi,adult,pomc,upper
173,3.0,14.666666666666666,44.0,J987_ARC _C3_slice3-Ort.czi,adult,pomc,upper
174,121.0,17.50413223140496,2118.0,J987_ARC _C3_slice3-Ort.czi,adult,pomc,upper
175,131.0,21.80916030534351,2857.0,J987_ARC _C3_slice3-Ort.czi,adult,pomc,upper
176,12.0,18.083333333333332,217.0,J987_ARC _C3_slice3-Ort.czi,adult,pomc,upper
177,6.0,20.666666666666668,124.0,J987_ARC _C3_slice3-Ort.czi,adult,pomc,upper
178,33.0,22.03030303030303,727.0,J987_ARC _C3_slice3-Ort.czi,adult,pomc,upper
179,16.0,18.0,288.0,J987_ARC _C3_slice3-Ort.czi,adult,pomc,upper
180,28.0,16.285714285714285,456.0,J987_ARC _C3_slice3-Ort.czi,adult,pomc,upper
181,14.0,54.285714285714285,760.0,J987_ARC _C3_slice3-Ort.czi,adult,pomc,upper
182,1.0,24.0,24.0,J987_ARC _C3_slice3-Ort.czi,adult,pomc,upper
183,1.0,20.0,20.0,J987_ARC _C3_slice3-Ort.czi,adult,pomc,upper
184,18.0,19.5,351.0,J987_ARC _C3_slice3-Ort.czi,adult,pomc,upper
185,142.0,17.359154929577464,2465.0,J987_ARC _C3_slice3-Ort.czi,adult,pomc,upper
186,29.0,20.724137931034484,601.0,J987_ARC _C3_slice3-Ort.czi,adult,pomc,upper
187,126.0,20.095238095238095,2532.0,J987_ARC _C3_slice3-Ort.czi,adult,pomc,upper
188,34.0,25.08823529411765,853.0,J987_ARC _C3_slice3-Ort.czi,adult,pomc,upper
189,1.0,13.0,13.0,J987_ARC _C3_slice3-Ort.czi,adult,pomc,upper
190,30.0,16.866666666666667,506.0,J987_ARC _C3_slice3-Ort.czi,adult,pomc,upper
191,48.0,20.666666666666668,992.0,J987_ARC _C3_slice3-Ort.czi,adult,pomc,upper
192,2.0,15.0,30.0,J987_ARC _C3_slice3-Ort.czi,adult,pomc,upper
193,56.0,17.142857142857142,960.0,J987_ARC _C3_slice3-Ort.czi,adult,pomc,upper
194,7.0,26.285714285714285,184.0,J987_ARC _C3_slice3-Ort.czi,adult,pomc,upper
195,17.0,19.0,323.0,J987_ARC _C3_slice3-Ort.czi,adult,pomc,upper
196,44.0,21.886363636363637,963.0,J987_ARC _C3_slice3-Ort.czi,adult,pomc,upper
197,24.0,15.375,369.0,J987_ARC _C3_slice3-Ort.czi,adult,pomc,upper
198,75.0,29.30666666666667,2198.0,J987_ARC _C3_slice3-Ort.czi,adult,pomc,upper
199,34.0,13.558823529411764,461.0,J987_ARC _C3_slice3-Ort.czi,adult,pomc,upper
200,93.0,18.35483870967742,1707.0,J987_ARC _C3_slice3-Ort.czi,adult,pomc,upper
201,13.0,23.23076923076923,302.0,J987_ARC _C3_slice3-Ort.czi,adult,pomc,upper
202,74.0,17.56756756756757,1300.0,J987_ARC _C3_slice3-Ort.czi,adult,pomc,upper
203,46.0,19.695652173913043,906.0,J987_ARC _C3_slice3-Ort.czi,adult,pomc,upper
204,1.0,11.0,11.0,J987_ARC _C3_slice3-Ort.czi,adult,pomc,upper
205,71.0,17.338028169014084,1231.0,J987_ARC _C3_slice3-Ort.czi,adult,pomc,upper
206,24.0,23.208333333333332,557.0,J987_ARC _C3_slice3-Ort.czi,adult,pomc,upper
207,61.0,22.81967213114754,1392.0,J987_ARC _C3_slice3-Ort.czi,adult,pomc,upper
208,46.0,19.043478260869566,876.0,J987_ARC _C3_slice3-Ort.czi,adult,pomc,upper
209,83.0,20.55421686746988,1706.0,J987_ARC _C3_slice3-Ort.czi,adult,pomc,upper
210,41.0,21.317073170731707,874.0,J987_ARC _C3_slice3-Ort.czi,adult,pomc,upper
211,49.0,16.448979591836736,806.0,J987_ARC _C3_slice3-Ort.czi,adult,pomc,upper
212,196.0,20.806122448979593,4078.0000000000005,J987_ARC _C3_slice3-Ort.czi,adult,pomc,upper
213,8.0,16.875,135.0,J987_ARC _C3_slice3-Ort.czi,adult,pomc,upper
214,24.0,16.916666666666668,406.0,J987_ARC _C3_slice3-Ort.czi,adult,pomc,upper
215,104.0,20.653846153846153,2148.0,J987_ARC _C3_slice3-Ort.czi,adult,pomc,upper
216,4.0,15.0,60.0,J987_ARC _C3_slice3-Ort.czi,adult,pomc,upper
217,16.0,17.3125,277.0,J987_ARC _C3_slice3-Ort.czi,adult,pomc,upper
218,6.0,16.5,99.0,J987_ARC _C3_slice3-Ort.czi,adult,pomc,upper
219,4.0,17.25,69.0,J987_ARC _C3_slice3-Ort.czi,adult,pomc,upper
220,150.0,22.69333333333333,3403.9999999999995,J987_ARC _C3_slice3-Ort.czi,adult,pomc,upper
221,1.0,20.0,20.0,J987_ARC _C3_slice3-Ort.czi,adult,pomc,upper
222,21.0,25.952380952380953,545.0,J987_ARC _C3_slice3-Ort.czi,adult,pomc,upper
223,9.0,16.0,144.0,J987_ARC _C3_slice3-Ort.czi,adult,pomc,upper
224,2.0,18.0,36.0,J987_ARC _C3_slice3-Ort.czi,adult,pomc,upper
225,1461.0,17.027378507871322,24877.000000000004,J987_ARC _C3_slice3-Ort.czi,adult,pomc,upper
226,36.0,15.86111111111111,571.0,J987_ARC _C3_slice3-Ort.czi,adult,pomc,upper
227,33.0,18.636363636363637,615.0,J987_ARC _C3_slice3-Ort.czi,adult,pomc,upper
228,46.0,31.52173913043478,1450.0,J987_ARC _C3_slice3-Ort.czi,adult,pomc,upper
229,18.0,16.166666666666668,291.0,J987_ARC _C3_slice3-Ort.czi,adult,pomc,upper
230,11.0,24.09090909090909,265.0,J987_ARC _C3_slice3-Ort.czi,adult,pomc,upper
231,46.0,17.282608695652176,795.0000000000001,J987_ARC _C3_slice3-Ort.czi,adult,pomc,upper
232,15.0,18.466666666666665,277.0,J987_ARC _C3_slice3-Ort.czi,adult,pomc,upper
233,223.0,20.582959641255606,4590.0,J987_ARC _C3_slice3-Ort.czi,adult,pomc,upper
234,23.0,14.91304347826087,343.0,J987_ARC _C3_slice3-Ort.czi,adult,pomc,upper
235,1.0,16.0,16.0,J987_ARC _C3_slice3-Ort.czi,adult,pomc,upper
236,43.0,20.46511627906977,880.0,J987_ARC _C3_slice3-Ort.czi,adult,pomc,upper
237,47.0,17.80851063829787,837.0,J987_ARC _C3_slice3-Ort.czi,adult,pomc,upper
238,12.0,25.666666666666668,308.0,J987_ARC _C3_slice3-Ort.czi,adult,pomc,upper
239,38.0,20.18421052631579,767.0000000000001,J987_ARC _C3_slice3-Ort.czi,adult,pomc,upper
240,56.0,17.5,980.0,J987_ARC _C3_slice3-Ort.czi,adult,pomc,upper
241,47.0,39.95744680851064,1878.0,J987_ARC _C3_slice3-Ort.czi,adult,pomc,upper
242,1.0,11.0,11.0,J987_ARC _C3_slice3-Ort.czi,adult,pomc,upper
243,132.0,19.598484848484848,2587.0,J987_ARC _C3_slice3-Ort.czi,adult,pomc,upper
244,103.0,18.893203883495147,1946.0000000000002,J987_ARC _C3_slice3-Ort.czi,adult,pomc,upper
245,8.0,14.875,119.0,J987_ARC _C3_slice3-Ort.czi,adult,pomc,upper
246,52.0,15.692307692307692,816.0,J987_ARC _C3_slice3-Ort.czi,adult,pomc,upper
247,16.0,18.8125,301.0,J987_ARC _C3_slice3-Ort.czi,adult,pomc,upper
248,1.0,25.0,25.0,J987_ARC _C3_slice3-Ort.czi,adult,pomc,upper
249,12.0,17.083333333333332,205.0,J987_ARC _C3_slice3-Ort.czi,adult,pomc,upper
250,238.0,19.777310924369747,4707.0,J987_ARC _C3_slice3-Ort.czi,adult,pomc,upper
251,65.0,17.923076923076923,1165.0,J987_ARC _C3_slice3-Ort.czi,adult,pomc,upper
252,27.0,14.88888888888889,402.0,J987_ARC _C3_slice3-Ort.czi,adult,pomc,upper
253,41.0,23.463414634146343,962.0,J987_ARC _C3_slice3-Ort.czi,adult,pomc,upper
254,33.0,16.393939393939394,541.0,J987_ARC _C3_slice3-Ort.czi,adult,pomc,upper
255,2.0,26.5,53.0,J987_ARC _C3_slice3-Ort.czi,adult,pomc,upper
256,2.0,15.5,31.0,J987_ARC _C3_slice3-Ort.czi,adult,pomc,upper
257,30.0,17.733333333333334,532.0,J987_ARC _C3_slice3-Ort.czi,adult,pomc,upper
258,31.0,15.903225806451612,493.0,J987_ARC _C3_slice3-Ort.czi,adult,pomc,upper
259,1.0,7.0,7.0,J987_ARC _C3_slice3-Ort.czi,adult,pomc,upper
260,1499.0,15.53435623749166,23286.0,J987_ARC _C3_slice3-Ort.czi,adult,pomc,upper
261,17.0,18.647058823529413,317.0,J987_ARC _C3_slice3-Ort.czi,adult,pomc,upper
262,143.0,22.13986013986014,3166.0,J987_ARC _C3_slice3-Ort.czi,adult,pomc,upper
263,39.0,16.897435897435898,659.0,J987_ARC _C3_slice3-Ort.czi,adult,pomc,upper
264,227.0,16.0,3632.0,J987_ARC _C3_slice3-Ort.czi,adult,pomc,upper
265,64.0,18.109375,1159.0,J987_ARC _C3_slice3-Ort.czi,adult,pomc,upper
266,135.0,16.85185185185185,2275.0,J987_ARC _C3_slice3-Ort.czi,adult,pomc,upper
267,47.0,19.659574468085108,924.0000000000001,J987_ARC _C3_slice3-Ort.czi,adult,pomc,upper
268,32.0,18.25,584.0,J987_ARC _C3_slice3-Ort.czi,adult,pomc,upper
269,142.0,17.781690140845072,2525.0,J987_ARC _C3_slice3-Ort.czi,adult,pomc,upper
270,31.0,13.903225806451612,431.0,J987_ARC _C3_slice3-Ort.czi,adult,pomc,upper
271,4.0,21.5,86.0,J987_ARC _C3_slice3-Ort.czi,adult,pomc,upper
272,40.0,21.625,865.0,J987_ARC _C3_slice3-Ort.czi,adult,pomc,upper
273,18.0,19.944444444444443,359.0,J987_ARC _C3_slice3-Ort.czi,adult,pomc,upper
274,91.0,17.52747252747253,1595.0000000000002,J987_ARC _C3_slice3-Ort.czi,adult,pomc,upper
275,9.0,51.666666666666664,465.0,J987_ARC _C3_slice3-Ort.czi,adult,pomc,upper
276,50.0,21.6,1080.0,J987_ARC _C3_slice3-Ort.czi,adult,pomc,upper
277,61.0,16.442622950819672,1003.0,J987_ARC _C3_slice3-Ort.czi,adult,pomc,upper
278,20.0,34.75,695.0,J987_ARC _C3_slice3-Ort.czi,adult,pomc,upper
279,16.0,18.5625,297.0,J987_ARC _C3_slice3-Ort.czi,adult,pomc,upper
280,279.0,21.172043010752688,5907.0,J987_ARC _C3_slice3-Ort.czi,adult,pomc,upper
281,368.0,17.279891304347824,6358.999999999999,J987_ARC _C3_slice3-Ort.czi,adult,pomc,upper
282,1.0,13.0,13.0,J987_ARC _C3_slice3-Ort.czi,adult,pomc,upper
283,88.0,18.761363636363637,1651.0,J987_ARC _C3_slice3-Ort.czi,adult,pomc,upper
284,3.0,15.666666666666666,47.0,J987_ARC _C3_slice3-Ort.czi,adult,pomc,upper
285,56.0,17.821428571428573,998.0000000000001,J987_ARC _C3_slice3-Ort.czi,adult,pomc,upper
286,54.0,17.87037037037037,965.0,J987_ARC _C3_slice3-Ort.czi,adult,pomc,upper
287,13.0,20.846153846153847,271.0,J987_ARC _C3_slice3-Ort.czi,adult,pomc,upper
288,84.0,23.726190476190474,1992.9999999999998,J987_ARC _C3_slice3-Ort.czi,adult,pomc,upper
289,18.0,16.0,288.0,J987_ARC _C3_slice3-Ort.czi,adult,pomc,upper
290,177.0,17.34463276836158,3070.0,J987_ARC _C3_slice3-Ort.czi,adult,pomc,upper
291,29.0,20.551724137931036,596.0,J987_ARC _C3_slice3-Ort.czi,adult,pomc,upper
292,1.0,25.0,25.0,J987_ARC _C3_slice3-Ort.czi,adult,pomc,upper
293,4.0,20.5,82.0,J987_ARC _C3_slice3-Ort.czi,adult,pomc,upper
294,174.0,17.735632183908045,3086.0,J987_ARC _C3_slice3-Ort.czi,adult,pomc,upper
295,16.0,25.3125,405.0,J987_ARC _C3_slice3-Ort.czi,adult,pomc,upper
296,1277.0,17.200469851213782,21965.0,J987_ARC _C3_slice3-Ort.czi,adult,pomc,upper
297,55.0,16.927272727272726,930.9999999999999,J987_ARC _C3_slice3-Ort.czi,adult,pomc,upper
298,195.0,18.29230769230769,3567.0,J987_ARC _C3_slice3-Ort.czi,adult,pomc,upper
299,70.0,18.728571428571428,1311.0,J987_ARC _C3_slice3-Ort.czi,adult,pomc,upper
300,18.0,20.666666666666668,372.0,J987_ARC _C3_slice3-Ort.czi,adult,pomc,upper
301,168.0,18.047619047619047,3032.0,J987_ARC _C3_slice3-Ort.czi,adult,pomc,upper
302,23.0,16.782608695652176,386.00000000000006,J987_ARC _C3_slice3-Ort.czi,adult,pomc,upper
303,7.0,21.0,147.0,J987_ARC _C3_slice3-Ort.czi,adult,pomc,upper
304,205.0,21.4,4387.0,J987_ARC _C3_slice3-Ort.czi,adult,pomc,upper
305,75.0,16.586666666666666,1244.0,J987_ARC _C3_slice3-Ort.czi,adult,pomc,upper
306,257.0,18.513618677042803,4758.0,J987_ARC _C3_slice3-Ort.czi,adult,pomc,upper
307,182.0,19.97252747252747,3634.9999999999995,J987_ARC _C3_slice3-Ort.czi,adult,pomc,upper
308,89.0,20.292134831460675,1806.0,J987_ARC _C3_slice3-Ort.czi,adult,pomc,upper
309,153.0,18.477124183006534,2826.9999999999995,J987_ARC _C3_slice3-Ort.czi,adult,pomc,upper
310,3.0,17.666666666666668,53.0,J987_ARC _C3_slice3-Ort.czi,adult,pomc,upper
311,603.0,17.791044776119403,10728.0,J987_ARC _C3_slice3-Ort.czi,adult,pomc,upper
312,272.0,18.53676470588235,5042.0,J987_ARC _C3_slice3-Ort.czi,adult,pomc,upper
313,18.0,22.38888888888889,403.0,J987_ARC _C3_slice3-Ort.czi,adult,pomc,upper
314,209.0,17.5311004784689,3664.0,J987_ARC _C3_slice3-Ort.czi,adult,pomc,upper
315,27.0,15.333333333333334,414.0,J987_ARC _C3_slice3-Ort.czi,adult,pomc,upper
316,87.0,18.551724137931036,1614.0,J987_ARC _C3_slice3-Ort.czi,adult,pomc,upper
317,7.0,18.285714285714285,128.0,J987_ARC _C3_slice3-Ort.czi,adult,pomc,upper
318,1.0,16.0,16.0,J987_ARC _C3_slice3-Ort.czi,adult,pomc,upper
319,124.0,19.403225806451612,2406.0,J987_ARC _C3_slice3-Ort.czi,adult,pomc,upper
320,56.0,26.017857142857142,1457.0,J987_ARC _C3_slice3-Ort.czi,adult,pomc,upper
321,12.0,16.333333333333332,196.0,J987_ARC _C3_slice3-Ort.czi,adult,pomc,upper
322,4.0,18.0,72.0,J987_ARC _C3_slice3-Ort.czi,adult,pomc,upper
323,1.0,6.0,6.0,J987_ARC _C3_slice3-Ort.czi,adult,pomc,upper
324,1.0,6.0,6.0,J987_ARC _C3_slice3-Ort.czi,adult,pomc,upper
325,588.0,16.75170068027211,9850.0,J987_ARC _C3_slice3-Ort.czi,adult,pomc,upper
326,10.0,18.5,185.0,J987_ARC _C3_slice3-Ort.czi,adult,pomc,upper
327,115.0,17.008695652173913,1956.0,J987_ARC _C3_slice3-Ort.czi,adult,pomc,upper
328,147.0,16.01360544217687,2354.0,J987_ARC _C3_slice3-Ort.czi,adult,pomc,upper
329,20.0,18.8,376.0,J987_ARC _C3_slice3-Ort.czi,adult,pomc,upper
330,23.0,20.217391304347824,464.99999999999994,J987_ARC _C3_slice3-Ort.czi,adult,pomc,upper
331,84.0,20.345238095238095,1709.0,J987_ARC _C3_slice3-Ort.czi,adult,pomc,upper
332,124.0,17.379032258064516,2155.0,J987_ARC _C3_slice3-Ort.czi,adult,pomc,upper
333,4.0,22.75,91.0,J987_ARC _C3_slice3-Ort.czi,adult,pomc,upper
334,1.0,12.0,12.0,J987_ARC _C3_slice3-Ort.czi,adult,pomc,upper
335,2.0,13.0,26.0,J987_ARC _C3_slice3-Ort.czi,adult,pomc,upper
336,1.0,15.0,15.0,J987_ARC _C3_slice3-Ort.czi,adult,pomc,upper
337,4.0,17.25,69.0,J987_ARC _C3_slice3-Ort.czi,adult,pomc,upper
338,950.0,16.469473684210527,15646.0,J987_ARC _C3_slice3-Ort.czi,adult,pomc,upper
339,20.0,17.75,355.0,J987_ARC _C3_slice3-Ort.czi,adult,pomc,upper
340,2.0,10.5,21.0,J987_ARC _C3_slice3-Ort.czi,adult,pomc,upper
341,46.0,20.347826086956523,936.0000000000001,J987_ARC _C3_slice3-Ort.czi,adult,pomc,upper
342,69.0,17.536231884057973,1210.0,J987_ARC _C3_slice3-Ort.czi,adult,pomc,upper
343,34.0,20.970588235294116,713.0,J987_ARC _C3_slice3-Ort.czi,adult,pomc,upper
344,90.0,18.933333333333334,1704.0,J987_ARC _C3_slice3-Ort.czi,adult,pomc,upper
345,28.0,19.357142857142858,542.0,J987_ARC _C3_slice3-Ort.czi,adult,pomc,upper
346,22.0,15.5,341.0,J987_ARC _C3_slice3-Ort.czi,adult,pomc,upper
347,8.0,16.875,135.0,J987_ARC _C3_slice3-Ort.czi,adult,pomc,upper
348,14.0,21.928571428571427,307.0,J987_ARC _C3_slice3-Ort.czi,adult,pomc,upper
349,123.0,17.45528455284553,2147.0,J987_ARC _C3_slice3-Ort.czi,adult,pomc,upper
350,1.0,12.0,12.0,J987_ARC _C3_slice3-Ort.czi,adult,pomc,upper
351,5.0,16.4,82.0,J987_ARC _C3_slice3-Ort.czi,adult,pomc,upper
352,28.0,19.892857142857142,557.0,J987_ARC _C3_slice3-Ort.czi,adult,pomc,upper
353,13.0,19.846153846153847,258.0,J987_ARC _C3_slice3-Ort.czi,adult,pomc,upper
354,155.0,19.561290322580646,3032.0,J987_ARC _C3_slice3-Ort.czi,adult,pomc,upper
355,18.0,17.833333333333332,321.0,J987_ARC _C3_slice3-Ort.czi,adult,pomc,upper
356,124.0,19.096774193548388,2368.0,J987_ARC _C3_slice3-Ort.czi,adult,pomc,upper
357,2.0,20.0,40.0,J987_ARC _C3_slice3-Ort.czi,adult,pomc,upper
358,29.0,24.482758620689655,710.0,J987_ARC _C3_slice3-Ort.czi,adult,pomc,upper
359,86.0,16.53488372093023,1422.0,J987_ARC _C3_slice3-Ort.czi,adult,pomc,upper
360,97.0,18.567010309278352,1801.0000000000002,J987_ARC _C3_slice3-Ort.czi,adult,pomc,upper
361,84.0,19.428571428571427,1631.9999999999998,J987_ARC _C3_slice3-Ort.czi,adult,pomc,upper
362,112.0,16.044642857142858,1797.0,J987_ARC _C3_slice3-Ort.czi,adult,pomc,upper
363,69.0,18.014492753623188,1243.0,J987_ARC _C3_slice3-Ort.czi,adult,pomc,upper
364,684.0,16.978070175438596,11613.0,J987_ARC _C3_slice3-Ort.czi,adult,pomc,upper
365,126.0,33.22222222222222,4186.0,J987_ARC _C3_slice3-Ort.czi,adult,pomc,upper
366,36.0,16.77777777777778,604.0,J987_ARC _C3_slice3-Ort.czi,adult,pomc,upper
367,1.0,13.0,13.0,J987_ARC _C3_slice3-Ort.czi,adult,pomc,upper
368,37.0,19.72972972972973,730.0,J987_ARC _C3_slice3-Ort.czi,adult,pomc,upper
369,15.0,15.266666666666667,229.0,J987_ARC _C3_slice3-Ort.czi,adult,pomc,upper
370,49.0,18.979591836734695,930.0,J987_ARC _C3_slice3-Ort.czi,adult,pomc,upper
371,11.0,16.09090909090909,177.0,J987_ARC _C3_slice3-Ort.czi,adult,pomc,upper
372,2.0,40.0,80.0,J987_ARC _C3_slice3-Ort.czi,adult,pomc,upper
373,1.0,35.0,35.0,J987_ARC _C3_slice3-Ort.czi,adult,pomc,upper
374,13.0,17.46153846153846,226.99999999999997,J987_ARC _C3_slice3-Ort.czi,adult,pomc,upper
375,1.0,12.0,12.0,J987_ARC _C3_slice3-Ort.czi,adult,pomc,upper
376,1.0,7.0,7.0,J987_ARC _C3_slice3-Ort.czi,adult,pomc,upper
377,23.0,14.91304347826087,343.0,J987_ARC _C3_slice3-Ort.czi,adult,pomc,upper
378,101.0,17.702970297029704,1788.0000000000002,J987_ARC _C3_slice3-Ort.czi,adult,pomc,upper
379,53.0,20.62264150943396,1093.0,J987_ARC _C3_slice3-Ort.czi,adult,pomc,upper
380,17.0,15.176470588235293,258.0,J987_ARC _C3_slice3-Ort.czi,adult,pomc,upper
381,18.0,20.72222222222222,373.0,J987_ARC _C3_slice3-Ort.czi,adult,pomc,upper
382,3.0,21.666666666666668,65.0,J987_ARC _C3_slice3-Ort.czi,adult,pomc,upper
383,42.0,17.666666666666668,742.0,J987_ARC _C3_slice3-Ort.czi,adult,pomc,upper
384,23.0,16.565217391304348,381.0,J987_ARC _C3_slice3-Ort.czi,adult,pomc,upper
385,41.0,18.048780487804876,739.9999999999999,J987_ARC _C3_slice3-Ort.czi,adult,pomc,upper
386,135.0,19.28148148148148,2603.0,J987_ARC _C3_slice3-Ort.czi,adult,pomc,upper
387,146.0,17.69178082191781,2583.0000000000005,J987_ARC _C3_slice3-Ort.czi,adult,pomc,upper
388,811.0,14.686806411837239,11911.0,J987_ARC _C3_slice3-Ort.czi,adult,pomc,upper
389,1901.0,16.520778537611783,31406.0,J987_ARC _C3_slice3-Ort.czi,adult,pomc,upper
390,23.0,18.130434782608695,417.0,J987_ARC _C3_slice3-Ort.czi,adult,pomc,upper
391,10.0,19.2,192.0,J987_ARC _C3_slice3-Ort.czi,adult,pomc,upper
392,6.0,17.5,105.0,J987_ARC _C3_slice3-Ort.czi,adult,pomc,upper
393,88.0,16.977272727272727,1494.0,J987_ARC _C3_slice3-Ort.czi,adult,pomc,upper
394,111.0,17.495495495495497,1942.0000000000002,J987_ARC _C3_slice3-Ort.czi,adult,pomc,upper
395,4.0,26.0,104.0,J987_ARC _C3_slice3-Ort.czi,adult,pomc,upper
396,21.0,18.238095238095237,383.0,J987_ARC _C3_slice3-Ort.czi,adult,pomc,upper
397,100.0,18.74,1873.9999999999998,J987_ARC _C3_slice3-Ort.czi,adult,pomc,upper
398,5.0,15.0,75.0,J987_ARC _C3_slice3-Ort.czi,adult,pomc,upper
399,248.0,19.137096774193548,4746.0,J987_ARC _C3_slice3-Ort.czi,adult,pomc,upper
400,3.0,17.666666666666668,53.0,J987_ARC _C3_slice3-Ort.czi,adult,pomc,upper
401,33.0,16.03030303030303,529.0,J987_ARC _C3_slice3-Ort.czi,adult,pomc,upper
402,183.0,15.704918032786885,2874.0,J987_ARC _C3_slice3-Ort.czi,adult,pomc,upper
403,14.0,16.857142857142858,236.0,J987_ARC _C3_slice3-Ort.czi,adult,pomc,upper
404,60.0,26.066666666666666,1564.0,J987_ARC _C3_slice3-Ort.czi,adult,pomc,upper
405,14.0,35.642857142857146,499.00000000000006,J987_ARC _C3_slice3-Ort.czi,adult,pomc,upper
406,27.0,15.074074074074074,407.0,J987_ARC _C3_slice3-Ort.czi,adult,pomc,upper
407,20.0,19.5,390.0,J987_ARC _C3_slice3-Ort.czi,adult,pomc,upper
408,203.0,19.147783251231527,3887.0,J987_ARC _C3_slice3-Ort.czi,adult,pomc,upper
409,51.0,17.901960784313726,913.0,J987_ARC _C3_slice3-Ort.czi,adult,pomc,upper
410,65.0,23.338461538461537,1517.0,J987_ARC _C3_slice3-Ort.czi,adult,pomc,upper
411,66.0,20.166666666666668,1331.0,J987_ARC _C3_slice3-Ort.czi,adult,pomc,upper
412,3.0,13.333333333333334,40.0,J987_ARC _C3_slice3-Ort.czi,adult,pomc,upper
413,12.0,15.25,183.0,J987_ARC _C3_slice3-Ort.czi,adult,pomc,upper
414,79.0,19.911392405063292,1573.0,J987_ARC _C3_slice3-Ort.czi,adult,pomc,upper
415,174.0,15.614942528735632,2717.0,J987_ARC _C3_slice3-Ort.czi,adult,pomc,upper
416,407.0,18.877149877149876,7682.999999999999,J987_ARC _C3_slice3-Ort.czi,adult,pomc,upper
417,1.0,8.0,8.0,J987_ARC _C3_slice3-Ort.czi,adult,pomc,upper
418,41.0,20.29268292682927,832.0,J987_ARC _C3_slice3-Ort.czi,adult,pomc,upper
419,38.0,17.81578947368421,676.9999999999999,J987_ARC _C3_slice3-Ort.czi,adult,pomc,upper
420,15.0,22.8,342.0,J987_ARC _C3_slice3-Ort.czi,adult,pomc,upper
421,13.0,19.46153846153846,252.99999999999997,J987_ARC _C3_slice3-Ort.czi,adult,pomc,upper
422,16.0,17.5625,281.0,J987_ARC _C3_slice3-Ort.czi,adult,pomc,upper
423,16.0,19.3125,309.0,J987_ARC _C3_slice3-Ort.czi,adult,pomc,upper
424,1.0,2.0,2.0,J987_ARC _C3_slice3-Ort.czi,adult,pomc,upper
425,55.0,20.29090909090909,1116.0,J987_ARC _C3_slice3-Ort.czi,adult,pomc,upper
426,71.0,17.197183098591548,1221.0,J987_ARC _C3_slice3-Ort.czi,adult,pomc,upper
427,23.0,23.695652173913043,545.0,J987_ARC _C3_slice3-Ort.czi,adult,pomc,upper
428,14.0,19.428571428571427,272.0,J987_ARC _C3_slice3-Ort.czi,adult,pomc,upper
429,27.0,15.296296296296296,413.0,J987_ARC _C3_slice3-Ort.czi,adult,pomc,upper
430,180.0,17.516666666666666,3153.0,J987_ARC _C3_slice3-Ort.czi,adult,pomc,upper
431,24.0,18.458333333333332,443.0,J987_ARC _C3_slice3-Ort.czi,adult,pomc,upper
432,4.0,21.0,84.0,J987_ARC _C3_slice3-Ort.czi,adult,pomc,upper
433,17.0,20.58823529411765,350.0,J987_ARC _C3_slice3-Ort.czi,adult,pomc,upper
434,35.0,20.485714285714284,716.9999999999999,J987_ARC _C3_slice3-Ort.czi,adult,pomc,upper
435,1.0,17.0,17.0,J987_ARC _C3_slice3-Ort.czi,adult,pomc,upper
436,101.0,17.485148514851485,1766.0,J987_ARC _C3_slice3-Ort.czi,adult,pomc,upper
437,24.0,18.666666666666668,448.0,J987_ARC _C3_slice3-Ort.czi,adult,pomc,upper
438,84.0,21.69047619047619,1822.0,J987_ARC _C3_slice3-Ort.czi,adult,pomc,upper
439,75.0,18.773333333333333,1408.0,J987_ARC _C3_slice3-Ort.czi,adult,pomc,upper
440,42.0,16.642857142857142,699.0,J987_ARC _C3_slice3-Ort.czi,adult,pomc,upper
441,72.0,16.26388888888889,1171.0,J987_ARC _C3_slice3-Ort.czi,adult,pomc,upper
442,43.0,26.651162790697676,1146.0,J987_ARC _C3_slice3-Ort.czi,adult,pomc,upper
443,150.0,15.9,2385.0,J987_ARC _C3_slice3-Ort.czi,adult,pomc,upper
444,120.0,17.566666666666666,2108.0,J987_ARC _C3_slice3-Ort.czi,adult,pomc,upper
445,27.0,19.62962962962963,530.0,J987_ARC _C3_slice3-Ort.czi,adult,pomc,upper
446,27.0,17.074074074074073,460.99999999999994,J987_ARC _C3_slice3-Ort.czi,adult,pomc,upper
447,26.0,23.03846153846154,599.0,J987_ARC _C3_slice3-Ort.czi,adult,pomc,upper
448,123.0,18.146341463414632,2232.0,J987_ARC _C3_slice3-Ort.czi,adult,pomc,upper
449,130.0,17.407692307692308,2263.0,J987_ARC _C3_slice3-Ort.czi,adult,pomc,upper
450,57.0,20.789473684210527,1185.0,J987_ARC _C3_slice3-Ort.czi,adult,pomc,upper
451,60.0,20.083333333333332,1205.0,J987_ARC _C3_slice3-Ort.czi,adult,pomc,upper
452,216.0,20.00925925925926,4322.0,J987_ARC _C3_slice3-Ort.czi,adult,pomc,upper
453,19.0,14.631578947368421,278.0,J987_ARC _C3_slice3-Ort.czi,adult,pomc,upper
454,39.0,28.82051282051282,1124.0,J987_ARC _C3_slice3-Ort.czi,adult,pomc,upper
455,27.0,19.59259259259259,529.0,J987_ARC _C3_slice3-Ort.czi,adult,pomc,upper
456,19.0,16.63157894736842,316.0,J987_ARC _C3_slice3-Ort.czi,adult,pomc,upper
457,16.0,18.3125,293.0,J987_ARC _C3_slice3-Ort.czi,adult,pomc,upper
458,1.0,27.0,27.0,J987_ARC _C3_slice3-Ort.czi,adult,pomc,upper
459,57.0,20.19298245614035,1151.0,J987_ARC _C3_slice3-Ort.czi,adult,pomc,upper
460,65.0,20.907692307692308,1359.0,J987_ARC _C3_slice3-Ort.czi,adult,pomc,upper
461,9.0,20.77777777777778,187.0,J987_ARC _C3_slice3-Ort.czi,adult,pomc,upper
462,69.0,18.840579710144926,1300.0,J987_ARC _C3_slice3-Ort.czi,adult,pomc,upper
463,14.0,16.214285714285715,227.0,J987_ARC _C3_slice3-Ort.czi,adult,pomc,upper
464,104.0,17.009615384615383,1768.9999999999998,J987_ARC _C3_slice3-Ort.czi,adult,pomc,upper
465,1.0,13.0,13.0,J987_ARC _C3_slice3-Ort.czi,adult,pomc,upper
466,4.0,14.25,57.0,J987_ARC _C3_slice3-Ort.czi,adult,pomc,upper
467,52.0,19.942307692307693,1037.0,J987_ARC _C3_slice3-Ort.czi,adult,pomc,upper
468,152.0,21.263157894736842,3232.0,J987_ARC _C3_slice3-Ort.czi,adult,pomc,upper
469,76.0,17.973684210526315,1366.0,J987_ARC _C3_slice3-Ort.czi,adult,pomc,upper
470,47.0,16.914893617021278,795.0,J987_ARC _C3_slice3-Ort.czi,adult,pomc,upper
471,31.0,15.064516129032258,467.0,J987_ARC _C3_slice3-Ort.czi,adult,pomc,upper
472,70.0,18.32857142857143,1283.0,J987_ARC _C3_slice3-Ort.czi,adult,pomc,upper
473,11.0,15.181818181818182,167.0,J987_ARC _C3_slice3-Ort.czi,adult,pomc,upper
474,5.0,26.0,130.0,J987_ARC _C3_slice3-Ort.czi,adult,pomc,upper
475,183.0,22.316939890710383,4084.0,J987_ARC _C3_slice3-Ort.czi,adult,pomc,upper
476,1.0,18.0,18.0,J987_ARC _C3_slice3-Ort.czi,adult,pomc,upper
477,277.0,17.942238267148014,4970.0,J987_ARC _C3_slice3-Ort.czi,adult,pomc,upper
478,136.0,18.272058823529413,2485.0,J987_ARC _C3_slice3-Ort.czi,adult,pomc,upper
479,58.0,18.82758620689655,1092.0,J987_ARC _C3_slice3-Ort.czi,adult,pomc,upper
480,24.0,19.375,465.0,J987_ARC _C3_slice3-Ort.czi,adult,pomc,upper
481,1.0,10.0,10.0,J987_ARC _C3_slice3-Ort.czi,adult,pomc,upper
482,12.0,25.75,309.0,J987_ARC _C3_slice3-Ort.czi,adult,pomc,upper
483,38.0,15.473684210526315,588.0,J987_ARC _C3_slice3-Ort.czi,adult,pomc,upper
484,50.0,17.18,859.0,J987_ARC _C3_slice3-Ort.czi,adult,pomc,upper
485,67.0,20.880597014925375,1399.0,J987_ARC _C3_slice3-Ort.czi,adult,pomc,upper
486,59.0,16.406779661016948,967.9999999999999,J987_ARC _C3_slice3-Ort.czi,adult,pomc,upper
487,1.0,22.0,22.0,J987_ARC _C3_slice3-Ort.czi,adult,pomc,upper
488,1.0,21.0,21.0,J987_ARC _C3_slice3-Ort.czi,adult,pomc,upper
489,88.0,20.954545454545453,1844.0,J987_ARC _C3_slice3-Ort.czi,adult,pomc,upper
490,1.0,11.0,11.0,J987_ARC _C3_slice3-Ort.czi,adult,pomc,upper
491,119.0,17.42016806722689,2073.0,J987_ARC _C3_slice3-Ort.czi,adult,pomc,upper
492,50.0,17.62,881.0,J987_ARC _C3_slice3-Ort.czi,adult,pomc,upper
493,138.0,32.28260869565217,4455.0,J987_ARC _C3_slice3-Ort.czi,adult,pomc,upper
494,63.0,19.80952380952381,1248.0,J987_ARC _C3_slice3-Ort.czi,adult,pomc,upper
495,32.0,19.5,624.0,J987_ARC _C3_slice3-Ort.czi,adult,pomc,upper
496,108.0,47.68518518518518,5150.0,J987_ARC _C3_slice3-Ort.czi,adult,pomc,upper
497,67.0,20.134328358208954,1349.0,J987_ARC _C3_slice3-Ort.czi,adult,pomc,upper
498,336.0,18.06547619047619,6070.0,J987_ARC _C3_slice3-Ort.czi,adult,pomc,upper
499,247.0,18.089068825910932,4468.0,J987_ARC _C3_slice3-Ort.czi,adult,pomc,upper
500,88.0,19.78409090909091,1741.0,J987_ARC _C3_slice3-Ort.czi,adult,pomc,upper
501,126.0,17.03174603174603,2146.0,J987_ARC _C3_slice3-Ort.czi,adult,pomc,upper
502,29.0,15.655172413793103,454.0,J987_ARC _C3_slice3-Ort.czi,adult,pomc,upper
503,15.0,15.933333333333334,239.0,J987_ARC _C3_slice3-Ort.czi,adult,pomc,upper
504,286.0,16.611888111888113,4751.0,J987_ARC _C3_slice3-Ort.czi,adult,pomc,upper
505,794.0,15.807304785894207,12551.0,J987_ARC _C3_slice3-Ort.czi,adult,pomc,upper
506,1963.0,16.963321446765157,33299.0,J987_ARC _C3_slice3-Ort.czi,adult,pomc,upper
507,37.0,16.27027027027027,602.0,J987_ARC _C3_slice3-Ort.czi,adult,pomc,upper
508,58.0,18.879310344827587,1095.0,J987_ARC _C3_slice3-Ort.czi,adult,pomc,upper
509,72.0,18.083333333333332,1302.0,J987_ARC _C3_slice3-Ort.czi,adult,pomc,upper
510,83.0,34.68674698795181,2879.0,J987_ARC _C3_slice3-Ort.czi,adult,pomc,upper
511,1.0,30.0,30.0,J987_ARC _C3_slice3-Ort.czi,adult,pomc,upper
512,282.0,18.858156028368793,5318.0,J987_ARC _C3_slice3-Ort.czi,adult,pomc,upper
513,55.0,16.145454545454545,888.0,J987_ARC _C3_slice3-Ort.czi,adult,pomc,upper
514,211.0,16.819905213270143,3549.0,J987_ARC _C3_slice3-Ort.czi,adult,pomc,upper
515,9.0,19.555555555555557,176.0,J987_ARC _C3_slice3-Ort.czi,adult,pomc,upper
516,39.0,28.923076923076923,1128.0,J987_ARC _C3_slice3-Ort.czi,adult,pomc,upper
517,75.0,18.613333333333333,1396.0,J987_ARC _C3_slice3-Ort.czi,adult,pomc,upper
518,80.0,20.45,1636.0,J987_ARC _C3_slice3-Ort.czi,adult,pomc,upper
519,51.0,34.21568627450981,1745.0000000000002,J987_ARC _C3_slice3-Ort.czi,adult,pomc,upper
520,22.0,17.272727272727273,380.0,J987_ARC _C3_slice3-Ort.czi,adult,pomc,upper
521,26.0,20.115384615384617,523.0,J987_ARC _C3_slice3-Ort.czi,adult,pomc,upper
522,116.0,19.448275862068964,2256.0,J987_ARC _C3_slice3-Ort.czi,adult,pomc,upper
523,15.0,18.0,270.0,J987_ARC _C3_slice3-Ort.czi,adult,pomc,upper
524,336.0,17.19047619047619,5776.0,J987_ARC _C3_slice3-Ort.czi,adult,pomc,upper
525,40.0,22.525,901.0,J987_ARC _C3_slice3-Ort.czi,adult,pomc,upper
526,25.0,24.76,619.0,J987_ARC _C3_slice3-Ort.czi,adult,pomc,upper
527,100.0,17.08,1707.9999999999998,J987_ARC _C3_slice3-Ort.czi,adult,pomc,upper
528,53.0,18.754716981132077,994.0000000000001,J987_ARC _C3_slice3-Ort.czi,adult,pomc,upper
529,5.0,20.0,100.0,J987_ARC _C3_slice3-Ort.czi,adult,pomc,upper
530,44.0,15.409090909090908,678.0,J987_ARC _C3_slice3-Ort.czi,adult,pomc,upper
531,30.0,17.933333333333334,538.0,J987_ARC _C3_slice3-Ort.czi,adult,pomc,upper
532,374.0,17.08823529411765,6391.000000000001,J987_ARC _C3_slice3-Ort.czi,adult,pomc,upper
533,89.0,19.60674157303371,1745.0,J987_ARC _C3_slice3-Ort.czi,adult,pomc,upper
534,17.0,19.58823529411765,333.0,J987_ARC _C3_slice3-Ort.czi,adult,pomc,upper
535,25.0,19.08,476.99999999999994,J987_ARC _C3_slice3-Ort.czi,adult,pomc,upper
536,158.0,17.829113924050635,2817.0000000000005,J987_ARC _C3_slice3-Ort.czi,adult,pomc,upper
537,79.0,17.924050632911392,1416.0,J987_ARC _C3_slice3-Ort.czi,adult,pomc,upper
538,48.0,16.979166666666668,815.0,J987_ARC _C3_slice3-Ort.czi,adult,pomc,upper
539,152.0,20.480263157894736,3113.0,J987_ARC _C3_slice3-Ort.czi,adult,pomc,upper
540,10.0,17.5,175.0,J987_ARC _C3_slice3-Ort.czi,adult,pomc,upper
541,210.0,18.47142857142857,3879.0,J987_ARC _C3_slice3-Ort.czi,adult,pomc,upper
542,39.0,14.717948717948717,574.0,J987_ARC _C3_slice3-Ort.czi,adult,pomc,upper
543,82.0,18.597560975609756,1525.0,J987_ARC _C3_slice3-Ort.czi,adult,pomc,upper
544,60.0,18.333333333333332,1100.0,J987_ARC _C3_slice3-Ort.czi,adult,pomc,upper
545,89.0,17.15730337078652,1527.0000000000002,J987_ARC _C3_slice3-Ort.czi,adult,pomc,upper
546,7.0,18.428571428571427,129.0,J987_ARC _C3_slice3-Ort.czi,adult,pomc,upper
547,23.0,16.47826086956522,379.0,J987_ARC _C3_slice3-Ort.czi,adult,pomc,upper
548,17.0,24.647058823529413,419.0,J987_ARC _C3_slice3-Ort.czi,adult,pomc,upper
549,42.0,17.547619047619047,737.0,J987_ARC _C3_slice3-Ort.czi,adult,pomc,upper
550,28.0,25.0,700.0,J987_ARC _C3_slice3-Ort.czi,adult,pomc,upper
551,17.0,31.823529411764707,541.0,J987_ARC _C3_slice3-Ort.czi,adult,pomc,upper
552,70.0,32.628571428571426,2284.0,J987_ARC _C3_slice3-Ort.czi,adult,pomc,upper
553,44.0,17.636363636363637,776.0,J987_ARC _C3_slice3-Ort.czi,adult,pomc,upper
554,9.0,28.333333333333332,255.0,J987_ARC _C3_slice3-Ort.czi,adult,pomc,upper
555,22.0,16.545454545454547,364.0,J987_ARC _C3_slice3-Ort.czi,adult,pomc,upper
556,65.0,17.323076923076922,1126.0,J987_ARC _C3_slice3-Ort.czi,adult,pomc,upper
557,34.0,18.352941176470587,624.0,J987_ARC _C3_slice3-Ort.czi,adult,pomc,upper
558,25.0,16.84,421.0,J987_ARC _C3_slice3-Ort.czi,adult,pomc,upper
559,2.0,12.0,24.0,J987_ARC _C3_slice3-Ort.czi,adult,pomc,upper
560,179.0,15.843575418994414,2836.0,J987_ARC _C3_slice3-Ort.czi,adult,pomc,upper
561,80.0,17.5875,1407.0,J987_ARC _C3_slice3-Ort.czi,adult,pomc,upper
562,15.0,15.666666666666666,235.0,J987_ARC _C3_slice3-Ort.czi,adult,pomc,upper
563,53.0,15.88679245283019,842.0,J987_ARC _C3_slice3-Ort.czi,adult,pomc,upper
564,7.0,20.142857142857142,141.0,J987_ARC _C3_slice3-Ort.czi,adult,pomc,upper
565,87.0,17.39080459770115,1513.0,J987_ARC _C3_slice3-Ort.czi,adult,pomc,upper
566,78.0,17.371794871794872,1355.0,J987_ARC _C3_slice3-Ort.czi,adult,pomc,upper
567,79.0,18.79746835443038,1485.0,J987_ARC _C3_slice3-Ort.czi,adult,pomc,upper
568,104.0,19.076923076923077,1984.0,J987_ARC _C3_slice3-Ort.czi,adult,pomc,upper
569,29.0,18.0,522.0,J987_ARC _C3_slice3-Ort.czi,adult,pomc,upper
570,24.0,20.083333333333332,482.0,J987_ARC _C3_slice3-Ort.czi,adult,pomc,upper
571,10.0,17.4,174.0,J987_ARC _C3_slice3-Ort.czi,adult,pomc,upper
572,57.0,20.45614035087719,1166.0,J987_ARC _C3_slice3-Ort.czi,adult,pomc,upper
573,522.0,18.10727969348659,9452.0,J987_ARC _C3_slice3-Ort.czi,adult,pomc,upper
574,1950.0,17.09948717948718,33344.0,J987_ARC _C3_slice3-Ort.czi,adult,pomc,upper
575,6.0,13.166666666666666,79.0,J987_ARC _C3_slice3-Ort.czi,adult,pomc,upper
576,43.0,19.488372093023255,838.0,J987_ARC _C3_slice3-Ort.czi,adult,pomc,upper
577,11.0,22.454545454545453,247.0,J987_ARC _C3_slice3-Ort.czi,adult,pomc,upper
578,4.0,20.5,82.0,J987_ARC _C3_slice3-Ort.czi,adult,pomc,upper
579,1.0,15.0,15.0,J987_ARC _C3_slice3-Ort.czi,adult,pomc,upper
580,76.0,20.723684210526315,1575.0,J987_ARC _C3_slice3-Ort.czi,adult,pomc,upper
581,1.0,16.0,16.0,J987_ARC _C3_slice3-Ort.czi,adult,pomc,upper
582,28.0,16.535714285714285,463.0,J987_ARC _C3_slice3-Ort.czi,adult,pomc,upper
583,129.0,20.069767441860463,2589.0,J987_ARC _C3_slice3-Ort.czi,adult,pomc,upper
584,9510.0,17.158675078864352,163179.0,J987_ARC _C3_slice3-Ort.czi,adult,pomc,upper
585,24.0,16.0,384.0,J987_ARC _C3_slice3-Ort.czi,adult,pomc,upper
586,22.0,15.863636363636363,349.0,J987_ARC _C3_slice3-Ort.czi,adult,pomc,upper
587,34.0,16.38235294117647,557.0,J987_ARC _C3_slice3-Ort.czi,adult,pomc,upper
588,18.0,20.833333333333332,375.0,J987_ARC _C3_slice3-Ort.czi,adult,pomc,upper
589,44.0,16.84090909090909,741.0,J987_ARC _C3_slice3-Ort.czi,adult,pomc,upper
590,9.0,16.333333333333332,147.0,J987_ARC _C3_slice3-Ort.czi,adult,pomc,upper
591,20.0,19.0,380.0,J987_ARC _C3_slice3-Ort.czi,adult,pomc,upper
592,63.0,20.22222222222222,1274.0,J987_ARC _C3_slice3-Ort.czi,adult,pomc,upper
593,1.0,11.0,11.0,J987_ARC _C3_slice3-Ort.czi,adult,pomc,upper
594,1.0,11.0,11.0,J987_ARC _C3_slice3-Ort.czi,adult,pomc,upper
595,21.0,17.238095238095237,362.0,J987_ARC _C3_slice3-Ort.czi,adult,pomc,upper
596,51.0,27.54901960784314,1405.0,J987_ARC _C3_slice3-Ort.czi,adult,pomc,upper
597,511.0,18.273972602739725,9338.0,J987_ARC _C3_slice3-Ort.czi,adult,pomc,upper
598,15.0,20.866666666666667,313.0,J987_ARC _C3_slice3-Ort.czi,adult,pomc,upper
599,13.0,19.076923076923077,248.0,J987_ARC _C3_slice3-Ort.czi,adult,pomc,upper
600,454.0,15.27092511013216,6933.0,J987_ARC _C3_slice3-Ort.czi,adult,pomc,upper
601,91.0,15.901098901098901,1447.0,J987_ARC _C3_slice3-Ort.czi,adult,pomc,upper
602,124.0,20.693548387096776,2566.0,J987_ARC _C3_slice3-Ort.czi,adult,pomc,upper
603,76.0,18.144736842105264,1379.0,J987_ARC _C3_slice3-Ort.czi,adult,pomc,upper
604,48.0,15.416666666666666,740.0,J987_ARC _C3_slice3-Ort.czi,adult,pomc,upper
605,4.0,18.5,74.0,J987_ARC _C3_slice3-Ort.czi,adult,pomc,upper
606,13.0,14.0,182.0,J987_ARC _C3_slice3-Ort.czi,adult,pomc,upper
607,95.0,16.2,1539.0,J987_ARC _C3_slice3-Ort.czi,adult,pomc,upper
608,38.0,18.394736842105264,699.0,J987_ARC _C3_slice3-Ort.czi,adult,pomc,upper
609,27.0,16.037037037037038,433.0,J987_ARC _C3_slice3-Ort.czi,adult,pomc,upper
610,390.0,85.24615384615385,33246.0,J987_ARC _C3_slice3-Ort.czi,adult,pomc,upper
611,432.0,20.993055555555557,9069.0,J987_ARC _C3_slice3-Ort.czi,adult,pomc,upper
612,47.0,18.21276595744681,856.0,J987_ARC _C3_slice3-Ort.czi,adult,pomc,upper
613,13.0,15.076923076923077,196.0,J987_ARC _C3_slice3-Ort.czi,adult,pomc,upper
614,32.0,20.1875,646.0,J987_ARC _C3_slice3-Ort.czi,adult,pomc,upper
615,15.0,20.4,306.0,J987_ARC _C3_slice3-Ort.czi,adult,pomc,upper
616,1100.0,16.71090909090909,18382.0,J987_ARC _C3_slice3-Ort.czi,adult,pomc,upper
617,21.0,17.904761904761905,376.0,J987_ARC _C3_slice3-Ort.czi,adult,pomc,upper
618,3.0,9.333333333333334,28.0,J987_ARC _C3_slice3-Ort.czi,adult,pomc,upper
619,117.0,18.60683760683761,2177.0,J987_ARC _C3_slice3-Ort.czi,adult,pomc,upper
620,57.0,18.596491228070175,1060.0,J987_ARC _C3_slice3-Ort.czi,adult,pomc,upper
621,1.0,12.0,12.0,J987_ARC _C3_slice3-Ort.czi,adult,pomc,upper
622,1.0,10.0,10.0,J987_ARC _C3_slice3-Ort.czi,adult,pomc,upper
623,90.0,17.233333333333334,1551.0,J987_ARC _C3_slice3-Ort.czi,adult,pomc,upper
624,28.0,17.607142857142858,493.0,J987_ARC _C3_slice3-Ort.czi,adult,pomc,upper
625,51.0,28.92156862745098,1475.0,J987_ARC _C3_slice3-Ort.czi,adult,pomc,upper
626,1.0,10.0,10.0,J987_ARC _C3_slice3-Ort.czi,adult,pomc,upper
627,3.0,11.0,33.0,J987_ARC _C3_slice3-Ort.czi,adult,pomc,upper
628,42.0,16.761904761904763,704.0,J987_ARC _C3_slice3-Ort.czi,adult,pomc,upper
629,26.0,20.03846153846154,521.0,J987_ARC _C3_slice3-Ort.czi,adult,pomc,upper
630,19.0,17.842105263157894,339.0,J987_ARC _C3_slice3-Ort.czi,adult,pomc,upper
631,179.0,16.854748603351954,3016.9999999999995,J987_ARC _C3_slice3-Ort.czi,adult,pomc,upper
632,8.0,19.25,154.0,J987_ARC _C3_slice3-Ort.czi,adult,pomc,upper
633,2422.0,16.160611065235344,39141.0,J987_ARC _C3_slice3-Ort.czi,adult,pomc,upper
634,6113.0,18.82823490920988,115096.99999999999,J987_ARC _C3_slice3-Ort.czi,adult,pomc,upper
635,70.0,18.3,1281.0,J987_ARC _C3_slice3-Ort.czi,adult,pomc,upper
636,222.0,17.98198198198198,3992.0,J987_ARC _C3_slice3-Ort.czi,adult,pomc,upper
637,2.0,15.5,31.0,J987_ARC _C3_slice3-Ort.czi,adult,pomc,upper
638,29.0,17.551724137931036,509.00000000000006,J987_ARC _C3_slice3-Ort.czi,adult,pomc,upper
639,18.0,20.944444444444443,377.0,J987_ARC _C3_slice3-Ort.czi,adult,pomc,upper
640,15.0,18.666666666666668,280.0,J987_ARC _C3_slice3-Ort.czi,adult,pomc,upper
641,14.0,18.642857142857142,261.0,J987_ARC _C3_slice3-Ort.czi,adult,pomc,upper
642,130.0,16.73076923076923,2175.0,J987_ARC _C3_slice3-Ort.czi,adult,pomc,upper
643,47.0,20.95744680851064,985.0,J987_ARC _C3_slice3-Ort.czi,adult,pomc,upper
644,136.0,17.529411764705884,2384.0,J987_ARC _C3_slice3-Ort.czi,adult,pomc,upper
645,6.0,23.833333333333332,143.0,J987_ARC _C3_slice3-Ort.czi,adult,pomc,upper
646,1234.0,17.177471636952998,21197.0,J987_ARC _C3_slice3-Ort.czi,adult,pomc,upper
647,19.0,20.57894736842105,391.0,J987_ARC _C3_slice3-Ort.czi,adult,pomc,upper
648,80.0,18.8,1504.0,J987_ARC _C3_slice3-Ort.czi,adult,pomc,upper
649,79.0,18.9873417721519,1500.0000000000002,J987_ARC _C3_slice3-Ort.czi,adult,pomc,upper
650,149.0,15.704697986577182,2340.0,J987_ARC _C3_slice3-Ort.czi,adult,pomc,upper
651,15.0,22.933333333333334,344.0,J987_ARC _C3_slice3-Ort.czi,adult,pomc,upper
652,30.0,17.933333333333334,538.0,J987_ARC _C3_slice3-Ort.czi,adult,pomc,upper
653,5.0,21.2,106.0,J987_ARC _C3_slice3-Ort.czi,adult,pomc,upper
654,31.0,26.161290322580644,811.0,J987_ARC _C3_slice3-Ort.czi,adult,pomc,upper
655,8.0,16.5,132.0,J987_ARC _C3_slice3-Ort.czi,adult,pomc,upper
656,113.0,17.778761061946902,2009.0,J987_ARC _C3_slice3-Ort.czi,adult,pomc,upper
657,13.0,20.53846153846154,267.0,J987_ARC _C3_slice3-Ort.czi,adult,pomc,upper
658,16.0,13.1875,211.0,J987_ARC _C3_slice3-Ort.czi,adult,pomc,upper
659,25.0,19.24,480.99999999999994,J987_ARC _C3_slice3-Ort.czi,adult,pomc,upper
660,4.0,17.25,69.0,J987_ARC _C3_slice3-Ort.czi,adult,pomc,upper
661,104.0,17.951923076923077,1867.0,J987_ARC _C3_slice3-Ort.czi,adult,pomc,upper
662,24.0,21.458333333333332,515.0,J987_ARC _C3_slice3-Ort.czi,adult,pomc,upper
663,25.0,18.52,463.0,J987_ARC _C3_slice3-Ort.czi,adult,pomc,upper
664,15.0,17.733333333333334,266.0,J987_ARC _C3_slice3-Ort.czi,adult,pomc,upper
665,16.0,16.0625,257.0,J987_ARC _C3_slice3-Ort.czi,adult,pomc,upper
666,9.0,20.22222222222222,182.0,J987_ARC _C3_slice3-Ort.czi,adult,pomc,upper
667,634.0,18.116719242902207,11485.999999999998,J987_ARC _C3_slice3-Ort.czi,adult,pomc,upper
668,40.0,33.35,1334.0,J987_ARC _C3_slice3-Ort.czi,adult,pomc,upper
669,88.0,18.53409090909091,1631.0,J987_ARC _C3_slice3-Ort.czi,adult,pomc,upper
670,249.0,21.140562248995984,5264.0,J987_ARC _C3_slice3-Ort.czi,adult,pomc,upper
671,36.0,25.583333333333332,921.0,J987_ARC _C3_slice3-Ort.czi,adult,pomc,upper
672,9.0,14.444444444444445,130.0,J987_ARC _C3_slice3-Ort.czi,adult,pomc,upper
673,3.0,14.666666666666666,44.0,J987_ARC _C3_slice3-Ort.czi,adult,pomc,upper
674,16.0,22.875,366.0,J987_ARC _C3_slice3-Ort.czi,adult,pomc,upper
675,1.0,12.0,12.0,J987_ARC _C3_slice3-Ort.czi,adult,pomc,upper
676,3.0,17.333333333333332,52.0,J987_ARC _C3_slice3-Ort.czi,adult,pomc,upper
677,19.0,19.63157894736842,373.0,J987_ARC _C3_slice3-Ort.czi,adult,pomc,upper
678,28.0,17.0,476.0,J987_ARC _C3_slice3-Ort.czi,adult,pomc,upper
679,25.0,18.08,451.99999999999994,J987_ARC _C3_slice3-Ort.czi,adult,pomc,upper
680,73.0,17.794520547945204,1299.0,J987_ARC _C3_slice3-Ort.czi,adult,pomc,upper
681,11.0,22.0,242.0,J987_ARC _C3_slice3-Ort.czi,adult,pomc,upper
682,41.0,19.609756097560975,804.0,J987_ARC _C3_slice3-Ort.czi,adult,pomc,upper
683,9.0,18.22222222222222,164.0,J987_ARC _C3_slice3-Ort.czi,adult,pomc,upper
684,35.0,16.285714285714285,570.0,J987_ARC _C3_slice3-Ort.czi,adult,pomc,upper
685,15.0,23.0,345.0,J987_ARC _C3_slice3-Ort.czi,adult,pomc,upper
686,292.0,17.886986301369863,5223.0,J987_ARC _C3_slice3-Ort.czi,adult,pomc,upper
687,67.0,23.73134328358209,1590.0,J987_ARC _C3_slice3-Ort.czi,adult,pomc,upper
688,1.0,9.0,9.0,J987_ARC _C3_slice3-Ort.czi,adult,pomc,upper
689,25.0,20.0,500.0,J987_ARC _C3_slice3-Ort.czi,adult,pomc,upper
690,5.0,17.6,88.0,J987_ARC _C3_slice3-Ort.czi,adult,pomc,upper
691,30.0,21.733333333333334,652.0,J987_ARC _C3_slice3-Ort.czi,adult,pomc,upper
692,143.0,19.496503496503497,2788.0,J987_ARC _C3_slice3-Ort.czi,adult,pomc,upper
693,16.0,22.1875,355.0,J987_ARC _C3_slice3-Ort.czi,adult,pomc,upper
694,121.0,16.669421487603305,2017.0,J987_ARC _C3_slice3-Ort.czi,adult,pomc,upper
695,17.0,20.529411764705884,349.0,J987_ARC _C3_slice3-Ort.czi,adult,pomc,upper
696,140.0,19.7,2758.0,J987_ARC _C3_slice3-Ort.czi,adult,pomc,upper
697,2.0,14.0,28.0,J987_ARC _C3_slice3-Ort.czi,adult,pomc,upper
698,95.0,18.54736842105263,1762.0,J987_ARC _C3_slice3-Ort.czi,adult,pomc,upper
699,19.0,20.473684210526315,389.0,J987_ARC _C3_slice3-Ort.czi,adult,pomc,upper
700,72.0,19.555555555555557,1408.0,J987_ARC _C3_slice3-Ort.czi,adult,pomc,upper
701,1.0,9.0,9.0,J987_ARC _C3_slice3-Ort.czi,adult,pomc,upper
702,58.0,17.017241379310345,987.0,J987_ARC _C3_slice3-Ort.czi,adult,pomc,upper
703,7.0,18.142857142857142,127.0,J987_ARC _C3_slice3-Ort.czi,adult,pomc,upper
704,8.0,17.625,141.0,J987_ARC _C3_slice3-Ort.czi,adult,pomc,upper
705,112.0,20.946428571428573,2346.0,J987_ARC _C3_slice3-Ort.czi,adult,pomc,upper
706,52.0,20.923076923076923,1088.0,J987_ARC _C3_slice3-Ort.czi,adult,pomc,upper
707,8.0,26.5,212.0,J987_ARC _C3_slice3-Ort.czi,adult,pomc,upper
708,8.0,23.625,189.0,J987_ARC _C3_slice3-Ort.czi,adult,pomc,upper
709,96.0,18.96875,1821.0,J987_ARC _C3_slice3-Ort.czi,adult,pomc,upper
710,29.0,19.103448275862068,554.0,J987_ARC _C3_slice3-Ort.czi,adult,pomc,upper
711,45.0,19.844444444444445,893.0,J987_ARC _C3_slice3-Ort.czi,adult,pomc,upper
712,701.0,16.830242510699,11798.0,J987_ARC _C3_slice3-Ort.czi,adult,pomc,upper
713,55.0,19.8,1089.0,J987_ARC _C3_slice3-Ort.czi,adult,pomc,upper
714,19.0,18.05263157894737,343.0,J987_ARC _C3_slice3-Ort.czi,adult,pomc,upper
715,63.0,18.634920634920636,1174.0,J987_ARC _C3_slice3-Ort.czi,adult,pomc,upper
716,28.0,17.464285714285715,489.0,J987_ARC _C3_slice3-Ort.czi,adult,pomc,upper
717,30.0,22.533333333333335,676.0,J987_ARC _C3_slice3-Ort.czi,adult,pomc,upper
718,348.0,19.583333333333332,6815.0,J987_ARC _C3_slice3-Ort.czi,adult,pomc,upper
719,65.0,20.723076923076924,1347.0,J987_ARC _C3_slice3-Ort.czi,adult,pomc,upper
720,2831.0,16.790886612504416,47535.0,J987_ARC _C3_slice3-Ort.czi,adult,pomc,upper
721,35.0,17.82857142857143,624.0,J987_ARC _C3_slice3-Ort.czi,adult,pomc,upper
722,41.0,19.536585365853657,801.0,J987_ARC _C3_slice3-Ort.czi,adult,pomc,upper
723,1.0,15.0,15.0,J987_ARC _C3_slice3-Ort.czi,adult,pomc,upper
724,74.0,18.22972972972973,1349.0,J987_ARC _C3_slice3-Ort.czi,adult,pomc,upper
725,1.0,7.0,7.0,J987_ARC _C3_slice3-Ort.czi,adult,pomc,upper
726,25.0,20.08,501.99999999999994,J987_ARC _C3_slice3-Ort.czi,adult,pomc,upper
727,778.0,18.911311053984576,14713.0,J987_ARC _C3_slice3-Ort.czi,adult,pomc,upper
728,168.0,24.488095238095237,4114.0,J987_ARC _C3_slice3-Ort.czi,adult,pomc,upper
729,61.0,18.262295081967213,1114.0,J987_ARC _C3_slice3-Ort.czi,adult,pomc,upper
730,130.0,16.976923076923075,2207.0,J987_ARC _C3_slice3-Ort.czi,adult,pomc,upper
731,140.0,22.15,3101.0,J987_ARC _C3_slice3-Ort.czi,adult,pomc,upper
732,40.0,15.65,626.0,J987_ARC _C3_slice3-Ort.czi,adult,pomc,upper
733,24.0,17.291666666666668,415.0,J987_ARC _C3_slice3-Ort.czi,adult,pomc,upper
734,20.0,19.4,388.0,J987_ARC _C3_slice3-Ort.czi,adult,pomc,upper
735,51.0,14.27450980392157,728.0,J987_ARC _C3_slice3-Ort.czi,adult,pomc,upper
736,354.0,17.54237288135593,6209.999999999999,J987_ARC _C3_slice3-Ort.czi,adult,pomc,upper
737,5.0,16.8,84.0,J987_ARC _C3_slice3-Ort.czi,adult,pomc,upper
738,94.0,16.43617021276596,1545.0,J987_ARC _C3_slice3-Ort.czi,adult,pomc,upper
739,38.0,20.394736842105264,775.0,J987_ARC _C3_slice3-Ort.czi,adult,pomc,upper
740,22.0,20.818181818181817,457.99999999999994,J987_ARC _C3_slice3-Ort.czi,adult,pomc,upper
741,25.0,15.88,397.0,J987_ARC _C3_slice3-Ort.czi,adult,pomc,upper
742,60.0,21.45,1287.0,J987_ARC _C3_slice3-Ort.czi,adult,pomc,upper
743,15.0,15.933333333333334,239.0,J987_ARC _C3_slice3-Ort.czi,adult,pomc,upper
744,33.0,23.848484848484848,787.0,J987_ARC _C3_slice3-Ort.czi,adult,pomc,upper
745,95.0,18.6,1767.0000000000002,J987_ARC _C3_slice3-Ort.czi,adult,pomc,upper
746,138.0,19.057971014492754,2630.0,J987_ARC _C3_slice3-Ort.czi,adult,pomc,upper
747,99.0,17.95959595959596,1778.0,J987_ARC _C3_slice3-Ort.czi,adult,pomc,upper
748,3.0,14.333333333333334,43.0,J987_ARC _C3_slice3-Ort.czi,adult,pomc,upper
749,29.0,14.827586206896552,430.0,J987_ARC _C3_slice3-Ort.czi,adult,pomc,upper
750,32.0,19.15625,613.0,J987_ARC _C3_slice3-Ort.czi,adult,pomc,upper
751,88.0,17.727272727272727,1560.0,J987_ARC _C3_slice3-Ort.czi,adult,pomc,upper
752,1.0,7.0,7.0,J987_ARC _C3_slice3-Ort.czi,adult,pomc,upper
753,10.0,18.0,180.0,J987_ARC _C3_slice3-Ort.czi,adult,pomc,upper
754,5.0,29.0,145.0,J987_ARC _C3_slice3-Ort.czi,adult,pomc,upper
755,12.0,17.25,207.0,J987_ARC _C3_slice3-Ort.czi,adult,pomc,upper
756,20.0,16.75,335.0,J987_ARC _C3_slice3-Ort.czi,adult,pomc,upper
757,33.0,19.78787878787879,653.0,J987_ARC _C3_slice3-Ort.czi,adult,pomc,upper
758,10.0,14.0,140.0,J987_ARC _C3_slice3-Ort.czi,adult,pomc,upper
759,13.0,22.76923076923077,296.0,J987_ARC _C3_slice3-Ort.czi,adult,pomc,upper
760,259.0,16.347490347490346,4234.0,J987_ARC _C3_slice3-Ort.czi,adult,pomc,upper
761,95.0,16.25263157894737,1544.0,J987_ARC _C3_slice3-Ort.czi,adult,pomc,upper
762,13.0,18.307692307692307,238.0,J987_ARC _C3_slice3-Ort.czi,adult,pomc,upper
763,33.0,18.09090909090909,597.0,J987_ARC _C3_slice3-Ort.czi,adult,pomc,upper
764,24.0,18.708333333333332,449.0,J987_ARC _C3_slice3-Ort.czi,adult,pomc,upper
765,224.0,16.607142857142858,3720.0,J987_ARC _C3_slice3-Ort.czi,adult,pomc,upper
766,45.0,16.711111111111112,752.0,J987_ARC _C3_slice3-Ort.czi,adult,pomc,upper
767,57.0,17.68421052631579,1008.0000000000001,J987_ARC _C3_slice3-Ort.czi,adult,pomc,upper
768,50.0,17.96,898.0,J987_ARC _C3_slice3-Ort.czi,adult,pomc,upper
769,4.0,12.75,51.0,J987_ARC _C3_slice3-Ort.czi,adult,pomc,upper
770,103.0,18.019417475728154,1856.0,J987_ARC _C3_slice3-Ort.czi,adult,pomc,upper
771,71.0,22.281690140845072,1582.0,J987_ARC _C3_slice3-Ort.czi,adult,pomc,upper
772,2.0,18.5,37.0,J987_ARC _C3_slice3-Ort.czi,adult,pomc,upper
773,230.0,17.821739130434782,4099.0,J987_ARC _C3_slice3-Ort.czi,adult,pomc,upper
774,35.0,17.428571428571427,610.0,J987_ARC _C3_slice3-Ort.czi,adult,pomc,upper
775,42.0,22.80952380952381,958.0,J987_ARC _C3_slice3-Ort.czi,adult,pomc,upper
776,105.0,18.8,1974.0,J987_ARC _C3_slice3-Ort.czi,adult,pomc,upper
777,180.0,19.738888888888887,3552.9999999999995,J987_ARC _C3_slice3-Ort.czi,adult,pomc,upper
778,94.0,16.861702127659573,1584.9999999999998,J987_ARC _C3_slice3-Ort.czi,adult,pomc,upper
779,26.0,17.307692307692307,450.0,J987_ARC _C3_slice3-Ort.czi,adult,pomc,upper
780,60.0,17.683333333333334,1061.0,J987_ARC _C3_slice3-Ort.czi,adult,pomc,upper
781,8.0,18.5,148.0,J987_ARC _C3_slice3-Ort.czi,adult,pomc,upper
782,1.0,27.0,27.0,J987_ARC _C3_slice3-Ort.czi,adult,pomc,upper
783,19.0,17.473684210526315,332.0,J987_ARC _C3_slice3-Ort.czi,adult,pomc,upper
784,68.0,18.205882352941178,1238.0,J987_ARC _C3_slice3-Ort.czi,adult,pomc,upper
785,11.0,53.18181818181818,585.0,J987_ARC _C3_slice3-Ort.czi,adult,pomc,upper
786,3.0,17.333333333333332,52.0,J987_ARC _C3_slice3-Ort.czi,adult,pomc,upper
787,53.0,17.867924528301888,947.0000000000001,J987_ARC _C3_slice3-Ort.czi,adult,pomc,upper
788,1.0,12.0,12.0,J987_ARC _C3_slice3-Ort.czi,adult,pomc,upper
789,51.0,15.215686274509803,776.0,J987_ARC _C3_slice3-Ort.czi,adult,pomc,upper
790,83.0,17.59036144578313,1459.9999999999998,J987_ARC _C3_slice3-Ort.czi,adult,pomc,upper
791,10.0,21.1,211.0,J987_ARC _C3_slice3-Ort.czi,adult,pomc,upper
792,323.0,20.808049535603715,6721.0,J987_ARC _C3_slice3-Ort.czi,adult,pomc,upper
793,9.0,17.444444444444443,157.0,J987_ARC _C3_slice3-Ort.czi,adult,pomc,upper
794,83.0,17.16867469879518,1424.9999999999998,J987_ARC _C3_slice3-Ort.czi,adult,pomc,upper
795,2.0,18.0,36.0,J987_ARC _C3_slice3-Ort.czi,adult,pomc,upper
796,40.0,17.05,682.0,J987_ARC _C3_slice3-Ort.czi,adult,pomc,upper
797,55.0,19.10909090909091,1051.0,J987_ARC _C3_slice3-Ort.czi,adult,pomc,upper
798,16.0,17.75,284.0,J987_ARC _C3_slice3-Ort.czi,adult,pomc,upper
799,51.0,16.980392156862745,866.0,J987_ARC _C3_slice3-Ort.czi,adult,pomc,upper
800,60.0,15.4,924.0,J987_ARC _C3_slice3-Ort.czi,adult,pomc,upper
801,31.0,20.225806451612904,627.0,J987_ARC _C3_slice3-Ort.czi,adult,pomc,upper
802,438.0,18.707762557077626,8194.0,J987_ARC _C3_slice3-Ort.czi,adult,pomc,upper
803,8.0,22.625,181.0,J987_ARC _C3_slice3-Ort.czi,adult,pomc,upper
804,2.0,14.5,29.0,J987_ARC _C3_slice3-Ort.czi,adult,pomc,upper
805,7.0,13.714285714285714,96.0,J987_ARC _C3_slice3-Ort.czi,adult,pomc,upper
806,42.0,19.19047619047619,806.0,J987_ARC _C3_slice3-Ort.czi,adult,pomc,upper
807,37.0,18.45945945945946,683.0,J987_ARC _C3_slice3-Ort.czi,adult,pomc,upper
808,63.0,17.253968253968253,1087.0,J987_ARC _C3_slice3-Ort.czi,adult,pomc,upper
809,6.0,21.333333333333332,128.0,J987_ARC _C3_slice3-Ort.czi,adult,pomc,upper
810,2.0,11.0,22.0,J987_ARC _C3_slice3-Ort.czi,adult,pomc,upper
811,22.0,20.5,451.0,J987_ARC _C3_slice3-Ort.czi,adult,pomc,upper
812,20.0,17.6,352.0,J987_ARC _C3_slice3-Ort.czi,adult,pomc,upper
813,102.0,17.352941176470587,1769.9999999999998,J987_ARC _C3_slice3-Ort.czi,adult,pomc,upper
814,10.0,16.0,160.0,J987_ARC _C3_slice3-Ort.czi,adult,pomc,upper
815,31.0,19.06451612903226,591.0,J987_ARC _C3_slice3-Ort.czi,adult,pomc,upper
816,622.0,16.418006430868168,10212.0,J987_ARC _C3_slice3-Ort.czi,adult,pomc,upper
817,701.0,18.516405135520685,12980.0,J987_ARC _C3_slice3-Ort.czi,adult,pomc,upper
818,3.0,7.333333333333333,22.0,J987_ARC _C3_slice3-Ort.czi,adult,pomc,upper
819,97.0,16.24742268041237,1576.0,J987_ARC _C3_slice3-Ort.czi,adult,pomc,upper
820,25.0,15.16,379.0,J987_ARC _C3_slice3-Ort.czi,adult,pomc,upper
821,25.0,18.48,462.0,J987_ARC _C3_slice3-Ort.czi,adult,pomc,upper
822,97.0,18.257731958762886,1771.0,J987_ARC _C3_slice3-Ort.czi,adult,pomc,upper
823,59.0,17.54237288135593,1035.0,J987_ARC _C3_slice3-Ort.czi,adult,pomc,upper
824,5.0,18.4,92.0,J987_ARC _C3_slice3-Ort.czi,adult,pomc,upper
825,963.0,16.240913811007267,15639.999999999998,J987_ARC _C3_slice3-Ort.czi,adult,pomc,upper
826,26.0,18.615384615384617,484.00000000000006,J987_ARC _C3_slice3-Ort.czi,adult,pomc,upper
827,437.0,20.009153318077804,8744.0,J987_ARC _C3_slice3-Ort.czi,adult,pomc,upper
828,153.0,18.65359477124183,2854.0,J987_ARC _C3_slice3-Ort.czi,adult,pomc,upper
829,141.0,16.68794326241135,2353.0,J987_ARC _C3_slice3-Ort.czi,adult,pomc,upper
830,84.0,16.107142857142858,1353.0,J987_ARC _C3_slice3-Ort.czi,adult,pomc,upper
831,19.0,15.578947368421053,296.0,J987_ARC _C3_slice3-Ort.czi,adult,pomc,upper
832,18.0,19.833333333333332,357.0,J987_ARC _C3_slice3-Ort.czi,adult,pomc,upper
833,174.0,17.586206896551722,3059.9999999999995,J987_ARC _C3_slice3-Ort.czi,adult,pomc,upper
834,103.0,20.349514563106798,2096.0,J987_ARC _C3_slice3-Ort.czi,adult,pomc,upper
835,74.0,16.824324324324323,1245.0,J987_ARC _C3_slice3-Ort.czi,adult,pomc,upper
836,4.0,16.0,64.0,J987_ARC _C3_slice3-Ort.czi,adult,pomc,upper
837,624.0,19.733974358974358,12314.0,J987_ARC _C3_slice3-Ort.czi,adult,pomc,upper
838,12.0,19.916666666666668,239.0,J987_ARC _C3_slice3-Ort.czi,adult,pomc,upper
839,85.0,19.50588235294118,1658.0000000000002,J987_ARC _C3_slice3-Ort.czi,adult,pomc,upper
840,50.0,18.52,926.0,J987_ARC _C3_slice3-Ort.czi,adult,pomc,upper
841,2.0,13.0,26.0,J987_ARC _C3_slice3-Ort.czi,adult,pomc,upper
842,1.0,19.0,19.0,J987_ARC _C3_slice3-Ort.czi,adult,pomc,upper
843,23.0,16.26086956521739,374.0,J987_ARC _C3_slice3-Ort.czi,adult,pomc,upper
844,11.0,18.0,198.0,J987_ARC _C3_slice3-Ort.czi,adult,pomc,upper
845,69.0,17.855072463768117,1232.0,J987_ARC _C3_slice3-Ort.czi,adult,pomc,upper
846,6.0,19.333333333333332,116.0,J987_ARC _C3_slice3-Ort.czi,adult,pomc,upper
847,40.0,21.375,855.0,J987_ARC _C3_slice3-Ort.czi,adult,pomc,upper
848,2.0,13.0,26.0,J987_ARC _C3_slice3-Ort.czi,adult,pomc,upper
849,26.0,17.115384615384617,445.00000000000006,J987_ARC _C3_slice3-Ort.czi,adult,pomc,upper
850,37.0,22.027027027027028,815.0,J987_ARC _C3_slice3-Ort.czi,adult,pomc,upper
851,16.0,24.75,396.0,J987_ARC _C3_slice3-Ort.czi,adult,pomc,upper
852,43.0,22.511627906976745,968.0,J987_ARC _C3_slice3-Ort.czi,adult,pomc,upper
853,29.0,17.79310344827586,516.0,J987_ARC _C3_slice3-Ort.czi,adult,pomc,upper
854,261.0,18.149425287356323,4737.0,J987_ARC _C3_slice3-Ort.czi,adult,pomc,upper
855,1.0,18.0,18.0,J987_ARC _C3_slice3-Ort.czi,adult,pomc,upper
856,41.0,15.634146341463415,641.0,J987_ARC _C3_slice3-Ort.czi,adult,pomc,upper
857,37.0,16.37837837837838,606.0,J987_ARC _C3_slice3-Ort.czi,adult,pomc,upper
858,23.0,20.956521739130434,482.0,J987_ARC _C3_slice3-Ort.czi,adult,pomc,upper
859,160.0,17.6125,2818.0,J987_ARC _C3_slice3-Ort.czi,adult,pomc,upper
860,54.0,16.944444444444443,914.9999999999999,J987_ARC _C3_slice3-Ort.czi,adult,pomc,upper
861,143.0,16.657342657342657,2382.0,J987_ARC _C3_slice3-Ort.czi,adult,pomc,upper
862,16.0,23.3125,373.0,J987_ARC _C3_slice3-Ort.czi,adult,pomc,upper
863,12.0,17.916666666666668,215.0,J987_ARC _C3_slice3-Ort.czi,adult,pomc,upper
864,35.0,18.142857142857142,635.0,J987_ARC _C3_slice3-Ort.czi,adult,pomc,upper
865,164.0,16.95731707317073,2781.0,J987_ARC _C3_slice3-Ort.czi,adult,pomc,upper
866,3.0,21.0,63.0,J987_ARC _C3_slice3-Ort.czi,adult,pomc,upper
867,3.0,15.0,45.0,J987_ARC _C3_slice3-Ort.czi,adult,pomc,upper
868,47.0,17.659574468085108,830.0000000000001,J987_ARC _C3_slice3-Ort.czi,adult,pomc,upper
869,37.0,23.513513513513512,870.0,J987_ARC _C3_slice3-Ort.czi,adult,pomc,upper
870,38.0,19.36842105263158,736.0,J987_ARC _C3_slice3-Ort.czi,adult,pomc,upper
871,27.0,22.48148148148148,607.0,J987_ARC _C3_slice3-Ort.czi,adult,pomc,upper
872,9.0,15.777777777777779,142.0,J987_ARC _C3_slice3-Ort.czi,adult,pomc,upper
873,9.0,17.22222222222222,155.0,J987_ARC _C3_slice3-Ort.czi,adult,pomc,upper
874,2441.0,17.04014748054076,41594.99999999999,J987_ARC _C3_slice3-Ort.czi,adult,pomc,upper
875,16.0,19.5625,313.0,J987_ARC _C3_slice3-Ort.czi,adult,pomc,upper
876,38.0,18.710526315789473,711.0,J987_ARC _C3_slice3-Ort.czi,adult,pomc,upper
877,81.0,20.296296296296298,1644.0,J987_ARC _C3_slice3-Ort.czi,adult,pomc,upper
878,5.0,17.4,87.0,J987_ARC _C3_slice3-Ort.czi,adult,pomc,upper
879,1.0,28.0,28.0,J987_ARC _C3_slice3-Ort.czi,adult,pomc,upper
880,10.0,20.5,205.0,J987_ARC _C3_slice3-Ort.czi,adult,pomc,upper
881,38.0,20.789473684210527,790.0,J987_ARC _C3_slice3-Ort.czi,adult,pomc,upper
882,68.0,17.058823529411764,1160.0,J987_ARC _C3_slice3-Ort.czi,adult,pomc,upper
883,32.0,18.78125,601.0,J987_ARC _C3_slice3-Ort.czi,adult,pomc,upper
884,427.0,18.04449648711944,7705.0,J987_ARC _C3_slice3-Ort.czi,adult,pomc,upper
885,80.0,18.275,1462.0,J987_ARC _C3_slice3-Ort.czi,adult,pomc,upper
886,100.0,18.13,1813.0,J987_ARC _C3_slice3-Ort.czi,adult,pomc,upper
887,55.0,15.8,869.0,J987_ARC _C3_slice3-Ort.czi,adult,pomc,upper
888,34.0,19.5,663.0,J987_ARC _C3_slice3-Ort.czi,adult,pomc,upper
889,119.0,17.462184873949578,2078.0,J987_ARC _C3_slice3-Ort.czi,adult,pomc,upper
890,22.0,21.454545454545453,472.0,J987_ARC _C3_slice3-Ort.czi,adult,pomc,upper
891,51.0,20.372549019607842,1039.0,J987_ARC _C3_slice3-Ort.czi,adult,pomc,upper
892,14.0,18.071428571428573,253.00000000000003,J987_ARC _C3_slice3-Ort.czi,adult,pomc,upper
893,72.0,14.694444444444445,1058.0,J987_ARC _C3_slice3-Ort.czi,adult,pomc,upper
894,2.0,14.0,28.0,J987_ARC _C3_slice3-Ort.czi,adult,pomc,upper
895,49.0,17.551020408163264,860.0,J987_ARC _C3_slice3-Ort.czi,adult,pomc,upper
896,30.0,19.0,570.0,J987_ARC _C3_slice3-Ort.czi,adult,pomc,upper
897,73.0,17.34246575342466,1266.0,J987_ARC _C3_slice3-Ort.czi,adult,pomc,upper
898,19.0,24.0,456.0,J987_ARC _C3_slice3-Ort.czi,adult,pomc,upper
899,1.0,19.0,19.0,J987_ARC _C3_slice3-Ort.czi,adult,pomc,upper
900,263.0,16.315589353612168,4291.0,J987_ARC _C3_slice3-Ort.czi,adult,pomc,upper
901,44.0,21.318181818181817,937.9999999999999,J987_ARC _C3_slice3-Ort.czi,adult,pomc,upper
902,40.0,18.325,733.0,J987_ARC _C3_slice3-Ort.czi,adult,pomc,upper
903,41.0,18.73170731707317,768.0,J987_ARC _C3_slice3-Ort.czi,adult,pomc,upper
904,5.0,28.6,143.0,J987_ARC _C3_slice3-Ort.czi,adult,pomc,upper
905,85.0,22.258823529411764,1892.0,J987_ARC _C3_slice3-Ort.czi,adult,pomc,upper
906,44.0,18.954545454545453,834.0,J987_ARC _C3_slice3-Ort.czi,adult,pomc,upper
907,34.0,17.352941176470587,590.0,J987_ARC _C3_slice3-Ort.czi,adult,pomc,upper
908,32.0,23.59375,755.0,J987_ARC _C3_slice3-Ort.czi,adult,pomc,upper
909,31.0,17.741935483870968,550.0,J987_ARC _C3_slice3-Ort.czi,adult,pomc,upper
910,21.0,18.047619047619047,379.0,J987_ARC _C3_slice3-Ort.czi,adult,pomc,upper
911,5.0,19.6,98.0,J987_ARC _C3_slice3-Ort.czi,adult,pomc,upper
912,24.0,18.791666666666668,451.0,J987_ARC _C3_slice3-Ort.czi,adult,pomc,upper
913,56.0,15.857142857142858,888.0,J987_ARC _C3_slice3-Ort.czi,adult,pomc,upper
914,10.0,19.8,198.0,J987_ARC _C3_slice3-Ort.czi,adult,pomc,upper
915,2279.0,16.175076788064942,36863.0,J987_ARC _C3_slice3-Ort.czi,adult,pomc,upper
916,39.0,16.641025641025642,649.0,J987_ARC _C3_slice3-Ort.czi,adult,pomc,upper
917,145.0,19.50344827586207,2828.0,J987_ARC _C3_slice3-Ort.czi,adult,pomc,upper
918,170.0,19.176470588235293,3260.0,J987_ARC _C3_slice3-Ort.czi,adult,pomc,upper
919,52.0,17.692307692307693,920.0,J987_ARC _C3_slice3-Ort.czi,adult,pomc,upper
920,151.0,15.695364238410596,2370.0,J987_ARC _C3_slice3-Ort.czi,adult,pomc,upper
921,82.0,16.134146341463413,1323.0,J987_ARC _C3_slice3-Ort.czi,adult,pomc,upper
922,35.0,18.142857142857142,635.0,J987_ARC _C3_slice3-Ort.czi,adult,pomc,upper
923,17.0,23.823529411764707,405.0,J987_ARC _C3_slice3-Ort.czi,adult,pomc,upper
924,64.0,18.0,1152.0,J987_ARC _C3_slice3-Ort.czi,adult,pomc,upper
925,17.0,20.058823529411764,341.0,J987_ARC _C3_slice3-Ort.czi,adult,pomc,upper
926,234.0,20.17948717948718,4722.0,J987_ARC _C3_slice3-Ort.czi,adult,pomc,upper
927,149.0,19.315436241610737,2878.0,J987_ARC _C3_slice3-Ort.czi,adult,pomc,upper
928,67.0,18.47761194029851,1238.0,J987_ARC _C3_slice3-Ort.czi,adult,pomc,upper
929,72.0,16.944444444444443,1220.0,J987_ARC _C3_slice3-Ort.czi,adult,pomc,upper
930,235.0,16.280851063829786,3825.9999999999995,J987_ARC _C3_slice3-Ort.czi,adult,pomc,upper
931,46.0,17.47826086956522,804.0,J987_ARC _C3_slice3-Ort.czi,adult,pomc,upper
932,47.0,17.25531914893617,811.0,J987_ARC _C3_slice3-Ort.czi,adult,pomc,upper
933,1.0,14.0,14.0,J987_ARC _C3_slice3-Ort.czi,adult,pomc,upper
934,478.0,17.709205020920503,8465.0,J987_ARC _C3_slice3-Ort.czi,adult,pomc,upper
935,72.0,19.541666666666668,1407.0,J987_ARC _C3_slice3-Ort.czi,adult,pomc,upper
936,60.0,16.366666666666667,982.0,J987_ARC _C3_slice3-Ort.czi,adult,pomc,upper
937,1.0,17.0,17.0,J987_ARC _C3_slice3-Ort.czi,adult,pomc,upper
938,26.0,19.76923076923077,514.0,J987_ARC _C3_slice3-Ort.czi,adult,pomc,upper
939,361.0,17.024930747922436,6145.999999999999,J987_ARC _C3_slice3-Ort.czi,adult,pomc,upper
940,384.0,17.434895833333332,6695.0,J987_ARC _C3_slice3-Ort.czi,adult,pomc,upper
941,4.0,12.0,48.0,J987_ARC _C3_slice3-Ort.czi,adult,pomc,upper
942,20.0,17.95,359.0,J987_ARC _C3_slice3-Ort.czi,adult,pomc,upper
943,104.0,19.5,2028.0,J987_ARC _C3_slice3-Ort.czi,adult,pomc,upper
944,59.0,15.983050847457626,943.0,J987_ARC _C3_slice3-Ort.czi,adult,pomc,upper
945,1.0,19.0,19.0,J987_ARC _C3_slice3-Ort.czi,adult,pomc,upper
946,1.0,7.0,7.0,J987_ARC _C3_slice3-Ort.czi,adult,pomc,upper
947,127.0,16.921259842519685,2149.0,J987_ARC _C3_slice3-Ort.czi,adult,pomc,upper
948,49.0,16.714285714285715,819.0,J987_ARC _C3_slice3-Ort.czi,adult,pomc,upper
949,8.0,22.0,176.0,J987_ARC _C3_slice3-Ort.czi,adult,pomc,upper
950,64.0,19.515625,1249.0,J987_ARC _C3_slice3-Ort.czi,adult,pomc,upper
951,75.0,16.986666666666668,1274.0,J987_ARC _C3_slice3-Ort.czi,adult,pomc,upper
952,335.0,19.083582089552237,6393.0,J987_ARC _C3_slice3-Ort.czi,adult,pomc,upper
953,12.0,24.583333333333332,295.0,J987_ARC _C3_slice3-Ort.czi,adult,pomc,upper
954,74.0,19.81081081081081,1466.0,J987_ARC _C3_slice3-Ort.czi,adult,pomc,upper
955,38.0,17.736842105263158,674.0,J987_ARC _C3_slice3-Ort.czi,adult,pomc,upper
956,30.0,18.5,555.0,J987_ARC _C3_slice3-Ort.czi,adult,pomc,upper
957,448.0,17.033482142857142,7631.0,J987_ARC _C3_slice3-Ort.czi,adult,pomc,upper
958,93.0,16.623655913978496,1546.0,J987_ARC _C3_slice3-Ort.czi,adult,pomc,upper
959,121.0,18.41322314049587,2228.0,J987_ARC _C3_slice3-Ort.czi,adult,pomc,upper
960,4.0,13.5,54.0,J987_ARC _C3_slice3-Ort.czi,adult,pomc,upper
961,28.0,17.392857142857142,487.0,J987_ARC _C3_slice3-Ort.czi,adult,pomc,upper
962,81.0,19.567901234567902,1585.0,J987_ARC _C3_slice3-Ort.czi,adult,pomc,upper
963,52.0,15.846153846153847,824.0,J987_ARC _C3_slice3-Ort.czi,adult,pomc,upper
964,10.0,25.6,256.0,J987_ARC _C3_slice3-Ort.czi,adult,pomc,upper
965,9.0,13.222222222222221,119.0,J987_ARC _C3_slice3-Ort.czi,adult,pomc,upper
966,1.0,29.0,29.0,J987_ARC _C3_slice3-Ort.czi,adult,pomc,upper
967,95.0,17.842105263157894,1695.0,J987_ARC _C3_slice3-Ort.czi,adult,pomc,upper
968,68.0,18.5,1258.0,J987_ARC _C3_slice3-Ort.czi,adult,pomc,upper
969,320.0,20.496875,6559.0,J987_ARC _C3_slice3-Ort.czi,adult,pomc,upper
970,4.0,17.25,69.0,J987_ARC _C3_slice3-Ort.czi,adult,pomc,upper
971,45.0,18.466666666666665,830.9999999999999,J987_ARC _C3_slice3-Ort.czi,adult,pomc,upper
972,49.0,19.959183673469386,977.9999999999999,J987_ARC _C3_slice3-Ort.czi,adult,pomc,upper
973,356.0,15.702247191011235,5590.0,J987_ARC _C3_slice3-Ort.czi,adult,pomc,upper
974,12.0,17.416666666666668,209.0,J987_ARC _C3_slice3-Ort.czi,adult,pomc,upper
975,13.0,27.692307692307693,360.0,J987_ARC _C3_slice3-Ort.czi,adult,pomc,upper
976,21.0,15.619047619047619,328.0,J987_ARC _C3_slice3-Ort.czi,adult,pomc,upper
977,28.0,13.785714285714286,386.0,J987_ARC _C3_slice3-Ort.czi,adult,pomc,upper
978,29.0,17.20689655172414,499.0,J987_ARC _C3_slice3-Ort.czi,adult,pomc,upper
979,45.0,19.4,872.9999999999999,J987_ARC _C3_slice3-Ort.czi,adult,pomc,upper
980,890.0,17.28426966292135,15383.000000000002,J987_ARC _C3_slice3-Ort.czi,adult,pomc,upper
981,241.0,17.775933609958507,4284.0,J987_ARC _C3_slice3-Ort.czi,adult,pomc,upper
982,28.0,19.357142857142858,542.0,J987_ARC _C3_slice3-Ort.czi,adult,pomc,upper
983,126.0,17.095238095238095,2154.0,J987_ARC _C3_slice3-Ort.czi,adult,pomc,upper
984,25.0,19.16,479.0,J987_ARC _C3_slice3-Ort.czi,adult,pomc,upper
985,19.0,16.263157894736842,309.0,J987_ARC _C3_slice3-Ort.czi,adult,pomc,upper
986,139.0,17.467625899280577,2428.0,J987_ARC _C3_slice3-Ort.czi,adult,pomc,upper
987,161.0,18.937888198757765,3049.0,J987_ARC _C3_slice3-Ort.czi,adult,pomc,upper
988,56.0,19.589285714285715,1097.0,J987_ARC _C3_slice3-Ort.czi,adult,pomc,upper
989,9.0,23.22222222222222,209.0,J987_ARC _C3_slice3-Ort.czi,adult,pomc,upper
990,41.0,18.609756097560975,763.0,J987_ARC _C3_slice3-Ort.czi,adult,pomc,upper
991,88.0,18.0,1584.0,J987_ARC _C3_slice3-Ort.czi,adult,pomc,upper
992,24.0,20.25,486.0,J987_ARC _C3_slice3-Ort.czi,adult,pomc,upper
993,30.0,18.233333333333334,547.0,J987_ARC _C3_slice3-Ort.czi,adult,pomc,upper
994,4.0,16.5,66.0,J987_ARC _C3_slice3-Ort.czi,adult,pomc,upper
995,57.0,18.24561403508772,1040.0,J987_ARC _C3_slice3-Ort.czi,adult,pomc,upper
996,281.0,16.427046263345197,4616.0,J987_ARC _C3_slice3-Ort.czi,adult,pomc,upper
997,2823.0,16.238398866454126,45841.0,J987_ARC _C3_slice3-Ort.czi,adult,pomc,upper
998,25.0,18.96,474.0,J987_ARC _C3_slice3-Ort.czi,adult,pomc,upper
999,22.0,15.818181818181818,348.0,J987_ARC _C3_slice3-Ort.czi,adult,pomc,upper
1000,48.0,15.5,744.0,J987_ARC _C3_slice3-Ort.czi,adult,pomc,upper
1001,22.0,22.045454545454547,485.0,J987_ARC _C3_slice3-Ort.czi,adult,pomc,upper
1002,72.0,16.90277777777778,1217.0,J987_ARC _C3_slice3-Ort.czi,adult,pomc,upper
1003,183.0,22.81967213114754,4176.0,J987_ARC _C3_slice3-Ort.czi,adult,pomc,upper
1004,41.0,15.487804878048781,635.0,J987_ARC _C3_slice3-Ort.czi,adult,pomc,upper
1005,3.0,11.0,33.0,J987_ARC _C3_slice3-Ort.czi,adult,pomc,upper
1006,56.0,16.410714285714285,919.0,J987_ARC _C3_slice3-Ort.czi,adult,pomc,upper
1007,24.0,23.083333333333332,554.0,J987_ARC _C3_slice3-Ort.czi,adult,pomc,upper
1008,1.0,16.0,16.0,J987_ARC _C3_slice3-Ort.czi,adult,pomc,upper
1009,7.0,20.714285714285715,145.0,J987_ARC _C3_slice3-Ort.czi,adult,pomc,upper
1010,34.0,19.58823529411765,666.0,J987_ARC _C3_slice3-Ort.czi,adult,pomc,upper
1011,20.0,24.15,483.0,J987_ARC _C3_slice3-Ort.czi,adult,pomc,upper
1012,10.0,20.6,206.0,J987_ARC _C3_slice3-Ort.czi,adult,pomc,upper
1013,1.0,22.0,22.0,J987_ARC _C3_slice3-Ort.czi,adult,pomc,upper
1014,45.0,21.066666666666666,948.0,J987_ARC _C3_slice3-Ort.czi,adult,pomc,upper
1015,135.0,17.42962962962963,2353.0,J987_ARC _C3_slice3-Ort.czi,adult,pomc,upper
1016,52.0,21.173076923076923,1101.0,J987_ARC _C3_slice3-Ort.czi,adult,pomc,upper
1017,128.0,17.2421875,2207.0,J987_ARC _C3_slice3-Ort.czi,adult,pomc,upper
1018,12.0,18.25,219.0,J987_ARC _C3_slice3-Ort.czi,adult,pomc,upper
1019,286.0,17.293706293706293,4946.0,J987_ARC _C3_slice3-Ort.czi,adult,pomc,upper
1020,21.0,15.619047619047619,328.0,J987_ARC _C3_slice3-Ort.czi,adult,pomc,upper
1021,45.0,15.866666666666667,714.0,J987_ARC _C3_slice3-Ort.czi,adult,pomc,upper
1022,1786.0,16.241321388577827,29007.0,J987_ARC _C3_slice3-Ort.czi,adult,pomc,upper
1023,106.0,19.5188679245283,2069.0,J987_ARC _C3_slice3-Ort.czi,adult,pomc,upper
1024,12.0,26.333333333333332,316.0,J987_ARC _C3_slice3-Ort.czi,adult,pomc,upper
1025,80.0,19.8125,1585.0,J987_ARC _C3_slice3-Ort.czi,adult,pomc,upper
1026,14.0,19.142857142857142,268.0,J987_ARC _C3_slice3-Ort.czi,adult,pomc,upper
1027,67.0,18.104477611940297,1213.0,J987_ARC _C3_slice3-Ort.czi,adult,pomc,upper
1028,66.0,22.21212121212121,1466.0,J987_ARC _C3_slice3-Ort.czi,adult,pomc,upper
1029,30.0,19.633333333333333,589.0,J987_ARC _C3_slice3-Ort.czi,adult,pomc,upper
1030,67.0,19.029850746268657,1275.0,J987_ARC _C3_slice3-Ort.czi,adult,pomc,upper
1031,695.0,17.992805755395683,12505.0,J987_ARC _C3_slice3-Ort.czi,adult,pomc,upper
1032,5412.0,16.028455284552845,86746.0,J987_ARC _C3_slice3-Ort.czi,adult,pomc,upper
1033,93.0,17.580645161290324,1635.0000000000002,J987_ARC _C3_slice3-Ort.czi,adult,pomc,upper
1034,32.0,17.875,572.0,J987_ARC _C3_slice3-Ort.czi,adult,pomc,upper
1035,41.0,20.51219512195122,841.0,J987_ARC _C3_slice3-Ort.czi,adult,pomc,upper
1036,194.0,16.65463917525773,3231.0,J987_ARC _C3_slice3-Ort.czi,adult,pomc,upper
1037,34.0,23.470588235294116,798.0,J987_ARC _C3_slice3-Ort.czi,adult,pomc,upper
1038,68.0,16.88235294117647,1148.0,J987_ARC _C3_slice3-Ort.czi,adult,pomc,upper
1039,54.0,17.24074074074074,931.0,J987_ARC _C3_slice3-Ort.czi,adult,pomc,upper
1040,72.0,18.541666666666668,1335.0,J987_ARC _C3_slice3-Ort.czi,adult,pomc,upper
1041,23.0,18.304347826086957,421.0,J987_ARC _C3_slice3-Ort.czi,adult,pomc,upper
1042,35.0,19.485714285714284,681.9999999999999,J987_ARC _C3_slice3-Ort.czi,adult,pomc,upper
1043,153.0,19.54248366013072,2990.0000000000005,J987_ARC _C3_slice3-Ort.czi,adult,pomc,upper
1044,40.0,19.025,761.0,J987_ARC _C3_slice3-Ort.czi,adult,pomc,upper
1045,65.0,19.369230769230768,1259.0,J987_ARC _C3_slice3-Ort.czi,adult,pomc,upper
1046,145.0,19.020689655172415,2758.0,J987_ARC _C3_slice3-Ort.czi,adult,pomc,upper
1047,20.0,18.85,377.0,J987_ARC _C3_slice3-Ort.czi,adult,pomc,upper
1048,94.0,15.617021276595745,1468.0,J987_ARC _C3_slice3-Ort.czi,adult,pomc,upper
1049,12.0,17.666666666666668,212.0,J987_ARC _C3_slice3-Ort.czi,adult,pomc,upper
1050,12.0,19.5,234.0,J987_ARC _C3_slice3-Ort.czi,adult,pomc,upper
1051,121.0,19.223140495867767,2326.0,J987_ARC _C3_slice3-Ort.czi,adult,pomc,upper
1052,12.0,20.833333333333332,250.0,J987_ARC _C3_slice3-Ort.czi,adult,pomc,upper
1053,99.0,21.32323232323232,2111.0,J987_ARC _C3_slice3-Ort.czi,adult,pomc,upper
1054,70.0,21.34285714285714,1494.0,J987_ARC _C3_slice3-Ort.czi,adult,pomc,upper
1055,21.0,17.80952380952381,374.0,J987_ARC _C3_slice3-Ort.czi,adult,pomc,upper
1056,45.0,17.066666666666666,768.0,J987_ARC _C3_slice3-Ort.czi,adult,pomc,upper
1057,17.0,23.470588235294116,399.0,J987_ARC _C3_slice3-Ort.czi,adult,pomc,upper
1058,88.0,20.431818181818183,1798.0000000000002,J987_ARC _C3_slice3-Ort.czi,adult,pomc,upper
1059,11.0,19.09090909090909,210.0,J987_ARC _C3_slice3-Ort.czi,adult,pomc,upper
1060,52.0,20.5,1066.0,J987_ARC _C3_slice3-Ort.czi,adult,pomc,upper
1061,71.0,18.47887323943662,1312.0,J987_ARC _C3_slice3-Ort.czi,adult,pomc,upper
1062,4.0,14.25,57.0,J987_ARC _C3_slice3-Ort.czi,adult,pomc,upper
1063,1722.0,16.6260162601626,28630.0,J987_ARC _C3_slice3-Ort.czi,adult,pomc,upper
1064,35.0,17.314285714285713,606.0,J987_ARC _C3_slice3-Ort.czi,adult,pomc,upper
1065,19.0,20.157894736842106,383.0,J987_ARC _C3_slice3-Ort.czi,adult,pomc,upper
1066,14.0,15.357142857142858,215.0,J987_ARC _C3_slice3-Ort.czi,adult,pomc,upper
1067,2.0,14.0,28.0,J987_ARC _C3_slice3-Ort.czi,adult,pomc,upper
1068,26.0,18.307692307692307,476.0,J987_ARC _C3_slice3-Ort.czi,adult,pomc,upper
1069,97.0,21.195876288659793,2056.0,J987_ARC _C3_slice3-Ort.czi,adult,pomc,upper
1070,29.0,23.103448275862068,670.0,J987_ARC _C3_slice3-Ort.czi,adult,pomc,upper
1071,16.0,14.8125,237.0,J987_ARC _C3_slice3-Ort.czi,adult,pomc,upper
1072,9.0,23.88888888888889,215.0,J987_ARC _C3_slice3-Ort.czi,adult,pomc,upper
1073,19.0,16.473684210526315,313.0,J987_ARC _C3_slice3-Ort.czi,adult,pomc,upper
1074,66.0,20.333333333333332,1342.0,J987_ARC _C3_slice3-Ort.czi,adult,pomc,upper
1075,1.0,17.0,17.0,J987_ARC _C3_slice3-Ort.czi,adult,pomc,upper
1076,22.0,17.045454545454547,375.0,J987_ARC _C3_slice3-Ort.czi,adult,pomc,upper
1077,64.0,19.71875,1262.0,J987_ARC _C3_slice3-Ort.czi,adult,pomc,upper
1078,48.0,23.333333333333332,1120.0,J987_ARC _C3_slice3-Ort.czi,adult,pomc,upper
1079,5.0,12.6,63.0,J987_ARC _C3_slice3-Ort.czi,adult,pomc,upper
1080,23.0,20.695652173913043,476.0,J987_ARC _C3_slice3-Ort.czi,adult,pomc,upper
1081,85.0,18.32941176470588,1558.0,J987_ARC _C3_slice3-Ort.czi,adult,pomc,upper
1082,222.0,19.18018018018018,4258.0,J987_ARC _C3_slice3-Ort.czi,adult,pomc,upper
1083,46.0,16.934782608695652,779.0,J987_ARC _C3_slice3-Ort.czi,adult,pomc,upper
1084,5.0,22.6,113.0,J987_ARC _C3_slice3-Ort.czi,adult,pomc,upper
1085,93.0,18.623655913978496,1732.0,J987_ARC _C3_slice3-Ort.czi,adult,pomc,upper
1086,34.0,17.11764705882353,582.0,J987_ARC _C3_slice3-Ort.czi,adult,pomc,upper
1087,62.0,22.403225806451612,1389.0,J987_ARC _C3_slice3-Ort.czi,adult,pomc,upper
1088,289.0,18.231833910034602,5269.0,J987_ARC _C3_slice3-Ort.czi,adult,pomc,upper
1089,40.0,20.225,809.0,J987_ARC _C3_slice3-Ort.czi,adult,pomc,upper
1090,22.0,16.954545454545453,373.0,J987_ARC _C3_slice3-Ort.czi,adult,pomc,upper
1091,14.0,27.285714285714285,382.0,J987_ARC _C3_slice3-Ort.czi,adult,pomc,upper
1092,160.0,22.36875,3579.0,J987_ARC _C3_slice3-Ort.czi,adult,pomc,upper
1093,316.0,17.686708860759495,5589.0,J987_ARC _C3_slice3-Ort.czi,adult,pomc,upper
1094,16.0,18.25,292.0,J987_ARC _C3_slice3-Ort.czi,adult,pomc,upper
1095,38.0,22.763157894736842,865.0,J987_ARC _C3_slice3-Ort.czi,adult,pomc,upper
1096,20.0,18.65,373.0,J987_ARC _C3_slice3-Ort.czi,adult,pomc,upper
1097,73.0,25.835616438356166,1886.0,J987_ARC _C3_slice3-Ort.czi,adult,pomc,upper
1098,79.0,17.455696202531644,1379.0,J987_ARC _C3_slice3-Ort.czi,adult,pomc,upper
1099,38.0,21.31578947368421,809.9999999999999,J987_ARC _C3_slice3-Ort.czi,adult,pomc,upper
1100,201.0,21.771144278606965,4376.0,J987_ARC _C3_slice3-Ort.czi,adult,pomc,upper
1101,104.0,21.028846153846153,2187.0,J987_ARC _C3_slice3-Ort.czi,adult,pomc,upper
1102,52.0,19.826923076923077,1031.0,J987_ARC _C3_slice3-Ort.czi,adult,pomc,upper
1103,23.0,20.217391304347824,464.99999999999994,J987_ARC _C3_slice3-Ort.czi,adult,pomc,upper
1104,46.0,21.869565217391305,1006.0,J987_ARC _C3_slice3-Ort.czi,adult,pomc,upper
1105,79.0,18.253164556962027,1442.0,J987_ARC _C3_slice3-Ort.czi,adult,pomc,upper
1106,17.0,20.764705882352942,353.0,J987_ARC _C3_slice3-Ort.czi,adult,pomc,upper
1107,184.0,20.10326086956522,3699.0,J987_ARC _C3_slice3-Ort.czi,adult,pomc,upper
1108,55.0,16.490909090909092,907.0000000000001,J987_ARC _C3_slice3-Ort.czi,adult,pomc,upper
1109,483.0,86.68115942028986,41867.0,J987_ARC _C3_slice3-Ort.czi,adult,pomc,upper
1110,1.0,13.0,13.0,J987_ARC _C3_slice3-Ort.czi,adult,pomc,upper
1111,210.0,18.561904761904763,3898.0000000000005,J987_ARC _C3_slice3-Ort.czi,adult,pomc,upper
1112,16.0,16.125,258.0,J987_ARC _C3_slice3-Ort.czi,adult,pomc,upper
1113,28.0,17.142857142857142,480.0,J987_ARC _C3_slice3-Ort.czi,adult,pomc,upper
1114,117.0,20.923076923076923,2448.0,J987_ARC _C3_slice3-Ort.czi,adult,pomc,upper
1115,75.0,18.133333333333333,1360.0,J987_ARC _C3_slice3-Ort.czi,adult,pomc,upper
1116,43.0,17.813953488372093,766.0,J987_ARC _C3_slice3-Ort.czi,adult,pomc,upper
1117,52.0,17.73076923076923,922.0,J987_ARC _C3_slice3-Ort.czi,adult,pomc,upper
1118,100.0,15.81,1581.0,J987_ARC _C3_slice3-Ort.czi,adult,pomc,upper
1119,45.0,19.133333333333333,861.0,J987_ARC _C3_slice3-Ort.czi,adult,pomc,upper
1120,74.0,20.054054054054053,1484.0,J987_ARC _C3_slice3-Ort.czi,adult,pomc,upper
1121,102.0,17.558823529411764,1791.0,J987_ARC _C3_slice3-Ort.czi,adult,pomc,upper
1122,337.0,18.112759643916913,6104.0,J987_ARC _C3_slice3-Ort.czi,adult,pomc,upper
1123,14.0,17.0,238.0,J987_ARC _C3_slice3-Ort.czi,adult,pomc,upper
1124,175.0,18.417142857142856,3223.0,J987_ARC _C3_slice3-Ort.czi,adult,pomc,upper
1125,9.0,18.666666666666668,168.0,J987_ARC _C3_slice3-Ort.czi,adult,pomc,upper
1126,7.0,19.714285714285715,138.0,J987_ARC _C3_slice3-Ort.czi,adult,pomc,upper
1127,29.0,20.655172413793103,599.0,J987_ARC _C3_slice3-Ort.czi,adult,pomc,upper
1128,44.0,16.681818181818183,734.0000000000001,J987_ARC _C3_slice3-Ort.czi,adult,pomc,upper
1129,43.0,18.906976744186046,813.0,J987_ARC _C3_slice3-Ort.czi,adult,pomc,upper
1130,1.0,38.0,38.0,J987_ARC _C3_slice3-Ort.czi,adult,pomc,upper
1131,111.0,19.864864864864863,2205.0,J987_ARC _C3_slice3-Ort.czi,adult,pomc,upper
1132,148.0,20.54054054054054,3040.0,J987_ARC _C3_slice3-Ort.czi,adult,pomc,upper
1133,4.0,12.75,51.0,J987_ARC _C3_slice3-Ort.czi,adult,pomc,upper
1134,62.0,20.129032258064516,1248.0,J987_ARC _C3_slice3-Ort.czi,adult,pomc,upper
1135,108.0,14.87962962962963,1607.0,J987_ARC _C3_slice3-Ort.czi,adult,pomc,upper
1136,181.0,18.441988950276244,3338.0,J987_ARC _C3_slice3-Ort.czi,adult,pomc,upper
1137,92.0,18.956521739130434,1744.0,J987_ARC _C3_slice3-Ort.czi,adult,pomc,upper
1138,82.0,17.71951219512195,1453.0,J987_ARC _C3_slice3-Ort.czi,adult,pomc,upper
1139,76.0,18.07894736842105,1374.0,J987_ARC _C3_slice3-Ort.czi,adult,pomc,upper
1140,92.0,19.91304347826087,1832.0000000000002,J987_ARC _C3_slice3-Ort.czi,adult,pomc,upper
1141,21.0,15.952380952380953,335.0,J987_ARC _C3_slice3-Ort.czi,adult,pomc,upper
1142,53.0,19.90566037735849,1055.0,J987_ARC _C3_slice3-Ort.czi,adult,pomc,upper
1143,52.0,20.0,1040.0,J987_ARC _C3_slice3-Ort.czi,adult,pomc,upper
1144,77.0,17.649350649350648,1359.0,J987_ARC _C3_slice3-Ort.czi,adult,pomc,upper
1145,16.0,17.1875,275.0,J987_ARC _C3_slice3-Ort.czi,adult,pomc,upper
1146,102.0,16.980392156862745,1732.0,J987_ARC _C3_slice3-Ort.czi,adult,pomc,upper
1147,277.0,19.80505415162455,5486.0,J987_ARC _C3_slice3-Ort.czi,adult,pomc,upper
1148,210.0,19.2,4032.0,J987_ARC _C3_slice3-Ort.czi,adult,pomc,upper
1149,246.0,16.565040650406505,4075.0000000000005,J987_ARC _C3_slice3-Ort.czi,adult,pomc,upper
1150,16.0,15.875,254.0,J987_ARC _C3_slice3-Ort.czi,adult,pomc,upper
1151,22.0,18.09090909090909,398.0,J987_ARC _C3_slice3-Ort.czi,adult,pomc,upper
1,224485.0,1.1133928770296457,249940.00000000003,J995_ARC_B4_slice3-Ort.czi,adult,pomc,upper
2,25775.0,0.610552861299709,15736.999999999998,J995_ARC_B4_slice3-Ort.czi,adult,pomc,upper
3,7034.0,0.5103781632072789,3590.0,J995_ARC_B4_slice3-Ort.czi,adult,pomc,upper
4,16203.0,0.6443251249768561,10440.0,J995_ARC_B4_slice3-Ort.czi,adult,pomc,upper
5,14869.0,0.6559956957428207,9754.0,J995_ARC_B4_slice3-Ort.czi,adult,pomc,upper
6,27826.0,0.7049881405879393,19617.0,J995_ARC_B4_slice3-Ort.czi,adult,pomc,upper
7,11671.0,0.8276925713306487,9660.0,J995_ARC_B4_slice3-Ort.czi,adult,pomc,upper
8,140871.0,0.688133114693585,96938.0,J995_ARC_B4_slice3-Ort.czi,adult,pomc,upper
9,6137.0,0.782955841616425,4805.0,J995_ARC_B4_slice3-Ort.czi,adult,pomc,upper
10,5319.0,0.7926301936454221,4216.0,J995_ARC_B4_slice3-Ort.czi,adult,pomc,upper
11,23833.0,0.7843746066378551,18694.0,J995_ARC_B4_slice3-Ort.czi,adult,pomc,upper
12,4728.0,0.7671319796954315,3627.0,J995_ARC_B4_slice3-Ort.czi,adult,pomc,upper
13,11437.0,0.7675089621404214,8778.0,J995_ARC_B4_slice3-Ort.czi,adult,pomc,upper
14,2196.0,0.5979052823315119,1313.0,J995_ARC_B4_slice3-Ort.czi,adult,pomc,upper
15,163.0,0.6380368098159509,104.0,J995_ARC_B4_slice3-Ort.czi,adult,pomc,upper
