label,area,mean_intensity,integrated_density,filename,age,channel,region
1,95.0,57.642105263157895,5476.0,F656_ARC _B3_slice3-Ort.czi,old,pomc,upper
2,28.0,47.892857142857146,1341.0,F656_ARC _B3_slice3-Ort.czi,old,pomc,upper
3,121.0,45.34710743801653,5487.0,F656_ARC _B3_slice3-Ort.czi,old,pomc,upper
4,131.0,50.045801526717554,6556.0,F656_ARC _B3_slice3-Ort.czi,old,pomc,upper
5,66.0,53.621212121212125,3539.0,F656_ARC _B3_slice3-Ort.czi,old,pomc,upper
6,8.0,43.25,346.0,F656_ARC _B3_slice3-Ort.czi,old,pomc,upper
7,27.0,43.25925925925926,1168.0,F656_ARC _B3_slice3-Ort.czi,old,pomc,upper
8,99.0,51.333333333333336,5082.0,F656_ARC _B3_slice3-Ort.czi,old,pomc,upper
9,79.0,47.40506329113924,3745.0,F656_ARC _B3_slice3-Ort.czi,old,pomc,upper
10,5.0,69.2,346.0,F656_ARC _B3_slice3-Ort.czi,old,pomc,upper
11,183.0,54.69398907103825,10009.0,F656_ARC _B3_slice3-Ort.czi,old,pomc,upper
12,2.0,43.5,87.0,F656_ARC _B3_slice3-Ort.czi,old,pomc,upper
13,24.0,53.666666666666664,1288.0,F656_ARC _B3_slice3-Ort.czi,old,pomc,upper
14,66.0,58.621212121212125,3869.0,F656_ARC _B3_slice3-Ort.czi,old,pomc,upper
15,116.0,53.3448275862069,6188.0,F656_ARC _B3_slice3-Ort.czi,old,pomc,upper
16,40.0,43.65,1746.0,F656_ARC _B3_slice3-Ort.czi,old,pomc,upper
17,104.0,48.18269230769231,5011.0,F656_ARC _B3_slice3-Ort.czi,old,pomc,upper
18,43.0,48.627906976744185,2091.0,F656_ARC _B3_slice3-Ort.czi,old,pomc,upper
19,102.0,49.0,4998.0,F656_ARC _B3_slice3-Ort.czi,old,pomc,upper
20,165.0,45.49090909090909,7506.0,F656_ARC _B3_slice3-Ort.czi,old,pomc,upper
21,10.0,44.6,446.0,F656_ARC _B3_slice3-Ort.czi,old,pomc,upper
22,5.0,52.6,263.0,F656_ARC _B3_slice3-Ort.czi,old,pomc,upper
23,32.0,42.375,1356.0,F656_ARC _B3_slice3-Ort.czi,old,pomc,upper
24,1163.0,49.061049011177985,57058.0,F656_ARC _B3_slice3-Ort.czi,old,pomc,upper
25,95.0,47.90526315789474,4551.0,F656_ARC _B3_slice3-Ort.czi,old,pomc,upper
26,237.0,45.61603375527426,10811.0,F656_ARC _B3_slice3-Ort.czi,old,pomc,upper
27,131.0,52.3587786259542,6859.0,F656_ARC _B3_slice3-Ort.czi,old,pomc,upper
28,83.0,45.13253012048193,3746.0000000000005,F656_ARC _B3_slice3-Ort.czi,old,pomc,upper
29,145.0,47.213793103448275,6846.0,F656_ARC _B3_slice3-Ort.czi,old,pomc,upper
30,63.0,55.23809523809524,3480.0,F656_ARC _B3_slice3-Ort.czi,old,pomc,upper
31,84.0,46.226190476190474,3883.0,F656_ARC _B3_slice3-Ort.czi,old,pomc,upper
32,20.0,49.35,987.0,F656_ARC _B3_slice3-Ort.czi,old,pomc,upper
33,93.0,46.60215053763441,4334.0,F656_ARC _B3_slice3-Ort.czi,old,pomc,upper
34,4.0,41.0,164.0,F656_ARC _B3_slice3-Ort.czi,old,pomc,upper
35,24.0,51.875,1245.0,F656_ARC _B3_slice3-Ort.czi,old,pomc,upper
36,408.0,46.20343137254902,18851.0,F656_ARC _B3_slice3-Ort.czi,old,pomc,upper
37,21.0,40.476190476190474,850.0,F656_ARC _B3_slice3-Ort.czi,old,pomc,upper
38,4.0,61.5,246.0,F656_ARC _B3_slice3-Ort.czi,old,pomc,upper
39,6.0,51.833333333333336,311.0,F656_ARC _B3_slice3-Ort.czi,old,pomc,upper
40,57.0,50.49122807017544,2878.0,F656_ARC _B3_slice3-Ort.czi,old,pomc,upper
41,34.0,44.73529411764706,1521.0,F656_ARC _B3_slice3-Ort.czi,old,pomc,upper
42,20.0,62.95,1259.0,F656_ARC _B3_slice3-Ort.czi,old,pomc,upper
43,40.0,43.325,1733.0,F656_ARC _B3_slice3-Ort.czi,old,pomc,upper
44,1.0,62.0,62.0,F656_ARC _B3_slice3-Ort.czi,old,pomc,upper
45,450.0,54.95777777777778,24731.0,F656_ARC _B3_slice3-Ort.czi,old,pomc,upper
46,10.0,44.4,444.0,F656_ARC _B3_slice3-Ort.czi,old,pomc,upper
47,24.0,53.041666666666664,1273.0,F656_ARC _B3_slice3-Ort.czi,old,pomc,upper
48,67.0,46.38805970149254,3108.0,F656_ARC _B3_slice3-Ort.czi,old,pomc,upper
49,30.0,47.4,1422.0,F656_ARC _B3_slice3-Ort.czi,old,pomc,upper
50,1486.0,44.47510094212652,66090.0,F656_ARC _B3_slice3-Ort.czi,old,pomc,upper
51,9.0,71.33333333333333,642.0,F656_ARC _B3_slice3-Ort.czi,old,pomc,upper
52,17.0,49.588235294117645,843.0,F656_ARC _B3_slice3-Ort.czi,old,pomc,upper
53,51.0,49.76470588235294,2538.0,F656_ARC _B3_slice3-Ort.czi,old,pomc,upper
54,20.0,48.4,968.0,F656_ARC _B3_slice3-Ort.czi,old,pomc,upper
55,21.0,37.57142857142857,789.0,F656_ARC _B3_slice3-Ort.czi,old,pomc,upper
56,81.0,49.074074074074076,3975.0,F656_ARC _B3_slice3-Ort.czi,old,pomc,upper
57,90.0,46.67777777777778,4201.0,F656_ARC _B3_slice3-Ort.czi,old,pomc,upper
58,16.0,69.125,1106.0,F656_ARC _B3_slice3-Ort.czi,old,pomc,upper
59,146.0,46.054794520547944,6724.0,F656_ARC _B3_slice3-Ort.czi,old,pomc,upper
60,152.0,46.64473684210526,7090.0,F656_ARC _B3_slice3-Ort.czi,old,pomc,upper
61,13.0,65.92307692307692,857.0,F656_ARC _B3_slice3-Ort.czi,old,pomc,upper
62,1.0,81.0,81.0,F656_ARC _B3_slice3-Ort.czi,old,pomc,upper
63,224.0,52.504464285714285,11761.0,F656_ARC _B3_slice3-Ort.czi,old,pomc,upper
64,5.0,65.2,326.0,F656_ARC _B3_slice3-Ort.czi,old,pomc,upper
65,124.0,54.45161290322581,6752.0,F656_ARC _B3_slice3-Ort.czi,old,pomc,upper
66,18.0,49.27777777777778,887.0,F656_ARC _B3_slice3-Ort.czi,old,pomc,upper
67,98.0,48.90816326530612,4793.0,F656_ARC _B3_slice3-Ort.czi,old,pomc,upper
68,170.0,49.54705882352941,8423.0,F656_ARC _B3_slice3-Ort.czi,old,pomc,upper
69,102.0,53.01960784313726,5408.0,F656_ARC _B3_slice3-Ort.czi,old,pomc,upper
70,8.0,43.25,346.0,F656_ARC _B3_slice3-Ort.czi,old,pomc,upper
71,1.0,24.0,24.0,F656_ARC _B3_slice3-Ort.czi,old,pomc,upper
72,1.0,58.0,58.0,F656_ARC _B3_slice3-Ort.czi,old,pomc,upper
73,64.0,47.171875,3019.0,F656_ARC _B3_slice3-Ort.czi,old,pomc,upper
74,61.0,58.52459016393443,3570.0,F656_ARC _B3_slice3-Ort.czi,old,pomc,upper
75,73.0,46.84931506849315,3420.0,F656_ARC _B3_slice3-Ort.czi,old,pomc,upper
76,352.0,46.94034090909091,16523.0,F656_ARC _B3_slice3-Ort.czi,old,pomc,upper
77,110.0,51.2,5632.0,F656_ARC _B3_slice3-Ort.czi,old,pomc,upper
78,20.0,67.5,1350.0,F656_ARC _B3_slice3-Ort.czi,old,pomc,upper
79,4412.0,44.6693109700816,197081.0,F656_ARC _B3_slice3-Ort.czi,old,pomc,upper
80,31.0,44.87096774193548,1391.0,F656_ARC _B3_slice3-Ort.czi,old,pomc,upper
81,31.0,55.12903225806452,1709.0,F656_ARC _B3_slice3-Ort.czi,old,pomc,upper
82,184.0,48.72282608695652,8965.0,F656_ARC _B3_slice3-Ort.czi,old,pomc,upper
83,6.0,58.666666666666664,352.0,F656_ARC _B3_slice3-Ort.czi,old,pomc,upper
84,1.0,39.0,39.0,F656_ARC _B3_slice3-Ort.czi,old,pomc,upper
85,26.0,43.23076923076923,1124.0,F656_ARC _B3_slice3-Ort.czi,old,pomc,upper
86,7.0,62.0,434.0,F656_ARC _B3_slice3-Ort.czi,old,pomc,upper
87,2.0,51.5,103.0,F656_ARC _B3_slice3-Ort.czi,old,pomc,upper
88,8.0,49.5,396.0,F656_ARC _B3_slice3-Ort.czi,old,pomc,upper
89,79.0,51.949367088607595,4104.0,F656_ARC _B3_slice3-Ort.czi,old,pomc,upper
90,21.0,55.095238095238095,1157.0,F656_ARC _B3_slice3-Ort.czi,old,pomc,upper
91,10.0,64.9,649.0,F656_ARC _B3_slice3-Ort.czi,old,pomc,upper
92,91.0,49.494505494505496,4504.0,F656_ARC _B3_slice3-Ort.czi,old,pomc,upper
93,1.0,21.0,21.0,F656_ARC _B3_slice3-Ort.czi,old,pomc,upper
94,17.0,38.76470588235294,659.0,F656_ARC _B3_slice3-Ort.czi,old,pomc,upper
95,4.0,33.25,133.0,F656_ARC _B3_slice3-Ort.czi,old,pomc,upper
96,1.0,47.0,47.0,F656_ARC _B3_slice3-Ort.czi,old,pomc,upper
97,243.0,53.26337448559671,12943.0,F656_ARC _B3_slice3-Ort.czi,old,pomc,upper
98,7900.0,44.710506329113926,353213.0,F656_ARC _B3_slice3-Ort.czi,old,pomc,upper
99,31.0,49.74193548387097,1542.0,F656_ARC _B3_slice3-Ort.czi,old,pomc,upper
100,6.0,54.5,327.0,F656_ARC _B3_slice3-Ort.czi,old,pomc,upper
101,247.0,56.48987854251012,13953.0,F656_ARC _B3_slice3-Ort.czi,old,pomc,upper
102,21.0,42.0,882.0,F656_ARC _B3_slice3-Ort.czi,old,pomc,upper
103,13.0,48.23076923076923,627.0,F656_ARC _B3_slice3-Ort.czi,old,pomc,upper
104,13.0,62.15384615384615,808.0,F656_ARC _B3_slice3-Ort.czi,old,pomc,upper
105,1.0,50.0,50.0,F656_ARC _B3_slice3-Ort.czi,old,pomc,upper
106,181.0,51.07734806629834,9245.0,F656_ARC _B3_slice3-Ort.czi,old,pomc,upper
107,339.0,49.08259587020649,16639.0,F656_ARC _B3_slice3-Ort.czi,old,pomc,upper
108,14.0,53.357142857142854,747.0,F656_ARC _B3_slice3-Ort.czi,old,pomc,upper
109,28.0,46.32142857142857,1297.0,F656_ARC _B3_slice3-Ort.czi,old,pomc,upper
110,88.0,53.98863636363637,4751.0,F656_ARC _B3_slice3-Ort.czi,old,pomc,upper
111,31.0,47.87096774193548,1484.0,F656_ARC _B3_slice3-Ort.czi,old,pomc,upper
112,235.0,46.84255319148936,11008.0,F656_ARC _B3_slice3-Ort.czi,old,pomc,upper
113,1.0,20.0,20.0,F656_ARC _B3_slice3-Ort.czi,old,pomc,upper
114,66.0,49.28787878787879,3253.0,F656_ARC _B3_slice3-Ort.czi,old,pomc,upper
115,62.0,47.82258064516129,2965.0,F656_ARC _B3_slice3-Ort.czi,old,pomc,upper
116,112.0,48.17857142857143,5396.0,F656_ARC _B3_slice3-Ort.czi,old,pomc,upper
117,72.0,51.75,3726.0,F656_ARC _B3_slice3-Ort.czi,old,pomc,upper
118,69.0,52.95652173913044,3654.0,F656_ARC _B3_slice3-Ort.czi,old,pomc,upper
119,30.0,56.333333333333336,1690.0,F656_ARC _B3_slice3-Ort.czi,old,pomc,upper
120,1.0,38.0,38.0,F656_ARC _B3_slice3-Ort.czi,old,pomc,upper
121,2.0,57.0,114.0,F656_ARC _B3_slice3-Ort.czi,old,pomc,upper
122,10.0,52.4,524.0,F656_ARC _B3_slice3-Ort.czi,old,pomc,upper
123,52.0,53.63461538461539,2789.0,F656_ARC _B3_slice3-Ort.czi,old,pomc,upper
124,74.0,49.7027027027027,3678.0,F656_ARC _B3_slice3-Ort.czi,old,pomc,upper
125,1.0,26.0,26.0,F656_ARC _B3_slice3-Ort.czi,old,pomc,upper
126,1.0,36.0,36.0,F656_ARC _B3_slice3-Ort.czi,old,pomc,upper
127,242.0,46.14876033057851,11168.0,F656_ARC _B3_slice3-Ort.czi,old,pomc,upper
128,27.0,56.03703703703704,1513.0,F656_ARC _B3_slice3-Ort.czi,old,pomc,upper
129,16.0,51.75,828.0,F656_ARC _B3_slice3-Ort.czi,old,pomc,upper
130,37.0,43.189189189189186,1597.9999999999998,F656_ARC _B3_slice3-Ort.czi,old,pomc,upper
131,681.0,49.6769456681351,33830.0,F656_ARC _B3_slice3-Ort.czi,old,pomc,upper
132,43.0,47.93023255813954,2061.0,F656_ARC _B3_slice3-Ort.czi,old,pomc,upper
133,11.0,51.0,561.0,F656_ARC _B3_slice3-Ort.czi,old,pomc,upper
134,44.0,52.54545454545455,2312.0,F656_ARC _B3_slice3-Ort.czi,old,pomc,upper
135,126.0,45.32539682539682,5711.0,F656_ARC _B3_slice3-Ort.czi,old,pomc,upper
136,46.0,43.97826086956522,2023.0,F656_ARC _B3_slice3-Ort.czi,old,pomc,upper
137,83.0,52.13253012048193,4327.0,F656_ARC _B3_slice3-Ort.czi,old,pomc,upper
138,13.0,49.15384615384615,639.0,F656_ARC _B3_slice3-Ort.czi,old,pomc,upper
139,34.0,52.26470588235294,1777.0,F656_ARC _B3_slice3-Ort.czi,old,pomc,upper
140,1.0,134.0,134.0,F656_ARC _B3_slice3-Ort.czi,old,pomc,upper
141,28.0,53.392857142857146,1495.0,F656_ARC _B3_slice3-Ort.czi,old,pomc,upper
142,61.0,47.47540983606557,2896.0,F656_ARC _B3_slice3-Ort.czi,old,pomc,upper
143,44.0,46.52272727272727,2047.0,F656_ARC _B3_slice3-Ort.czi,old,pomc,upper
144,100.0,51.33,5133.0,F656_ARC _B3_slice3-Ort.czi,old,pomc,upper
145,51.0,57.07843137254902,2911.0,F656_ARC _B3_slice3-Ort.czi,old,pomc,upper
146,12.0,48.083333333333336,577.0,F656_ARC _B3_slice3-Ort.czi,old,pomc,upper
147,135.0,48.096296296296295,6493.0,F656_ARC _B3_slice3-Ort.czi,old,pomc,upper
148,24.0,58.0,1392.0,F656_ARC _B3_slice3-Ort.czi,old,pomc,upper
149,22.0,54.5,1199.0,F656_ARC _B3_slice3-Ort.czi,old,pomc,upper
150,97.0,46.97938144329897,4557.0,F656_ARC _B3_slice3-Ort.czi,old,pomc,upper
151,1.0,18.0,18.0,F656_ARC _B3_slice3-Ort.czi,old,pomc,upper
152,68.0,52.86764705882353,3595.0,F656_ARC _B3_slice3-Ort.czi,old,pomc,upper
153,70.0,54.22857142857143,3796.0,F656_ARC _B3_slice3-Ort.czi,old,pomc,upper
154,89.0,47.69662921348315,4245.0,F656_ARC _B3_slice3-Ort.czi,old,pomc,upper
155,5.0,47.2,236.0,F656_ARC _B3_slice3-Ort.czi,old,pomc,upper
156,67.0,52.1044776119403,3491.0,F656_ARC _B3_slice3-Ort.czi,old,pomc,upper
157,27.0,50.370370370370374,1360.0,F656_ARC _B3_slice3-Ort.czi,old,pomc,upper
158,3.0,48.666666666666664,146.0,F656_ARC _B3_slice3-Ort.czi,old,pomc,upper
159,217.0,49.294930875576036,10697.0,F656_ARC _B3_slice3-Ort.czi,old,pomc,upper
160,179.0,47.212290502793294,8451.0,F656_ARC _B3_slice3-Ort.czi,old,pomc,upper
161,107.0,48.467289719626166,5186.0,F656_ARC _B3_slice3-Ort.czi,old,pomc,upper
162,68.0,49.26470588235294,3350.0,F656_ARC _B3_slice3-Ort.czi,old,pomc,upper
163,161.0,44.838509316770185,7219.0,F656_ARC _B3_slice3-Ort.czi,old,pomc,upper
164,6.0,39.333333333333336,236.0,F656_ARC _B3_slice3-Ort.czi,old,pomc,upper
165,28.0,41.392857142857146,1159.0,F656_ARC _B3_slice3-Ort.czi,old,pomc,upper
166,90.0,61.333333333333336,5520.0,F656_ARC _B3_slice3-Ort.czi,old,pomc,upper
167,42.0,46.785714285714285,1965.0,F656_ARC _B3_slice3-Ort.czi,old,pomc,upper
168,32.0,54.625,1748.0,F656_ARC _B3_slice3-Ort.czi,old,pomc,upper
169,42.0,48.166666666666664,2023.0,F656_ARC _B3_slice3-Ort.czi,old,pomc,upper
170,611.0,47.171849427168574,28822.0,F656_ARC _B3_slice3-Ort.czi,old,pomc,upper
171,12.0,46.083333333333336,553.0,F656_ARC _B3_slice3-Ort.czi,old,pomc,upper
172,72.0,48.97222222222222,3526.0,F656_ARC _B3_slice3-Ort.czi,old,pomc,upper
173,2067.0,50.055152394775035,103464.0,F656_ARC _B3_slice3-Ort.czi,old,pomc,upper
174,4.0,44.0,176.0,F656_ARC _B3_slice3-Ort.czi,old,pomc,upper
175,48.0,46.729166666666664,2243.0,F656_ARC _B3_slice3-Ort.czi,old,pomc,upper
176,139.0,55.37410071942446,7697.0,F656_ARC _B3_slice3-Ort.czi,old,pomc,upper
177,59.0,43.644067796610166,2575.0,F656_ARC _B3_slice3-Ort.czi,old,pomc,upper
178,2.0,48.0,96.0,F656_ARC _B3_slice3-Ort.czi,old,pomc,upper
179,71.0,54.816901408450704,3892.0,F656_ARC _B3_slice3-Ort.czi,old,pomc,upper
180,14.0,46.214285714285715,647.0,F656_ARC _B3_slice3-Ort.czi,old,pomc,upper
181,60.0,49.11666666666667,2947.0,F656_ARC _B3_slice3-Ort.czi,old,pomc,upper
182,64.0,48.0,3072.0,F656_ARC _B3_slice3-Ort.czi,old,pomc,upper
183,7.0,65.85714285714286,461.0,F656_ARC _B3_slice3-Ort.czi,old,pomc,upper
184,454.0,46.519823788546255,21120.0,F656_ARC _B3_slice3-Ort.czi,old,pomc,upper
185,9.0,45.666666666666664,411.0,F656_ARC _B3_slice3-Ort.czi,old,pomc,upper
186,2.0,28.0,56.0,F656_ARC _B3_slice3-Ort.czi,old,pomc,upper
187,23.0,50.0,1150.0,F656_ARC _B3_slice3-Ort.czi,old,pomc,upper
188,55.0,48.8,2684.0,F656_ARC _B3_slice3-Ort.czi,old,pomc,upper
189,8.0,66.125,529.0,F656_ARC _B3_slice3-Ort.czi,old,pomc,upper
190,50.0,51.54,2577.0,F656_ARC _B3_slice3-Ort.czi,old,pomc,upper
191,1.0,47.0,47.0,F656_ARC _B3_slice3-Ort.czi,old,pomc,upper
192,31.0,48.29032258064516,1497.0,F656_ARC _B3_slice3-Ort.czi,old,pomc,upper
193,102.0,48.07843137254902,4904.0,F656_ARC _B3_slice3-Ort.czi,old,pomc,upper
194,15.0,45.06666666666667,676.0,F656_ARC _B3_slice3-Ort.czi,old,pomc,upper
195,66.0,46.77272727272727,3087.0,F656_ARC _B3_slice3-Ort.czi,old,pomc,upper
196,65.0,43.815384615384616,2848.0,F656_ARC _B3_slice3-Ort.czi,old,pomc,upper
197,28.0,69.57142857142857,1948.0,F656_ARC _B3_slice3-Ort.czi,old,pomc,upper
198,127.0,53.1496062992126,6750.0,F656_ARC _B3_slice3-Ort.czi,old,pomc,upper
199,11.0,56.72727272727273,624.0,F656_ARC _B3_slice3-Ort.czi,old,pomc,upper
200,4.0,35.25,141.0,F656_ARC _B3_slice3-Ort.czi,old,pomc,upper
201,31.0,56.96774193548387,1766.0,F656_ARC _B3_slice3-Ort.czi,old,pomc,upper
202,186.0,50.064516129032256,9312.0,F656_ARC _B3_slice3-Ort.czi,old,pomc,upper
203,2.0,73.0,146.0,F656_ARC _B3_slice3-Ort.czi,old,pomc,upper
204,9.0,48.44444444444444,436.0,F656_ARC _B3_slice3-Ort.czi,old,pomc,upper
205,1.0,31.0,31.0,F656_ARC _B3_slice3-Ort.czi,old,pomc,upper
206,58.0,49.06896551724138,2846.0,F656_ARC _B3_slice3-Ort.czi,old,pomc,upper
207,54.0,51.75925925925926,2795.0,F656_ARC _B3_slice3-Ort.czi,old,pomc,upper
208,59.0,47.32203389830509,2792.0,F656_ARC _B3_slice3-Ort.czi,old,pomc,upper
209,152.0,49.76315789473684,7564.0,F656_ARC _B3_slice3-Ort.czi,old,pomc,upper
210,30.0,62.0,1860.0,F656_ARC _B3_slice3-Ort.czi,old,pomc,upper
211,20.0,51.35,1027.0,F656_ARC _B3_slice3-Ort.czi,old,pomc,upper
212,35.0,52.8,1848.0,F656_ARC _B3_slice3-Ort.czi,old,pomc,upper
213,90.0,49.544444444444444,4459.0,F656_ARC _B3_slice3-Ort.czi,old,pomc,upper
214,52.0,50.84615384615385,2644.0,F656_ARC _B3_slice3-Ort.czi,old,pomc,upper
215,86.0,51.47674418604651,4427.0,F656_ARC _B3_slice3-Ort.czi,old,pomc,upper
216,1.0,46.0,46.0,F656_ARC _B3_slice3-Ort.czi,old,pomc,upper
217,106.0,53.867924528301884,5710.0,F656_ARC _B3_slice3-Ort.czi,old,pomc,upper
218,7.0,43.42857142857143,304.0,F656_ARC _B3_slice3-Ort.czi,old,pomc,upper
219,21.0,51.61904761904762,1084.0,F656_ARC _B3_slice3-Ort.czi,old,pomc,upper
220,48723.0,47.62504361389898,2320435.0,F656_ARC _B3_slice3-Ort.czi,old,pomc,upper
221,344.0,47.633720930232556,16386.0,F656_ARC _B3_slice3-Ort.czi,old,pomc,upper
222,94.0,53.38297872340426,5018.0,F656_ARC _B3_slice3-Ort.czi,old,pomc,upper
223,18.0,49.55555555555556,892.0,F656_ARC _B3_slice3-Ort.czi,old,pomc,upper
224,287.0,49.33797909407666,14160.000000000002,F656_ARC _B3_slice3-Ort.czi,old,pomc,upper
225,1.0,48.0,48.0,F656_ARC _B3_slice3-Ort.czi,old,pomc,upper
226,9.0,44.0,396.0,F656_ARC _B3_slice3-Ort.czi,old,pomc,upper
227,36.0,40.861111111111114,1471.0,F656_ARC _B3_slice3-Ort.czi,old,pomc,upper
228,53.0,46.0188679245283,2439.0,F656_ARC _B3_slice3-Ort.czi,old,pomc,upper
229,24.0,62.041666666666664,1489.0,F656_ARC _B3_slice3-Ort.czi,old,pomc,upper
230,50.0,46.28,2314.0,F656_ARC _B3_slice3-Ort.czi,old,pomc,upper
231,22.0,53.77272727272727,1183.0,F656_ARC _B3_slice3-Ort.czi,old,pomc,upper
232,105.0,43.74285714285714,4593.0,F656_ARC _B3_slice3-Ort.czi,old,pomc,upper
233,76.0,49.94736842105263,3796.0,F656_ARC _B3_slice3-Ort.czi,old,pomc,upper
234,47.0,56.97872340425532,2678.0,F656_ARC _B3_slice3-Ort.czi,old,pomc,upper
235,72.0,52.291666666666664,3765.0,F656_ARC _B3_slice3-Ort.czi,old,pomc,upper
236,62.0,50.29032258064516,3118.0,F656_ARC _B3_slice3-Ort.czi,old,pomc,upper
237,20.0,59.9,1198.0,F656_ARC _B3_slice3-Ort.czi,old,pomc,upper
238,10.0,50.6,506.0,F656_ARC _B3_slice3-Ort.czi,old,pomc,upper
239,81.0,45.45679012345679,3682.0,F656_ARC _B3_slice3-Ort.czi,old,pomc,upper
240,1.0,47.0,47.0,F656_ARC _B3_slice3-Ort.czi,old,pomc,upper
241,96.0,52.635416666666664,5053.0,F656_ARC _B3_slice3-Ort.czi,old,pomc,upper
242,13.0,71.53846153846153,929.9999999999999,F656_ARC _B3_slice3-Ort.czi,old,pomc,upper
243,60.0,52.766666666666666,3166.0,F656_ARC _B3_slice3-Ort.czi,old,pomc,upper
244,16.0,103.0,1648.0,F656_ARC _B3_slice3-Ort.czi,old,pomc,upper
245,30.0,46.9,1407.0,F656_ARC _B3_slice3-Ort.czi,old,pomc,upper
246,271.0,51.18819188191882,13872.0,F656_ARC _B3_slice3-Ort.czi,old,pomc,upper
247,4.0,53.25,213.0,F656_ARC _B3_slice3-Ort.czi,old,pomc,upper
248,322.0,46.77639751552795,15061.999999999998,F656_ARC _B3_slice3-Ort.czi,old,pomc,upper
249,610.0,46.51803278688524,28376.0,F656_ARC _B3_slice3-Ort.czi,old,pomc,upper
250,12.0,48.833333333333336,586.0,F656_ARC _B3_slice3-Ort.czi,old,pomc,upper
251,106.0,103.89622641509433,11013.0,F656_ARC _B3_slice3-Ort.czi,old,pomc,upper
252,66.0,47.93939393939394,3164.0,F656_ARC _B3_slice3-Ort.czi,old,pomc,upper
253,86.0,52.151162790697676,4485.0,F656_ARC _B3_slice3-Ort.czi,old,pomc,upper
254,15.0,40.733333333333334,611.0,F656_ARC _B3_slice3-Ort.czi,old,pomc,upper
255,11.0,46.36363636363637,510.00000000000006,F656_ARC _B3_slice3-Ort.czi,old,pomc,upper
256,3.0,44.666666666666664,134.0,F656_ARC _B3_slice3-Ort.czi,old,pomc,upper
257,51.0,59.254901960784316,3022.0,F656_ARC _B3_slice3-Ort.czi,old,pomc,upper
258,1.0,37.0,37.0,F656_ARC _B3_slice3-Ort.czi,old,pomc,upper
259,73.0,47.19178082191781,3445.0,F656_ARC _B3_slice3-Ort.czi,old,pomc,upper
260,39.0,46.794871794871796,1825.0,F656_ARC _B3_slice3-Ort.czi,old,pomc,upper
261,3.0,34.0,102.0,F656_ARC _B3_slice3-Ort.czi,old,pomc,upper
262,82.0,53.68292682926829,4402.0,F656_ARC _B3_slice3-Ort.czi,old,pomc,upper
263,20.0,86.6,1732.0,F656_ARC _B3_slice3-Ort.czi,old,pomc,upper
264,31.0,52.096774193548384,1615.0,F656_ARC _B3_slice3-Ort.czi,old,pomc,upper
265,118.0,47.69491525423729,5628.0,F656_ARC _B3_slice3-Ort.czi,old,pomc,upper
266,217.0,51.92165898617512,11267.0,F656_ARC _B3_slice3-Ort.czi,old,pomc,upper
267,9.0,45.0,405.0,F656_ARC _B3_slice3-Ort.czi,old,pomc,upper
268,6.0,47.0,282.0,F656_ARC _B3_slice3-Ort.czi,old,pomc,upper
269,1.0,80.0,80.0,F656_ARC _B3_slice3-Ort.czi,old,pomc,upper
270,74.0,46.432432432432435,3436.0,F656_ARC _B3_slice3-Ort.czi,old,pomc,upper
271,99.0,54.484848484848484,5394.0,F656_ARC _B3_slice3-Ort.czi,old,pomc,upper
272,816.0,45.94485294117647,37491.0,F656_ARC _B3_slice3-Ort.czi,old,pomc,upper
273,11.0,45.90909090909091,505.0,F656_ARC _B3_slice3-Ort.czi,old,pomc,upper
274,144.0,52.8125,7605.0,F656_ARC _B3_slice3-Ort.czi,old,pomc,upper
275,29.0,40.58620689655172,1177.0,F656_ARC _B3_slice3-Ort.czi,old,pomc,upper
276,10.0,45.9,459.0,F656_ARC _B3_slice3-Ort.czi,old,pomc,upper
277,12.0,45.916666666666664,551.0,F656_ARC _B3_slice3-Ort.czi,old,pomc,upper
278,58.0,47.327586206896555,2745.0,F656_ARC _B3_slice3-Ort.czi,old,pomc,upper
279,70.0,53.114285714285714,3718.0,F656_ARC _B3_slice3-Ort.czi,old,pomc,upper
280,56.0,49.714285714285715,2784.0,F656_ARC _B3_slice3-Ort.czi,old,pomc,upper
281,230.0,45.6,10488.0,F656_ARC _B3_slice3-Ort.czi,old,pomc,upper
282,115.0,51.17391304347826,5885.0,F656_ARC _B3_slice3-Ort.czi,old,pomc,upper
283,42.0,43.476190476190474,1826.0,F656_ARC _B3_slice3-Ort.czi,old,pomc,upper
284,41.0,55.926829268292686,2293.0,F656_ARC _B3_slice3-Ort.czi,old,pomc,upper
285,56.0,53.089285714285715,2973.0,F656_ARC _B3_slice3-Ort.czi,old,pomc,upper
286,98.0,40.255102040816325,3945.0,F656_ARC _B3_slice3-Ort.czi,old,pomc,upper
287,12.0,42.916666666666664,515.0,F656_ARC _B3_slice3-Ort.czi,old,pomc,upper
288,15.0,46.93333333333333,704.0,F656_ARC _B3_slice3-Ort.czi,old,pomc,upper
289,61.0,49.24590163934426,3004.0,F656_ARC _B3_slice3-Ort.czi,old,pomc,upper
290,10.0,47.6,476.0,F656_ARC _B3_slice3-Ort.czi,old,pomc,upper
291,69.0,53.57971014492754,3697.0,F656_ARC _B3_slice3-Ort.czi,old,pomc,upper
292,127.0,47.503937007874015,6033.0,F656_ARC _B3_slice3-Ort.czi,old,pomc,upper
293,75.0,48.48,3635.9999999999995,F656_ARC _B3_slice3-Ort.czi,old,pomc,upper
294,218.0,49.79816513761468,10856.0,F656_ARC _B3_slice3-Ort.czi,old,pomc,upper
295,303.0,49.62376237623762,15036.0,F656_ARC _B3_slice3-Ort.czi,old,pomc,upper
296,95.0,45.78947368421053,4350.0,F656_ARC _B3_slice3-Ort.czi,old,pomc,upper
297,1.0,28.0,28.0,F656_ARC _B3_slice3-Ort.czi,old,pomc,upper
298,20.0,45.1,902.0,F656_ARC _B3_slice3-Ort.czi,old,pomc,upper
299,207.0,51.92270531400966,10748.0,F656_ARC _B3_slice3-Ort.czi,old,pomc,upper
300,6.0,54.166666666666664,325.0,F656_ARC _B3_slice3-Ort.czi,old,pomc,upper
301,321.0,48.90342679127726,15698.000000000002,F656_ARC _B3_slice3-Ort.czi,old,pomc,upper
302,24.0,46.375,1113.0,F656_ARC _B3_slice3-Ort.czi,old,pomc,upper
303,446.0,45.37892376681614,20239.0,F656_ARC _B3_slice3-Ort.czi,old,pomc,upper
304,166.0,50.55421686746988,8392.0,F656_ARC _B3_slice3-Ort.czi,old,pomc,upper
305,201.0,47.43283582089552,9534.0,F656_ARC _B3_slice3-Ort.czi,old,pomc,upper
306,26.0,44.26923076923077,1151.0,F656_ARC _B3_slice3-Ort.czi,old,pomc,upper
307,5.0,49.2,246.0,F656_ARC _B3_slice3-Ort.czi,old,pomc,upper
308,28.0,46.642857142857146,1306.0,F656_ARC _B3_slice3-Ort.czi,old,pomc,upper
309,2.0,47.0,94.0,F656_ARC _B3_slice3-Ort.czi,old,pomc,upper
310,72.0,50.236111111111114,3617.0,F656_ARC _B3_slice3-Ort.czi,old,pomc,upper
311,34.0,47.911764705882355,1629.0,F656_ARC _B3_slice3-Ort.czi,old,pomc,upper
312,36.0,48.583333333333336,1749.0,F656_ARC _B3_slice3-Ort.czi,old,pomc,upper
313,1961.0,47.480877103518615,93110.0,F656_ARC _B3_slice3-Ort.czi,old,pomc,upper
314,4.0,39.25,157.0,F656_ARC _B3_slice3-Ort.czi,old,pomc,upper
315,222.0,45.11711711711712,10016.0,F656_ARC _B3_slice3-Ort.czi,old,pomc,upper
316,22.0,51.09090909090909,1124.0,F656_ARC _B3_slice3-Ort.czi,old,pomc,upper
317,63.0,56.714285714285715,3573.0,F656_ARC _B3_slice3-Ort.czi,old,pomc,upper
318,52.0,52.0,2704.0,F656_ARC _B3_slice3-Ort.czi,old,pomc,upper
319,1.0,140.0,140.0,F656_ARC _B3_slice3-Ort.czi,old,pomc,upper
320,207.0,46.84541062801932,9697.0,F656_ARC _B3_slice3-Ort.czi,old,pomc,upper
321,86.0,47.97674418604651,4126.0,F656_ARC _B3_slice3-Ort.czi,old,pomc,upper
322,46.0,49.52173913043478,2278.0,F656_ARC _B3_slice3-Ort.czi,old,pomc,upper
323,2.0,91.5,183.0,F656_ARC _B3_slice3-Ort.czi,old,pomc,upper
324,284.0,54.94718309859155,15605.0,F656_ARC _B3_slice3-Ort.czi,old,pomc,upper
325,14.0,56.142857142857146,786.0,F656_ARC _B3_slice3-Ort.czi,old,pomc,upper
326,1.0,146.0,146.0,F656_ARC _B3_slice3-Ort.czi,old,pomc,upper
327,45.0,41.17777777777778,1853.0,F656_ARC _B3_slice3-Ort.czi,old,pomc,upper
328,102.0,56.30392156862745,5743.0,F656_ARC _B3_slice3-Ort.czi,old,pomc,upper
329,281.0,48.405693950177934,13602.0,F656_ARC _B3_slice3-Ort.czi,old,pomc,upper
330,1.0,63.0,63.0,F656_ARC _B3_slice3-Ort.czi,old,pomc,upper
331,133.0,50.75187969924812,6750.0,F656_ARC _B3_slice3-Ort.czi,old,pomc,upper
332,70.0,48.0,3360.0,F656_ARC _B3_slice3-Ort.czi,old,pomc,upper
333,14.0,68.35714285714286,957.0,F656_ARC _B3_slice3-Ort.czi,old,pomc,upper
334,1.0,34.0,34.0,F656_ARC _B3_slice3-Ort.czi,old,pomc,upper
335,227.0,47.24669603524229,10725.0,F656_ARC _B3_slice3-Ort.czi,old,pomc,upper
336,26.0,44.30769230769231,1152.0,F656_ARC _B3_slice3-Ort.czi,old,pomc,upper
337,85.0,46.64705882352941,3965.0,F656_ARC _B3_slice3-Ort.czi,old,pomc,upper
338,35.0,41.17142857142857,1441.0,F656_ARC _B3_slice3-Ort.czi,old,pomc,upper
339,5.0,45.4,227.0,F656_ARC _B3_slice3-Ort.czi,old,pomc,upper
340,2633.0,49.752753513102924,130999.0,F656_ARC _B3_slice3-Ort.czi,old,pomc,upper
341,22.0,45.68181818181818,1005.0,F656_ARC _B3_slice3-Ort.czi,old,pomc,upper
342,60.0,51.35,3081.0,F656_ARC _B3_slice3-Ort.czi,old,pomc,upper
343,90.0,49.75555555555555,4478.0,F656_ARC _B3_slice3-Ort.czi,old,pomc,upper
344,29.0,47.724137931034484,1384.0,F656_ARC _B3_slice3-Ort.czi,old,pomc,upper
345,70.0,47.52857142857143,3327.0000000000005,F656_ARC _B3_slice3-Ort.czi,old,pomc,upper
346,42.0,44.54761904761905,1871.0000000000002,F656_ARC _B3_slice3-Ort.czi,old,pomc,upper
347,102.0,57.01960784313726,5816.0,F656_ARC _B3_slice3-Ort.czi,old,pomc,upper
348,44.0,55.13636363636363,2426.0,F656_ARC _B3_slice3-Ort.czi,old,pomc,upper
349,320.0,50.48125,16154.0,F656_ARC _B3_slice3-Ort.czi,old,pomc,upper
350,14620.0,54.17537619699043,792044.0,F656_ARC _B3_slice3-Ort.czi,old,pomc,upper
351,14.0,45.714285714285715,640.0,F656_ARC _B3_slice3-Ort.czi,old,pomc,upper
352,17.0,47.529411764705884,808.0,F656_ARC _B3_slice3-Ort.czi,old,pomc,upper
353,34.0,51.029411764705884,1735.0,F656_ARC _B3_slice3-Ort.czi,old,pomc,upper
354,97.0,43.90721649484536,4259.0,F656_ARC _B3_slice3-Ort.czi,old,pomc,upper
355,133.0,44.73684210526316,5950.0,F656_ARC _B3_slice3-Ort.czi,old,pomc,upper
356,178.0,46.6123595505618,8297.0,F656_ARC _B3_slice3-Ort.czi,old,pomc,upper
357,80.0,47.6,3808.0,F656_ARC _B3_slice3-Ort.czi,old,pomc,upper
358,1.0,43.0,43.0,F656_ARC _B3_slice3-Ort.czi,old,pomc,upper
359,8.0,60.875,487.0,F656_ARC _B3_slice3-Ort.czi,old,pomc,upper
360,19.0,54.8421052631579,1042.0,F656_ARC _B3_slice3-Ort.czi,old,pomc,upper
361,366.0,47.55464480874317,17405.0,F656_ARC _B3_slice3-Ort.czi,old,pomc,upper
362,43.0,44.18604651162791,1900.0,F656_ARC _B3_slice3-Ort.czi,old,pomc,upper
363,30.0,53.666666666666664,1610.0,F656_ARC _B3_slice3-Ort.czi,old,pomc,upper
364,2.0,17.5,35.0,F656_ARC _B3_slice3-Ort.czi,old,pomc,upper
365,41.0,50.048780487804876,2052.0,F656_ARC _B3_slice3-Ort.czi,old,pomc,upper
366,5.0,39.4,197.0,F656_ARC _B3_slice3-Ort.czi,old,pomc,upper
367,7.0,55.857142857142854,391.0,F656_ARC _B3_slice3-Ort.czi,old,pomc,upper
368,1.0,38.0,38.0,F656_ARC _B3_slice3-Ort.czi,old,pomc,upper
369,50.0,47.66,2383.0,F656_ARC _B3_slice3-Ort.czi,old,pomc,upper
370,29.0,53.86206896551724,1562.0,F656_ARC _B3_slice3-Ort.czi,old,pomc,upper
371,2.0,31.0,62.0,F656_ARC _B3_slice3-Ort.czi,old,pomc,upper
372,6.0,45.666666666666664,274.0,F656_ARC _B3_slice3-Ort.czi,old,pomc,upper
373,139.0,49.1294964028777,6829.0,F656_ARC _B3_slice3-Ort.czi,old,pomc,upper
374,73.0,53.35616438356164,3895.0,F656_ARC _B3_slice3-Ort.czi,old,pomc,upper
375,71.0,44.95774647887324,3192.0,F656_ARC _B3_slice3-Ort.czi,old,pomc,upper
376,101.0,48.584158415841586,4907.0,F656_ARC _B3_slice3-Ort.czi,old,pomc,upper
377,21.0,52.76190476190476,1108.0,F656_ARC _B3_slice3-Ort.czi,old,pomc,upper
378,200.0,46.075,9215.0,F656_ARC _B3_slice3-Ort.czi,old,pomc,upper
379,239.0,46.2928870292887,11064.0,F656_ARC _B3_slice3-Ort.czi,old,pomc,upper
380,32.0,58.46875,1871.0,F656_ARC _B3_slice3-Ort.czi,old,pomc,upper
381,9.0,60.333333333333336,543.0,F656_ARC _B3_slice3-Ort.czi,old,pomc,upper
382,32.0,50.3125,1610.0,F656_ARC _B3_slice3-Ort.czi,old,pomc,upper
383,2.0,41.0,82.0,F656_ARC _B3_slice3-Ort.czi,old,pomc,upper
384,1930.0,46.747668393782384,90223.0,F656_ARC _B3_slice3-Ort.czi,old,pomc,upper
385,31.0,43.38709677419355,1345.0,F656_ARC _B3_slice3-Ort.czi,old,pomc,upper
386,42.0,47.404761904761905,1991.0,F656_ARC _B3_slice3-Ort.czi,old,pomc,upper
387,24.0,43.333333333333336,1040.0,F656_ARC _B3_slice3-Ort.czi,old,pomc,upper
388,60.0,53.083333333333336,3185.0,F656_ARC _B3_slice3-Ort.czi,old,pomc,upper
389,9.0,53.77777777777778,484.0,F656_ARC _B3_slice3-Ort.czi,old,pomc,upper
390,22.0,49.18181818181818,1082.0,F656_ARC _B3_slice3-Ort.czi,old,pomc,upper
391,31.0,50.774193548387096,1574.0,F656_ARC _B3_slice3-Ort.czi,old,pomc,upper
392,28.0,48.5,1358.0,F656_ARC _B3_slice3-Ort.czi,old,pomc,upper
393,64.0,48.359375,3095.0,F656_ARC _B3_slice3-Ort.czi,old,pomc,upper
394,2319.0,43.23329021129798,100258.00000000001,F656_ARC _B3_slice3-Ort.czi,old,pomc,upper
395,57.0,41.8421052631579,2385.0,F656_ARC _B3_slice3-Ort.czi,old,pomc,upper
396,1.0,39.0,39.0,F656_ARC _B3_slice3-Ort.czi,old,pomc,upper
397,59.0,53.79661016949152,3174.0,F656_ARC _B3_slice3-Ort.czi,old,pomc,upper
398,1.0,29.0,29.0,F656_ARC _B3_slice3-Ort.czi,old,pomc,upper
399,21.0,63.095238095238095,1325.0,F656_ARC _B3_slice3-Ort.czi,old,pomc,upper
400,41.0,50.4390243902439,2068.0,F656_ARC _B3_slice3-Ort.czi,old,pomc,upper
401,200.0,45.285,9057.0,F656_ARC _B3_slice3-Ort.czi,old,pomc,upper
402,11.0,56.27272727272727,619.0,F656_ARC _B3_slice3-Ort.czi,old,pomc,upper
403,49.0,41.36734693877551,2027.0,F656_ARC _B3_slice3-Ort.czi,old,pomc,upper
404,84.0,47.285714285714285,3972.0,F656_ARC _B3_slice3-Ort.czi,old,pomc,upper
405,86.0,49.383720930232556,4247.0,F656_ARC _B3_slice3-Ort.czi,old,pomc,upper
406,74.0,52.25675675675676,3867.0,F656_ARC _B3_slice3-Ort.czi,old,pomc,upper
407,923.0,49.639219934994586,45817.0,F656_ARC _B3_slice3-Ort.czi,old,pomc,upper
408,47.0,44.12765957446808,2074.0,F656_ARC _B3_slice3-Ort.czi,old,pomc,upper
409,18.0,54.333333333333336,978.0,F656_ARC _B3_slice3-Ort.czi,old,pomc,upper
410,124.0,46.685483870967744,5789.0,F656_ARC _B3_slice3-Ort.czi,old,pomc,upper
411,1.0,74.0,74.0,F656_ARC _B3_slice3-Ort.czi,old,pomc,upper
412,28.0,44.82142857142857,1255.0,F656_ARC _B3_slice3-Ort.czi,old,pomc,upper
413,9.0,44.111111111111114,397.0,F656_ARC _B3_slice3-Ort.czi,old,pomc,upper
414,121.0,50.85123966942149,6153.0,F656_ARC _B3_slice3-Ort.czi,old,pomc,upper
415,10.0,53.0,530.0,F656_ARC _B3_slice3-Ort.czi,old,pomc,upper
416,22.0,123.13636363636364,2709.0,F656_ARC _B3_slice3-Ort.czi,old,pomc,upper
417,137.0,58.44525547445255,8007.0,F656_ARC _B3_slice3-Ort.czi,old,pomc,upper
418,77.0,52.18181818181818,4018.0,F656_ARC _B3_slice3-Ort.czi,old,pomc,upper
419,142.0,52.69718309859155,7483.0,F656_ARC _B3_slice3-Ort.czi,old,pomc,upper
420,367.0,50.73297002724796,18619.0,F656_ARC _B3_slice3-Ort.czi,old,pomc,upper
421,165.0,46.442424242424245,7663.0,F656_ARC _B3_slice3-Ort.czi,old,pomc,upper
422,42.0,45.54761904761905,1913.0000000000002,F656_ARC _B3_slice3-Ort.czi,old,pomc,upper
423,2875.0,54.41286956521739,156437.0,F656_ARC _B3_slice3-Ort.czi,old,pomc,upper
424,329.0,46.911854103343465,15434.0,F656_ARC _B3_slice3-Ort.czi,old,pomc,upper
425,34.0,47.529411764705884,1616.0,F656_ARC _B3_slice3-Ort.czi,old,pomc,upper
426,8.0,62.375,499.0,F656_ARC _B3_slice3-Ort.czi,old,pomc,upper
427,39.0,57.07692307692308,2226.0,F656_ARC _B3_slice3-Ort.czi,old,pomc,upper
428,22.0,54.90909090909091,1208.0,F656_ARC _B3_slice3-Ort.czi,old,pomc,upper
429,21.0,58.04761904761905,1219.0,F656_ARC _B3_slice3-Ort.czi,old,pomc,upper
430,34.0,55.294117647058826,1880.0,F656_ARC _B3_slice3-Ort.czi,old,pomc,upper
431,78.0,47.743589743589745,3724.0,F656_ARC _B3_slice3-Ort.czi,old,pomc,upper
432,4.0,38.25,153.0,F656_ARC _B3_slice3-Ort.czi,old,pomc,upper
433,37.0,50.567567567567565,1871.0,F656_ARC _B3_slice3-Ort.czi,old,pomc,upper
434,2.0,73.0,146.0,F656_ARC _B3_slice3-Ort.czi,old,pomc,upper
435,13.0,41.76923076923077,543.0,F656_ARC _B3_slice3-Ort.czi,old,pomc,upper
436,323.0,49.244582043343655,15906.0,F656_ARC _B3_slice3-Ort.czi,old,pomc,upper
437,21.0,48.095238095238095,1010.0,F656_ARC _B3_slice3-Ort.czi,old,pomc,upper
438,24.0,43.166666666666664,1036.0,F656_ARC _B3_slice3-Ort.czi,old,pomc,upper
439,48.0,48.208333333333336,2314.0,F656_ARC _B3_slice3-Ort.czi,old,pomc,upper
440,124.0,47.5,5890.0,F656_ARC _B3_slice3-Ort.czi,old,pomc,upper
441,29.0,41.44827586206897,1202.0,F656_ARC _B3_slice3-Ort.czi,old,pomc,upper
442,89.0,46.86516853932584,4171.0,F656_ARC _B3_slice3-Ort.czi,old,pomc,upper
443,8.0,43.75,350.0,F656_ARC _B3_slice3-Ort.czi,old,pomc,upper
444,25.0,58.2,1455.0,F656_ARC _B3_slice3-Ort.czi,old,pomc,upper
445,66.0,48.121212121212125,3176.0,F656_ARC _B3_slice3-Ort.czi,old,pomc,upper
446,53.0,45.660377358490564,2420.0,F656_ARC _B3_slice3-Ort.czi,old,pomc,upper
447,14.0,48.0,672.0,F656_ARC _B3_slice3-Ort.czi,old,pomc,upper
448,9.0,42.888888888888886,386.0,F656_ARC _B3_slice3-Ort.czi,old,pomc,upper
449,1.0,27.0,27.0,F656_ARC _B3_slice3-Ort.czi,old,pomc,upper
450,23.0,44.26086956521739,1018.0,F656_ARC _B3_slice3-Ort.czi,old,pomc,upper
451,601.0,48.03494176372712,28869.0,F656_ARC _B3_slice3-Ort.czi,old,pomc,upper
452,78.0,48.43589743589744,3778.0,F656_ARC _B3_slice3-Ort.czi,old,pomc,upper
453,55.0,53.81818181818182,2960.0,F656_ARC _B3_slice3-Ort.czi,old,pomc,upper
454,72.0,48.47222222222222,3490.0,F656_ARC _B3_slice3-Ort.czi,old,pomc,upper
455,69.0,48.028985507246375,3314.0,F656_ARC _B3_slice3-Ort.czi,old,pomc,upper
456,144.0,40.75,5868.0,F656_ARC _B3_slice3-Ort.czi,old,pomc,upper
457,2.0,34.5,69.0,F656_ARC _B3_slice3-Ort.czi,old,pomc,upper
458,29.0,52.689655172413794,1528.0,F656_ARC _B3_slice3-Ort.czi,old,pomc,upper
459,63.0,41.25396825396825,2599.0,F656_ARC _B3_slice3-Ort.czi,old,pomc,upper
460,57.0,52.75438596491228,3007.0,F656_ARC _B3_slice3-Ort.czi,old,pomc,upper
461,52.0,42.17307692307692,2193.0,F656_ARC _B3_slice3-Ort.czi,old,pomc,upper
462,22.0,42.59090909090909,937.0,F656_ARC _B3_slice3-Ort.czi,old,pomc,upper
463,79.0,45.51898734177215,3596.0,F656_ARC _B3_slice3-Ort.czi,old,pomc,upper
464,39.0,46.35897435897436,1808.0,F656_ARC _B3_slice3-Ort.czi,old,pomc,upper
465,55.0,47.03636363636364,2587.0,F656_ARC _B3_slice3-Ort.czi,old,pomc,upper
466,70.0,57.51428571428571,4026.0,F656_ARC _B3_slice3-Ort.czi,old,pomc,upper
467,73.0,43.78082191780822,3196.0,F656_ARC _B3_slice3-Ort.czi,old,pomc,upper
468,281.0,45.40213523131673,12758.0,F656_ARC _B3_slice3-Ort.czi,old,pomc,upper
469,4.0,37.25,149.0,F656_ARC _B3_slice3-Ort.czi,old,pomc,upper
470,8.0,48.875,391.0,F656_ARC _B3_slice3-Ort.czi,old,pomc,upper
471,2.0,36.0,72.0,F656_ARC _B3_slice3-Ort.czi,old,pomc,upper
472,22.0,44.0,968.0,F656_ARC _B3_slice3-Ort.czi,old,pomc,upper
473,1.0,34.0,34.0,F656_ARC _B3_slice3-Ort.czi,old,pomc,upper
474,58.0,45.55172413793103,2642.0,F656_ARC _B3_slice3-Ort.czi,old,pomc,upper
475,4434.0,50.927153811456925,225811.0,F656_ARC _B3_slice3-Ort.czi,old,pomc,upper
476,171.0,50.760233918128655,8680.0,F656_ARC _B3_slice3-Ort.czi,old,pomc,upper
477,414.0,46.66183574879227,19318.0,F656_ARC _B3_slice3-Ort.czi,old,pomc,upper
478,44.0,40.90909090909091,1800.0,F656_ARC _B3_slice3-Ort.czi,old,pomc,upper
479,24.0,57.708333333333336,1385.0,F656_ARC _B3_slice3-Ort.czi,old,pomc,upper
480,95.0,45.62105263157895,4334.0,F656_ARC _B3_slice3-Ort.czi,old,pomc,upper
481,36.0,50.55555555555556,1820.0,F656_ARC _B3_slice3-Ort.czi,old,pomc,upper
482,44.0,42.13636363636363,1853.9999999999998,F656_ARC _B3_slice3-Ort.czi,old,pomc,upper
483,1907.0,46.863660199265865,89369.0,F656_ARC _B3_slice3-Ort.czi,old,pomc,upper
484,30.0,50.46666666666667,1514.0,F656_ARC _B3_slice3-Ort.czi,old,pomc,upper
485,25.0,40.96,1024.0,F656_ARC _B3_slice3-Ort.czi,old,pomc,upper
486,2.0,27.0,54.0,F656_ARC _B3_slice3-Ort.czi,old,pomc,upper
487,177.0,46.10734463276836,8161.0,F656_ARC _B3_slice3-Ort.czi,old,pomc,upper
488,61.0,61.31147540983606,3740.0,F656_ARC _B3_slice3-Ort.czi,old,pomc,upper
489,19.0,61.0,1159.0,F656_ARC _B3_slice3-Ort.czi,old,pomc,upper
490,24.0,46.333333333333336,1112.0,F656_ARC _B3_slice3-Ort.czi,old,pomc,upper
491,77.0,47.38961038961039,3649.0,F656_ARC _B3_slice3-Ort.czi,old,pomc,upper
492,1.0,25.0,25.0,F656_ARC _B3_slice3-Ort.czi,old,pomc,upper
493,41.0,51.97560975609756,2131.0,F656_ARC _B3_slice3-Ort.czi,old,pomc,upper
494,40.0,54.05,2162.0,F656_ARC _B3_slice3-Ort.czi,old,pomc,upper
495,40.0,56.1,2244.0,F656_ARC _B3_slice3-Ort.czi,old,pomc,upper
496,162.0,48.876543209876544,7918.0,F656_ARC _B3_slice3-Ort.czi,old,pomc,upper
497,54.0,48.03703703703704,2594.0,F656_ARC _B3_slice3-Ort.czi,old,pomc,upper
498,2.0,55.5,111.0,F656_ARC _B3_slice3-Ort.czi,old,pomc,upper
499,10.0,106.5,1065.0,F656_ARC _B3_slice3-Ort.czi,old,pomc,upper
500,2.0,39.5,79.0,F656_ARC _B3_slice3-Ort.czi,old,pomc,upper
501,65.0,50.87692307692308,3307.0,F656_ARC _B3_slice3-Ort.czi,old,pomc,upper
502,68.0,48.279411764705884,3283.0,F656_ARC _B3_slice3-Ort.czi,old,pomc,upper
503,84.0,50.642857142857146,4254.0,F656_ARC _B3_slice3-Ort.czi,old,pomc,upper
504,55.0,48.70909090909091,2679.0,F656_ARC _B3_slice3-Ort.czi,old,pomc,upper
505,124.0,47.24193548387097,5858.0,F656_ARC _B3_slice3-Ort.czi,old,pomc,upper
506,101.0,48.40594059405941,4889.0,F656_ARC _B3_slice3-Ort.czi,old,pomc,upper
507,15.0,47.2,708.0,F656_ARC _B3_slice3-Ort.czi,old,pomc,upper
508,130.0,44.96153846153846,5845.0,F656_ARC _B3_slice3-Ort.czi,old,pomc,upper
509,108.0,45.2962962962963,4892.0,F656_ARC _B3_slice3-Ort.czi,old,pomc,upper
510,57.0,45.280701754385966,2581.0,F656_ARC _B3_slice3-Ort.czi,old,pomc,upper
511,830.0,49.86385542168675,41387.0,F656_ARC _B3_slice3-Ort.czi,old,pomc,upper
512,19.0,41.05263157894737,780.0,F656_ARC _B3_slice3-Ort.czi,old,pomc,upper
513,153.0,49.032679738562095,7502.000000000001,F656_ARC _B3_slice3-Ort.czi,old,pomc,upper
514,19.0,47.94736842105263,911.0,F656_ARC _B3_slice3-Ort.czi,old,pomc,upper
515,22.0,46.27272727272727,1018.0,F656_ARC _B3_slice3-Ort.czi,old,pomc,upper
516,702.0,44.46153846153846,31212.0,F656_ARC _B3_slice3-Ort.czi,old,pomc,upper
517,175.0,47.08571428571429,8240.0,F656_ARC _B3_slice3-Ort.czi,old,pomc,upper
518,1.0,57.0,57.0,F656_ARC _B3_slice3-Ort.czi,old,pomc,upper
519,1.0,59.0,59.0,F656_ARC _B3_slice3-Ort.czi,old,pomc,upper
520,79.0,49.177215189873415,3885.0,F656_ARC _B3_slice3-Ort.czi,old,pomc,upper
521,3.0,33.666666666666664,101.0,F656_ARC _B3_slice3-Ort.czi,old,pomc,upper
522,16.0,56.9375,911.0,F656_ARC _B3_slice3-Ort.czi,old,pomc,upper
523,14.0,46.142857142857146,646.0,F656_ARC _B3_slice3-Ort.czi,old,pomc,upper
524,12731.0,43.168093629722726,549573.0,F656_ARC _B3_slice3-Ort.czi,old,pomc,upper
525,28.0,48.892857142857146,1369.0,F656_ARC _B3_slice3-Ort.czi,old,pomc,upper
526,25.0,44.52,1113.0,F656_ARC _B3_slice3-Ort.czi,old,pomc,upper
527,1.0,66.0,66.0,F656_ARC _B3_slice3-Ort.czi,old,pomc,upper
528,13.0,50.30769230769231,654.0,F656_ARC _B3_slice3-Ort.czi,old,pomc,upper
529,1023.0,62.90909090909091,64356.0,F656_ARC _B3_slice3-Ort.czi,old,pomc,upper
530,298.0,55.66778523489933,16589.0,F656_ARC _B3_slice3-Ort.czi,old,pomc,upper
531,15.0,44.6,669.0,F656_ARC _B3_slice3-Ort.czi,old,pomc,upper
532,23.0,46.17391304347826,1062.0,F656_ARC _B3_slice3-Ort.czi,old,pomc,upper
533,50.0,49.2,2460.0,F656_ARC _B3_slice3-Ort.czi,old,pomc,upper
534,28.0,52.285714285714285,1464.0,F656_ARC _B3_slice3-Ort.czi,old,pomc,upper
535,1.0,49.0,49.0,F656_ARC _B3_slice3-Ort.czi,old,pomc,upper
536,56.0,45.107142857142854,2526.0,F656_ARC _B3_slice3-Ort.czi,old,pomc,upper
537,89.0,46.13483146067416,4106.0,F656_ARC _B3_slice3-Ort.czi,old,pomc,upper
538,31.0,51.645161290322584,1601.0,F656_ARC _B3_slice3-Ort.czi,old,pomc,upper
539,18.0,56.94444444444444,1025.0,F656_ARC _B3_slice3-Ort.czi,old,pomc,upper
540,32.0,61.46875,1967.0,F656_ARC _B3_slice3-Ort.czi,old,pomc,upper
541,56.0,46.142857142857146,2584.0,F656_ARC _B3_slice3-Ort.czi,old,pomc,upper
542,135.0,46.629629629629626,6294.999999999999,F656_ARC _B3_slice3-Ort.czi,old,pomc,upper
543,20.0,46.6,932.0,F656_ARC _B3_slice3-Ort.czi,old,pomc,upper
544,30.0,45.2,1356.0,F656_ARC _B3_slice3-Ort.czi,old,pomc,upper
545,23.0,47.21739130434783,1086.0,F656_ARC _B3_slice3-Ort.czi,old,pomc,upper
546,48.0,46.166666666666664,2216.0,F656_ARC _B3_slice3-Ort.czi,old,pomc,upper
547,37.0,50.486486486486484,1868.0,F656_ARC _B3_slice3-Ort.czi,old,pomc,upper
548,8.0,44.0,352.0,F656_ARC _B3_slice3-Ort.czi,old,pomc,upper
549,1.0,55.0,55.0,F656_ARC _B3_slice3-Ort.czi,old,pomc,upper
550,55.0,52.07272727272727,2864.0,F656_ARC _B3_slice3-Ort.czi,old,pomc,upper
551,50.0,45.4,2270.0,F656_ARC _B3_slice3-Ort.czi,old,pomc,upper
552,4.0,64.0,256.0,F656_ARC _B3_slice3-Ort.czi,old,pomc,upper
553,21.0,47.857142857142854,1004.9999999999999,F656_ARC _B3_slice3-Ort.czi,old,pomc,upper
554,33.0,49.93939393939394,1648.0,F656_ARC _B3_slice3-Ort.czi,old,pomc,upper
555,73.0,54.76712328767123,3998.0,F656_ARC _B3_slice3-Ort.czi,old,pomc,upper
556,7.0,40.285714285714285,282.0,F656_ARC _B3_slice3-Ort.czi,old,pomc,upper
557,180.0,46.1,8298.0,F656_ARC _B3_slice3-Ort.czi,old,pomc,upper
558,64.0,47.5625,3044.0,F656_ARC _B3_slice3-Ort.czi,old,pomc,upper
559,183.0,51.23497267759563,9376.0,F656_ARC _B3_slice3-Ort.czi,old,pomc,upper
560,191.0,50.460732984293195,9638.0,F656_ARC _B3_slice3-Ort.czi,old,pomc,upper
561,121.0,44.77685950413223,5418.0,F656_ARC _B3_slice3-Ort.czi,old,pomc,upper
562,1.0,75.0,75.0,F656_ARC _B3_slice3-Ort.czi,old,pomc,upper
563,299.0,46.448160535117054,13888.0,F656_ARC _B3_slice3-Ort.czi,old,pomc,upper
564,43.0,49.76744186046512,2140.0,F656_ARC _B3_slice3-Ort.czi,old,pomc,upper
565,1.0,90.0,90.0,F656_ARC _B3_slice3-Ort.czi,old,pomc,upper
566,9013.0,43.4714301564407,391808.0,F656_ARC _B3_slice3-Ort.czi,old,pomc,upper
567,22.0,41.36363636363637,910.0000000000001,F656_ARC _B3_slice3-Ort.czi,old,pomc,upper
568,13.0,83.46153846153847,1085.0,F656_ARC _B3_slice3-Ort.czi,old,pomc,upper
569,44.0,46.09090909090909,2028.0,F656_ARC _B3_slice3-Ort.czi,old,pomc,upper
570,73.0,50.28767123287671,3671.0,F656_ARC _B3_slice3-Ort.czi,old,pomc,upper
571,19.0,45.05263157894737,856.0,F656_ARC _B3_slice3-Ort.czi,old,pomc,upper
572,33.0,60.60606060606061,2000.0,F656_ARC _B3_slice3-Ort.czi,old,pomc,upper
573,59.0,48.11864406779661,2839.0,F656_ARC _B3_slice3-Ort.czi,old,pomc,upper
574,3.0,37.333333333333336,112.0,F656_ARC _B3_slice3-Ort.czi,old,pomc,upper
575,430.0,54.830232558139535,23577.0,F656_ARC _B3_slice3-Ort.czi,old,pomc,upper
576,128.0,54.4296875,6967.0,F656_ARC _B3_slice3-Ort.czi,old,pomc,upper
577,20.0,45.15,903.0,F656_ARC _B3_slice3-Ort.czi,old,pomc,upper
578,21.0,48.666666666666664,1022.0,F656_ARC _B3_slice3-Ort.czi,old,pomc,upper
579,1.0,45.0,45.0,F656_ARC _B3_slice3-Ort.czi,old,pomc,upper
580,7.0,68.0,476.0,F656_ARC _B3_slice3-Ort.czi,old,pomc,upper
581,1.0,28.0,28.0,F656_ARC _B3_slice3-Ort.czi,old,pomc,upper
582,9.0,45.44444444444444,409.0,F656_ARC _B3_slice3-Ort.czi,old,pomc,upper
583,4.0,49.25,197.0,F656_ARC _B3_slice3-Ort.czi,old,pomc,upper
584,327.0,48.95412844036697,16008.0,F656_ARC _B3_slice3-Ort.czi,old,pomc,upper
585,16.0,51.3125,821.0,F656_ARC _B3_slice3-Ort.czi,old,pomc,upper
586,24.0,44.875,1077.0,F656_ARC _B3_slice3-Ort.czi,old,pomc,upper
587,962.0,59.018711018711016,56776.0,F656_ARC _B3_slice3-Ort.czi,old,pomc,upper
588,6.0,39.0,234.0,F656_ARC _B3_slice3-Ort.czi,old,pomc,upper
589,12.0,44.166666666666664,530.0,F656_ARC _B3_slice3-Ort.czi,old,pomc,upper
590,4.0,60.75,243.0,F656_ARC _B3_slice3-Ort.czi,old,pomc,upper
591,37.0,49.945945945945944,1848.0,F656_ARC _B3_slice3-Ort.czi,old,pomc,upper
592,14.0,40.714285714285715,570.0,F656_ARC _B3_slice3-Ort.czi,old,pomc,upper
593,92.0,46.630434782608695,4290.0,F656_ARC _B3_slice3-Ort.czi,old,pomc,upper
594,1028.0,46.923151750972764,48237.0,F656_ARC _B3_slice3-Ort.czi,old,pomc,upper
595,24.0,48.083333333333336,1154.0,F656_ARC _B3_slice3-Ort.czi,old,pomc,upper
596,69.0,46.73913043478261,3225.0,F656_ARC _B3_slice3-Ort.czi,old,pomc,upper
597,1.0,5.0,5.0,F656_ARC _B3_slice3-Ort.czi,old,pomc,upper
598,95.0,45.55789473684211,4328.0,F656_ARC _B3_slice3-Ort.czi,old,pomc,upper
599,23.0,44.21739130434783,1017.0,F656_ARC _B3_slice3-Ort.czi,old,pomc,upper
600,724.0,59.41022099447514,43013.0,F656_ARC _B3_slice3-Ort.czi,old,pomc,upper
601,1740.0,66.28333333333333,115333.0,F656_ARC _B3_slice3-Ort.czi,old,pomc,upper
602,91.0,47.07692307692308,4284.0,F656_ARC _B3_slice3-Ort.czi,old,pomc,upper
603,13.0,44.23076923076923,575.0,F656_ARC _B3_slice3-Ort.czi,old,pomc,upper
604,60.0,45.25,2715.0,F656_ARC _B3_slice3-Ort.czi,old,pomc,upper
605,516.0,45.41472868217054,23434.0,F656_ARC _B3_slice3-Ort.czi,old,pomc,upper
606,483.0,75.35817805383023,36398.0,F656_ARC _B3_slice3-Ort.czi,old,pomc,upper
607,14.0,51.57142857142857,722.0,F656_ARC _B3_slice3-Ort.czi,old,pomc,upper
608,9.0,63.333333333333336,570.0,F656_ARC _B3_slice3-Ort.czi,old,pomc,upper
609,16186.0,43.34468058816261,701577.0,F656_ARC _B3_slice3-Ort.czi,old,pomc,upper
610,49.0,50.6530612244898,2482.0,F656_ARC _B3_slice3-Ort.czi,old,pomc,upper
611,7.0,41.714285714285715,292.0,F656_ARC _B3_slice3-Ort.czi,old,pomc,upper
612,960.0,47.44895833333333,45551.0,F656_ARC _B3_slice3-Ort.czi,old,pomc,upper
613,94.0,48.712765957446805,4579.0,F656_ARC _B3_slice3-Ort.czi,old,pomc,upper
614,26.0,101.5,2639.0,F656_ARC _B3_slice3-Ort.czi,old,pomc,upper
615,8.0,48.625,389.0,F656_ARC _B3_slice3-Ort.czi,old,pomc,upper
616,15.0,58.666666666666664,880.0,F656_ARC _B3_slice3-Ort.czi,old,pomc,upper
617,14.0,50.714285714285715,710.0,F656_ARC _B3_slice3-Ort.czi,old,pomc,upper
618,91.0,45.21978021978022,4115.0,F656_ARC _B3_slice3-Ort.czi,old,pomc,upper
619,41.0,57.707317073170735,2366.0,F656_ARC _B3_slice3-Ort.czi,old,pomc,upper
620,93.0,45.96774193548387,4275.0,F656_ARC _B3_slice3-Ort.czi,old,pomc,upper
621,2.0,47.0,94.0,F656_ARC _B3_slice3-Ort.czi,old,pomc,upper
622,9.0,39.0,351.0,F656_ARC _B3_slice3-Ort.czi,old,pomc,upper
623,17.0,39.588235294117645,673.0,F656_ARC _B3_slice3-Ort.czi,old,pomc,upper
624,273.0,49.904761904761905,13624.0,F656_ARC _B3_slice3-Ort.czi,old,pomc,upper
625,30.0,47.766666666666666,1433.0,F656_ARC _B3_slice3-Ort.czi,old,pomc,upper
626,37.0,48.648648648648646,1800.0,F656_ARC _B3_slice3-Ort.czi,old,pomc,upper
627,4.0,39.25,157.0,F656_ARC _B3_slice3-Ort.czi,old,pomc,upper
628,13.0,58.15384615384615,756.0,F656_ARC _B3_slice3-Ort.czi,old,pomc,upper
629,24.0,48.666666666666664,1168.0,F656_ARC _B3_slice3-Ort.czi,old,pomc,upper
630,8.0,43.125,345.0,F656_ARC _B3_slice3-Ort.czi,old,pomc,upper
631,1.0,33.0,33.0,F656_ARC _B3_slice3-Ort.czi,old,pomc,upper
632,27.0,49.03703703703704,1324.0,F656_ARC _B3_slice3-Ort.czi,old,pomc,upper
633,33.0,43.878787878787875,1448.0,F656_ARC _B3_slice3-Ort.czi,old,pomc,upper
634,661.0,55.84568835098336,36914.0,F656_ARC _B3_slice3-Ort.czi,old,pomc,upper
635,305.0,46.11147540983607,14064.0,F656_ARC _B3_slice3-Ort.czi,old,pomc,upper
636,44.0,52.15909090909091,2295.0,F656_ARC _B3_slice3-Ort.czi,old,pomc,upper
637,2634.0,53.9916476841306,142214.0,F656_ARC _B3_slice3-Ort.czi,old,pomc,upper
638,92.0,50.641304347826086,4659.0,F656_ARC _B3_slice3-Ort.czi,old,pomc,upper
639,34.0,46.88235294117647,1594.0,F656_ARC _B3_slice3-Ort.czi,old,pomc,upper
640,22.0,49.0,1078.0,F656_ARC _B3_slice3-Ort.czi,old,pomc,upper
641,48.0,48.75,2340.0,F656_ARC _B3_slice3-Ort.czi,old,pomc,upper
642,4.0,36.5,146.0,F656_ARC _B3_slice3-Ort.czi,old,pomc,upper
643,25.0,60.4,1510.0,F656_ARC _B3_slice3-Ort.czi,old,pomc,upper
644,602.0,50.93023255813954,30660.0,F656_ARC _B3_slice3-Ort.czi,old,pomc,upper
645,11.0,42.90909090909091,472.0,F656_ARC _B3_slice3-Ort.czi,old,pomc,upper
646,57.0,44.21052631578947,2520.0,F656_ARC _B3_slice3-Ort.czi,old,pomc,upper
647,12.0,55.083333333333336,661.0,F656_ARC _B3_slice3-Ort.czi,old,pomc,upper
648,14.0,43.07142857142857,603.0,F656_ARC _B3_slice3-Ort.czi,old,pomc,upper
649,292.0,45.43493150684932,13267.0,F656_ARC _B3_slice3-Ort.czi,old,pomc,upper
650,10.0,46.0,460.0,F656_ARC _B3_slice3-Ort.czi,old,pomc,upper
651,98.0,48.55102040816327,4758.0,F656_ARC _B3_slice3-Ort.czi,old,pomc,upper
652,29.0,50.689655172413794,1470.0,F656_ARC _B3_slice3-Ort.czi,old,pomc,upper
653,1690.0,46.4301775147929,78467.0,F656_ARC _B3_slice3-Ort.czi,old,pomc,upper
654,9.0,44.333333333333336,399.0,F656_ARC _B3_slice3-Ort.czi,old,pomc,upper
655,24.0,61.208333333333336,1469.0,F656_ARC _B3_slice3-Ort.czi,old,pomc,upper
656,1.0,26.0,26.0,F656_ARC _B3_slice3-Ort.czi,old,pomc,upper
657,36.0,56.02777777777778,2017.0,F656_ARC _B3_slice3-Ort.czi,old,pomc,upper
658,33.0,44.78787878787879,1478.0,F656_ARC _B3_slice3-Ort.czi,old,pomc,upper
659,2509.0,53.15942606616182,133377.0,F656_ARC _B3_slice3-Ort.czi,old,pomc,upper
660,423.0,50.09929078014184,21192.0,F656_ARC _B3_slice3-Ort.czi,old,pomc,upper
661,213.0,57.42723004694836,12232.0,F656_ARC _B3_slice3-Ort.czi,old,pomc,upper
662,97.0,48.29896907216495,4685.0,F656_ARC _B3_slice3-Ort.czi,old,pomc,upper
663,36.0,48.75,1755.0,F656_ARC _B3_slice3-Ort.czi,old,pomc,upper
664,16.0,55.875,894.0,F656_ARC _B3_slice3-Ort.czi,old,pomc,upper
665,2116.0,48.64886578449905,102940.99999999999,F656_ARC _B3_slice3-Ort.czi,old,pomc,upper
666,56.0,47.035714285714285,2634.0,F656_ARC _B3_slice3-Ort.czi,old,pomc,upper
667,68.0,47.794117647058826,3250.0,F656_ARC _B3_slice3-Ort.czi,old,pomc,upper
668,24.0,53.0,1272.0,F656_ARC _B3_slice3-Ort.czi,old,pomc,upper
669,254.0,49.52755905511811,12580.0,F656_ARC _B3_slice3-Ort.czi,old,pomc,upper
670,5.0,38.6,193.0,F656_ARC _B3_slice3-Ort.czi,old,pomc,upper
671,9.0,47.22222222222222,425.0,F656_ARC _B3_slice3-Ort.czi,old,pomc,upper
672,11.0,46.45454545454545,511.0,F656_ARC _B3_slice3-Ort.czi,old,pomc,upper
673,8.0,46.625,373.0,F656_ARC _B3_slice3-Ort.czi,old,pomc,upper
674,26.0,61.88461538461539,1609.0,F656_ARC _B3_slice3-Ort.czi,old,pomc,upper
675,1.0,25.0,25.0,F656_ARC _B3_slice3-Ort.czi,old,pomc,upper
676,1.0,71.0,71.0,F656_ARC _B3_slice3-Ort.czi,old,pomc,upper
677,1330.0,48.42330827067669,64403.0,F656_ARC _B3_slice3-Ort.czi,old,pomc,upper
678,140.0,48.371428571428574,6772.0,F656_ARC _B3_slice3-Ort.czi,old,pomc,upper
679,10.0,45.7,457.0,F656_ARC _B3_slice3-Ort.czi,old,pomc,upper
680,30.0,42.46666666666667,1274.0,F656_ARC _B3_slice3-Ort.czi,old,pomc,upper
681,55.0,46.27272727272727,2545.0,F656_ARC _B3_slice3-Ort.czi,old,pomc,upper
682,1.0,71.0,71.0,F656_ARC _B3_slice3-Ort.czi,old,pomc,upper
683,97.0,44.36082474226804,4303.0,F656_ARC _B3_slice3-Ort.czi,old,pomc,upper
684,1.0,34.0,34.0,F656_ARC _B3_slice3-Ort.czi,old,pomc,upper
685,249.0,51.963855421686745,12939.0,F656_ARC _B3_slice3-Ort.czi,old,pomc,upper
686,15.0,44.46666666666667,667.0,F656_ARC _B3_slice3-Ort.czi,old,pomc,upper
687,6.0,44.5,267.0,F656_ARC _B3_slice3-Ort.czi,old,pomc,upper
688,317.0,50.58044164037855,16034.000000000002,F656_ARC _B3_slice3-Ort.czi,old,pomc,upper
689,4.0,42.5,170.0,F656_ARC _B3_slice3-Ort.czi,old,pomc,upper
690,64.0,50.90625,3258.0,F656_ARC _B3_slice3-Ort.czi,old,pomc,upper
691,126.0,51.36507936507937,6472.0,F656_ARC _B3_slice3-Ort.czi,old,pomc,upper
692,20.0,56.65,1133.0,F656_ARC _B3_slice3-Ort.czi,old,pomc,upper
693,80.0,44.5125,3561.0,F656_ARC _B3_slice3-Ort.czi,old,pomc,upper
694,33.0,61.42424242424242,2027.0,F656_ARC _B3_slice3-Ort.czi,old,pomc,upper
695,1.0,65.0,65.0,F656_ARC _B3_slice3-Ort.czi,old,pomc,upper
696,1.0,57.0,57.0,F656_ARC _B3_slice3-Ort.czi,old,pomc,upper
697,3.0,30.0,90.0,F656_ARC _B3_slice3-Ort.czi,old,pomc,upper
698,227.0,50.09251101321586,11371.0,F656_ARC _B3_slice3-Ort.czi,old,pomc,upper
699,24.0,42.666666666666664,1024.0,F656_ARC _B3_slice3-Ort.czi,old,pomc,upper
700,39.0,57.0,2223.0,F656_ARC _B3_slice3-Ort.czi,old,pomc,upper
701,37.0,49.567567567567565,1834.0,F656_ARC _B3_slice3-Ort.czi,old,pomc,upper
702,20.0,62.25,1245.0,F656_ARC _B3_slice3-Ort.czi,old,pomc,upper
703,110.0,48.11818181818182,5293.0,F656_ARC _B3_slice3-Ort.czi,old,pomc,upper
704,150.0,57.166666666666664,8575.0,F656_ARC _B3_slice3-Ort.czi,old,pomc,upper
705,205.0,48.40487804878049,9923.0,F656_ARC _B3_slice3-Ort.czi,old,pomc,upper
706,31.0,49.12903225806452,1523.0,F656_ARC _B3_slice3-Ort.czi,old,pomc,upper
707,271.0,56.247232472324725,15243.0,F656_ARC _B3_slice3-Ort.czi,old,pomc,upper
1,45.0,144.73333333333332,6512.999999999999,B489_ARC_xxx_slice2-Ort.czi,old,pomc,upper
1,17.0,92.47058823529412,1572.0,B482_ARC _B3_slice6-Ort.czi,old,pomc,upper
2,51.0,65.33333333333333,3331.9999999999995,B482_ARC _B3_slice6-Ort.czi,old,pomc,upper
3,62.0,79.54838709677419,4932.0,B482_ARC _B3_slice6-Ort.czi,old,pomc,upper
4,96.0,87.3125,8382.0,B482_ARC _B3_slice6-Ort.czi,old,pomc,upper
5,51.0,96.76470588235294,4935.0,B482_ARC _B3_slice6-Ort.czi,old,pomc,upper
6,18.0,66.94444444444444,1205.0,B482_ARC _B3_slice6-Ort.czi,old,pomc,upper
7,76.0,92.48684210526316,7029.000000000001,B482_ARC _B3_slice6-Ort.czi,old,pomc,upper
8,20.0,80.5,1610.0,B482_ARC _B3_slice6-Ort.czi,old,pomc,upper
9,15.0,76.06666666666666,1141.0,B482_ARC _B3_slice6-Ort.czi,old,pomc,upper
10,9.0,73.0,657.0,B482_ARC _B3_slice6-Ort.czi,old,pomc,upper
11,1.0,17.0,17.0,B482_ARC _B3_slice6-Ort.czi,old,pomc,upper
12,12.0,93.91666666666667,1127.0,B482_ARC _B3_slice6-Ort.czi,old,pomc,upper
13,14.0,131.78571428571428,1845.0,B482_ARC _B3_slice6-Ort.czi,old,pomc,upper
14,23.0,80.43478260869566,1850.0,B482_ARC _B3_slice6-Ort.czi,old,pomc,upper
15,1.0,61.0,61.0,B482_ARC _B3_slice6-Ort.czi,old,pomc,upper
16,12.0,82.25,987.0,B482_ARC _B3_slice6-Ort.czi,old,pomc,upper
17,162.0,75.58024691358025,12244.000000000002,B482_ARC _B3_slice6-Ort.czi,old,pomc,upper
18,12.0,99.75,1197.0,B482_ARC _B3_slice6-Ort.czi,old,pomc,upper
19,14.0,63.42857142857143,888.0,B482_ARC _B3_slice6-Ort.czi,old,pomc,upper
20,12.0,71.83333333333333,862.0,B482_ARC _B3_slice6-Ort.czi,old,pomc,upper
21,19.0,83.57894736842105,1588.0,B482_ARC _B3_slice6-Ort.czi,old,pomc,upper
22,20.0,97.6,1952.0,B482_ARC _B3_slice6-Ort.czi,old,pomc,upper
23,21.0,63.285714285714285,1329.0,B482_ARC _B3_slice6-Ort.czi,old,pomc,upper
24,6.0,76.16666666666667,457.0,B482_ARC _B3_slice6-Ort.czi,old,pomc,upper
25,7.0,87.0,609.0,B482_ARC _B3_slice6-Ort.czi,old,pomc,upper
26,40.0,61.575,2463.0,B482_ARC _B3_slice6-Ort.czi,old,pomc,upper
27,42.0,91.78571428571429,3855.0000000000005,B482_ARC _B3_slice6-Ort.czi,old,pomc,upper
28,45.0,73.33333333333333,3300.0,B482_ARC _B3_slice6-Ort.czi,old,pomc,upper
29,4.0,72.25,289.0,B482_ARC _B3_slice6-Ort.czi,old,pomc,upper
30,1.0,84.0,84.0,B482_ARC _B3_slice6-Ort.czi,old,pomc,upper
31,4.0,94.75,379.0,B482_ARC _B3_slice6-Ort.czi,old,pomc,upper
32,66.0,68.31818181818181,4509.0,B482_ARC _B3_slice6-Ort.czi,old,pomc,upper
33,10.0,101.1,1011.0,B482_ARC _B3_slice6-Ort.czi,old,pomc,upper
34,6.0,87.0,522.0,B482_ARC _B3_slice6-Ort.czi,old,pomc,upper
35,41.0,74.8048780487805,3067.0000000000005,B482_ARC _B3_slice6-Ort.czi,old,pomc,upper
36,2.0,72.0,144.0,B482_ARC _B3_slice6-Ort.czi,old,pomc,upper
37,46.0,86.6304347826087,3985.0000000000005,B482_ARC _B3_slice6-Ort.czi,old,pomc,upper
38,1.0,111.0,111.0,B482_ARC _B3_slice6-Ort.czi,old,pomc,upper
39,3.0,168.33333333333334,505.0,B482_ARC _B3_slice6-Ort.czi,old,pomc,upper
40,16.0,68.25,1092.0,B482_ARC _B3_slice6-Ort.czi,old,pomc,upper
41,5.0,96.2,481.0,B482_ARC _B3_slice6-Ort.czi,old,pomc,upper
42,13.0,120.0,1560.0,B482_ARC _B3_slice6-Ort.czi,old,pomc,upper
43,3.0,43.333333333333336,130.0,B482_ARC _B3_slice6-Ort.czi,old,pomc,upper
44,1.0,73.0,73.0,B482_ARC _B3_slice6-Ort.czi,old,pomc,upper
45,43.0,88.27906976744185,3795.9999999999995,B482_ARC _B3_slice6-Ort.czi,old,pomc,upper
46,33.0,75.03030303030303,2476.0,B482_ARC _B3_slice6-Ort.czi,old,pomc,upper
47,1.0,100.0,100.0,B482_ARC _B3_slice6-Ort.czi,old,pomc,upper
48,21.0,65.0952380952381,1367.0000000000002,B482_ARC _B3_slice6-Ort.czi,old,pomc,upper
49,1.0,82.0,82.0,B482_ARC _B3_slice6-Ort.czi,old,pomc,upper
50,3.0,62.666666666666664,188.0,B482_ARC _B3_slice6-Ort.czi,old,pomc,upper
51,1.0,54.0,54.0,B482_ARC _B3_slice6-Ort.czi,old,pomc,upper
52,24.0,83.625,2007.0,B482_ARC _B3_slice6-Ort.czi,old,pomc,upper
53,21.0,94.76190476190476,1990.0,B482_ARC _B3_slice6-Ort.czi,old,pomc,upper
54,74.0,119.54054054054055,8846.0,B482_ARC _B3_slice6-Ort.czi,old,pomc,upper
55,10.0,86.8,868.0,B482_ARC _B3_slice6-Ort.czi,old,pomc,upper
56,36.0,80.75,2907.0,B482_ARC _B3_slice6-Ort.czi,old,pomc,upper
57,12.0,80.75,969.0,B482_ARC _B3_slice6-Ort.czi,old,pomc,upper
58,59.0,73.10169491525424,4313.0,B482_ARC _B3_slice6-Ort.czi,old,pomc,upper
59,116.0,80.44827586206897,9332.0,B482_ARC _B3_slice6-Ort.czi,old,pomc,upper
60,1.0,92.0,92.0,B482_ARC _B3_slice6-Ort.czi,old,pomc,upper
61,46.0,82.06521739130434,3775.0,B482_ARC _B3_slice6-Ort.czi,old,pomc,upper
62,45.0,73.08888888888889,3289.0,B482_ARC _B3_slice6-Ort.czi,old,pomc,upper
63,17.0,96.17647058823529,1635.0,B482_ARC _B3_slice6-Ort.czi,old,pomc,upper
64,8.0,101.5,812.0,B482_ARC _B3_slice6-Ort.czi,old,pomc,upper
65,87.0,69.82758620689656,6075.0,B482_ARC _B3_slice6-Ort.czi,old,pomc,upper
66,9.0,77.77777777777777,700.0,B482_ARC _B3_slice6-Ort.czi,old,pomc,upper
67,2.0,54.0,108.0,B482_ARC _B3_slice6-Ort.czi,old,pomc,upper
68,45.0,67.0,3015.0,B482_ARC _B3_slice6-Ort.czi,old,pomc,upper
69,49.0,80.12244897959184,3926.0,B482_ARC _B3_slice6-Ort.czi,old,pomc,upper
70,7.0,63.0,441.0,B482_ARC _B3_slice6-Ort.czi,old,pomc,upper
71,1.0,39.0,39.0,B482_ARC _B3_slice6-Ort.czi,old,pomc,upper
72,3.0,60.666666666666664,182.0,B482_ARC _B3_slice6-Ort.czi,old,pomc,upper
73,1.0,113.0,113.0,B482_ARC _B3_slice6-Ort.czi,old,pomc,upper
74,36.0,82.83333333333333,2982.0,B482_ARC _B3_slice6-Ort.czi,old,pomc,upper
75,1.0,125.0,125.0,B482_ARC _B3_slice6-Ort.czi,old,pomc,upper
76,19.0,74.0,1406.0,B482_ARC _B3_slice6-Ort.czi,old,pomc,upper
77,249.0,75.34136546184739,18760.0,B482_ARC _B3_slice6-Ort.czi,old,pomc,upper
78,4.0,63.75,255.0,B482_ARC _B3_slice6-Ort.czi,old,pomc,upper
79,92.0,79.31521739130434,7297.0,B482_ARC _B3_slice6-Ort.czi,old,pomc,upper
80,44.0,87.61363636363636,3855.0,B482_ARC _B3_slice6-Ort.czi,old,pomc,upper
81,13.0,81.76923076923077,1063.0,B482_ARC _B3_slice6-Ort.czi,old,pomc,upper
82,48.0,101.41666666666667,4868.0,B482_ARC _B3_slice6-Ort.czi,old,pomc,upper
83,1.0,71.0,71.0,B482_ARC _B3_slice6-Ort.czi,old,pomc,upper
84,14.0,110.21428571428571,1543.0,B482_ARC _B3_slice6-Ort.czi,old,pomc,upper
85,5.0,76.2,381.0,B482_ARC _B3_slice6-Ort.czi,old,pomc,upper
86,7.0,58.0,406.0,B482_ARC _B3_slice6-Ort.czi,old,pomc,upper
87,125.0,83.0,10375.0,B482_ARC _B3_slice6-Ort.czi,old,pomc,upper
88,1.0,80.0,80.0,B482_ARC _B3_slice6-Ort.czi,old,pomc,upper
89,2.0,56.0,112.0,B482_ARC _B3_slice6-Ort.czi,old,pomc,upper
90,15.0,112.13333333333334,1682.0,B482_ARC _B3_slice6-Ort.czi,old,pomc,upper
91,36.0,81.44444444444444,2932.0,B482_ARC _B3_slice6-Ort.czi,old,pomc,upper
92,217.0,65.3410138248848,14179.000000000002,B482_ARC _B3_slice6-Ort.czi,old,pomc,upper
93,5.0,85.6,428.0,B482_ARC _B3_slice6-Ort.czi,old,pomc,upper
94,3.0,88.0,264.0,B482_ARC _B3_slice6-Ort.czi,old,pomc,upper
95,12.0,92.58333333333333,1111.0,B482_ARC _B3_slice6-Ort.czi,old,pomc,upper
96,6.0,78.16666666666667,469.0,B482_ARC _B3_slice6-Ort.czi,old,pomc,upper
97,34.0,72.91176470588235,2479.0,B482_ARC _B3_slice6-Ort.czi,old,pomc,upper
98,50.0,74.04,3702.0000000000005,B482_ARC _B3_slice6-Ort.czi,old,pomc,upper
99,12.0,89.58333333333333,1075.0,B482_ARC _B3_slice6-Ort.czi,old,pomc,upper
100,1.0,53.0,53.0,B482_ARC _B3_slice6-Ort.czi,old,pomc,upper
101,5.0,59.2,296.0,B482_ARC _B3_slice6-Ort.czi,old,pomc,upper
102,10.0,78.3,783.0,B482_ARC _B3_slice6-Ort.czi,old,pomc,upper
103,25.0,82.48,2062.0,B482_ARC _B3_slice6-Ort.czi,old,pomc,upper
104,17.0,75.58823529411765,1285.0,B482_ARC _B3_slice6-Ort.czi,old,pomc,upper
105,5.0,91.4,457.0,B482_ARC _B3_slice6-Ort.czi,old,pomc,upper
106,10.0,86.1,861.0,B482_ARC _B3_slice6-Ort.czi,old,pomc,upper
107,7.0,76.28571428571429,534.0,B482_ARC _B3_slice6-Ort.czi,old,pomc,upper
108,2.0,56.0,112.0,B482_ARC _B3_slice6-Ort.czi,old,pomc,upper
109,13.0,83.3076923076923,1083.0,B482_ARC _B3_slice6-Ort.czi,old,pomc,upper
110,51.0,76.72549019607843,3912.9999999999995,B482_ARC _B3_slice6-Ort.czi,old,pomc,upper
111,16.0,114.8125,1837.0,B482_ARC _B3_slice6-Ort.czi,old,pomc,upper
112,1.0,73.0,73.0,B482_ARC _B3_slice6-Ort.czi,old,pomc,upper
113,18.0,94.16666666666667,1695.0,B482_ARC _B3_slice6-Ort.czi,old,pomc,upper
114,28.0,62.107142857142854,1739.0,B482_ARC _B3_slice6-Ort.czi,old,pomc,upper
115,18.0,74.33333333333333,1338.0,B482_ARC _B3_slice6-Ort.czi,old,pomc,upper
116,56.0,72.07142857142857,4036.0,B482_ARC _B3_slice6-Ort.czi,old,pomc,upper
117,45.0,83.26666666666667,3747.0,B482_ARC _B3_slice6-Ort.czi,old,pomc,upper
118,1.0,56.0,56.0,B482_ARC _B3_slice6-Ort.czi,old,pomc,upper
119,68.0,64.36764705882354,4377.0,B482_ARC _B3_slice6-Ort.czi,old,pomc,upper
120,4.0,114.0,456.0,B482_ARC _B3_slice6-Ort.czi,old,pomc,upper
121,2.0,78.0,156.0,B482_ARC _B3_slice6-Ort.czi,old,pomc,upper
122,7.0,95.42857142857143,668.0,B482_ARC _B3_slice6-Ort.czi,old,pomc,upper
123,27.0,68.25925925925925,1842.9999999999998,B482_ARC _B3_slice6-Ort.czi,old,pomc,upper
124,19.0,85.6842105263158,1628.0,B482_ARC _B3_slice6-Ort.czi,old,pomc,upper
125,2.0,77.0,154.0,B482_ARC _B3_slice6-Ort.czi,old,pomc,upper
126,13.0,74.76923076923077,972.0,B482_ARC _B3_slice6-Ort.czi,old,pomc,upper
127,7.0,126.71428571428571,887.0,B482_ARC _B3_slice6-Ort.czi,old,pomc,upper
128,36.0,85.33333333333333,3072.0,B482_ARC _B3_slice6-Ort.czi,old,pomc,upper
129,40.0,77.3,3092.0,B482_ARC _B3_slice6-Ort.czi,old,pomc,upper
130,1.0,186.0,186.0,B482_ARC _B3_slice6-Ort.czi,old,pomc,upper
131,2.0,87.0,174.0,B482_ARC _B3_slice6-Ort.czi,old,pomc,upper
132,95.0,96.48421052631579,9166.0,B482_ARC _B3_slice6-Ort.czi,old,pomc,upper
133,1.0,74.0,74.0,B482_ARC _B3_slice6-Ort.czi,old,pomc,upper
134,5.0,92.6,463.0,B482_ARC _B3_slice6-Ort.czi,old,pomc,upper
135,1.0,51.0,51.0,B482_ARC _B3_slice6-Ort.czi,old,pomc,upper
136,24.0,84.125,2019.0,B482_ARC _B3_slice6-Ort.czi,old,pomc,upper
137,12.0,94.91666666666667,1139.0,B482_ARC _B3_slice6-Ort.czi,old,pomc,upper
138,66.0,86.46969696969697,5707.0,B482_ARC _B3_slice6-Ort.czi,old,pomc,upper
139,2.0,50.5,101.0,B482_ARC _B3_slice6-Ort.czi,old,pomc,upper
140,4.0,104.75,419.0,B482_ARC _B3_slice6-Ort.czi,old,pomc,upper
141,17.0,79.23529411764706,1347.0,B482_ARC _B3_slice6-Ort.czi,old,pomc,upper
142,17.0,135.41176470588235,2302.0,B482_ARC _B3_slice6-Ort.czi,old,pomc,upper
143,48.0,89.16666666666667,4280.0,B482_ARC _B3_slice6-Ort.czi,old,pomc,upper
144,42.0,77.85714285714286,3270.0,B482_ARC _B3_slice6-Ort.czi,old,pomc,upper
145,21.0,83.95238095238095,1763.0,B482_ARC _B3_slice6-Ort.czi,old,pomc,upper
146,9.0,52.22222222222222,470.0,B482_ARC _B3_slice6-Ort.czi,old,pomc,upper
147,32.0,71.90625,2301.0,B482_ARC _B3_slice6-Ort.czi,old,pomc,upper
148,3.0,130.33333333333334,391.0,B482_ARC _B3_slice6-Ort.czi,old,pomc,upper
149,6.0,113.0,678.0,B482_ARC _B3_slice6-Ort.czi,old,pomc,upper
150,9.0,91.88888888888889,827.0,B482_ARC _B3_slice6-Ort.czi,old,pomc,upper
151,12.0,92.25,1107.0,B482_ARC _B3_slice6-Ort.czi,old,pomc,upper
152,45.0,72.91111111111111,3281.0,B482_ARC _B3_slice6-Ort.czi,old,pomc,upper
153,60.0,74.76666666666667,4486.0,B482_ARC _B3_slice6-Ort.czi,old,pomc,upper
154,16.0,72.0,1152.0,B482_ARC _B3_slice6-Ort.czi,old,pomc,upper
155,35.0,90.48571428571428,3167.0,B482_ARC _B3_slice6-Ort.czi,old,pomc,upper
156,9.0,88.11111111111111,793.0,B482_ARC _B3_slice6-Ort.czi,old,pomc,upper
157,11.0,107.27272727272727,1180.0,B482_ARC _B3_slice6-Ort.czi,old,pomc,upper
158,36.0,66.22222222222223,2384.0,B482_ARC _B3_slice6-Ort.czi,old,pomc,upper
159,26.0,74.57692307692308,1939.0,B482_ARC _B3_slice6-Ort.czi,old,pomc,upper
160,263.0,82.36121673003802,21661.0,B482_ARC _B3_slice6-Ort.czi,old,pomc,upper
161,85.0,81.28235294117647,6909.0,B482_ARC _B3_slice6-Ort.czi,old,pomc,upper
162,14.0,105.28571428571429,1474.0,B482_ARC _B3_slice6-Ort.czi,old,pomc,upper
163,53.0,95.69811320754717,5072.0,B482_ARC _B3_slice6-Ort.czi,old,pomc,upper
164,35.0,80.71428571428571,2825.0,B482_ARC _B3_slice6-Ort.czi,old,pomc,upper
165,82.0,78.78048780487805,6460.0,B482_ARC _B3_slice6-Ort.czi,old,pomc,upper
166,54.0,73.85185185185185,3988.0,B482_ARC _B3_slice6-Ort.czi,old,pomc,upper
167,4.0,68.75,275.0,B482_ARC _B3_slice6-Ort.czi,old,pomc,upper
168,22.0,74.0909090909091,1630.0,B482_ARC _B3_slice6-Ort.czi,old,pomc,upper
169,5.0,67.6,338.0,B482_ARC _B3_slice6-Ort.czi,old,pomc,upper
170,3.0,100.33333333333333,301.0,B482_ARC _B3_slice6-Ort.czi,old,pomc,upper
171,3.0,171.66666666666666,515.0,B482_ARC _B3_slice6-Ort.czi,old,pomc,upper
172,24.0,65.91666666666667,1582.0,B482_ARC _B3_slice6-Ort.czi,old,pomc,upper
173,8.0,69.75,558.0,B482_ARC _B3_slice6-Ort.czi,old,pomc,upper
174,115.0,78.04347826086956,8975.0,B482_ARC _B3_slice6-Ort.czi,old,pomc,upper
175,38.0,72.21052631578948,2744.0,B482_ARC _B3_slice6-Ort.czi,old,pomc,upper
176,134.0,80.1044776119403,10734.0,B482_ARC _B3_slice6-Ort.czi,old,pomc,upper
177,21.0,72.0952380952381,1514.0000000000002,B482_ARC _B3_slice6-Ort.czi,old,pomc,upper
178,1.0,83.0,83.0,B482_ARC _B3_slice6-Ort.czi,old,pomc,upper
179,55.0,79.23636363636363,4358.0,B482_ARC _B3_slice6-Ort.czi,old,pomc,upper
180,21.0,94.23809523809524,1979.0,B482_ARC _B3_slice6-Ort.czi,old,pomc,upper
181,86.0,74.9186046511628,6443.0,B482_ARC _B3_slice6-Ort.czi,old,pomc,upper
182,1.0,94.0,94.0,B482_ARC _B3_slice6-Ort.czi,old,pomc,upper
183,21.0,84.04761904761905,1765.0,B482_ARC _B3_slice6-Ort.czi,old,pomc,upper
184,78.0,68.57692307692308,5349.0,B482_ARC _B3_slice6-Ort.czi,old,pomc,upper
185,18.0,77.27777777777777,1391.0,B482_ARC _B3_slice6-Ort.czi,old,pomc,upper
186,17.0,95.0,1615.0,B482_ARC _B3_slice6-Ort.czi,old,pomc,upper
187,63.0,74.12698412698413,4670.0,B482_ARC _B3_slice6-Ort.czi,old,pomc,upper
188,42.0,72.61904761904762,3050.0,B482_ARC _B3_slice6-Ort.czi,old,pomc,upper
189,33.0,92.21212121212122,3043.0,B482_ARC _B3_slice6-Ort.czi,old,pomc,upper
190,1.0,52.0,52.0,B482_ARC _B3_slice6-Ort.czi,old,pomc,upper
191,10.0,167.2,1672.0,B482_ARC _B3_slice6-Ort.czi,old,pomc,upper
192,12.0,88.58333333333333,1063.0,B482_ARC _B3_slice6-Ort.czi,old,pomc,upper
193,49.0,73.61224489795919,3607.0,B482_ARC _B3_slice6-Ort.czi,old,pomc,upper
194,38.0,92.52631578947368,3516.0,B482_ARC _B3_slice6-Ort.czi,old,pomc,upper
195,57.0,94.29824561403508,5375.0,B482_ARC _B3_slice6-Ort.czi,old,pomc,upper
196,16.0,98.5,1576.0,B482_ARC _B3_slice6-Ort.czi,old,pomc,upper
197,1.0,79.0,79.0,B482_ARC _B3_slice6-Ort.czi,old,pomc,upper
198,25.0,68.28,1707.0,B482_ARC _B3_slice6-Ort.czi,old,pomc,upper
199,21.0,82.57142857142857,1734.0,B482_ARC _B3_slice6-Ort.czi,old,pomc,upper
200,66.0,84.43939393939394,5573.0,B482_ARC _B3_slice6-Ort.czi,old,pomc,upper
201,13.0,100.23076923076923,1303.0,B482_ARC _B3_slice6-Ort.czi,old,pomc,upper
202,6.0,66.66666666666667,400.0,B482_ARC _B3_slice6-Ort.czi,old,pomc,upper
203,30.0,70.7,2121.0,B482_ARC _B3_slice6-Ort.czi,old,pomc,upper
204,25.0,91.72,2293.0,B482_ARC _B3_slice6-Ort.czi,old,pomc,upper
205,34.0,76.26470588235294,2593.0,B482_ARC _B3_slice6-Ort.czi,old,pomc,upper
206,11.0,107.81818181818181,1186.0,B482_ARC _B3_slice6-Ort.czi,old,pomc,upper
207,61.0,71.40983606557377,4356.0,B482_ARC _B3_slice6-Ort.czi,old,pomc,upper
208,1.0,137.0,137.0,B482_ARC _B3_slice6-Ort.czi,old,pomc,upper
209,57.0,81.40350877192982,4640.0,B482_ARC _B3_slice6-Ort.czi,old,pomc,upper
210,14.0,67.14285714285714,940.0,B482_ARC _B3_slice6-Ort.czi,old,pomc,upper
211,18.0,101.05555555555556,1819.0,B482_ARC _B3_slice6-Ort.czi,old,pomc,upper
212,43.0,77.13953488372093,3317.0,B482_ARC _B3_slice6-Ort.czi,old,pomc,upper
213,13.0,70.53846153846153,916.9999999999999,B482_ARC _B3_slice6-Ort.czi,old,pomc,upper
214,9.0,77.66666666666667,699.0,B482_ARC _B3_slice6-Ort.czi,old,pomc,upper
215,13.0,121.07692307692308,1574.0,B482_ARC _B3_slice6-Ort.czi,old,pomc,upper
216,22.0,81.5,1793.0,B482_ARC _B3_slice6-Ort.czi,old,pomc,upper
217,103.0,77.87378640776699,8020.999999999999,B482_ARC _B3_slice6-Ort.czi,old,pomc,upper
218,5.0,101.4,507.0,B482_ARC _B3_slice6-Ort.czi,old,pomc,upper
219,116.0,74.97413793103448,8697.0,B482_ARC _B3_slice6-Ort.czi,old,pomc,upper
220,27.0,67.96296296296296,1835.0,B482_ARC _B3_slice6-Ort.czi,old,pomc,upper
221,9.0,80.77777777777777,727.0,B482_ARC _B3_slice6-Ort.czi,old,pomc,upper
222,9.0,60.333333333333336,543.0,B482_ARC _B3_slice6-Ort.czi,old,pomc,upper
223,56.0,72.33928571428571,4050.9999999999995,B482_ARC _B3_slice6-Ort.czi,old,pomc,upper
224,3.0,51.333333333333336,154.0,B482_ARC _B3_slice6-Ort.czi,old,pomc,upper
225,17.0,66.58823529411765,1132.0,B482_ARC _B3_slice6-Ort.czi,old,pomc,upper
226,38.0,83.94736842105263,3190.0,B482_ARC _B3_slice6-Ort.czi,old,pomc,upper
227,6.0,87.66666666666667,526.0,B482_ARC _B3_slice6-Ort.czi,old,pomc,upper
228,2.0,34.0,68.0,B482_ARC _B3_slice6-Ort.czi,old,pomc,upper
229,20.0,98.0,1960.0,B482_ARC _B3_slice6-Ort.czi,old,pomc,upper
230,3.0,82.0,246.0,B482_ARC _B3_slice6-Ort.czi,old,pomc,upper
231,5.0,89.0,445.0,B482_ARC _B3_slice6-Ort.czi,old,pomc,upper
232,44.0,71.93181818181819,3165.0,B482_ARC _B3_slice6-Ort.czi,old,pomc,upper
233,40.0,65.725,2629.0,B482_ARC _B3_slice6-Ort.czi,old,pomc,upper
234,40.0,103.35,4134.0,B482_ARC _B3_slice6-Ort.czi,old,pomc,upper
235,3.0,87.0,261.0,B482_ARC _B3_slice6-Ort.czi,old,pomc,upper
236,37.0,98.5945945945946,3648.0,B482_ARC _B3_slice6-Ort.czi,old,pomc,upper
237,23.0,72.91304347826087,1677.0,B482_ARC _B3_slice6-Ort.czi,old,pomc,upper
238,62.0,72.88709677419355,4519.0,B482_ARC _B3_slice6-Ort.czi,old,pomc,upper
239,34.0,75.38235294117646,2563.0,B482_ARC _B3_slice6-Ort.czi,old,pomc,upper
240,8.0,102.375,819.0,B482_ARC _B3_slice6-Ort.czi,old,pomc,upper
241,22.0,112.31818181818181,2471.0,B482_ARC _B3_slice6-Ort.czi,old,pomc,upper
242,44.0,81.31818181818181,3578.0,B482_ARC _B3_slice6-Ort.czi,old,pomc,upper
243,1.0,101.0,101.0,B482_ARC _B3_slice6-Ort.czi,old,pomc,upper
244,20.0,83.25,1665.0,B482_ARC _B3_slice6-Ort.czi,old,pomc,upper
245,21.0,69.95238095238095,1469.0,B482_ARC _B3_slice6-Ort.czi,old,pomc,upper
246,38.0,74.47368421052632,2830.0,B482_ARC _B3_slice6-Ort.czi,old,pomc,upper
247,15.0,71.4,1071.0,B482_ARC _B3_slice6-Ort.czi,old,pomc,upper
248,11.0,80.72727272727273,888.0000000000001,B482_ARC _B3_slice6-Ort.czi,old,pomc,upper
249,13.0,108.6923076923077,1413.0,B482_ARC _B3_slice6-Ort.czi,old,pomc,upper
250,13.0,91.0,1183.0,B482_ARC _B3_slice6-Ort.czi,old,pomc,upper
251,5.0,138.4,692.0,B482_ARC _B3_slice6-Ort.czi,old,pomc,upper
252,17.0,62.411764705882355,1061.0,B482_ARC _B3_slice6-Ort.czi,old,pomc,upper
253,4.0,162.0,648.0,B482_ARC _B3_slice6-Ort.czi,old,pomc,upper
254,11.0,116.36363636363636,1280.0,B482_ARC _B3_slice6-Ort.czi,old,pomc,upper
255,108.0,75.35185185185185,8138.0,B482_ARC _B3_slice6-Ort.czi,old,pomc,upper
256,106.0,85.27358490566037,9039.0,B482_ARC _B3_slice6-Ort.czi,old,pomc,upper
257,49.0,72.9795918367347,3576.0,B482_ARC _B3_slice6-Ort.czi,old,pomc,upper
258,1.0,57.0,57.0,B482_ARC _B3_slice6-Ort.czi,old,pomc,upper
259,176.0,74.49431818181819,13111.0,B482_ARC _B3_slice6-Ort.czi,old,pomc,upper
260,24.0,76.20833333333333,1829.0,B482_ARC _B3_slice6-Ort.czi,old,pomc,upper
261,33.0,89.03030303030303,2938.0,B482_ARC _B3_slice6-Ort.czi,old,pomc,upper
262,85.0,82.49411764705883,7012.0,B482_ARC _B3_slice6-Ort.czi,old,pomc,upper
263,18.0,87.38888888888889,1573.0,B482_ARC _B3_slice6-Ort.czi,old,pomc,upper
264,24.0,76.125,1827.0,B482_ARC _B3_slice6-Ort.czi,old,pomc,upper
265,6.0,65.33333333333333,392.0,B482_ARC _B3_slice6-Ort.czi,old,pomc,upper
266,7.0,64.0,448.0,B482_ARC _B3_slice6-Ort.czi,old,pomc,upper
267,14.0,79.71428571428571,1116.0,B482_ARC _B3_slice6-Ort.czi,old,pomc,upper
268,1.0,62.0,62.0,B482_ARC _B3_slice6-Ort.czi,old,pomc,upper
269,15.0,65.2,978.0,B482_ARC _B3_slice6-Ort.czi,old,pomc,upper
270,27.0,85.5925925925926,2311.0,B482_ARC _B3_slice6-Ort.czi,old,pomc,upper
271,31.0,70.87096774193549,2197.0,B482_ARC _B3_slice6-Ort.czi,old,pomc,upper
272,23.0,107.26086956521739,2467.0,B482_ARC _B3_slice6-Ort.czi,old,pomc,upper
273,33.0,84.51515151515152,2789.0,B482_ARC _B3_slice6-Ort.czi,old,pomc,upper
274,26.0,82.73076923076923,2151.0,B482_ARC _B3_slice6-Ort.czi,old,pomc,upper
275,9.0,67.77777777777777,610.0,B482_ARC _B3_slice6-Ort.czi,old,pomc,upper
276,20.0,79.6,1592.0,B482_ARC _B3_slice6-Ort.czi,old,pomc,upper
277,45.0,82.68888888888888,3720.9999999999995,B482_ARC _B3_slice6-Ort.czi,old,pomc,upper
278,1.0,60.0,60.0,B482_ARC _B3_slice6-Ort.czi,old,pomc,upper
279,40.0,83.075,3323.0,B482_ARC _B3_slice6-Ort.czi,old,pomc,upper
280,10.0,84.2,842.0,B482_ARC _B3_slice6-Ort.czi,old,pomc,upper
281,20.0,74.35,1487.0,B482_ARC _B3_slice6-Ort.czi,old,pomc,upper
282,1.0,55.0,55.0,B482_ARC _B3_slice6-Ort.czi,old,pomc,upper
283,50.0,88.84,4442.0,B482_ARC _B3_slice6-Ort.czi,old,pomc,upper
284,120.0,74.03333333333333,8884.0,B482_ARC _B3_slice6-Ort.czi,old,pomc,upper
285,30.0,87.0,2610.0,B482_ARC _B3_slice6-Ort.czi,old,pomc,upper
286,26.0,83.84615384615384,2180.0,B482_ARC _B3_slice6-Ort.czi,old,pomc,upper
287,8.0,99.875,799.0,B482_ARC _B3_slice6-Ort.czi,old,pomc,upper
288,43.0,79.81395348837209,3432.0,B482_ARC _B3_slice6-Ort.czi,old,pomc,upper
289,21.0,87.38095238095238,1835.0,B482_ARC _B3_slice6-Ort.czi,old,pomc,upper
290,51.0,81.19607843137256,4141.0,B482_ARC _B3_slice6-Ort.czi,old,pomc,upper
291,28.0,85.07142857142857,2382.0,B482_ARC _B3_slice6-Ort.czi,old,pomc,upper
292,97.0,90.54639175257732,8783.0,B482_ARC _B3_slice6-Ort.czi,old,pomc,upper
293,12.0,81.5,978.0,B482_ARC _B3_slice6-Ort.czi,old,pomc,upper
294,6.0,77.16666666666667,463.0,B482_ARC _B3_slice6-Ort.czi,old,pomc,upper
295,1.0,47.0,47.0,B482_ARC _B3_slice6-Ort.czi,old,pomc,upper
296,379.0,69.19261213720317,26224.0,B482_ARC _B3_slice6-Ort.czi,old,pomc,upper
297,54.0,83.38888888888889,4503.0,B482_ARC _B3_slice6-Ort.czi,old,pomc,upper
298,99.0,75.07070707070707,7432.0,B482_ARC _B3_slice6-Ort.czi,old,pomc,upper
299,67.0,77.70149253731343,5206.0,B482_ARC _B3_slice6-Ort.czi,old,pomc,upper
300,155.0,69.09677419354838,10710.0,B482_ARC _B3_slice6-Ort.czi,old,pomc,upper
301,63.0,68.71428571428571,4329.0,B482_ARC _B3_slice6-Ort.czi,old,pomc,upper
302,49.0,75.46938775510205,3698.0000000000005,B482_ARC _B3_slice6-Ort.czi,old,pomc,upper
303,158.0,71.24050632911393,11256.0,B482_ARC _B3_slice6-Ort.czi,old,pomc,upper
304,42.0,118.28571428571429,4968.0,B482_ARC _B3_slice6-Ort.czi,old,pomc,upper
305,13.0,99.38461538461539,1292.0,B482_ARC _B3_slice6-Ort.czi,old,pomc,upper
306,6.0,73.66666666666667,442.0,B482_ARC _B3_slice6-Ort.czi,old,pomc,upper
307,28.0,78.10714285714286,2187.0,B482_ARC _B3_slice6-Ort.czi,old,pomc,upper
308,10.0,78.0,780.0,B482_ARC _B3_slice6-Ort.czi,old,pomc,upper
309,1.0,64.0,64.0,B482_ARC _B3_slice6-Ort.czi,old,pomc,upper
310,19.0,84.05263157894737,1597.0,B482_ARC _B3_slice6-Ort.czi,old,pomc,upper
311,38.0,84.44736842105263,3209.0,B482_ARC _B3_slice6-Ort.czi,old,pomc,upper
312,83.0,72.24096385542168,5996.0,B482_ARC _B3_slice6-Ort.czi,old,pomc,upper
313,26.0,86.6923076923077,2254.0,B482_ARC _B3_slice6-Ort.czi,old,pomc,upper
314,6.0,77.5,465.0,B482_ARC _B3_slice6-Ort.czi,old,pomc,upper
315,57.0,69.91228070175438,3985.0,B482_ARC _B3_slice6-Ort.czi,old,pomc,upper
316,93.0,79.01075268817205,7348.0,B482_ARC _B3_slice6-Ort.czi,old,pomc,upper
317,45.0,80.46666666666667,3621.0,B482_ARC _B3_slice6-Ort.czi,old,pomc,upper
318,58.0,68.75862068965517,3988.0,B482_ARC _B3_slice6-Ort.czi,old,pomc,upper
319,8.0,97.875,783.0,B482_ARC _B3_slice6-Ort.czi,old,pomc,upper
320,1.0,107.0,107.0,B482_ARC _B3_slice6-Ort.czi,old,pomc,upper
321,9.0,104.44444444444444,940.0,B482_ARC _B3_slice6-Ort.czi,old,pomc,upper
322,68.0,103.88235294117646,7064.0,B482_ARC _B3_slice6-Ort.czi,old,pomc,upper
323,53.0,79.0,4187.0,B482_ARC _B3_slice6-Ort.czi,old,pomc,upper
324,41.0,78.34146341463415,3212.0,B482_ARC _B3_slice6-Ort.czi,old,pomc,upper
325,11.0,70.27272727272727,772.9999999999999,B482_ARC _B3_slice6-Ort.czi,old,pomc,upper
326,27.0,118.55555555555556,3201.0,B482_ARC _B3_slice6-Ort.czi,old,pomc,upper
327,28.0,85.67857142857143,2399.0,B482_ARC _B3_slice6-Ort.czi,old,pomc,upper
328,21.0,104.14285714285714,2187.0,B482_ARC _B3_slice6-Ort.czi,old,pomc,upper
329,314.0,78.10191082802548,24524.0,B482_ARC _B3_slice6-Ort.czi,old,pomc,upper
330,51.0,85.03921568627452,4337.0,B482_ARC _B3_slice6-Ort.czi,old,pomc,upper
331,23.0,163.0,3749.0,B482_ARC _B3_slice6-Ort.czi,old,pomc,upper
332,41.0,79.21951219512195,3248.0,B482_ARC _B3_slice6-Ort.czi,old,pomc,upper
333,6.0,76.66666666666667,460.0,B482_ARC _B3_slice6-Ort.czi,old,pomc,upper
334,7.0,66.14285714285714,463.0,B482_ARC _B3_slice6-Ort.czi,old,pomc,upper
335,17.0,79.29411764705883,1348.0,B482_ARC _B3_slice6-Ort.czi,old,pomc,upper
336,13.0,85.0,1105.0,B482_ARC _B3_slice6-Ort.czi,old,pomc,upper
337,16.0,75.3125,1205.0,B482_ARC _B3_slice6-Ort.czi,old,pomc,upper
338,34.0,111.6470588235294,3796.0,B482_ARC _B3_slice6-Ort.czi,old,pomc,upper
339,24.0,76.0,1824.0,B482_ARC _B3_slice6-Ort.czi,old,pomc,upper
340,17.0,78.41176470588235,1333.0,B482_ARC _B3_slice6-Ort.czi,old,pomc,upper
341,102.0,90.33333333333333,9214.0,B482_ARC _B3_slice6-Ort.czi,old,pomc,upper
342,11.0,87.18181818181819,959.0,B482_ARC _B3_slice6-Ort.czi,old,pomc,upper
343,69.0,88.66666666666667,6118.0,B482_ARC _B3_slice6-Ort.czi,old,pomc,upper
344,58.0,85.37931034482759,4952.0,B482_ARC _B3_slice6-Ort.czi,old,pomc,upper
345,88.0,74.47727272727273,6554.000000000001,B482_ARC _B3_slice6-Ort.czi,old,pomc,upper
346,17.0,86.52941176470588,1471.0,B482_ARC _B3_slice6-Ort.czi,old,pomc,upper
347,3.0,97.33333333333333,292.0,B482_ARC _B3_slice6-Ort.czi,old,pomc,upper
348,49.0,79.10204081632654,3876.0000000000005,B482_ARC _B3_slice6-Ort.czi,old,pomc,upper
349,79.0,65.73417721518987,5193.0,B482_ARC _B3_slice6-Ort.czi,old,pomc,upper
350,49.0,87.40816326530613,4283.0,B482_ARC _B3_slice6-Ort.czi,old,pomc,upper
351,20.0,70.7,1414.0,B482_ARC _B3_slice6-Ort.czi,old,pomc,upper
352,56.0,98.78571428571429,5532.0,B482_ARC _B3_slice6-Ort.czi,old,pomc,upper
353,43.0,72.6046511627907,3122.0,B482_ARC _B3_slice6-Ort.czi,old,pomc,upper
354,13.0,70.07692307692308,911.0,B482_ARC _B3_slice6-Ort.czi,old,pomc,upper
355,17.0,79.0,1343.0,B482_ARC _B3_slice6-Ort.czi,old,pomc,upper
356,20.0,97.65,1953.0,B482_ARC _B3_slice6-Ort.czi,old,pomc,upper
357,25.0,66.28,1657.0,B482_ARC _B3_slice6-Ort.czi,old,pomc,upper
358,4.0,81.5,326.0,B482_ARC _B3_slice6-Ort.czi,old,pomc,upper
359,4.0,69.75,279.0,B482_ARC _B3_slice6-Ort.czi,old,pomc,upper
360,25.0,80.32,2007.9999999999998,B482_ARC _B3_slice6-Ort.czi,old,pomc,upper
361,7.0,90.14285714285714,631.0,B482_ARC _B3_slice6-Ort.czi,old,pomc,upper
362,5.0,76.6,383.0,B482_ARC _B3_slice6-Ort.czi,old,pomc,upper
363,94.0,84.47872340425532,7941.0,B482_ARC _B3_slice6-Ort.czi,old,pomc,upper
364,40.0,91.65,3666.0,B482_ARC _B3_slice6-Ort.czi,old,pomc,upper
365,8.0,65.375,523.0,B482_ARC _B3_slice6-Ort.czi,old,pomc,upper
366,81.0,79.07407407407408,6405.0,B482_ARC _B3_slice6-Ort.czi,old,pomc,upper
367,72.0,90.80555555555556,6538.0,B482_ARC _B3_slice6-Ort.czi,old,pomc,upper
368,19.0,89.89473684210526,1708.0,B482_ARC _B3_slice6-Ort.czi,old,pomc,upper
369,4.0,83.75,335.0,B482_ARC _B3_slice6-Ort.czi,old,pomc,upper
370,22.0,90.36363636363636,1988.0,B482_ARC _B3_slice6-Ort.czi,old,pomc,upper
371,24.0,82.54166666666667,1981.0,B482_ARC _B3_slice6-Ort.czi,old,pomc,upper
372,135.0,77.2074074074074,10423.0,B482_ARC _B3_slice6-Ort.czi,old,pomc,upper
373,3.0,80.33333333333333,241.0,B482_ARC _B3_slice6-Ort.czi,old,pomc,upper
374,8.0,66.875,535.0,B482_ARC _B3_slice6-Ort.czi,old,pomc,upper
375,4.0,47.25,189.0,B482_ARC _B3_slice6-Ort.czi,old,pomc,upper
376,22.0,85.54545454545455,1882.0,B482_ARC _B3_slice6-Ort.czi,old,pomc,upper
377,15.0,95.8,1437.0,B482_ARC _B3_slice6-Ort.czi,old,pomc,upper
378,28.0,76.07142857142857,2130.0,B482_ARC _B3_slice6-Ort.czi,old,pomc,upper
379,9.0,62.22222222222222,560.0,B482_ARC _B3_slice6-Ort.czi,old,pomc,upper
380,12.0,74.58333333333333,895.0,B482_ARC _B3_slice6-Ort.czi,old,pomc,upper
381,42.0,84.07142857142857,3531.0,B482_ARC _B3_slice6-Ort.czi,old,pomc,upper
382,1.0,66.0,66.0,B482_ARC _B3_slice6-Ort.czi,old,pomc,upper
383,17.0,121.17647058823529,2060.0,B482_ARC _B3_slice6-Ort.czi,old,pomc,upper
384,64.0,82.796875,5299.0,B482_ARC _B3_slice6-Ort.czi,old,pomc,upper
385,7.0,95.85714285714286,671.0,B482_ARC _B3_slice6-Ort.czi,old,pomc,upper
386,141.0,80.51773049645391,11353.000000000002,B482_ARC _B3_slice6-Ort.czi,old,pomc,upper
387,10.0,95.8,958.0,B482_ARC _B3_slice6-Ort.czi,old,pomc,upper
388,14.0,122.85714285714286,1720.0,B482_ARC _B3_slice6-Ort.czi,old,pomc,upper
389,7.0,76.14285714285714,533.0,B482_ARC _B3_slice6-Ort.czi,old,pomc,upper
390,25.0,95.44,2386.0,B482_ARC _B3_slice6-Ort.czi,old,pomc,upper
391,14.0,102.57142857142857,1436.0,B482_ARC _B3_slice6-Ort.czi,old,pomc,upper
392,6.0,69.16666666666667,415.0,B482_ARC _B3_slice6-Ort.czi,old,pomc,upper
393,46.0,97.17391304347827,4470.0,B482_ARC _B3_slice6-Ort.czi,old,pomc,upper
394,397.0,79.8513853904282,31700.999999999996,B482_ARC _B3_slice6-Ort.czi,old,pomc,upper
395,383.0,76.27676240208878,29214.000000000004,B482_ARC _B3_slice6-Ort.czi,old,pomc,upper
396,24.0,83.25,1998.0,B482_ARC _B3_slice6-Ort.czi,old,pomc,upper
397,18.0,78.72222222222223,1417.0,B482_ARC _B3_slice6-Ort.czi,old,pomc,upper
398,168.0,80.74404761904762,13565.0,B482_ARC _B3_slice6-Ort.czi,old,pomc,upper
399,79.0,82.17721518987342,6492.0,B482_ARC _B3_slice6-Ort.czi,old,pomc,upper
400,45.0,66.37777777777778,2987.0,B482_ARC _B3_slice6-Ort.czi,old,pomc,upper
401,50.0,75.8,3790.0,B482_ARC _B3_slice6-Ort.czi,old,pomc,upper
402,7.0,77.85714285714286,545.0,B482_ARC _B3_slice6-Ort.czi,old,pomc,upper
403,33.0,83.18181818181819,2745.0,B482_ARC _B3_slice6-Ort.czi,old,pomc,upper
404,1.0,95.0,95.0,B482_ARC _B3_slice6-Ort.czi,old,pomc,upper
405,8.0,96.25,770.0,B482_ARC _B3_slice6-Ort.czi,old,pomc,upper
406,14.0,68.28571428571429,956.0000000000001,B482_ARC _B3_slice6-Ort.czi,old,pomc,upper
407,2.0,53.5,107.0,B482_ARC _B3_slice6-Ort.czi,old,pomc,upper
408,9.0,77.0,693.0,B482_ARC _B3_slice6-Ort.czi,old,pomc,upper
409,7.0,114.28571428571429,800.0,B482_ARC _B3_slice6-Ort.czi,old,pomc,upper
410,2.0,71.0,142.0,B482_ARC _B3_slice6-Ort.czi,old,pomc,upper
411,7.0,75.0,525.0,B482_ARC _B3_slice6-Ort.czi,old,pomc,upper
412,25.0,92.16,2304.0,B482_ARC _B3_slice6-Ort.czi,old,pomc,upper
413,17.0,82.47058823529412,1402.0,B482_ARC _B3_slice6-Ort.czi,old,pomc,upper
414,38.0,109.5,4161.0,B482_ARC _B3_slice6-Ort.czi,old,pomc,upper
415,1.0,94.0,94.0,B482_ARC _B3_slice6-Ort.czi,old,pomc,upper
416,2.0,42.0,84.0,B482_ARC _B3_slice6-Ort.czi,old,pomc,upper
417,15.0,87.53333333333333,1313.0,B482_ARC _B3_slice6-Ort.czi,old,pomc,upper
418,47.0,77.40425531914893,3637.9999999999995,B482_ARC _B3_slice6-Ort.czi,old,pomc,upper
419,28.0,93.32142857142857,2613.0,B482_ARC _B3_slice6-Ort.czi,old,pomc,upper
420,6.0,171.5,1029.0,B482_ARC _B3_slice6-Ort.czi,old,pomc,upper
421,115.0,81.4,9361.0,B482_ARC _B3_slice6-Ort.czi,old,pomc,upper
422,12.0,58.0,696.0,B482_ARC _B3_slice6-Ort.czi,old,pomc,upper
423,6.0,76.0,456.0,B482_ARC _B3_slice6-Ort.czi,old,pomc,upper
424,80.0,81.525,6522.0,B482_ARC _B3_slice6-Ort.czi,old,pomc,upper
425,1.0,84.0,84.0,B482_ARC _B3_slice6-Ort.czi,old,pomc,upper
426,148.0,75.45945945945945,11167.999999999998,B482_ARC _B3_slice6-Ort.czi,old,pomc,upper
427,29.0,88.96551724137932,2580.0,B482_ARC _B3_slice6-Ort.czi,old,pomc,upper
428,13.0,51.76923076923077,673.0,B482_ARC _B3_slice6-Ort.czi,old,pomc,upper
429,21.0,92.80952380952381,1949.0,B482_ARC _B3_slice6-Ort.czi,old,pomc,upper
430,16.0,105.8125,1693.0,B482_ARC _B3_slice6-Ort.czi,old,pomc,upper
431,2.0,62.0,124.0,B482_ARC _B3_slice6-Ort.czi,old,pomc,upper
432,4.0,92.5,370.0,B482_ARC _B3_slice6-Ort.czi,old,pomc,upper
433,12.0,93.16666666666667,1118.0,B482_ARC _B3_slice6-Ort.czi,old,pomc,upper
434,32.0,82.375,2636.0,B482_ARC _B3_slice6-Ort.czi,old,pomc,upper
435,42.0,68.85714285714286,2892.0,B482_ARC _B3_slice6-Ort.czi,old,pomc,upper
436,9.0,79.88888888888889,719.0,B482_ARC _B3_slice6-Ort.czi,old,pomc,upper
437,5.0,83.6,418.0,B482_ARC _B3_slice6-Ort.czi,old,pomc,upper
438,16.0,94.1875,1507.0,B482_ARC _B3_slice6-Ort.czi,old,pomc,upper
439,25.0,74.44,1861.0,B482_ARC _B3_slice6-Ort.czi,old,pomc,upper
440,1.0,64.0,64.0,B482_ARC _B3_slice6-Ort.czi,old,pomc,upper
441,19.0,81.0,1539.0,B482_ARC _B3_slice6-Ort.czi,old,pomc,upper
442,58.0,84.36206896551724,4893.0,B482_ARC _B3_slice6-Ort.czi,old,pomc,upper
443,1.0,82.0,82.0,B482_ARC _B3_slice6-Ort.czi,old,pomc,upper
444,25.0,91.8,2295.0,B482_ARC _B3_slice6-Ort.czi,old,pomc,upper
445,15.0,90.86666666666666,1363.0,B482_ARC _B3_slice6-Ort.czi,old,pomc,upper
446,100.0,83.13,8313.0,B482_ARC _B3_slice6-Ort.czi,old,pomc,upper
447,70.0,100.57142857142857,7040.0,B482_ARC _B3_slice6-Ort.czi,old,pomc,upper
448,30.0,81.46666666666667,2444.0,B482_ARC _B3_slice6-Ort.czi,old,pomc,upper
449,35.0,83.65714285714286,2928.0,B482_ARC _B3_slice6-Ort.czi,old,pomc,upper
450,21.0,66.14285714285714,1389.0,B482_ARC _B3_slice6-Ort.czi,old,pomc,upper
451,27.0,69.96296296296296,1889.0,B482_ARC _B3_slice6-Ort.czi,old,pomc,upper
452,30.0,83.86666666666666,2516.0,B482_ARC _B3_slice6-Ort.czi,old,pomc,upper
453,10.0,85.0,850.0,B482_ARC _B3_slice6-Ort.czi,old,pomc,upper
454,18.0,74.05555555555556,1333.0,B482_ARC _B3_slice6-Ort.czi,old,pomc,upper
455,1.0,48.0,48.0,B482_ARC _B3_slice6-Ort.czi,old,pomc,upper
456,2.0,55.5,111.0,B482_ARC _B3_slice6-Ort.czi,old,pomc,upper
457,37.0,88.21621621621621,3264.0,B482_ARC _B3_slice6-Ort.czi,old,pomc,upper
458,2.0,66.0,132.0,B482_ARC _B3_slice6-Ort.czi,old,pomc,upper
459,4.0,71.25,285.0,B482_ARC _B3_slice6-Ort.czi,old,pomc,upper
460,1.0,109.0,109.0,B482_ARC _B3_slice6-Ort.czi,old,pomc,upper
461,68.0,81.22058823529412,5523.0,B482_ARC _B3_slice6-Ort.czi,old,pomc,upper
462,62.0,76.19354838709677,4724.0,B482_ARC _B3_slice6-Ort.czi,old,pomc,upper
463,143.0,76.58041958041959,10951.000000000002,B482_ARC _B3_slice6-Ort.czi,old,pomc,upper
464,60.0,81.88333333333334,4913.0,B482_ARC _B3_slice6-Ort.czi,old,pomc,upper
465,154.0,79.34415584415585,12219.0,B482_ARC _B3_slice6-Ort.czi,old,pomc,upper
466,43.0,70.88372093023256,3048.0,B482_ARC _B3_slice6-Ort.czi,old,pomc,upper
467,102.0,73.87254901960785,7535.0,B482_ARC _B3_slice6-Ort.czi,old,pomc,upper
468,11.0,89.18181818181819,981.0,B482_ARC _B3_slice6-Ort.czi,old,pomc,upper
469,211.0,74.52132701421802,15724.000000000002,B482_ARC _B3_slice6-Ort.czi,old,pomc,upper
470,8.0,73.125,585.0,B482_ARC _B3_slice6-Ort.czi,old,pomc,upper
471,6.0,70.83333333333333,425.0,B482_ARC _B3_slice6-Ort.czi,old,pomc,upper
472,13.0,70.61538461538461,918.0,B482_ARC _B3_slice6-Ort.czi,old,pomc,upper
473,568.0,71.00528169014085,40331.0,B482_ARC _B3_slice6-Ort.czi,old,pomc,upper
474,16.0,65.8125,1053.0,B482_ARC _B3_slice6-Ort.czi,old,pomc,upper
475,10.0,81.4,814.0,B482_ARC _B3_slice6-Ort.czi,old,pomc,upper
476,35.0,91.94285714285714,3217.9999999999995,B482_ARC _B3_slice6-Ort.czi,old,pomc,upper
477,55.0,72.45454545454545,3985.0,B482_ARC _B3_slice6-Ort.czi,old,pomc,upper
478,35.0,82.88571428571429,2901.0,B482_ARC _B3_slice6-Ort.czi,old,pomc,upper
479,58.0,88.60344827586206,5139.0,B482_ARC _B3_slice6-Ort.czi,old,pomc,upper
480,1.0,69.0,69.0,B482_ARC _B3_slice6-Ort.czi,old,pomc,upper
481,13.0,103.84615384615384,1350.0,B482_ARC _B3_slice6-Ort.czi,old,pomc,upper
482,7.0,56.714285714285715,397.0,B482_ARC _B3_slice6-Ort.czi,old,pomc,upper
483,16.0,79.125,1266.0,B482_ARC _B3_slice6-Ort.czi,old,pomc,upper
484,47.0,77.34042553191489,3635.0,B482_ARC _B3_slice6-Ort.czi,old,pomc,upper
485,37.0,72.91891891891892,2698.0,B482_ARC _B3_slice6-Ort.czi,old,pomc,upper
486,58.0,93.17241379310344,5404.0,B482_ARC _B3_slice6-Ort.czi,old,pomc,upper
487,1.0,105.0,105.0,B482_ARC _B3_slice6-Ort.czi,old,pomc,upper
488,21.0,69.38095238095238,1457.0,B482_ARC _B3_slice6-Ort.czi,old,pomc,upper
489,26.0,104.57692307692308,2719.0,B482_ARC _B3_slice6-Ort.czi,old,pomc,upper
490,35.0,78.57142857142857,2750.0,B482_ARC _B3_slice6-Ort.czi,old,pomc,upper
491,58.0,67.22413793103448,3898.9999999999995,B482_ARC _B3_slice6-Ort.czi,old,pomc,upper
492,1.0,40.0,40.0,B482_ARC _B3_slice6-Ort.czi,old,pomc,upper
493,7.0,68.14285714285714,477.0,B482_ARC _B3_slice6-Ort.czi,old,pomc,upper
494,1.0,12.0,12.0,B482_ARC _B3_slice6-Ort.czi,old,pomc,upper
495,11.0,59.54545454545455,655.0,B482_ARC _B3_slice6-Ort.czi,old,pomc,upper
496,1.0,73.0,73.0,B482_ARC _B3_slice6-Ort.czi,old,pomc,upper
497,68.0,66.6029411764706,4529.0,B482_ARC _B3_slice6-Ort.czi,old,pomc,upper
498,18.0,92.83333333333333,1671.0,B482_ARC _B3_slice6-Ort.czi,old,pomc,upper
499,49.0,93.87755102040816,4600.0,B482_ARC _B3_slice6-Ort.czi,old,pomc,upper
500,144.0,69.72916666666667,10041.0,B482_ARC _B3_slice6-Ort.czi,old,pomc,upper
501,7.0,79.0,553.0,B482_ARC _B3_slice6-Ort.czi,old,pomc,upper
502,34.0,65.76470588235294,2236.0,B482_ARC _B3_slice6-Ort.czi,old,pomc,upper
503,5.0,133.8,669.0,B482_ARC _B3_slice6-Ort.czi,old,pomc,upper
504,2.0,63.5,127.0,B482_ARC _B3_slice6-Ort.czi,old,pomc,upper
505,41.0,84.97560975609755,3483.9999999999995,B482_ARC _B3_slice6-Ort.czi,old,pomc,upper
506,44.0,79.63636363636364,3504.0,B482_ARC _B3_slice6-Ort.czi,old,pomc,upper
507,40.0,77.35,3094.0,B482_ARC _B3_slice6-Ort.czi,old,pomc,upper
508,52.0,113.90384615384616,5923.0,B482_ARC _B3_slice6-Ort.czi,old,pomc,upper
509,111.0,78.1891891891892,8679.0,B482_ARC _B3_slice6-Ort.czi,old,pomc,upper
510,35.0,68.68571428571428,2404.0,B482_ARC _B3_slice6-Ort.czi,old,pomc,upper
511,23.0,73.73913043478261,1696.0,B482_ARC _B3_slice6-Ort.czi,old,pomc,upper
512,54.0,80.37037037037037,4340.0,B482_ARC _B3_slice6-Ort.czi,old,pomc,upper
513,42.0,66.69047619047619,2801.0,B482_ARC _B3_slice6-Ort.czi,old,pomc,upper
514,50.0,83.1,4155.0,B482_ARC _B3_slice6-Ort.czi,old,pomc,upper
515,42.0,83.38095238095238,3502.0,B482_ARC _B3_slice6-Ort.czi,old,pomc,upper
516,27.0,70.22222222222223,1896.0000000000002,B482_ARC _B3_slice6-Ort.czi,old,pomc,upper
517,15.0,61.733333333333334,926.0,B482_ARC _B3_slice6-Ort.czi,old,pomc,upper
518,79.0,73.22784810126582,5785.0,B482_ARC _B3_slice6-Ort.czi,old,pomc,upper
519,72.0,71.02777777777777,5114.0,B482_ARC _B3_slice6-Ort.czi,old,pomc,upper
520,4.0,70.25,281.0,B482_ARC _B3_slice6-Ort.czi,old,pomc,upper
521,54.0,79.53703703703704,4295.0,B482_ARC _B3_slice6-Ort.czi,old,pomc,upper
522,8.0,80.375,643.0,B482_ARC _B3_slice6-Ort.czi,old,pomc,upper
523,14.0,61.42857142857143,860.0,B482_ARC _B3_slice6-Ort.czi,old,pomc,upper
524,226.0,81.0,18306.0,B482_ARC _B3_slice6-Ort.czi,old,pomc,upper
525,15.0,57.86666666666667,868.0,B482_ARC _B3_slice6-Ort.czi,old,pomc,upper
526,31.0,63.064516129032256,1955.0,B482_ARC _B3_slice6-Ort.czi,old,pomc,upper
527,8.0,76.75,614.0,B482_ARC _B3_slice6-Ort.czi,old,pomc,upper
528,9.0,84.44444444444444,760.0,B482_ARC _B3_slice6-Ort.czi,old,pomc,upper
529,43.0,77.62790697674419,3338.0,B482_ARC _B3_slice6-Ort.czi,old,pomc,upper
530,47.0,89.85106382978724,4223.0,B482_ARC _B3_slice6-Ort.czi,old,pomc,upper
531,3.0,92.66666666666667,278.0,B482_ARC _B3_slice6-Ort.czi,old,pomc,upper
532,68.0,82.1029411764706,5583.0,B482_ARC _B3_slice6-Ort.czi,old,pomc,upper
533,8.0,80.0,640.0,B482_ARC _B3_slice6-Ort.czi,old,pomc,upper
534,9.0,61.333333333333336,552.0,B482_ARC _B3_slice6-Ort.czi,old,pomc,upper
535,48.0,79.52083333333333,3817.0,B482_ARC _B3_slice6-Ort.czi,old,pomc,upper
536,17.0,81.17647058823529,1380.0,B482_ARC _B3_slice6-Ort.czi,old,pomc,upper
537,25.0,109.12,2728.0,B482_ARC _B3_slice6-Ort.czi,old,pomc,upper
538,29.0,69.79310344827586,2023.9999999999998,B482_ARC _B3_slice6-Ort.czi,old,pomc,upper
539,15.0,76.8,1152.0,B482_ARC _B3_slice6-Ort.czi,old,pomc,upper
540,21.0,71.66666666666667,1505.0,B482_ARC _B3_slice6-Ort.czi,old,pomc,upper
541,35.0,101.57142857142857,3555.0,B482_ARC _B3_slice6-Ort.czi,old,pomc,upper
542,5.0,124.8,624.0,B482_ARC _B3_slice6-Ort.czi,old,pomc,upper
543,20.0,78.1,1562.0,B482_ARC _B3_slice6-Ort.czi,old,pomc,upper
544,16.0,69.4375,1111.0,B482_ARC _B3_slice6-Ort.czi,old,pomc,upper
545,31.0,72.3225806451613,2242.0,B482_ARC _B3_slice6-Ort.czi,old,pomc,upper
546,28.0,86.71428571428571,2428.0,B482_ARC _B3_slice6-Ort.czi,old,pomc,upper
547,1.0,56.0,56.0,B482_ARC _B3_slice6-Ort.czi,old,pomc,upper
548,39.0,102.02564102564102,3979.0,B482_ARC _B3_slice6-Ort.czi,old,pomc,upper
549,12.0,94.08333333333333,1129.0,B482_ARC _B3_slice6-Ort.czi,old,pomc,upper
550,8.0,63.625,509.0,B482_ARC _B3_slice6-Ort.czi,old,pomc,upper
551,55.0,64.67272727272727,3557.0,B482_ARC _B3_slice6-Ort.czi,old,pomc,upper
552,4.0,63.0,252.0,B482_ARC _B3_slice6-Ort.czi,old,pomc,upper
553,80.0,98.3875,7871.0,B482_ARC _B3_slice6-Ort.czi,old,pomc,upper
554,26.0,80.38461538461539,2090.0,B482_ARC _B3_slice6-Ort.czi,old,pomc,upper
555,39.0,103.71794871794872,4045.0,B482_ARC _B3_slice6-Ort.czi,old,pomc,upper
556,5.0,71.0,355.0,B482_ARC _B3_slice6-Ort.czi,old,pomc,upper
557,22.0,112.13636363636364,2467.0,B482_ARC _B3_slice6-Ort.czi,old,pomc,upper
558,74.0,66.41891891891892,4915.0,B482_ARC _B3_slice6-Ort.czi,old,pomc,upper
559,50.0,62.58,3129.0,B482_ARC _B3_slice6-Ort.czi,old,pomc,upper
560,4.0,71.75,287.0,B482_ARC _B3_slice6-Ort.czi,old,pomc,upper
561,13.0,77.46153846153847,1007.0000000000001,B482_ARC _B3_slice6-Ort.czi,old,pomc,upper
562,31.0,64.87096774193549,2011.0,B482_ARC _B3_slice6-Ort.czi,old,pomc,upper
563,84.0,75.9047619047619,6375.999999999999,B482_ARC _B3_slice6-Ort.czi,old,pomc,upper
564,10.0,111.0,1110.0,B482_ARC _B3_slice6-Ort.czi,old,pomc,upper
565,13.0,60.61538461538461,788.0,B482_ARC _B3_slice6-Ort.czi,old,pomc,upper
566,6.0,60.333333333333336,362.0,B482_ARC _B3_slice6-Ort.czi,old,pomc,upper
567,47.0,76.27659574468085,3585.0,B482_ARC _B3_slice6-Ort.czi,old,pomc,upper
568,220.0,79.30909090909091,17448.0,B482_ARC _B3_slice6-Ort.czi,old,pomc,upper
569,1.0,27.0,27.0,B482_ARC _B3_slice6-Ort.czi,old,pomc,upper
570,19.0,78.3157894736842,1488.0,B482_ARC _B3_slice6-Ort.czi,old,pomc,upper
571,45.0,94.86666666666666,4269.0,B482_ARC _B3_slice6-Ort.czi,old,pomc,upper
572,31.0,79.70967741935483,2471.0,B482_ARC _B3_slice6-Ort.czi,old,pomc,upper
573,6.0,105.0,630.0,B482_ARC _B3_slice6-Ort.czi,old,pomc,upper
574,65.0,94.86153846153846,6166.0,B482_ARC _B3_slice6-Ort.czi,old,pomc,upper
575,1.0,84.0,84.0,B482_ARC _B3_slice6-Ort.czi,old,pomc,upper
576,37.0,80.27027027027027,2970.0,B482_ARC _B3_slice6-Ort.czi,old,pomc,upper
577,1.0,48.0,48.0,B482_ARC _B3_slice6-Ort.czi,old,pomc,upper
578,77.0,85.64935064935065,6595.0,B482_ARC _B3_slice6-Ort.czi,old,pomc,upper
579,22.0,66.0,1452.0,B482_ARC _B3_slice6-Ort.czi,old,pomc,upper
580,23.0,67.30434782608695,1548.0,B482_ARC _B3_slice6-Ort.czi,old,pomc,upper
581,6.0,88.83333333333333,533.0,B482_ARC _B3_slice6-Ort.czi,old,pomc,upper
582,1.0,44.0,44.0,B482_ARC _B3_slice6-Ort.czi,old,pomc,upper
583,28.0,77.5,2170.0,B482_ARC _B3_slice6-Ort.czi,old,pomc,upper
584,18.0,103.33333333333333,1860.0,B482_ARC _B3_slice6-Ort.czi,old,pomc,upper
585,17.0,62.94117647058823,1070.0,B482_ARC _B3_slice6-Ort.czi,old,pomc,upper
586,19.0,90.3157894736842,1716.0,B482_ARC _B3_slice6-Ort.czi,old,pomc,upper
587,7.0,69.57142857142857,487.0,B482_ARC _B3_slice6-Ort.czi,old,pomc,upper
588,27.0,87.11111111111111,2352.0,B482_ARC _B3_slice6-Ort.czi,old,pomc,upper
589,36.0,80.36111111111111,2893.0,B482_ARC _B3_slice6-Ort.czi,old,pomc,upper
590,81.0,72.08641975308642,5839.0,B482_ARC _B3_slice6-Ort.czi,old,pomc,upper
591,16.0,109.8125,1757.0,B482_ARC _B3_slice6-Ort.czi,old,pomc,upper
592,7.0,74.28571428571429,520.0,B482_ARC _B3_slice6-Ort.czi,old,pomc,upper
593,1.0,120.0,120.0,B482_ARC _B3_slice6-Ort.czi,old,pomc,upper
594,8.0,82.875,663.0,B482_ARC _B3_slice6-Ort.czi,old,pomc,upper
595,94.0,64.29787234042553,6044.0,B482_ARC _B3_slice6-Ort.czi,old,pomc,upper
596,67.0,84.91044776119404,5689.0,B482_ARC _B3_slice6-Ort.czi,old,pomc,upper
597,64.0,68.203125,4365.0,B482_ARC _B3_slice6-Ort.czi,old,pomc,upper
598,1.0,55.0,55.0,B482_ARC _B3_slice6-Ort.czi,old,pomc,upper
599,20.0,62.0,1240.0,B482_ARC _B3_slice6-Ort.czi,old,pomc,upper
600,1.0,45.0,45.0,B482_ARC _B3_slice6-Ort.czi,old,pomc,upper
601,95.0,82.72631578947369,7859.0,B482_ARC _B3_slice6-Ort.czi,old,pomc,upper
602,1.0,25.0,25.0,B482_ARC _B3_slice6-Ort.czi,old,pomc,upper
603,30.0,86.5,2595.0,B482_ARC _B3_slice6-Ort.czi,old,pomc,upper
604,4.0,50.75,203.0,B482_ARC _B3_slice6-Ort.czi,old,pomc,upper
605,134.0,79.56716417910448,10662.0,B482_ARC _B3_slice6-Ort.czi,old,pomc,upper
606,87.0,70.03448275862068,6092.999999999999,B482_ARC _B3_slice6-Ort.czi,old,pomc,upper
607,35.0,99.74285714285715,3491.0,B482_ARC _B3_slice6-Ort.czi,old,pomc,upper
608,111.0,69.57657657657657,7722.999999999999,B482_ARC _B3_slice6-Ort.czi,old,pomc,upper
609,5.0,83.8,419.0,B482_ARC _B3_slice6-Ort.czi,old,pomc,upper
610,74.0,63.229729729729726,4679.0,B482_ARC _B3_slice6-Ort.czi,old,pomc,upper
611,46.0,83.8913043478261,3859.0000000000005,B482_ARC _B3_slice6-Ort.czi,old,pomc,upper
612,36.0,68.72222222222223,2474.0,B482_ARC _B3_slice6-Ort.czi,old,pomc,upper
613,5.0,90.8,454.0,B482_ARC _B3_slice6-Ort.czi,old,pomc,upper
614,24.0,77.83333333333333,1868.0,B482_ARC _B3_slice6-Ort.czi,old,pomc,upper
615,4.0,49.0,196.0,B482_ARC _B3_slice6-Ort.czi,old,pomc,upper
616,3.0,75.0,225.0,B482_ARC _B3_slice6-Ort.czi,old,pomc,upper
617,1.0,99.0,99.0,B482_ARC _B3_slice6-Ort.czi,old,pomc,upper
618,19.0,81.94736842105263,1557.0,B482_ARC _B3_slice6-Ort.czi,old,pomc,upper
619,25.0,66.44,1661.0,B482_ARC _B3_slice6-Ort.czi,old,pomc,upper
620,26.0,84.92307692307692,2208.0,B482_ARC _B3_slice6-Ort.czi,old,pomc,upper
621,19.0,59.21052631578947,1125.0,B482_ARC _B3_slice6-Ort.czi,old,pomc,upper
622,27.0,78.0,2106.0,B482_ARC _B3_slice6-Ort.czi,old,pomc,upper
623,51.0,71.92156862745098,3668.0,B482_ARC _B3_slice6-Ort.czi,old,pomc,upper
624,6.0,87.16666666666667,523.0,B482_ARC _B3_slice6-Ort.czi,old,pomc,upper
625,25.0,65.64,1641.0,B482_ARC _B3_slice6-Ort.czi,old,pomc,upper
626,2.0,47.0,94.0,B482_ARC _B3_slice6-Ort.czi,old,pomc,upper
627,1.0,59.0,59.0,B482_ARC _B3_slice6-Ort.czi,old,pomc,upper
628,21.0,81.14285714285714,1704.0,B482_ARC _B3_slice6-Ort.czi,old,pomc,upper
629,61.0,74.26229508196721,4530.0,B482_ARC _B3_slice6-Ort.czi,old,pomc,upper
630,18.0,90.22222222222223,1624.0,B482_ARC _B3_slice6-Ort.czi,old,pomc,upper
631,17.0,63.0,1071.0,B482_ARC _B3_slice6-Ort.czi,old,pomc,upper
632,78.0,72.43589743589743,5650.0,B482_ARC _B3_slice6-Ort.czi,old,pomc,upper
633,193.0,77.16580310880829,14893.0,B482_ARC _B3_slice6-Ort.czi,old,pomc,upper
634,31.0,78.58064516129032,2436.0,B482_ARC _B3_slice6-Ort.czi,old,pomc,upper
635,18.0,76.88888888888889,1384.0,B482_ARC _B3_slice6-Ort.czi,old,pomc,upper
636,20.0,85.4,1708.0,B482_ARC _B3_slice6-Ort.czi,old,pomc,upper
637,123.0,68.1869918699187,8387.0,B482_ARC _B3_slice6-Ort.czi,old,pomc,upper
638,1.0,71.0,71.0,B482_ARC _B3_slice6-Ort.czi,old,pomc,upper
639,19.0,75.89473684210526,1442.0,B482_ARC _B3_slice6-Ort.czi,old,pomc,upper
640,3.0,96.0,288.0,B482_ARC _B3_slice6-Ort.czi,old,pomc,upper
641,57.0,76.59649122807018,4366.0,B482_ARC _B3_slice6-Ort.czi,old,pomc,upper
642,13.0,62.92307692307692,818.0,B482_ARC _B3_slice6-Ort.czi,old,pomc,upper
643,62.0,66.64516129032258,4132.0,B482_ARC _B3_slice6-Ort.czi,old,pomc,upper
644,39.0,75.74358974358974,2953.9999999999995,B482_ARC _B3_slice6-Ort.czi,old,pomc,upper
645,16.0,58.125,930.0,B482_ARC _B3_slice6-Ort.czi,old,pomc,upper
646,66.0,78.48484848484848,5180.0,B482_ARC _B3_slice6-Ort.czi,old,pomc,upper
647,42.0,118.97619047619048,4997.0,B482_ARC _B3_slice6-Ort.czi,old,pomc,upper
648,16.0,82.3125,1317.0,B482_ARC _B3_slice6-Ort.czi,old,pomc,upper
649,46.0,81.58695652173913,3753.0,B482_ARC _B3_slice6-Ort.czi,old,pomc,upper
650,32.0,108.96875,3487.0,B482_ARC _B3_slice6-Ort.czi,old,pomc,upper
651,17.0,76.23529411764706,1296.0,B482_ARC _B3_slice6-Ort.czi,old,pomc,upper
652,4.0,109.0,436.0,B482_ARC _B3_slice6-Ort.czi,old,pomc,upper
653,18.0,82.38888888888889,1483.0,B482_ARC _B3_slice6-Ort.czi,old,pomc,upper
654,15.0,89.8,1347.0,B482_ARC _B3_slice6-Ort.czi,old,pomc,upper
655,33.0,100.03030303030303,3301.0,B482_ARC _B3_slice6-Ort.czi,old,pomc,upper
656,14.0,75.35714285714286,1055.0,B482_ARC _B3_slice6-Ort.czi,old,pomc,upper
657,26.0,78.46153846153847,2040.0000000000002,B482_ARC _B3_slice6-Ort.czi,old,pomc,upper
658,14.0,103.0,1442.0,B482_ARC _B3_slice6-Ort.czi,old,pomc,upper
659,20.0,78.1,1562.0,B482_ARC _B3_slice6-Ort.czi,old,pomc,upper
660,1.0,41.0,41.0,B482_ARC _B3_slice6-Ort.czi,old,pomc,upper
661,10.0,148.2,1482.0,B482_ARC _B3_slice6-Ort.czi,old,pomc,upper
662,114.0,77.14035087719299,8794.0,B482_ARC _B3_slice6-Ort.czi,old,pomc,upper
663,22.0,75.5909090909091,1663.0,B482_ARC _B3_slice6-Ort.czi,old,pomc,upper
664,13.0,73.07692307692308,950.0,B482_ARC _B3_slice6-Ort.czi,old,pomc,upper
665,116.0,85.10344827586206,9872.0,B482_ARC _B3_slice6-Ort.czi,old,pomc,upper
666,139.0,79.90647482014388,11107.0,B482_ARC _B3_slice6-Ort.czi,old,pomc,upper
667,30.0,72.0,2160.0,B482_ARC _B3_slice6-Ort.czi,old,pomc,upper
668,83.0,76.6144578313253,6359.0,B482_ARC _B3_slice6-Ort.czi,old,pomc,upper
669,12.0,72.33333333333333,868.0,B482_ARC _B3_slice6-Ort.czi,old,pomc,upper
670,11.0,90.0909090909091,991.0,B482_ARC _B3_slice6-Ort.czi,old,pomc,upper
671,4.0,205.25,821.0,B482_ARC _B3_slice6-Ort.czi,old,pomc,upper
672,23.0,70.3913043478261,1619.0000000000002,B482_ARC _B3_slice6-Ort.czi,old,pomc,upper
673,31.0,68.54838709677419,2125.0,B482_ARC _B3_slice6-Ort.czi,old,pomc,upper
674,36.0,109.91666666666667,3957.0,B482_ARC _B3_slice6-Ort.czi,old,pomc,upper
675,49.0,64.36734693877551,3154.0,B482_ARC _B3_slice6-Ort.czi,old,pomc,upper
676,8.0,80.375,643.0,B482_ARC _B3_slice6-Ort.czi,old,pomc,upper
677,1.0,137.0,137.0,B482_ARC _B3_slice6-Ort.czi,old,pomc,upper
678,30.0,71.9,2157.0,B482_ARC _B3_slice6-Ort.czi,old,pomc,upper
679,105.0,77.53333333333333,8141.0,B482_ARC _B3_slice6-Ort.czi,old,pomc,upper
680,40.0,88.375,3535.0,B482_ARC _B3_slice6-Ort.czi,old,pomc,upper
681,25.0,83.48,2087.0,B482_ARC _B3_slice6-Ort.czi,old,pomc,upper
682,49.0,72.51020408163265,3553.0,B482_ARC _B3_slice6-Ort.czi,old,pomc,upper
683,44.0,82.86363636363636,3646.0,B482_ARC _B3_slice6-Ort.czi,old,pomc,upper
684,1.0,90.0,90.0,B482_ARC _B3_slice6-Ort.czi,old,pomc,upper
685,39.0,77.23076923076923,3012.0,B482_ARC _B3_slice6-Ort.czi,old,pomc,upper
686,21.0,90.0952380952381,1892.0000000000002,B482_ARC _B3_slice6-Ort.czi,old,pomc,upper
687,12.0,93.0,1116.0,B482_ARC _B3_slice6-Ort.czi,old,pomc,upper
688,12.0,80.33333333333333,964.0,B482_ARC _B3_slice6-Ort.czi,old,pomc,upper
689,13.0,79.84615384615384,1038.0,B482_ARC _B3_slice6-Ort.czi,old,pomc,upper
690,4.0,161.5,646.0,B482_ARC _B3_slice6-Ort.czi,old,pomc,upper
691,26.0,73.88461538461539,1921.0,B482_ARC _B3_slice6-Ort.czi,old,pomc,upper
692,17.0,71.6470588235294,1218.0,B482_ARC _B3_slice6-Ort.czi,old,pomc,upper
693,29.0,81.17241379310344,2354.0,B482_ARC _B3_slice6-Ort.czi,old,pomc,upper
694,9.0,64.22222222222223,578.0,B482_ARC _B3_slice6-Ort.czi,old,pomc,upper
695,4.0,56.5,226.0,B482_ARC _B3_slice6-Ort.czi,old,pomc,upper
696,2.0,116.0,232.0,B482_ARC _B3_slice6-Ort.czi,old,pomc,upper
697,2.0,47.5,95.0,B482_ARC _B3_slice6-Ort.czi,old,pomc,upper
698,86.0,74.31395348837209,6391.0,B482_ARC _B3_slice6-Ort.czi,old,pomc,upper
699,27.0,79.18518518518519,2138.0,B482_ARC _B3_slice6-Ort.czi,old,pomc,upper
700,87.0,78.20689655172414,6804.0,B482_ARC _B3_slice6-Ort.czi,old,pomc,upper
701,34.0,78.44117647058823,2667.0,B482_ARC _B3_slice6-Ort.czi,old,pomc,upper
702,86.0,68.5,5891.0,B482_ARC _B3_slice6-Ort.czi,old,pomc,upper
703,60.0,68.16666666666667,4090.0000000000005,B482_ARC _B3_slice6-Ort.czi,old,pomc,upper
704,31.0,80.54838709677419,2497.0,B482_ARC _B3_slice6-Ort.czi,old,pomc,upper
705,1.0,75.0,75.0,B482_ARC _B3_slice6-Ort.czi,old,pomc,upper
706,25.0,75.24,1880.9999999999998,B482_ARC _B3_slice6-Ort.czi,old,pomc,upper
707,16.0,63.375,1014.0,B482_ARC _B3_slice6-Ort.czi,old,pomc,upper
708,19.0,85.42105263157895,1623.0,B482_ARC _B3_slice6-Ort.czi,old,pomc,upper
709,6.0,81.83333333333333,491.0,B482_ARC _B3_slice6-Ort.czi,old,pomc,upper
710,1.0,40.0,40.0,B482_ARC _B3_slice6-Ort.czi,old,pomc,upper
711,87.0,84.10344827586206,7317.0,B482_ARC _B3_slice6-Ort.czi,old,pomc,upper
712,13.0,108.6923076923077,1413.0,B482_ARC _B3_slice6-Ort.czi,old,pomc,upper
713,11.0,58.09090909090909,639.0,B482_ARC _B3_slice6-Ort.czi,old,pomc,upper
714,1.0,62.0,62.0,B482_ARC _B3_slice6-Ort.czi,old,pomc,upper
715,9.0,74.77777777777777,673.0,B482_ARC _B3_slice6-Ort.czi,old,pomc,upper
716,85.0,76.7764705882353,6526.0,B482_ARC _B3_slice6-Ort.czi,old,pomc,upper
717,43.0,79.02325581395348,3398.0,B482_ARC _B3_slice6-Ort.czi,old,pomc,upper
718,70.0,65.22857142857143,4566.0,B482_ARC _B3_slice6-Ort.czi,old,pomc,upper
719,1.0,63.0,63.0,B482_ARC _B3_slice6-Ort.czi,old,pomc,upper
720,134.0,75.86567164179104,10166.0,B482_ARC _B3_slice6-Ort.czi,old,pomc,upper
721,1.0,47.0,47.0,B482_ARC _B3_slice6-Ort.czi,old,pomc,upper
722,19.0,109.36842105263158,2078.0,B482_ARC _B3_slice6-Ort.czi,old,pomc,upper
723,50.0,74.92,3746.0,B482_ARC _B3_slice6-Ort.czi,old,pomc,upper
724,23.0,93.04347826086956,2140.0,B482_ARC _B3_slice6-Ort.czi,old,pomc,upper
725,157.0,63.038216560509554,9897.0,B482_ARC _B3_slice6-Ort.czi,old,pomc,upper
726,2.0,45.0,90.0,B482_ARC _B3_slice6-Ort.czi,old,pomc,upper
727,21.0,57.714285714285715,1212.0,B482_ARC _B3_slice6-Ort.czi,old,pomc,upper
728,17.0,64.88235294117646,1103.0,B482_ARC _B3_slice6-Ort.czi,old,pomc,upper
729,82.0,74.39024390243902,6100.0,B482_ARC _B3_slice6-Ort.czi,old,pomc,upper
730,72.0,91.59722222222223,6595.0,B482_ARC _B3_slice6-Ort.czi,old,pomc,upper
731,124.0,78.39516129032258,9721.0,B482_ARC _B3_slice6-Ort.czi,old,pomc,upper
732,51.0,73.96078431372548,3771.9999999999995,B482_ARC _B3_slice6-Ort.czi,old,pomc,upper
733,11.0,75.45454545454545,830.0,B482_ARC _B3_slice6-Ort.czi,old,pomc,upper
734,23.0,74.3913043478261,1711.0000000000002,B482_ARC _B3_slice6-Ort.czi,old,pomc,upper
735,29.0,54.793103448275865,1589.0,B482_ARC _B3_slice6-Ort.czi,old,pomc,upper
736,114.0,70.17543859649123,8000.000000000001,B482_ARC _B3_slice6-Ort.czi,old,pomc,upper
737,38.0,80.97368421052632,3077.0,B482_ARC _B3_slice6-Ort.czi,old,pomc,upper
738,93.0,78.72043010752688,7321.0,B482_ARC _B3_slice6-Ort.czi,old,pomc,upper
739,71.0,69.61971830985915,4943.0,B482_ARC _B3_slice6-Ort.czi,old,pomc,upper
740,49.0,62.89795918367347,3082.0,B482_ARC _B3_slice6-Ort.czi,old,pomc,upper
741,21.0,99.52380952380952,2090.0,B482_ARC _B3_slice6-Ort.czi,old,pomc,upper
742,78.0,93.92307692307692,7326.0,B482_ARC _B3_slice6-Ort.czi,old,pomc,upper
743,14.0,86.42857142857143,1210.0,B482_ARC _B3_slice6-Ort.czi,old,pomc,upper
744,100.0,75.72,7572.0,B482_ARC _B3_slice6-Ort.czi,old,pomc,upper
745,95.0,65.28421052631579,6202.0,B482_ARC _B3_slice6-Ort.czi,old,pomc,upper
746,53.0,82.22641509433963,4358.0,B482_ARC _B3_slice6-Ort.czi,old,pomc,upper
747,29.0,81.0,2349.0,B482_ARC _B3_slice6-Ort.czi,old,pomc,upper
748,32.0,88.75,2840.0,B482_ARC _B3_slice6-Ort.czi,old,pomc,upper
749,91.0,77.58241758241758,7059.999999999999,B482_ARC _B3_slice6-Ort.czi,old,pomc,upper
750,167.0,71.38323353293413,11921.0,B482_ARC _B3_slice6-Ort.czi,old,pomc,upper
751,36.0,76.80555555555556,2765.0,B482_ARC _B3_slice6-Ort.czi,old,pomc,upper
752,50.0,67.54,3377.0000000000005,B482_ARC _B3_slice6-Ort.czi,old,pomc,upper
753,22.0,65.72727272727273,1446.0000000000002,B482_ARC _B3_slice6-Ort.czi,old,pomc,upper
754,4.0,64.25,257.0,B482_ARC _B3_slice6-Ort.czi,old,pomc,upper
755,37.0,106.32432432432432,3934.0,B482_ARC _B3_slice6-Ort.czi,old,pomc,upper
756,171.0,69.92397660818713,11957.0,B482_ARC _B3_slice6-Ort.czi,old,pomc,upper
757,24.0,68.5,1644.0,B482_ARC _B3_slice6-Ort.czi,old,pomc,upper
758,1.0,21.0,21.0,B482_ARC _B3_slice6-Ort.czi,old,pomc,upper
759,35.0,58.857142857142854,2060.0,B482_ARC _B3_slice6-Ort.czi,old,pomc,upper
760,47.0,83.34042553191489,3917.0,B482_ARC _B3_slice6-Ort.czi,old,pomc,upper
761,93.0,90.50537634408602,8417.0,B482_ARC _B3_slice6-Ort.czi,old,pomc,upper
762,80.0,68.1625,5453.0,B482_ARC _B3_slice6-Ort.czi,old,pomc,upper
763,8.0,81.5,652.0,B482_ARC _B3_slice6-Ort.czi,old,pomc,upper
764,2.0,57.0,114.0,B482_ARC _B3_slice6-Ort.czi,old,pomc,upper
765,1.0,46.0,46.0,B482_ARC _B3_slice6-Ort.czi,old,pomc,upper
766,20.0,85.0,1700.0,B482_ARC _B3_slice6-Ort.czi,old,pomc,upper
767,34.0,81.41176470588235,2768.0,B482_ARC _B3_slice6-Ort.czi,old,pomc,upper
768,39.0,82.48717948717949,3217.0,B482_ARC _B3_slice6-Ort.czi,old,pomc,upper
769,33.0,73.15151515151516,2414.0,B482_ARC _B3_slice6-Ort.czi,old,pomc,upper
770,16.0,87.0625,1393.0,B482_ARC _B3_slice6-Ort.czi,old,pomc,upper
771,1.0,48.0,48.0,B482_ARC _B3_slice6-Ort.czi,old,pomc,upper
772,1.0,63.0,63.0,B482_ARC _B3_slice6-Ort.czi,old,pomc,upper
773,21.0,70.80952380952381,1487.0,B482_ARC _B3_slice6-Ort.czi,old,pomc,upper
774,33.0,69.12121212121212,2281.0,B482_ARC _B3_slice6-Ort.czi,old,pomc,upper
775,65.0,73.76923076923077,4795.0,B482_ARC _B3_slice6-Ort.czi,old,pomc,upper
776,1.0,56.0,56.0,B482_ARC _B3_slice6-Ort.czi,old,pomc,upper
777,17.0,72.05882352941177,1225.0,B482_ARC _B3_slice6-Ort.czi,old,pomc,upper
778,17.0,98.11764705882354,1668.0,B482_ARC _B3_slice6-Ort.czi,old,pomc,upper
779,64.0,89.046875,5699.0,B482_ARC _B3_slice6-Ort.czi,old,pomc,upper
780,78.0,82.92307692307692,6468.0,B482_ARC _B3_slice6-Ort.czi,old,pomc,upper
781,92.0,76.30434782608695,7020.0,B482_ARC _B3_slice6-Ort.czi,old,pomc,upper
782,23.0,65.04347826086956,1496.0,B482_ARC _B3_slice6-Ort.czi,old,pomc,upper
783,34.0,61.029411764705884,2075.0,B482_ARC _B3_slice6-Ort.czi,old,pomc,upper
784,84.0,80.5952380952381,6770.000000000001,B482_ARC _B3_slice6-Ort.czi,old,pomc,upper
785,5.0,56.8,284.0,B482_ARC _B3_slice6-Ort.czi,old,pomc,upper
786,153.0,74.30065359477125,11368.000000000002,B482_ARC _B3_slice6-Ort.czi,old,pomc,upper
787,53.0,67.50943396226415,3578.0,B482_ARC _B3_slice6-Ort.czi,old,pomc,upper
788,76.0,68.59210526315789,5213.0,B482_ARC _B3_slice6-Ort.czi,old,pomc,upper
789,2.0,48.0,96.0,B482_ARC _B3_slice6-Ort.czi,old,pomc,upper
790,6.0,70.16666666666667,421.0,B482_ARC _B3_slice6-Ort.czi,old,pomc,upper
791,37.0,82.4054054054054,3049.0,B482_ARC _B3_slice6-Ort.czi,old,pomc,upper
792,54.0,85.37037037037037,4610.0,B482_ARC _B3_slice6-Ort.czi,old,pomc,upper
793,37.0,70.5945945945946,2612.0,B482_ARC _B3_slice6-Ort.czi,old,pomc,upper
794,65.0,77.76923076923077,5055.0,B482_ARC _B3_slice6-Ort.czi,old,pomc,upper
795,93.0,92.19354838709677,8574.0,B482_ARC _B3_slice6-Ort.czi,old,pomc,upper
796,60.0,72.51666666666667,4351.0,B482_ARC _B3_slice6-Ort.czi,old,pomc,upper
797,88.0,78.01136363636364,6865.0,B482_ARC _B3_slice6-Ort.czi,old,pomc,upper
798,50.0,87.5,4375.0,B482_ARC _B3_slice6-Ort.czi,old,pomc,upper
799,14.0,83.42857142857143,1168.0,B482_ARC _B3_slice6-Ort.czi,old,pomc,upper
800,51.0,74.7843137254902,3814.0,B482_ARC _B3_slice6-Ort.czi,old,pomc,upper
801,59.0,75.83050847457628,4474.0,B482_ARC _B3_slice6-Ort.czi,old,pomc,upper
802,27.0,92.62962962962963,2501.0,B482_ARC _B3_slice6-Ort.czi,old,pomc,upper
803,1.0,148.0,148.0,B482_ARC _B3_slice6-Ort.czi,old,pomc,upper
804,12.0,54.0,648.0,B482_ARC _B3_slice6-Ort.czi,old,pomc,upper
805,1.0,66.0,66.0,B482_ARC _B3_slice6-Ort.czi,old,pomc,upper
806,9.0,98.0,882.0,B482_ARC _B3_slice6-Ort.czi,old,pomc,upper
807,60.0,70.18333333333334,4211.0,B482_ARC _B3_slice6-Ort.czi,old,pomc,upper
808,37.0,74.54054054054055,2758.0000000000005,B482_ARC _B3_slice6-Ort.czi,old,pomc,upper
809,50.0,68.56,3428.0,B482_ARC _B3_slice6-Ort.czi,old,pomc,upper
810,84.0,73.57142857142857,6180.0,B482_ARC _B3_slice6-Ort.czi,old,pomc,upper
811,65.0,85.36923076923077,5549.0,B482_ARC _B3_slice6-Ort.czi,old,pomc,upper
812,31.0,72.93548387096774,2261.0,B482_ARC _B3_slice6-Ort.czi,old,pomc,upper
813,16.0,93.0,1488.0,B482_ARC _B3_slice6-Ort.czi,old,pomc,upper
814,38.0,100.94736842105263,3836.0,B482_ARC _B3_slice6-Ort.czi,old,pomc,upper
815,25.0,108.84,2721.0,B482_ARC _B3_slice6-Ort.czi,old,pomc,upper
816,13.0,79.6923076923077,1036.0,B482_ARC _B3_slice6-Ort.czi,old,pomc,upper
817,7.0,110.85714285714286,776.0,B482_ARC _B3_slice6-Ort.czi,old,pomc,upper
818,74.0,81.52702702702703,6033.0,B482_ARC _B3_slice6-Ort.czi,old,pomc,upper
819,41.0,72.41463414634147,2969.0000000000005,B482_ARC _B3_slice6-Ort.czi,old,pomc,upper
820,56.0,68.73214285714286,3849.0,B482_ARC _B3_slice6-Ort.czi,old,pomc,upper
821,58.0,96.08620689655173,5573.0,B482_ARC _B3_slice6-Ort.czi,old,pomc,upper
822,55.0,71.38181818181818,3925.9999999999995,B482_ARC _B3_slice6-Ort.czi,old,pomc,upper
823,39.0,71.2051282051282,2777.0,B482_ARC _B3_slice6-Ort.czi,old,pomc,upper
824,89.0,74.29213483146067,6612.0,B482_ARC _B3_slice6-Ort.czi,old,pomc,upper
825,36.0,94.38888888888889,3398.0,B482_ARC _B3_slice6-Ort.czi,old,pomc,upper
826,1.0,67.0,67.0,B482_ARC _B3_slice6-Ort.czi,old,pomc,upper
827,8.0,84.375,675.0,B482_ARC _B3_slice6-Ort.czi,old,pomc,upper
828,26.0,74.15384615384616,1928.0000000000002,B482_ARC _B3_slice6-Ort.czi,old,pomc,upper
829,1.0,60.0,60.0,B482_ARC _B3_slice6-Ort.czi,old,pomc,upper
830,81.0,89.38271604938272,7240.000000000001,B482_ARC _B3_slice6-Ort.czi,old,pomc,upper
831,48.0,75.52083333333333,3625.0,B482_ARC _B3_slice6-Ort.czi,old,pomc,upper
832,82.0,106.17073170731707,8706.0,B482_ARC _B3_slice6-Ort.czi,old,pomc,upper
833,7.0,67.57142857142857,473.0,B482_ARC _B3_slice6-Ort.czi,old,pomc,upper
834,48.0,84.33333333333333,4048.0,B482_ARC _B3_slice6-Ort.czi,old,pomc,upper
835,14.0,65.35714285714286,915.0,B482_ARC _B3_slice6-Ort.czi,old,pomc,upper
836,82.0,73.29268292682927,6010.0,B482_ARC _B3_slice6-Ort.czi,old,pomc,upper
837,81.0,67.82716049382717,5494.0,B482_ARC _B3_slice6-Ort.czi,old,pomc,upper
838,17.0,79.41176470588235,1350.0,B482_ARC _B3_slice6-Ort.czi,old,pomc,upper
839,26.0,81.11538461538461,2109.0,B482_ARC _B3_slice6-Ort.czi,old,pomc,upper
840,18.0,97.83333333333333,1761.0,B482_ARC _B3_slice6-Ort.czi,old,pomc,upper
841,21.0,84.76190476190476,1780.0,B482_ARC _B3_slice6-Ort.czi,old,pomc,upper
842,34.0,93.52941176470588,3180.0,B482_ARC _B3_slice6-Ort.czi,old,pomc,upper
843,33.0,68.3030303030303,2254.0,B482_ARC _B3_slice6-Ort.czi,old,pomc,upper
844,12.0,77.91666666666667,935.0,B482_ARC _B3_slice6-Ort.czi,old,pomc,upper
845,1.0,54.0,54.0,B482_ARC _B3_slice6-Ort.czi,old,pomc,upper
846,52.0,83.73076923076923,4354.0,B482_ARC _B3_slice6-Ort.czi,old,pomc,upper
847,1.0,61.0,61.0,B482_ARC _B3_slice6-Ort.czi,old,pomc,upper
848,56.0,64.0,3584.0,B482_ARC _B3_slice6-Ort.czi,old,pomc,upper
849,147.0,81.43537414965986,11971.0,B482_ARC _B3_slice6-Ort.czi,old,pomc,upper
850,3.0,76.0,228.0,B482_ARC _B3_slice6-Ort.czi,old,pomc,upper
851,14.0,124.35714285714286,1741.0,B482_ARC _B3_slice6-Ort.czi,old,pomc,upper
852,1.0,32.0,32.0,B482_ARC _B3_slice6-Ort.czi,old,pomc,upper
853,6.0,66.33333333333333,398.0,B482_ARC _B3_slice6-Ort.czi,old,pomc,upper
854,88.0,86.35227272727273,7599.000000000001,B482_ARC _B3_slice6-Ort.czi,old,pomc,upper
855,96.0,86.23958333333333,8279.0,B482_ARC _B3_slice6-Ort.czi,old,pomc,upper
856,67.0,82.55223880597015,5531.0,B482_ARC _B3_slice6-Ort.czi,old,pomc,upper
857,28.0,74.35714285714286,2082.0,B482_ARC _B3_slice6-Ort.czi,old,pomc,upper
858,107.0,72.53271028037383,7761.0,B482_ARC _B3_slice6-Ort.czi,old,pomc,upper
859,50.0,72.02,3601.0,B482_ARC _B3_slice6-Ort.czi,old,pomc,upper
860,77.0,81.07792207792208,6243.0,B482_ARC _B3_slice6-Ort.czi,old,pomc,upper
861,40.0,80.175,3207.0,B482_ARC _B3_slice6-Ort.czi,old,pomc,upper
862,16.0,94.75,1516.0,B482_ARC _B3_slice6-Ort.czi,old,pomc,upper
863,170.0,78.23529411764706,13300.0,B482_ARC _B3_slice6-Ort.czi,old,pomc,upper
864,1.0,62.0,62.0,B482_ARC _B3_slice6-Ort.czi,old,pomc,upper
865,86.0,79.73255813953489,6857.0,B482_ARC _B3_slice6-Ort.czi,old,pomc,upper
866,72.0,88.36111111111111,6362.0,B482_ARC _B3_slice6-Ort.czi,old,pomc,upper
867,33.0,120.33333333333333,3971.0,B482_ARC _B3_slice6-Ort.czi,old,pomc,upper
868,25.0,76.0,1900.0,B482_ARC _B3_slice6-Ort.czi,old,pomc,upper
869,58.0,73.58620689655173,4268.0,B482_ARC _B3_slice6-Ort.czi,old,pomc,upper
870,16.0,83.75,1340.0,B482_ARC _B3_slice6-Ort.czi,old,pomc,upper
871,18.0,110.05555555555556,1981.0,B482_ARC _B3_slice6-Ort.czi,old,pomc,upper
872,8.0,78.0,624.0,B482_ARC _B3_slice6-Ort.czi,old,pomc,upper
873,16.0,65.5,1048.0,B482_ARC _B3_slice6-Ort.czi,old,pomc,upper
874,17.0,73.05882352941177,1242.0,B482_ARC _B3_slice6-Ort.czi,old,pomc,upper
875,10.0,106.2,1062.0,B482_ARC _B3_slice6-Ort.czi,old,pomc,upper
876,10.0,60.4,604.0,B482_ARC _B3_slice6-Ort.czi,old,pomc,upper
877,126.0,69.03174603174604,8698.0,B482_ARC _B3_slice6-Ort.czi,old,pomc,upper
878,12.0,73.41666666666667,881.0,B482_ARC _B3_slice6-Ort.czi,old,pomc,upper
879,60.0,80.95,4857.0,B482_ARC _B3_slice6-Ort.czi,old,pomc,upper
880,27.0,81.66666666666667,2205.0,B482_ARC _B3_slice6-Ort.czi,old,pomc,upper
881,89.0,71.15730337078652,6333.000000000001,B482_ARC _B3_slice6-Ort.czi,old,pomc,upper
882,50.0,69.32,3465.9999999999995,B482_ARC _B3_slice6-Ort.czi,old,pomc,upper
883,2.0,63.0,126.0,B482_ARC _B3_slice6-Ort.czi,old,pomc,upper
884,45.0,74.17777777777778,3338.0,B482_ARC _B3_slice6-Ort.czi,old,pomc,upper
885,155.0,91.53548387096774,14188.0,B482_ARC _B3_slice6-Ort.czi,old,pomc,upper
886,64.0,77.578125,4965.0,B482_ARC _B3_slice6-Ort.czi,old,pomc,upper
887,87.0,81.42528735632185,7084.000000000001,B482_ARC _B3_slice6-Ort.czi,old,pomc,upper
888,30.0,117.93333333333334,3538.0,B482_ARC _B3_slice6-Ort.czi,old,pomc,upper
889,22.0,66.86363636363636,1471.0,B482_ARC _B3_slice6-Ort.czi,old,pomc,upper
890,36.0,64.11111111111111,2308.0,B482_ARC _B3_slice6-Ort.czi,old,pomc,upper
891,14.0,89.07142857142857,1247.0,B482_ARC _B3_slice6-Ort.czi,old,pomc,upper
892,15.0,76.8,1152.0,B482_ARC _B3_slice6-Ort.czi,old,pomc,upper
893,139.0,82.68345323741008,11493.0,B482_ARC _B3_slice6-Ort.czi,old,pomc,upper
894,2.0,42.5,85.0,B482_ARC _B3_slice6-Ort.czi,old,pomc,upper
895,25.0,73.08,1827.0,B482_ARC _B3_slice6-Ort.czi,old,pomc,upper
896,42.0,82.78571428571429,3477.0000000000005,B482_ARC _B3_slice6-Ort.czi,old,pomc,upper
897,4.0,105.25,421.0,B482_ARC _B3_slice6-Ort.czi,old,pomc,upper
898,35.0,87.74285714285715,3071.0,B482_ARC _B3_slice6-Ort.czi,old,pomc,upper
899,9.0,93.66666666666667,843.0,B482_ARC _B3_slice6-Ort.czi,old,pomc,upper
900,6.0,60.833333333333336,365.0,B482_ARC _B3_slice6-Ort.czi,old,pomc,upper
901,28.0,87.25,2443.0,B482_ARC _B3_slice6-Ort.czi,old,pomc,upper
902,124.0,68.66935483870968,8515.0,B482_ARC _B3_slice6-Ort.czi,old,pomc,upper
903,27.0,95.0,2565.0,B482_ARC _B3_slice6-Ort.czi,old,pomc,upper
904,96.0,71.34375,6849.0,B482_ARC _B3_slice6-Ort.czi,old,pomc,upper
905,102.0,86.00980392156863,8773.0,B482_ARC _B3_slice6-Ort.czi,old,pomc,upper
906,38.0,65.73684210526316,2498.0000000000005,B482_ARC _B3_slice6-Ort.czi,old,pomc,upper
907,17.0,74.11764705882354,1260.0,B482_ARC _B3_slice6-Ort.czi,old,pomc,upper
908,3.0,111.33333333333333,334.0,B482_ARC _B3_slice6-Ort.czi,old,pomc,upper
909,5.0,90.0,450.0,B482_ARC _B3_slice6-Ort.czi,old,pomc,upper
910,52.0,75.90384615384616,3947.0000000000005,B482_ARC _B3_slice6-Ort.czi,old,pomc,upper
911,66.0,80.04545454545455,5283.0,B482_ARC _B3_slice6-Ort.czi,old,pomc,upper
912,107.0,66.74766355140187,7142.0,B482_ARC _B3_slice6-Ort.czi,old,pomc,upper
913,78.0,79.92307692307692,6234.0,B482_ARC _B3_slice6-Ort.czi,old,pomc,upper
914,6.0,90.66666666666667,544.0,B482_ARC _B3_slice6-Ort.czi,old,pomc,upper
915,104.0,59.27884615384615,6165.0,B482_ARC _B3_slice6-Ort.czi,old,pomc,upper
916,62.0,108.59677419354838,6733.0,B482_ARC _B3_slice6-Ort.czi,old,pomc,upper
917,1.0,30.0,30.0,B482_ARC _B3_slice6-Ort.czi,old,pomc,upper
918,143.0,71.01398601398601,10155.0,B482_ARC _B3_slice6-Ort.czi,old,pomc,upper
919,14.0,71.0,994.0,B482_ARC _B3_slice6-Ort.czi,old,pomc,upper
920,1.0,78.0,78.0,B482_ARC _B3_slice6-Ort.czi,old,pomc,upper
921,23.0,78.17391304347827,1798.0,B482_ARC _B3_slice6-Ort.czi,old,pomc,upper
922,45.0,80.04444444444445,3602.0000000000005,B482_ARC _B3_slice6-Ort.czi,old,pomc,upper
923,78.0,67.35897435897436,5254.0,B482_ARC _B3_slice6-Ort.czi,old,pomc,upper
924,28.0,85.67857142857143,2399.0,B482_ARC _B3_slice6-Ort.czi,old,pomc,upper
925,781.0,91.01152368758002,71080.0,B482_ARC _B3_slice6-Ort.czi,old,pomc,upper
926,4.0,61.0,244.0,B482_ARC _B3_slice6-Ort.czi,old,pomc,upper
927,5.0,101.6,508.0,B482_ARC _B3_slice6-Ort.czi,old,pomc,upper
928,4.0,64.0,256.0,B482_ARC _B3_slice6-Ort.czi,old,pomc,upper
929,389.0,72.00257069408741,28009.000000000004,B482_ARC _B3_slice6-Ort.czi,old,pomc,upper
930,20.0,83.35,1667.0,B482_ARC _B3_slice6-Ort.czi,old,pomc,upper
931,93.0,63.58064516129032,5913.0,B482_ARC _B3_slice6-Ort.czi,old,pomc,upper
932,12.0,77.66666666666667,932.0,B482_ARC _B3_slice6-Ort.czi,old,pomc,upper
933,34.0,97.0,3298.0,B482_ARC _B3_slice6-Ort.czi,old,pomc,upper
934,9.0,106.33333333333333,957.0,B482_ARC _B3_slice6-Ort.czi,old,pomc,upper
935,11.0,82.45454545454545,907.0,B482_ARC _B3_slice6-Ort.czi,old,pomc,upper
936,16.0,76.75,1228.0,B482_ARC _B3_slice6-Ort.czi,old,pomc,upper
937,4.0,81.5,326.0,B482_ARC _B3_slice6-Ort.czi,old,pomc,upper
938,14.0,92.42857142857143,1294.0,B482_ARC _B3_slice6-Ort.czi,old,pomc,upper
939,9.0,73.44444444444444,661.0,B482_ARC _B3_slice6-Ort.czi,old,pomc,upper
940,42.0,86.78571428571429,3645.0000000000005,B482_ARC _B3_slice6-Ort.czi,old,pomc,upper
941,74.0,85.08108108108108,6296.0,B482_ARC _B3_slice6-Ort.czi,old,pomc,upper
942,48.0,80.1875,3849.0,B482_ARC _B3_slice6-Ort.czi,old,pomc,upper
943,42.0,70.5952380952381,2965.0000000000005,B482_ARC _B3_slice6-Ort.czi,old,pomc,upper
944,1.0,86.0,86.0,B482_ARC _B3_slice6-Ort.czi,old,pomc,upper
945,15.0,69.2,1038.0,B482_ARC _B3_slice6-Ort.czi,old,pomc,upper
946,173.0,77.94219653179191,13484.0,B482_ARC _B3_slice6-Ort.czi,old,pomc,upper
947,12.0,96.16666666666667,1154.0,B482_ARC _B3_slice6-Ort.czi,old,pomc,upper
948,50.0,76.82,3840.9999999999995,B482_ARC _B3_slice6-Ort.czi,old,pomc,upper
949,1.0,79.0,79.0,B482_ARC _B3_slice6-Ort.czi,old,pomc,upper
950,38.0,68.86842105263158,2617.0,B482_ARC _B3_slice6-Ort.czi,old,pomc,upper
951,11.0,74.18181818181819,816.0,B482_ARC _B3_slice6-Ort.czi,old,pomc,upper
952,85.0,80.5764705882353,6849.0,B482_ARC _B3_slice6-Ort.czi,old,pomc,upper
953,92.0,68.08695652173913,6264.0,B482_ARC _B3_slice6-Ort.czi,old,pomc,upper
954,1.0,67.0,67.0,B482_ARC _B3_slice6-Ort.czi,old,pomc,upper
955,104.0,83.04807692307692,8637.0,B482_ARC _B3_slice6-Ort.czi,old,pomc,upper
956,4.0,122.0,488.0,B482_ARC _B3_slice6-Ort.czi,old,pomc,upper
957,1.0,83.0,83.0,B482_ARC _B3_slice6-Ort.czi,old,pomc,upper
958,71.0,76.78873239436619,5452.0,B482_ARC _B3_slice6-Ort.czi,old,pomc,upper
959,28.0,97.25,2723.0,B482_ARC _B3_slice6-Ort.czi,old,pomc,upper
960,63.0,82.0,5166.0,B482_ARC _B3_slice6-Ort.czi,old,pomc,upper
961,12.0,91.08333333333333,1093.0,B482_ARC _B3_slice6-Ort.czi,old,pomc,upper
962,71.0,76.77464788732394,5450.999999999999,B482_ARC _B3_slice6-Ort.czi,old,pomc,upper
963,40.0,85.95,3438.0,B482_ARC _B3_slice6-Ort.czi,old,pomc,upper
964,18.0,64.05555555555556,1153.0,B482_ARC _B3_slice6-Ort.czi,old,pomc,upper
965,81.0,77.50617283950618,6278.0,B482_ARC _B3_slice6-Ort.czi,old,pomc,upper
966,62.0,76.0,4712.0,B482_ARC _B3_slice6-Ort.czi,old,pomc,upper
967,12.0,96.08333333333333,1153.0,B482_ARC _B3_slice6-Ort.czi,old,pomc,upper
968,42.0,76.33333333333333,3206.0,B482_ARC _B3_slice6-Ort.czi,old,pomc,upper
969,4.0,76.0,304.0,B482_ARC _B3_slice6-Ort.czi,old,pomc,upper
970,6.0,61.666666666666664,370.0,B482_ARC _B3_slice6-Ort.czi,old,pomc,upper
971,96.0,77.25,7416.0,B482_ARC _B3_slice6-Ort.czi,old,pomc,upper
972,66.0,67.42424242424242,4450.0,B482_ARC _B3_slice6-Ort.czi,old,pomc,upper
973,104.0,69.49038461538461,7227.0,B482_ARC _B3_slice6-Ort.czi,old,pomc,upper
974,112.0,75.91071428571429,8502.0,B482_ARC _B3_slice6-Ort.czi,old,pomc,upper
975,76.0,64.98684210526316,4939.000000000001,B482_ARC _B3_slice6-Ort.czi,old,pomc,upper
976,62.0,75.87096774193549,4704.0,B482_ARC _B3_slice6-Ort.czi,old,pomc,upper
977,16.0,107.5625,1721.0,B482_ARC _B3_slice6-Ort.czi,old,pomc,upper
978,31.0,80.48387096774194,2495.0,B482_ARC _B3_slice6-Ort.czi,old,pomc,upper
979,10.0,59.3,593.0,B482_ARC _B3_slice6-Ort.czi,old,pomc,upper
980,42.0,68.92857142857143,2895.0,B482_ARC _B3_slice6-Ort.czi,old,pomc,upper
981,3.0,46.333333333333336,139.0,B482_ARC _B3_slice6-Ort.czi,old,pomc,upper
982,2.0,139.5,279.0,B482_ARC _B3_slice6-Ort.czi,old,pomc,upper
983,100.0,85.62,8562.0,B482_ARC _B3_slice6-Ort.czi,old,pomc,upper
984,6.0,73.16666666666667,439.0,B482_ARC _B3_slice6-Ort.czi,old,pomc,upper
985,1.0,54.0,54.0,B482_ARC _B3_slice6-Ort.czi,old,pomc,upper
986,109.0,78.46788990825688,8553.0,B482_ARC _B3_slice6-Ort.czi,old,pomc,upper
987,204.0,77.54901960784314,15820.0,B482_ARC _B3_slice6-Ort.czi,old,pomc,upper
988,17.0,77.41176470588235,1316.0,B482_ARC _B3_slice6-Ort.czi,old,pomc,upper
989,110.0,77.62727272727273,8539.0,B482_ARC _B3_slice6-Ort.czi,old,pomc,upper
990,11.0,83.18181818181819,915.0,B482_ARC _B3_slice6-Ort.czi,old,pomc,upper
991,62.0,80.6774193548387,5002.0,B482_ARC _B3_slice6-Ort.czi,old,pomc,upper
992,24.0,63.041666666666664,1513.0,B482_ARC _B3_slice6-Ort.czi,old,pomc,upper
993,149.0,73.14765100671141,10899.0,B482_ARC _B3_slice6-Ort.czi,old,pomc,upper
994,46.0,85.5,3933.0,B482_ARC _B3_slice6-Ort.czi,old,pomc,upper
995,37.0,79.1891891891892,2930.0,B482_ARC _B3_slice6-Ort.czi,old,pomc,upper
996,1.0,54.0,54.0,B482_ARC _B3_slice6-Ort.czi,old,pomc,upper
997,27.0,62.925925925925924,1699.0,B482_ARC _B3_slice6-Ort.czi,old,pomc,upper
998,2.0,72.0,144.0,B482_ARC _B3_slice6-Ort.czi,old,pomc,upper
999,1.0,62.0,62.0,B482_ARC _B3_slice6-Ort.czi,old,pomc,upper
1000,38.0,67.94736842105263,2582.0,B482_ARC _B3_slice6-Ort.czi,old,pomc,upper
1001,16.0,80.5,1288.0,B482_ARC _B3_slice6-Ort.czi,old,pomc,upper
1002,4.0,63.0,252.0,B482_ARC _B3_slice6-Ort.czi,old,pomc,upper
1003,57.0,78.3859649122807,4468.0,B482_ARC _B3_slice6-Ort.czi,old,pomc,upper
1004,135.0,63.11851851851852,8521.0,B482_ARC _B3_slice6-Ort.czi,old,pomc,upper
1005,17.0,76.58823529411765,1302.0,B482_ARC _B3_slice6-Ort.czi,old,pomc,upper
1006,3.0,102.33333333333333,307.0,B482_ARC _B3_slice6-Ort.czi,old,pomc,upper
1007,12.0,76.0,912.0,B482_ARC _B3_slice6-Ort.czi,old,pomc,upper
1008,41.0,82.97560975609755,3401.9999999999995,B482_ARC _B3_slice6-Ort.czi,old,pomc,upper
1009,116.0,64.56896551724138,7490.0,B482_ARC _B3_slice6-Ort.czi,old,pomc,upper
1010,14.0,73.07142857142857,1023.0,B482_ARC _B3_slice6-Ort.czi,old,pomc,upper
1011,33.0,69.3030303030303,2287.0,B482_ARC _B3_slice6-Ort.czi,old,pomc,upper
1012,42.0,76.83333333333333,3227.0,B482_ARC _B3_slice6-Ort.czi,old,pomc,upper
1013,19.0,95.26315789473684,1809.9999999999998,B482_ARC _B3_slice6-Ort.czi,old,pomc,upper
1014,68.0,72.80882352941177,4951.0,B482_ARC _B3_slice6-Ort.czi,old,pomc,upper
1015,1.0,39.0,39.0,B482_ARC _B3_slice6-Ort.czi,old,pomc,upper
1016,98.0,90.87755102040816,8906.0,B482_ARC _B3_slice6-Ort.czi,old,pomc,upper
1017,210.0,76.68571428571428,16104.0,B482_ARC _B3_slice6-Ort.czi,old,pomc,upper
1018,105.0,75.33333333333333,7909.999999999999,B482_ARC _B3_slice6-Ort.czi,old,pomc,upper
1019,15.0,111.13333333333334,1667.0,B482_ARC _B3_slice6-Ort.czi,old,pomc,upper
1020,3.0,70.66666666666667,212.0,B482_ARC _B3_slice6-Ort.czi,old,pomc,upper
1021,28.0,61.17857142857143,1713.0,B482_ARC _B3_slice6-Ort.czi,old,pomc,upper
1022,43.0,76.93023255813954,3308.0,B482_ARC _B3_slice6-Ort.czi,old,pomc,upper
1023,38.0,77.5,2945.0,B482_ARC _B3_slice6-Ort.czi,old,pomc,upper
1024,7.0,75.71428571428571,530.0,B482_ARC _B3_slice6-Ort.czi,old,pomc,upper
1025,35.0,85.45714285714286,2991.0,B482_ARC _B3_slice6-Ort.czi,old,pomc,upper
1026,84.0,80.78571428571429,6786.000000000001,B482_ARC _B3_slice6-Ort.czi,old,pomc,upper
1027,87.0,83.41379310344827,7256.999999999999,B482_ARC _B3_slice6-Ort.czi,old,pomc,upper
1028,96.0,67.73958333333333,6503.0,B482_ARC _B3_slice6-Ort.czi,old,pomc,upper
1029,168.0,77.08928571428571,12950.999999999998,B482_ARC _B3_slice6-Ort.czi,old,pomc,upper
1030,140.0,73.64285714285714,10310.0,B482_ARC _B3_slice6-Ort.czi,old,pomc,upper
1031,163.0,78.7239263803681,12832.0,B482_ARC _B3_slice6-Ort.czi,old,pomc,upper
1032,19.0,69.6842105263158,1324.0,B482_ARC _B3_slice6-Ort.czi,old,pomc,upper
1033,53.0,76.0,4028.0,B482_ARC _B3_slice6-Ort.czi,old,pomc,upper
1034,2.0,63.0,126.0,B482_ARC _B3_slice6-Ort.czi,old,pomc,upper
1035,97.0,75.4639175257732,7320.0,B482_ARC _B3_slice6-Ort.czi,old,pomc,upper
1036,32.0,91.59375,2931.0,B482_ARC _B3_slice6-Ort.czi,old,pomc,upper
1037,44.0,72.47727272727273,3189.0000000000005,B482_ARC _B3_slice6-Ort.czi,old,pomc,upper
1038,35.0,76.45714285714286,2676.0,B482_ARC _B3_slice6-Ort.czi,old,pomc,upper
1039,92.0,82.75,7613.0,B482_ARC _B3_slice6-Ort.czi,old,pomc,upper
1040,465.0,84.90107526881721,39479.0,B482_ARC _B3_slice6-Ort.czi,old,pomc,upper
1041,325.0,68.17846153846153,22158.0,B482_ARC _B3_slice6-Ort.czi,old,pomc,upper
1042,62.0,80.0,4960.0,B482_ARC _B3_slice6-Ort.czi,old,pomc,upper
1043,6.0,101.0,606.0,B482_ARC _B3_slice6-Ort.czi,old,pomc,upper
1044,49.0,75.65306122448979,3706.9999999999995,B482_ARC _B3_slice6-Ort.czi,old,pomc,upper
1045,15.0,73.0,1095.0,B482_ARC _B3_slice6-Ort.czi,old,pomc,upper
1046,62.0,84.64516129032258,5248.0,B482_ARC _B3_slice6-Ort.czi,old,pomc,upper
1047,24.0,92.33333333333333,2216.0,B482_ARC _B3_slice6-Ort.czi,old,pomc,upper
1048,63.0,82.33333333333333,5187.0,B482_ARC _B3_slice6-Ort.czi,old,pomc,upper
1049,140.0,107.62857142857143,15068.0,B482_ARC _B3_slice6-Ort.czi,old,pomc,upper
1050,292.0,130.7876712328767,38190.0,B482_ARC _B3_slice6-Ort.czi,old,pomc,upper
1051,11.0,97.63636363636364,1074.0,B482_ARC _B3_slice6-Ort.czi,old,pomc,upper
1052,11.0,86.36363636363636,950.0,B482_ARC _B3_slice6-Ort.czi,old,pomc,upper
1053,112.0,81.27678571428571,9103.0,B482_ARC _B3_slice6-Ort.czi,old,pomc,upper
1054,33.0,89.33333333333333,2948.0,B482_ARC _B3_slice6-Ort.czi,old,pomc,upper
1055,120.0,83.25,9990.0,B482_ARC _B3_slice6-Ort.czi,old,pomc,upper
1056,239.0,69.11297071129707,16518.0,B482_ARC _B3_slice6-Ort.czi,old,pomc,upper
1057,88.0,71.04545454545455,6252.0,B482_ARC _B3_slice6-Ort.czi,old,pomc,upper
1058,7.0,74.28571428571429,520.0,B482_ARC _B3_slice6-Ort.czi,old,pomc,upper
1059,35.0,85.77142857142857,3002.0,B482_ARC _B3_slice6-Ort.czi,old,pomc,upper
1060,22.0,77.5,1705.0,B482_ARC _B3_slice6-Ort.czi,old,pomc,upper
1061,14.0,84.42857142857143,1182.0,B482_ARC _B3_slice6-Ort.czi,old,pomc,upper
1062,27.0,75.18518518518519,2030.0000000000002,B482_ARC _B3_slice6-Ort.czi,old,pomc,upper
1063,12.0,94.08333333333333,1129.0,B482_ARC _B3_slice6-Ort.czi,old,pomc,upper
1064,21.0,65.52380952380952,1376.0,B482_ARC _B3_slice6-Ort.czi,old,pomc,upper
1065,84.0,86.53571428571429,7269.000000000001,B482_ARC _B3_slice6-Ort.czi,old,pomc,upper
1066,24.0,65.45833333333333,1571.0,B482_ARC _B3_slice6-Ort.czi,old,pomc,upper
1067,15.0,69.33333333333333,1040.0,B482_ARC _B3_slice6-Ort.czi,old,pomc,upper
1068,61.0,72.44262295081967,4419.0,B482_ARC _B3_slice6-Ort.czi,old,pomc,upper
1069,4.0,72.5,290.0,B482_ARC _B3_slice6-Ort.czi,old,pomc,upper
1070,18.0,83.88888888888889,1510.0,B482_ARC _B3_slice6-Ort.czi,old,pomc,upper
1071,4.0,77.25,309.0,B482_ARC _B3_slice6-Ort.czi,old,pomc,upper
1072,21.0,97.52380952380952,2048.0,B482_ARC _B3_slice6-Ort.czi,old,pomc,upper
1073,144.0,84.91666666666667,12228.0,B482_ARC _B3_slice6-Ort.czi,old,pomc,upper
1074,6.0,80.66666666666667,484.0,B482_ARC _B3_slice6-Ort.czi,old,pomc,upper
1075,213.0,72.06572769953051,15350.0,B482_ARC _B3_slice6-Ort.czi,old,pomc,upper
1076,45.0,78.53333333333333,3534.0,B482_ARC _B3_slice6-Ort.czi,old,pomc,upper
1077,13.0,88.92307692307692,1156.0,B482_ARC _B3_slice6-Ort.czi,old,pomc,upper
1078,43.0,79.90697674418605,3436.0000000000005,B482_ARC _B3_slice6-Ort.czi,old,pomc,upper
1079,22.0,69.04545454545455,1519.0,B482_ARC _B3_slice6-Ort.czi,old,pomc,upper
1080,72.0,74.84722222222223,5389.0,B482_ARC _B3_slice6-Ort.czi,old,pomc,upper
1081,18.0,85.88888888888889,1546.0,B482_ARC _B3_slice6-Ort.czi,old,pomc,upper
1082,3.0,75.66666666666667,227.0,B482_ARC _B3_slice6-Ort.czi,old,pomc,upper
1083,112.0,86.41071428571429,9678.0,B482_ARC _B3_slice6-Ort.czi,old,pomc,upper
1084,38.0,70.52631578947368,2680.0,B482_ARC _B3_slice6-Ort.czi,old,pomc,upper
1085,77.0,81.16883116883118,6250.000000000001,B482_ARC _B3_slice6-Ort.czi,old,pomc,upper
1086,47.0,79.2127659574468,3723.0,B482_ARC _B3_slice6-Ort.czi,old,pomc,upper
1087,51.0,86.6078431372549,4417.0,B482_ARC _B3_slice6-Ort.czi,old,pomc,upper
1088,125.0,82.448,10306.0,B482_ARC _B3_slice6-Ort.czi,old,pomc,upper
1089,32.0,82.125,2628.0,B482_ARC _B3_slice6-Ort.czi,old,pomc,upper
1090,62.0,84.88709677419355,5263.0,B482_ARC _B3_slice6-Ort.czi,old,pomc,upper
1091,30.0,76.8,2304.0,B482_ARC _B3_slice6-Ort.czi,old,pomc,upper
1092,229.0,81.36681222707423,18633.0,B482_ARC _B3_slice6-Ort.czi,old,pomc,upper
1093,109.0,77.30275229357798,8426.0,B482_ARC _B3_slice6-Ort.czi,old,pomc,upper
1094,30.0,73.2,2196.0,B482_ARC _B3_slice6-Ort.czi,old,pomc,upper
1095,24.0,73.375,1761.0,B482_ARC _B3_slice6-Ort.czi,old,pomc,upper
1096,23.0,76.95652173913044,1770.0,B482_ARC _B3_slice6-Ort.czi,old,pomc,upper
1097,68.0,82.63235294117646,5619.0,B482_ARC _B3_slice6-Ort.czi,old,pomc,upper
1098,47.0,78.36170212765957,3682.9999999999995,B482_ARC _B3_slice6-Ort.czi,old,pomc,upper
1099,47.0,74.08510638297872,3482.0,B482_ARC _B3_slice6-Ort.czi,old,pomc,upper
1100,20.0,73.7,1474.0,B482_ARC _B3_slice6-Ort.czi,old,pomc,upper
1101,20.0,96.85,1937.0,B482_ARC _B3_slice6-Ort.czi,old,pomc,upper
1102,35.0,79.6,2786.0,B482_ARC _B3_slice6-Ort.czi,old,pomc,upper
1103,28.0,71.03571428571429,1989.0000000000002,B482_ARC _B3_slice6-Ort.czi,old,pomc,upper
1104,24.0,85.20833333333333,2045.0,B482_ARC _B3_slice6-Ort.czi,old,pomc,upper
1105,13.0,77.53846153846153,1007.9999999999999,B482_ARC _B3_slice6-Ort.czi,old,pomc,upper
1106,1.0,36.0,36.0,B482_ARC _B3_slice6-Ort.czi,old,pomc,upper
1107,20.0,93.0,1860.0,B482_ARC _B3_slice6-Ort.czi,old,pomc,upper
1108,83.0,75.60240963855422,6275.0,B482_ARC _B3_slice6-Ort.czi,old,pomc,upper
1109,68.0,81.1470588235294,5518.0,B482_ARC _B3_slice6-Ort.czi,old,pomc,upper
1110,200.0,72.935,14587.0,B482_ARC _B3_slice6-Ort.czi,old,pomc,upper
1111,1.0,44.0,44.0,B482_ARC _B3_slice6-Ort.czi,old,pomc,upper
1112,1.0,76.0,76.0,B482_ARC _B3_slice6-Ort.czi,old,pomc,upper
1113,5.0,82.2,411.0,B482_ARC _B3_slice6-Ort.czi,old,pomc,upper
1114,28.0,91.03571428571429,2549.0,B482_ARC _B3_slice6-Ort.czi,old,pomc,upper
1115,94.0,72.27659574468085,6794.0,B482_ARC _B3_slice6-Ort.czi,old,pomc,upper
1116,184.0,82.44565217391305,15170.0,B482_ARC _B3_slice6-Ort.czi,old,pomc,upper
1117,23.0,77.26086956521739,1777.0,B482_ARC _B3_slice6-Ort.czi,old,pomc,upper
1118,78.0,80.66666666666667,6292.0,B482_ARC _B3_slice6-Ort.czi,old,pomc,upper
1119,472.0,72.11440677966101,34038.0,B482_ARC _B3_slice6-Ort.czi,old,pomc,upper
1120,70.0,81.4,5698.0,B482_ARC _B3_slice6-Ort.czi,old,pomc,upper
1121,23.0,69.04347826086956,1588.0,B482_ARC _B3_slice6-Ort.czi,old,pomc,upper
1122,14.0,75.28571428571429,1054.0,B482_ARC _B3_slice6-Ort.czi,old,pomc,upper
1123,8.0,71.25,570.0,B482_ARC _B3_slice6-Ort.czi,old,pomc,upper
1124,15.0,86.73333333333333,1301.0,B482_ARC _B3_slice6-Ort.czi,old,pomc,upper
1125,6.0,78.83333333333333,473.0,B482_ARC _B3_slice6-Ort.czi,old,pomc,upper
1126,27.0,90.44444444444444,2442.0,B482_ARC _B3_slice6-Ort.czi,old,pomc,upper
1127,148.0,80.5945945945946,11928.0,B482_ARC _B3_slice6-Ort.czi,old,pomc,upper
1128,35.0,71.11428571428571,2489.0,B482_ARC _B3_slice6-Ort.czi,old,pomc,upper
1129,17.0,95.41176470588235,1622.0,B482_ARC _B3_slice6-Ort.czi,old,pomc,upper
1130,14.0,83.92857142857143,1175.0,B482_ARC _B3_slice6-Ort.czi,old,pomc,upper
1131,72.0,78.43055555555556,5647.0,B482_ARC _B3_slice6-Ort.czi,old,pomc,upper
1132,19.0,95.73684210526316,1819.0000000000002,B482_ARC _B3_slice6-Ort.czi,old,pomc,upper
1133,13.0,67.61538461538461,879.0,B482_ARC _B3_slice6-Ort.czi,old,pomc,upper
1134,20.0,84.35,1687.0,B482_ARC _B3_slice6-Ort.czi,old,pomc,upper
1135,13.0,76.0,988.0,B482_ARC _B3_slice6-Ort.czi,old,pomc,upper
1136,75.0,74.09333333333333,5557.0,B482_ARC _B3_slice6-Ort.czi,old,pomc,upper
1137,33.0,77.84848484848484,2569.0,B482_ARC _B3_slice6-Ort.czi,old,pomc,upper
1138,76.0,74.89473684210526,5692.0,B482_ARC _B3_slice6-Ort.czi,old,pomc,upper
1139,72.0,87.36111111111111,6290.0,B482_ARC _B3_slice6-Ort.czi,old,pomc,upper
1140,41.0,72.7560975609756,2983.0,B482_ARC _B3_slice6-Ort.czi,old,pomc,upper
1141,120.0,80.93333333333334,9712.0,B482_ARC _B3_slice6-Ort.czi,old,pomc,upper
1142,74.0,78.27027027027027,5792.0,B482_ARC _B3_slice6-Ort.czi,old,pomc,upper
1143,37.0,86.05405405405405,3184.0,B482_ARC _B3_slice6-Ort.czi,old,pomc,upper
1144,31.0,84.70967741935483,2626.0,B482_ARC _B3_slice6-Ort.czi,old,pomc,upper
1145,71.0,66.85915492957747,4747.0,B482_ARC _B3_slice6-Ort.czi,old,pomc,upper
1146,51.0,72.43137254901961,3694.0000000000005,B482_ARC _B3_slice6-Ort.czi,old,pomc,upper
1147,4.0,107.75,431.0,B482_ARC _B3_slice6-Ort.czi,old,pomc,upper
1148,29.0,81.72413793103448,2370.0,B482_ARC _B3_slice6-Ort.czi,old,pomc,upper
1149,6.0,70.66666666666667,424.0,B482_ARC _B3_slice6-Ort.czi,old,pomc,upper
1150,15.0,83.73333333333333,1256.0,B482_ARC _B3_slice6-Ort.czi,old,pomc,upper
1151,52.0,79.88461538461539,4154.0,B482_ARC _B3_slice6-Ort.czi,old,pomc,upper
1152,45.0,88.17777777777778,3968.0,B482_ARC _B3_slice6-Ort.czi,old,pomc,upper
1153,63.0,82.14285714285714,5175.0,B482_ARC _B3_slice6-Ort.czi,old,pomc,upper
1154,171.0,80.17543859649123,13710.0,B482_ARC _B3_slice6-Ort.czi,old,pomc,upper
1155,11.0,65.45454545454545,720.0,B482_ARC _B3_slice6-Ort.czi,old,pomc,upper
1156,448.0,80.21205357142857,35935.0,B482_ARC _B3_slice6-Ort.czi,old,pomc,upper
1157,31.0,86.7741935483871,2690.0,B482_ARC _B3_slice6-Ort.czi,old,pomc,upper
1158,70.0,68.85714285714286,4820.0,B482_ARC _B3_slice6-Ort.czi,old,pomc,upper
1159,37.0,82.37837837837837,3047.9999999999995,B482_ARC _B3_slice6-Ort.czi,old,pomc,upper
1160,11.0,67.72727272727273,745.0000000000001,B482_ARC _B3_slice6-Ort.czi,old,pomc,upper
1161,88.0,80.2159090909091,7059.0,B482_ARC _B3_slice6-Ort.czi,old,pomc,upper
1162,21.0,69.23809523809524,1454.0,B482_ARC _B3_slice6-Ort.czi,old,pomc,upper
1163,250.0,81.964,20491.0,B482_ARC _B3_slice6-Ort.czi,old,pomc,upper
1164,36.0,68.08333333333333,2451.0,B482_ARC _B3_slice6-Ort.czi,old,pomc,upper
1165,41.0,80.82926829268293,3314.0,B482_ARC _B3_slice6-Ort.czi,old,pomc,upper
1166,47.0,67.38297872340425,3166.9999999999995,B482_ARC _B3_slice6-Ort.czi,old,pomc,upper
1167,92.0,72.46739130434783,6667.0,B482_ARC _B3_slice6-Ort.czi,old,pomc,upper
1168,24.0,89.08333333333333,2138.0,B482_ARC _B3_slice6-Ort.czi,old,pomc,upper
1169,66.0,79.25757575757575,5231.0,B482_ARC _B3_slice6-Ort.czi,old,pomc,upper
1170,145.0,162.66206896551725,23586.0,B482_ARC _B3_slice6-Ort.czi,old,pomc,upper
1171,31.0,84.38709677419355,2616.0,B482_ARC _B3_slice6-Ort.czi,old,pomc,upper
1172,97.0,71.17525773195877,6904.0,B482_ARC _B3_slice6-Ort.czi,old,pomc,upper
1173,102.0,76.69607843137256,7823.000000000001,B482_ARC _B3_slice6-Ort.czi,old,pomc,upper
1174,60.0,75.7,4542.0,B482_ARC _B3_slice6-Ort.czi,old,pomc,upper
1175,109.0,86.18348623853211,9394.0,B482_ARC _B3_slice6-Ort.czi,old,pomc,upper
1176,145.0,87.20689655172414,12645.0,B482_ARC _B3_slice6-Ort.czi,old,pomc,upper
1177,114.0,77.9298245614035,8884.0,B482_ARC _B3_slice6-Ort.czi,old,pomc,upper
1178,9.0,75.11111111111111,676.0,B482_ARC _B3_slice6-Ort.czi,old,pomc,upper
1179,9.0,133.11111111111111,1198.0,B482_ARC _B3_slice6-Ort.czi,old,pomc,upper
1180,4.0,81.0,324.0,B482_ARC _B3_slice6-Ort.czi,old,pomc,upper
1181,36.0,82.25,2961.0,B482_ARC _B3_slice6-Ort.czi,old,pomc,upper
1182,70.0,90.75714285714285,6353.0,B482_ARC _B3_slice6-Ort.czi,old,pomc,upper
1183,100.0,79.06,7906.0,B482_ARC _B3_slice6-Ort.czi,old,pomc,upper
1184,9.0,78.77777777777777,709.0,B482_ARC _B3_slice6-Ort.czi,old,pomc,upper
1185,2.0,106.5,213.0,B482_ARC _B3_slice6-Ort.czi,old,pomc,upper
1186,67.0,78.32835820895522,5248.0,B482_ARC _B3_slice6-Ort.czi,old,pomc,upper
1187,158.0,78.49367088607595,12402.0,B482_ARC _B3_slice6-Ort.czi,old,pomc,upper
1188,168.0,76.42261904761905,12839.0,B482_ARC _B3_slice6-Ort.czi,old,pomc,upper
1189,16.0,70.0625,1121.0,B482_ARC _B3_slice6-Ort.czi,old,pomc,upper
1190,3.0,55.0,165.0,B482_ARC _B3_slice6-Ort.czi,old,pomc,upper
1191,5.0,101.4,507.0,B482_ARC _B3_slice6-Ort.czi,old,pomc,upper
1192,8.0,75.375,603.0,B482_ARC _B3_slice6-Ort.czi,old,pomc,upper
1193,3.0,94.0,282.0,B482_ARC _B3_slice6-Ort.czi,old,pomc,upper
1194,34.0,79.73529411764706,2711.0,B482_ARC _B3_slice6-Ort.czi,old,pomc,upper
1195,14.0,100.42857142857143,1406.0,B482_ARC _B3_slice6-Ort.czi,old,pomc,upper
1196,9.0,72.22222222222223,650.0,B482_ARC _B3_slice6-Ort.czi,old,pomc,upper
1197,14.0,59.785714285714285,837.0,B482_ARC _B3_slice6-Ort.czi,old,pomc,upper
1198,30.0,83.66666666666667,2510.0,B482_ARC _B3_slice6-Ort.czi,old,pomc,upper
1199,131.0,78.06106870229007,10226.0,B482_ARC _B3_slice6-Ort.czi,old,pomc,upper
1200,42.0,64.0952380952381,2692.0000000000005,B482_ARC _B3_slice6-Ort.czi,old,pomc,upper
1201,20.0,83.5,1670.0,B482_ARC _B3_slice6-Ort.czi,old,pomc,upper
1202,56.0,69.83928571428571,3910.9999999999995,B482_ARC _B3_slice6-Ort.czi,old,pomc,upper
1203,47.0,77.91489361702128,3662.0,B482_ARC _B3_slice6-Ort.czi,old,pomc,upper
1204,166.0,79.56626506024097,13208.0,B482_ARC _B3_slice6-Ort.czi,old,pomc,upper
1205,66.0,58.515151515151516,3862.0,B482_ARC _B3_slice6-Ort.czi,old,pomc,upper
1206,286.0,75.73426573426573,21660.0,B482_ARC _B3_slice6-Ort.czi,old,pomc,upper
1207,8.0,112.5,900.0,B482_ARC _B3_slice6-Ort.czi,old,pomc,upper
1208,46.0,68.47826086956522,3150.0,B482_ARC _B3_slice6-Ort.czi,old,pomc,upper
1209,17.0,131.64705882352942,2238.0,B482_ARC _B3_slice6-Ort.czi,old,pomc,upper
1210,37.0,75.8108108108108,2805.0,B482_ARC _B3_slice6-Ort.czi,old,pomc,upper
1211,129.0,82.24806201550388,10610.0,B482_ARC _B3_slice6-Ort.czi,old,pomc,upper
1212,49.0,96.22448979591837,4715.0,B482_ARC _B3_slice6-Ort.czi,old,pomc,upper
1213,13.0,78.23076923076923,1017.0,B482_ARC _B3_slice6-Ort.czi,old,pomc,upper
1214,6.0,67.16666666666667,403.0,B482_ARC _B3_slice6-Ort.czi,old,pomc,upper
1215,69.0,77.44927536231884,5344.0,B482_ARC _B3_slice6-Ort.czi,old,pomc,upper
1216,99.0,75.73737373737374,7498.000000000001,B482_ARC _B3_slice6-Ort.czi,old,pomc,upper
1217,6.0,64.83333333333333,389.0,B482_ARC _B3_slice6-Ort.czi,old,pomc,upper
1218,4.0,57.25,229.0,B482_ARC _B3_slice6-Ort.czi,old,pomc,upper
1219,29.0,91.82758620689656,2663.0,B482_ARC _B3_slice6-Ort.czi,old,pomc,upper
1220,31.0,104.03225806451613,3225.0,B482_ARC _B3_slice6-Ort.czi,old,pomc,upper
1221,333.0,73.05705705705705,24327.999999999996,B482_ARC _B3_slice6-Ort.czi,old,pomc,upper
1222,1.0,98.0,98.0,B482_ARC _B3_slice6-Ort.czi,old,pomc,upper
1223,33.0,81.24242424242425,2681.0,B482_ARC _B3_slice6-Ort.czi,old,pomc,upper
1224,14.0,77.71428571428571,1088.0,B482_ARC _B3_slice6-Ort.czi,old,pomc,upper
1225,126.0,68.68253968253968,8654.0,B482_ARC _B3_slice6-Ort.czi,old,pomc,upper
1226,15.0,89.26666666666667,1339.0,B482_ARC _B3_slice6-Ort.czi,old,pomc,upper
1227,22.0,64.81818181818181,1426.0,B482_ARC _B3_slice6-Ort.czi,old,pomc,upper
1228,33.0,87.63636363636364,2892.0,B482_ARC _B3_slice6-Ort.czi,old,pomc,upper
1229,45.0,78.33333333333333,3525.0,B482_ARC _B3_slice6-Ort.czi,old,pomc,upper
1230,4.0,59.5,238.0,B482_ARC _B3_slice6-Ort.czi,old,pomc,upper
1231,27.0,71.51851851851852,1931.0,B482_ARC _B3_slice6-Ort.czi,old,pomc,upper
1232,213.0,77.3755868544601,16481.0,B482_ARC _B3_slice6-Ort.czi,old,pomc,upper
1233,63.0,83.22222222222223,5243.0,B482_ARC _B3_slice6-Ort.czi,old,pomc,upper
1234,17.0,84.3529411764706,1434.0,B482_ARC _B3_slice6-Ort.czi,old,pomc,upper
1235,27.0,97.22222222222223,2625.0,B482_ARC _B3_slice6-Ort.czi,old,pomc,upper
1236,9.0,101.66666666666667,915.0,B482_ARC _B3_slice6-Ort.czi,old,pomc,upper
1237,1.0,32.0,32.0,B482_ARC _B3_slice6-Ort.czi,old,pomc,upper
1238,12.0,62.5,750.0,B482_ARC _B3_slice6-Ort.czi,old,pomc,upper
1239,3.0,79.33333333333333,238.0,B482_ARC _B3_slice6-Ort.czi,old,pomc,upper
1240,70.0,76.01428571428572,5321.0,B482_ARC _B3_slice6-Ort.czi,old,pomc,upper
1241,27.0,96.48148148148148,2605.0,B482_ARC _B3_slice6-Ort.czi,old,pomc,upper
1242,221.0,72.68325791855203,16062.999999999998,B482_ARC _B3_slice6-Ort.czi,old,pomc,upper
1243,60.0,88.1,5286.0,B482_ARC _B3_slice6-Ort.czi,old,pomc,upper
1244,28.0,97.35714285714286,2726.0,B482_ARC _B3_slice6-Ort.czi,old,pomc,upper
1245,726.0,76.58815426997245,55603.0,B482_ARC _B3_slice6-Ort.czi,old,pomc,upper
1246,121.0,73.59504132231405,8905.0,B482_ARC _B3_slice6-Ort.czi,old,pomc,upper
1247,1.0,41.0,41.0,B482_ARC _B3_slice6-Ort.czi,old,pomc,upper
1248,17.0,86.94117647058823,1478.0,B482_ARC _B3_slice6-Ort.czi,old,pomc,upper
1249,107.0,74.2803738317757,7948.0,B482_ARC _B3_slice6-Ort.czi,old,pomc,upper
1250,153.0,76.87581699346406,11762.0,B482_ARC _B3_slice6-Ort.czi,old,pomc,upper
1251,119.0,83.89915966386555,9984.0,B482_ARC _B3_slice6-Ort.czi,old,pomc,upper
1252,87.0,76.10344827586206,6621.0,B482_ARC _B3_slice6-Ort.czi,old,pomc,upper
1253,138.0,70.2536231884058,9695.0,B482_ARC _B3_slice6-Ort.czi,old,pomc,upper
1254,24.0,91.625,2199.0,B482_ARC _B3_slice6-Ort.czi,old,pomc,upper
1255,1.0,55.0,55.0,B482_ARC _B3_slice6-Ort.czi,old,pomc,upper
1256,1.0,72.0,72.0,B482_ARC _B3_slice6-Ort.czi,old,pomc,upper
1257,29.0,66.62068965517241,1932.0,B482_ARC _B3_slice6-Ort.czi,old,pomc,upper
1258,90.0,78.96666666666667,7107.0,B482_ARC _B3_slice6-Ort.czi,old,pomc,upper
1259,26.0,88.11538461538461,2291.0,B482_ARC _B3_slice6-Ort.czi,old,pomc,upper
1260,44.0,67.13636363636364,2954.0,B482_ARC _B3_slice6-Ort.czi,old,pomc,upper
1261,360.0,72.7611111111111,26193.999999999996,B482_ARC _B3_slice6-Ort.czi,old,pomc,upper
1262,48.0,82.125,3942.0,B482_ARC _B3_slice6-Ort.czi,old,pomc,upper
1263,11.0,81.27272727272727,893.9999999999999,B482_ARC _B3_slice6-Ort.czi,old,pomc,upper
1264,19.0,93.52631578947368,1777.0,B482_ARC _B3_slice6-Ort.czi,old,pomc,upper
1265,29.0,91.82758620689656,2663.0,B482_ARC _B3_slice6-Ort.czi,old,pomc,upper
1266,27.0,87.37037037037037,2359.0,B482_ARC _B3_slice6-Ort.czi,old,pomc,upper
1267,88.0,86.375,7601.0,B482_ARC _B3_slice6-Ort.czi,old,pomc,upper
1268,4.0,92.25,369.0,B482_ARC _B3_slice6-Ort.czi,old,pomc,upper
1269,37.0,61.24324324324324,2266.0,B482_ARC _B3_slice6-Ort.czi,old,pomc,upper
1270,128.0,76.890625,9842.0,B482_ARC _B3_slice6-Ort.czi,old,pomc,upper
1271,118.0,76.3135593220339,9005.0,B482_ARC _B3_slice6-Ort.czi,old,pomc,upper
1272,282.0,77.51773049645391,21860.000000000004,B482_ARC _B3_slice6-Ort.czi,old,pomc,upper
1273,49.0,100.55102040816327,4927.0,B482_ARC _B3_slice6-Ort.czi,old,pomc,upper
1274,79.0,65.82278481012658,5200.0,B482_ARC _B3_slice6-Ort.czi,old,pomc,upper
1275,17.0,73.94117647058823,1257.0,B482_ARC _B3_slice6-Ort.czi,old,pomc,upper
1276,59.0,78.89830508474576,4655.0,B482_ARC _B3_slice6-Ort.czi,old,pomc,upper
1277,126.0,120.83333333333333,15225.0,B482_ARC _B3_slice6-Ort.czi,old,pomc,upper
1278,16.0,67.125,1074.0,B482_ARC _B3_slice6-Ort.czi,old,pomc,upper
1279,25.0,90.64,2266.0,B482_ARC _B3_slice6-Ort.czi,old,pomc,upper
1280,27.0,83.81481481481481,2263.0,B482_ARC _B3_slice6-Ort.czi,old,pomc,upper
1281,67.0,78.58208955223881,5265.0,B482_ARC _B3_slice6-Ort.czi,old,pomc,upper
1282,106.0,84.75471698113208,8984.0,B482_ARC _B3_slice6-Ort.czi,old,pomc,upper
1283,45.0,78.42222222222222,3529.0,B482_ARC _B3_slice6-Ort.czi,old,pomc,upper
1284,1.0,62.0,62.0,B482_ARC _B3_slice6-Ort.czi,old,pomc,upper
1285,14.0,75.85714285714286,1062.0,B482_ARC _B3_slice6-Ort.czi,old,pomc,upper
1286,8.0,83.375,667.0,B482_ARC _B3_slice6-Ort.czi,old,pomc,upper
1287,171.0,77.0,13167.0,B482_ARC _B3_slice6-Ort.czi,old,pomc,upper
1288,35.0,73.51428571428572,2573.0,B482_ARC _B3_slice6-Ort.czi,old,pomc,upper
1289,30.0,73.5,2205.0,B482_ARC _B3_slice6-Ort.czi,old,pomc,upper
1290,20.0,96.2,1924.0,B482_ARC _B3_slice6-Ort.czi,old,pomc,upper
1291,17.0,73.3529411764706,1247.0,B482_ARC _B3_slice6-Ort.czi,old,pomc,upper
1292,71.0,85.6056338028169,6078.0,B482_ARC _B3_slice6-Ort.czi,old,pomc,upper
1293,22.0,86.0909090909091,1894.0,B482_ARC _B3_slice6-Ort.czi,old,pomc,upper
1294,44.0,100.88636363636364,4439.0,B482_ARC _B3_slice6-Ort.czi,old,pomc,upper
1295,21.0,85.23809523809524,1790.0,B482_ARC _B3_slice6-Ort.czi,old,pomc,upper
1296,4.0,46.75,187.0,B482_ARC _B3_slice6-Ort.czi,old,pomc,upper
1297,77.0,177.24675324675326,13648.0,B482_ARC _B3_slice6-Ort.czi,old,pomc,upper
1298,80.0,80.4125,6433.0,B482_ARC _B3_slice6-Ort.czi,old,pomc,upper
1299,136.0,69.84558823529412,9499.0,B482_ARC _B3_slice6-Ort.czi,old,pomc,upper
1300,9.0,71.0,639.0,B482_ARC _B3_slice6-Ort.czi,old,pomc,upper
1301,27.0,87.92592592592592,2374.0,B482_ARC _B3_slice6-Ort.czi,old,pomc,upper
1302,66.0,81.25757575757575,5363.0,B482_ARC _B3_slice6-Ort.czi,old,pomc,upper
1303,17.0,101.29411764705883,1722.0,B482_ARC _B3_slice6-Ort.czi,old,pomc,upper
1304,5.0,105.6,528.0,B482_ARC _B3_slice6-Ort.czi,old,pomc,upper
1305,180.0,73.06111111111112,13151.000000000002,B482_ARC _B3_slice6-Ort.czi,old,pomc,upper
1306,61.0,76.31147540983606,4655.0,B482_ARC _B3_slice6-Ort.czi,old,pomc,upper
1307,1.0,71.0,71.0,B482_ARC _B3_slice6-Ort.czi,old,pomc,upper
1308,20.0,86.15,1723.0,B482_ARC _B3_slice6-Ort.czi,old,pomc,upper
1309,6.0,59.166666666666664,355.0,B482_ARC _B3_slice6-Ort.czi,old,pomc,upper
1310,14.0,107.21428571428571,1501.0,B482_ARC _B3_slice6-Ort.czi,old,pomc,upper
1311,14.0,87.21428571428571,1221.0,B482_ARC _B3_slice6-Ort.czi,old,pomc,upper
1312,30.0,83.53333333333333,2506.0,B482_ARC _B3_slice6-Ort.czi,old,pomc,upper
1313,139.0,70.59712230215827,9813.0,B482_ARC _B3_slice6-Ort.czi,old,pomc,upper
1314,63.0,113.41269841269842,7145.0,B482_ARC _B3_slice6-Ort.czi,old,pomc,upper
1315,55.0,83.85454545454546,4612.0,B482_ARC _B3_slice6-Ort.czi,old,pomc,upper
1316,54.0,69.37037037037037,3746.0,B482_ARC _B3_slice6-Ort.czi,old,pomc,upper
1317,9.0,128.88888888888889,1160.0,B482_ARC _B3_slice6-Ort.czi,old,pomc,upper
1318,59.0,72.27118644067797,4264.0,B482_ARC _B3_slice6-Ort.czi,old,pomc,upper
1319,9.0,107.66666666666667,969.0,B482_ARC _B3_slice6-Ort.czi,old,pomc,upper
1320,34.0,67.52941176470588,2296.0,B482_ARC _B3_slice6-Ort.czi,old,pomc,upper
1321,44.0,80.86363636363636,3558.0,B482_ARC _B3_slice6-Ort.czi,old,pomc,upper
1322,56.0,87.39285714285714,4894.0,B482_ARC _B3_slice6-Ort.czi,old,pomc,upper
1323,12.0,81.08333333333333,973.0,B482_ARC _B3_slice6-Ort.czi,old,pomc,upper
1324,139.0,80.94964028776978,11252.0,B482_ARC _B3_slice6-Ort.czi,old,pomc,upper
1325,33.0,99.63636363636364,3288.0,B482_ARC _B3_slice6-Ort.czi,old,pomc,upper
1326,149.0,80.1744966442953,11946.0,B482_ARC _B3_slice6-Ort.czi,old,pomc,upper
1327,124.0,76.91129032258064,9537.0,B482_ARC _B3_slice6-Ort.czi,old,pomc,upper
1328,18.0,79.44444444444444,1430.0,B482_ARC _B3_slice6-Ort.czi,old,pomc,upper
1329,21.0,85.19047619047619,1789.0,B482_ARC _B3_slice6-Ort.czi,old,pomc,upper
1330,25.0,78.0,1950.0,B482_ARC _B3_slice6-Ort.czi,old,pomc,upper
1331,1.0,192.0,192.0,B482_ARC _B3_slice6-Ort.czi,old,pomc,upper
1332,23.0,108.78260869565217,2502.0,B482_ARC _B3_slice6-Ort.czi,old,pomc,upper
1333,44.0,87.38636363636364,3845.0,B482_ARC _B3_slice6-Ort.czi,old,pomc,upper
1334,21.0,86.80952380952381,1823.0,B482_ARC _B3_slice6-Ort.czi,old,pomc,upper
1335,86.0,68.32558139534883,5876.0,B482_ARC _B3_slice6-Ort.czi,old,pomc,upper
1336,15.0,94.66666666666667,1420.0,B482_ARC _B3_slice6-Ort.czi,old,pomc,upper
1337,19.0,81.89473684210526,1556.0,B482_ARC _B3_slice6-Ort.czi,old,pomc,upper
1338,40.0,82.975,3319.0,B482_ARC _B3_slice6-Ort.czi,old,pomc,upper
1339,73.0,89.3013698630137,6519.0,B482_ARC _B3_slice6-Ort.czi,old,pomc,upper
1340,45.0,92.84444444444445,4178.0,B482_ARC _B3_slice6-Ort.czi,old,pomc,upper
1341,110.0,95.43636363636364,10498.0,B482_ARC _B3_slice6-Ort.czi,old,pomc,upper
1342,11.0,108.0,1188.0,B482_ARC _B3_slice6-Ort.czi,old,pomc,upper
1343,39.0,75.71794871794872,2953.0,B482_ARC _B3_slice6-Ort.czi,old,pomc,upper
1344,53.0,80.41509433962264,4262.0,B482_ARC _B3_slice6-Ort.czi,old,pomc,upper
1345,14.0,93.71428571428571,1312.0,B482_ARC _B3_slice6-Ort.czi,old,pomc,upper
1346,86.0,85.03488372093024,7313.000000000001,B482_ARC _B3_slice6-Ort.czi,old,pomc,upper
1347,83.0,74.39759036144578,6175.0,B482_ARC _B3_slice6-Ort.czi,old,pomc,upper
1348,4.0,54.25,217.0,B482_ARC _B3_slice6-Ort.czi,old,pomc,upper
1349,42.0,92.28571428571429,3876.0000000000005,B482_ARC _B3_slice6-Ort.czi,old,pomc,upper
1350,92.0,77.44565217391305,7125.0,B482_ARC _B3_slice6-Ort.czi,old,pomc,upper
1351,15.0,69.13333333333334,1037.0,B482_ARC _B3_slice6-Ort.czi,old,pomc,upper
1352,87.0,77.62068965517241,6753.0,B482_ARC _B3_slice6-Ort.czi,old,pomc,upper
1353,30.0,64.36666666666666,1930.9999999999998,B482_ARC _B3_slice6-Ort.czi,old,pomc,upper
1354,20.0,74.55,1491.0,B482_ARC _B3_slice6-Ort.czi,old,pomc,upper
1355,36.0,67.30555555555556,2423.0,B482_ARC _B3_slice6-Ort.czi,old,pomc,upper
1356,12.0,67.66666666666667,812.0,B482_ARC _B3_slice6-Ort.czi,old,pomc,upper
1357,27.0,82.62962962962963,2231.0,B482_ARC _B3_slice6-Ort.czi,old,pomc,upper
1358,53.0,93.83018867924528,4973.0,B482_ARC _B3_slice6-Ort.czi,old,pomc,upper
1359,12.0,113.41666666666667,1361.0,B482_ARC _B3_slice6-Ort.czi,old,pomc,upper
1360,99.0,70.9090909090909,7020.0,B482_ARC _B3_slice6-Ort.czi,old,pomc,upper
1361,31.0,85.58064516129032,2653.0,B482_ARC _B3_slice6-Ort.czi,old,pomc,upper
1362,30.0,94.36666666666666,2831.0,B482_ARC _B3_slice6-Ort.czi,old,pomc,upper
1363,65.0,73.87692307692308,4802.0,B482_ARC _B3_slice6-Ort.czi,old,pomc,upper
1364,50.0,84.58,4229.0,B482_ARC _B3_slice6-Ort.czi,old,pomc,upper
1365,56.0,94.05357142857143,5267.0,B482_ARC _B3_slice6-Ort.czi,old,pomc,upper
1366,59.0,191.20338983050848,11281.0,B482_ARC _B3_slice6-Ort.czi,old,pomc,upper
1367,14.0,75.85714285714286,1062.0,B482_ARC _B3_slice6-Ort.czi,old,pomc,upper
1368,74.0,104.14864864864865,7707.0,B482_ARC _B3_slice6-Ort.czi,old,pomc,upper
1369,38.0,64.63157894736842,2456.0,B482_ARC _B3_slice6-Ort.czi,old,pomc,upper
1370,2.0,59.0,118.0,B482_ARC _B3_slice6-Ort.czi,old,pomc,upper
1371,22.0,70.54545454545455,1552.0,B482_ARC _B3_slice6-Ort.czi,old,pomc,upper
1,173.0,34.64739884393064,5994.0,F656_ARC _B3_slice8-Ort.czi,old,pomc,upper
2,70.0,34.67142857142857,2427.0,F656_ARC _B3_slice8-Ort.czi,old,pomc,upper
3,70.0,33.31428571428572,2332.0,F656_ARC _B3_slice8-Ort.czi,old,pomc,upper
4,52.0,36.38461538461539,1892.0,F656_ARC _B3_slice8-Ort.czi,old,pomc,upper
5,75.0,42.333333333333336,3175.0,F656_ARC _B3_slice8-Ort.czi,old,pomc,upper
6,5.0,44.2,221.0,F656_ARC _B3_slice8-Ort.czi,old,pomc,upper
7,1.0,49.0,49.0,F656_ARC _B3_slice8-Ort.czi,old,pomc,upper
8,75.0,33.0,2475.0,F656_ARC _B3_slice8-Ort.czi,old,pomc,upper
9,4.0,39.5,158.0,F656_ARC _B3_slice8-Ort.czi,old,pomc,upper
10,2.0,19.0,38.0,F656_ARC _B3_slice8-Ort.czi,old,pomc,upper
11,34.0,31.941176470588236,1086.0,F656_ARC _B3_slice8-Ort.czi,old,pomc,upper
12,39.0,32.64102564102564,1273.0,F656_ARC _B3_slice8-Ort.czi,old,pomc,upper
13,19.0,49.31578947368421,937.0,F656_ARC _B3_slice8-Ort.czi,old,pomc,upper
14,263.0,36.32319391634981,9553.0,F656_ARC _B3_slice8-Ort.czi,old,pomc,upper
15,6.0,57.0,342.0,F656_ARC _B3_slice8-Ort.czi,old,pomc,upper
16,11.0,50.54545454545455,556.0,F656_ARC _B3_slice8-Ort.czi,old,pomc,upper
17,75.0,38.92,2919.0,F656_ARC _B3_slice8-Ort.czi,old,pomc,upper
18,158.0,37.77215189873418,5968.0,F656_ARC _B3_slice8-Ort.czi,old,pomc,upper
19,14.0,50.0,700.0,F656_ARC _B3_slice8-Ort.czi,old,pomc,upper
20,158.0,32.30379746835443,5104.0,F656_ARC _B3_slice8-Ort.czi,old,pomc,upper
21,106.0,35.056603773584904,3716.0,F656_ARC _B3_slice8-Ort.czi,old,pomc,upper
22,22.0,41.72727272727273,918.0,F656_ARC _B3_slice8-Ort.czi,old,pomc,upper
23,9.0,34.333333333333336,309.0,F656_ARC _B3_slice8-Ort.czi,old,pomc,upper
24,86.0,41.73255813953488,3588.9999999999995,F656_ARC _B3_slice8-Ort.czi,old,pomc,upper
25,35.0,39.17142857142857,1371.0,F656_ARC _B3_slice8-Ort.czi,old,pomc,upper
26,6.0,49.166666666666664,295.0,F656_ARC _B3_slice8-Ort.czi,old,pomc,upper
27,398.0,33.65577889447236,13395.0,F656_ARC _B3_slice8-Ort.czi,old,pomc,upper
28,48.0,33.25,1596.0,F656_ARC _B3_slice8-Ort.czi,old,pomc,upper
29,54.0,44.574074074074076,2407.0,F656_ARC _B3_slice8-Ort.czi,old,pomc,upper
30,3.0,29.666666666666668,89.0,F656_ARC _B3_slice8-Ort.czi,old,pomc,upper
31,5.0,38.6,193.0,F656_ARC _B3_slice8-Ort.czi,old,pomc,upper
32,428.0,33.36448598130841,14280.0,F656_ARC _B3_slice8-Ort.czi,old,pomc,upper
33,128.0,38.515625,4930.0,F656_ARC _B3_slice8-Ort.czi,old,pomc,upper
34,34.0,41.23529411764706,1402.0,F656_ARC _B3_slice8-Ort.czi,old,pomc,upper
35,132.0,37.121212121212125,4900.0,F656_ARC _B3_slice8-Ort.czi,old,pomc,upper
36,27.0,35.25925925925926,952.0,F656_ARC _B3_slice8-Ort.czi,old,pomc,upper
37,26.0,35.26923076923077,916.9999999999999,F656_ARC _B3_slice8-Ort.czi,old,pomc,upper
38,36.0,32.22222222222222,1160.0,F656_ARC _B3_slice8-Ort.czi,old,pomc,upper
39,1674.0,34.82795698924731,58302.0,F656_ARC _B3_slice8-Ort.czi,old,pomc,upper
40,24.0,44.875,1077.0,F656_ARC _B3_slice8-Ort.czi,old,pomc,upper
41,16.0,32.5,520.0,F656_ARC _B3_slice8-Ort.czi,old,pomc,upper
42,8.0,36.25,290.0,F656_ARC _B3_slice8-Ort.czi,old,pomc,upper
43,38.0,31.13157894736842,1183.0,F656_ARC _B3_slice8-Ort.czi,old,pomc,upper
44,11.0,34.72727272727273,382.0,F656_ARC _B3_slice8-Ort.czi,old,pomc,upper
45,33.0,39.54545454545455,1305.0,F656_ARC _B3_slice8-Ort.czi,old,pomc,upper
46,16.0,101.5,1624.0,F656_ARC _B3_slice8-Ort.czi,old,pomc,upper
47,1.0,62.0,62.0,F656_ARC _B3_slice8-Ort.czi,old,pomc,upper
48,2014.0,37.87437934458789,76279.0,F656_ARC _B3_slice8-Ort.czi,old,pomc,upper
49,30.0,39.86666666666667,1196.0,F656_ARC _B3_slice8-Ort.czi,old,pomc,upper
50,525.0,34.38857142857143,18054.0,F656_ARC _B3_slice8-Ort.czi,old,pomc,upper
51,106.0,35.5,3763.0,F656_ARC _B3_slice8-Ort.czi,old,pomc,upper
52,458.0,34.02620087336245,15584.000000000002,F656_ARC _B3_slice8-Ort.czi,old,pomc,upper
53,10.0,52.9,529.0,F656_ARC _B3_slice8-Ort.czi,old,pomc,upper
54,55.0,42.30909090909091,2327.0,F656_ARC _B3_slice8-Ort.czi,old,pomc,upper
55,102.0,36.754901960784316,3749.0000000000005,F656_ARC _B3_slice8-Ort.czi,old,pomc,upper
56,29.0,38.172413793103445,1107.0,F656_ARC _B3_slice8-Ort.czi,old,pomc,upper
57,7.0,36.42857142857143,255.0,F656_ARC _B3_slice8-Ort.czi,old,pomc,upper
58,14.0,40.714285714285715,570.0,F656_ARC _B3_slice8-Ort.czi,old,pomc,upper
59,17.0,49.64705882352941,844.0,F656_ARC _B3_slice8-Ort.czi,old,pomc,upper
60,13.0,30.46153846153846,396.0,F656_ARC _B3_slice8-Ort.czi,old,pomc,upper
61,106.0,36.79245283018868,3900.0,F656_ARC _B3_slice8-Ort.czi,old,pomc,upper
62,11.0,40.90909090909091,450.0,F656_ARC _B3_slice8-Ort.czi,old,pomc,upper
63,10.0,37.4,374.0,F656_ARC _B3_slice8-Ort.czi,old,pomc,upper
64,289.0,33.77508650519031,9761.0,F656_ARC _B3_slice8-Ort.czi,old,pomc,upper
65,135.0,39.333333333333336,5310.0,F656_ARC _B3_slice8-Ort.czi,old,pomc,upper
66,87.0,35.18390804597701,3061.0,F656_ARC _B3_slice8-Ort.czi,old,pomc,upper
67,1.0,39.0,39.0,F656_ARC _B3_slice8-Ort.czi,old,pomc,upper
68,19.0,52.473684210526315,997.0,F656_ARC _B3_slice8-Ort.czi,old,pomc,upper
69,1.0,23.0,23.0,F656_ARC _B3_slice8-Ort.czi,old,pomc,upper
70,211.0,35.14218009478673,7415.0,F656_ARC _B3_slice8-Ort.czi,old,pomc,upper
71,53.0,36.0,1908.0,F656_ARC _B3_slice8-Ort.czi,old,pomc,upper
72,145.0,32.206896551724135,4670.0,F656_ARC _B3_slice8-Ort.czi,old,pomc,upper
73,121.0,36.27272727272727,4389.0,F656_ARC _B3_slice8-Ort.czi,old,pomc,upper
74,160.0,36.46875,5835.0,F656_ARC _B3_slice8-Ort.czi,old,pomc,upper
75,41.0,29.634146341463413,1215.0,F656_ARC _B3_slice8-Ort.czi,old,pomc,upper
76,30.0,46.56666666666667,1397.0,F656_ARC _B3_slice8-Ort.czi,old,pomc,upper
77,1.0,72.0,72.0,F656_ARC _B3_slice8-Ort.czi,old,pomc,upper
78,2354.0,32.652931180968565,76865.0,F656_ARC _B3_slice8-Ort.czi,old,pomc,upper
79,3.0,60.666666666666664,182.0,F656_ARC _B3_slice8-Ort.czi,old,pomc,upper
80,2.0,50.0,100.0,F656_ARC _B3_slice8-Ort.czi,old,pomc,upper
81,20.0,36.25,725.0,F656_ARC _B3_slice8-Ort.czi,old,pomc,upper
82,74.0,36.9054054054054,2731.0,F656_ARC _B3_slice8-Ort.czi,old,pomc,upper
83,131.0,34.29007633587786,4492.0,F656_ARC _B3_slice8-Ort.czi,old,pomc,upper
84,25.0,33.88,847.0000000000001,F656_ARC _B3_slice8-Ort.czi,old,pomc,upper
85,85.0,36.67058823529412,3117.0,F656_ARC _B3_slice8-Ort.czi,old,pomc,upper
86,4.0,34.75,139.0,F656_ARC _B3_slice8-Ort.czi,old,pomc,upper
87,114.0,35.39473684210526,4034.9999999999995,F656_ARC _B3_slice8-Ort.czi,old,pomc,upper
88,167.0,34.82634730538922,5816.0,F656_ARC _B3_slice8-Ort.czi,old,pomc,upper
89,13.0,28.846153846153847,375.0,F656_ARC _B3_slice8-Ort.czi,old,pomc,upper
90,19.0,41.36842105263158,786.0000000000001,F656_ARC _B3_slice8-Ort.czi,old,pomc,upper
91,6.0,41.666666666666664,250.0,F656_ARC _B3_slice8-Ort.czi,old,pomc,upper
92,25.0,35.88,897.0000000000001,F656_ARC _B3_slice8-Ort.czi,old,pomc,upper
93,30.0,38.666666666666664,1160.0,F656_ARC _B3_slice8-Ort.czi,old,pomc,upper
94,1.0,38.0,38.0,F656_ARC _B3_slice8-Ort.czi,old,pomc,upper
95,5.0,35.0,175.0,F656_ARC _B3_slice8-Ort.czi,old,pomc,upper
96,10.0,36.2,362.0,F656_ARC _B3_slice8-Ort.czi,old,pomc,upper
97,123.0,34.048780487804876,4188.0,F656_ARC _B3_slice8-Ort.czi,old,pomc,upper
98,86.0,37.93023255813954,3262.0,F656_ARC _B3_slice8-Ort.czi,old,pomc,upper
99,1.0,33.0,33.0,F656_ARC _B3_slice8-Ort.czi,old,pomc,upper
100,147.0,36.38775510204081,5349.0,F656_ARC _B3_slice8-Ort.czi,old,pomc,upper
101,74.0,31.04054054054054,2297.0,F656_ARC _B3_slice8-Ort.czi,old,pomc,upper
102,102.0,35.3921568627451,3610.0,F656_ARC _B3_slice8-Ort.czi,old,pomc,upper
103,3.0,44.333333333333336,133.0,F656_ARC _B3_slice8-Ort.czi,old,pomc,upper
104,13.0,38.15384615384615,496.0,F656_ARC _B3_slice8-Ort.czi,old,pomc,upper
105,2.0,73.0,146.0,F656_ARC _B3_slice8-Ort.czi,old,pomc,upper
106,32.0,32.15625,1029.0,F656_ARC _B3_slice8-Ort.czi,old,pomc,upper
107,9.0,36.22222222222222,326.0,F656_ARC _B3_slice8-Ort.czi,old,pomc,upper
108,41.0,34.48780487804878,1413.9999999999998,F656_ARC _B3_slice8-Ort.czi,old,pomc,upper
109,134.0,35.298507462686565,4730.0,F656_ARC _B3_slice8-Ort.czi,old,pomc,upper
110,1.0,36.0,36.0,F656_ARC _B3_slice8-Ort.czi,old,pomc,upper
111,6.0,48.0,288.0,F656_ARC _B3_slice8-Ort.czi,old,pomc,upper
112,72.0,41.791666666666664,3009.0,F656_ARC _B3_slice8-Ort.czi,old,pomc,upper
113,61.0,34.47540983606557,2103.0,F656_ARC _B3_slice8-Ort.czi,old,pomc,upper
114,26.0,39.53846153846154,1028.0,F656_ARC _B3_slice8-Ort.czi,old,pomc,upper
115,6.0,53.666666666666664,322.0,F656_ARC _B3_slice8-Ort.czi,old,pomc,upper
116,3.0,32.666666666666664,98.0,F656_ARC _B3_slice8-Ort.czi,old,pomc,upper
117,1.0,38.0,38.0,F656_ARC _B3_slice8-Ort.czi,old,pomc,upper
118,69.0,35.072463768115945,2420.0,F656_ARC _B3_slice8-Ort.czi,old,pomc,upper
119,9.0,38.22222222222222,344.0,F656_ARC _B3_slice8-Ort.czi,old,pomc,upper
120,18.0,42.77777777777778,770.0,F656_ARC _B3_slice8-Ort.czi,old,pomc,upper
121,58.0,44.310344827586206,2570.0,F656_ARC _B3_slice8-Ort.czi,old,pomc,upper
122,25.0,37.76,944.0,F656_ARC _B3_slice8-Ort.czi,old,pomc,upper
123,103.0,30.776699029126213,3170.0,F656_ARC _B3_slice8-Ort.czi,old,pomc,upper
124,34.0,33.55882352941177,1141.0,F656_ARC _B3_slice8-Ort.czi,old,pomc,upper
125,5.0,48.8,244.0,F656_ARC _B3_slice8-Ort.czi,old,pomc,upper
126,89.0,38.40449438202247,3418.0,F656_ARC _B3_slice8-Ort.czi,old,pomc,upper
127,116.0,35.48275862068966,4116.0,F656_ARC _B3_slice8-Ort.czi,old,pomc,upper
128,9.0,31.555555555555557,284.0,F656_ARC _B3_slice8-Ort.czi,old,pomc,upper
129,52.0,45.30769230769231,2356.0,F656_ARC _B3_slice8-Ort.czi,old,pomc,upper
130,55.0,37.345454545454544,2054.0,F656_ARC _B3_slice8-Ort.czi,old,pomc,upper
131,45.0,44.82222222222222,2017.0,F656_ARC _B3_slice8-Ort.czi,old,pomc,upper
132,551.0,31.1978221415608,17190.0,F656_ARC _B3_slice8-Ort.czi,old,pomc,upper
133,18.0,36.5,657.0,F656_ARC _B3_slice8-Ort.czi,old,pomc,upper
134,1.0,35.0,35.0,F656_ARC _B3_slice8-Ort.czi,old,pomc,upper
135,9.0,39.0,351.0,F656_ARC _B3_slice8-Ort.czi,old,pomc,upper
136,111.0,33.729729729729726,3743.9999999999995,F656_ARC _B3_slice8-Ort.czi,old,pomc,upper
137,17.0,41.470588235294116,705.0,F656_ARC _B3_slice8-Ort.czi,old,pomc,upper
138,613.0,38.08319738988581,23345.000000000004,F656_ARC _B3_slice8-Ort.czi,old,pomc,upper
139,40.0,41.85,1674.0,F656_ARC _B3_slice8-Ort.czi,old,pomc,upper
140,24.0,35.208333333333336,845.0,F656_ARC _B3_slice8-Ort.czi,old,pomc,upper
141,82.0,39.951219512195124,3276.0,F656_ARC _B3_slice8-Ort.czi,old,pomc,upper
142,17.0,39.05882352941177,664.0,F656_ARC _B3_slice8-Ort.czi,old,pomc,upper
143,132.0,33.39393939393939,4408.0,F656_ARC _B3_slice8-Ort.czi,old,pomc,upper
144,32.0,28.09375,899.0,F656_ARC _B3_slice8-Ort.czi,old,pomc,upper
145,252.0,35.257936507936506,8885.0,F656_ARC _B3_slice8-Ort.czi,old,pomc,upper
146,17.0,30.470588235294116,518.0,F656_ARC _B3_slice8-Ort.czi,old,pomc,upper
147,30.0,49.36666666666667,1481.0,F656_ARC _B3_slice8-Ort.czi,old,pomc,upper
148,66.0,39.77272727272727,2625.0,F656_ARC _B3_slice8-Ort.czi,old,pomc,upper
149,507.0,31.301775147928993,15870.0,F656_ARC _B3_slice8-Ort.czi,old,pomc,upper
150,24.0,47.083333333333336,1130.0,F656_ARC _B3_slice8-Ort.czi,old,pomc,upper
151,304.0,32.848684210526315,9986.0,F656_ARC _B3_slice8-Ort.czi,old,pomc,upper
152,4.0,40.25,161.0,F656_ARC _B3_slice8-Ort.czi,old,pomc,upper
153,5.0,42.2,211.0,F656_ARC _B3_slice8-Ort.czi,old,pomc,upper
154,98.0,37.11224489795919,3637.0000000000005,F656_ARC _B3_slice8-Ort.czi,old,pomc,upper
155,15.0,46.6,699.0,F656_ARC _B3_slice8-Ort.czi,old,pomc,upper
156,1.0,38.0,38.0,F656_ARC _B3_slice8-Ort.czi,old,pomc,upper
157,50.0,38.94,1947.0,F656_ARC _B3_slice8-Ort.czi,old,pomc,upper
158,73.0,29.123287671232877,2126.0,F656_ARC _B3_slice8-Ort.czi,old,pomc,upper
159,1.0,32.0,32.0,F656_ARC _B3_slice8-Ort.czi,old,pomc,upper
160,14.0,49.07142857142857,687.0,F656_ARC _B3_slice8-Ort.czi,old,pomc,upper
161,35.0,36.08571428571429,1263.0,F656_ARC _B3_slice8-Ort.czi,old,pomc,upper
162,169.0,32.171597633136095,5437.0,F656_ARC _B3_slice8-Ort.czi,old,pomc,upper
163,699.0,33.87839771101574,23681.0,F656_ARC _B3_slice8-Ort.czi,old,pomc,upper
164,1.0,44.0,44.0,F656_ARC _B3_slice8-Ort.czi,old,pomc,upper
165,98.0,43.204081632653065,4234.0,F656_ARC _B3_slice8-Ort.czi,old,pomc,upper
166,39.0,36.743589743589745,1433.0,F656_ARC _B3_slice8-Ort.czi,old,pomc,upper
167,37.0,50.108108108108105,1854.0,F656_ARC _B3_slice8-Ort.czi,old,pomc,upper
168,11.0,55.09090909090909,606.0,F656_ARC _B3_slice8-Ort.czi,old,pomc,upper
169,136.0,38.36029411764706,5217.0,F656_ARC _B3_slice8-Ort.czi,old,pomc,upper
170,22.0,34.95454545454545,769.0,F656_ARC _B3_slice8-Ort.czi,old,pomc,upper
171,353.0,30.623229461756374,10810.0,F656_ARC _B3_slice8-Ort.czi,old,pomc,upper
172,35.0,34.285714285714285,1200.0,F656_ARC _B3_slice8-Ort.czi,old,pomc,upper
173,40.0,36.15,1446.0,F656_ARC _B3_slice8-Ort.czi,old,pomc,upper
174,172.0,35.093023255813954,6036.0,F656_ARC _B3_slice8-Ort.czi,old,pomc,upper
175,6.0,50.0,300.0,F656_ARC _B3_slice8-Ort.czi,old,pomc,upper
176,77.0,33.77922077922078,2601.0,F656_ARC _B3_slice8-Ort.czi,old,pomc,upper
177,22.0,42.09090909090909,926.0,F656_ARC _B3_slice8-Ort.czi,old,pomc,upper
178,193.0,36.19170984455958,6984.999999999999,F656_ARC _B3_slice8-Ort.czi,old,pomc,upper
179,89.0,41.674157303370784,3708.9999999999995,F656_ARC _B3_slice8-Ort.czi,old,pomc,upper
180,33.0,43.93939393939394,1450.0,F656_ARC _B3_slice8-Ort.czi,old,pomc,upper
181,15.0,48.2,723.0,F656_ARC _B3_slice8-Ort.czi,old,pomc,upper
182,1.0,43.0,43.0,F656_ARC _B3_slice8-Ort.czi,old,pomc,upper
183,26.0,36.61538461538461,952.0,F656_ARC _B3_slice8-Ort.czi,old,pomc,upper
184,58.0,35.51724137931034,2060.0,F656_ARC _B3_slice8-Ort.czi,old,pomc,upper
185,24.0,45.791666666666664,1099.0,F656_ARC _B3_slice8-Ort.czi,old,pomc,upper
186,2.0,27.5,55.0,F656_ARC _B3_slice8-Ort.czi,old,pomc,upper
187,5.0,43.4,217.0,F656_ARC _B3_slice8-Ort.czi,old,pomc,upper
188,91.0,38.362637362637365,3491.0,F656_ARC _B3_slice8-Ort.czi,old,pomc,upper
189,14.0,46.285714285714285,648.0,F656_ARC _B3_slice8-Ort.czi,old,pomc,upper
190,32.0,34.125,1092.0,F656_ARC _B3_slice8-Ort.czi,old,pomc,upper
191,18.0,35.05555555555556,631.0,F656_ARC _B3_slice8-Ort.czi,old,pomc,upper
192,391.0,37.312020460358056,14589.0,F656_ARC _B3_slice8-Ort.czi,old,pomc,upper
193,30.0,39.8,1194.0,F656_ARC _B3_slice8-Ort.czi,old,pomc,upper
194,42.0,38.595238095238095,1621.0,F656_ARC _B3_slice8-Ort.czi,old,pomc,upper
195,36.0,47.69444444444444,1717.0,F656_ARC _B3_slice8-Ort.czi,old,pomc,upper
196,59.0,35.186440677966104,2076.0,F656_ARC _B3_slice8-Ort.czi,old,pomc,upper
197,27.0,34.333333333333336,927.0000000000001,F656_ARC _B3_slice8-Ort.czi,old,pomc,upper
198,20.0,39.3,786.0,F656_ARC _B3_slice8-Ort.czi,old,pomc,upper
199,7.0,45.57142857142857,319.0,F656_ARC _B3_slice8-Ort.czi,old,pomc,upper
200,32.0,30.90625,989.0,F656_ARC _B3_slice8-Ort.czi,old,pomc,upper
201,21.0,31.238095238095237,656.0,F656_ARC _B3_slice8-Ort.czi,old,pomc,upper
202,41.0,36.853658536585364,1511.0,F656_ARC _B3_slice8-Ort.czi,old,pomc,upper
203,70.0,33.81428571428572,2367.0,F656_ARC _B3_slice8-Ort.czi,old,pomc,upper
204,69.0,41.21739130434783,2844.0,F656_ARC _B3_slice8-Ort.czi,old,pomc,upper
205,23.0,44.04347826086956,1013.0,F656_ARC _B3_slice8-Ort.czi,old,pomc,upper
206,33.0,40.84848484848485,1348.0,F656_ARC _B3_slice8-Ort.czi,old,pomc,upper
207,47.0,34.06382978723404,1601.0,F656_ARC _B3_slice8-Ort.czi,old,pomc,upper
208,107.0,43.05607476635514,4607.0,F656_ARC _B3_slice8-Ort.czi,old,pomc,upper
209,3.0,30.0,90.0,F656_ARC _B3_slice8-Ort.czi,old,pomc,upper
210,106.0,32.41509433962264,3436.0,F656_ARC _B3_slice8-Ort.czi,old,pomc,upper
211,20.0,30.8,616.0,F656_ARC _B3_slice8-Ort.czi,old,pomc,upper
212,15.0,43.06666666666667,646.0,F656_ARC _B3_slice8-Ort.czi,old,pomc,upper
213,1.0,58.0,58.0,F656_ARC _B3_slice8-Ort.czi,old,pomc,upper
214,19.0,34.21052631578947,650.0,F656_ARC _B3_slice8-Ort.czi,old,pomc,upper
215,5.0,44.4,222.0,F656_ARC _B3_slice8-Ort.czi,old,pomc,upper
216,36.0,40.388888888888886,1454.0,F656_ARC _B3_slice8-Ort.czi,old,pomc,upper
217,13.0,37.15384615384615,483.0,F656_ARC _B3_slice8-Ort.czi,old,pomc,upper
218,32.0,35.65625,1141.0,F656_ARC _B3_slice8-Ort.czi,old,pomc,upper
219,1.0,49.0,49.0,F656_ARC _B3_slice8-Ort.czi,old,pomc,upper
220,24.0,34.333333333333336,824.0,F656_ARC _B3_slice8-Ort.czi,old,pomc,upper
221,41.0,39.24390243902439,1609.0,F656_ARC _B3_slice8-Ort.czi,old,pomc,upper
222,100.0,43.84,4384.0,F656_ARC _B3_slice8-Ort.czi,old,pomc,upper
223,63.0,37.285714285714285,2349.0,F656_ARC _B3_slice8-Ort.czi,old,pomc,upper
224,948.0,72.06434599156118,68317.0,F656_ARC _B3_slice8-Ort.czi,old,pomc,upper
225,22.0,36.18181818181818,796.0,F656_ARC _B3_slice8-Ort.czi,old,pomc,upper
226,31.0,35.96774193548387,1115.0,F656_ARC _B3_slice8-Ort.czi,old,pomc,upper
227,2.0,47.5,95.0,F656_ARC _B3_slice8-Ort.czi,old,pomc,upper
228,137.0,38.43795620437956,5266.0,F656_ARC _B3_slice8-Ort.czi,old,pomc,upper
229,18.0,41.611111111111114,749.0,F656_ARC _B3_slice8-Ort.czi,old,pomc,upper
230,22.0,42.81818181818182,942.0,F656_ARC _B3_slice8-Ort.czi,old,pomc,upper
231,85.0,28.96470588235294,2462.0,F656_ARC _B3_slice8-Ort.czi,old,pomc,upper
232,22.0,34.22727272727273,753.0,F656_ARC _B3_slice8-Ort.czi,old,pomc,upper
233,23.0,57.95652173913044,1333.0,F656_ARC _B3_slice8-Ort.czi,old,pomc,upper
234,26.0,40.53846153846154,1054.0,F656_ARC _B3_slice8-Ort.czi,old,pomc,upper
235,1.0,16.0,16.0,F656_ARC _B3_slice8-Ort.czi,old,pomc,upper
236,8.0,26.875,215.0,F656_ARC _B3_slice8-Ort.czi,old,pomc,upper
237,3.0,27.333333333333332,82.0,F656_ARC _B3_slice8-Ort.czi,old,pomc,upper
238,1.0,58.0,58.0,F656_ARC _B3_slice8-Ort.czi,old,pomc,upper
239,47.0,28.51063829787234,1340.0,F656_ARC _B3_slice8-Ort.czi,old,pomc,upper
240,10.0,35.0,350.0,F656_ARC _B3_slice8-Ort.czi,old,pomc,upper
241,33.0,30.696969696969695,1013.0,F656_ARC _B3_slice8-Ort.czi,old,pomc,upper
242,16.0,36.0,576.0,F656_ARC _B3_slice8-Ort.czi,old,pomc,upper
243,56.0,35.589285714285715,1993.0,F656_ARC _B3_slice8-Ort.czi,old,pomc,upper
244,1.0,34.0,34.0,F656_ARC _B3_slice8-Ort.czi,old,pomc,upper
245,65.0,34.38461538461539,2235.0,F656_ARC _B3_slice8-Ort.czi,old,pomc,upper
246,16.0,32.125,514.0,F656_ARC _B3_slice8-Ort.czi,old,pomc,upper
247,59.0,33.79661016949152,1993.9999999999998,F656_ARC _B3_slice8-Ort.czi,old,pomc,upper
248,14.0,38.57142857142857,540.0,F656_ARC _B3_slice8-Ort.czi,old,pomc,upper
249,35.0,30.485714285714284,1067.0,F656_ARC _B3_slice8-Ort.czi,old,pomc,upper
250,58.0,49.706896551724135,2883.0,F656_ARC _B3_slice8-Ort.czi,old,pomc,upper
251,6.0,40.5,243.0,F656_ARC _B3_slice8-Ort.czi,old,pomc,upper
252,28.0,35.67857142857143,999.0,F656_ARC _B3_slice8-Ort.czi,old,pomc,upper
253,30.0,32.233333333333334,967.0,F656_ARC _B3_slice8-Ort.czi,old,pomc,upper
254,23.0,32.04347826086956,737.0,F656_ARC _B3_slice8-Ort.czi,old,pomc,upper
255,18.0,45.44444444444444,818.0,F656_ARC _B3_slice8-Ort.czi,old,pomc,upper
256,4.0,39.75,159.0,F656_ARC _B3_slice8-Ort.czi,old,pomc,upper
257,15.0,33.06666666666667,496.00000000000006,F656_ARC _B3_slice8-Ort.czi,old,pomc,upper
258,3.0,44.333333333333336,133.0,F656_ARC _B3_slice8-Ort.czi,old,pomc,upper
259,8.0,38.0,304.0,F656_ARC _B3_slice8-Ort.czi,old,pomc,upper
260,47.0,31.4468085106383,1478.0,F656_ARC _B3_slice8-Ort.czi,old,pomc,upper
261,2.0,37.0,74.0,F656_ARC _B3_slice8-Ort.czi,old,pomc,upper
262,1.0,33.0,33.0,F656_ARC _B3_slice8-Ort.czi,old,pomc,upper
263,2.0,26.0,52.0,F656_ARC _B3_slice8-Ort.czi,old,pomc,upper
264,6.0,26.166666666666668,157.0,F656_ARC _B3_slice8-Ort.czi,old,pomc,upper
265,5.0,46.2,231.0,F656_ARC _B3_slice8-Ort.czi,old,pomc,upper
266,56.0,30.928571428571427,1732.0,F656_ARC _B3_slice8-Ort.czi,old,pomc,upper
267,1.0,23.0,23.0,F656_ARC _B3_slice8-Ort.czi,old,pomc,upper
268,1.0,11.0,11.0,F656_ARC _B3_slice8-Ort.czi,old,pomc,upper
269,1.0,25.0,25.0,F656_ARC _B3_slice8-Ort.czi,old,pomc,upper
270,5.0,34.6,173.0,F656_ARC _B3_slice8-Ort.czi,old,pomc,upper
271,243.0,34.72839506172839,8439.0,F656_ARC _B3_slice8-Ort.czi,old,pomc,upper
272,1.0,38.0,38.0,F656_ARC _B3_slice8-Ort.czi,old,pomc,upper
273,3.0,50.333333333333336,151.0,F656_ARC _B3_slice8-Ort.czi,old,pomc,upper
274,12.0,39.833333333333336,478.0,F656_ARC _B3_slice8-Ort.czi,old,pomc,upper
275,1.0,17.0,17.0,F656_ARC _B3_slice8-Ort.czi,old,pomc,upper
276,11.0,55.45454545454545,610.0,F656_ARC _B3_slice8-Ort.czi,old,pomc,upper
277,23.0,50.69565217391305,1166.0,F656_ARC _B3_slice8-Ort.czi,old,pomc,upper
278,41.0,52.390243902439025,2148.0,F656_ARC _B3_slice8-Ort.czi,old,pomc,upper
279,13.0,45.84615384615385,596.0,F656_ARC _B3_slice8-Ort.czi,old,pomc,upper
280,47.0,37.4468085106383,1760.0,F656_ARC _B3_slice8-Ort.czi,old,pomc,upper
281,14.0,50.785714285714285,711.0,F656_ARC _B3_slice8-Ort.czi,old,pomc,upper
282,3.0,39.666666666666664,119.0,F656_ARC _B3_slice8-Ort.czi,old,pomc,upper
283,10.0,36.8,368.0,F656_ARC _B3_slice8-Ort.czi,old,pomc,upper
284,8.0,31.125,249.0,F656_ARC _B3_slice8-Ort.czi,old,pomc,upper
285,5.0,37.2,186.0,F656_ARC _B3_slice8-Ort.czi,old,pomc,upper
286,1.0,14.0,14.0,F656_ARC _B3_slice8-Ort.czi,old,pomc,upper
287,7.0,55.142857142857146,386.0,F656_ARC _B3_slice8-Ort.czi,old,pomc,upper
288,1.0,73.0,73.0,F656_ARC _B3_slice8-Ort.czi,old,pomc,upper
289,1.0,26.0,26.0,F656_ARC _B3_slice8-Ort.czi,old,pomc,upper
290,6.0,39.833333333333336,239.0,F656_ARC _B3_slice8-Ort.czi,old,pomc,upper
291,9.0,54.0,486.0,F656_ARC _B3_slice8-Ort.czi,old,pomc,upper
292,2.0,37.0,74.0,F656_ARC _B3_slice8-Ort.czi,old,pomc,upper
293,15.0,69.0,1035.0,F656_ARC _B3_slice8-Ort.czi,old,pomc,upper
294,113.0,40.04424778761062,4525.0,F656_ARC _B3_slice8-Ort.czi,old,pomc,upper
295,34.0,40.73529411764706,1385.0,F656_ARC _B3_slice8-Ort.czi,old,pomc,upper
296,1.0,31.0,31.0,F656_ARC _B3_slice8-Ort.czi,old,pomc,upper
297,6.0,25.5,153.0,F656_ARC _B3_slice8-Ort.czi,old,pomc,upper
298,4.0,29.0,116.0,F656_ARC _B3_slice8-Ort.czi,old,pomc,upper
299,203.0,34.29064039408867,6961.0,F656_ARC _B3_slice8-Ort.czi,old,pomc,upper
300,20.0,33.05,661.0,F656_ARC _B3_slice8-Ort.czi,old,pomc,upper
301,9.0,32.22222222222222,290.0,F656_ARC _B3_slice8-Ort.czi,old,pomc,upper
302,20.0,27.85,557.0,F656_ARC _B3_slice8-Ort.czi,old,pomc,upper
303,2.0,46.5,93.0,F656_ARC _B3_slice8-Ort.czi,old,pomc,upper
304,11.0,45.81818181818182,504.0,F656_ARC _B3_slice8-Ort.czi,old,pomc,upper
305,1.0,20.0,20.0,F656_ARC _B3_slice8-Ort.czi,old,pomc,upper
306,9.0,31.77777777777778,286.0,F656_ARC _B3_slice8-Ort.czi,old,pomc,upper
307,18.0,36.44444444444444,656.0,F656_ARC _B3_slice8-Ort.czi,old,pomc,upper
308,4.0,51.25,205.0,F656_ARC _B3_slice8-Ort.czi,old,pomc,upper
309,3.0,47.333333333333336,142.0,F656_ARC _B3_slice8-Ort.czi,old,pomc,upper
310,20.0,39.45,789.0,F656_ARC _B3_slice8-Ort.czi,old,pomc,upper
311,1.0,33.0,33.0,F656_ARC _B3_slice8-Ort.czi,old,pomc,upper
312,5.0,27.2,136.0,F656_ARC _B3_slice8-Ort.czi,old,pomc,upper
313,29603.0,31.444786001418777,930860.0,F656_ARC _B3_slice8-Ort.czi,old,pomc,upper
314,44.0,39.34090909090909,1731.0,F656_ARC _B3_slice8-Ort.czi,old,pomc,upper
315,5.0,25.6,128.0,F656_ARC _B3_slice8-Ort.czi,old,pomc,upper
316,21.0,29.142857142857142,612.0,F656_ARC _B3_slice8-Ort.czi,old,pomc,upper
317,3.0,25.666666666666668,77.0,F656_ARC _B3_slice8-Ort.czi,old,pomc,upper
318,1.0,40.0,40.0,F656_ARC _B3_slice8-Ort.czi,old,pomc,upper
319,6.0,36.666666666666664,220.0,F656_ARC _B3_slice8-Ort.czi,old,pomc,upper
320,1.0,38.0,38.0,F656_ARC _B3_slice8-Ort.czi,old,pomc,upper
321,20.0,35.8,716.0,F656_ARC _B3_slice8-Ort.czi,old,pomc,upper
322,14.0,31.428571428571427,440.0,F656_ARC _B3_slice8-Ort.czi,old,pomc,upper
323,90.0,37.6,3384.0,F656_ARC _B3_slice8-Ort.czi,old,pomc,upper
324,1.0,23.0,23.0,F656_ARC _B3_slice8-Ort.czi,old,pomc,upper
325,20.0,37.75,755.0,F656_ARC _B3_slice8-Ort.czi,old,pomc,upper
326,25.0,47.36,1184.0,F656_ARC _B3_slice8-Ort.czi,old,pomc,upper
327,15.0,51.46666666666667,772.0,F656_ARC _B3_slice8-Ort.czi,old,pomc,upper
328,35.0,44.857142857142854,1570.0,F656_ARC _B3_slice8-Ort.czi,old,pomc,upper
329,1.0,14.0,14.0,F656_ARC _B3_slice8-Ort.czi,old,pomc,upper
330,1.0,24.0,24.0,F656_ARC _B3_slice8-Ort.czi,old,pomc,upper
331,23.0,41.0,943.0,F656_ARC _B3_slice8-Ort.czi,old,pomc,upper
332,3.0,77.66666666666667,233.0,F656_ARC _B3_slice8-Ort.czi,old,pomc,upper
333,4.0,34.25,137.0,F656_ARC _B3_slice8-Ort.czi,old,pomc,upper
334,57.0,42.63157894736842,2430.0,F656_ARC _B3_slice8-Ort.czi,old,pomc,upper
335,1.0,15.0,15.0,F656_ARC _B3_slice8-Ort.czi,old,pomc,upper
336,103.0,36.56310679611651,3766.0000000000005,F656_ARC _B3_slice8-Ort.czi,old,pomc,upper
337,14.0,39.357142857142854,551.0,F656_ARC _B3_slice8-Ort.czi,old,pomc,upper
338,11.0,31.363636363636363,345.0,F656_ARC _B3_slice8-Ort.czi,old,pomc,upper
339,475.0,32.59157894736842,15480.999999999998,F656_ARC _B3_slice8-Ort.czi,old,pomc,upper
340,72.0,48.27777777777778,3476.0,F656_ARC _B3_slice8-Ort.czi,old,pomc,upper
341,21.0,40.142857142857146,843.0000000000001,F656_ARC _B3_slice8-Ort.czi,old,pomc,upper
342,12.0,25.5,306.0,F656_ARC _B3_slice8-Ort.czi,old,pomc,upper
343,28.0,44.5,1246.0,F656_ARC _B3_slice8-Ort.czi,old,pomc,upper
344,1.0,21.0,21.0,F656_ARC _B3_slice8-Ort.czi,old,pomc,upper
345,49.0,44.183673469387756,2165.0,F656_ARC _B3_slice8-Ort.czi,old,pomc,upper
346,26.0,36.0,936.0,F656_ARC _B3_slice8-Ort.czi,old,pomc,upper
347,39.0,35.256410256410255,1375.0,F656_ARC _B3_slice8-Ort.czi,old,pomc,upper
348,9.0,27.77777777777778,250.0,F656_ARC _B3_slice8-Ort.czi,old,pomc,upper
349,24.0,37.916666666666664,910.0,F656_ARC _B3_slice8-Ort.czi,old,pomc,upper
350,133.0,29.518796992481203,3926.0,F656_ARC _B3_slice8-Ort.czi,old,pomc,upper
351,1.0,19.0,19.0,F656_ARC _B3_slice8-Ort.czi,old,pomc,upper
352,6.0,42.0,252.0,F656_ARC _B3_slice8-Ort.czi,old,pomc,upper
353,609.0,35.54679802955665,21648.0,F656_ARC _B3_slice8-Ort.czi,old,pomc,upper
354,11.0,44.0,484.0,F656_ARC _B3_slice8-Ort.czi,old,pomc,upper
355,21.0,37.04761904761905,778.0000000000001,F656_ARC _B3_slice8-Ort.czi,old,pomc,upper
356,16.0,40.8125,653.0,F656_ARC _B3_slice8-Ort.czi,old,pomc,upper
357,25.0,30.16,754.0,F656_ARC _B3_slice8-Ort.czi,old,pomc,upper
358,10.0,32.9,329.0,F656_ARC _B3_slice8-Ort.czi,old,pomc,upper
359,26.0,43.0,1118.0,F656_ARC _B3_slice8-Ort.czi,old,pomc,upper
360,8.0,50.75,406.0,F656_ARC _B3_slice8-Ort.czi,old,pomc,upper
361,19.0,43.94736842105263,835.0,F656_ARC _B3_slice8-Ort.czi,old,pomc,upper
362,10.0,38.6,386.0,F656_ARC _B3_slice8-Ort.czi,old,pomc,upper
363,11.0,45.81818181818182,504.0,F656_ARC _B3_slice8-Ort.czi,old,pomc,upper
364,92.0,43.07608695652174,3963.0000000000005,F656_ARC _B3_slice8-Ort.czi,old,pomc,upper
365,13.0,35.0,455.0,F656_ARC _B3_slice8-Ort.czi,old,pomc,upper
366,23.0,54.52173913043478,1254.0,F656_ARC _B3_slice8-Ort.czi,old,pomc,upper
367,8.0,47.5,380.0,F656_ARC _B3_slice8-Ort.czi,old,pomc,upper
368,20.0,31.3,626.0,F656_ARC _B3_slice8-Ort.czi,old,pomc,upper
369,5.0,42.8,214.0,F656_ARC _B3_slice8-Ort.czi,old,pomc,upper
370,23.0,37.73913043478261,868.0,F656_ARC _B3_slice8-Ort.czi,old,pomc,upper
371,33.0,54.96969696969697,1814.0,F656_ARC _B3_slice8-Ort.czi,old,pomc,upper
372,25.0,29.56,739.0,F656_ARC _B3_slice8-Ort.czi,old,pomc,upper
373,18.0,34.44444444444444,620.0,F656_ARC _B3_slice8-Ort.czi,old,pomc,upper
374,117.0,38.034188034188034,4450.0,F656_ARC _B3_slice8-Ort.czi,old,pomc,upper
375,24.0,39.291666666666664,943.0,F656_ARC _B3_slice8-Ort.czi,old,pomc,upper
376,39.0,38.94871794871795,1519.0,F656_ARC _B3_slice8-Ort.czi,old,pomc,upper
377,19.0,38.26315789473684,727.0,F656_ARC _B3_slice8-Ort.czi,old,pomc,upper
378,4.0,46.25,185.0,F656_ARC _B3_slice8-Ort.czi,old,pomc,upper
379,155.0,29.503225806451614,4573.0,F656_ARC _B3_slice8-Ort.czi,old,pomc,upper
380,13.0,40.38461538461539,525.0,F656_ARC _B3_slice8-Ort.czi,old,pomc,upper
381,12.0,47.916666666666664,575.0,F656_ARC _B3_slice8-Ort.czi,old,pomc,upper
382,8.0,27.625,221.0,F656_ARC _B3_slice8-Ort.czi,old,pomc,upper
383,9.0,37.111111111111114,334.0,F656_ARC _B3_slice8-Ort.czi,old,pomc,upper
384,14.0,58.857142857142854,824.0,F656_ARC _B3_slice8-Ort.czi,old,pomc,upper
385,85.0,35.67058823529412,3032.0,F656_ARC _B3_slice8-Ort.czi,old,pomc,upper
386,1.0,27.0,27.0,F656_ARC _B3_slice8-Ort.czi,old,pomc,upper
387,1.0,15.0,15.0,F656_ARC _B3_slice8-Ort.czi,old,pomc,upper
388,28.0,28.857142857142858,808.0,F656_ARC _B3_slice8-Ort.czi,old,pomc,upper
389,10.0,32.2,322.0,F656_ARC _B3_slice8-Ort.czi,old,pomc,upper
390,2.0,21.0,42.0,F656_ARC _B3_slice8-Ort.czi,old,pomc,upper
391,1.0,24.0,24.0,F656_ARC _B3_slice8-Ort.czi,old,pomc,upper
392,1.0,34.0,34.0,F656_ARC _B3_slice8-Ort.czi,old,pomc,upper
393,20.0,34.8,696.0,F656_ARC _B3_slice8-Ort.czi,old,pomc,upper
394,5.0,55.4,277.0,F656_ARC _B3_slice8-Ort.czi,old,pomc,upper
395,76.0,40.01315789473684,3041.0,F656_ARC _B3_slice8-Ort.czi,old,pomc,upper
396,26.0,30.692307692307693,798.0,F656_ARC _B3_slice8-Ort.czi,old,pomc,upper
397,398.0,43.13316582914573,17167.0,F656_ARC _B3_slice8-Ort.czi,old,pomc,upper
398,11.0,36.63636363636363,402.99999999999994,F656_ARC _B3_slice8-Ort.czi,old,pomc,upper
399,2.0,26.5,53.0,F656_ARC _B3_slice8-Ort.czi,old,pomc,upper
400,13.0,28.23076923076923,367.0,F656_ARC _B3_slice8-Ort.czi,old,pomc,upper
401,33.0,30.363636363636363,1002.0,F656_ARC _B3_slice8-Ort.czi,old,pomc,upper
402,21.0,38.76190476190476,814.0,F656_ARC _B3_slice8-Ort.czi,old,pomc,upper
403,18.0,42.94444444444444,773.0,F656_ARC _B3_slice8-Ort.czi,old,pomc,upper
404,40.0,38.2,1528.0,F656_ARC _B3_slice8-Ort.czi,old,pomc,upper
405,5.0,49.4,247.0,F656_ARC _B3_slice8-Ort.czi,old,pomc,upper
406,37.0,45.83783783783784,1696.0,F656_ARC _B3_slice8-Ort.czi,old,pomc,upper
407,15.0,50.53333333333333,758.0,F656_ARC _B3_slice8-Ort.czi,old,pomc,upper
408,2.0,19.0,38.0,F656_ARC _B3_slice8-Ort.czi,old,pomc,upper
409,3.0,34.666666666666664,104.0,F656_ARC _B3_slice8-Ort.czi,old,pomc,upper
410,1.0,32.0,32.0,F656_ARC _B3_slice8-Ort.czi,old,pomc,upper
411,33.0,34.57575757575758,1141.0,F656_ARC _B3_slice8-Ort.czi,old,pomc,upper
412,12.0,39.75,477.0,F656_ARC _B3_slice8-Ort.czi,old,pomc,upper
413,3.0,16.666666666666668,50.0,F656_ARC _B3_slice8-Ort.czi,old,pomc,upper
414,11.0,45.27272727272727,498.0,F656_ARC _B3_slice8-Ort.czi,old,pomc,upper
415,1.0,14.0,14.0,F656_ARC _B3_slice8-Ort.czi,old,pomc,upper
416,7926.0,33.24501640171587,263500.0,F656_ARC _B3_slice8-Ort.czi,old,pomc,upper
417,62.0,38.08064516129032,2361.0,F656_ARC _B3_slice8-Ort.czi,old,pomc,upper
418,41.0,35.853658536585364,1470.0,F656_ARC _B3_slice8-Ort.czi,old,pomc,upper
419,1.0,53.0,53.0,F656_ARC _B3_slice8-Ort.czi,old,pomc,upper
420,17.0,47.05882352941177,800.0,F656_ARC _B3_slice8-Ort.czi,old,pomc,upper
421,30.0,37.93333333333333,1138.0,F656_ARC _B3_slice8-Ort.czi,old,pomc,upper
422,2.0,53.5,107.0,F656_ARC _B3_slice8-Ort.czi,old,pomc,upper
423,54.0,37.351851851851855,2017.0000000000002,F656_ARC _B3_slice8-Ort.czi,old,pomc,upper
424,40.0,32.6,1304.0,F656_ARC _B3_slice8-Ort.czi,old,pomc,upper
425,6.0,32.333333333333336,194.0,F656_ARC _B3_slice8-Ort.czi,old,pomc,upper
426,23.0,38.65217391304348,889.0,F656_ARC _B3_slice8-Ort.czi,old,pomc,upper
427,9.0,36.55555555555556,329.0,F656_ARC _B3_slice8-Ort.czi,old,pomc,upper
428,30.0,41.4,1242.0,F656_ARC _B3_slice8-Ort.czi,old,pomc,upper
429,1.0,22.0,22.0,F656_ARC _B3_slice8-Ort.czi,old,pomc,upper
430,1.0,80.0,80.0,F656_ARC _B3_slice8-Ort.czi,old,pomc,upper
431,11.0,33.81818181818182,372.0,F656_ARC _B3_slice8-Ort.czi,old,pomc,upper
432,10.0,37.4,374.0,F656_ARC _B3_slice8-Ort.czi,old,pomc,upper
433,14.0,35.07142857142857,491.0,F656_ARC _B3_slice8-Ort.czi,old,pomc,upper
434,1.0,34.0,34.0,F656_ARC _B3_slice8-Ort.czi,old,pomc,upper
435,20.0,37.9,758.0,F656_ARC _B3_slice8-Ort.czi,old,pomc,upper
436,70.0,37.714285714285715,2640.0,F656_ARC _B3_slice8-Ort.czi,old,pomc,upper
437,3.0,18.0,54.0,F656_ARC _B3_slice8-Ort.czi,old,pomc,upper
438,25.0,40.76,1019.0,F656_ARC _B3_slice8-Ort.czi,old,pomc,upper
439,25.0,36.8,919.9999999999999,F656_ARC _B3_slice8-Ort.czi,old,pomc,upper
440,38.0,34.78947368421053,1322.0,F656_ARC _B3_slice8-Ort.czi,old,pomc,upper
441,2.0,30.5,61.0,F656_ARC _B3_slice8-Ort.czi,old,pomc,upper
442,10.0,42.5,425.0,F656_ARC _B3_slice8-Ort.czi,old,pomc,upper
443,7.0,30.714285714285715,215.0,F656_ARC _B3_slice8-Ort.czi,old,pomc,upper
444,1.0,62.0,62.0,F656_ARC _B3_slice8-Ort.czi,old,pomc,upper
445,12.0,83.16666666666667,998.0,F656_ARC _B3_slice8-Ort.czi,old,pomc,upper
446,1.0,23.0,23.0,F656_ARC _B3_slice8-Ort.czi,old,pomc,upper
447,14.0,41.142857142857146,576.0,F656_ARC _B3_slice8-Ort.czi,old,pomc,upper
448,11.0,36.72727272727273,404.0,F656_ARC _B3_slice8-Ort.czi,old,pomc,upper
449,66.0,37.43939393939394,2471.0,F656_ARC _B3_slice8-Ort.czi,old,pomc,upper
450,77.0,40.61038961038961,3127.0,F656_ARC _B3_slice8-Ort.czi,old,pomc,upper
451,7.0,43.857142857142854,307.0,F656_ARC _B3_slice8-Ort.czi,old,pomc,upper
452,43.0,35.51162790697674,1527.0,F656_ARC _B3_slice8-Ort.czi,old,pomc,upper
453,2.0,37.5,75.0,F656_ARC _B3_slice8-Ort.czi,old,pomc,upper
454,14.0,35.142857142857146,492.00000000000006,F656_ARC _B3_slice8-Ort.czi,old,pomc,upper
455,13.0,34.53846153846154,449.0,F656_ARC _B3_slice8-Ort.czi,old,pomc,upper
456,165.0,35.442424242424245,5848.0,F656_ARC _B3_slice8-Ort.czi,old,pomc,upper
457,1.0,28.0,28.0,F656_ARC _B3_slice8-Ort.czi,old,pomc,upper
458,5.0,32.6,163.0,F656_ARC _B3_slice8-Ort.czi,old,pomc,upper
459,64.0,31.5625,2020.0,F656_ARC _B3_slice8-Ort.czi,old,pomc,upper
460,18.0,40.611111111111114,731.0,F656_ARC _B3_slice8-Ort.czi,old,pomc,upper
461,9.0,47.111111111111114,424.0,F656_ARC _B3_slice8-Ort.czi,old,pomc,upper
462,41.0,43.951219512195124,1802.0,F656_ARC _B3_slice8-Ort.czi,old,pomc,upper
463,1.0,32.0,32.0,F656_ARC _B3_slice8-Ort.czi,old,pomc,upper
464,29.0,37.48275862068966,1087.0,F656_ARC _B3_slice8-Ort.czi,old,pomc,upper
465,50.0,35.7,1785.0000000000002,F656_ARC _B3_slice8-Ort.czi,old,pomc,upper
466,16.0,33.125,530.0,F656_ARC _B3_slice8-Ort.czi,old,pomc,upper
467,29.0,51.58620689655172,1496.0,F656_ARC _B3_slice8-Ort.czi,old,pomc,upper
468,29.0,36.93103448275862,1071.0,F656_ARC _B3_slice8-Ort.czi,old,pomc,upper
469,30.0,35.8,1074.0,F656_ARC _B3_slice8-Ort.czi,old,pomc,upper
470,177.0,35.30508474576271,6249.0,F656_ARC _B3_slice8-Ort.czi,old,pomc,upper
471,1.0,49.0,49.0,F656_ARC _B3_slice8-Ort.czi,old,pomc,upper
472,20.0,58.9,1178.0,F656_ARC _B3_slice8-Ort.czi,old,pomc,upper
473,39.0,38.97435897435897,1519.9999999999998,F656_ARC _B3_slice8-Ort.czi,old,pomc,upper
474,20.0,32.05,641.0,F656_ARC _B3_slice8-Ort.czi,old,pomc,upper
475,1.0,15.0,15.0,F656_ARC _B3_slice8-Ort.czi,old,pomc,upper
476,8.0,41.25,330.0,F656_ARC _B3_slice8-Ort.czi,old,pomc,upper
477,29.0,37.44827586206897,1086.0,F656_ARC _B3_slice8-Ort.czi,old,pomc,upper
478,23.0,38.391304347826086,883.0,F656_ARC _B3_slice8-Ort.czi,old,pomc,upper
479,31.0,36.61290322580645,1135.0,F656_ARC _B3_slice8-Ort.czi,old,pomc,upper
480,12.0,37.5,450.0,F656_ARC _B3_slice8-Ort.czi,old,pomc,upper
481,208.0,33.96634615384615,7065.0,F656_ARC _B3_slice8-Ort.czi,old,pomc,upper
482,2.0,32.5,65.0,F656_ARC _B3_slice8-Ort.czi,old,pomc,upper
483,4.0,59.5,238.0,F656_ARC _B3_slice8-Ort.czi,old,pomc,upper
484,21.0,34.19047619047619,718.0,F656_ARC _B3_slice8-Ort.czi,old,pomc,upper
485,7.0,68.14285714285714,477.0,F656_ARC _B3_slice8-Ort.czi,old,pomc,upper
486,23.0,32.78260869565217,754.0,F656_ARC _B3_slice8-Ort.czi,old,pomc,upper
487,7.0,35.57142857142857,249.0,F656_ARC _B3_slice8-Ort.czi,old,pomc,upper
488,4.0,31.0,124.0,F656_ARC _B3_slice8-Ort.czi,old,pomc,upper
489,3.0,35.333333333333336,106.0,F656_ARC _B3_slice8-Ort.czi,old,pomc,upper
490,210.0,32.91904761904762,6913.0,F656_ARC _B3_slice8-Ort.czi,old,pomc,upper
491,16.0,42.8125,685.0,F656_ARC _B3_slice8-Ort.czi,old,pomc,upper
492,22.0,35.45454545454545,780.0,F656_ARC _B3_slice8-Ort.czi,old,pomc,upper
493,4.0,42.75,171.0,F656_ARC _B3_slice8-Ort.czi,old,pomc,upper
494,335.0,39.22089552238806,13139.0,F656_ARC _B3_slice8-Ort.czi,old,pomc,upper
495,1.0,25.0,25.0,F656_ARC _B3_slice8-Ort.czi,old,pomc,upper
496,29.0,33.6551724137931,976.0,F656_ARC _B3_slice8-Ort.czi,old,pomc,upper
497,76.0,30.36842105263158,2308.0,F656_ARC _B3_slice8-Ort.czi,old,pomc,upper
498,2.0,41.5,83.0,F656_ARC _B3_slice8-Ort.czi,old,pomc,upper
499,2.0,10.5,21.0,F656_ARC _B3_slice8-Ort.czi,old,pomc,upper
500,16.0,44.875,718.0,F656_ARC _B3_slice8-Ort.czi,old,pomc,upper
501,8.0,55.75,446.0,F656_ARC _B3_slice8-Ort.czi,old,pomc,upper
502,26.0,57.03846153846154,1483.0,F656_ARC _B3_slice8-Ort.czi,old,pomc,upper
503,28838.0,34.43886538594909,993148.0,F656_ARC _B3_slice8-Ort.czi,old,pomc,upper
504,13.0,32.0,416.0,F656_ARC _B3_slice8-Ort.czi,old,pomc,upper
505,22.0,37.0,814.0,F656_ARC _B3_slice8-Ort.czi,old,pomc,upper
506,11.0,39.45454545454545,434.0,F656_ARC _B3_slice8-Ort.czi,old,pomc,upper
507,315.0,33.473015873015875,10544.0,F656_ARC _B3_slice8-Ort.czi,old,pomc,upper
508,27.0,32.55555555555556,879.0,F656_ARC _B3_slice8-Ort.czi,old,pomc,upper
509,38.0,38.18421052631579,1451.0,F656_ARC _B3_slice8-Ort.czi,old,pomc,upper
510,3.0,27.666666666666668,83.0,F656_ARC _B3_slice8-Ort.czi,old,pomc,upper
511,3.0,83.0,249.0,F656_ARC _B3_slice8-Ort.czi,old,pomc,upper
512,11.0,45.90909090909091,505.0,F656_ARC _B3_slice8-Ort.czi,old,pomc,upper
513,1.0,36.0,36.0,F656_ARC _B3_slice8-Ort.czi,old,pomc,upper
514,1.0,47.0,47.0,F656_ARC _B3_slice8-Ort.czi,old,pomc,upper
515,18.0,36.22222222222222,652.0,F656_ARC _B3_slice8-Ort.czi,old,pomc,upper
516,112.0,36.214285714285715,4056.0,F656_ARC _B3_slice8-Ort.czi,old,pomc,upper
517,13.0,38.46153846153846,500.0,F656_ARC _B3_slice8-Ort.czi,old,pomc,upper
518,12.0,39.333333333333336,472.0,F656_ARC _B3_slice8-Ort.czi,old,pomc,upper
519,50.0,39.74,1987.0,F656_ARC _B3_slice8-Ort.czi,old,pomc,upper
520,48.0,30.791666666666668,1478.0,F656_ARC _B3_slice8-Ort.czi,old,pomc,upper
521,2.0,23.0,46.0,F656_ARC _B3_slice8-Ort.czi,old,pomc,upper
522,23.0,39.82608695652174,916.0000000000001,F656_ARC _B3_slice8-Ort.czi,old,pomc,upper
523,5.0,33.8,169.0,F656_ARC _B3_slice8-Ort.czi,old,pomc,upper
524,61.0,40.26229508196721,2456.0,F656_ARC _B3_slice8-Ort.czi,old,pomc,upper
525,26.0,52.46153846153846,1364.0,F656_ARC _B3_slice8-Ort.czi,old,pomc,upper
526,29.0,37.58620689655172,1090.0,F656_ARC _B3_slice8-Ort.czi,old,pomc,upper
527,247.0,33.392712550607285,8248.0,F656_ARC _B3_slice8-Ort.czi,old,pomc,upper
528,280.0,32.925,9219.0,F656_ARC _B3_slice8-Ort.czi,old,pomc,upper
529,6.0,24.0,144.0,F656_ARC _B3_slice8-Ort.czi,old,pomc,upper
530,2.0,54.5,109.0,F656_ARC _B3_slice8-Ort.czi,old,pomc,upper
531,1237.0,29.53435731608731,36534.0,F656_ARC _B3_slice8-Ort.czi,old,pomc,upper
532,21.0,44.095238095238095,926.0,F656_ARC _B3_slice8-Ort.czi,old,pomc,upper
533,601.0,32.83194675540766,19732.0,F656_ARC _B3_slice8-Ort.czi,old,pomc,upper
534,63.0,29.952380952380953,1887.0,F656_ARC _B3_slice8-Ort.czi,old,pomc,upper
535,23.0,59.82608695652174,1376.0,F656_ARC _B3_slice8-Ort.czi,old,pomc,upper
536,6.0,44.666666666666664,268.0,F656_ARC _B3_slice8-Ort.czi,old,pomc,upper
537,13.0,32.84615384615385,427.0,F656_ARC _B3_slice8-Ort.czi,old,pomc,upper
538,22.0,37.72727272727273,830.0,F656_ARC _B3_slice8-Ort.czi,old,pomc,upper
539,10.0,26.2,262.0,F656_ARC _B3_slice8-Ort.czi,old,pomc,upper
540,75.0,36.21333333333333,2716.0,F656_ARC _B3_slice8-Ort.czi,old,pomc,upper
541,1356.0,36.04793510324484,48881.0,F656_ARC _B3_slice8-Ort.czi,old,pomc,upper
542,1.0,37.0,37.0,F656_ARC _B3_slice8-Ort.czi,old,pomc,upper
543,14.0,39.714285714285715,556.0,F656_ARC _B3_slice8-Ort.czi,old,pomc,upper
544,40.0,32.6,1304.0,F656_ARC _B3_slice8-Ort.czi,old,pomc,upper
545,544.0,36.62867647058823,19926.0,F656_ARC _B3_slice8-Ort.czi,old,pomc,upper
546,25.0,51.4,1285.0,F656_ARC _B3_slice8-Ort.czi,old,pomc,upper
547,10.0,44.0,440.0,F656_ARC _B3_slice8-Ort.czi,old,pomc,upper
548,50.0,36.7,1835.0000000000002,F656_ARC _B3_slice8-Ort.czi,old,pomc,upper
549,2.0,55.0,110.0,F656_ARC _B3_slice8-Ort.czi,old,pomc,upper
550,1.0,42.0,42.0,F656_ARC _B3_slice8-Ort.czi,old,pomc,upper
551,12.0,88.08333333333333,1057.0,F656_ARC _B3_slice8-Ort.czi,old,pomc,upper
552,8.0,47.375,379.0,F656_ARC _B3_slice8-Ort.czi,old,pomc,upper
553,149.0,35.06711409395973,5225.0,F656_ARC _B3_slice8-Ort.czi,old,pomc,upper
554,5.0,19.8,99.0,F656_ARC _B3_slice8-Ort.czi,old,pomc,upper
555,1.0,22.0,22.0,F656_ARC _B3_slice8-Ort.czi,old,pomc,upper
556,9.0,53.77777777777778,484.0,F656_ARC _B3_slice8-Ort.czi,old,pomc,upper
557,28.0,36.642857142857146,1026.0,F656_ARC _B3_slice8-Ort.czi,old,pomc,upper
558,186.0,34.53763440860215,6424.0,F656_ARC _B3_slice8-Ort.czi,old,pomc,upper
559,1.0,11.0,11.0,F656_ARC _B3_slice8-Ort.czi,old,pomc,upper
560,5.0,45.2,226.0,F656_ARC _B3_slice8-Ort.czi,old,pomc,upper
561,221.0,34.06334841628959,7528.0,F656_ARC _B3_slice8-Ort.czi,old,pomc,upper
562,19.0,42.05263157894737,799.0,F656_ARC _B3_slice8-Ort.czi,old,pomc,upper
563,13.0,28.23076923076923,367.0,F656_ARC _B3_slice8-Ort.czi,old,pomc,upper
564,131.0,33.41984732824427,4378.0,F656_ARC _B3_slice8-Ort.czi,old,pomc,upper
565,2.0,42.0,84.0,F656_ARC _B3_slice8-Ort.czi,old,pomc,upper
566,18.0,28.72222222222222,517.0,F656_ARC _B3_slice8-Ort.czi,old,pomc,upper
567,18.0,32.888888888888886,592.0,F656_ARC _B3_slice8-Ort.czi,old,pomc,upper
568,2.0,35.0,70.0,F656_ARC _B3_slice8-Ort.czi,old,pomc,upper
569,207.0,33.13526570048309,6858.999999999999,F656_ARC _B3_slice8-Ort.czi,old,pomc,upper
570,1.0,16.0,16.0,F656_ARC _B3_slice8-Ort.czi,old,pomc,upper
571,1.0,22.0,22.0,F656_ARC _B3_slice8-Ort.czi,old,pomc,upper
572,54.0,36.74074074074074,1984.0,F656_ARC _B3_slice8-Ort.czi,old,pomc,upper
573,19.0,32.578947368421055,619.0,F656_ARC _B3_slice8-Ort.czi,old,pomc,upper
574,35.0,30.02857142857143,1051.0,F656_ARC _B3_slice8-Ort.czi,old,pomc,upper
575,22.0,55.5,1221.0,F656_ARC _B3_slice8-Ort.czi,old,pomc,upper
576,54.0,31.833333333333332,1719.0,F656_ARC _B3_slice8-Ort.czi,old,pomc,upper
577,17.0,39.8235294117647,677.0,F656_ARC _B3_slice8-Ort.czi,old,pomc,upper
578,236.0,33.8728813559322,7993.999999999999,F656_ARC _B3_slice8-Ort.czi,old,pomc,upper
579,7.0,44.857142857142854,314.0,F656_ARC _B3_slice8-Ort.czi,old,pomc,upper
580,135.0,33.93333333333333,4581.0,F656_ARC _B3_slice8-Ort.czi,old,pomc,upper
581,9.0,56.77777777777778,511.0,F656_ARC _B3_slice8-Ort.czi,old,pomc,upper
582,86.0,33.27906976744186,2862.0,F656_ARC _B3_slice8-Ort.czi,old,pomc,upper
583,14.0,32.92857142857143,461.0,F656_ARC _B3_slice8-Ort.czi,old,pomc,upper
584,12.0,31.166666666666668,374.0,F656_ARC _B3_slice8-Ort.czi,old,pomc,upper
585,14.0,36.642857142857146,513.0,F656_ARC _B3_slice8-Ort.czi,old,pomc,upper
586,91.0,33.56043956043956,3054.0,F656_ARC _B3_slice8-Ort.czi,old,pomc,upper
587,10.0,32.7,327.0,F656_ARC _B3_slice8-Ort.czi,old,pomc,upper
588,76.0,34.78947368421053,2644.0,F656_ARC _B3_slice8-Ort.czi,old,pomc,upper
589,47.0,36.702127659574465,1724.9999999999998,F656_ARC _B3_slice8-Ort.czi,old,pomc,upper
590,13.0,42.76923076923077,556.0,F656_ARC _B3_slice8-Ort.czi,old,pomc,upper
591,12.0,29.75,357.0,F656_ARC _B3_slice8-Ort.czi,old,pomc,upper
592,10.0,32.7,327.0,F656_ARC _B3_slice8-Ort.czi,old,pomc,upper
593,156.0,35.05769230769231,5469.0,F656_ARC _B3_slice8-Ort.czi,old,pomc,upper
594,2.0,46.5,93.0,F656_ARC _B3_slice8-Ort.czi,old,pomc,upper
595,8.0,39.5,316.0,F656_ARC _B3_slice8-Ort.czi,old,pomc,upper
596,2.0,26.0,52.0,F656_ARC _B3_slice8-Ort.czi,old,pomc,upper
597,13.0,31.846153846153847,414.0,F656_ARC _B3_slice8-Ort.czi,old,pomc,upper
598,4.0,28.25,113.0,F656_ARC _B3_slice8-Ort.czi,old,pomc,upper
599,1.0,35.0,35.0,F656_ARC _B3_slice8-Ort.czi,old,pomc,upper
600,34.0,41.05882352941177,1396.0,F656_ARC _B3_slice8-Ort.czi,old,pomc,upper
601,18.0,38.611111111111114,695.0,F656_ARC _B3_slice8-Ort.czi,old,pomc,upper
602,193.0,37.58549222797927,7254.0,F656_ARC _B3_slice8-Ort.czi,old,pomc,upper
603,12.0,31.25,375.0,F656_ARC _B3_slice8-Ort.czi,old,pomc,upper
604,3.0,31.666666666666668,95.0,F656_ARC _B3_slice8-Ort.czi,old,pomc,upper
605,2.0,30.0,60.0,F656_ARC _B3_slice8-Ort.czi,old,pomc,upper
606,5.0,19.2,96.0,F656_ARC _B3_slice8-Ort.czi,old,pomc,upper
607,32.0,39.1875,1254.0,F656_ARC _B3_slice8-Ort.czi,old,pomc,upper
608,1.0,19.0,19.0,F656_ARC _B3_slice8-Ort.czi,old,pomc,upper
609,67.0,39.059701492537314,2617.0,F656_ARC _B3_slice8-Ort.czi,old,pomc,upper
610,1.0,26.0,26.0,F656_ARC _B3_slice8-Ort.czi,old,pomc,upper
611,315.0,34.8063492063492,10964.0,F656_ARC _B3_slice8-Ort.czi,old,pomc,upper
612,12.0,36.0,432.0,F656_ARC _B3_slice8-Ort.czi,old,pomc,upper
613,198.0,31.257575757575758,6189.0,F656_ARC _B3_slice8-Ort.czi,old,pomc,upper
614,27.0,51.22222222222222,1383.0,F656_ARC _B3_slice8-Ort.czi,old,pomc,upper
615,76.0,36.10526315789474,2744.0,F656_ARC _B3_slice8-Ort.czi,old,pomc,upper
616,26.0,36.11538461538461,939.0,F656_ARC _B3_slice8-Ort.czi,old,pomc,upper
617,3.0,37.0,111.0,F656_ARC _B3_slice8-Ort.czi,old,pomc,upper
618,107.0,29.990654205607477,3209.0,F656_ARC _B3_slice8-Ort.czi,old,pomc,upper
619,16.0,32.875,526.0,F656_ARC _B3_slice8-Ort.czi,old,pomc,upper
620,122.0,32.75409836065574,3996.0,F656_ARC _B3_slice8-Ort.czi,old,pomc,upper
621,7.0,42.42857142857143,297.0,F656_ARC _B3_slice8-Ort.czi,old,pomc,upper
622,6.0,45.333333333333336,272.0,F656_ARC _B3_slice8-Ort.czi,old,pomc,upper
623,133.0,30.55639097744361,4064.0,F656_ARC _B3_slice8-Ort.czi,old,pomc,upper
624,87.0,33.05747126436781,2875.9999999999995,F656_ARC _B3_slice8-Ort.czi,old,pomc,upper
625,25.0,33.48,836.9999999999999,F656_ARC _B3_slice8-Ort.czi,old,pomc,upper
626,1.0,19.0,19.0,F656_ARC _B3_slice8-Ort.czi,old,pomc,upper
627,68.0,35.455882352941174,2411.0,F656_ARC _B3_slice8-Ort.czi,old,pomc,upper
628,330.0,32.56060606060606,10745.0,F656_ARC _B3_slice8-Ort.czi,old,pomc,upper
629,26.0,33.07692307692308,860.0000000000001,F656_ARC _B3_slice8-Ort.czi,old,pomc,upper
630,26.0,30.884615384615383,803.0,F656_ARC _B3_slice8-Ort.czi,old,pomc,upper
631,71.0,30.704225352112676,2180.0,F656_ARC _B3_slice8-Ort.czi,old,pomc,upper
632,130.0,35.57692307692308,4625.0,F656_ARC _B3_slice8-Ort.czi,old,pomc,upper
633,41.0,35.73170731707317,1465.0,F656_ARC _B3_slice8-Ort.czi,old,pomc,upper
634,45.0,38.333333333333336,1725.0,F656_ARC _B3_slice8-Ort.czi,old,pomc,upper
635,11.0,46.90909090909091,516.0,F656_ARC _B3_slice8-Ort.czi,old,pomc,upper
636,9.0,35.333333333333336,318.0,F656_ARC _B3_slice8-Ort.czi,old,pomc,upper
637,61.0,38.91803278688525,2374.0,F656_ARC _B3_slice8-Ort.czi,old,pomc,upper
638,11.0,39.0,429.0,F656_ARC _B3_slice8-Ort.czi,old,pomc,upper
639,33.0,32.75757575757576,1081.0,F656_ARC _B3_slice8-Ort.czi,old,pomc,upper
640,22.0,45.45454545454545,1000.0,F656_ARC _B3_slice8-Ort.czi,old,pomc,upper
641,13.0,30.53846153846154,397.0,F656_ARC _B3_slice8-Ort.czi,old,pomc,upper
642,11.0,33.0,363.0,F656_ARC _B3_slice8-Ort.czi,old,pomc,upper
643,30.0,38.03333333333333,1141.0,F656_ARC _B3_slice8-Ort.czi,old,pomc,upper
644,73.0,37.56164383561644,2742.0,F656_ARC _B3_slice8-Ort.czi,old,pomc,upper
645,41.0,41.41463414634146,1698.0,F656_ARC _B3_slice8-Ort.czi,old,pomc,upper
646,19.0,43.8421052631579,833.0,F656_ARC _B3_slice8-Ort.czi,old,pomc,upper
647,1.0,42.0,42.0,F656_ARC _B3_slice8-Ort.czi,old,pomc,upper
648,56.0,32.67857142857143,1830.0,F656_ARC _B3_slice8-Ort.czi,old,pomc,upper
649,36.0,36.22222222222222,1304.0,F656_ARC _B3_slice8-Ort.czi,old,pomc,upper
650,63.0,33.98412698412698,2141.0,F656_ARC _B3_slice8-Ort.czi,old,pomc,upper
651,760.0,33.915789473684214,25776.000000000004,F656_ARC _B3_slice8-Ort.czi,old,pomc,upper
652,1.0,17.0,17.0,F656_ARC _B3_slice8-Ort.czi,old,pomc,upper
653,65.0,36.87692307692308,2397.0,F656_ARC _B3_slice8-Ort.czi,old,pomc,upper
654,274.0,34.5,9453.0,F656_ARC _B3_slice8-Ort.czi,old,pomc,upper
655,8.0,47.0,376.0,F656_ARC _B3_slice8-Ort.czi,old,pomc,upper
656,29.0,36.793103448275865,1067.0,F656_ARC _B3_slice8-Ort.czi,old,pomc,upper
657,161.0,34.63975155279503,5577.0,F656_ARC _B3_slice8-Ort.czi,old,pomc,upper
658,12.0,41.166666666666664,494.0,F656_ARC _B3_slice8-Ort.czi,old,pomc,upper
659,5.0,47.4,237.0,F656_ARC _B3_slice8-Ort.czi,old,pomc,upper
660,62.0,37.274193548387096,2311.0,F656_ARC _B3_slice8-Ort.czi,old,pomc,upper
661,104.0,36.86538461538461,3834.0,F656_ARC _B3_slice8-Ort.czi,old,pomc,upper
662,28.0,30.321428571428573,849.0,F656_ARC _B3_slice8-Ort.czi,old,pomc,upper
663,66.0,36.878787878787875,2434.0,F656_ARC _B3_slice8-Ort.czi,old,pomc,upper
664,1.0,18.0,18.0,F656_ARC _B3_slice8-Ort.czi,old,pomc,upper
665,1.0,28.0,28.0,F656_ARC _B3_slice8-Ort.czi,old,pomc,upper
666,163.0,35.58895705521472,5800.999999999999,F656_ARC _B3_slice8-Ort.czi,old,pomc,upper
667,21.0,32.666666666666664,686.0,F656_ARC _B3_slice8-Ort.czi,old,pomc,upper
668,4.0,32.75,131.0,F656_ARC _B3_slice8-Ort.czi,old,pomc,upper
669,9056.0,35.86958922261484,324835.0,F656_ARC _B3_slice8-Ort.czi,old,pomc,upper
670,2.0,27.0,54.0,F656_ARC _B3_slice8-Ort.czi,old,pomc,upper
671,1.0,31.0,31.0,F656_ARC _B3_slice8-Ort.czi,old,pomc,upper
672,20.0,30.9,618.0,F656_ARC _B3_slice8-Ort.czi,old,pomc,upper
673,11.0,27.818181818181817,306.0,F656_ARC _B3_slice8-Ort.czi,old,pomc,upper
674,82.0,33.97560975609756,2786.0,F656_ARC _B3_slice8-Ort.czi,old,pomc,upper
675,24.0,36.5,876.0,F656_ARC _B3_slice8-Ort.czi,old,pomc,upper
676,30.0,33.6,1008.0,F656_ARC _B3_slice8-Ort.czi,old,pomc,upper
677,1169.0,35.114627887082975,41049.0,F656_ARC _B3_slice8-Ort.czi,old,pomc,upper
678,92.0,38.81521739130435,3571.0000000000005,F656_ARC _B3_slice8-Ort.czi,old,pomc,upper
679,201.0,32.791044776119406,6591.000000000001,F656_ARC _B3_slice8-Ort.czi,old,pomc,upper
680,60.0,34.583333333333336,2075.0,F656_ARC _B3_slice8-Ort.czi,old,pomc,upper
681,142.0,30.323943661971832,4306.0,F656_ARC _B3_slice8-Ort.czi,old,pomc,upper
682,112.0,34.57142857142857,3872.0,F656_ARC _B3_slice8-Ort.czi,old,pomc,upper
683,1613.0,37.45939243645381,60422.0,F656_ARC _B3_slice8-Ort.czi,old,pomc,upper
684,89.0,39.96629213483146,3557.0,F656_ARC _B3_slice8-Ort.czi,old,pomc,upper
685,133.0,32.61654135338346,4338.0,F656_ARC _B3_slice8-Ort.czi,old,pomc,upper
686,27.0,33.48148148148148,904.0,F656_ARC _B3_slice8-Ort.czi,old,pomc,upper
687,45.0,29.133333333333333,1311.0,F656_ARC _B3_slice8-Ort.czi,old,pomc,upper
688,946.0,33.28118393234672,31484.0,F656_ARC _B3_slice8-Ort.czi,old,pomc,upper
689,11.0,43.81818181818182,482.0,F656_ARC _B3_slice8-Ort.czi,old,pomc,upper
690,47.0,38.680851063829785,1817.9999999999998,F656_ARC _B3_slice8-Ort.czi,old,pomc,upper
691,34.0,35.1764705882353,1196.0,F656_ARC _B3_slice8-Ort.czi,old,pomc,upper
692,13.0,44.07692307692308,573.0,F656_ARC _B3_slice8-Ort.czi,old,pomc,upper
693,655.0,33.27328244274809,21794.0,F656_ARC _B3_slice8-Ort.czi,old,pomc,upper
694,1.0,30.0,30.0,F656_ARC _B3_slice8-Ort.czi,old,pomc,upper
695,108.0,35.666666666666664,3851.9999999999995,F656_ARC _B3_slice8-Ort.czi,old,pomc,upper
696,471.0,32.69851380042463,15401.0,F656_ARC _B3_slice8-Ort.czi,old,pomc,upper
697,4.0,23.25,93.0,F656_ARC _B3_slice8-Ort.czi,old,pomc,upper
698,237.0,32.74683544303797,7761.0,F656_ARC _B3_slice8-Ort.czi,old,pomc,upper
699,3.0,36.666666666666664,110.0,F656_ARC _B3_slice8-Ort.czi,old,pomc,upper
700,14.0,30.285714285714285,424.0,F656_ARC _B3_slice8-Ort.czi,old,pomc,upper
701,125.0,35.4,4425.0,F656_ARC _B3_slice8-Ort.czi,old,pomc,upper
702,415.0,31.089156626506025,12902.0,F656_ARC _B3_slice8-Ort.czi,old,pomc,upper
703,11.0,46.81818181818182,515.0,F656_ARC _B3_slice8-Ort.czi,old,pomc,upper
704,60.0,34.016666666666666,2041.0,F656_ARC _B3_slice8-Ort.czi,old,pomc,upper
705,2.0,27.0,54.0,F656_ARC _B3_slice8-Ort.czi,old,pomc,upper
706,21.0,34.42857142857143,723.0,F656_ARC _B3_slice8-Ort.czi,old,pomc,upper
707,170.0,33.9,5763.0,F656_ARC _B3_slice8-Ort.czi,old,pomc,upper
708,104.0,36.42307692307692,3787.9999999999995,F656_ARC _B3_slice8-Ort.czi,old,pomc,upper
709,73.0,30.054794520547944,2194.0,F656_ARC _B3_slice8-Ort.czi,old,pomc,upper
710,17.0,37.88235294117647,644.0,F656_ARC _B3_slice8-Ort.czi,old,pomc,upper
711,1.0,34.0,34.0,F656_ARC _B3_slice8-Ort.czi,old,pomc,upper
712,100.0,38.92,3892.0,F656_ARC _B3_slice8-Ort.czi,old,pomc,upper
713,81.0,34.74074074074074,2814.0,F656_ARC _B3_slice8-Ort.czi,old,pomc,upper
714,1.0,17.0,17.0,F656_ARC _B3_slice8-Ort.czi,old,pomc,upper
715,31.0,28.838709677419356,894.0,F656_ARC _B3_slice8-Ort.czi,old,pomc,upper
716,24.0,51.583333333333336,1238.0,F656_ARC _B3_slice8-Ort.czi,old,pomc,upper
717,15.0,48.6,729.0,F656_ARC _B3_slice8-Ort.czi,old,pomc,upper
718,66.0,40.75757575757576,2690.0,F656_ARC _B3_slice8-Ort.czi,old,pomc,upper
719,77.0,39.116883116883116,3012.0,F656_ARC _B3_slice8-Ort.czi,old,pomc,upper
720,437.0,33.8421052631579,14789.000000000002,F656_ARC _B3_slice8-Ort.czi,old,pomc,upper
721,202.0,34.71782178217822,7013.0,F656_ARC _B3_slice8-Ort.czi,old,pomc,upper
722,221.0,35.800904977375566,7912.0,F656_ARC _B3_slice8-Ort.czi,old,pomc,upper
723,2.0,38.0,76.0,F656_ARC _B3_slice8-Ort.czi,old,pomc,upper
724,52.0,36.21153846153846,1883.0,F656_ARC _B3_slice8-Ort.czi,old,pomc,upper
725,85.0,37.43529411764706,3182.0,F656_ARC _B3_slice8-Ort.czi,old,pomc,upper
726,6559.0,46.6193017228236,305776.0,F656_ARC _B3_slice8-Ort.czi,old,pomc,upper
727,43.0,43.325581395348834,1862.9999999999998,F656_ARC _B3_slice8-Ort.czi,old,pomc,upper
728,4294.0,51.49347927340475,221113.0,F656_ARC _B3_slice8-Ort.czi,old,pomc,upper
729,34.0,54.794117647058826,1863.0,F656_ARC _B3_slice8-Ort.czi,old,pomc,upper
1,6.0,36.833333333333336,221.0,B482_ARC _B3_slice7-Ort.czi,old,pomc,upper
2,179.0,60.92178770949721,10905.0,B482_ARC _B3_slice7-Ort.czi,old,pomc,upper
3,16.0,53.75,860.0,B482_ARC _B3_slice7-Ort.czi,old,pomc,upper
4,17.0,56.470588235294116,960.0,B482_ARC _B3_slice7-Ort.czi,old,pomc,upper
5,1.0,48.0,48.0,B482_ARC _B3_slice7-Ort.czi,old,pomc,upper
6,43.0,77.09302325581395,3314.9999999999995,B482_ARC _B3_slice7-Ort.czi,old,pomc,upper
7,83.0,55.626506024096386,4617.0,B482_ARC _B3_slice7-Ort.czi,old,pomc,upper
8,23.0,70.56521739130434,1623.0,B482_ARC _B3_slice7-Ort.czi,old,pomc,upper
9,19.0,59.10526315789474,1123.0,B482_ARC _B3_slice7-Ort.czi,old,pomc,upper
10,19.0,66.78947368421052,1269.0,B482_ARC _B3_slice7-Ort.czi,old,pomc,upper
11,15.0,57.93333333333333,869.0,B482_ARC _B3_slice7-Ort.czi,old,pomc,upper
12,1.0,32.0,32.0,B482_ARC _B3_slice7-Ort.czi,old,pomc,upper
13,12.0,110.41666666666667,1325.0,B482_ARC _B3_slice7-Ort.czi,old,pomc,upper
14,108.0,65.79629629629629,7105.999999999999,B482_ARC _B3_slice7-Ort.czi,old,pomc,upper
15,11.0,76.72727272727273,844.0000000000001,B482_ARC _B3_slice7-Ort.czi,old,pomc,upper
16,23.0,66.3913043478261,1527.0000000000002,B482_ARC _B3_slice7-Ort.czi,old,pomc,upper
17,30.0,49.4,1482.0,B482_ARC _B3_slice7-Ort.czi,old,pomc,upper
18,24.0,78.0,1872.0,B482_ARC _B3_slice7-Ort.czi,old,pomc,upper
19,1.0,76.0,76.0,B482_ARC _B3_slice7-Ort.czi,old,pomc,upper
20,5.0,50.6,253.0,B482_ARC _B3_slice7-Ort.czi,old,pomc,upper
21,30.0,68.46666666666667,2054.0,B482_ARC _B3_slice7-Ort.czi,old,pomc,upper
22,79.0,53.936708860759495,4261.0,B482_ARC _B3_slice7-Ort.czi,old,pomc,upper
23,41.0,82.85365853658537,3397.0,B482_ARC _B3_slice7-Ort.czi,old,pomc,upper
24,16.0,62.3125,997.0,B482_ARC _B3_slice7-Ort.czi,old,pomc,upper
25,8.0,52.625,421.0,B482_ARC _B3_slice7-Ort.czi,old,pomc,upper
26,64.0,71.984375,4607.0,B482_ARC _B3_slice7-Ort.czi,old,pomc,upper
27,111.0,63.52252252252252,7051.0,B482_ARC _B3_slice7-Ort.czi,old,pomc,upper
28,6.0,70.66666666666667,424.0,B482_ARC _B3_slice7-Ort.czi,old,pomc,upper
29,23.0,61.95652173913044,1425.0,B482_ARC _B3_slice7-Ort.czi,old,pomc,upper
30,2.0,37.0,74.0,B482_ARC _B3_slice7-Ort.czi,old,pomc,upper
31,42.0,67.38095238095238,2830.0,B482_ARC _B3_slice7-Ort.czi,old,pomc,upper
32,28.0,80.96428571428571,2267.0,B482_ARC _B3_slice7-Ort.czi,old,pomc,upper
33,62.0,51.75806451612903,3209.0,B482_ARC _B3_slice7-Ort.czi,old,pomc,upper
34,74.0,73.75675675675676,5458.0,B482_ARC _B3_slice7-Ort.czi,old,pomc,upper
35,7.0,90.71428571428571,635.0,B482_ARC _B3_slice7-Ort.czi,old,pomc,upper
36,14.0,72.71428571428571,1017.9999999999999,B482_ARC _B3_slice7-Ort.czi,old,pomc,upper
37,30.0,77.86666666666666,2336.0,B482_ARC _B3_slice7-Ort.czi,old,pomc,upper
38,1.0,72.0,72.0,B482_ARC _B3_slice7-Ort.czi,old,pomc,upper
39,14.0,52.642857142857146,737.0,B482_ARC _B3_slice7-Ort.czi,old,pomc,upper
40,3.0,76.0,228.0,B482_ARC _B3_slice7-Ort.czi,old,pomc,upper
41,7.0,112.0,784.0,B482_ARC _B3_slice7-Ort.czi,old,pomc,upper
42,15.0,61.93333333333333,929.0,B482_ARC _B3_slice7-Ort.czi,old,pomc,upper
43,219.0,65.36529680365297,14315.0,B482_ARC _B3_slice7-Ort.czi,old,pomc,upper
44,71.0,66.2394366197183,4703.0,B482_ARC _B3_slice7-Ort.czi,old,pomc,upper
45,45.0,64.2,2889.0,B482_ARC _B3_slice7-Ort.czi,old,pomc,upper
46,69.0,59.21739130434783,4086.0,B482_ARC _B3_slice7-Ort.czi,old,pomc,upper
47,7.0,72.57142857142857,508.0,B482_ARC _B3_slice7-Ort.czi,old,pomc,upper
48,1.0,60.0,60.0,B482_ARC _B3_slice7-Ort.czi,old,pomc,upper
49,3.0,43.666666666666664,131.0,B482_ARC _B3_slice7-Ort.czi,old,pomc,upper
50,263.0,57.96958174904943,15246.0,B482_ARC _B3_slice7-Ort.czi,old,pomc,upper
51,24.0,51.208333333333336,1229.0,B482_ARC _B3_slice7-Ort.czi,old,pomc,upper
52,10.0,62.9,629.0,B482_ARC _B3_slice7-Ort.czi,old,pomc,upper
53,24.0,61.125,1467.0,B482_ARC _B3_slice7-Ort.czi,old,pomc,upper
54,12.0,65.41666666666667,785.0,B482_ARC _B3_slice7-Ort.czi,old,pomc,upper
55,68.0,64.41176470588235,4380.0,B482_ARC _B3_slice7-Ort.czi,old,pomc,upper
56,16.0,72.8125,1165.0,B482_ARC _B3_slice7-Ort.czi,old,pomc,upper
57,27.0,72.74074074074075,1964.0000000000002,B482_ARC _B3_slice7-Ort.czi,old,pomc,upper
58,1.0,46.0,46.0,B482_ARC _B3_slice7-Ort.czi,old,pomc,upper
59,111.0,53.666666666666664,5957.0,B482_ARC _B3_slice7-Ort.czi,old,pomc,upper
60,44.0,60.45454545454545,2660.0,B482_ARC _B3_slice7-Ort.czi,old,pomc,upper
61,14.0,60.285714285714285,844.0,B482_ARC _B3_slice7-Ort.czi,old,pomc,upper
62,23.0,51.30434782608695,1180.0,B482_ARC _B3_slice7-Ort.czi,old,pomc,upper
63,5.0,57.4,287.0,B482_ARC _B3_slice7-Ort.czi,old,pomc,upper
64,71.0,55.80281690140845,3962.0,B482_ARC _B3_slice7-Ort.czi,old,pomc,upper
65,1.0,27.0,27.0,B482_ARC _B3_slice7-Ort.czi,old,pomc,upper
66,13.0,56.30769230769231,732.0,B482_ARC _B3_slice7-Ort.czi,old,pomc,upper
67,71.0,61.57746478873239,4372.0,B482_ARC _B3_slice7-Ort.czi,old,pomc,upper
68,35.0,63.94285714285714,2238.0,B482_ARC _B3_slice7-Ort.czi,old,pomc,upper
69,56.0,63.285714285714285,3544.0,B482_ARC _B3_slice7-Ort.czi,old,pomc,upper
70,55.0,61.07272727272727,3359.0,B482_ARC _B3_slice7-Ort.czi,old,pomc,upper
71,11.0,79.0909090909091,870.0,B482_ARC _B3_slice7-Ort.czi,old,pomc,upper
72,7.0,71.28571428571429,499.00000000000006,B482_ARC _B3_slice7-Ort.czi,old,pomc,upper
73,1.0,76.0,76.0,B482_ARC _B3_slice7-Ort.czi,old,pomc,upper
74,1.0,72.0,72.0,B482_ARC _B3_slice7-Ort.czi,old,pomc,upper
75,79.0,58.65822784810127,4634.0,B482_ARC _B3_slice7-Ort.czi,old,pomc,upper
76,22.0,77.22727272727273,1699.0000000000002,B482_ARC _B3_slice7-Ort.czi,old,pomc,upper
77,62.0,63.24193548387097,3921.0,B482_ARC _B3_slice7-Ort.czi,old,pomc,upper
78,18.0,55.666666666666664,1002.0,B482_ARC _B3_slice7-Ort.czi,old,pomc,upper
79,20.0,63.75,1275.0,B482_ARC _B3_slice7-Ort.czi,old,pomc,upper
80,14.0,133.28571428571428,1866.0,B482_ARC _B3_slice7-Ort.czi,old,pomc,upper
81,22.0,63.54545454545455,1398.0,B482_ARC _B3_slice7-Ort.czi,old,pomc,upper
82,1.0,47.0,47.0,B482_ARC _B3_slice7-Ort.czi,old,pomc,upper
83,166.0,68.06626506024097,11299.0,B482_ARC _B3_slice7-Ort.czi,old,pomc,upper
84,15.0,68.46666666666667,1027.0,B482_ARC _B3_slice7-Ort.czi,old,pomc,upper
85,69.0,56.55072463768116,3902.0,B482_ARC _B3_slice7-Ort.czi,old,pomc,upper
86,10.0,55.7,557.0,B482_ARC _B3_slice7-Ort.czi,old,pomc,upper
87,57.0,72.36842105263158,4125.0,B482_ARC _B3_slice7-Ort.czi,old,pomc,upper
88,3.0,87.0,261.0,B482_ARC _B3_slice7-Ort.czi,old,pomc,upper
89,3.0,58.666666666666664,176.0,B482_ARC _B3_slice7-Ort.czi,old,pomc,upper
90,17.0,89.6470588235294,1524.0,B482_ARC _B3_slice7-Ort.czi,old,pomc,upper
91,55.0,49.345454545454544,2714.0,B482_ARC _B3_slice7-Ort.czi,old,pomc,upper
92,8.0,49.625,397.0,B482_ARC _B3_slice7-Ort.czi,old,pomc,upper
93,50.0,65.22,3261.0,B482_ARC _B3_slice7-Ort.czi,old,pomc,upper
94,8.0,76.25,610.0,B482_ARC _B3_slice7-Ort.czi,old,pomc,upper
95,27.0,48.333333333333336,1305.0,B482_ARC _B3_slice7-Ort.czi,old,pomc,upper
96,11.0,119.81818181818181,1318.0,B482_ARC _B3_slice7-Ort.czi,old,pomc,upper
97,38.0,55.31578947368421,2102.0,B482_ARC _B3_slice7-Ort.czi,old,pomc,upper
98,47.0,61.744680851063826,2902.0,B482_ARC _B3_slice7-Ort.czi,old,pomc,upper
99,9.0,50.44444444444444,454.0,B482_ARC _B3_slice7-Ort.czi,old,pomc,upper
100,70.0,71.0,4970.0,B482_ARC _B3_slice7-Ort.czi,old,pomc,upper
101,194.0,76.5360824742268,14848.0,B482_ARC _B3_slice7-Ort.czi,old,pomc,upper
102,21.0,65.80952380952381,1382.0,B482_ARC _B3_slice7-Ort.czi,old,pomc,upper
103,16.0,64.125,1026.0,B482_ARC _B3_slice7-Ort.czi,old,pomc,upper
104,99.0,55.676767676767675,5512.0,B482_ARC _B3_slice7-Ort.czi,old,pomc,upper
105,27.0,79.51851851851852,2147.0,B482_ARC _B3_slice7-Ort.czi,old,pomc,upper
106,113.0,62.80530973451327,7097.0,B482_ARC _B3_slice7-Ort.czi,old,pomc,upper
107,47.0,52.04255319148936,2446.0,B482_ARC _B3_slice7-Ort.czi,old,pomc,upper
108,115.0,53.71304347826087,6177.0,B482_ARC _B3_slice7-Ort.czi,old,pomc,upper
109,35.0,67.28571428571429,2355.0,B482_ARC _B3_slice7-Ort.czi,old,pomc,upper
110,20.0,51.5,1030.0,B482_ARC _B3_slice7-Ort.czi,old,pomc,upper
111,31.0,65.09677419354838,2018.0,B482_ARC _B3_slice7-Ort.czi,old,pomc,upper
112,23.0,54.08695652173913,1244.0,B482_ARC _B3_slice7-Ort.czi,old,pomc,upper
113,58.0,70.46551724137932,4087.0000000000005,B482_ARC _B3_slice7-Ort.czi,old,pomc,upper
114,13.0,56.0,728.0,B482_ARC _B3_slice7-Ort.czi,old,pomc,upper
115,24.0,73.0,1752.0,B482_ARC _B3_slice7-Ort.czi,old,pomc,upper
116,39.0,69.6923076923077,2718.0,B482_ARC _B3_slice7-Ort.czi,old,pomc,upper
117,16.0,109.125,1746.0,B482_ARC _B3_slice7-Ort.czi,old,pomc,upper
118,23.0,53.30434782608695,1226.0,B482_ARC _B3_slice7-Ort.czi,old,pomc,upper
119,1.0,163.0,163.0,B482_ARC _B3_slice7-Ort.czi,old,pomc,upper
120,32.0,83.65625,2677.0,B482_ARC _B3_slice7-Ort.czi,old,pomc,upper
121,9.0,76.44444444444444,688.0,B482_ARC _B3_slice7-Ort.czi,old,pomc,upper
122,16.0,75.5625,1209.0,B482_ARC _B3_slice7-Ort.czi,old,pomc,upper
123,12.0,74.5,894.0,B482_ARC _B3_slice7-Ort.czi,old,pomc,upper
124,22.0,54.31818181818182,1195.0,B482_ARC _B3_slice7-Ort.czi,old,pomc,upper
125,22.0,74.22727272727273,1633.0000000000002,B482_ARC _B3_slice7-Ort.czi,old,pomc,upper
126,10.0,139.6,1396.0,B482_ARC _B3_slice7-Ort.czi,old,pomc,upper
127,10.0,54.4,544.0,B482_ARC _B3_slice7-Ort.czi,old,pomc,upper
128,36.0,70.88888888888889,2552.0,B482_ARC _B3_slice7-Ort.czi,old,pomc,upper
129,85.0,60.78823529411765,5167.0,B482_ARC _B3_slice7-Ort.czi,old,pomc,upper
130,73.0,55.136986301369866,4025.0000000000005,B482_ARC _B3_slice7-Ort.czi,old,pomc,upper
131,110.0,62.57272727272727,6883.0,B482_ARC _B3_slice7-Ort.czi,old,pomc,upper
132,1.0,46.0,46.0,B482_ARC _B3_slice7-Ort.czi,old,pomc,upper
133,26.0,71.61538461538461,1862.0,B482_ARC _B3_slice7-Ort.czi,old,pomc,upper
134,35.0,54.25714285714286,1899.0,B482_ARC _B3_slice7-Ort.czi,old,pomc,upper
135,18.0,63.55555555555556,1144.0,B482_ARC _B3_slice7-Ort.czi,old,pomc,upper
136,11.0,64.54545454545455,710.0,B482_ARC _B3_slice7-Ort.czi,old,pomc,upper
137,12.0,69.91666666666667,839.0,B482_ARC _B3_slice7-Ort.czi,old,pomc,upper
138,18.0,54.666666666666664,984.0,B482_ARC _B3_slice7-Ort.czi,old,pomc,upper
139,49.0,66.79591836734694,3273.0,B482_ARC _B3_slice7-Ort.czi,old,pomc,upper
140,31.0,58.03225806451613,1799.0,B482_ARC _B3_slice7-Ort.czi,old,pomc,upper
141,27.0,76.44444444444444,2064.0,B482_ARC _B3_slice7-Ort.czi,old,pomc,upper
142,10.0,56.7,567.0,B482_ARC _B3_slice7-Ort.czi,old,pomc,upper
143,879.0,66.08191126279864,58086.00000000001,B482_ARC _B3_slice7-Ort.czi,old,pomc,upper
144,7.0,52.0,364.0,B482_ARC _B3_slice7-Ort.czi,old,pomc,upper
145,41.0,70.07317073170732,2873.0,B482_ARC _B3_slice7-Ort.czi,old,pomc,upper
146,1.0,61.0,61.0,B482_ARC _B3_slice7-Ort.czi,old,pomc,upper
147,3.0,66.0,198.0,B482_ARC _B3_slice7-Ort.czi,old,pomc,upper
148,10.0,48.0,480.0,B482_ARC _B3_slice7-Ort.czi,old,pomc,upper
149,29.0,47.689655172413794,1383.0,B482_ARC _B3_slice7-Ort.czi,old,pomc,upper
150,15.0,53.2,798.0,B482_ARC _B3_slice7-Ort.czi,old,pomc,upper
151,13.0,95.3076923076923,1239.0,B482_ARC _B3_slice7-Ort.czi,old,pomc,upper
152,53.0,74.37735849056604,3942.0,B482_ARC _B3_slice7-Ort.czi,old,pomc,upper
153,20.0,78.55,1571.0,B482_ARC _B3_slice7-Ort.czi,old,pomc,upper
154,98.0,57.6530612244898,5650.0,B482_ARC _B3_slice7-Ort.czi,old,pomc,upper
155,19.0,61.421052631578945,1167.0,B482_ARC _B3_slice7-Ort.czi,old,pomc,upper
156,35.0,83.34285714285714,2917.0,B482_ARC _B3_slice7-Ort.czi,old,pomc,upper
157,22.0,58.22727272727273,1281.0,B482_ARC _B3_slice7-Ort.czi,old,pomc,upper
158,6.0,54.0,324.0,B482_ARC _B3_slice7-Ort.czi,old,pomc,upper
159,15.0,78.66666666666667,1180.0,B482_ARC _B3_slice7-Ort.czi,old,pomc,upper
160,1.0,29.0,29.0,B482_ARC _B3_slice7-Ort.czi,old,pomc,upper
161,15.0,84.33333333333333,1265.0,B482_ARC _B3_slice7-Ort.czi,old,pomc,upper
162,33.0,58.81818181818182,1941.0,B482_ARC _B3_slice7-Ort.czi,old,pomc,upper
163,1.0,27.0,27.0,B482_ARC _B3_slice7-Ort.czi,old,pomc,upper
164,285.0,63.50877192982456,18100.0,B482_ARC _B3_slice7-Ort.czi,old,pomc,upper
165,31.0,87.7741935483871,2721.0,B482_ARC _B3_slice7-Ort.czi,old,pomc,upper
166,30.0,46.833333333333336,1405.0,B482_ARC _B3_slice7-Ort.czi,old,pomc,upper
167,47.0,66.29787234042553,3116.0,B482_ARC _B3_slice7-Ort.czi,old,pomc,upper
168,52.0,58.71153846153846,3053.0,B482_ARC _B3_slice7-Ort.czi,old,pomc,upper
169,26.0,73.42307692307692,1909.0,B482_ARC _B3_slice7-Ort.czi,old,pomc,upper
170,82.0,77.98780487804878,6395.0,B482_ARC _B3_slice7-Ort.czi,old,pomc,upper
171,24.0,61.041666666666664,1465.0,B482_ARC _B3_slice7-Ort.czi,old,pomc,upper
172,29.0,66.93103448275862,1941.0,B482_ARC _B3_slice7-Ort.czi,old,pomc,upper
173,47.0,67.7872340425532,3186.0,B482_ARC _B3_slice7-Ort.czi,old,pomc,upper
174,26.0,52.69230769230769,1370.0,B482_ARC _B3_slice7-Ort.czi,old,pomc,upper
175,22.0,58.54545454545455,1288.0,B482_ARC _B3_slice7-Ort.czi,old,pomc,upper
176,22.0,53.40909090909091,1175.0,B482_ARC _B3_slice7-Ort.czi,old,pomc,upper
177,19.0,96.05263157894737,1825.0,B482_ARC _B3_slice7-Ort.czi,old,pomc,upper
178,10.0,65.4,654.0,B482_ARC _B3_slice7-Ort.czi,old,pomc,upper
179,60.0,61.21666666666667,3673.0,B482_ARC _B3_slice7-Ort.czi,old,pomc,upper
180,23.0,69.26086956521739,1593.0,B482_ARC _B3_slice7-Ort.czi,old,pomc,upper
181,80.0,59.4125,4753.0,B482_ARC _B3_slice7-Ort.czi,old,pomc,upper
182,1.0,119.0,119.0,B482_ARC _B3_slice7-Ort.czi,old,pomc,upper
183,51.0,59.568627450980394,3038.0,B482_ARC _B3_slice7-Ort.czi,old,pomc,upper
184,48.0,64.66666666666667,3104.0,B482_ARC _B3_slice7-Ort.czi,old,pomc,upper
185,73.0,78.61643835616438,5739.0,B482_ARC _B3_slice7-Ort.czi,old,pomc,upper
186,20.0,91.85,1837.0,B482_ARC _B3_slice7-Ort.czi,old,pomc,upper
187,130.0,61.723076923076924,8024.0,B482_ARC _B3_slice7-Ort.czi,old,pomc,upper
188,1.0,58.0,58.0,B482_ARC _B3_slice7-Ort.czi,old,pomc,upper
189,25.0,65.84,1646.0,B482_ARC _B3_slice7-Ort.czi,old,pomc,upper
190,70.0,68.57142857142857,4800.0,B482_ARC _B3_slice7-Ort.czi,old,pomc,upper
191,1.0,51.0,51.0,B482_ARC _B3_slice7-Ort.czi,old,pomc,upper
192,1.0,108.0,108.0,B482_ARC _B3_slice7-Ort.czi,old,pomc,upper
193,25.0,64.08,1602.0,B482_ARC _B3_slice7-Ort.czi,old,pomc,upper
194,7.0,56.285714285714285,394.0,B482_ARC _B3_slice7-Ort.czi,old,pomc,upper
195,2.0,31.0,62.0,B482_ARC _B3_slice7-Ort.czi,old,pomc,upper
196,35.0,71.2,2492.0,B482_ARC _B3_slice7-Ort.czi,old,pomc,upper
197,40.0,67.975,2719.0,B482_ARC _B3_slice7-Ort.czi,old,pomc,upper
198,20.0,78.9,1578.0,B482_ARC _B3_slice7-Ort.czi,old,pomc,upper
199,77.0,61.09090909090909,4704.0,B482_ARC _B3_slice7-Ort.czi,old,pomc,upper
200,13.0,62.76923076923077,816.0,B482_ARC _B3_slice7-Ort.czi,old,pomc,upper
201,37.0,59.108108108108105,2187.0,B482_ARC _B3_slice7-Ort.czi,old,pomc,upper
202,4.0,53.0,212.0,B482_ARC _B3_slice7-Ort.czi,old,pomc,upper
203,5.0,68.2,341.0,B482_ARC _B3_slice7-Ort.czi,old,pomc,upper
204,2.0,66.5,133.0,B482_ARC _B3_slice7-Ort.czi,old,pomc,upper
205,45.0,63.644444444444446,2864.0,B482_ARC _B3_slice7-Ort.czi,old,pomc,upper
206,39.0,54.30769230769231,2118.0,B482_ARC _B3_slice7-Ort.czi,old,pomc,upper
207,764.0,58.545811518324605,44729.0,B482_ARC _B3_slice7-Ort.czi,old,pomc,upper
208,61.0,69.32786885245902,4229.0,B482_ARC _B3_slice7-Ort.czi,old,pomc,upper
209,81.0,74.87654320987654,6065.0,B482_ARC _B3_slice7-Ort.czi,old,pomc,upper
210,46.0,61.21739130434783,2816.0,B482_ARC _B3_slice7-Ort.czi,old,pomc,upper
211,26.0,66.96153846153847,1741.0000000000002,B482_ARC _B3_slice7-Ort.czi,old,pomc,upper
212,77.0,64.54545454545455,4970.0,B482_ARC _B3_slice7-Ort.czi,old,pomc,upper
213,14.0,64.57142857142857,904.0,B482_ARC _B3_slice7-Ort.czi,old,pomc,upper
214,21.0,122.04761904761905,2563.0,B482_ARC _B3_slice7-Ort.czi,old,pomc,upper
215,19.0,59.63157894736842,1133.0,B482_ARC _B3_slice7-Ort.czi,old,pomc,upper
216,1.0,50.0,50.0,B482_ARC _B3_slice7-Ort.czi,old,pomc,upper
217,2.0,83.0,166.0,B482_ARC _B3_slice7-Ort.czi,old,pomc,upper
218,15.0,62.333333333333336,935.0,B482_ARC _B3_slice7-Ort.czi,old,pomc,upper
219,8.0,59.5,476.0,B482_ARC _B3_slice7-Ort.czi,old,pomc,upper
220,6.0,64.0,384.0,B482_ARC _B3_slice7-Ort.czi,old,pomc,upper
221,27.0,48.55555555555556,1311.0,B482_ARC _B3_slice7-Ort.czi,old,pomc,upper
222,25.0,74.16,1854.0,B482_ARC _B3_slice7-Ort.czi,old,pomc,upper
223,3.0,77.33333333333333,232.0,B482_ARC _B3_slice7-Ort.czi,old,pomc,upper
224,1.0,44.0,44.0,B482_ARC _B3_slice7-Ort.czi,old,pomc,upper
225,448.0,59.20982142857143,26526.0,B482_ARC _B3_slice7-Ort.czi,old,pomc,upper
226,12.0,53.25,639.0,B482_ARC _B3_slice7-Ort.czi,old,pomc,upper
227,85.0,62.858823529411765,5343.0,B482_ARC _B3_slice7-Ort.czi,old,pomc,upper
228,5.0,56.8,284.0,B482_ARC _B3_slice7-Ort.czi,old,pomc,upper
229,1.0,20.0,20.0,B482_ARC _B3_slice7-Ort.czi,old,pomc,upper
230,64.0,60.046875,3843.0,B482_ARC _B3_slice7-Ort.czi,old,pomc,upper
231,1.0,61.0,61.0,B482_ARC _B3_slice7-Ort.czi,old,pomc,upper
232,105.0,59.61904761904762,6260.0,B482_ARC _B3_slice7-Ort.czi,old,pomc,upper
233,70.0,60.128571428571426,4209.0,B482_ARC _B3_slice7-Ort.czi,old,pomc,upper
234,2.0,51.0,102.0,B482_ARC _B3_slice7-Ort.czi,old,pomc,upper
235,2.0,59.5,119.0,B482_ARC _B3_slice7-Ort.czi,old,pomc,upper
236,86.0,63.151162790697676,5431.0,B482_ARC _B3_slice7-Ort.czi,old,pomc,upper
237,82.0,53.81707317073171,4413.0,B482_ARC _B3_slice7-Ort.czi,old,pomc,upper
238,31.0,69.38709677419355,2151.0,B482_ARC _B3_slice7-Ort.czi,old,pomc,upper
239,6.0,72.0,432.0,B482_ARC _B3_slice7-Ort.czi,old,pomc,upper
240,2.0,82.5,165.0,B482_ARC _B3_slice7-Ort.czi,old,pomc,upper
241,15.0,70.73333333333333,1061.0,B482_ARC _B3_slice7-Ort.czi,old,pomc,upper
242,2.0,60.0,120.0,B482_ARC _B3_slice7-Ort.czi,old,pomc,upper
243,30.0,68.1,2042.9999999999998,B482_ARC _B3_slice7-Ort.czi,old,pomc,upper
244,29.0,78.3103448275862,2271.0,B482_ARC _B3_slice7-Ort.czi,old,pomc,upper
245,91.0,59.582417582417584,5422.0,B482_ARC _B3_slice7-Ort.czi,old,pomc,upper
246,16.0,106.4375,1703.0,B482_ARC _B3_slice7-Ort.czi,old,pomc,upper
247,14.0,56.857142857142854,796.0,B482_ARC _B3_slice7-Ort.czi,old,pomc,upper
248,223.0,61.87892376681614,13799.0,B482_ARC _B3_slice7-Ort.czi,old,pomc,upper
249,16.0,80.5,1288.0,B482_ARC _B3_slice7-Ort.czi,old,pomc,upper
250,9.0,77.77777777777777,700.0,B482_ARC _B3_slice7-Ort.czi,old,pomc,upper
251,6.0,89.0,534.0,B482_ARC _B3_slice7-Ort.czi,old,pomc,upper
252,28.0,67.67857142857143,1895.0,B482_ARC _B3_slice7-Ort.czi,old,pomc,upper
253,33.0,73.57575757575758,2428.0,B482_ARC _B3_slice7-Ort.czi,old,pomc,upper
254,34.0,65.79411764705883,2237.0,B482_ARC _B3_slice7-Ort.czi,old,pomc,upper
255,43.0,56.348837209302324,2423.0,B482_ARC _B3_slice7-Ort.czi,old,pomc,upper
256,18.0,57.27777777777778,1031.0,B482_ARC _B3_slice7-Ort.czi,old,pomc,upper
257,2.0,64.5,129.0,B482_ARC _B3_slice7-Ort.czi,old,pomc,upper
258,3.0,61.666666666666664,185.0,B482_ARC _B3_slice7-Ort.czi,old,pomc,upper
259,80.0,48.575,3886.0,B482_ARC _B3_slice7-Ort.czi,old,pomc,upper
260,17.0,76.3529411764706,1298.0,B482_ARC _B3_slice7-Ort.czi,old,pomc,upper
261,10.0,58.0,580.0,B482_ARC _B3_slice7-Ort.czi,old,pomc,upper
262,42.0,79.45238095238095,3337.0,B482_ARC _B3_slice7-Ort.czi,old,pomc,upper
263,116.0,55.76724137931034,6469.0,B482_ARC _B3_slice7-Ort.czi,old,pomc,upper
264,28.0,68.32142857142857,1913.0,B482_ARC _B3_slice7-Ort.czi,old,pomc,upper
265,208.0,73.6923076923077,15328.0,B482_ARC _B3_slice7-Ort.czi,old,pomc,upper
266,11.0,69.9090909090909,769.0,B482_ARC _B3_slice7-Ort.czi,old,pomc,upper
267,64.0,69.734375,4463.0,B482_ARC _B3_slice7-Ort.czi,old,pomc,upper
268,9.0,68.55555555555556,617.0,B482_ARC _B3_slice7-Ort.czi,old,pomc,upper
269,85.0,67.92941176470588,5773.999999999999,B482_ARC _B3_slice7-Ort.czi,old,pomc,upper
270,59.0,56.69491525423729,3345.0,B482_ARC _B3_slice7-Ort.czi,old,pomc,upper
271,24.0,75.625,1815.0,B482_ARC _B3_slice7-Ort.czi,old,pomc,upper
272,182.0,62.510989010989015,11377.0,B482_ARC _B3_slice7-Ort.czi,old,pomc,upper
273,16.0,50.75,812.0,B482_ARC _B3_slice7-Ort.czi,old,pomc,upper
274,217.0,57.483870967741936,12474.0,B482_ARC _B3_slice7-Ort.czi,old,pomc,upper
275,94.0,66.91489361702128,6290.0,B482_ARC _B3_slice7-Ort.czi,old,pomc,upper
276,1.0,37.0,37.0,B482_ARC _B3_slice7-Ort.czi,old,pomc,upper
277,222.0,59.76126126126126,13267.0,B482_ARC _B3_slice7-Ort.czi,old,pomc,upper
278,15.0,98.6,1479.0,B482_ARC _B3_slice7-Ort.czi,old,pomc,upper
279,12.0,80.25,963.0,B482_ARC _B3_slice7-Ort.czi,old,pomc,upper
280,99.0,56.73737373737374,5617.0,B482_ARC _B3_slice7-Ort.czi,old,pomc,upper
281,6.0,113.16666666666667,679.0,B482_ARC _B3_slice7-Ort.czi,old,pomc,upper
282,51.0,56.19607843137255,2866.0,B482_ARC _B3_slice7-Ort.czi,old,pomc,upper
283,8.0,55.75,446.0,B482_ARC _B3_slice7-Ort.czi,old,pomc,upper
284,87.0,55.10344827586207,4794.0,B482_ARC _B3_slice7-Ort.czi,old,pomc,upper
285,1.0,127.0,127.0,B482_ARC _B3_slice7-Ort.czi,old,pomc,upper
286,272.0,64.44117647058823,17528.0,B482_ARC _B3_slice7-Ort.czi,old,pomc,upper
287,1.0,81.0,81.0,B482_ARC _B3_slice7-Ort.czi,old,pomc,upper
288,153.0,62.43790849673203,9553.0,B482_ARC _B3_slice7-Ort.czi,old,pomc,upper
289,322.0,58.975155279503106,18990.0,B482_ARC _B3_slice7-Ort.czi,old,pomc,upper
290,28.0,56.0,1568.0,B482_ARC _B3_slice7-Ort.czi,old,pomc,upper
291,87.0,50.96551724137931,4434.0,B482_ARC _B3_slice7-Ort.czi,old,pomc,upper
292,4.0,73.5,294.0,B482_ARC _B3_slice7-Ort.czi,old,pomc,upper
293,15.0,156.06666666666666,2341.0,B482_ARC _B3_slice7-Ort.czi,old,pomc,upper
294,123.0,59.19512195121951,7281.0,B482_ARC _B3_slice7-Ort.czi,old,pomc,upper
295,72.0,83.36111111111111,6002.0,B482_ARC _B3_slice7-Ort.czi,old,pomc,upper
296,26.0,51.0,1326.0,B482_ARC _B3_slice7-Ort.czi,old,pomc,upper
297,26.0,56.88461538461539,1479.0,B482_ARC _B3_slice7-Ort.czi,old,pomc,upper
298,70.0,50.885714285714286,3562.0,B482_ARC _B3_slice7-Ort.czi,old,pomc,upper
299,25.0,63.68,1592.0,B482_ARC _B3_slice7-Ort.czi,old,pomc,upper
300,145.0,57.87586206896552,8392.0,B482_ARC _B3_slice7-Ort.czi,old,pomc,upper
301,69.0,75.5072463768116,5210.0,B482_ARC _B3_slice7-Ort.czi,old,pomc,upper
302,73.0,52.273972602739725,3816.0,B482_ARC _B3_slice7-Ort.czi,old,pomc,upper
303,9.0,58.55555555555556,527.0,B482_ARC _B3_slice7-Ort.czi,old,pomc,upper
304,46.0,64.1086956521739,2948.9999999999995,B482_ARC _B3_slice7-Ort.czi,old,pomc,upper
305,76.0,73.67105263157895,5599.0,B482_ARC _B3_slice7-Ort.czi,old,pomc,upper
306,1.0,121.0,121.0,B482_ARC _B3_slice7-Ort.czi,old,pomc,upper
307,4.0,50.75,203.0,B482_ARC _B3_slice7-Ort.czi,old,pomc,upper
308,8.0,63.0,504.0,B482_ARC _B3_slice7-Ort.czi,old,pomc,upper
309,152.0,58.71052631578947,8924.0,B482_ARC _B3_slice7-Ort.czi,old,pomc,upper
310,39.0,61.743589743589745,2408.0,B482_ARC _B3_slice7-Ort.czi,old,pomc,upper
311,107.0,70.17757009345794,7509.0,B482_ARC _B3_slice7-Ort.czi,old,pomc,upper
312,38.0,70.1842105263158,2667.0,B482_ARC _B3_slice7-Ort.czi,old,pomc,upper
313,2.0,28.5,57.0,B482_ARC _B3_slice7-Ort.czi,old,pomc,upper
314,118.0,57.73728813559322,6813.0,B482_ARC _B3_slice7-Ort.czi,old,pomc,upper
315,28.0,63.964285714285715,1791.0,B482_ARC _B3_slice7-Ort.czi,old,pomc,upper
316,78.0,59.61538461538461,4650.0,B482_ARC _B3_slice7-Ort.czi,old,pomc,upper
317,60.0,66.88333333333334,4013.0000000000005,B482_ARC _B3_slice7-Ort.czi,old,pomc,upper
318,11.0,102.54545454545455,1128.0,B482_ARC _B3_slice7-Ort.czi,old,pomc,upper
319,153.0,68.74509803921569,10518.0,B482_ARC _B3_slice7-Ort.czi,old,pomc,upper
320,1.0,57.0,57.0,B482_ARC _B3_slice7-Ort.czi,old,pomc,upper
321,77.0,73.45454545454545,5656.0,B482_ARC _B3_slice7-Ort.czi,old,pomc,upper
322,1.0,127.0,127.0,B482_ARC _B3_slice7-Ort.czi,old,pomc,upper
323,1.0,40.0,40.0,B482_ARC _B3_slice7-Ort.czi,old,pomc,upper
324,21.0,74.19047619047619,1558.0,B482_ARC _B3_slice7-Ort.czi,old,pomc,upper
325,12.0,49.25,591.0,B482_ARC _B3_slice7-Ort.czi,old,pomc,upper
326,40.0,53.1,2124.0,B482_ARC _B3_slice7-Ort.czi,old,pomc,upper
327,377.0,77.06896551724138,29055.0,B482_ARC _B3_slice7-Ort.czi,old,pomc,upper
328,75.0,54.946666666666665,4121.0,B482_ARC _B3_slice7-Ort.czi,old,pomc,upper
329,24.0,65.75,1578.0,B482_ARC _B3_slice7-Ort.czi,old,pomc,upper
330,154.0,57.214285714285715,8811.0,B482_ARC _B3_slice7-Ort.czi,old,pomc,upper
331,53.0,64.88679245283019,3439.0,B482_ARC _B3_slice7-Ort.czi,old,pomc,upper
332,10.0,76.2,762.0,B482_ARC _B3_slice7-Ort.czi,old,pomc,upper
333,13.0,55.76923076923077,725.0,B482_ARC _B3_slice7-Ort.czi,old,pomc,upper
334,1.0,43.0,43.0,B482_ARC _B3_slice7-Ort.czi,old,pomc,upper
335,34.0,51.05882352941177,1736.0,B482_ARC _B3_slice7-Ort.czi,old,pomc,upper
336,41.0,78.46341463414635,3217.0,B482_ARC _B3_slice7-Ort.czi,old,pomc,upper
337,95.0,70.67368421052632,6714.0,B482_ARC _B3_slice7-Ort.czi,old,pomc,upper
338,18.0,76.11111111111111,1370.0,B482_ARC _B3_slice7-Ort.czi,old,pomc,upper
339,33.0,76.48484848484848,2524.0,B482_ARC _B3_slice7-Ort.czi,old,pomc,upper
340,39.0,64.12820512820512,2501.0,B482_ARC _B3_slice7-Ort.czi,old,pomc,upper
341,4.0,80.0,320.0,B482_ARC _B3_slice7-Ort.czi,old,pomc,upper
342,20.0,102.4,2048.0,B482_ARC _B3_slice7-Ort.czi,old,pomc,upper
343,10.0,53.9,539.0,B482_ARC _B3_slice7-Ort.czi,old,pomc,upper
344,50.0,65.6,3279.9999999999995,B482_ARC _B3_slice7-Ort.czi,old,pomc,upper
345,45.0,76.24444444444444,3431.0,B482_ARC _B3_slice7-Ort.czi,old,pomc,upper
346,63.0,55.01587301587302,3466.0,B482_ARC _B3_slice7-Ort.czi,old,pomc,upper
347,116.0,57.3448275862069,6652.0,B482_ARC _B3_slice7-Ort.czi,old,pomc,upper
348,172.0,75.91279069767442,13057.000000000002,B482_ARC _B3_slice7-Ort.czi,old,pomc,upper
349,44.0,61.5,2706.0,B482_ARC _B3_slice7-Ort.czi,old,pomc,upper
350,75.0,68.04,5103.000000000001,B482_ARC _B3_slice7-Ort.czi,old,pomc,upper
351,30.0,88.26666666666667,2648.0,B482_ARC _B3_slice7-Ort.czi,old,pomc,upper
352,46.0,75.26086956521739,3462.0,B482_ARC _B3_slice7-Ort.czi,old,pomc,upper
353,57.0,72.89473684210526,4155.0,B482_ARC _B3_slice7-Ort.czi,old,pomc,upper
354,25.0,65.88,1647.0,B482_ARC _B3_slice7-Ort.czi,old,pomc,upper
355,43.0,62.2093023255814,2675.0,B482_ARC _B3_slice7-Ort.czi,old,pomc,upper
356,2.0,86.5,173.0,B482_ARC _B3_slice7-Ort.czi,old,pomc,upper
357,11.0,68.0,748.0,B482_ARC _B3_slice7-Ort.czi,old,pomc,upper
358,47.0,68.46808510638297,3217.9999999999995,B482_ARC _B3_slice7-Ort.czi,old,pomc,upper
359,2.0,64.5,129.0,B482_ARC _B3_slice7-Ort.czi,old,pomc,upper
360,142.0,60.83098591549296,8638.0,B482_ARC _B3_slice7-Ort.czi,old,pomc,upper
361,112.0,67.66071428571429,7578.000000000001,B482_ARC _B3_slice7-Ort.czi,old,pomc,upper
362,19.0,75.21052631578948,1429.0,B482_ARC _B3_slice7-Ort.czi,old,pomc,upper
363,125.0,60.128,7516.0,B482_ARC _B3_slice7-Ort.czi,old,pomc,upper
364,322.0,57.16459627329193,18407.0,B482_ARC _B3_slice7-Ort.czi,old,pomc,upper
365,214.0,56.004672897196265,11985.0,B482_ARC _B3_slice7-Ort.czi,old,pomc,upper
366,11.0,60.18181818181818,662.0,B482_ARC _B3_slice7-Ort.czi,old,pomc,upper
367,43.0,56.02325581395349,2409.0,B482_ARC _B3_slice7-Ort.czi,old,pomc,upper
368,90.0,68.34444444444445,6151.0,B482_ARC _B3_slice7-Ort.czi,old,pomc,upper
369,15.0,72.13333333333334,1082.0,B482_ARC _B3_slice7-Ort.czi,old,pomc,upper
370,82.0,58.24390243902439,4776.0,B482_ARC _B3_slice7-Ort.czi,old,pomc,upper
371,33.0,58.484848484848484,1930.0,B482_ARC _B3_slice7-Ort.czi,old,pomc,upper
372,58.0,63.62068965517241,3690.0,B482_ARC _B3_slice7-Ort.czi,old,pomc,upper
373,9.0,60.333333333333336,543.0,B482_ARC _B3_slice7-Ort.czi,old,pomc,upper
374,43.0,75.34883720930233,3240.0000000000005,B482_ARC _B3_slice7-Ort.czi,old,pomc,upper
375,67.0,58.417910447761194,3914.0,B482_ARC _B3_slice7-Ort.czi,old,pomc,upper
376,21.0,67.38095238095238,1415.0,B482_ARC _B3_slice7-Ort.czi,old,pomc,upper
377,282.0,58.07801418439716,16378.0,B482_ARC _B3_slice7-Ort.czi,old,pomc,upper
378,125.0,52.696,6587.0,B482_ARC _B3_slice7-Ort.czi,old,pomc,upper
379,35.0,71.85714285714286,2515.0,B482_ARC _B3_slice7-Ort.czi,old,pomc,upper
380,48.0,61.395833333333336,2947.0,B482_ARC _B3_slice7-Ort.czi,old,pomc,upper
381,41.0,63.390243902439025,2599.0,B482_ARC _B3_slice7-Ort.czi,old,pomc,upper
382,51.0,60.745098039215684,3098.0,B482_ARC _B3_slice7-Ort.czi,old,pomc,upper
383,230.0,76.64782608695653,17629.0,B482_ARC _B3_slice7-Ort.czi,old,pomc,upper
384,43.0,53.48837209302326,2300.0,B482_ARC _B3_slice7-Ort.czi,old,pomc,upper
385,3.0,57.333333333333336,172.0,B482_ARC _B3_slice7-Ort.czi,old,pomc,upper
386,29.0,71.58620689655173,2076.0,B482_ARC _B3_slice7-Ort.czi,old,pomc,upper
387,141.0,58.97872340425532,8316.0,B482_ARC _B3_slice7-Ort.czi,old,pomc,upper
388,27.0,67.55555555555556,1824.0,B482_ARC _B3_slice7-Ort.czi,old,pomc,upper
389,9.0,68.22222222222223,614.0,B482_ARC _B3_slice7-Ort.czi,old,pomc,upper
390,10.0,57.2,572.0,B482_ARC _B3_slice7-Ort.czi,old,pomc,upper
391,49.0,56.46938775510204,2767.0,B482_ARC _B3_slice7-Ort.czi,old,pomc,upper
392,104.0,65.99038461538461,6863.0,B482_ARC _B3_slice7-Ort.czi,old,pomc,upper
393,20.0,54.35,1087.0,B482_ARC _B3_slice7-Ort.czi,old,pomc,upper
394,21.0,56.523809523809526,1187.0,B482_ARC _B3_slice7-Ort.czi,old,pomc,upper
395,73.0,55.23287671232877,4032.0,B482_ARC _B3_slice7-Ort.czi,old,pomc,upper
396,13.0,67.92307692307692,883.0,B482_ARC _B3_slice7-Ort.czi,old,pomc,upper
397,51.0,63.94117647058823,3261.0,B482_ARC _B3_slice7-Ort.czi,old,pomc,upper
398,48.0,52.833333333333336,2536.0,B482_ARC _B3_slice7-Ort.czi,old,pomc,upper
399,12.0,69.5,834.0,B482_ARC _B3_slice7-Ort.czi,old,pomc,upper
400,108.0,60.48148148148148,6532.0,B482_ARC _B3_slice7-Ort.czi,old,pomc,upper
401,1.0,107.0,107.0,B482_ARC _B3_slice7-Ort.czi,old,pomc,upper
402,29.0,59.37931034482759,1722.0,B482_ARC _B3_slice7-Ort.czi,old,pomc,upper
403,71.0,65.40845070422536,4644.000000000001,B482_ARC _B3_slice7-Ort.czi,old,pomc,upper
404,1.0,29.0,29.0,B482_ARC _B3_slice7-Ort.czi,old,pomc,upper
405,2.0,45.0,90.0,B482_ARC _B3_slice7-Ort.czi,old,pomc,upper
406,22.0,49.18181818181818,1082.0,B482_ARC _B3_slice7-Ort.czi,old,pomc,upper
407,91.0,59.582417582417584,5422.0,B482_ARC _B3_slice7-Ort.czi,old,pomc,upper
408,32.0,60.125,1924.0,B482_ARC _B3_slice7-Ort.czi,old,pomc,upper
409,26.0,64.03846153846153,1664.9999999999998,B482_ARC _B3_slice7-Ort.czi,old,pomc,upper
410,67.0,64.56716417910448,4326.0,B482_ARC _B3_slice7-Ort.czi,old,pomc,upper
411,138.0,73.57246376811594,10153.0,B482_ARC _B3_slice7-Ort.czi,old,pomc,upper
412,132.0,67.88636363636364,8961.0,B482_ARC _B3_slice7-Ort.czi,old,pomc,upper
413,91.0,68.37362637362638,6222.000000000001,B482_ARC _B3_slice7-Ort.czi,old,pomc,upper
414,40.0,69.825,2793.0,B482_ARC _B3_slice7-Ort.czi,old,pomc,upper
415,25.0,56.0,1400.0,B482_ARC _B3_slice7-Ort.czi,old,pomc,upper
416,186.0,69.06989247311827,12846.999999999998,B482_ARC _B3_slice7-Ort.czi,old,pomc,upper
417,55.0,71.7090909090909,3943.9999999999995,B482_ARC _B3_slice7-Ort.czi,old,pomc,upper
418,83.0,56.46987951807229,4687.0,B482_ARC _B3_slice7-Ort.czi,old,pomc,upper
419,65.0,69.76923076923077,4535.0,B482_ARC _B3_slice7-Ort.czi,old,pomc,upper
420,55.0,58.127272727272725,3197.0,B482_ARC _B3_slice7-Ort.czi,old,pomc,upper
421,107.0,67.86915887850468,7262.000000000001,B482_ARC _B3_slice7-Ort.czi,old,pomc,upper
422,1.0,60.0,60.0,B482_ARC _B3_slice7-Ort.czi,old,pomc,upper
423,134.0,74.33582089552239,9961.0,B482_ARC _B3_slice7-Ort.czi,old,pomc,upper
424,24.0,63.708333333333336,1529.0,B482_ARC _B3_slice7-Ort.czi,old,pomc,upper
425,67.0,65.11940298507463,4363.0,B482_ARC _B3_slice7-Ort.czi,old,pomc,upper
426,2.0,49.0,98.0,B482_ARC _B3_slice7-Ort.czi,old,pomc,upper
427,70.0,64.88571428571429,4542.0,B482_ARC _B3_slice7-Ort.czi,old,pomc,upper
428,19.0,54.68421052631579,1039.0,B482_ARC _B3_slice7-Ort.czi,old,pomc,upper
429,14.0,81.92857142857143,1147.0,B482_ARC _B3_slice7-Ort.czi,old,pomc,upper
430,2.0,59.5,119.0,B482_ARC _B3_slice7-Ort.czi,old,pomc,upper
431,9.0,56.888888888888886,512.0,B482_ARC _B3_slice7-Ort.czi,old,pomc,upper
432,50.0,62.2,3110.0,B482_ARC _B3_slice7-Ort.czi,old,pomc,upper
433,61.0,55.81967213114754,3405.0,B482_ARC _B3_slice7-Ort.czi,old,pomc,upper
434,31.0,81.41935483870968,2524.0,B482_ARC _B3_slice7-Ort.czi,old,pomc,upper
435,65.0,71.53846153846153,4650.0,B482_ARC _B3_slice7-Ort.czi,old,pomc,upper
436,10.0,65.8,658.0,B482_ARC _B3_slice7-Ort.czi,old,pomc,upper
437,154.0,64.36363636363636,9912.0,B482_ARC _B3_slice7-Ort.czi,old,pomc,upper
438,1.0,31.0,31.0,B482_ARC _B3_slice7-Ort.czi,old,pomc,upper
439,51.0,61.27450980392157,3125.0,B482_ARC _B3_slice7-Ort.czi,old,pomc,upper
440,61.0,65.40983606557377,3990.0,B482_ARC _B3_slice7-Ort.czi,old,pomc,upper
441,62.0,53.11290322580645,3293.0,B482_ARC _B3_slice7-Ort.czi,old,pomc,upper
442,61.0,76.81967213114754,4686.0,B482_ARC _B3_slice7-Ort.czi,old,pomc,upper
443,55.0,53.27272727272727,2930.0,B482_ARC _B3_slice7-Ort.czi,old,pomc,upper
444,67.0,50.43283582089552,3379.0,B482_ARC _B3_slice7-Ort.czi,old,pomc,upper
445,37.0,80.97297297297297,2996.0,B482_ARC _B3_slice7-Ort.czi,old,pomc,upper
446,24.0,63.416666666666664,1522.0,B482_ARC _B3_slice7-Ort.czi,old,pomc,upper
447,74.0,75.56756756756756,5592.0,B482_ARC _B3_slice7-Ort.czi,old,pomc,upper
448,28.0,52.607142857142854,1473.0,B482_ARC _B3_slice7-Ort.czi,old,pomc,upper
449,42.0,56.857142857142854,2388.0,B482_ARC _B3_slice7-Ort.czi,old,pomc,upper
450,64.0,77.4375,4956.0,B482_ARC _B3_slice7-Ort.czi,old,pomc,upper
451,7.0,120.85714285714286,846.0,B482_ARC _B3_slice7-Ort.czi,old,pomc,upper
452,122.0,51.65573770491803,6302.0,B482_ARC _B3_slice7-Ort.czi,old,pomc,upper
453,65.0,58.90769230769231,3829.0,B482_ARC _B3_slice7-Ort.czi,old,pomc,upper
454,42.0,78.02380952380952,3277.0,B482_ARC _B3_slice7-Ort.czi,old,pomc,upper
455,20.0,96.3,1926.0,B482_ARC _B3_slice7-Ort.czi,old,pomc,upper
456,1.0,61.0,61.0,B482_ARC _B3_slice7-Ort.czi,old,pomc,upper
457,1.0,29.0,29.0,B482_ARC _B3_slice7-Ort.czi,old,pomc,upper
458,23.0,103.43478260869566,2379.0,B482_ARC _B3_slice7-Ort.czi,old,pomc,upper
459,37.0,55.13513513513514,2040.0,B482_ARC _B3_slice7-Ort.czi,old,pomc,upper
460,1.0,63.0,63.0,B482_ARC _B3_slice7-Ort.czi,old,pomc,upper
461,83.0,70.34939759036145,5839.0,B482_ARC _B3_slice7-Ort.czi,old,pomc,upper
462,231.0,61.93939393939394,14308.0,B482_ARC _B3_slice7-Ort.czi,old,pomc,upper
463,138.0,77.09420289855072,10639.0,B482_ARC _B3_slice7-Ort.czi,old,pomc,upper
464,11.0,48.36363636363637,532.0,B482_ARC _B3_slice7-Ort.czi,old,pomc,upper
465,149.0,60.986577181208055,9087.0,B482_ARC _B3_slice7-Ort.czi,old,pomc,upper
466,74.0,65.47297297297297,4845.0,B482_ARC _B3_slice7-Ort.czi,old,pomc,upper
467,61.0,74.90163934426229,4569.0,B482_ARC _B3_slice7-Ort.czi,old,pomc,upper
468,48.0,65.22916666666667,3131.0,B482_ARC _B3_slice7-Ort.czi,old,pomc,upper
469,51.0,54.21568627450981,2765.0,B482_ARC _B3_slice7-Ort.czi,old,pomc,upper
470,23.0,64.95652173913044,1494.0,B482_ARC _B3_slice7-Ort.czi,old,pomc,upper
471,331.0,71.76132930513594,23752.999999999996,B482_ARC _B3_slice7-Ort.czi,old,pomc,upper
472,28.0,89.89285714285714,2517.0,B482_ARC _B3_slice7-Ort.czi,old,pomc,upper
473,1.0,84.0,84.0,B482_ARC _B3_slice7-Ort.czi,old,pomc,upper
474,41.0,61.170731707317074,2508.0,B482_ARC _B3_slice7-Ort.czi,old,pomc,upper
475,91.0,53.07692307692308,4830.0,B482_ARC _B3_slice7-Ort.czi,old,pomc,upper
476,267.0,51.644194756554306,13789.0,B482_ARC _B3_slice7-Ort.czi,old,pomc,upper
477,16.0,69.8125,1117.0,B482_ARC _B3_slice7-Ort.czi,old,pomc,upper
478,34.0,71.32352941176471,2425.0,B482_ARC _B3_slice7-Ort.czi,old,pomc,upper
479,38.0,77.3157894736842,2938.0,B482_ARC _B3_slice7-Ort.czi,old,pomc,upper
480,13.0,78.3076923076923,1018.0,B482_ARC _B3_slice7-Ort.czi,old,pomc,upper
481,65.0,73.06153846153846,4749.0,B482_ARC _B3_slice7-Ort.czi,old,pomc,upper
482,79.0,58.11392405063291,4591.0,B482_ARC _B3_slice7-Ort.czi,old,pomc,upper
483,48.0,72.0625,3459.0,B482_ARC _B3_slice7-Ort.czi,old,pomc,upper
484,36.0,77.22222222222223,2780.0,B482_ARC _B3_slice7-Ort.czi,old,pomc,upper
485,114.0,69.06140350877193,7873.0,B482_ARC _B3_slice7-Ort.czi,old,pomc,upper
486,71.0,71.47887323943662,5075.0,B482_ARC _B3_slice7-Ort.czi,old,pomc,upper
487,42.0,82.4047619047619,3460.9999999999995,B482_ARC _B3_slice7-Ort.czi,old,pomc,upper
488,158.0,77.32278481012658,12217.0,B482_ARC _B3_slice7-Ort.czi,old,pomc,upper
489,117.0,63.64102564102564,7446.0,B482_ARC _B3_slice7-Ort.czi,old,pomc,upper
490,9.0,58.55555555555556,527.0,B482_ARC _B3_slice7-Ort.czi,old,pomc,upper
491,24.0,66.66666666666667,1600.0,B482_ARC _B3_slice7-Ort.czi,old,pomc,upper
492,165.0,72.53333333333333,11968.0,B482_ARC _B3_slice7-Ort.czi,old,pomc,upper
493,33.0,53.696969696969695,1772.0,B482_ARC _B3_slice7-Ort.czi,old,pomc,upper
494,59.0,55.16949152542373,3255.0,B482_ARC _B3_slice7-Ort.czi,old,pomc,upper
495,95.0,63.07368421052632,5992.0,B482_ARC _B3_slice7-Ort.czi,old,pomc,upper
496,10.0,70.0,700.0,B482_ARC _B3_slice7-Ort.czi,old,pomc,upper
497,253.0,57.19762845849802,14471.0,B482_ARC _B3_slice7-Ort.czi,old,pomc,upper
498,28.0,55.785714285714285,1562.0,B482_ARC _B3_slice7-Ort.czi,old,pomc,upper
499,56.0,62.92857142857143,3524.0,B482_ARC _B3_slice7-Ort.czi,old,pomc,upper
500,60.0,74.63333333333334,4478.0,B482_ARC _B3_slice7-Ort.czi,old,pomc,upper
501,192.0,54.307291666666664,10427.0,B482_ARC _B3_slice7-Ort.czi,old,pomc,upper
502,18.0,74.44444444444444,1340.0,B482_ARC _B3_slice7-Ort.czi,old,pomc,upper
503,39.0,65.35897435897436,2549.0,B482_ARC _B3_slice7-Ort.czi,old,pomc,upper
504,42.0,72.71428571428571,3053.9999999999995,B482_ARC _B3_slice7-Ort.czi,old,pomc,upper
505,58.0,59.86206896551724,3472.0,B482_ARC _B3_slice7-Ort.czi,old,pomc,upper
506,95.0,52.94736842105263,5030.0,B482_ARC _B3_slice7-Ort.czi,old,pomc,upper
507,91.0,58.285714285714285,5304.0,B482_ARC _B3_slice7-Ort.czi,old,pomc,upper
508,49.0,68.79591836734694,3371.0,B482_ARC _B3_slice7-Ort.czi,old,pomc,upper
509,60.0,59.56666666666667,3574.0,B482_ARC _B3_slice7-Ort.czi,old,pomc,upper
510,145.0,69.7448275862069,10113.0,B482_ARC _B3_slice7-Ort.czi,old,pomc,upper
511,105.0,55.99047619047619,5879.0,B482_ARC _B3_slice7-Ort.czi,old,pomc,upper
512,234.0,60.26495726495727,14102.0,B482_ARC _B3_slice7-Ort.czi,old,pomc,upper
513,132.0,75.84848484848484,10012.0,B482_ARC _B3_slice7-Ort.czi,old,pomc,upper
514,113.0,64.85840707964601,7329.0,B482_ARC _B3_slice7-Ort.czi,old,pomc,upper
515,28.0,65.0,1820.0,B482_ARC _B3_slice7-Ort.czi,old,pomc,upper
516,59.0,66.47457627118644,3921.9999999999995,B482_ARC _B3_slice7-Ort.czi,old,pomc,upper
517,58.0,75.72413793103448,4392.0,B482_ARC _B3_slice7-Ort.czi,old,pomc,upper
518,76.0,58.98684210526316,4483.0,B482_ARC _B3_slice7-Ort.czi,old,pomc,upper
519,350.0,64.71142857142857,22649.0,B482_ARC _B3_slice7-Ort.czi,old,pomc,upper
520,52.0,67.17307692307692,3493.0,B482_ARC _B3_slice7-Ort.czi,old,pomc,upper
521,13.0,66.92307692307692,870.0,B482_ARC _B3_slice7-Ort.czi,old,pomc,upper
522,94.0,83.38297872340425,7837.999999999999,B482_ARC _B3_slice7-Ort.czi,old,pomc,upper
523,8.0,51.375,411.0,B482_ARC _B3_slice7-Ort.czi,old,pomc,upper
524,107.0,73.19626168224299,7832.0,B482_ARC _B3_slice7-Ort.czi,old,pomc,upper
525,29.0,81.55172413793103,2365.0,B482_ARC _B3_slice7-Ort.czi,old,pomc,upper
526,68.0,85.36764705882354,5805.0,B482_ARC _B3_slice7-Ort.czi,old,pomc,upper
527,62.0,60.53225806451613,3753.0,B482_ARC _B3_slice7-Ort.czi,old,pomc,upper
528,81.0,67.30864197530865,5452.0,B482_ARC _B3_slice7-Ort.czi,old,pomc,upper
529,26.0,67.76923076923077,1762.0,B482_ARC _B3_slice7-Ort.czi,old,pomc,upper
530,100.0,72.8,7280.0,B482_ARC _B3_slice7-Ort.czi,old,pomc,upper
531,30.0,91.76666666666667,2753.0,B482_ARC _B3_slice7-Ort.czi,old,pomc,upper
532,62.0,55.62903225806452,3449.0,B482_ARC _B3_slice7-Ort.czi,old,pomc,upper
533,81.0,87.61728395061728,7096.999999999999,B482_ARC _B3_slice7-Ort.czi,old,pomc,upper
534,18.0,67.33333333333333,1212.0,B482_ARC _B3_slice7-Ort.czi,old,pomc,upper
535,41.0,52.80487804878049,2165.0,B482_ARC _B3_slice7-Ort.czi,old,pomc,upper
536,42.0,81.14285714285714,3408.0,B482_ARC _B3_slice7-Ort.czi,old,pomc,upper
537,88.0,62.96590909090909,5541.0,B482_ARC _B3_slice7-Ort.czi,old,pomc,upper
538,23.0,59.91304347826087,1378.0,B482_ARC _B3_slice7-Ort.czi,old,pomc,upper
539,68.0,61.85294117647059,4206.0,B482_ARC _B3_slice7-Ort.czi,old,pomc,upper
540,1.0,47.0,47.0,B482_ARC _B3_slice7-Ort.czi,old,pomc,upper
541,76.0,64.23684210526316,4882.000000000001,B482_ARC _B3_slice7-Ort.czi,old,pomc,upper
542,59.0,62.271186440677965,3674.0,B482_ARC _B3_slice7-Ort.czi,old,pomc,upper
543,26.0,70.84615384615384,1841.9999999999998,B482_ARC _B3_slice7-Ort.czi,old,pomc,upper
544,185.0,71.96756756756757,13314.0,B482_ARC _B3_slice7-Ort.czi,old,pomc,upper
545,77.0,92.36363636363636,7112.0,B482_ARC _B3_slice7-Ort.czi,old,pomc,upper
546,358.0,60.30167597765363,21588.0,B482_ARC _B3_slice7-Ort.czi,old,pomc,upper
547,18.0,67.72222222222223,1219.0,B482_ARC _B3_slice7-Ort.czi,old,pomc,upper
548,4.0,42.25,169.0,B482_ARC _B3_slice7-Ort.czi,old,pomc,upper
549,1.0,58.0,58.0,B482_ARC _B3_slice7-Ort.czi,old,pomc,upper
550,13.0,61.92307692307692,805.0,B482_ARC _B3_slice7-Ort.czi,old,pomc,upper
551,1.0,76.0,76.0,B482_ARC _B3_slice7-Ort.czi,old,pomc,upper
552,15.0,70.26666666666667,1054.0,B482_ARC _B3_slice7-Ort.czi,old,pomc,upper
553,31.0,68.3225806451613,2118.0,B482_ARC _B3_slice7-Ort.czi,old,pomc,upper
554,75.0,66.98666666666666,5024.0,B482_ARC _B3_slice7-Ort.czi,old,pomc,upper
555,41.0,62.63414634146341,2568.0,B482_ARC _B3_slice7-Ort.czi,old,pomc,upper
556,169.0,174.57988165680473,29504.0,B482_ARC _B3_slice7-Ort.czi,old,pomc,upper
557,177.0,75.23728813559322,13317.0,B482_ARC _B3_slice7-Ort.czi,old,pomc,upper
558,5.0,42.4,212.0,B482_ARC _B3_slice7-Ort.czi,old,pomc,upper
559,51.0,79.09803921568627,4034.0,B482_ARC _B3_slice7-Ort.czi,old,pomc,upper
560,17.0,59.35294117647059,1009.0,B482_ARC _B3_slice7-Ort.czi,old,pomc,upper
561,80.0,52.4875,4199.0,B482_ARC _B3_slice7-Ort.czi,old,pomc,upper
562,59.0,57.45762711864407,3390.0,B482_ARC _B3_slice7-Ort.czi,old,pomc,upper
563,21.0,65.52380952380952,1376.0,B482_ARC _B3_slice7-Ort.czi,old,pomc,upper
564,52.0,53.63461538461539,2789.0,B482_ARC _B3_slice7-Ort.czi,old,pomc,upper
565,81.0,73.53086419753086,5956.0,B482_ARC _B3_slice7-Ort.czi,old,pomc,upper
566,63.0,66.6984126984127,4202.0,B482_ARC _B3_slice7-Ort.czi,old,pomc,upper
567,77.0,89.49350649350649,6890.999999999999,B482_ARC _B3_slice7-Ort.czi,old,pomc,upper
568,13.0,70.15384615384616,912.0000000000001,B482_ARC _B3_slice7-Ort.czi,old,pomc,upper
569,76.0,77.14473684210526,5863.0,B482_ARC _B3_slice7-Ort.czi,old,pomc,upper
570,1.0,37.0,37.0,B482_ARC _B3_slice7-Ort.czi,old,pomc,upper
571,1.0,39.0,39.0,B482_ARC _B3_slice7-Ort.czi,old,pomc,upper
572,149.0,83.48993288590604,12440.0,B482_ARC _B3_slice7-Ort.czi,old,pomc,upper
573,103.0,68.92233009708738,7099.0,B482_ARC _B3_slice7-Ort.czi,old,pomc,upper
574,13.0,87.23076923076923,1134.0,B482_ARC _B3_slice7-Ort.czi,old,pomc,upper
575,40.0,66.1,2644.0,B482_ARC _B3_slice7-Ort.czi,old,pomc,upper
576,1.0,58.0,58.0,B482_ARC _B3_slice7-Ort.czi,old,pomc,upper
577,36.0,50.94444444444444,1834.0,B482_ARC _B3_slice7-Ort.czi,old,pomc,upper
578,50.0,71.36,3568.0,B482_ARC _B3_slice7-Ort.czi,old,pomc,upper
579,1049.0,52.36129647283127,54927.0,B482_ARC _B3_slice7-Ort.czi,old,pomc,upper
580,51.0,55.76470588235294,2844.0,B482_ARC _B3_slice7-Ort.czi,old,pomc,upper
581,56.0,58.517857142857146,3277.0,B482_ARC _B3_slice7-Ort.czi,old,pomc,upper
582,41.0,65.65853658536585,2692.0,B482_ARC _B3_slice7-Ort.czi,old,pomc,upper
583,24.0,59.916666666666664,1438.0,B482_ARC _B3_slice7-Ort.czi,old,pomc,upper
584,24.0,62.833333333333336,1508.0,B482_ARC _B3_slice7-Ort.czi,old,pomc,upper
585,62.0,68.87096774193549,4270.0,B482_ARC _B3_slice7-Ort.czi,old,pomc,upper
586,352.0,70.44602272727273,24797.000000000004,B482_ARC _B3_slice7-Ort.czi,old,pomc,upper
587,20.0,66.7,1334.0,B482_ARC _B3_slice7-Ort.czi,old,pomc,upper
588,50.0,71.38,3569.0,B482_ARC _B3_slice7-Ort.czi,old,pomc,upper
589,1521.0,70.9086127547666,107851.99999999999,B482_ARC _B3_slice7-Ort.czi,old,pomc,upper
590,396.0,61.093434343434346,24193.0,B482_ARC _B3_slice7-Ort.czi,old,pomc,upper
591,69.0,58.57971014492754,4042.0,B482_ARC _B3_slice7-Ort.czi,old,pomc,upper
592,40.0,55.9,2236.0,B482_ARC _B3_slice7-Ort.czi,old,pomc,upper
593,76.0,75.84210526315789,5764.0,B482_ARC _B3_slice7-Ort.czi,old,pomc,upper
594,128.0,53.8046875,6887.0,B482_ARC _B3_slice7-Ort.czi,old,pomc,upper
595,171.0,58.3859649122807,9984.0,B482_ARC _B3_slice7-Ort.czi,old,pomc,upper
596,130.0,65.96923076923076,8576.0,B482_ARC _B3_slice7-Ort.czi,old,pomc,upper
597,129.0,57.89922480620155,7469.0,B482_ARC _B3_slice7-Ort.czi,old,pomc,upper
598,1.0,26.0,26.0,B482_ARC _B3_slice7-Ort.czi,old,pomc,upper
599,65.0,78.53846153846153,5105.0,B482_ARC _B3_slice7-Ort.czi,old,pomc,upper
600,15.0,45.6,684.0,B482_ARC _B3_slice7-Ort.czi,old,pomc,upper
601,95.0,65.28421052631579,6202.0,B482_ARC _B3_slice7-Ort.czi,old,pomc,upper
602,22.0,96.86363636363636,2131.0,B482_ARC _B3_slice7-Ort.czi,old,pomc,upper
603,13.0,78.84615384615384,1025.0,B482_ARC _B3_slice7-Ort.czi,old,pomc,upper
604,46.0,50.84782608695652,2339.0,B482_ARC _B3_slice7-Ort.czi,old,pomc,upper
605,261.0,61.13793103448276,15957.0,B482_ARC _B3_slice7-Ort.czi,old,pomc,upper
606,1.0,67.0,67.0,B482_ARC _B3_slice7-Ort.czi,old,pomc,upper
607,16.0,67.625,1082.0,B482_ARC _B3_slice7-Ort.czi,old,pomc,upper
608,113.0,73.60176991150442,8317.0,B482_ARC _B3_slice7-Ort.czi,old,pomc,upper
609,39.0,105.76923076923077,4125.0,B482_ARC _B3_slice7-Ort.czi,old,pomc,upper
610,96.0,52.854166666666664,5074.0,B482_ARC _B3_slice7-Ort.czi,old,pomc,upper
611,26.0,77.57692307692308,2017.0,B482_ARC _B3_slice7-Ort.czi,old,pomc,upper
612,34.0,58.411764705882355,1986.0,B482_ARC _B3_slice7-Ort.czi,old,pomc,upper
613,162.0,68.8641975308642,11156.0,B482_ARC _B3_slice7-Ort.czi,old,pomc,upper
614,46.0,60.95652173913044,2804.0,B482_ARC _B3_slice7-Ort.czi,old,pomc,upper
615,2.0,51.0,102.0,B482_ARC _B3_slice7-Ort.czi,old,pomc,upper
616,31.0,75.7741935483871,2349.0,B482_ARC _B3_slice7-Ort.czi,old,pomc,upper
617,121.0,65.73553719008264,7953.999999999999,B482_ARC _B3_slice7-Ort.czi,old,pomc,upper
618,246.0,67.59756097560975,16629.0,B482_ARC _B3_slice7-Ort.czi,old,pomc,upper
619,446.0,56.24663677130045,25086.0,B482_ARC _B3_slice7-Ort.czi,old,pomc,upper
620,175.0,61.582857142857144,10777.0,B482_ARC _B3_slice7-Ort.czi,old,pomc,upper
621,29.0,83.48275862068965,2421.0,B482_ARC _B3_slice7-Ort.czi,old,pomc,upper
622,36.0,61.416666666666664,2211.0,B482_ARC _B3_slice7-Ort.czi,old,pomc,upper
623,49.0,49.97959183673469,2449.0,B482_ARC _B3_slice7-Ort.czi,old,pomc,upper
624,39.0,72.58974358974359,2831.0,B482_ARC _B3_slice7-Ort.czi,old,pomc,upper
625,26.0,67.3076923076923,1750.0,B482_ARC _B3_slice7-Ort.czi,old,pomc,upper
626,295.0,70.33559322033898,20749.0,B482_ARC _B3_slice7-Ort.czi,old,pomc,upper
627,2.0,77.5,155.0,B482_ARC _B3_slice7-Ort.czi,old,pomc,upper
628,52.0,55.51923076923077,2887.0,B482_ARC _B3_slice7-Ort.czi,old,pomc,upper
629,54.0,76.44444444444444,4128.0,B482_ARC _B3_slice7-Ort.czi,old,pomc,upper
630,16.0,52.0625,833.0,B482_ARC _B3_slice7-Ort.czi,old,pomc,upper
631,26.0,51.42307692307692,1337.0,B482_ARC _B3_slice7-Ort.czi,old,pomc,upper
632,179.0,67.16201117318435,12022.0,B482_ARC _B3_slice7-Ort.czi,old,pomc,upper
633,25.0,61.52,1538.0,B482_ARC _B3_slice7-Ort.czi,old,pomc,upper
634,2406.0,54.771404821280136,131780.0,B482_ARC _B3_slice7-Ort.czi,old,pomc,upper
635,15.0,48.93333333333333,734.0,B482_ARC _B3_slice7-Ort.czi,old,pomc,upper
636,4.0,72.25,289.0,B482_ARC _B3_slice7-Ort.czi,old,pomc,upper
637,375.0,62.74666666666667,23530.0,B482_ARC _B3_slice7-Ort.czi,old,pomc,upper
638,41.0,76.97560975609755,3155.9999999999995,B482_ARC _B3_slice7-Ort.czi,old,pomc,upper
639,35.0,57.48571428571429,2012.0,B482_ARC _B3_slice7-Ort.czi,old,pomc,upper
640,31.0,66.80645161290323,2071.0,B482_ARC _B3_slice7-Ort.czi,old,pomc,upper
641,41.0,53.926829268292686,2211.0,B482_ARC _B3_slice7-Ort.czi,old,pomc,upper
642,4.0,60.75,243.0,B482_ARC _B3_slice7-Ort.czi,old,pomc,upper
643,6.0,71.16666666666667,427.0,B482_ARC _B3_slice7-Ort.czi,old,pomc,upper
644,84.0,71.69047619047619,6022.0,B482_ARC _B3_slice7-Ort.czi,old,pomc,upper
645,52.0,56.03846153846154,2914.0,B482_ARC _B3_slice7-Ort.czi,old,pomc,upper
646,8.0,60.5,484.0,B482_ARC _B3_slice7-Ort.czi,old,pomc,upper
647,28.0,70.67857142857143,1979.0,B482_ARC _B3_slice7-Ort.czi,old,pomc,upper
648,8.0,37.5,300.0,B482_ARC _B3_slice7-Ort.czi,old,pomc,upper
649,8.0,49.25,394.0,B482_ARC _B3_slice7-Ort.czi,old,pomc,upper
650,98.0,64.26530612244898,6298.0,B482_ARC _B3_slice7-Ort.czi,old,pomc,upper
651,386.0,58.015544041450774,22394.0,B482_ARC _B3_slice7-Ort.czi,old,pomc,upper
652,18.0,52.166666666666664,939.0,B482_ARC _B3_slice7-Ort.czi,old,pomc,upper
653,5.0,63.4,317.0,B482_ARC _B3_slice7-Ort.czi,old,pomc,upper
654,126.0,54.07142857142857,6813.0,B482_ARC _B3_slice7-Ort.czi,old,pomc,upper
655,132.0,57.121212121212125,7540.0,B482_ARC _B3_slice7-Ort.czi,old,pomc,upper
656,742.0,56.47304582210243,41903.0,B482_ARC _B3_slice7-Ort.czi,old,pomc,upper
657,84.0,60.54761904761905,5086.0,B482_ARC _B3_slice7-Ort.czi,old,pomc,upper
658,80.0,61.7375,4939.0,B482_ARC _B3_slice7-Ort.czi,old,pomc,upper
659,6.0,111.33333333333333,668.0,B482_ARC _B3_slice7-Ort.czi,old,pomc,upper
660,4.0,68.25,273.0,B482_ARC _B3_slice7-Ort.czi,old,pomc,upper
661,84.0,62.023809523809526,5210.0,B482_ARC _B3_slice7-Ort.czi,old,pomc,upper
662,10.0,65.7,657.0,B482_ARC _B3_slice7-Ort.czi,old,pomc,upper
663,1.0,36.0,36.0,B482_ARC _B3_slice7-Ort.czi,old,pomc,upper
664,12.0,56.916666666666664,683.0,B482_ARC _B3_slice7-Ort.czi,old,pomc,upper
665,64.0,65.890625,4217.0,B482_ARC _B3_slice7-Ort.czi,old,pomc,upper
666,7.0,72.71428571428571,508.99999999999994,B482_ARC _B3_slice7-Ort.czi,old,pomc,upper
667,15.0,68.93333333333334,1034.0,B482_ARC _B3_slice7-Ort.czi,old,pomc,upper
668,12.0,55.416666666666664,665.0,B482_ARC _B3_slice7-Ort.czi,old,pomc,upper
669,739.0,59.48443843031123,43959.0,B482_ARC _B3_slice7-Ort.czi,old,pomc,upper
670,13.0,46.0,598.0,B482_ARC _B3_slice7-Ort.czi,old,pomc,upper
671,39.0,53.84615384615385,2100.0,B482_ARC _B3_slice7-Ort.czi,old,pomc,upper
672,26.0,69.1923076923077,1799.0,B482_ARC _B3_slice7-Ort.czi,old,pomc,upper
673,29.0,56.41379310344828,1636.0,B482_ARC _B3_slice7-Ort.czi,old,pomc,upper
674,77.0,59.8051948051948,4605.0,B482_ARC _B3_slice7-Ort.czi,old,pomc,upper
675,39.0,66.51282051282051,2594.0,B482_ARC _B3_slice7-Ort.czi,old,pomc,upper
676,1.0,77.0,77.0,B482_ARC _B3_slice7-Ort.czi,old,pomc,upper
677,81.0,63.17283950617284,5117.0,B482_ARC _B3_slice7-Ort.czi,old,pomc,upper
678,73.0,69.0958904109589,5044.0,B482_ARC _B3_slice7-Ort.czi,old,pomc,upper
679,92.0,57.94565217391305,5331.0,B482_ARC _B3_slice7-Ort.czi,old,pomc,upper
680,18.0,51.94444444444444,935.0,B482_ARC _B3_slice7-Ort.czi,old,pomc,upper
681,30.0,69.1,2073.0,B482_ARC _B3_slice7-Ort.czi,old,pomc,upper
682,93.0,58.0,5394.0,B482_ARC _B3_slice7-Ort.czi,old,pomc,upper
683,36.0,63.02777777777778,2269.0,B482_ARC _B3_slice7-Ort.czi,old,pomc,upper
684,72.0,57.90277777777778,4169.0,B482_ARC _B3_slice7-Ort.czi,old,pomc,upper
685,26.0,53.0,1378.0,B482_ARC _B3_slice7-Ort.czi,old,pomc,upper
686,66.0,61.833333333333336,4081.0,B482_ARC _B3_slice7-Ort.czi,old,pomc,upper
687,46.0,55.0,2530.0,B482_ARC _B3_slice7-Ort.czi,old,pomc,upper
688,30.0,69.73333333333333,2092.0,B482_ARC _B3_slice7-Ort.czi,old,pomc,upper
689,29.0,53.93103448275862,1564.0,B482_ARC _B3_slice7-Ort.czi,old,pomc,upper
690,45.0,58.022222222222226,2611.0,B482_ARC _B3_slice7-Ort.czi,old,pomc,upper
691,891.0,59.96296296296296,53427.0,B482_ARC _B3_slice7-Ort.czi,old,pomc,upper
692,16.0,55.5625,889.0,B482_ARC _B3_slice7-Ort.czi,old,pomc,upper
693,51.0,65.6470588235294,3347.9999999999995,B482_ARC _B3_slice7-Ort.czi,old,pomc,upper
694,195.0,56.815384615384616,11079.0,B482_ARC _B3_slice7-Ort.czi,old,pomc,upper
695,303.0,59.198019801980195,17937.0,B482_ARC _B3_slice7-Ort.czi,old,pomc,upper
696,15.0,61.4,921.0,B482_ARC _B3_slice7-Ort.czi,old,pomc,upper
697,51.0,79.7843137254902,4069.0,B482_ARC _B3_slice7-Ort.czi,old,pomc,upper
698,51.0,62.1764705882353,3171.0,B482_ARC _B3_slice7-Ort.czi,old,pomc,upper
699,94.0,59.41489361702128,5585.0,B482_ARC _B3_slice7-Ort.czi,old,pomc,upper
700,347.0,53.45244956772334,18548.0,B482_ARC _B3_slice7-Ort.czi,old,pomc,upper
701,292.0,56.25684931506849,16427.0,B482_ARC _B3_slice7-Ort.czi,old,pomc,upper
702,11.0,110.72727272727273,1218.0,B482_ARC _B3_slice7-Ort.czi,old,pomc,upper
703,63.0,52.19047619047619,3288.0,B482_ARC _B3_slice7-Ort.czi,old,pomc,upper
704,31.0,59.645161290322584,1849.0,B482_ARC _B3_slice7-Ort.czi,old,pomc,upper
705,34.0,49.0,1666.0,B482_ARC _B3_slice7-Ort.czi,old,pomc,upper
706,170.0,52.241176470588236,8881.0,B482_ARC _B3_slice7-Ort.czi,old,pomc,upper
707,1126.0,72.71403197158082,81876.0,B482_ARC _B3_slice7-Ort.czi,old,pomc,upper
708,38.0,79.55263157894737,3023.0,B482_ARC _B3_slice7-Ort.czi,old,pomc,upper
709,136.0,56.38970588235294,7669.0,B482_ARC _B3_slice7-Ort.czi,old,pomc,upper
710,5.0,84.8,424.0,B482_ARC _B3_slice7-Ort.czi,old,pomc,upper
711,1.0,43.0,43.0,B482_ARC _B3_slice7-Ort.czi,old,pomc,upper
712,45.0,50.977777777777774,2294.0,B482_ARC _B3_slice7-Ort.czi,old,pomc,upper
713,539.0,68.17810760667903,36748.0,B482_ARC _B3_slice7-Ort.czi,old,pomc,upper
714,109.0,54.8348623853211,5977.0,B482_ARC _B3_slice7-Ort.czi,old,pomc,upper
715,22.0,71.9090909090909,1582.0,B482_ARC _B3_slice7-Ort.czi,old,pomc,upper
716,776.0,53.04123711340206,41160.0,B482_ARC _B3_slice7-Ort.czi,old,pomc,upper
717,65.0,55.95384615384615,3637.0,B482_ARC _B3_slice7-Ort.czi,old,pomc,upper
718,57.0,64.03508771929825,3650.0,B482_ARC _B3_slice7-Ort.czi,old,pomc,upper
719,558.0,56.87096774193548,31733.999999999996,B482_ARC _B3_slice7-Ort.czi,old,pomc,upper
720,56.0,52.19642857142857,2923.0,B482_ARC _B3_slice7-Ort.czi,old,pomc,upper
721,24.0,57.583333333333336,1382.0,B482_ARC _B3_slice7-Ort.czi,old,pomc,upper
722,35.0,65.65714285714286,2298.0,B482_ARC _B3_slice7-Ort.czi,old,pomc,upper
723,9.0,79.44444444444444,715.0,B482_ARC _B3_slice7-Ort.czi,old,pomc,upper
724,47.0,61.297872340425535,2881.0,B482_ARC _B3_slice7-Ort.czi,old,pomc,upper
725,20.0,66.45,1329.0,B482_ARC _B3_slice7-Ort.czi,old,pomc,upper
726,14.0,77.42857142857143,1084.0,B482_ARC _B3_slice7-Ort.czi,old,pomc,upper
727,62.0,65.30645161290323,4049.0000000000005,B482_ARC _B3_slice7-Ort.czi,old,pomc,upper
728,9.0,71.11111111111111,640.0,B482_ARC _B3_slice7-Ort.czi,old,pomc,upper
729,111.0,58.126126126126124,6452.0,B482_ARC _B3_slice7-Ort.czi,old,pomc,upper
730,327.0,59.678899082568805,19515.0,B482_ARC _B3_slice7-Ort.czi,old,pomc,upper
731,42.0,52.857142857142854,2220.0,B482_ARC _B3_slice7-Ort.czi,old,pomc,upper
732,4.0,54.25,217.0,B482_ARC _B3_slice7-Ort.czi,old,pomc,upper
733,55.0,77.12727272727273,4242.0,B482_ARC _B3_slice7-Ort.czi,old,pomc,upper
734,127.0,53.78740157480315,6831.0,B482_ARC _B3_slice7-Ort.czi,old,pomc,upper
735,533.0,56.43714821763602,30081.0,B482_ARC _B3_slice7-Ort.czi,old,pomc,upper
736,176.0,55.28409090909091,9730.0,B482_ARC _B3_slice7-Ort.czi,old,pomc,upper
737,87.0,55.4367816091954,4823.0,B482_ARC _B3_slice7-Ort.czi,old,pomc,upper
738,68.0,53.588235294117645,3644.0,B482_ARC _B3_slice7-Ort.czi,old,pomc,upper
739,19.0,70.10526315789474,1332.0,B482_ARC _B3_slice7-Ort.czi,old,pomc,upper
740,26.0,67.11538461538461,1745.0,B482_ARC _B3_slice7-Ort.czi,old,pomc,upper
741,47.0,62.5531914893617,2940.0,B482_ARC _B3_slice7-Ort.czi,old,pomc,upper
742,1132.0,56.22879858657244,63651.0,B482_ARC _B3_slice7-Ort.czi,old,pomc,upper
743,46.0,61.82608695652174,2844.0,B482_ARC _B3_slice7-Ort.czi,old,pomc,upper
744,138.0,61.55797101449275,8495.0,B482_ARC _B3_slice7-Ort.czi,old,pomc,upper
745,44.0,50.88636363636363,2239.0,B482_ARC _B3_slice7-Ort.czi,old,pomc,upper
746,1.0,72.0,72.0,B482_ARC _B3_slice7-Ort.czi,old,pomc,upper
747,245.0,57.457142857142856,14077.0,B482_ARC _B3_slice7-Ort.czi,old,pomc,upper
748,119.0,58.142857142857146,6919.0,B482_ARC _B3_slice7-Ort.czi,old,pomc,upper
749,64.0,56.375,3608.0,B482_ARC _B3_slice7-Ort.czi,old,pomc,upper
750,37.0,72.13513513513513,2669.0,B482_ARC _B3_slice7-Ort.czi,old,pomc,upper
751,125.0,63.832,7979.0,B482_ARC _B3_slice7-Ort.czi,old,pomc,upper
752,13.0,52.30769230769231,680.0,B482_ARC _B3_slice7-Ort.czi,old,pomc,upper
753,45.0,71.15555555555555,3202.0,B482_ARC _B3_slice7-Ort.czi,old,pomc,upper
754,62.0,65.80645161290323,4080.0000000000005,B482_ARC _B3_slice7-Ort.czi,old,pomc,upper
755,22.0,50.5,1111.0,B482_ARC _B3_slice7-Ort.czi,old,pomc,upper
756,69.0,57.405797101449274,3961.0,B482_ARC _B3_slice7-Ort.czi,old,pomc,upper
757,50.0,63.08,3154.0,B482_ARC _B3_slice7-Ort.czi,old,pomc,upper
758,410.0,53.646341463414636,21995.0,B482_ARC _B3_slice7-Ort.czi,old,pomc,upper
759,20.0,50.15,1003.0,B482_ARC _B3_slice7-Ort.czi,old,pomc,upper
760,1.0,63.0,63.0,B482_ARC _B3_slice7-Ort.czi,old,pomc,upper
761,3.0,31.333333333333332,94.0,B482_ARC _B3_slice7-Ort.czi,old,pomc,upper
762,114.0,55.99122807017544,6383.0,B482_ARC _B3_slice7-Ort.czi,old,pomc,upper
763,161.0,56.38509316770186,9078.0,B482_ARC _B3_slice7-Ort.czi,old,pomc,upper
764,2.0,56.0,112.0,B482_ARC _B3_slice7-Ort.czi,old,pomc,upper
765,24.0,59.541666666666664,1429.0,B482_ARC _B3_slice7-Ort.czi,old,pomc,upper
766,16.0,68.25,1092.0,B482_ARC _B3_slice7-Ort.czi,old,pomc,upper
767,38.0,57.31578947368421,2178.0,B482_ARC _B3_slice7-Ort.czi,old,pomc,upper
768,30.0,49.166666666666664,1475.0,B482_ARC _B3_slice7-Ort.czi,old,pomc,upper
769,57.0,58.40350877192982,3329.0,B482_ARC _B3_slice7-Ort.czi,old,pomc,upper
770,36.0,58.333333333333336,2100.0,B482_ARC _B3_slice7-Ort.czi,old,pomc,upper
771,1074.0,54.9366852886406,59002.0,B482_ARC _B3_slice7-Ort.czi,old,pomc,upper
772,149.0,52.651006711409394,7845.0,B482_ARC _B3_slice7-Ort.czi,old,pomc,upper
773,57.0,69.59649122807018,3967.0,B482_ARC _B3_slice7-Ort.czi,old,pomc,upper
774,3.0,59.0,177.0,B482_ARC _B3_slice7-Ort.czi,old,pomc,upper
775,1.0,70.0,70.0,B482_ARC _B3_slice7-Ort.czi,old,pomc,upper
776,71.0,52.50704225352113,3728.0,B482_ARC _B3_slice7-Ort.czi,old,pomc,upper
777,5.0,47.4,237.0,B482_ARC _B3_slice7-Ort.czi,old,pomc,upper
778,59.0,49.05084745762712,2894.0,B482_ARC _B3_slice7-Ort.czi,old,pomc,upper
779,6.0,78.0,468.0,B482_ARC _B3_slice7-Ort.czi,old,pomc,upper
780,31.0,71.6774193548387,2222.0,B482_ARC _B3_slice7-Ort.czi,old,pomc,upper
781,22.0,76.4090909090909,1681.0,B482_ARC _B3_slice7-Ort.czi,old,pomc,upper
782,114.0,61.19298245614035,6976.0,B482_ARC _B3_slice7-Ort.czi,old,pomc,upper
783,64.0,65.359375,4183.0,B482_ARC _B3_slice7-Ort.czi,old,pomc,upper
784,416.0,56.45192307692308,23484.0,B482_ARC _B3_slice7-Ort.czi,old,pomc,upper
785,20.0,47.8,956.0,B482_ARC _B3_slice7-Ort.czi,old,pomc,upper
786,15.0,47.2,708.0,B482_ARC _B3_slice7-Ort.czi,old,pomc,upper
787,26.0,62.42307692307692,1623.0,B482_ARC _B3_slice7-Ort.czi,old,pomc,upper
788,28.0,62.785714285714285,1758.0,B482_ARC _B3_slice7-Ort.czi,old,pomc,upper
789,114.0,63.026315789473685,7185.0,B482_ARC _B3_slice7-Ort.czi,old,pomc,upper
790,32.0,52.9375,1694.0,B482_ARC _B3_slice7-Ort.czi,old,pomc,upper
791,73.0,55.19178082191781,4029.0,B482_ARC _B3_slice7-Ort.czi,old,pomc,upper
792,29.0,62.827586206896555,1822.0,B482_ARC _B3_slice7-Ort.czi,old,pomc,upper
793,78.0,53.64102564102564,4184.0,B482_ARC _B3_slice7-Ort.czi,old,pomc,upper
794,160.0,61.775,9884.0,B482_ARC _B3_slice7-Ort.czi,old,pomc,upper
795,255.0,58.090196078431376,14813.0,B482_ARC _B3_slice7-Ort.czi,old,pomc,upper
796,30.0,59.96666666666667,1799.0,B482_ARC _B3_slice7-Ort.czi,old,pomc,upper
797,66.0,57.93939393939394,3824.0,B482_ARC _B3_slice7-Ort.czi,old,pomc,upper
798,23.0,55.73913043478261,1282.0,B482_ARC _B3_slice7-Ort.czi,old,pomc,upper
799,28.0,66.46428571428571,1860.9999999999998,B482_ARC _B3_slice7-Ort.czi,old,pomc,upper
800,1.0,35.0,35.0,B482_ARC _B3_slice7-Ort.czi,old,pomc,upper
801,17.0,55.470588235294116,943.0,B482_ARC _B3_slice7-Ort.czi,old,pomc,upper
802,64.0,57.9375,3708.0,B482_ARC _B3_slice7-Ort.czi,old,pomc,upper
803,461.0,57.44902386117137,26484.0,B482_ARC _B3_slice7-Ort.czi,old,pomc,upper
804,36.0,53.333333333333336,1920.0,B482_ARC _B3_slice7-Ort.czi,old,pomc,upper
805,33.0,73.81818181818181,2436.0,B482_ARC _B3_slice7-Ort.czi,old,pomc,upper
806,95.0,63.27368421052632,6011.0,B482_ARC _B3_slice7-Ort.czi,old,pomc,upper
807,78.0,56.32051282051282,4393.0,B482_ARC _B3_slice7-Ort.czi,old,pomc,upper
808,43.0,59.674418604651166,2566.0,B482_ARC _B3_slice7-Ort.czi,old,pomc,upper
809,30.0,76.13333333333334,2284.0,B482_ARC _B3_slice7-Ort.czi,old,pomc,upper
810,19.0,69.84210526315789,1327.0,B482_ARC _B3_slice7-Ort.czi,old,pomc,upper
811,6.0,56.5,339.0,B482_ARC _B3_slice7-Ort.czi,old,pomc,upper
812,86.0,56.127906976744185,4827.0,B482_ARC _B3_slice7-Ort.czi,old,pomc,upper
813,2135.0,76.12412177985948,162525.0,B482_ARC _B3_slice7-Ort.czi,old,pomc,upper
814,1.0,39.0,39.0,B482_ARC _B3_slice7-Ort.czi,old,pomc,upper
815,42.0,59.92857142857143,2517.0,B482_ARC _B3_slice7-Ort.czi,old,pomc,upper
816,30.0,51.9,1557.0,B482_ARC _B3_slice7-Ort.czi,old,pomc,upper
817,318.0,59.575471698113205,18945.0,B482_ARC _B3_slice7-Ort.czi,old,pomc,upper
818,23.0,86.26086956521739,1984.0,B482_ARC _B3_slice7-Ort.czi,old,pomc,upper
819,53.0,54.339622641509436,2880.0,B482_ARC _B3_slice7-Ort.czi,old,pomc,upper
820,26.0,62.80769230769231,1633.0,B482_ARC _B3_slice7-Ort.czi,old,pomc,upper
821,141.0,62.304964539007095,8785.0,B482_ARC _B3_slice7-Ort.czi,old,pomc,upper
822,17.0,52.11764705882353,886.0,B482_ARC _B3_slice7-Ort.czi,old,pomc,upper
823,124.0,57.54838709677419,7136.0,B482_ARC _B3_slice7-Ort.czi,old,pomc,upper
824,81.0,62.074074074074076,5028.0,B482_ARC _B3_slice7-Ort.czi,old,pomc,upper
825,35.0,70.42857142857143,2465.0,B482_ARC _B3_slice7-Ort.czi,old,pomc,upper
826,273.0,61.01831501831502,16658.0,B482_ARC _B3_slice7-Ort.czi,old,pomc,upper
827,14.0,67.28571428571429,942.0000000000001,B482_ARC _B3_slice7-Ort.czi,old,pomc,upper
828,98.0,64.74489795918367,6345.0,B482_ARC _B3_slice7-Ort.czi,old,pomc,upper
829,110.0,60.86363636363637,6695.0,B482_ARC _B3_slice7-Ort.czi,old,pomc,upper
830,2.0,33.0,66.0,B482_ARC _B3_slice7-Ort.czi,old,pomc,upper
831,144.0,76.18055555555556,10970.0,B482_ARC _B3_slice7-Ort.czi,old,pomc,upper
832,22.0,56.95454545454545,1253.0,B482_ARC _B3_slice7-Ort.czi,old,pomc,upper
833,18.0,60.72222222222222,1093.0,B482_ARC _B3_slice7-Ort.czi,old,pomc,upper
834,10.0,61.5,615.0,B482_ARC _B3_slice7-Ort.czi,old,pomc,upper
835,154.0,56.506493506493506,8702.0,B482_ARC _B3_slice7-Ort.czi,old,pomc,upper
836,15.0,55.53333333333333,833.0,B482_ARC _B3_slice7-Ort.czi,old,pomc,upper
837,7.0,60.42857142857143,423.0,B482_ARC _B3_slice7-Ort.czi,old,pomc,upper
838,31.0,53.193548387096776,1649.0,B482_ARC _B3_slice7-Ort.czi,old,pomc,upper
839,85.0,63.1764705882353,5370.0,B482_ARC _B3_slice7-Ort.czi,old,pomc,upper
840,126.0,58.301587301587304,7346.0,B482_ARC _B3_slice7-Ort.czi,old,pomc,upper
841,50.0,78.26,3913.0000000000005,B482_ARC _B3_slice7-Ort.czi,old,pomc,upper
842,143.0,55.88811188811189,7992.0,B482_ARC _B3_slice7-Ort.czi,old,pomc,upper
843,589.0,56.20543293718166,33105.0,B482_ARC _B3_slice7-Ort.czi,old,pomc,upper
844,3.0,55.333333333333336,166.0,B482_ARC _B3_slice7-Ort.czi,old,pomc,upper
845,315.0,64.4984126984127,20317.0,B482_ARC _B3_slice7-Ort.czi,old,pomc,upper
846,59.0,56.96610169491525,3361.0,B482_ARC _B3_slice7-Ort.czi,old,pomc,upper
847,21.0,65.80952380952381,1382.0,B482_ARC _B3_slice7-Ort.czi,old,pomc,upper
848,223.0,73.48878923766816,16388.0,B482_ARC _B3_slice7-Ort.czi,old,pomc,upper
849,45.0,50.644444444444446,2279.0,B482_ARC _B3_slice7-Ort.czi,old,pomc,upper
850,32.0,66.9375,2142.0,B482_ARC _B3_slice7-Ort.czi,old,pomc,upper
851,3.0,41.666666666666664,125.0,B482_ARC _B3_slice7-Ort.czi,old,pomc,upper
852,79.0,55.620253164556964,4394.0,B482_ARC _B3_slice7-Ort.czi,old,pomc,upper
853,12.0,50.833333333333336,610.0,B482_ARC _B3_slice7-Ort.czi,old,pomc,upper
854,224.0,55.410714285714285,12412.0,B482_ARC _B3_slice7-Ort.czi,old,pomc,upper
855,91.0,57.285714285714285,5213.0,B482_ARC _B3_slice7-Ort.czi,old,pomc,upper
856,32.0,64.9375,2078.0,B482_ARC _B3_slice7-Ort.czi,old,pomc,upper
857,170.0,57.6764705882353,9805.0,B482_ARC _B3_slice7-Ort.czi,old,pomc,upper
858,154.0,58.883116883116884,9068.0,B482_ARC _B3_slice7-Ort.czi,old,pomc,upper
859,23.0,53.08695652173913,1221.0,B482_ARC _B3_slice7-Ort.czi,old,pomc,upper
860,83.0,62.602409638554214,5196.0,B482_ARC _B3_slice7-Ort.czi,old,pomc,upper
861,91.0,68.10989010989012,6198.000000000001,B482_ARC _B3_slice7-Ort.czi,old,pomc,upper
862,1025.0,57.09268292682927,58520.0,B482_ARC _B3_slice7-Ort.czi,old,pomc,upper
863,12.0,57.666666666666664,692.0,B482_ARC _B3_slice7-Ort.czi,old,pomc,upper
864,79.0,67.10126582278481,5301.0,B482_ARC _B3_slice7-Ort.czi,old,pomc,upper
865,1.0,47.0,47.0,B482_ARC _B3_slice7-Ort.czi,old,pomc,upper
866,229.0,52.33187772925764,11984.0,B482_ARC _B3_slice7-Ort.czi,old,pomc,upper
867,14.0,52.42857142857143,734.0,B482_ARC _B3_slice7-Ort.czi,old,pomc,upper
868,48.0,60.979166666666664,2927.0,B482_ARC _B3_slice7-Ort.czi,old,pomc,upper
869,99.0,55.717171717171716,5516.0,B482_ARC _B3_slice7-Ort.czi,old,pomc,upper
870,4.0,47.0,188.0,B482_ARC _B3_slice7-Ort.czi,old,pomc,upper
871,29.0,71.41379310344827,2071.0,B482_ARC _B3_slice7-Ort.czi,old,pomc,upper
872,46.0,56.108695652173914,2581.0,B482_ARC _B3_slice7-Ort.czi,old,pomc,upper
873,588.0,57.89965986394558,34045.0,B482_ARC _B3_slice7-Ort.czi,old,pomc,upper
874,161.0,63.49689440993789,10223.0,B482_ARC _B3_slice7-Ort.czi,old,pomc,upper
875,26.0,51.73076923076923,1345.0,B482_ARC _B3_slice7-Ort.czi,old,pomc,upper
876,10.0,46.7,467.0,B482_ARC _B3_slice7-Ort.czi,old,pomc,upper
877,428.0,56.06542056074766,23996.0,B482_ARC _B3_slice7-Ort.czi,old,pomc,upper
878,137.0,72.37226277372262,9915.0,B482_ARC _B3_slice7-Ort.czi,old,pomc,upper
879,19.0,92.84210526315789,1764.0,B482_ARC _B3_slice7-Ort.czi,old,pomc,upper
880,68.0,63.5735294117647,4323.0,B482_ARC _B3_slice7-Ort.czi,old,pomc,upper
881,219.0,60.63926940639269,13280.0,B482_ARC _B3_slice7-Ort.czi,old,pomc,upper
882,17.0,77.88235294117646,1324.0,B482_ARC _B3_slice7-Ort.czi,old,pomc,upper
883,18.0,46.111111111111114,830.0,B482_ARC _B3_slice7-Ort.czi,old,pomc,upper
884,5.0,55.4,277.0,B482_ARC _B3_slice7-Ort.czi,old,pomc,upper
885,10.0,85.3,853.0,B482_ARC _B3_slice7-Ort.czi,old,pomc,upper
886,438.0,58.794520547945204,25752.0,B482_ARC _B3_slice7-Ort.czi,old,pomc,upper
887,21.0,62.76190476190476,1318.0,B482_ARC _B3_slice7-Ort.czi,old,pomc,upper
888,48.0,91.5625,4395.0,B482_ARC _B3_slice7-Ort.czi,old,pomc,upper
889,1981.0,56.79959616355376,112520.0,B482_ARC _B3_slice7-Ort.czi,old,pomc,upper
890,2503.0,54.52057530962845,136465.0,B482_ARC _B3_slice7-Ort.czi,old,pomc,upper
891,101.0,55.31683168316832,5587.0,B482_ARC _B3_slice7-Ort.czi,old,pomc,upper
892,67.0,70.11940298507463,4698.0,B482_ARC _B3_slice7-Ort.czi,old,pomc,upper
893,56.0,56.267857142857146,3151.0,B482_ARC _B3_slice7-Ort.czi,old,pomc,upper
894,30.0,70.06666666666666,2102.0,B482_ARC _B3_slice7-Ort.czi,old,pomc,upper
895,455.0,52.824175824175825,24035.0,B482_ARC _B3_slice7-Ort.czi,old,pomc,upper
896,95.0,64.86315789473684,6162.0,B482_ARC _B3_slice7-Ort.czi,old,pomc,upper
897,7.0,49.42857142857143,346.0,B482_ARC _B3_slice7-Ort.czi,old,pomc,upper
898,36.0,61.80555555555556,2225.0,B482_ARC _B3_slice7-Ort.czi,old,pomc,upper
899,394.0,57.46700507614213,22642.0,B482_ARC _B3_slice7-Ort.czi,old,pomc,upper
900,69.0,55.78260869565217,3849.0,B482_ARC _B3_slice7-Ort.czi,old,pomc,upper
901,3.0,53.666666666666664,161.0,B482_ARC _B3_slice7-Ort.czi,old,pomc,upper
902,17.0,60.411764705882355,1027.0,B482_ARC _B3_slice7-Ort.czi,old,pomc,upper
903,44.0,52.15909090909091,2295.0,B482_ARC _B3_slice7-Ort.czi,old,pomc,upper
904,514.0,66.3249027237354,34091.0,B482_ARC _B3_slice7-Ort.czi,old,pomc,upper
905,33.0,96.54545454545455,3186.0,B482_ARC _B3_slice7-Ort.czi,old,pomc,upper
906,3397.0,56.983809243450104,193574.0,B482_ARC _B3_slice7-Ort.czi,old,pomc,upper
907,62.0,63.41935483870968,3932.0,B482_ARC _B3_slice7-Ort.czi,old,pomc,upper
908,33.0,64.84848484848484,2140.0,B482_ARC _B3_slice7-Ort.czi,old,pomc,upper
909,78.0,60.666666666666664,4732.0,B482_ARC _B3_slice7-Ort.czi,old,pomc,upper
910,58.0,74.60344827586206,4327.0,B482_ARC _B3_slice7-Ort.czi,old,pomc,upper
911,141.0,57.241134751773046,8070.999999999999,B482_ARC _B3_slice7-Ort.czi,old,pomc,upper
912,29.0,48.44827586206897,1405.0,B482_ARC _B3_slice7-Ort.czi,old,pomc,upper
913,1.0,36.0,36.0,B482_ARC _B3_slice7-Ort.czi,old,pomc,upper
914,11.0,61.18181818181818,673.0,B482_ARC _B3_slice7-Ort.czi,old,pomc,upper
915,202.0,55.12871287128713,11136.0,B482_ARC _B3_slice7-Ort.czi,old,pomc,upper
916,47.0,56.51063829787234,2656.0,B482_ARC _B3_slice7-Ort.czi,old,pomc,upper
917,8.0,60.25,482.0,B482_ARC _B3_slice7-Ort.czi,old,pomc,upper
918,12.0,58.5,702.0,B482_ARC _B3_slice7-Ort.czi,old,pomc,upper
919,44.0,60.65909090909091,2669.0,B482_ARC _B3_slice7-Ort.czi,old,pomc,upper
920,1.0,49.0,49.0,B482_ARC _B3_slice7-Ort.czi,old,pomc,upper
921,82.0,60.23170731707317,4939.0,B482_ARC _B3_slice7-Ort.czi,old,pomc,upper
922,29.0,64.27586206896552,1864.0000000000002,B482_ARC _B3_slice7-Ort.czi,old,pomc,upper
923,83.0,60.024096385542165,4982.0,B482_ARC _B3_slice7-Ort.czi,old,pomc,upper
924,126.0,58.30952380952381,7347.0,B482_ARC _B3_slice7-Ort.czi,old,pomc,upper
925,32.0,59.15625,1893.0,B482_ARC _B3_slice7-Ort.czi,old,pomc,upper
926,32.0,67.03125,2145.0,B482_ARC _B3_slice7-Ort.czi,old,pomc,upper
927,13.0,56.38461538461539,733.0,B482_ARC _B3_slice7-Ort.czi,old,pomc,upper
928,49.0,61.224489795918366,3000.0,B482_ARC _B3_slice7-Ort.czi,old,pomc,upper
929,81.0,69.34567901234568,5617.0,B482_ARC _B3_slice7-Ort.czi,old,pomc,upper
930,47.0,52.808510638297875,2482.0,B482_ARC _B3_slice7-Ort.czi,old,pomc,upper
931,2.0,90.0,180.0,B482_ARC _B3_slice7-Ort.czi,old,pomc,upper
932,112.0,58.982142857142854,6606.0,B482_ARC _B3_slice7-Ort.czi,old,pomc,upper
933,185.0,61.524324324324326,11382.0,B482_ARC _B3_slice7-Ort.czi,old,pomc,upper
934,19.0,149.10526315789474,2833.0,B482_ARC _B3_slice7-Ort.czi,old,pomc,upper
935,17.0,55.588235294117645,945.0,B482_ARC _B3_slice7-Ort.czi,old,pomc,upper
936,1.0,44.0,44.0,B482_ARC _B3_slice7-Ort.czi,old,pomc,upper
937,49.0,49.53061224489796,2427.0,B482_ARC _B3_slice7-Ort.czi,old,pomc,upper
938,98.0,56.183673469387756,5506.0,B482_ARC _B3_slice7-Ort.czi,old,pomc,upper
939,90.0,54.96666666666667,4947.0,B482_ARC _B3_slice7-Ort.czi,old,pomc,upper
940,1.0,44.0,44.0,B482_ARC _B3_slice7-Ort.czi,old,pomc,upper
941,52.0,65.92307692307692,3428.0,B482_ARC _B3_slice7-Ort.czi,old,pomc,upper
942,49.0,61.142857142857146,2996.0,B482_ARC _B3_slice7-Ort.czi,old,pomc,upper
943,11.0,64.18181818181819,706.0,B482_ARC _B3_slice7-Ort.czi,old,pomc,upper
944,28.0,67.57142857142857,1892.0,B482_ARC _B3_slice7-Ort.czi,old,pomc,upper
945,132.0,64.37878787878788,8498.0,B482_ARC _B3_slice7-Ort.czi,old,pomc,upper
946,47.0,73.19148936170212,3440.0,B482_ARC _B3_slice7-Ort.czi,old,pomc,upper
947,34.0,51.94117647058823,1766.0,B482_ARC _B3_slice7-Ort.czi,old,pomc,upper
948,82.0,54.30487804878049,4453.0,B482_ARC _B3_slice7-Ort.czi,old,pomc,upper
949,111.0,56.18018018018018,6236.0,B482_ARC _B3_slice7-Ort.czi,old,pomc,upper
950,35.0,55.114285714285714,1929.0,B482_ARC _B3_slice7-Ort.czi,old,pomc,upper
951,98.0,61.91836734693877,6068.0,B482_ARC _B3_slice7-Ort.czi,old,pomc,upper
952,54.0,61.333333333333336,3312.0,B482_ARC _B3_slice7-Ort.czi,old,pomc,upper
953,20.0,64.95,1299.0,B482_ARC _B3_slice7-Ort.czi,old,pomc,upper
954,32.0,53.34375,1707.0,B482_ARC _B3_slice7-Ort.czi,old,pomc,upper
955,6.0,61.0,366.0,B482_ARC _B3_slice7-Ort.czi,old,pomc,upper
956,100.0,56.46,5646.0,B482_ARC _B3_slice7-Ort.czi,old,pomc,upper
957,66.0,63.71212121212121,4205.0,B482_ARC _B3_slice7-Ort.czi,old,pomc,upper
958,60.0,64.2,3852.0,B482_ARC _B3_slice7-Ort.czi,old,pomc,upper
959,39.0,59.69230769230769,2328.0,B482_ARC _B3_slice7-Ort.czi,old,pomc,upper
960,53.0,58.22641509433962,3086.0,B482_ARC _B3_slice7-Ort.czi,old,pomc,upper
961,33.0,52.24242424242424,1724.0,B482_ARC _B3_slice7-Ort.czi,old,pomc,upper
962,184.0,59.75,10994.0,B482_ARC _B3_slice7-Ort.czi,old,pomc,upper
963,45.0,60.8,2736.0,B482_ARC _B3_slice7-Ort.czi,old,pomc,upper
964,18.0,75.61111111111111,1361.0,B482_ARC _B3_slice7-Ort.czi,old,pomc,upper
965,151.0,129.50331125827816,19555.000000000004,B482_ARC _B3_slice7-Ort.czi,old,pomc,upper
966,228.0,62.43421052631579,14235.0,B482_ARC _B3_slice7-Ort.czi,old,pomc,upper
967,49.0,60.36734693877551,2958.0,B482_ARC _B3_slice7-Ort.czi,old,pomc,upper
968,36.0,71.94444444444444,2590.0,B482_ARC _B3_slice7-Ort.czi,old,pomc,upper
969,19.0,55.10526315789474,1047.0,B482_ARC _B3_slice7-Ort.czi,old,pomc,upper
970,59.0,53.067796610169495,3131.0,B482_ARC _B3_slice7-Ort.czi,old,pomc,upper
971,142.0,59.605633802816904,8464.0,B482_ARC _B3_slice7-Ort.czi,old,pomc,upper
972,41.0,71.17073170731707,2918.0,B482_ARC _B3_slice7-Ort.czi,old,pomc,upper
973,27.0,62.03703703703704,1675.0,B482_ARC _B3_slice7-Ort.czi,old,pomc,upper
974,56.0,66.85714285714286,3744.0,B482_ARC _B3_slice7-Ort.czi,old,pomc,upper
975,31.0,61.61290322580645,1910.0,B482_ARC _B3_slice7-Ort.czi,old,pomc,upper
976,421.0,55.86698337292162,23520.0,B482_ARC _B3_slice7-Ort.czi,old,pomc,upper
977,18.0,53.166666666666664,957.0,B482_ARC _B3_slice7-Ort.czi,old,pomc,upper
978,17.0,57.0,969.0,B482_ARC _B3_slice7-Ort.czi,old,pomc,upper
979,50.0,57.24,2862.0,B482_ARC _B3_slice7-Ort.czi,old,pomc,upper
980,7.0,55.0,385.0,B482_ARC _B3_slice7-Ort.czi,old,pomc,upper
981,5.0,49.0,245.0,B482_ARC _B3_slice7-Ort.czi,old,pomc,upper
982,1.0,78.0,78.0,B482_ARC _B3_slice7-Ort.czi,old,pomc,upper
983,17.0,55.0,935.0,B482_ARC _B3_slice7-Ort.czi,old,pomc,upper
984,118.0,60.63559322033898,7155.0,B482_ARC _B3_slice7-Ort.czi,old,pomc,upper
985,1.0,28.0,28.0,B482_ARC _B3_slice7-Ort.czi,old,pomc,upper
986,2.0,37.5,75.0,B482_ARC _B3_slice7-Ort.czi,old,pomc,upper
987,26.0,58.26923076923077,1515.0,B482_ARC _B3_slice7-Ort.czi,old,pomc,upper
988,9.0,58.22222222222222,524.0,B482_ARC _B3_slice7-Ort.czi,old,pomc,upper
989,157.0,54.05732484076433,8487.0,B482_ARC _B3_slice7-Ort.czi,old,pomc,upper
990,1.0,51.0,51.0,B482_ARC _B3_slice7-Ort.czi,old,pomc,upper
991,39.0,54.38461538461539,2121.0,B482_ARC _B3_slice7-Ort.czi,old,pomc,upper
992,4447.0,59.591859680683605,265005.0,B482_ARC _B3_slice7-Ort.czi,old,pomc,upper
993,334.0,59.76646706586826,19962.0,B482_ARC _B3_slice7-Ort.czi,old,pomc,upper
994,59.0,59.25423728813559,3496.0,B482_ARC _B3_slice7-Ort.czi,old,pomc,upper
995,11.0,57.09090909090909,628.0,B482_ARC _B3_slice7-Ort.czi,old,pomc,upper
996,4.0,46.75,187.0,B482_ARC _B3_slice7-Ort.czi,old,pomc,upper
997,118.0,54.61864406779661,6445.0,B482_ARC _B3_slice7-Ort.czi,old,pomc,upper
998,39.0,63.82051282051282,2489.0,B482_ARC _B3_slice7-Ort.czi,old,pomc,upper
999,52.0,63.53846153846154,3304.0,B482_ARC _B3_slice7-Ort.czi,old,pomc,upper
1000,104.0,68.9423076923077,7170.0,B482_ARC _B3_slice7-Ort.czi,old,pomc,upper
1001,12.0,54.666666666666664,656.0,B482_ARC _B3_slice7-Ort.czi,old,pomc,upper
1002,1.0,38.0,38.0,B482_ARC _B3_slice7-Ort.czi,old,pomc,upper
1003,324.0,51.28086419753087,16615.0,B482_ARC _B3_slice7-Ort.czi,old,pomc,upper
1004,46.0,62.41304347826087,2871.0,B482_ARC _B3_slice7-Ort.czi,old,pomc,upper
1005,25.0,61.52,1538.0,B482_ARC _B3_slice7-Ort.czi,old,pomc,upper
1006,85.0,52.917647058823526,4498.0,B482_ARC _B3_slice7-Ort.czi,old,pomc,upper
1007,61.0,65.73770491803279,4010.0,B482_ARC _B3_slice7-Ort.czi,old,pomc,upper
1008,50.0,51.52,2576.0,B482_ARC _B3_slice7-Ort.czi,old,pomc,upper
1009,95.0,53.26315789473684,5060.0,B482_ARC _B3_slice7-Ort.czi,old,pomc,upper
1010,18.0,59.05555555555556,1063.0,B482_ARC _B3_slice7-Ort.czi,old,pomc,upper
1011,30.0,62.86666666666667,1886.0,B482_ARC _B3_slice7-Ort.czi,old,pomc,upper
1012,19.0,58.1578947368421,1105.0,B482_ARC _B3_slice7-Ort.czi,old,pomc,upper
1013,5.0,65.4,327.0,B482_ARC _B3_slice7-Ort.czi,old,pomc,upper
1014,94.0,60.361702127659576,5674.0,B482_ARC _B3_slice7-Ort.czi,old,pomc,upper
1015,15.0,66.73333333333333,1001.0,B482_ARC _B3_slice7-Ort.czi,old,pomc,upper
1016,139.0,65.50359712230215,9105.0,B482_ARC _B3_slice7-Ort.czi,old,pomc,upper
1017,55.0,78.63636363636364,4325.0,B482_ARC _B3_slice7-Ort.czi,old,pomc,upper
1018,440.0,55.277272727272724,24322.0,B482_ARC _B3_slice7-Ort.czi,old,pomc,upper
1019,110.0,50.92727272727273,5602.0,B482_ARC _B3_slice7-Ort.czi,old,pomc,upper
1020,8.0,55.25,442.0,B482_ARC _B3_slice7-Ort.czi,old,pomc,upper
1021,38.0,53.71052631578947,2041.0,B482_ARC _B3_slice7-Ort.czi,old,pomc,upper
1022,2.0,63.5,127.0,B482_ARC _B3_slice7-Ort.czi,old,pomc,upper
1023,12.0,69.33333333333333,832.0,B482_ARC _B3_slice7-Ort.czi,old,pomc,upper
1024,77.0,61.98701298701299,4773.0,B482_ARC _B3_slice7-Ort.czi,old,pomc,upper
1025,384.0,55.786458333333336,21422.0,B482_ARC _B3_slice7-Ort.czi,old,pomc,upper
1026,51.0,55.05882352941177,2808.0,B482_ARC _B3_slice7-Ort.czi,old,pomc,upper
1027,48.0,55.520833333333336,2665.0,B482_ARC _B3_slice7-Ort.czi,old,pomc,upper
1028,41.0,58.951219512195124,2417.0,B482_ARC _B3_slice7-Ort.czi,old,pomc,upper
1029,459.0,57.92374727668845,26587.0,B482_ARC _B3_slice7-Ort.czi,old,pomc,upper
1030,18.0,63.77777777777778,1148.0,B482_ARC _B3_slice7-Ort.czi,old,pomc,upper
1031,108.0,59.26851851851852,6401.0,B482_ARC _B3_slice7-Ort.czi,old,pomc,upper
1032,58.0,61.0,3538.0,B482_ARC _B3_slice7-Ort.czi,old,pomc,upper
1033,35.0,67.34285714285714,2357.0,B482_ARC _B3_slice7-Ort.czi,old,pomc,upper
1034,39.0,57.743589743589745,2252.0,B482_ARC _B3_slice7-Ort.czi,old,pomc,upper
1035,37.0,48.0,1776.0,B482_ARC _B3_slice7-Ort.czi,old,pomc,upper
1036,74.0,53.513513513513516,3960.0,B482_ARC _B3_slice7-Ort.czi,old,pomc,upper
1037,151.0,60.64238410596027,9157.0,B482_ARC _B3_slice7-Ort.czi,old,pomc,upper
1038,4.0,39.25,157.0,B482_ARC _B3_slice7-Ort.czi,old,pomc,upper
1039,17.0,44.35294117647059,754.0,B482_ARC _B3_slice7-Ort.czi,old,pomc,upper
1040,28.0,77.21428571428571,2162.0,B482_ARC _B3_slice7-Ort.czi,old,pomc,upper
1041,171.0,58.09356725146199,9934.0,B482_ARC _B3_slice7-Ort.czi,old,pomc,upper
1042,55.0,65.50909090909092,3603.0000000000005,B482_ARC _B3_slice7-Ort.czi,old,pomc,upper
1043,46.0,66.93478260869566,3079.0,B482_ARC _B3_slice7-Ort.czi,old,pomc,upper
1044,69.0,53.492753623188406,3691.0,B482_ARC _B3_slice7-Ort.czi,old,pomc,upper
1045,95.0,54.01052631578948,5131.0,B482_ARC _B3_slice7-Ort.czi,old,pomc,upper
1046,54.0,54.111111111111114,2922.0,B482_ARC _B3_slice7-Ort.czi,old,pomc,upper
1047,27.0,71.4074074074074,1928.0,B482_ARC _B3_slice7-Ort.czi,old,pomc,upper
1048,13.0,59.76923076923077,777.0,B482_ARC _B3_slice7-Ort.czi,old,pomc,upper
1049,34.0,70.11764705882354,2384.0,B482_ARC _B3_slice7-Ort.czi,old,pomc,upper
1050,57.0,55.719298245614034,3176.0,B482_ARC _B3_slice7-Ort.czi,old,pomc,upper
1051,14.0,61.0,854.0,B482_ARC _B3_slice7-Ort.czi,old,pomc,upper
1052,39.0,54.1025641025641,2110.0,B482_ARC _B3_slice7-Ort.czi,old,pomc,upper
1053,387.0,61.400516795865634,23762.0,B482_ARC _B3_slice7-Ort.czi,old,pomc,upper
1054,82.0,52.58536585365854,4312.0,B482_ARC _B3_slice7-Ort.czi,old,pomc,upper
1055,49.0,52.46938775510204,2571.0,B482_ARC _B3_slice7-Ort.czi,old,pomc,upper
1056,1.0,100.0,100.0,B482_ARC _B3_slice7-Ort.czi,old,pomc,upper
1057,69.0,55.6231884057971,3838.0,B482_ARC _B3_slice7-Ort.czi,old,pomc,upper
1058,18.0,56.166666666666664,1011.0,B482_ARC _B3_slice7-Ort.czi,old,pomc,upper
1059,116.0,62.672413793103445,7270.0,B482_ARC _B3_slice7-Ort.czi,old,pomc,upper
1060,339.0,133.6637168141593,45312.0,B482_ARC _B3_slice7-Ort.czi,old,pomc,upper
1061,60.0,55.3,3318.0,B482_ARC _B3_slice7-Ort.czi,old,pomc,upper
1062,1.0,50.0,50.0,B482_ARC _B3_slice7-Ort.czi,old,pomc,upper
1063,31.0,70.61290322580645,2189.0,B482_ARC _B3_slice7-Ort.czi,old,pomc,upper
1064,8.0,101.75,814.0,B482_ARC _B3_slice7-Ort.czi,old,pomc,upper
1065,44.0,54.15909090909091,2383.0,B482_ARC _B3_slice7-Ort.czi,old,pomc,upper
1066,90.0,54.833333333333336,4935.0,B482_ARC _B3_slice7-Ort.czi,old,pomc,upper
1067,123.0,60.47154471544715,7438.0,B482_ARC _B3_slice7-Ort.czi,old,pomc,upper
1068,35.0,53.42857142857143,1870.0,B482_ARC _B3_slice7-Ort.czi,old,pomc,upper
1069,17.0,61.88235294117647,1052.0,B482_ARC _B3_slice7-Ort.czi,old,pomc,upper
1070,23.0,66.08695652173913,1520.0,B482_ARC _B3_slice7-Ort.czi,old,pomc,upper
1071,1.0,85.0,85.0,B482_ARC _B3_slice7-Ort.czi,old,pomc,upper
1072,47.0,54.723404255319146,2572.0,B482_ARC _B3_slice7-Ort.czi,old,pomc,upper
1073,265.0,57.33584905660377,15194.0,B482_ARC _B3_slice7-Ort.czi,old,pomc,upper
1074,46.0,57.19565217391305,2631.0,B482_ARC _B3_slice7-Ort.czi,old,pomc,upper
1075,102.0,55.254901960784316,5636.0,B482_ARC _B3_slice7-Ort.czi,old,pomc,upper
1,29.0,50.51724137931034,1465.0,F656_ARC _B3_slice4-Ort.czi,old,pomc,upper
2,136.0,45.02205882352941,6123.0,F656_ARC _B3_slice4-Ort.czi,old,pomc,upper
3,52.0,51.63461538461539,2685.0,F656_ARC _B3_slice4-Ort.czi,old,pomc,upper
4,88.0,51.27272727272727,4512.0,F656_ARC _B3_slice4-Ort.czi,old,pomc,upper
5,24.0,51.0,1224.0,F656_ARC _B3_slice4-Ort.czi,old,pomc,upper
6,10.0,56.6,566.0,F656_ARC _B3_slice4-Ort.czi,old,pomc,upper
7,63.0,50.01587301587302,3151.0,F656_ARC _B3_slice4-Ort.czi,old,pomc,upper
8,399.0,49.10526315789474,19593.0,F656_ARC _B3_slice4-Ort.czi,old,pomc,upper
9,161.0,48.006211180124225,7729.0,F656_ARC _B3_slice4-Ort.czi,old,pomc,upper
10,2.0,38.0,76.0,F656_ARC _B3_slice4-Ort.czi,old,pomc,upper
11,200.0,49.115,9823.0,F656_ARC _B3_slice4-Ort.czi,old,pomc,upper
12,74.0,48.770270270270274,3609.0000000000005,F656_ARC _B3_slice4-Ort.czi,old,pomc,upper
13,56.0,45.44642857142857,2545.0,F656_ARC _B3_slice4-Ort.czi,old,pomc,upper
14,43.0,39.906976744186046,1716.0,F656_ARC _B3_slice4-Ort.czi,old,pomc,upper
15,5.0,45.0,225.0,F656_ARC _B3_slice4-Ort.czi,old,pomc,upper
16,104.0,45.31730769230769,4713.0,F656_ARC _B3_slice4-Ort.czi,old,pomc,upper
17,699.0,48.51216022889842,33910.0,F656_ARC _B3_slice4-Ort.czi,old,pomc,upper
18,102.0,68.75490196078431,7013.0,F656_ARC _B3_slice4-Ort.czi,old,pomc,upper
19,1.0,35.0,35.0,F656_ARC _B3_slice4-Ort.czi,old,pomc,upper
20,1.0,59.0,59.0,F656_ARC _B3_slice4-Ort.czi,old,pomc,upper
21,126.0,43.32539682539682,5459.0,F656_ARC _B3_slice4-Ort.czi,old,pomc,upper
22,2.0,38.5,77.0,F656_ARC _B3_slice4-Ort.czi,old,pomc,upper
23,16.0,59.75,956.0,F656_ARC _B3_slice4-Ort.czi,old,pomc,upper
24,8.0,50.625,405.0,F656_ARC _B3_slice4-Ort.czi,old,pomc,upper
25,21.0,49.95238095238095,1049.0,F656_ARC _B3_slice4-Ort.czi,old,pomc,upper
26,202.0,45.584158415841586,9208.0,F656_ARC _B3_slice4-Ort.czi,old,pomc,upper
27,87.0,42.804597701149426,3724.0,F656_ARC _B3_slice4-Ort.czi,old,pomc,upper
28,1.0,56.0,56.0,F656_ARC _B3_slice4-Ort.czi,old,pomc,upper
29,11.0,45.72727272727273,503.0,F656_ARC _B3_slice4-Ort.czi,old,pomc,upper
30,1.0,91.0,91.0,F656_ARC _B3_slice4-Ort.czi,old,pomc,upper
31,61.0,46.967213114754095,2865.0,F656_ARC _B3_slice4-Ort.czi,old,pomc,upper
32,13.0,117.46153846153847,1527.0,F656_ARC _B3_slice4-Ort.czi,old,pomc,upper
33,20.0,47.85,957.0,F656_ARC _B3_slice4-Ort.czi,old,pomc,upper
34,6.0,44.166666666666664,265.0,F656_ARC _B3_slice4-Ort.czi,old,pomc,upper
35,1.0,39.0,39.0,F656_ARC _B3_slice4-Ort.czi,old,pomc,upper
36,35.0,54.77142857142857,1917.0,F656_ARC _B3_slice4-Ort.czi,old,pomc,upper
37,28.0,44.214285714285715,1238.0,F656_ARC _B3_slice4-Ort.czi,old,pomc,upper
38,32.0,45.0,1440.0,F656_ARC _B3_slice4-Ort.czi,old,pomc,upper
39,1.0,71.0,71.0,F656_ARC _B3_slice4-Ort.czi,old,pomc,upper
40,56.0,42.767857142857146,2395.0,F656_ARC _B3_slice4-Ort.czi,old,pomc,upper
41,25.0,46.84,1171.0,F656_ARC _B3_slice4-Ort.czi,old,pomc,upper
42,2.0,48.5,97.0,F656_ARC _B3_slice4-Ort.czi,old,pomc,upper
43,12.0,50.916666666666664,611.0,F656_ARC _B3_slice4-Ort.czi,old,pomc,upper
44,1.0,36.0,36.0,F656_ARC _B3_slice4-Ort.czi,old,pomc,upper
45,63.0,49.73015873015873,3133.0,F656_ARC _B3_slice4-Ort.czi,old,pomc,upper
46,12.0,67.83333333333333,814.0,F656_ARC _B3_slice4-Ort.czi,old,pomc,upper
47,23.0,53.73913043478261,1236.0,F656_ARC _B3_slice4-Ort.czi,old,pomc,upper
48,59.0,47.101694915254235,2779.0,F656_ARC _B3_slice4-Ort.czi,old,pomc,upper
49,2.0,42.5,85.0,F656_ARC _B3_slice4-Ort.czi,old,pomc,upper
50,1.0,56.0,56.0,F656_ARC _B3_slice4-Ort.czi,old,pomc,upper
51,74.0,43.75675675675676,3238.0,F656_ARC _B3_slice4-Ort.czi,old,pomc,upper
52,55.0,43.85454545454545,2412.0,F656_ARC _B3_slice4-Ort.czi,old,pomc,upper
53,9.0,50.77777777777778,457.0,F656_ARC _B3_slice4-Ort.czi,old,pomc,upper
54,16.0,39.875,638.0,F656_ARC _B3_slice4-Ort.czi,old,pomc,upper
55,17.0,50.35294117647059,856.0,F656_ARC _B3_slice4-Ort.czi,old,pomc,upper
56,57.0,50.666666666666664,2888.0,F656_ARC _B3_slice4-Ort.czi,old,pomc,upper
57,56.0,47.517857142857146,2661.0,F656_ARC _B3_slice4-Ort.czi,old,pomc,upper
58,62.0,47.25806451612903,2930.0,F656_ARC _B3_slice4-Ort.czi,old,pomc,upper
59,1.0,53.0,53.0,F656_ARC _B3_slice4-Ort.czi,old,pomc,upper
60,20.0,42.1,842.0,F656_ARC _B3_slice4-Ort.czi,old,pomc,upper
61,160.0,48.9625,7834.0,F656_ARC _B3_slice4-Ort.czi,old,pomc,upper
62,18.0,49.27777777777778,887.0,F656_ARC _B3_slice4-Ort.czi,old,pomc,upper
63,10284.0,43.82360949047063,450681.99999999994,F656_ARC _B3_slice4-Ort.czi,old,pomc,upper
64,37.0,46.16216216216216,1708.0,F656_ARC _B3_slice4-Ort.czi,old,pomc,upper
65,21.0,50.57142857142857,1062.0,F656_ARC _B3_slice4-Ort.czi,old,pomc,upper
66,64.0,58.75,3760.0,F656_ARC _B3_slice4-Ort.czi,old,pomc,upper
67,6.0,39.833333333333336,239.0,F656_ARC _B3_slice4-Ort.czi,old,pomc,upper
68,1.0,16.0,16.0,F656_ARC _B3_slice4-Ort.czi,old,pomc,upper
69,90.0,46.44444444444444,4180.0,F656_ARC _B3_slice4-Ort.czi,old,pomc,upper
70,18.0,50.5,909.0,F656_ARC _B3_slice4-Ort.czi,old,pomc,upper
71,550.0,46.67818181818182,25673.0,F656_ARC _B3_slice4-Ort.czi,old,pomc,upper
72,45.0,55.93333333333333,2517.0,F656_ARC _B3_slice4-Ort.czi,old,pomc,upper
73,19.0,55.421052631578945,1053.0,F656_ARC _B3_slice4-Ort.czi,old,pomc,upper
74,3.0,51.333333333333336,154.0,F656_ARC _B3_slice4-Ort.czi,old,pomc,upper
75,73.0,48.06849315068493,3509.0,F656_ARC _B3_slice4-Ort.czi,old,pomc,upper
76,1.0,51.0,51.0,F656_ARC _B3_slice4-Ort.czi,old,pomc,upper
77,62.0,46.67741935483871,2894.0,F656_ARC _B3_slice4-Ort.czi,old,pomc,upper
78,2.0,41.5,83.0,F656_ARC _B3_slice4-Ort.czi,old,pomc,upper
79,104.0,51.38461538461539,5344.0,F656_ARC _B3_slice4-Ort.czi,old,pomc,upper
80,17.0,52.470588235294116,892.0,F656_ARC _B3_slice4-Ort.czi,old,pomc,upper
81,455.0,46.026373626373626,20942.0,F656_ARC _B3_slice4-Ort.czi,old,pomc,upper
82,35.0,52.714285714285715,1845.0,F656_ARC _B3_slice4-Ort.czi,old,pomc,upper
83,95.0,49.357894736842105,4689.0,F656_ARC _B3_slice4-Ort.czi,old,pomc,upper
84,167.0,44.02395209580838,7352.0,F656_ARC _B3_slice4-Ort.czi,old,pomc,upper
85,98.0,50.3469387755102,4934.0,F656_ARC _B3_slice4-Ort.czi,old,pomc,upper
86,3.0,40.0,120.0,F656_ARC _B3_slice4-Ort.czi,old,pomc,upper
87,5.0,51.8,259.0,F656_ARC _B3_slice4-Ort.czi,old,pomc,upper
88,13.0,52.61538461538461,684.0,F656_ARC _B3_slice4-Ort.czi,old,pomc,upper
89,1.0,37.0,37.0,F656_ARC _B3_slice4-Ort.czi,old,pomc,upper
90,3.0,38.666666666666664,116.0,F656_ARC _B3_slice4-Ort.czi,old,pomc,upper
91,48.0,59.375,2850.0,F656_ARC _B3_slice4-Ort.czi,old,pomc,upper
92,1.0,10.0,10.0,F656_ARC _B3_slice4-Ort.czi,old,pomc,upper
93,16.0,42.4375,679.0,F656_ARC _B3_slice4-Ort.czi,old,pomc,upper
94,13.0,52.84615384615385,687.0,F656_ARC _B3_slice4-Ort.czi,old,pomc,upper
95,6.0,49.666666666666664,298.0,F656_ARC _B3_slice4-Ort.czi,old,pomc,upper
96,5.0,55.2,276.0,F656_ARC _B3_slice4-Ort.czi,old,pomc,upper
97,30.0,46.9,1407.0,F656_ARC _B3_slice4-Ort.czi,old,pomc,upper
98,35.0,55.6,1946.0,F656_ARC _B3_slice4-Ort.czi,old,pomc,upper
99,45.0,47.13333333333333,2121.0,F656_ARC _B3_slice4-Ort.czi,old,pomc,upper
100,11.0,44.81818181818182,493.0,F656_ARC _B3_slice4-Ort.czi,old,pomc,upper
101,1.0,25.0,25.0,F656_ARC _B3_slice4-Ort.czi,old,pomc,upper
102,57.0,49.07017543859649,2797.0,F656_ARC _B3_slice4-Ort.czi,old,pomc,upper
103,2.0,33.0,66.0,F656_ARC _B3_slice4-Ort.czi,old,pomc,upper
104,3.0,49.0,147.0,F656_ARC _B3_slice4-Ort.czi,old,pomc,upper
105,1.0,49.0,49.0,F656_ARC _B3_slice4-Ort.czi,old,pomc,upper
106,1.0,50.0,50.0,F656_ARC _B3_slice4-Ort.czi,old,pomc,upper
107,8.0,47.0,376.0,F656_ARC _B3_slice4-Ort.czi,old,pomc,upper
108,37.0,55.32432432432432,2047.0,F656_ARC _B3_slice4-Ort.czi,old,pomc,upper
109,37.0,41.027027027027025,1518.0,F656_ARC _B3_slice4-Ort.czi,old,pomc,upper
110,20.0,43.65,873.0,F656_ARC _B3_slice4-Ort.czi,old,pomc,upper
111,1.0,21.0,21.0,F656_ARC _B3_slice4-Ort.czi,old,pomc,upper
112,16.0,52.6875,843.0,F656_ARC _B3_slice4-Ort.czi,old,pomc,upper
113,23.0,44.65217391304348,1027.0,F656_ARC _B3_slice4-Ort.czi,old,pomc,upper
114,39.0,50.02564102564103,1951.0000000000002,F656_ARC _B3_slice4-Ort.czi,old,pomc,upper
115,21.0,45.714285714285715,960.0,F656_ARC _B3_slice4-Ort.czi,old,pomc,upper
116,16.0,48.75,780.0,F656_ARC _B3_slice4-Ort.czi,old,pomc,upper
117,27.0,62.888888888888886,1698.0,F656_ARC _B3_slice4-Ort.czi,old,pomc,upper
118,13.0,50.07692307692308,651.0,F656_ARC _B3_slice4-Ort.czi,old,pomc,upper
119,13.0,43.61538461538461,567.0,F656_ARC _B3_slice4-Ort.czi,old,pomc,upper
120,1.0,55.0,55.0,F656_ARC _B3_slice4-Ort.czi,old,pomc,upper
121,30.0,55.53333333333333,1666.0,F656_ARC _B3_slice4-Ort.czi,old,pomc,upper
122,42.0,49.357142857142854,2073.0,F656_ARC _B3_slice4-Ort.czi,old,pomc,upper
123,3.0,35.666666666666664,107.0,F656_ARC _B3_slice4-Ort.czi,old,pomc,upper
124,4.0,42.25,169.0,F656_ARC _B3_slice4-Ort.czi,old,pomc,upper
125,64.0,47.84375,3062.0,F656_ARC _B3_slice4-Ort.czi,old,pomc,upper
126,4.0,44.25,177.0,F656_ARC _B3_slice4-Ort.czi,old,pomc,upper
127,2.0,74.0,148.0,F656_ARC _B3_slice4-Ort.czi,old,pomc,upper
128,173.0,48.84393063583815,8450.0,F656_ARC _B3_slice4-Ort.czi,old,pomc,upper
129,157.0,48.72611464968153,7650.0,F656_ARC _B3_slice4-Ort.czi,old,pomc,upper
130,19.0,43.421052631578945,825.0,F656_ARC _B3_slice4-Ort.czi,old,pomc,upper
131,153.0,49.98692810457516,7648.0,F656_ARC _B3_slice4-Ort.czi,old,pomc,upper
132,2.0,52.5,105.0,F656_ARC _B3_slice4-Ort.czi,old,pomc,upper
133,2.0,64.0,128.0,F656_ARC _B3_slice4-Ort.czi,old,pomc,upper
134,21.0,63.523809523809526,1334.0,F656_ARC _B3_slice4-Ort.czi,old,pomc,upper
135,22.0,50.22727272727273,1105.0,F656_ARC _B3_slice4-Ort.czi,old,pomc,upper
136,46.0,48.15217391304348,2215.0,F656_ARC _B3_slice4-Ort.czi,old,pomc,upper
137,30.0,52.266666666666666,1568.0,F656_ARC _B3_slice4-Ort.czi,old,pomc,upper
138,146.0,47.81506849315068,6981.0,F656_ARC _B3_slice4-Ort.czi,old,pomc,upper
139,1.0,16.0,16.0,F656_ARC _B3_slice4-Ort.czi,old,pomc,upper
140,1076.0,44.09014869888476,47441.0,F656_ARC _B3_slice4-Ort.czi,old,pomc,upper
141,232.0,44.025862068965516,10214.0,F656_ARC _B3_slice4-Ort.czi,old,pomc,upper
142,24.0,66.375,1593.0,F656_ARC _B3_slice4-Ort.czi,old,pomc,upper
143,25.0,51.96,1299.0,F656_ARC _B3_slice4-Ort.czi,old,pomc,upper
144,7.0,56.57142857142857,396.0,F656_ARC _B3_slice4-Ort.czi,old,pomc,upper
145,91.0,46.8021978021978,4259.0,F656_ARC _B3_slice4-Ort.czi,old,pomc,upper
146,69.0,49.01449275362319,3382.0,F656_ARC _B3_slice4-Ort.czi,old,pomc,upper
147,8.0,73.75,590.0,F656_ARC _B3_slice4-Ort.czi,old,pomc,upper
148,89.0,42.95505617977528,3823.0,F656_ARC _B3_slice4-Ort.czi,old,pomc,upper
149,12.0,43.75,525.0,F656_ARC _B3_slice4-Ort.czi,old,pomc,upper
150,70.0,42.67142857142857,2987.0,F656_ARC _B3_slice4-Ort.czi,old,pomc,upper
151,15.0,42.53333333333333,638.0,F656_ARC _B3_slice4-Ort.czi,old,pomc,upper
152,7.0,49.714285714285715,348.0,F656_ARC _B3_slice4-Ort.czi,old,pomc,upper
153,12.0,40.583333333333336,487.0,F656_ARC _B3_slice4-Ort.czi,old,pomc,upper
154,132.0,43.35606060606061,5723.0,F656_ARC _B3_slice4-Ort.czi,old,pomc,upper
155,1.0,94.0,94.0,F656_ARC _B3_slice4-Ort.czi,old,pomc,upper
156,344.0,44.95348837209303,15464.000000000002,F656_ARC _B3_slice4-Ort.czi,old,pomc,upper
157,113.0,46.75221238938053,5283.0,F656_ARC _B3_slice4-Ort.czi,old,pomc,upper
158,2.0,49.0,98.0,F656_ARC _B3_slice4-Ort.czi,old,pomc,upper
159,70.0,41.142857142857146,2880.0,F656_ARC _B3_slice4-Ort.czi,old,pomc,upper
160,1.0,25.0,25.0,F656_ARC _B3_slice4-Ort.czi,old,pomc,upper
161,5.0,42.0,210.0,F656_ARC _B3_slice4-Ort.czi,old,pomc,upper
162,13.0,41.84615384615385,544.0,F656_ARC _B3_slice4-Ort.czi,old,pomc,upper
163,72.0,47.208333333333336,3399.0,F656_ARC _B3_slice4-Ort.czi,old,pomc,upper
164,212.0,45.9811320754717,9748.0,F656_ARC _B3_slice4-Ort.czi,old,pomc,upper
165,46.0,43.97826086956522,2023.0,F656_ARC _B3_slice4-Ort.czi,old,pomc,upper
166,42.0,48.61904761904762,2042.0,F656_ARC _B3_slice4-Ort.czi,old,pomc,upper
167,2.0,32.5,65.0,F656_ARC _B3_slice4-Ort.czi,old,pomc,upper
168,2.0,63.5,127.0,F656_ARC _B3_slice4-Ort.czi,old,pomc,upper
169,63.0,44.58730158730159,2809.0,F656_ARC _B3_slice4-Ort.czi,old,pomc,upper
170,47626.0,44.74845672531811,2131190.0,F656_ARC _B3_slice4-Ort.czi,old,pomc,upper
171,2.0,38.5,77.0,F656_ARC _B3_slice4-Ort.czi,old,pomc,upper
172,22.0,56.77272727272727,1249.0,F656_ARC _B3_slice4-Ort.czi,old,pomc,upper
173,32.0,54.90625,1757.0,F656_ARC _B3_slice4-Ort.czi,old,pomc,upper
174,1.0,21.0,21.0,F656_ARC _B3_slice4-Ort.czi,old,pomc,upper
175,65.0,40.707692307692305,2646.0,F656_ARC _B3_slice4-Ort.czi,old,pomc,upper
176,33.0,53.39393939393939,1762.0,F656_ARC _B3_slice4-Ort.czi,old,pomc,upper
177,1.0,61.0,61.0,F656_ARC _B3_slice4-Ort.czi,old,pomc,upper
178,134.0,43.723880597014926,5859.0,F656_ARC _B3_slice4-Ort.czi,old,pomc,upper
179,38.0,51.3421052631579,1951.0,F656_ARC _B3_slice4-Ort.czi,old,pomc,upper
180,1.0,30.0,30.0,F656_ARC _B3_slice4-Ort.czi,old,pomc,upper
181,5.0,50.2,251.0,F656_ARC _B3_slice4-Ort.czi,old,pomc,upper
182,2.0,77.0,154.0,F656_ARC _B3_slice4-Ort.czi,old,pomc,upper
183,1.0,66.0,66.0,F656_ARC _B3_slice4-Ort.czi,old,pomc,upper
184,94.0,48.808510638297875,4588.0,F656_ARC _B3_slice4-Ort.czi,old,pomc,upper
185,188.0,43.962765957446805,8265.0,F656_ARC _B3_slice4-Ort.czi,old,pomc,upper
186,13.0,46.07692307692308,599.0,F656_ARC _B3_slice4-Ort.czi,old,pomc,upper
187,20.0,52.45,1049.0,F656_ARC _B3_slice4-Ort.czi,old,pomc,upper
188,88.0,46.65909090909091,4106.0,F656_ARC _B3_slice4-Ort.czi,old,pomc,upper
189,29.0,49.241379310344826,1428.0,F656_ARC _B3_slice4-Ort.czi,old,pomc,upper
190,175.0,46.308571428571426,8104.0,F656_ARC _B3_slice4-Ort.czi,old,pomc,upper
191,8.0,33.25,266.0,F656_ARC _B3_slice4-Ort.czi,old,pomc,upper
192,22.0,44.13636363636363,970.9999999999999,F656_ARC _B3_slice4-Ort.czi,old,pomc,upper
193,1.0,38.0,38.0,F656_ARC _B3_slice4-Ort.czi,old,pomc,upper
194,1.0,57.0,57.0,F656_ARC _B3_slice4-Ort.czi,old,pomc,upper
195,17.0,42.470588235294116,722.0,F656_ARC _B3_slice4-Ort.czi,old,pomc,upper
196,19.0,49.05263157894737,932.0,F656_ARC _B3_slice4-Ort.czi,old,pomc,upper
197,20.0,44.5,890.0,F656_ARC _B3_slice4-Ort.czi,old,pomc,upper
198,23.0,57.69565217391305,1327.0,F656_ARC _B3_slice4-Ort.czi,old,pomc,upper
199,100.0,47.32,4732.0,F656_ARC _B3_slice4-Ort.czi,old,pomc,upper
200,25.0,43.64,1091.0,F656_ARC _B3_slice4-Ort.czi,old,pomc,upper
201,1.0,25.0,25.0,F656_ARC _B3_slice4-Ort.czi,old,pomc,upper
202,71.0,49.605633802816904,3522.0,F656_ARC _B3_slice4-Ort.czi,old,pomc,upper
203,38.0,49.55263157894737,1883.0,F656_ARC _B3_slice4-Ort.czi,old,pomc,upper
204,18.0,47.166666666666664,849.0,F656_ARC _B3_slice4-Ort.czi,old,pomc,upper
205,15.0,45.333333333333336,680.0,F656_ARC _B3_slice4-Ort.czi,old,pomc,upper
206,124.0,49.49193548387097,6137.0,F656_ARC _B3_slice4-Ort.czi,old,pomc,upper
207,67.0,54.298507462686565,3638.0,F656_ARC _B3_slice4-Ort.czi,old,pomc,upper
208,111.0,49.5045045045045,5495.0,F656_ARC _B3_slice4-Ort.czi,old,pomc,upper
209,29.0,46.93103448275862,1361.0,F656_ARC _B3_slice4-Ort.czi,old,pomc,upper
210,5.0,57.6,288.0,F656_ARC _B3_slice4-Ort.czi,old,pomc,upper
211,3.0,36.333333333333336,109.0,F656_ARC _B3_slice4-Ort.czi,old,pomc,upper
212,403.0,45.5136476426799,18342.0,F656_ARC _B3_slice4-Ort.czi,old,pomc,upper
213,216.0,49.63425925925926,10721.0,F656_ARC _B3_slice4-Ort.czi,old,pomc,upper
214,2.0,50.5,101.0,F656_ARC _B3_slice4-Ort.czi,old,pomc,upper
215,1.0,37.0,37.0,F656_ARC _B3_slice4-Ort.czi,old,pomc,upper
216,134.0,46.03731343283582,6169.0,F656_ARC _B3_slice4-Ort.czi,old,pomc,upper
217,2.0,51.5,103.0,F656_ARC _B3_slice4-Ort.czi,old,pomc,upper
218,40.0,55.825,2233.0,F656_ARC _B3_slice4-Ort.czi,old,pomc,upper
219,215.0,48.97674418604651,10530.0,F656_ARC _B3_slice4-Ort.czi,old,pomc,upper
220,1.0,31.0,31.0,F656_ARC _B3_slice4-Ort.czi,old,pomc,upper
221,42.0,44.166666666666664,1855.0,F656_ARC _B3_slice4-Ort.czi,old,pomc,upper
222,63.0,58.06349206349206,3658.0,F656_ARC _B3_slice4-Ort.czi,old,pomc,upper
223,55.0,46.41818181818182,2553.0,F656_ARC _B3_slice4-Ort.czi,old,pomc,upper
224,95.0,46.88421052631579,4454.0,F656_ARC _B3_slice4-Ort.czi,old,pomc,upper
225,2.0,73.0,146.0,F656_ARC _B3_slice4-Ort.czi,old,pomc,upper
226,7.0,49.42857142857143,346.0,F656_ARC _B3_slice4-Ort.czi,old,pomc,upper
227,6.0,48.333333333333336,290.0,F656_ARC _B3_slice4-Ort.czi,old,pomc,upper
228,19.0,41.473684210526315,788.0,F656_ARC _B3_slice4-Ort.czi,old,pomc,upper
229,19.0,46.94736842105263,892.0,F656_ARC _B3_slice4-Ort.czi,old,pomc,upper
230,158.0,47.31645569620253,7476.0,F656_ARC _B3_slice4-Ort.czi,old,pomc,upper
231,72.0,48.666666666666664,3504.0,F656_ARC _B3_slice4-Ort.czi,old,pomc,upper
232,2.0,50.0,100.0,F656_ARC _B3_slice4-Ort.czi,old,pomc,upper
233,43.0,50.41860465116279,2168.0,F656_ARC _B3_slice4-Ort.czi,old,pomc,upper
234,14.0,60.642857142857146,849.0,F656_ARC _B3_slice4-Ort.czi,old,pomc,upper
235,22.0,40.77272727272727,897.0,F656_ARC _B3_slice4-Ort.czi,old,pomc,upper
236,1.0,44.0,44.0,F656_ARC _B3_slice4-Ort.czi,old,pomc,upper
237,56.0,48.17857142857143,2698.0,F656_ARC _B3_slice4-Ort.czi,old,pomc,upper
238,27.0,51.629629629629626,1394.0,F656_ARC _B3_slice4-Ort.czi,old,pomc,upper
239,13.0,65.92307692307692,857.0,F656_ARC _B3_slice4-Ort.czi,old,pomc,upper
240,172.0,44.70348837209303,7689.000000000001,F656_ARC _B3_slice4-Ort.czi,old,pomc,upper
241,539.0,45.0,24255.0,F656_ARC _B3_slice4-Ort.czi,old,pomc,upper
242,76.0,42.30263157894737,3215.0,F656_ARC _B3_slice4-Ort.czi,old,pomc,upper
243,184.0,48.22826086956522,8874.0,F656_ARC _B3_slice4-Ort.czi,old,pomc,upper
244,1307.0,43.0504973221117,56266.99999999999,F656_ARC _B3_slice4-Ort.czi,old,pomc,upper
245,37.0,44.24324324324324,1637.0,F656_ARC _B3_slice4-Ort.czi,old,pomc,upper
246,51.0,46.3921568627451,2366.0,F656_ARC _B3_slice4-Ort.czi,old,pomc,upper
247,38.0,47.421052631578945,1802.0,F656_ARC _B3_slice4-Ort.czi,old,pomc,upper
248,98.0,46.36734693877551,4544.0,F656_ARC _B3_slice4-Ort.czi,old,pomc,upper
249,14.0,46.57142857142857,652.0,F656_ARC _B3_slice4-Ort.czi,old,pomc,upper
250,211.0,47.156398104265406,9950.0,F656_ARC _B3_slice4-Ort.czi,old,pomc,upper
251,30.0,46.93333333333333,1408.0,F656_ARC _B3_slice4-Ort.czi,old,pomc,upper
252,72.0,54.40277777777778,3917.0,F656_ARC _B3_slice4-Ort.czi,old,pomc,upper
253,22.0,44.22727272727273,973.0,F656_ARC _B3_slice4-Ort.czi,old,pomc,upper
254,56.0,46.5,2604.0,F656_ARC _B3_slice4-Ort.czi,old,pomc,upper
255,20.0,44.35,887.0,F656_ARC _B3_slice4-Ort.czi,old,pomc,upper
256,14.0,73.64285714285714,1031.0,F656_ARC _B3_slice4-Ort.czi,old,pomc,upper
257,82.0,54.09756097560975,4436.0,F656_ARC _B3_slice4-Ort.czi,old,pomc,upper
258,44.0,53.15909090909091,2339.0,F656_ARC _B3_slice4-Ort.czi,old,pomc,upper
259,1.0,20.0,20.0,F656_ARC _B3_slice4-Ort.czi,old,pomc,upper
260,9.0,52.55555555555556,473.0,F656_ARC _B3_slice4-Ort.czi,old,pomc,upper
261,16.0,42.0625,673.0,F656_ARC _B3_slice4-Ort.czi,old,pomc,upper
262,29.0,46.58620689655172,1351.0,F656_ARC _B3_slice4-Ort.czi,old,pomc,upper
263,752.0,49.59441489361702,37295.0,F656_ARC _B3_slice4-Ort.czi,old,pomc,upper
264,44.0,46.04545454545455,2026.0,F656_ARC _B3_slice4-Ort.czi,old,pomc,upper
265,10.0,47.8,478.0,F656_ARC _B3_slice4-Ort.czi,old,pomc,upper
266,44.0,42.90909090909091,1888.0,F656_ARC _B3_slice4-Ort.czi,old,pomc,upper
267,35.0,35.4,1239.0,F656_ARC _B3_slice4-Ort.czi,old,pomc,upper
268,1.0,67.0,67.0,F656_ARC _B3_slice4-Ort.czi,old,pomc,upper
269,4.0,55.25,221.0,F656_ARC _B3_slice4-Ort.czi,old,pomc,upper
270,9.0,45.333333333333336,408.0,F656_ARC _B3_slice4-Ort.czi,old,pomc,upper
271,18.0,37.05555555555556,667.0,F656_ARC _B3_slice4-Ort.czi,old,pomc,upper
272,151.0,49.211920529801326,7431.0,F656_ARC _B3_slice4-Ort.czi,old,pomc,upper
273,1.0,35.0,35.0,F656_ARC _B3_slice4-Ort.czi,old,pomc,upper
274,48.0,56.916666666666664,2732.0,F656_ARC _B3_slice4-Ort.czi,old,pomc,upper
275,30.0,46.4,1392.0,F656_ARC _B3_slice4-Ort.czi,old,pomc,upper
276,7.0,52.57142857142857,368.0,F656_ARC _B3_slice4-Ort.czi,old,pomc,upper
277,23.0,45.73913043478261,1052.0,F656_ARC _B3_slice4-Ort.czi,old,pomc,upper
278,53.0,44.716981132075475,2370.0,F656_ARC _B3_slice4-Ort.czi,old,pomc,upper
279,64.0,48.171875,3083.0,F656_ARC _B3_slice4-Ort.czi,old,pomc,upper
280,49.0,50.08163265306123,2454.0,F656_ARC _B3_slice4-Ort.czi,old,pomc,upper
281,17.0,46.470588235294116,790.0,F656_ARC _B3_slice4-Ort.czi,old,pomc,upper
282,1.0,50.0,50.0,F656_ARC _B3_slice4-Ort.czi,old,pomc,upper
283,2.0,61.0,122.0,F656_ARC _B3_slice4-Ort.czi,old,pomc,upper
284,4.0,31.0,124.0,F656_ARC _B3_slice4-Ort.czi,old,pomc,upper
285,71.0,41.45070422535211,2943.0,F656_ARC _B3_slice4-Ort.czi,old,pomc,upper
286,26.0,42.26923076923077,1099.0,F656_ARC _B3_slice4-Ort.czi,old,pomc,upper
287,42.0,48.642857142857146,2043.0000000000002,F656_ARC _B3_slice4-Ort.czi,old,pomc,upper
288,17.0,49.76470588235294,846.0,F656_ARC _B3_slice4-Ort.czi,old,pomc,upper
289,81.0,51.20987654320987,4148.0,F656_ARC _B3_slice4-Ort.czi,old,pomc,upper
290,32.0,72.875,2332.0,F656_ARC _B3_slice4-Ort.czi,old,pomc,upper
291,133.0,43.32330827067669,5762.0,F656_ARC _B3_slice4-Ort.czi,old,pomc,upper
292,17.0,47.05882352941177,800.0,F656_ARC _B3_slice4-Ort.czi,old,pomc,upper
293,114.0,47.94736842105263,5466.0,F656_ARC _B3_slice4-Ort.czi,old,pomc,upper
294,6.0,50.333333333333336,302.0,F656_ARC _B3_slice4-Ort.czi,old,pomc,upper
295,64.0,45.015625,2881.0,F656_ARC _B3_slice4-Ort.czi,old,pomc,upper
296,51.0,55.568627450980394,2834.0,F656_ARC _B3_slice4-Ort.czi,old,pomc,upper
297,43.0,40.627906976744185,1747.0,F656_ARC _B3_slice4-Ort.czi,old,pomc,upper
298,30.0,56.166666666666664,1685.0,F656_ARC _B3_slice4-Ort.czi,old,pomc,upper
299,67.0,47.149253731343286,3159.0,F656_ARC _B3_slice4-Ort.czi,old,pomc,upper
300,2.0,38.5,77.0,F656_ARC _B3_slice4-Ort.czi,old,pomc,upper
301,222.0,43.93693693693694,9754.0,F656_ARC _B3_slice4-Ort.czi,old,pomc,upper
302,33.0,44.42424242424242,1466.0,F656_ARC _B3_slice4-Ort.czi,old,pomc,upper
303,25.0,38.76,969.0,F656_ARC _B3_slice4-Ort.czi,old,pomc,upper
304,52.0,60.76923076923077,3160.0,F656_ARC _B3_slice4-Ort.czi,old,pomc,upper
305,32.0,46.3125,1482.0,F656_ARC _B3_slice4-Ort.czi,old,pomc,upper
306,3381.0,45.40609287193138,153518.0,F656_ARC _B3_slice4-Ort.czi,old,pomc,upper
307,49.0,66.0,3234.0,F656_ARC _B3_slice4-Ort.czi,old,pomc,upper
308,25.0,45.24,1131.0,F656_ARC _B3_slice4-Ort.czi,old,pomc,upper
309,90.0,45.68888888888889,4112.0,F656_ARC _B3_slice4-Ort.czi,old,pomc,upper
310,121.0,46.67768595041322,5648.0,F656_ARC _B3_slice4-Ort.czi,old,pomc,upper
311,5.0,32.6,163.0,F656_ARC _B3_slice4-Ort.czi,old,pomc,upper
312,1.0,30.0,30.0,F656_ARC _B3_slice4-Ort.czi,old,pomc,upper
313,82.0,50.451219512195124,4137.0,F656_ARC _B3_slice4-Ort.czi,old,pomc,upper
314,41.0,45.1219512195122,1850.0,F656_ARC _B3_slice4-Ort.czi,old,pomc,upper
315,340.0,43.88823529411765,14922.0,F656_ARC _B3_slice4-Ort.czi,old,pomc,upper
316,19.0,49.78947368421053,946.0,F656_ARC _B3_slice4-Ort.czi,old,pomc,upper
317,20.0,56.35,1127.0,F656_ARC _B3_slice4-Ort.czi,old,pomc,upper
318,9.0,48.111111111111114,433.0,F656_ARC _B3_slice4-Ort.czi,old,pomc,upper
319,70.0,45.114285714285714,3158.0,F656_ARC _B3_slice4-Ort.czi,old,pomc,upper
320,115.0,43.03478260869565,4949.0,F656_ARC _B3_slice4-Ort.czi,old,pomc,upper
321,30.0,46.96666666666667,1409.0,F656_ARC _B3_slice4-Ort.czi,old,pomc,upper
322,115.0,44.82608695652174,5155.0,F656_ARC _B3_slice4-Ort.czi,old,pomc,upper
323,36.0,52.27777777777778,1882.0,F656_ARC _B3_slice4-Ort.czi,old,pomc,upper
324,16.0,45.875,734.0,F656_ARC _B3_slice4-Ort.czi,old,pomc,upper
325,47.0,48.57446808510638,2283.0,F656_ARC _B3_slice4-Ort.czi,old,pomc,upper
326,169.0,43.27810650887574,7314.0,F656_ARC _B3_slice4-Ort.czi,old,pomc,upper
327,26.0,47.80769230769231,1243.0,F656_ARC _B3_slice4-Ort.czi,old,pomc,upper
328,55.0,43.30909090909091,2382.0,F656_ARC _B3_slice4-Ort.czi,old,pomc,upper
329,74.0,46.04054054054054,3407.0,F656_ARC _B3_slice4-Ort.czi,old,pomc,upper
330,110.0,41.21818181818182,4534.0,F656_ARC _B3_slice4-Ort.czi,old,pomc,upper
331,62.0,47.62903225806452,2953.0,F656_ARC _B3_slice4-Ort.czi,old,pomc,upper
332,92.0,49.17391304347826,4524.0,F656_ARC _B3_slice4-Ort.czi,old,pomc,upper
333,64.0,47.140625,3017.0,F656_ARC _B3_slice4-Ort.czi,old,pomc,upper
334,33.0,51.90909090909091,1713.0,F656_ARC _B3_slice4-Ort.czi,old,pomc,upper
335,17.0,45.588235294117645,775.0,F656_ARC _B3_slice4-Ort.czi,old,pomc,upper
336,35.0,46.42857142857143,1625.0,F656_ARC _B3_slice4-Ort.czi,old,pomc,upper
337,1.0,49.0,49.0,F656_ARC _B3_slice4-Ort.czi,old,pomc,upper
338,1.0,35.0,35.0,F656_ARC _B3_slice4-Ort.czi,old,pomc,upper
339,47.0,66.12765957446808,3108.0,F656_ARC _B3_slice4-Ort.czi,old,pomc,upper
340,40.0,38.9,1556.0,F656_ARC _B3_slice4-Ort.czi,old,pomc,upper
341,61.0,46.63934426229508,2845.0,F656_ARC _B3_slice4-Ort.czi,old,pomc,upper
342,114950.0,45.634214876033056,5245653.0,F656_ARC _B3_slice4-Ort.czi,old,pomc,upper
343,20.0,50.55,1011.0,F656_ARC _B3_slice4-Ort.czi,old,pomc,upper
344,10.0,46.6,466.0,F656_ARC _B3_slice4-Ort.czi,old,pomc,upper
345,36.0,44.25,1593.0,F656_ARC _B3_slice4-Ort.czi,old,pomc,upper
346,25.0,46.12,1153.0,F656_ARC _B3_slice4-Ort.czi,old,pomc,upper
347,21.0,46.57142857142857,978.0,F656_ARC _B3_slice4-Ort.czi,old,pomc,upper
348,2.0,33.5,67.0,F656_ARC _B3_slice4-Ort.czi,old,pomc,upper
349,3.0,46.666666666666664,140.0,F656_ARC _B3_slice4-Ort.czi,old,pomc,upper
350,46.0,48.97826086956522,2253.0,F656_ARC _B3_slice4-Ort.czi,old,pomc,upper
351,41.0,58.90243902439025,2415.0,F656_ARC _B3_slice4-Ort.czi,old,pomc,upper
352,21.0,43.714285714285715,918.0,F656_ARC _B3_slice4-Ort.czi,old,pomc,upper
353,351.0,46.31054131054131,16255.0,F656_ARC _B3_slice4-Ort.czi,old,pomc,upper
354,74.0,51.63513513513514,3821.0,F656_ARC _B3_slice4-Ort.czi,old,pomc,upper
355,140.0,45.33571428571429,6347.0,F656_ARC _B3_slice4-Ort.czi,old,pomc,upper
356,32.0,46.6875,1494.0,F656_ARC _B3_slice4-Ort.czi,old,pomc,upper
357,67.0,50.492537313432834,3383.0,F656_ARC _B3_slice4-Ort.czi,old,pomc,upper
358,36.0,43.72222222222222,1574.0,F656_ARC _B3_slice4-Ort.czi,old,pomc,upper
359,7.0,43.42857142857143,304.0,F656_ARC _B3_slice4-Ort.czi,old,pomc,upper
360,28.0,48.714285714285715,1364.0,F656_ARC _B3_slice4-Ort.czi,old,pomc,upper
361,94.0,44.46808510638298,4180.0,F656_ARC _B3_slice4-Ort.czi,old,pomc,upper
362,37.0,51.16216216216216,1893.0,F656_ARC _B3_slice4-Ort.czi,old,pomc,upper
363,78.0,54.217948717948715,4229.0,F656_ARC _B3_slice4-Ort.czi,old,pomc,upper
364,116.0,46.43103448275862,5386.0,F656_ARC _B3_slice4-Ort.czi,old,pomc,upper
365,14.0,45.92857142857143,643.0,F656_ARC _B3_slice4-Ort.czi,old,pomc,upper
366,306.0,45.928104575163395,14053.999999999998,F656_ARC _B3_slice4-Ort.czi,old,pomc,upper
367,3.0,55.0,165.0,F656_ARC _B3_slice4-Ort.czi,old,pomc,upper
368,68.0,51.0735294117647,3473.0,F656_ARC _B3_slice4-Ort.czi,old,pomc,upper
369,37.0,53.945945945945944,1996.0,F656_ARC _B3_slice4-Ort.czi,old,pomc,upper
370,29.0,52.724137931034484,1529.0,F656_ARC _B3_slice4-Ort.czi,old,pomc,upper
371,48.0,51.333333333333336,2464.0,F656_ARC _B3_slice4-Ort.czi,old,pomc,upper
372,46.0,45.54347826086956,2095.0,F656_ARC _B3_slice4-Ort.czi,old,pomc,upper
373,24.0,49.916666666666664,1198.0,F656_ARC _B3_slice4-Ort.czi,old,pomc,upper
374,84.0,48.595238095238095,4082.0,F656_ARC _B3_slice4-Ort.czi,old,pomc,upper
375,89.0,54.30337078651685,4833.0,F656_ARC _B3_slice4-Ort.czi,old,pomc,upper
376,33.0,45.15151515151515,1490.0,F656_ARC _B3_slice4-Ort.czi,old,pomc,upper
377,146.0,46.73972602739726,6824.0,F656_ARC _B3_slice4-Ort.czi,old,pomc,upper
378,44.0,49.47727272727273,2177.0,F656_ARC _B3_slice4-Ort.czi,old,pomc,upper
379,22.0,36.59090909090909,805.0,F656_ARC _B3_slice4-Ort.czi,old,pomc,upper
380,1.0,28.0,28.0,F656_ARC _B3_slice4-Ort.czi,old,pomc,upper
381,108.0,47.675925925925924,5149.0,F656_ARC _B3_slice4-Ort.czi,old,pomc,upper
382,29.0,42.724137931034484,1239.0,F656_ARC _B3_slice4-Ort.czi,old,pomc,upper
383,5.0,44.8,224.0,F656_ARC _B3_slice4-Ort.czi,old,pomc,upper
384,40.0,49.8,1992.0,F656_ARC _B3_slice4-Ort.czi,old,pomc,upper
385,59.0,58.32203389830509,3441.0,F656_ARC _B3_slice4-Ort.czi,old,pomc,upper
386,52.0,46.65384615384615,2426.0,F656_ARC _B3_slice4-Ort.czi,old,pomc,upper
387,23.0,52.08695652173913,1198.0,F656_ARC _B3_slice4-Ort.czi,old,pomc,upper
388,72.0,42.06944444444444,3029.0,F656_ARC _B3_slice4-Ort.czi,old,pomc,upper
389,146.0,43.33561643835616,6327.0,F656_ARC _B3_slice4-Ort.czi,old,pomc,upper
390,85.0,47.0,3995.0,F656_ARC _B3_slice4-Ort.czi,old,pomc,upper
391,35.0,48.22857142857143,1688.0,F656_ARC _B3_slice4-Ort.czi,old,pomc,upper
392,209.0,42.97129186602871,8981.0,F656_ARC _B3_slice4-Ort.czi,old,pomc,upper
393,8.0,47.875,383.0,F656_ARC _B3_slice4-Ort.czi,old,pomc,upper
394,102.0,52.85294117647059,5391.0,F656_ARC _B3_slice4-Ort.czi,old,pomc,upper
395,23.0,59.34782608695652,1365.0,F656_ARC _B3_slice4-Ort.czi,old,pomc,upper
396,94.0,53.276595744680854,5008.0,F656_ARC _B3_slice4-Ort.czi,old,pomc,upper
397,121.0,57.18181818181818,6919.0,F656_ARC _B3_slice4-Ort.czi,old,pomc,upper
398,381.0,48.99475065616798,18667.0,F656_ARC _B3_slice4-Ort.czi,old,pomc,upper
399,98.0,48.3469387755102,4738.0,F656_ARC _B3_slice4-Ort.czi,old,pomc,upper
400,61.0,48.39344262295082,2952.0,F656_ARC _B3_slice4-Ort.czi,old,pomc,upper
401,22.0,41.22727272727273,907.0,F656_ARC _B3_slice4-Ort.czi,old,pomc,upper
402,1.0,24.0,24.0,F656_ARC _B3_slice4-Ort.czi,old,pomc,upper
403,11.0,86.27272727272727,948.9999999999999,F656_ARC _B3_slice4-Ort.czi,old,pomc,upper
404,126.0,43.12698412698413,5434.0,F656_ARC _B3_slice4-Ort.czi,old,pomc,upper
405,52.0,61.09615384615385,3177.0,F656_ARC _B3_slice4-Ort.czi,old,pomc,upper
406,68.0,43.970588235294116,2990.0,F656_ARC _B3_slice4-Ort.czi,old,pomc,upper
407,109.0,43.92660550458716,4788.0,F656_ARC _B3_slice4-Ort.czi,old,pomc,upper
408,101.0,47.08910891089109,4756.0,F656_ARC _B3_slice4-Ort.czi,old,pomc,upper
409,17.0,53.470588235294116,909.0,F656_ARC _B3_slice4-Ort.czi,old,pomc,upper
410,18.0,44.611111111111114,803.0,F656_ARC _B3_slice4-Ort.czi,old,pomc,upper
411,181.0,47.88397790055249,8667.0,F656_ARC _B3_slice4-Ort.czi,old,pomc,upper
412,16.0,58.8125,941.0,F656_ARC _B3_slice4-Ort.czi,old,pomc,upper
413,49.0,49.326530612244895,2417.0,F656_ARC _B3_slice4-Ort.czi,old,pomc,upper
414,37.0,44.08108108108108,1631.0,F656_ARC _B3_slice4-Ort.czi,old,pomc,upper
415,48.0,44.395833333333336,2131.0,F656_ARC _B3_slice4-Ort.czi,old,pomc,upper
416,706.0,44.478753541076486,31402.0,F656_ARC _B3_slice4-Ort.czi,old,pomc,upper
417,1.0,37.0,37.0,F656_ARC _B3_slice4-Ort.czi,old,pomc,upper
418,55.0,43.63636363636363,2400.0,F656_ARC _B3_slice4-Ort.czi,old,pomc,upper
419,199.0,45.84924623115578,9124.0,F656_ARC _B3_slice4-Ort.czi,old,pomc,upper
420,1.0,56.0,56.0,F656_ARC _B3_slice4-Ort.czi,old,pomc,upper
421,56.0,51.589285714285715,2889.0,F656_ARC _B3_slice4-Ort.czi,old,pomc,upper
422,67.0,47.8955223880597,3209.0,F656_ARC _B3_slice4-Ort.czi,old,pomc,upper
423,118.0,52.88135593220339,6240.0,F656_ARC _B3_slice4-Ort.czi,old,pomc,upper
424,177.0,52.2090395480226,9241.0,F656_ARC _B3_slice4-Ort.czi,old,pomc,upper
425,781.0,47.24967989756722,36902.0,F656_ARC _B3_slice4-Ort.czi,old,pomc,upper
426,35.0,57.82857142857143,2024.0,F656_ARC _B3_slice4-Ort.czi,old,pomc,upper
427,3.0,38.666666666666664,116.0,F656_ARC _B3_slice4-Ort.czi,old,pomc,upper
428,42.0,61.714285714285715,2592.0,F656_ARC _B3_slice4-Ort.czi,old,pomc,upper
429,3593.0,46.18842193153354,165955.0,F656_ARC _B3_slice4-Ort.czi,old,pomc,upper
430,44.0,47.34090909090909,2083.0,F656_ARC _B3_slice4-Ort.czi,old,pomc,upper
431,10.0,33.4,334.0,F656_ARC _B3_slice4-Ort.czi,old,pomc,upper
432,116.0,45.206896551724135,5244.0,F656_ARC _B3_slice4-Ort.czi,old,pomc,upper
433,162.0,50.46296296296296,8175.0,F656_ARC _B3_slice4-Ort.czi,old,pomc,upper
434,427.0,45.768149882903984,19543.0,F656_ARC _B3_slice4-Ort.czi,old,pomc,upper
435,29.0,50.37931034482759,1461.0,F656_ARC _B3_slice4-Ort.czi,old,pomc,upper
436,29.0,41.6551724137931,1208.0,F656_ARC _B3_slice4-Ort.czi,old,pomc,upper
437,30.0,52.333333333333336,1570.0,F656_ARC _B3_slice4-Ort.czi,old,pomc,upper
438,195.0,49.09230769230769,9573.0,F656_ARC _B3_slice4-Ort.czi,old,pomc,upper
439,44.0,52.65909090909091,2317.0,F656_ARC _B3_slice4-Ort.czi,old,pomc,upper
440,26.0,80.11538461538461,2083.0,F656_ARC _B3_slice4-Ort.czi,old,pomc,upper
441,1505.0,44.53156146179402,67020.0,F656_ARC _B3_slice4-Ort.czi,old,pomc,upper
442,44.0,50.11363636363637,2205.0,F656_ARC _B3_slice4-Ort.czi,old,pomc,upper
443,3.0,29.333333333333332,88.0,F656_ARC _B3_slice4-Ort.czi,old,pomc,upper
444,1.0,30.0,30.0,F656_ARC _B3_slice4-Ort.czi,old,pomc,upper
445,3.0,80.66666666666667,242.0,F656_ARC _B3_slice4-Ort.czi,old,pomc,upper
446,71.0,44.971830985915496,3193.0,F656_ARC _B3_slice4-Ort.czi,old,pomc,upper
447,2.0,47.5,95.0,F656_ARC _B3_slice4-Ort.czi,old,pomc,upper
448,80.0,47.05,3764.0,F656_ARC _B3_slice4-Ort.czi,old,pomc,upper
449,18.0,54.0,972.0,F656_ARC _B3_slice4-Ort.czi,old,pomc,upper
450,5.0,38.4,192.0,F656_ARC _B3_slice4-Ort.czi,old,pomc,upper
451,101.0,55.43564356435643,5599.0,F656_ARC _B3_slice4-Ort.czi,old,pomc,upper
452,51.0,45.78431372549019,2335.0,F656_ARC _B3_slice4-Ort.czi,old,pomc,upper
453,263.0,53.053231939163496,13953.0,F656_ARC _B3_slice4-Ort.czi,old,pomc,upper
454,127.0,43.99212598425197,5587.0,F656_ARC _B3_slice4-Ort.czi,old,pomc,upper
455,80.0,45.4375,3635.0,F656_ARC _B3_slice4-Ort.czi,old,pomc,upper
456,813.0,48.60393603936039,39515.0,F656_ARC _B3_slice4-Ort.czi,old,pomc,upper
457,42.0,39.904761904761905,1676.0,F656_ARC _B3_slice4-Ort.czi,old,pomc,upper
458,42.0,45.5,1911.0,F656_ARC _B3_slice4-Ort.czi,old,pomc,upper
459,741.0,51.58569500674764,38225.0,F656_ARC _B3_slice4-Ort.czi,old,pomc,upper
460,1.0,20.0,20.0,F656_ARC _B3_slice4-Ort.czi,old,pomc,upper
461,10.0,49.0,490.0,F656_ARC _B3_slice4-Ort.czi,old,pomc,upper
462,128.0,46.0859375,5899.0,F656_ARC _B3_slice4-Ort.czi,old,pomc,upper
463,129.0,57.37984496124031,7402.0,F656_ARC _B3_slice4-Ort.czi,old,pomc,upper
464,71.0,46.436619718309856,3297.0,F656_ARC _B3_slice4-Ort.czi,old,pomc,upper
465,42.0,47.285714285714285,1986.0,F656_ARC _B3_slice4-Ort.czi,old,pomc,upper
466,21.0,76.38095238095238,1604.0,F656_ARC _B3_slice4-Ort.czi,old,pomc,upper
467,29.0,44.310344827586206,1285.0,F656_ARC _B3_slice4-Ort.czi,old,pomc,upper
468,5.0,39.2,196.0,F656_ARC _B3_slice4-Ort.czi,old,pomc,upper
469,40.0,40.225,1609.0,F656_ARC _B3_slice4-Ort.czi,old,pomc,upper
470,143.0,47.35664335664335,6771.999999999999,F656_ARC _B3_slice4-Ort.czi,old,pomc,upper
471,16.0,81.375,1302.0,F656_ARC _B3_slice4-Ort.czi,old,pomc,upper
472,1928.0,46.35373443983403,89370.0,F656_ARC _B3_slice4-Ort.czi,old,pomc,upper
473,19.0,51.1578947368421,972.0,F656_ARC _B3_slice4-Ort.czi,old,pomc,upper
474,16.0,49.375,790.0,F656_ARC _B3_slice4-Ort.czi,old,pomc,upper
475,3.0,33.666666666666664,101.0,F656_ARC _B3_slice4-Ort.czi,old,pomc,upper
476,259.0,45.27413127413127,11726.0,F656_ARC _B3_slice4-Ort.czi,old,pomc,upper
477,96.0,46.385416666666664,4453.0,F656_ARC _B3_slice4-Ort.czi,old,pomc,upper
478,159.0,50.41509433962264,8016.0,F656_ARC _B3_slice4-Ort.czi,old,pomc,upper
479,50.0,60.34,3017.0,F656_ARC _B3_slice4-Ort.czi,old,pomc,upper
480,148.0,58.45945945945946,8652.0,F656_ARC _B3_slice4-Ort.czi,old,pomc,upper
481,12.0,68.16666666666667,818.0,F656_ARC _B3_slice4-Ort.czi,old,pomc,upper
482,849.0,41.822143698468786,35507.0,F656_ARC _B3_slice4-Ort.czi,old,pomc,upper
483,86.0,53.46511627906977,4598.0,F656_ARC _B3_slice4-Ort.czi,old,pomc,upper
484,47.0,51.12765957446808,2403.0,F656_ARC _B3_slice4-Ort.czi,old,pomc,upper
485,32.0,54.75,1752.0,F656_ARC _B3_slice4-Ort.czi,old,pomc,upper
486,264.0,46.97727272727273,12402.0,F656_ARC _B3_slice4-Ort.czi,old,pomc,upper
487,46.0,39.869565217391305,1834.0,F656_ARC _B3_slice4-Ort.czi,old,pomc,upper
488,52.0,46.01923076923077,2393.0,F656_ARC _B3_slice4-Ort.czi,old,pomc,upper
489,244.0,48.23360655737705,11769.0,F656_ARC _B3_slice4-Ort.czi,old,pomc,upper
490,3.0,46.333333333333336,139.0,F656_ARC _B3_slice4-Ort.czi,old,pomc,upper
491,3.0,58.0,174.0,F656_ARC _B3_slice4-Ort.czi,old,pomc,upper
492,87.0,44.4367816091954,3866.0,F656_ARC _B3_slice4-Ort.czi,old,pomc,upper
493,33.0,51.54545454545455,1701.0,F656_ARC _B3_slice4-Ort.czi,old,pomc,upper
494,5.0,47.4,237.0,F656_ARC _B3_slice4-Ort.czi,old,pomc,upper
495,1.0,50.0,50.0,F656_ARC _B3_slice4-Ort.czi,old,pomc,upper
496,42.0,55.023809523809526,2311.0,F656_ARC _B3_slice4-Ort.czi,old,pomc,upper
497,28.0,61.535714285714285,1723.0,F656_ARC _B3_slice4-Ort.czi,old,pomc,upper
498,61.0,53.0,3233.0,F656_ARC _B3_slice4-Ort.czi,old,pomc,upper
499,15.0,47.0,705.0,F656_ARC _B3_slice4-Ort.czi,old,pomc,upper
500,28.0,58.035714285714285,1625.0,F656_ARC _B3_slice4-Ort.czi,old,pomc,upper
501,92.0,53.31521739130435,4905.0,F656_ARC _B3_slice4-Ort.czi,old,pomc,upper
502,1.0,19.0,19.0,F656_ARC _B3_slice4-Ort.czi,old,pomc,upper
503,24.0,46.666666666666664,1120.0,F656_ARC _B3_slice4-Ort.czi,old,pomc,upper
504,128.0,50.390625,6450.0,F656_ARC _B3_slice4-Ort.czi,old,pomc,upper
505,24.0,42.291666666666664,1015.0,F656_ARC _B3_slice4-Ort.czi,old,pomc,upper
506,41.0,44.4390243902439,1822.0,F656_ARC _B3_slice4-Ort.czi,old,pomc,upper
507,33.0,54.84848484848485,1810.0,F656_ARC _B3_slice4-Ort.czi,old,pomc,upper
508,19.0,88.73684210526316,1686.0000000000002,F656_ARC _B3_slice4-Ort.czi,old,pomc,upper
509,22.0,51.13636363636363,1125.0,F656_ARC _B3_slice4-Ort.czi,old,pomc,upper
510,145.0,52.62758620689655,7631.0,F656_ARC _B3_slice4-Ort.czi,old,pomc,upper
511,1.0,10.0,10.0,F656_ARC _B3_slice4-Ort.czi,old,pomc,upper
512,104.0,52.40384615384615,5450.0,F656_ARC _B3_slice4-Ort.czi,old,pomc,upper
513,2.0,48.0,96.0,F656_ARC _B3_slice4-Ort.czi,old,pomc,upper
514,39.0,41.53846153846154,1620.0,F656_ARC _B3_slice4-Ort.czi,old,pomc,upper
515,24.0,53.416666666666664,1282.0,F656_ARC _B3_slice4-Ort.czi,old,pomc,upper
516,99.0,46.23232323232323,4577.0,F656_ARC _B3_slice4-Ort.czi,old,pomc,upper
517,5.0,51.0,255.0,F656_ARC _B3_slice4-Ort.czi,old,pomc,upper
518,53.0,48.660377358490564,2579.0,F656_ARC _B3_slice4-Ort.czi,old,pomc,upper
519,38.0,44.39473684210526,1687.0,F656_ARC _B3_slice4-Ort.czi,old,pomc,upper
520,37.0,48.027027027027025,1777.0,F656_ARC _B3_slice4-Ort.czi,old,pomc,upper
521,71.0,46.54929577464789,3305.0,F656_ARC _B3_slice4-Ort.czi,old,pomc,upper
522,14.0,58.285714285714285,816.0,F656_ARC _B3_slice4-Ort.czi,old,pomc,upper
523,186.0,46.40860215053763,8632.0,F656_ARC _B3_slice4-Ort.czi,old,pomc,upper
524,67.0,50.61194029850746,3391.0,F656_ARC _B3_slice4-Ort.czi,old,pomc,upper
525,1.0,45.0,45.0,F656_ARC _B3_slice4-Ort.czi,old,pomc,upper
526,13.0,47.69230769230769,620.0,F656_ARC _B3_slice4-Ort.czi,old,pomc,upper
527,10.0,54.5,545.0,F656_ARC _B3_slice4-Ort.czi,old,pomc,upper
528,38.0,47.86842105263158,1819.0000000000002,F656_ARC _B3_slice4-Ort.czi,old,pomc,upper
529,16.0,44.8125,717.0,F656_ARC _B3_slice4-Ort.czi,old,pomc,upper
530,22.0,45.45454545454545,1000.0,F656_ARC _B3_slice4-Ort.czi,old,pomc,upper
531,1.0,28.0,28.0,F656_ARC _B3_slice4-Ort.czi,old,pomc,upper
532,21.0,49.714285714285715,1044.0,F656_ARC _B3_slice4-Ort.czi,old,pomc,upper
533,134.0,51.47761194029851,6898.0,F656_ARC _B3_slice4-Ort.czi,old,pomc,upper
534,2.0,58.0,116.0,F656_ARC _B3_slice4-Ort.czi,old,pomc,upper
535,112.0,49.55357142857143,5550.0,F656_ARC _B3_slice4-Ort.czi,old,pomc,upper
536,15.0,55.6,834.0,F656_ARC _B3_slice4-Ort.czi,old,pomc,upper
537,98.0,46.714285714285715,4578.0,F656_ARC _B3_slice4-Ort.czi,old,pomc,upper
538,10.0,44.6,446.0,F656_ARC _B3_slice4-Ort.czi,old,pomc,upper
539,4.0,48.75,195.0,F656_ARC _B3_slice4-Ort.czi,old,pomc,upper
540,123.0,45.6910569105691,5620.0,F656_ARC _B3_slice4-Ort.czi,old,pomc,upper
541,9053.0,46.1914282558268,418171.0,F656_ARC _B3_slice4-Ort.czi,old,pomc,upper
542,4143.0,46.51049963794352,192693.0,F656_ARC _B3_slice4-Ort.czi,old,pomc,upper
543,24.0,54.083333333333336,1298.0,F656_ARC _B3_slice4-Ort.czi,old,pomc,upper
544,411.0,48.65693430656934,19998.0,F656_ARC _B3_slice4-Ort.czi,old,pomc,upper
545,151.0,51.152317880794705,7724.0,F656_ARC _B3_slice4-Ort.czi,old,pomc,upper
546,1.0,36.0,36.0,F656_ARC _B3_slice4-Ort.czi,old,pomc,upper
547,9.0,49.333333333333336,444.0,F656_ARC _B3_slice4-Ort.czi,old,pomc,upper
548,3.0,65.33333333333333,196.0,F656_ARC _B3_slice4-Ort.czi,old,pomc,upper
549,42.0,42.76190476190476,1796.0,F656_ARC _B3_slice4-Ort.czi,old,pomc,upper
550,21.0,52.142857142857146,1095.0,F656_ARC _B3_slice4-Ort.czi,old,pomc,upper
551,57.0,47.43859649122807,2704.0,F656_ARC _B3_slice4-Ort.czi,old,pomc,upper
552,9.0,43.77777777777778,394.0,F656_ARC _B3_slice4-Ort.czi,old,pomc,upper
553,33.0,56.0,1848.0,F656_ARC _B3_slice4-Ort.czi,old,pomc,upper
554,38.0,51.94736842105263,1974.0,F656_ARC _B3_slice4-Ort.czi,old,pomc,upper
555,69.0,42.17391304347826,2910.0,F656_ARC _B3_slice4-Ort.czi,old,pomc,upper
556,96.0,49.09375,4713.0,F656_ARC _B3_slice4-Ort.czi,old,pomc,upper
557,22.0,55.63636363636363,1224.0,F656_ARC _B3_slice4-Ort.czi,old,pomc,upper
558,2050.0,48.63707317073171,99706.0,F656_ARC _B3_slice4-Ort.czi,old,pomc,upper
559,6.0,98.5,591.0,F656_ARC _B3_slice4-Ort.czi,old,pomc,upper
560,16.0,38.375,614.0,F656_ARC _B3_slice4-Ort.czi,old,pomc,upper
561,22.0,46.72727272727273,1028.0,F656_ARC _B3_slice4-Ort.czi,old,pomc,upper
562,42.0,48.023809523809526,2017.0,F656_ARC _B3_slice4-Ort.czi,old,pomc,upper
563,6.0,72.16666666666667,433.0,F656_ARC _B3_slice4-Ort.czi,old,pomc,upper
564,1.0,23.0,23.0,F656_ARC _B3_slice4-Ort.czi,old,pomc,upper
565,21.0,45.04761904761905,946.0000000000001,F656_ARC _B3_slice4-Ort.czi,old,pomc,upper
566,30.0,57.666666666666664,1730.0,F656_ARC _B3_slice4-Ort.czi,old,pomc,upper
567,48.0,50.25,2412.0,F656_ARC _B3_slice4-Ort.czi,old,pomc,upper
568,258.0,51.51550387596899,13291.0,F656_ARC _B3_slice4-Ort.czi,old,pomc,upper
569,91.0,45.1978021978022,4113.0,F656_ARC _B3_slice4-Ort.czi,old,pomc,upper
570,18.0,55.77777777777778,1004.0,F656_ARC _B3_slice4-Ort.czi,old,pomc,upper
571,205.0,51.62439024390244,10583.0,F656_ARC _B3_slice4-Ort.czi,old,pomc,upper
572,544.0,46.3327205882353,25205.0,F656_ARC _B3_slice4-Ort.czi,old,pomc,upper
573,35.0,44.91428571428571,1572.0,F656_ARC _B3_slice4-Ort.czi,old,pomc,upper
574,35.0,48.4,1694.0,F656_ARC _B3_slice4-Ort.czi,old,pomc,upper
575,318.0,48.179245283018865,15321.0,F656_ARC _B3_slice4-Ort.czi,old,pomc,upper
576,35.0,49.8,1743.0,F656_ARC _B3_slice4-Ort.czi,old,pomc,upper
577,6.0,49.0,294.0,F656_ARC _B3_slice4-Ort.czi,old,pomc,upper
578,180.0,58.71666666666667,10569.0,F656_ARC _B3_slice4-Ort.czi,old,pomc,upper
579,35.0,46.82857142857143,1639.0,F656_ARC _B3_slice4-Ort.czi,old,pomc,upper
580,149.0,53.12751677852349,7916.0,F656_ARC _B3_slice4-Ort.czi,old,pomc,upper
581,382.0,45.73298429319372,17470.0,F656_ARC _B3_slice4-Ort.czi,old,pomc,upper
582,16.0,45.125,722.0,F656_ARC _B3_slice4-Ort.czi,old,pomc,upper
583,9.0,38.77777777777778,349.0,F656_ARC _B3_slice4-Ort.czi,old,pomc,upper
584,6.0,39.166666666666664,235.0,F656_ARC _B3_slice4-Ort.czi,old,pomc,upper
585,68.0,51.39705882352941,3495.0,F656_ARC _B3_slice4-Ort.czi,old,pomc,upper
586,38.0,47.473684210526315,1804.0,F656_ARC _B3_slice4-Ort.czi,old,pomc,upper
587,6.0,45.5,273.0,F656_ARC _B3_slice4-Ort.czi,old,pomc,upper
588,57.0,48.719298245614034,2777.0,F656_ARC _B3_slice4-Ort.czi,old,pomc,upper
1,19.0,35.473684210526315,674.0,B465_ARC _C3_slice6-Ort.czi,old,pomc,upper
2,10.0,33.1,331.0,B465_ARC _C3_slice6-Ort.czi,old,pomc,upper
3,8.0,35.875,287.0,B465_ARC _C3_slice6-Ort.czi,old,pomc,upper
4,354.0,30.296610169491526,10725.0,B465_ARC _C3_slice6-Ort.czi,old,pomc,upper
5,10.0,35.3,353.0,B465_ARC _C3_slice6-Ort.czi,old,pomc,upper
6,1.0,46.0,46.0,B465_ARC _C3_slice6-Ort.czi,old,pomc,upper
7,8.0,30.0,240.0,B465_ARC _C3_slice6-Ort.czi,old,pomc,upper
8,23.0,45.95652173913044,1057.0,B465_ARC _C3_slice6-Ort.czi,old,pomc,upper
9,9787.0,32.24093184837029,315542.0,B465_ARC _C3_slice6-Ort.czi,old,pomc,upper
10,1.0,18.0,18.0,B465_ARC _C3_slice6-Ort.czi,old,pomc,upper
11,1.0,16.0,16.0,B465_ARC _C3_slice6-Ort.czi,old,pomc,upper
12,6.0,31.666666666666668,190.0,B465_ARC _C3_slice6-Ort.czi,old,pomc,upper
13,37.0,55.91891891891892,2069.0,B465_ARC _C3_slice6-Ort.czi,old,pomc,upper
14,5.0,28.2,141.0,B465_ARC _C3_slice6-Ort.czi,old,pomc,upper
15,1.0,29.0,29.0,B465_ARC _C3_slice6-Ort.czi,old,pomc,upper
16,9.0,39.77777777777778,358.0,B465_ARC _C3_slice6-Ort.czi,old,pomc,upper
17,1.0,13.0,13.0,B465_ARC _C3_slice6-Ort.czi,old,pomc,upper
18,20.0,34.15,683.0,B465_ARC _C3_slice6-Ort.czi,old,pomc,upper
19,22.0,41.45454545454545,912.0,B465_ARC _C3_slice6-Ort.czi,old,pomc,upper
20,43.0,42.95348837209303,1847.0000000000002,B465_ARC _C3_slice6-Ort.czi,old,pomc,upper
21,2.0,43.5,87.0,B465_ARC _C3_slice6-Ort.czi,old,pomc,upper
22,13.0,39.30769230769231,511.0,B465_ARC _C3_slice6-Ort.czi,old,pomc,upper
23,4.0,29.5,118.0,B465_ARC _C3_slice6-Ort.czi,old,pomc,upper
24,988.0,30.339068825910932,29975.0,B465_ARC _C3_slice6-Ort.czi,old,pomc,upper
25,9.0,37.55555555555556,338.0,B465_ARC _C3_slice6-Ort.czi,old,pomc,upper
26,961.0,33.7627471383975,32445.999999999996,B465_ARC _C3_slice6-Ort.czi,old,pomc,upper
27,7.0,42.857142857142854,300.0,B465_ARC _C3_slice6-Ort.czi,old,pomc,upper
28,6.0,46.5,279.0,B465_ARC _C3_slice6-Ort.czi,old,pomc,upper
29,9.0,33.22222222222222,299.0,B465_ARC _C3_slice6-Ort.czi,old,pomc,upper
30,72.0,39.291666666666664,2829.0,B465_ARC _C3_slice6-Ort.czi,old,pomc,upper
31,1430.0,32.726573426573424,46798.99999999999,B465_ARC _C3_slice6-Ort.czi,old,pomc,upper
32,296.0,33.62162162162162,9952.0,B465_ARC _C3_slice6-Ort.czi,old,pomc,upper
33,66.0,30.181818181818183,1992.0,B465_ARC _C3_slice6-Ort.czi,old,pomc,upper
34,3.0,24.666666666666668,74.0,B465_ARC _C3_slice6-Ort.czi,old,pomc,upper
35,11.0,32.27272727272727,355.0,B465_ARC _C3_slice6-Ort.czi,old,pomc,upper
36,1.0,22.0,22.0,B465_ARC _C3_slice6-Ort.czi,old,pomc,upper
37,66.0,35.621212121212125,2351.0,B465_ARC _C3_slice6-Ort.czi,old,pomc,upper
38,23.0,38.47826086956522,885.0,B465_ARC _C3_slice6-Ort.czi,old,pomc,upper
39,21.0,32.333333333333336,679.0,B465_ARC _C3_slice6-Ort.czi,old,pomc,upper
40,1.0,39.0,39.0,B465_ARC _C3_slice6-Ort.czi,old,pomc,upper
41,12.0,79.16666666666667,950.0,B465_ARC _C3_slice6-Ort.czi,old,pomc,upper
42,67.0,32.88059701492537,2203.0,B465_ARC _C3_slice6-Ort.czi,old,pomc,upper
43,4.0,31.0,124.0,B465_ARC _C3_slice6-Ort.czi,old,pomc,upper
44,11.0,42.72727272727273,470.0,B465_ARC _C3_slice6-Ort.czi,old,pomc,upper
45,7.0,31.142857142857142,218.0,B465_ARC _C3_slice6-Ort.czi,old,pomc,upper
46,11.0,38.45454545454545,423.0,B465_ARC _C3_slice6-Ort.czi,old,pomc,upper
47,52.0,34.36538461538461,1787.0,B465_ARC _C3_slice6-Ort.czi,old,pomc,upper
48,259.0,31.664092664092664,8201.0,B465_ARC _C3_slice6-Ort.czi,old,pomc,upper
49,3.0,37.333333333333336,112.0,B465_ARC _C3_slice6-Ort.czi,old,pomc,upper
50,16.0,43.0625,689.0,B465_ARC _C3_slice6-Ort.czi,old,pomc,upper
51,55.0,34.89090909090909,1919.0,B465_ARC _C3_slice6-Ort.czi,old,pomc,upper
52,4.0,55.0,220.0,B465_ARC _C3_slice6-Ort.czi,old,pomc,upper
53,20.0,38.4,768.0,B465_ARC _C3_slice6-Ort.czi,old,pomc,upper
54,24.0,48.625,1167.0,B465_ARC _C3_slice6-Ort.czi,old,pomc,upper
55,28.0,36.392857142857146,1019.0000000000001,B465_ARC _C3_slice6-Ort.czi,old,pomc,upper
56,141.0,29.836879432624112,4207.0,B465_ARC _C3_slice6-Ort.czi,old,pomc,upper
57,4.0,53.25,213.0,B465_ARC _C3_slice6-Ort.czi,old,pomc,upper
58,1.0,20.0,20.0,B465_ARC _C3_slice6-Ort.czi,old,pomc,upper
59,16.0,37.5,600.0,B465_ARC _C3_slice6-Ort.czi,old,pomc,upper
60,13.0,31.0,403.0,B465_ARC _C3_slice6-Ort.czi,old,pomc,upper
61,16.0,37.6875,603.0,B465_ARC _C3_slice6-Ort.czi,old,pomc,upper
62,11.0,47.45454545454545,522.0,B465_ARC _C3_slice6-Ort.czi,old,pomc,upper
63,4.0,83.0,332.0,B465_ARC _C3_slice6-Ort.czi,old,pomc,upper
64,1.0,19.0,19.0,B465_ARC _C3_slice6-Ort.czi,old,pomc,upper
65,1.0,29.0,29.0,B465_ARC _C3_slice6-Ort.czi,old,pomc,upper
66,28.0,42.0,1176.0,B465_ARC _C3_slice6-Ort.czi,old,pomc,upper
67,16.0,46.4375,743.0,B465_ARC _C3_slice6-Ort.czi,old,pomc,upper
68,26.0,37.80769230769231,983.0,B465_ARC _C3_slice6-Ort.czi,old,pomc,upper
69,225.0,32.87555555555556,7397.0,B465_ARC _C3_slice6-Ort.czi,old,pomc,upper
70,34.0,45.61764705882353,1551.0,B465_ARC _C3_slice6-Ort.czi,old,pomc,upper
71,21.0,35.80952380952381,752.0,B465_ARC _C3_slice6-Ort.czi,old,pomc,upper
72,20.0,37.75,755.0,B465_ARC _C3_slice6-Ort.czi,old,pomc,upper
73,31.0,36.516129032258064,1132.0,B465_ARC _C3_slice6-Ort.czi,old,pomc,upper
74,18.0,37.72222222222222,679.0,B465_ARC _C3_slice6-Ort.czi,old,pomc,upper
75,54.0,26.537037037037038,1433.0,B465_ARC _C3_slice6-Ort.czi,old,pomc,upper
76,1.0,18.0,18.0,B465_ARC _C3_slice6-Ort.czi,old,pomc,upper
77,21.0,35.61904761904762,748.0,B465_ARC _C3_slice6-Ort.czi,old,pomc,upper
78,18.0,30.0,540.0,B465_ARC _C3_slice6-Ort.czi,old,pomc,upper
79,3.0,28.666666666666668,86.0,B465_ARC _C3_slice6-Ort.czi,old,pomc,upper
80,16.0,29.5625,473.0,B465_ARC _C3_slice6-Ort.czi,old,pomc,upper
81,15.0,34.93333333333333,524.0,B465_ARC _C3_slice6-Ort.czi,old,pomc,upper
82,30.0,40.166666666666664,1205.0,B465_ARC _C3_slice6-Ort.czi,old,pomc,upper
83,17.0,26.352941176470587,448.0,B465_ARC _C3_slice6-Ort.czi,old,pomc,upper
84,31.0,44.58064516129032,1382.0,B465_ARC _C3_slice6-Ort.czi,old,pomc,upper
85,11.0,50.0,550.0,B465_ARC _C3_slice6-Ort.czi,old,pomc,upper
86,10.0,42.7,427.0,B465_ARC _C3_slice6-Ort.czi,old,pomc,upper
87,13.0,29.692307692307693,386.0,B465_ARC _C3_slice6-Ort.czi,old,pomc,upper
88,7.0,38.857142857142854,272.0,B465_ARC _C3_slice6-Ort.czi,old,pomc,upper
89,8.0,32.625,261.0,B465_ARC _C3_slice6-Ort.czi,old,pomc,upper
90,21.0,40.142857142857146,843.0000000000001,B465_ARC _C3_slice6-Ort.czi,old,pomc,upper
91,11.0,64.0,704.0,B465_ARC _C3_slice6-Ort.czi,old,pomc,upper
92,9.0,31.666666666666668,285.0,B465_ARC _C3_slice6-Ort.czi,old,pomc,upper
93,2.0,34.0,68.0,B465_ARC _C3_slice6-Ort.czi,old,pomc,upper
94,4.0,26.5,106.0,B465_ARC _C3_slice6-Ort.czi,old,pomc,upper
95,8.0,40.75,326.0,B465_ARC _C3_slice6-Ort.czi,old,pomc,upper
96,1.0,18.0,18.0,B465_ARC _C3_slice6-Ort.czi,old,pomc,upper
97,1.0,30.0,30.0,B465_ARC _C3_slice6-Ort.czi,old,pomc,upper
98,19.0,38.8421052631579,738.0,B465_ARC _C3_slice6-Ort.czi,old,pomc,upper
99,11.0,47.27272727272727,520.0,B465_ARC _C3_slice6-Ort.czi,old,pomc,upper
100,339.0,29.244837758112094,9914.0,B465_ARC _C3_slice6-Ort.czi,old,pomc,upper
101,21.0,67.19047619047619,1411.0,B465_ARC _C3_slice6-Ort.czi,old,pomc,upper
102,12.0,41.25,495.0,B465_ARC _C3_slice6-Ort.czi,old,pomc,upper
103,21.0,34.19047619047619,718.0,B465_ARC _C3_slice6-Ort.czi,old,pomc,upper
104,23.0,36.0,828.0,B465_ARC _C3_slice6-Ort.czi,old,pomc,upper
105,25.0,47.24,1181.0,B465_ARC _C3_slice6-Ort.czi,old,pomc,upper
106,9.0,27.77777777777778,250.0,B465_ARC _C3_slice6-Ort.czi,old,pomc,upper
107,4369.0,43.83405813687342,191511.0,B465_ARC _C3_slice6-Ort.czi,old,pomc,upper
108,7.0,31.142857142857142,218.0,B465_ARC _C3_slice6-Ort.czi,old,pomc,upper
109,103.0,37.62135922330097,3875.0,B465_ARC _C3_slice6-Ort.czi,old,pomc,upper
110,6.0,32.166666666666664,193.0,B465_ARC _C3_slice6-Ort.czi,old,pomc,upper
111,12.0,26.0,312.0,B465_ARC _C3_slice6-Ort.czi,old,pomc,upper
112,22.0,34.0,748.0,B465_ARC _C3_slice6-Ort.czi,old,pomc,upper
113,23.0,33.43478260869565,768.9999999999999,B465_ARC _C3_slice6-Ort.czi,old,pomc,upper
114,1.0,48.0,48.0,B465_ARC _C3_slice6-Ort.czi,old,pomc,upper
115,2.0,25.5,51.0,B465_ARC _C3_slice6-Ort.czi,old,pomc,upper
116,1.0,42.0,42.0,B465_ARC _C3_slice6-Ort.czi,old,pomc,upper
117,11.0,39.54545454545455,435.0,B465_ARC _C3_slice6-Ort.czi,old,pomc,upper
118,7.0,36.714285714285715,257.0,B465_ARC _C3_slice6-Ort.czi,old,pomc,upper
119,43.0,32.95348837209303,1417.0000000000002,B465_ARC _C3_slice6-Ort.czi,old,pomc,upper
120,1.0,42.0,42.0,B465_ARC _C3_slice6-Ort.czi,old,pomc,upper
121,4.0,32.5,130.0,B465_ARC _C3_slice6-Ort.czi,old,pomc,upper
122,102.0,28.34313725490196,2891.0,B465_ARC _C3_slice6-Ort.czi,old,pomc,upper
123,14.0,30.571428571428573,428.0,B465_ARC _C3_slice6-Ort.czi,old,pomc,upper
124,1.0,28.0,28.0,B465_ARC _C3_slice6-Ort.czi,old,pomc,upper
125,6.0,41.666666666666664,250.0,B465_ARC _C3_slice6-Ort.czi,old,pomc,upper
126,16.0,33.875,542.0,B465_ARC _C3_slice6-Ort.czi,old,pomc,upper
127,3.0,24.666666666666668,74.0,B465_ARC _C3_slice6-Ort.czi,old,pomc,upper
128,27.0,42.111111111111114,1137.0,B465_ARC _C3_slice6-Ort.czi,old,pomc,upper
129,7.0,45.42857142857143,318.0,B465_ARC _C3_slice6-Ort.czi,old,pomc,upper
130,106.0,31.90566037735849,3382.0,B465_ARC _C3_slice6-Ort.czi,old,pomc,upper
131,12.0,35.666666666666664,428.0,B465_ARC _C3_slice6-Ort.czi,old,pomc,upper
132,12.0,40.083333333333336,481.0,B465_ARC _C3_slice6-Ort.czi,old,pomc,upper
133,13.0,38.53846153846154,501.0,B465_ARC _C3_slice6-Ort.czi,old,pomc,upper
134,15.0,30.266666666666666,454.0,B465_ARC _C3_slice6-Ort.czi,old,pomc,upper
135,12.0,41.583333333333336,499.0,B465_ARC _C3_slice6-Ort.czi,old,pomc,upper
136,35.0,33.457142857142856,1171.0,B465_ARC _C3_slice6-Ort.czi,old,pomc,upper
137,40.0,33.275,1331.0,B465_ARC _C3_slice6-Ort.czi,old,pomc,upper
138,2.0,39.5,79.0,B465_ARC _C3_slice6-Ort.czi,old,pomc,upper
139,20.0,34.65,693.0,B465_ARC _C3_slice6-Ort.czi,old,pomc,upper
140,2.0,34.5,69.0,B465_ARC _C3_slice6-Ort.czi,old,pomc,upper
141,50.0,35.68,1784.0,B465_ARC _C3_slice6-Ort.czi,old,pomc,upper
142,15.0,35.4,531.0,B465_ARC _C3_slice6-Ort.czi,old,pomc,upper
143,11.0,49.72727272727273,547.0,B465_ARC _C3_slice6-Ort.czi,old,pomc,upper
144,2.0,61.5,123.0,B465_ARC _C3_slice6-Ort.czi,old,pomc,upper
145,58.0,30.517241379310345,1770.0,B465_ARC _C3_slice6-Ort.czi,old,pomc,upper
146,82.0,33.890243902439025,2779.0,B465_ARC _C3_slice6-Ort.czi,old,pomc,upper
147,67.0,41.791044776119406,2800.0,B465_ARC _C3_slice6-Ort.czi,old,pomc,upper
148,2.0,28.0,56.0,B465_ARC _C3_slice6-Ort.czi,old,pomc,upper
149,1.0,34.0,34.0,B465_ARC _C3_slice6-Ort.czi,old,pomc,upper
150,14.0,37.07142857142857,519.0,B465_ARC _C3_slice6-Ort.czi,old,pomc,upper
151,45.0,29.955555555555556,1348.0,B465_ARC _C3_slice6-Ort.czi,old,pomc,upper
152,1.0,35.0,35.0,B465_ARC _C3_slice6-Ort.czi,old,pomc,upper
153,10245.0,36.363396778916545,372543.0,B465_ARC _C3_slice6-Ort.czi,old,pomc,upper
154,13962.0,37.02821945280046,516988.0,B465_ARC _C3_slice6-Ort.czi,old,pomc,upper
155,15.0,36.8,552.0,B465_ARC _C3_slice6-Ort.czi,old,pomc,upper
156,7.0,30.0,210.0,B465_ARC _C3_slice6-Ort.czi,old,pomc,upper
157,20.0,37.1,742.0,B465_ARC _C3_slice6-Ort.czi,old,pomc,upper
158,1459.0,37.682659355723096,54979.0,B465_ARC _C3_slice6-Ort.czi,old,pomc,upper
159,4.0,31.5,126.0,B465_ARC _C3_slice6-Ort.czi,old,pomc,upper
160,11.0,41.09090909090909,452.0,B465_ARC _C3_slice6-Ort.czi,old,pomc,upper
161,6.0,34.0,204.0,B465_ARC _C3_slice6-Ort.czi,old,pomc,upper
162,2.0,54.5,109.0,B465_ARC _C3_slice6-Ort.czi,old,pomc,upper
163,4660.0,41.527682403433474,193519.0,B465_ARC _C3_slice6-Ort.czi,old,pomc,upper
164,60.0,31.116666666666667,1867.0,B465_ARC _C3_slice6-Ort.czi,old,pomc,upper
165,14229.0,40.74263827394757,579727.0,B465_ARC _C3_slice6-Ort.czi,old,pomc,upper
166,4279.0,42.00747838279972,179750.0,B465_ARC _C3_slice6-Ort.czi,old,pomc,upper
167,4813.0,41.44649906503221,199482.0,B465_ARC _C3_slice6-Ort.czi,old,pomc,upper
168,4756.0,40.298780487804876,191661.0,B465_ARC _C3_slice6-Ort.czi,old,pomc,upper
169,6.0,34.166666666666664,205.0,B465_ARC _C3_slice6-Ort.czi,old,pomc,upper
170,19.0,37.8421052631579,719.0,B465_ARC _C3_slice6-Ort.czi,old,pomc,upper
171,20.0,49.85,997.0,B465_ARC _C3_slice6-Ort.czi,old,pomc,upper
172,4.0,22.75,91.0,B465_ARC _C3_slice6-Ort.czi,old,pomc,upper
173,5.0,47.2,236.0,B465_ARC _C3_slice6-Ort.czi,old,pomc,upper
174,1082.0,37.122920517560075,40167.0,B465_ARC _C3_slice6-Ort.czi,old,pomc,upper
175,22.0,32.36363636363637,712.0000000000001,B465_ARC _C3_slice6-Ort.czi,old,pomc,upper
176,27.0,33.7037037037037,910.0,B465_ARC _C3_slice6-Ort.czi,old,pomc,upper
177,12.0,35.666666666666664,428.0,B465_ARC _C3_slice6-Ort.czi,old,pomc,upper
178,34.0,35.73529411764706,1215.0,B465_ARC _C3_slice6-Ort.czi,old,pomc,upper
179,23.0,47.78260869565217,1099.0,B465_ARC _C3_slice6-Ort.czi,old,pomc,upper
180,56.0,27.839285714285715,1559.0,B465_ARC _C3_slice6-Ort.czi,old,pomc,upper
181,18.0,33.611111111111114,605.0,B465_ARC _C3_slice6-Ort.czi,old,pomc,upper
182,8.0,35.75,286.0,B465_ARC _C3_slice6-Ort.czi,old,pomc,upper
183,263.0,34.136882129277566,8978.0,B465_ARC _C3_slice6-Ort.czi,old,pomc,upper
184,28.0,44.5,1246.0,B465_ARC _C3_slice6-Ort.czi,old,pomc,upper
185,15.0,28.6,429.0,B465_ARC _C3_slice6-Ort.czi,old,pomc,upper
186,6.0,51.666666666666664,310.0,B465_ARC _C3_slice6-Ort.czi,old,pomc,upper
187,5.0,38.0,190.0,B465_ARC _C3_slice6-Ort.czi,old,pomc,upper
188,21.0,36.857142857142854,773.9999999999999,B465_ARC _C3_slice6-Ort.czi,old,pomc,upper
189,94.0,33.308510638297875,3131.0000000000005,B465_ARC _C3_slice6-Ort.czi,old,pomc,upper
190,67.0,32.059701492537314,2148.0,B465_ARC _C3_slice6-Ort.czi,old,pomc,upper
191,53.0,31.0,1643.0,B465_ARC _C3_slice6-Ort.czi,old,pomc,upper
192,56.0,29.857142857142858,1672.0,B465_ARC _C3_slice6-Ort.czi,old,pomc,upper
193,24.0,28.583333333333332,686.0,B465_ARC _C3_slice6-Ort.czi,old,pomc,upper
194,15.0,38.333333333333336,575.0,B465_ARC _C3_slice6-Ort.czi,old,pomc,upper
195,62.0,38.774193548387096,2404.0,B465_ARC _C3_slice6-Ort.czi,old,pomc,upper
196,3.0,28.0,84.0,B465_ARC _C3_slice6-Ort.czi,old,pomc,upper
197,4.0,26.25,105.0,B465_ARC _C3_slice6-Ort.czi,old,pomc,upper
198,13.0,29.153846153846153,379.0,B465_ARC _C3_slice6-Ort.czi,old,pomc,upper
199,8.0,24.75,198.0,B465_ARC _C3_slice6-Ort.czi,old,pomc,upper
200,1.0,36.0,36.0,B465_ARC _C3_slice6-Ort.czi,old,pomc,upper
201,12.0,28.666666666666668,344.0,B465_ARC _C3_slice6-Ort.czi,old,pomc,upper
202,82.0,29.085365853658537,2385.0,B465_ARC _C3_slice6-Ort.czi,old,pomc,upper
203,14.0,42.142857142857146,590.0,B465_ARC _C3_slice6-Ort.czi,old,pomc,upper
204,2.0,39.0,78.0,B465_ARC _C3_slice6-Ort.czi,old,pomc,upper
205,15.0,33.2,498.00000000000006,B465_ARC _C3_slice6-Ort.czi,old,pomc,upper
206,68.0,28.25,1921.0,B465_ARC _C3_slice6-Ort.czi,old,pomc,upper
207,27.0,33.407407407407405,901.9999999999999,B465_ARC _C3_slice6-Ort.czi,old,pomc,upper
208,1.0,27.0,27.0,B465_ARC _C3_slice6-Ort.czi,old,pomc,upper
209,14.0,48.42857142857143,678.0,B465_ARC _C3_slice6-Ort.czi,old,pomc,upper
210,6.0,84.33333333333333,506.0,B465_ARC _C3_slice6-Ort.czi,old,pomc,upper
211,65.0,40.52307692307692,2634.0,B465_ARC _C3_slice6-Ort.czi,old,pomc,upper
212,32.0,36.46875,1167.0,B465_ARC _C3_slice6-Ort.czi,old,pomc,upper
213,20.0,40.45,809.0,B465_ARC _C3_slice6-Ort.czi,old,pomc,upper
214,99.0,35.464646464646464,3511.0,B465_ARC _C3_slice6-Ort.czi,old,pomc,upper
215,1.0,15.0,15.0,B465_ARC _C3_slice6-Ort.czi,old,pomc,upper
216,8.0,32.875,263.0,B465_ARC _C3_slice6-Ort.czi,old,pomc,upper
217,1.0,7.0,7.0,B465_ARC _C3_slice6-Ort.czi,old,pomc,upper
218,1.0,13.0,13.0,B465_ARC _C3_slice6-Ort.czi,old,pomc,upper
219,55.0,35.54545454545455,1955.0,B465_ARC _C3_slice6-Ort.czi,old,pomc,upper
220,20.0,27.75,555.0,B465_ARC _C3_slice6-Ort.czi,old,pomc,upper
221,8.0,30.5,244.0,B465_ARC _C3_slice6-Ort.czi,old,pomc,upper
222,31.0,30.903225806451612,958.0,B465_ARC _C3_slice6-Ort.czi,old,pomc,upper
223,7.0,30.142857142857142,211.0,B465_ARC _C3_slice6-Ort.czi,old,pomc,upper
224,177.0,36.69491525423729,6495.0,B465_ARC _C3_slice6-Ort.czi,old,pomc,upper
225,11.0,39.90909090909091,439.0,B465_ARC _C3_slice6-Ort.czi,old,pomc,upper
226,101.0,30.297029702970296,3060.0,B465_ARC _C3_slice6-Ort.czi,old,pomc,upper
227,31.0,35.87096774193548,1112.0,B465_ARC _C3_slice6-Ort.czi,old,pomc,upper
228,16.0,34.375,550.0,B465_ARC _C3_slice6-Ort.czi,old,pomc,upper
229,8.0,36.625,293.0,B465_ARC _C3_slice6-Ort.czi,old,pomc,upper
230,3.0,31.666666666666668,95.0,B465_ARC _C3_slice6-Ort.czi,old,pomc,upper
231,70.0,39.4,2758.0,B465_ARC _C3_slice6-Ort.czi,old,pomc,upper
232,3.0,23.666666666666668,71.0,B465_ARC _C3_slice6-Ort.czi,old,pomc,upper
233,12.0,41.25,495.0,B465_ARC _C3_slice6-Ort.czi,old,pomc,upper
234,105.0,35.67619047619048,3746.0,B465_ARC _C3_slice6-Ort.czi,old,pomc,upper
235,2.0,46.0,92.0,B465_ARC _C3_slice6-Ort.czi,old,pomc,upper
236,24.0,30.583333333333332,734.0,B465_ARC _C3_slice6-Ort.czi,old,pomc,upper
237,10.0,27.1,271.0,B465_ARC _C3_slice6-Ort.czi,old,pomc,upper
238,15.0,34.6,519.0,B465_ARC _C3_slice6-Ort.czi,old,pomc,upper
239,44.0,35.25,1551.0,B465_ARC _C3_slice6-Ort.czi,old,pomc,upper
240,9.0,27.666666666666668,249.0,B465_ARC _C3_slice6-Ort.czi,old,pomc,upper
241,18.0,43.55555555555556,784.0,B465_ARC _C3_slice6-Ort.czi,old,pomc,upper
242,17.0,29.647058823529413,504.0,B465_ARC _C3_slice6-Ort.czi,old,pomc,upper
243,20.0,41.1,822.0,B465_ARC _C3_slice6-Ort.czi,old,pomc,upper
244,15.0,29.533333333333335,443.0,B465_ARC _C3_slice6-Ort.czi,old,pomc,upper
245,29.0,27.93103448275862,810.0,B465_ARC _C3_slice6-Ort.czi,old,pomc,upper
246,28.0,27.964285714285715,783.0,B465_ARC _C3_slice6-Ort.czi,old,pomc,upper
247,65.0,34.784615384615385,2261.0,B465_ARC _C3_slice6-Ort.czi,old,pomc,upper
248,34.0,34.8235294117647,1184.0,B465_ARC _C3_slice6-Ort.czi,old,pomc,upper
249,4.0,26.0,104.0,B465_ARC _C3_slice6-Ort.czi,old,pomc,upper
250,2.0,28.0,56.0,B465_ARC _C3_slice6-Ort.czi,old,pomc,upper
251,1.0,16.0,16.0,B465_ARC _C3_slice6-Ort.czi,old,pomc,upper
252,7.0,29.857142857142858,209.0,B465_ARC _C3_slice6-Ort.czi,old,pomc,upper
253,23.0,27.52173913043478,633.0,B465_ARC _C3_slice6-Ort.czi,old,pomc,upper
254,154.0,34.8051948051948,5359.999999999999,B465_ARC _C3_slice6-Ort.czi,old,pomc,upper
255,2.0,38.0,76.0,B465_ARC _C3_slice6-Ort.czi,old,pomc,upper
256,26.0,41.57692307692308,1081.0,B465_ARC _C3_slice6-Ort.czi,old,pomc,upper
257,19.0,33.21052631578947,631.0,B465_ARC _C3_slice6-Ort.czi,old,pomc,upper
258,11.0,34.45454545454545,379.0,B465_ARC _C3_slice6-Ort.czi,old,pomc,upper
259,20.0,41.0,820.0,B465_ARC _C3_slice6-Ort.czi,old,pomc,upper
260,54.0,31.666666666666668,1710.0,B465_ARC _C3_slice6-Ort.czi,old,pomc,upper
261,3.0,41.0,123.0,B465_ARC _C3_slice6-Ort.czi,old,pomc,upper
262,28.0,62.107142857142854,1739.0,B465_ARC _C3_slice6-Ort.czi,old,pomc,upper
263,112.0,31.392857142857142,3516.0,B465_ARC _C3_slice6-Ort.czi,old,pomc,upper
264,48.0,30.604166666666668,1469.0,B465_ARC _C3_slice6-Ort.czi,old,pomc,upper
265,1.0,63.0,63.0,B465_ARC _C3_slice6-Ort.czi,old,pomc,upper
266,55.0,38.236363636363635,2103.0,B465_ARC _C3_slice6-Ort.czi,old,pomc,upper
267,17.0,35.294117647058826,600.0,B465_ARC _C3_slice6-Ort.czi,old,pomc,upper
268,27.0,36.629629629629626,988.9999999999999,B465_ARC _C3_slice6-Ort.czi,old,pomc,upper
269,11.0,42.09090909090909,463.0,B465_ARC _C3_slice6-Ort.czi,old,pomc,upper
270,37.0,35.21621621621622,1303.0,B465_ARC _C3_slice6-Ort.czi,old,pomc,upper
271,29.0,34.310344827586206,995.0,B465_ARC _C3_slice6-Ort.czi,old,pomc,upper
272,38.0,34.1578947368421,1298.0,B465_ARC _C3_slice6-Ort.czi,old,pomc,upper
273,52.0,31.057692307692307,1615.0,B465_ARC _C3_slice6-Ort.czi,old,pomc,upper
274,16.0,38.625,618.0,B465_ARC _C3_slice6-Ort.czi,old,pomc,upper
275,149.0,30.19463087248322,4499.0,B465_ARC _C3_slice6-Ort.czi,old,pomc,upper
276,36.0,29.805555555555557,1073.0,B465_ARC _C3_slice6-Ort.czi,old,pomc,upper
277,6.0,38.666666666666664,232.0,B465_ARC _C3_slice6-Ort.czi,old,pomc,upper
278,20.0,37.15,743.0,B465_ARC _C3_slice6-Ort.czi,old,pomc,upper
279,19.0,34.63157894736842,657.9999999999999,B465_ARC _C3_slice6-Ort.czi,old,pomc,upper
280,10.0,34.4,344.0,B465_ARC _C3_slice6-Ort.czi,old,pomc,upper
281,2.0,34.0,68.0,B465_ARC _C3_slice6-Ort.czi,old,pomc,upper
282,10.0,31.7,317.0,B465_ARC _C3_slice6-Ort.czi,old,pomc,upper
283,1.0,36.0,36.0,B465_ARC _C3_slice6-Ort.czi,old,pomc,upper
284,9.0,32.44444444444444,292.0,B465_ARC _C3_slice6-Ort.czi,old,pomc,upper
285,7.0,33.142857142857146,232.00000000000003,B465_ARC _C3_slice6-Ort.czi,old,pomc,upper
286,2.0,25.0,50.0,B465_ARC _C3_slice6-Ort.czi,old,pomc,upper
287,1.0,19.0,19.0,B465_ARC _C3_slice6-Ort.czi,old,pomc,upper
288,65.0,39.46153846153846,2565.0,B465_ARC _C3_slice6-Ort.czi,old,pomc,upper
289,3.0,27.0,81.0,B465_ARC _C3_slice6-Ort.czi,old,pomc,upper
290,135.0,34.25185185185185,4624.0,B465_ARC _C3_slice6-Ort.czi,old,pomc,upper
291,34.0,27.5,935.0,B465_ARC _C3_slice6-Ort.czi,old,pomc,upper
292,69.0,34.26086956521739,2364.0,B465_ARC _C3_slice6-Ort.czi,old,pomc,upper
293,37.0,46.027027027027025,1703.0,B465_ARC _C3_slice6-Ort.czi,old,pomc,upper
294,73.0,39.97260273972603,2918.0,B465_ARC _C3_slice6-Ort.czi,old,pomc,upper
295,23.0,52.04347826086956,1197.0,B465_ARC _C3_slice6-Ort.czi,old,pomc,upper
296,106.0,35.45283018867924,3758.0,B465_ARC _C3_slice6-Ort.czi,old,pomc,upper
297,25.0,48.76,1219.0,B465_ARC _C3_slice6-Ort.czi,old,pomc,upper
298,34.0,31.647058823529413,1076.0,B465_ARC _C3_slice6-Ort.czi,old,pomc,upper
299,53.0,34.905660377358494,1850.0000000000002,B465_ARC _C3_slice6-Ort.czi,old,pomc,upper
300,47.0,32.829787234042556,1543.0,B465_ARC _C3_slice6-Ort.czi,old,pomc,upper
301,63.0,33.95238095238095,2139.0,B465_ARC _C3_slice6-Ort.czi,old,pomc,upper
302,16.0,37.4375,599.0,B465_ARC _C3_slice6-Ort.czi,old,pomc,upper
303,6.0,56.166666666666664,337.0,B465_ARC _C3_slice6-Ort.czi,old,pomc,upper
304,78.0,35.01282051282051,2731.0,B465_ARC _C3_slice6-Ort.czi,old,pomc,upper
305,12.0,30.75,369.0,B465_ARC _C3_slice6-Ort.czi,old,pomc,upper
306,9.0,31.77777777777778,286.0,B465_ARC _C3_slice6-Ort.czi,old,pomc,upper
307,45.0,34.84444444444444,1567.9999999999998,B465_ARC _C3_slice6-Ort.czi,old,pomc,upper
308,117.0,37.05982905982906,4336.0,B465_ARC _C3_slice6-Ort.czi,old,pomc,upper
309,31.0,33.83870967741935,1049.0,B465_ARC _C3_slice6-Ort.czi,old,pomc,upper
310,29.0,52.96551724137931,1536.0,B465_ARC _C3_slice6-Ort.czi,old,pomc,upper
311,45.0,31.644444444444446,1424.0,B465_ARC _C3_slice6-Ort.czi,old,pomc,upper
312,8.0,30.125,241.0,B465_ARC _C3_slice6-Ort.czi,old,pomc,upper
313,41.0,46.36585365853659,1901.0,B465_ARC _C3_slice6-Ort.czi,old,pomc,upper
314,20.0,32.85,657.0,B465_ARC _C3_slice6-Ort.czi,old,pomc,upper
315,10.0,40.3,403.0,B465_ARC _C3_slice6-Ort.czi,old,pomc,upper
316,17.0,44.705882352941174,760.0,B465_ARC _C3_slice6-Ort.czi,old,pomc,upper
317,14.0,28.928571428571427,405.0,B465_ARC _C3_slice6-Ort.czi,old,pomc,upper
318,330.0,32.981818181818184,10884.0,B465_ARC _C3_slice6-Ort.czi,old,pomc,upper
319,16.0,32.75,524.0,B465_ARC _C3_slice6-Ort.czi,old,pomc,upper
320,43.0,35.25581395348837,1516.0,B465_ARC _C3_slice6-Ort.czi,old,pomc,upper
321,1.0,22.0,22.0,B465_ARC _C3_slice6-Ort.czi,old,pomc,upper
322,1.0,17.0,17.0,B465_ARC _C3_slice6-Ort.czi,old,pomc,upper
323,80.0,37.1125,2969.0,B465_ARC _C3_slice6-Ort.czi,old,pomc,upper
324,54.0,31.11111111111111,1680.0,B465_ARC _C3_slice6-Ort.czi,old,pomc,upper
325,1.0,22.0,22.0,B465_ARC _C3_slice6-Ort.czi,old,pomc,upper
326,4.0,24.75,99.0,B465_ARC _C3_slice6-Ort.czi,old,pomc,upper
327,1.0,32.0,32.0,B465_ARC _C3_slice6-Ort.czi,old,pomc,upper
328,86.0,40.2093023255814,3458.0,B465_ARC _C3_slice6-Ort.czi,old,pomc,upper
329,53.0,36.22641509433962,1920.0,B465_ARC _C3_slice6-Ort.czi,old,pomc,upper
330,24.0,31.75,762.0,B465_ARC _C3_slice6-Ort.czi,old,pomc,upper
331,42.0,32.785714285714285,1377.0,B465_ARC _C3_slice6-Ort.czi,old,pomc,upper
332,24.0,28.208333333333332,677.0,B465_ARC _C3_slice6-Ort.czi,old,pomc,upper
333,65.0,32.784615384615385,2131.0,B465_ARC _C3_slice6-Ort.czi,old,pomc,upper
334,17.0,92.23529411764706,1568.0,B465_ARC _C3_slice6-Ort.czi,old,pomc,upper
335,2.0,21.0,42.0,B465_ARC _C3_slice6-Ort.czi,old,pomc,upper
336,3.0,23.333333333333332,70.0,B465_ARC _C3_slice6-Ort.czi,old,pomc,upper
337,65.0,31.907692307692308,2074.0,B465_ARC _C3_slice6-Ort.czi,old,pomc,upper
338,22.0,32.77272727272727,721.0,B465_ARC _C3_slice6-Ort.czi,old,pomc,upper
339,38.0,33.026315789473685,1255.0,B465_ARC _C3_slice6-Ort.czi,old,pomc,upper
340,17.0,39.35294117647059,669.0,B465_ARC _C3_slice6-Ort.czi,old,pomc,upper
341,13.0,39.30769230769231,511.0,B465_ARC _C3_slice6-Ort.czi,old,pomc,upper
342,81.0,40.358024691358025,3269.0,B465_ARC _C3_slice6-Ort.czi,old,pomc,upper
343,61.0,27.950819672131146,1705.0,B465_ARC _C3_slice6-Ort.czi,old,pomc,upper
344,28.0,33.785714285714285,946.0,B465_ARC _C3_slice6-Ort.czi,old,pomc,upper
345,85.0,26.36470588235294,2241.0,B465_ARC _C3_slice6-Ort.czi,old,pomc,upper
346,76.0,32.76315789473684,2490.0,B465_ARC _C3_slice6-Ort.czi,old,pomc,upper
347,13.0,31.76923076923077,413.0,B465_ARC _C3_slice6-Ort.czi,old,pomc,upper
348,13.0,41.61538461538461,541.0,B465_ARC _C3_slice6-Ort.czi,old,pomc,upper
349,1.0,23.0,23.0,B465_ARC _C3_slice6-Ort.czi,old,pomc,upper
350,10.0,32.7,327.0,B465_ARC _C3_slice6-Ort.czi,old,pomc,upper
351,103.0,31.388349514563107,3233.0,B465_ARC _C3_slice6-Ort.czi,old,pomc,upper
352,9.0,22.555555555555557,203.0,B465_ARC _C3_slice6-Ort.czi,old,pomc,upper
353,1.0,85.0,85.0,B465_ARC _C3_slice6-Ort.czi,old,pomc,upper
354,146.0,44.15068493150685,6446.0,B465_ARC _C3_slice6-Ort.czi,old,pomc,upper
355,14.0,35.42857142857143,496.0,B465_ARC _C3_slice6-Ort.czi,old,pomc,upper
356,76.0,33.64473684210526,2557.0,B465_ARC _C3_slice6-Ort.czi,old,pomc,upper
357,54.0,37.55555555555556,2028.0,B465_ARC _C3_slice6-Ort.czi,old,pomc,upper
358,67.0,36.656716417910445,2456.0,B465_ARC _C3_slice6-Ort.czi,old,pomc,upper
359,35.0,35.91428571428571,1257.0,B465_ARC _C3_slice6-Ort.czi,old,pomc,upper
360,79.0,36.9873417721519,2922.0,B465_ARC _C3_slice6-Ort.czi,old,pomc,upper
361,5.0,30.8,154.0,B465_ARC _C3_slice6-Ort.czi,old,pomc,upper
362,254.0,31.393700787401574,7974.0,B465_ARC _C3_slice6-Ort.czi,old,pomc,upper
363,66.0,35.81818181818182,2364.0,B465_ARC _C3_slice6-Ort.czi,old,pomc,upper
364,26.0,32.88461538461539,855.0,B465_ARC _C3_slice6-Ort.czi,old,pomc,upper
365,23.0,31.47826086956522,724.0,B465_ARC _C3_slice6-Ort.czi,old,pomc,upper
366,40.0,32.375,1295.0,B465_ARC _C3_slice6-Ort.czi,old,pomc,upper
367,102.0,35.5,3621.0,B465_ARC _C3_slice6-Ort.czi,old,pomc,upper
368,18.0,44.666666666666664,804.0,B465_ARC _C3_slice6-Ort.czi,old,pomc,upper
369,12.0,25.166666666666668,302.0,B465_ARC _C3_slice6-Ort.czi,old,pomc,upper
370,45.0,28.11111111111111,1265.0,B465_ARC _C3_slice6-Ort.czi,old,pomc,upper
371,3.0,26.666666666666668,80.0,B465_ARC _C3_slice6-Ort.czi,old,pomc,upper
372,27.0,27.62962962962963,746.0,B465_ARC _C3_slice6-Ort.czi,old,pomc,upper
373,33.0,28.727272727272727,948.0,B465_ARC _C3_slice6-Ort.czi,old,pomc,upper
374,160.0,34.15,5464.0,B465_ARC _C3_slice6-Ort.czi,old,pomc,upper
375,31.0,37.354838709677416,1158.0,B465_ARC _C3_slice6-Ort.czi,old,pomc,upper
376,43.0,31.906976744186046,1372.0,B465_ARC _C3_slice6-Ort.czi,old,pomc,upper
377,52.0,47.96153846153846,2494.0,B465_ARC _C3_slice6-Ort.czi,old,pomc,upper
378,8.0,32.875,263.0,B465_ARC _C3_slice6-Ort.czi,old,pomc,upper
379,11.0,37.36363636363637,411.00000000000006,B465_ARC _C3_slice6-Ort.czi,old,pomc,upper
380,103.0,30.50485436893204,3142.0,B465_ARC _C3_slice6-Ort.czi,old,pomc,upper
381,13.0,29.23076923076923,380.0,B465_ARC _C3_slice6-Ort.czi,old,pomc,upper
382,27.0,34.22222222222222,924.0,B465_ARC _C3_slice6-Ort.czi,old,pomc,upper
383,26.0,39.69230769230769,1032.0,B465_ARC _C3_slice6-Ort.czi,old,pomc,upper
384,60.0,40.4,2424.0,B465_ARC _C3_slice6-Ort.czi,old,pomc,upper
385,31.0,29.096774193548388,902.0,B465_ARC _C3_slice6-Ort.czi,old,pomc,upper
386,11.0,35.72727272727273,393.0,B465_ARC _C3_slice6-Ort.czi,old,pomc,upper
387,21.0,30.19047619047619,634.0,B465_ARC _C3_slice6-Ort.czi,old,pomc,upper
388,40.0,29.425,1177.0,B465_ARC _C3_slice6-Ort.czi,old,pomc,upper
389,13.0,43.46153846153846,565.0,B465_ARC _C3_slice6-Ort.czi,old,pomc,upper
390,49.0,32.12244897959184,1574.0,B465_ARC _C3_slice6-Ort.czi,old,pomc,upper
391,11.0,36.63636363636363,402.99999999999994,B465_ARC _C3_slice6-Ort.czi,old,pomc,upper
392,18.0,35.0,630.0,B465_ARC _C3_slice6-Ort.czi,old,pomc,upper
393,22.0,41.77272727272727,919.0,B465_ARC _C3_slice6-Ort.czi,old,pomc,upper
394,19.0,30.105263157894736,572.0,B465_ARC _C3_slice6-Ort.czi,old,pomc,upper
395,23.0,31.73913043478261,730.0,B465_ARC _C3_slice6-Ort.czi,old,pomc,upper
396,7.0,36.0,252.0,B465_ARC _C3_slice6-Ort.czi,old,pomc,upper
397,5.0,36.2,181.0,B465_ARC _C3_slice6-Ort.czi,old,pomc,upper
398,7.0,29.857142857142858,209.0,B465_ARC _C3_slice6-Ort.czi,old,pomc,upper
399,2.0,43.0,86.0,B465_ARC _C3_slice6-Ort.czi,old,pomc,upper
400,16.0,31.8125,509.0,B465_ARC _C3_slice6-Ort.czi,old,pomc,upper
401,46.0,46.26086956521739,2128.0,B465_ARC _C3_slice6-Ort.czi,old,pomc,upper
402,1.0,15.0,15.0,B465_ARC _C3_slice6-Ort.czi,old,pomc,upper
403,4.0,31.0,124.0,B465_ARC _C3_slice6-Ort.czi,old,pomc,upper
404,97.0,33.24742268041237,3225.0,B465_ARC _C3_slice6-Ort.czi,old,pomc,upper
405,107.0,31.439252336448597,3364.0,B465_ARC _C3_slice6-Ort.czi,old,pomc,upper
406,38.0,41.55263157894737,1579.0,B465_ARC _C3_slice6-Ort.czi,old,pomc,upper
407,2.0,30.0,60.0,B465_ARC _C3_slice6-Ort.czi,old,pomc,upper
408,24.0,36.958333333333336,887.0,B465_ARC _C3_slice6-Ort.czi,old,pomc,upper
409,10.0,40.1,401.0,B465_ARC _C3_slice6-Ort.czi,old,pomc,upper
410,19.0,47.26315789473684,898.0,B465_ARC _C3_slice6-Ort.czi,old,pomc,upper
411,34.0,39.1764705882353,1332.0,B465_ARC _C3_slice6-Ort.czi,old,pomc,upper
412,1.0,37.0,37.0,B465_ARC _C3_slice6-Ort.czi,old,pomc,upper
413,7.0,39.57142857142857,277.0,B465_ARC _C3_slice6-Ort.czi,old,pomc,upper
414,58.0,32.5,1885.0,B465_ARC _C3_slice6-Ort.czi,old,pomc,upper
415,129.0,35.968992248062015,4640.0,B465_ARC _C3_slice6-Ort.czi,old,pomc,upper
416,53.0,31.79245283018868,1685.0,B465_ARC _C3_slice6-Ort.czi,old,pomc,upper
417,10.0,33.8,338.0,B465_ARC _C3_slice6-Ort.czi,old,pomc,upper
418,28.0,34.07142857142857,954.0,B465_ARC _C3_slice6-Ort.czi,old,pomc,upper
419,7.0,31.285714285714285,219.0,B465_ARC _C3_slice6-Ort.czi,old,pomc,upper
420,122.0,32.69672131147541,3988.9999999999995,B465_ARC _C3_slice6-Ort.czi,old,pomc,upper
421,60.0,31.966666666666665,1918.0,B465_ARC _C3_slice6-Ort.czi,old,pomc,upper
422,1.0,13.0,13.0,B465_ARC _C3_slice6-Ort.czi,old,pomc,upper
423,26.0,37.80769230769231,983.0,B465_ARC _C3_slice6-Ort.czi,old,pomc,upper
424,28.0,37.464285714285715,1049.0,B465_ARC _C3_slice6-Ort.czi,old,pomc,upper
425,13.0,29.76923076923077,387.0,B465_ARC _C3_slice6-Ort.czi,old,pomc,upper
426,25.0,38.08,952.0,B465_ARC _C3_slice6-Ort.czi,old,pomc,upper
427,18.0,33.72222222222222,607.0,B465_ARC _C3_slice6-Ort.czi,old,pomc,upper
428,94.0,31.585106382978722,2969.0,B465_ARC _C3_slice6-Ort.czi,old,pomc,upper
429,89.0,36.449438202247194,3244.0000000000005,B465_ARC _C3_slice6-Ort.czi,old,pomc,upper
430,11.0,35.45454545454545,390.0,B465_ARC _C3_slice6-Ort.czi,old,pomc,upper
431,7.0,39.857142857142854,279.0,B465_ARC _C3_slice6-Ort.czi,old,pomc,upper
432,58.0,33.827586206896555,1962.0000000000002,B465_ARC _C3_slice6-Ort.czi,old,pomc,upper
433,2.0,28.5,57.0,B465_ARC _C3_slice6-Ort.czi,old,pomc,upper
434,91.0,30.615384615384617,2786.0,B465_ARC _C3_slice6-Ort.czi,old,pomc,upper
435,1.0,13.0,13.0,B465_ARC _C3_slice6-Ort.czi,old,pomc,upper
436,3.0,29.666666666666668,89.0,B465_ARC _C3_slice6-Ort.czi,old,pomc,upper
437,4.0,36.5,146.0,B465_ARC _C3_slice6-Ort.czi,old,pomc,upper
438,23.0,32.52173913043478,748.0,B465_ARC _C3_slice6-Ort.czi,old,pomc,upper
439,4.0,39.25,157.0,B465_ARC _C3_slice6-Ort.czi,old,pomc,upper
440,103.0,32.77669902912621,3376.0,B465_ARC _C3_slice6-Ort.czi,old,pomc,upper
441,3.0,45.666666666666664,137.0,B465_ARC _C3_slice6-Ort.czi,old,pomc,upper
442,29.0,41.51724137931034,1204.0,B465_ARC _C3_slice6-Ort.czi,old,pomc,upper
443,6.0,42.666666666666664,256.0,B465_ARC _C3_slice6-Ort.czi,old,pomc,upper
444,17.0,32.0,544.0,B465_ARC _C3_slice6-Ort.czi,old,pomc,upper
445,9.0,32.111111111111114,289.0,B465_ARC _C3_slice6-Ort.czi,old,pomc,upper
446,17.0,30.352941176470587,516.0,B465_ARC _C3_slice6-Ort.czi,old,pomc,upper
447,37.0,35.513513513513516,1314.0,B465_ARC _C3_slice6-Ort.czi,old,pomc,upper
448,16.0,34.1875,547.0,B465_ARC _C3_slice6-Ort.czi,old,pomc,upper
449,15.0,47.06666666666667,706.0,B465_ARC _C3_slice6-Ort.czi,old,pomc,upper
450,26.0,36.03846153846154,937.0,B465_ARC _C3_slice6-Ort.czi,old,pomc,upper
451,41.0,28.29268292682927,1160.0,B465_ARC _C3_slice6-Ort.czi,old,pomc,upper
452,13.0,36.30769230769231,472.0,B465_ARC _C3_slice6-Ort.czi,old,pomc,upper
453,77.0,36.36363636363637,2800.0000000000005,B465_ARC _C3_slice6-Ort.czi,old,pomc,upper
454,108.0,30.175925925925927,3259.0,B465_ARC _C3_slice6-Ort.czi,old,pomc,upper
455,30.0,36.9,1107.0,B465_ARC _C3_slice6-Ort.czi,old,pomc,upper
456,3.0,31.666666666666668,95.0,B465_ARC _C3_slice6-Ort.czi,old,pomc,upper
457,33.0,35.42424242424242,1169.0,B465_ARC _C3_slice6-Ort.czi,old,pomc,upper
458,71.0,32.29577464788732,2292.9999999999995,B465_ARC _C3_slice6-Ort.czi,old,pomc,upper
459,41.0,35.31707317073171,1448.0000000000002,B465_ARC _C3_slice6-Ort.czi,old,pomc,upper
460,5.0,33.8,169.0,B465_ARC _C3_slice6-Ort.czi,old,pomc,upper
461,57.0,34.29824561403509,1955.0,B465_ARC _C3_slice6-Ort.czi,old,pomc,upper
462,21.0,26.19047619047619,550.0,B465_ARC _C3_slice6-Ort.czi,old,pomc,upper
463,68.0,41.01470588235294,2789.0,B465_ARC _C3_slice6-Ort.czi,old,pomc,upper
464,31.0,32.87096774193548,1018.9999999999999,B465_ARC _C3_slice6-Ort.czi,old,pomc,upper
465,38.0,30.92105263157895,1175.0,B465_ARC _C3_slice6-Ort.czi,old,pomc,upper
466,14.0,54.142857142857146,758.0,B465_ARC _C3_slice6-Ort.czi,old,pomc,upper
467,30.0,43.766666666666666,1313.0,B465_ARC _C3_slice6-Ort.czi,old,pomc,upper
468,83.0,31.542168674698797,2618.0,B465_ARC _C3_slice6-Ort.czi,old,pomc,upper
469,1.0,31.0,31.0,B465_ARC _C3_slice6-Ort.czi,old,pomc,upper
470,37.0,31.56756756756757,1168.0,B465_ARC _C3_slice6-Ort.czi,old,pomc,upper
471,91.0,35.53846153846154,3234.0,B465_ARC _C3_slice6-Ort.czi,old,pomc,upper
472,141.0,31.5531914893617,4449.0,B465_ARC _C3_slice6-Ort.czi,old,pomc,upper
473,109.0,32.74311926605505,3569.0,B465_ARC _C3_slice6-Ort.czi,old,pomc,upper
474,36.0,29.694444444444443,1069.0,B465_ARC _C3_slice6-Ort.czi,old,pomc,upper
475,36.0,28.72222222222222,1034.0,B465_ARC _C3_slice6-Ort.czi,old,pomc,upper
476,36.0,37.916666666666664,1365.0,B465_ARC _C3_slice6-Ort.czi,old,pomc,upper
477,107.0,29.72897196261682,3181.0,B465_ARC _C3_slice6-Ort.czi,old,pomc,upper
478,7.0,29.857142857142858,209.0,B465_ARC _C3_slice6-Ort.czi,old,pomc,upper
479,43.0,36.53488372093023,1571.0,B465_ARC _C3_slice6-Ort.czi,old,pomc,upper
480,7.0,64.0,448.0,B465_ARC _C3_slice6-Ort.czi,old,pomc,upper
481,120.0,33.225,3987.0,B465_ARC _C3_slice6-Ort.czi,old,pomc,upper
482,1.0,30.0,30.0,B465_ARC _C3_slice6-Ort.czi,old,pomc,upper
483,32.0,35.1875,1126.0,B465_ARC _C3_slice6-Ort.czi,old,pomc,upper
484,105.0,31.35238095238095,3292.0,B465_ARC _C3_slice6-Ort.czi,old,pomc,upper
485,192.0,30.5,5856.0,B465_ARC _C3_slice6-Ort.czi,old,pomc,upper
486,55.0,36.163636363636364,1989.0,B465_ARC _C3_slice6-Ort.czi,old,pomc,upper
487,63.0,35.55555555555556,2240.0,B465_ARC _C3_slice6-Ort.czi,old,pomc,upper
488,6.0,35.5,213.0,B465_ARC _C3_slice6-Ort.czi,old,pomc,upper
489,36.0,41.05555555555556,1478.0,B465_ARC _C3_slice6-Ort.czi,old,pomc,upper
490,54.0,33.81481481481482,1826.0,B465_ARC _C3_slice6-Ort.czi,old,pomc,upper
491,12.0,46.75,561.0,B465_ARC _C3_slice6-Ort.czi,old,pomc,upper
492,39.0,30.025641025641026,1171.0,B465_ARC _C3_slice6-Ort.czi,old,pomc,upper
493,39.0,27.641025641025642,1078.0,B465_ARC _C3_slice6-Ort.czi,old,pomc,upper
494,55.0,39.90909090909091,2195.0,B465_ARC _C3_slice6-Ort.czi,old,pomc,upper
495,12.0,36.583333333333336,439.0,B465_ARC _C3_slice6-Ort.czi,old,pomc,upper
496,33.0,34.75757575757576,1147.0,B465_ARC _C3_slice6-Ort.czi,old,pomc,upper
497,11.0,30.454545454545453,335.0,B465_ARC _C3_slice6-Ort.czi,old,pomc,upper
498,118.0,32.0,3776.0,B465_ARC _C3_slice6-Ort.czi,old,pomc,upper
499,18.0,37.388888888888886,673.0,B465_ARC _C3_slice6-Ort.czi,old,pomc,upper
500,26.0,39.07692307692308,1016.0000000000001,B465_ARC _C3_slice6-Ort.czi,old,pomc,upper
501,28.0,33.464285714285715,937.0,B465_ARC _C3_slice6-Ort.czi,old,pomc,upper
502,1.0,33.0,33.0,B465_ARC _C3_slice6-Ort.czi,old,pomc,upper
503,8.0,28.5,228.0,B465_ARC _C3_slice6-Ort.czi,old,pomc,upper
504,25.0,35.72,893.0,B465_ARC _C3_slice6-Ort.czi,old,pomc,upper
505,2.0,34.5,69.0,B465_ARC _C3_slice6-Ort.czi,old,pomc,upper
506,135.0,30.925925925925927,4175.0,B465_ARC _C3_slice6-Ort.czi,old,pomc,upper
507,412.0,29.03640776699029,11963.0,B465_ARC _C3_slice6-Ort.czi,old,pomc,upper
508,2.0,26.5,53.0,B465_ARC _C3_slice6-Ort.czi,old,pomc,upper
509,61.0,35.26229508196721,2151.0,B465_ARC _C3_slice6-Ort.czi,old,pomc,upper
510,22.0,36.77272727272727,809.0,B465_ARC _C3_slice6-Ort.czi,old,pomc,upper
511,33.0,33.515151515151516,1106.0,B465_ARC _C3_slice6-Ort.czi,old,pomc,upper
512,27.0,31.74074074074074,857.0,B465_ARC _C3_slice6-Ort.czi,old,pomc,upper
513,35.0,34.714285714285715,1215.0,B465_ARC _C3_slice6-Ort.czi,old,pomc,upper
514,34.0,38.411764705882355,1306.0,B465_ARC _C3_slice6-Ort.czi,old,pomc,upper
515,19.0,40.78947368421053,775.0,B465_ARC _C3_slice6-Ort.czi,old,pomc,upper
516,49.0,36.42857142857143,1785.0,B465_ARC _C3_slice6-Ort.czi,old,pomc,upper
517,1.0,10.0,10.0,B465_ARC _C3_slice6-Ort.czi,old,pomc,upper
518,18.0,32.388888888888886,583.0,B465_ARC _C3_slice6-Ort.czi,old,pomc,upper
519,5.0,27.0,135.0,B465_ARC _C3_slice6-Ort.czi,old,pomc,upper
520,15.0,44.06666666666667,661.0,B465_ARC _C3_slice6-Ort.czi,old,pomc,upper
521,7.0,34.142857142857146,239.00000000000003,B465_ARC _C3_slice6-Ort.czi,old,pomc,upper
522,38.0,40.81578947368421,1551.0,B465_ARC _C3_slice6-Ort.czi,old,pomc,upper
523,1.0,50.0,50.0,B465_ARC _C3_slice6-Ort.czi,old,pomc,upper
524,7.0,21.142857142857142,148.0,B465_ARC _C3_slice6-Ort.czi,old,pomc,upper
525,73.0,37.3013698630137,2723.0,B465_ARC _C3_slice6-Ort.czi,old,pomc,upper
526,23.0,33.47826086956522,770.0,B465_ARC _C3_slice6-Ort.czi,old,pomc,upper
527,56.0,33.910714285714285,1899.0,B465_ARC _C3_slice6-Ort.czi,old,pomc,upper
528,33.0,33.06060606060606,1091.0,B465_ARC _C3_slice6-Ort.czi,old,pomc,upper
529,129.0,29.333333333333332,3784.0,B465_ARC _C3_slice6-Ort.czi,old,pomc,upper
530,60.0,30.316666666666666,1819.0,B465_ARC _C3_slice6-Ort.czi,old,pomc,upper
531,11.0,52.09090909090909,573.0,B465_ARC _C3_slice6-Ort.czi,old,pomc,upper
532,119.0,30.3781512605042,3615.0,B465_ARC _C3_slice6-Ort.czi,old,pomc,upper
533,73.0,36.19178082191781,2642.0,B465_ARC _C3_slice6-Ort.czi,old,pomc,upper
534,106.0,33.905660377358494,3594.0000000000005,B465_ARC _C3_slice6-Ort.czi,old,pomc,upper
535,25.0,39.76,994.0,B465_ARC _C3_slice6-Ort.czi,old,pomc,upper
536,40.0,38.0,1520.0,B465_ARC _C3_slice6-Ort.czi,old,pomc,upper
537,7.0,41.142857142857146,288.0,B465_ARC _C3_slice6-Ort.czi,old,pomc,upper
538,121.0,31.305785123966942,3788.0,B465_ARC _C3_slice6-Ort.czi,old,pomc,upper
539,15.0,36.2,543.0,B465_ARC _C3_slice6-Ort.czi,old,pomc,upper
540,30.0,29.5,885.0,B465_ARC _C3_slice6-Ort.czi,old,pomc,upper
541,34.0,36.8235294117647,1252.0,B465_ARC _C3_slice6-Ort.czi,old,pomc,upper
542,102.0,28.941176470588236,2952.0,B465_ARC _C3_slice6-Ort.czi,old,pomc,upper
543,9.0,47.888888888888886,431.0,B465_ARC _C3_slice6-Ort.czi,old,pomc,upper
544,3.0,82.66666666666667,248.0,B465_ARC _C3_slice6-Ort.czi,old,pomc,upper
545,29.0,32.6551724137931,947.0,B465_ARC _C3_slice6-Ort.czi,old,pomc,upper
546,85.0,32.09411764705882,2728.0,B465_ARC _C3_slice6-Ort.czi,old,pomc,upper
547,4.0,29.75,119.0,B465_ARC _C3_slice6-Ort.czi,old,pomc,upper
548,17.0,23.764705882352942,404.0,B465_ARC _C3_slice6-Ort.czi,old,pomc,upper
549,21.0,28.523809523809526,599.0,B465_ARC _C3_slice6-Ort.czi,old,pomc,upper
550,5.0,27.6,138.0,B465_ARC _C3_slice6-Ort.czi,old,pomc,upper
551,78.0,28.94871794871795,2258.0,B465_ARC _C3_slice6-Ort.czi,old,pomc,upper
552,76.0,29.763157894736842,2262.0,B465_ARC _C3_slice6-Ort.czi,old,pomc,upper
553,6.0,49.0,294.0,B465_ARC _C3_slice6-Ort.czi,old,pomc,upper
554,60.0,39.68333333333333,2381.0,B465_ARC _C3_slice6-Ort.czi,old,pomc,upper
555,284.0,36.985915492957744,10504.0,B465_ARC _C3_slice6-Ort.czi,old,pomc,upper
556,41.0,32.65853658536585,1339.0,B465_ARC _C3_slice6-Ort.czi,old,pomc,upper
557,15.0,45.333333333333336,680.0,B465_ARC _C3_slice6-Ort.czi,old,pomc,upper
558,24.0,31.916666666666668,766.0,B465_ARC _C3_slice6-Ort.czi,old,pomc,upper
559,4.0,27.75,111.0,B465_ARC _C3_slice6-Ort.czi,old,pomc,upper
560,7.0,33.142857142857146,232.00000000000003,B465_ARC _C3_slice6-Ort.czi,old,pomc,upper
561,1.0,27.0,27.0,B465_ARC _C3_slice6-Ort.czi,old,pomc,upper
562,14.0,37.357142857142854,523.0,B465_ARC _C3_slice6-Ort.czi,old,pomc,upper
563,55.0,34.472727272727276,1896.0000000000002,B465_ARC _C3_slice6-Ort.czi,old,pomc,upper
564,201.0,27.5273631840796,5533.0,B465_ARC _C3_slice6-Ort.czi,old,pomc,upper
565,19.0,32.68421052631579,621.0,B465_ARC _C3_slice6-Ort.czi,old,pomc,upper
566,68.0,30.808823529411764,2095.0,B465_ARC _C3_slice6-Ort.czi,old,pomc,upper
567,62.0,33.11290322580645,2053.0,B465_ARC _C3_slice6-Ort.czi,old,pomc,upper
568,45.0,32.422222222222224,1459.0,B465_ARC _C3_slice6-Ort.czi,old,pomc,upper
569,123.0,27.650406504065042,3401.0,B465_ARC _C3_slice6-Ort.czi,old,pomc,upper
570,20.0,37.0,740.0,B465_ARC _C3_slice6-Ort.czi,old,pomc,upper
571,4.0,34.25,137.0,B465_ARC _C3_slice6-Ort.czi,old,pomc,upper
572,44.0,36.13636363636363,1589.9999999999998,B465_ARC _C3_slice6-Ort.czi,old,pomc,upper
573,34.0,32.029411764705884,1089.0,B465_ARC _C3_slice6-Ort.czi,old,pomc,upper
574,31.0,33.67741935483871,1044.0,B465_ARC _C3_slice6-Ort.czi,old,pomc,upper
575,13.0,51.23076923076923,666.0,B465_ARC _C3_slice6-Ort.czi,old,pomc,upper
576,5.0,28.4,142.0,B465_ARC _C3_slice6-Ort.czi,old,pomc,upper
577,21.0,43.285714285714285,909.0,B465_ARC _C3_slice6-Ort.czi,old,pomc,upper
578,106.0,36.5188679245283,3871.0,B465_ARC _C3_slice6-Ort.czi,old,pomc,upper
579,289.0,35.73702422145329,10328.0,B465_ARC _C3_slice6-Ort.czi,old,pomc,upper
580,79.0,37.265822784810126,2944.0,B465_ARC _C3_slice6-Ort.czi,old,pomc,upper
581,30.0,32.8,983.9999999999999,B465_ARC _C3_slice6-Ort.czi,old,pomc,upper
582,16.0,34.875,558.0,B465_ARC _C3_slice6-Ort.czi,old,pomc,upper
583,2.0,24.0,48.0,B465_ARC _C3_slice6-Ort.czi,old,pomc,upper
584,15.0,26.0,390.0,B465_ARC _C3_slice6-Ort.czi,old,pomc,upper
585,1.0,33.0,33.0,B465_ARC _C3_slice6-Ort.czi,old,pomc,upper
586,55.0,40.8,2244.0,B465_ARC _C3_slice6-Ort.czi,old,pomc,upper
587,24.0,26.708333333333332,641.0,B465_ARC _C3_slice6-Ort.czi,old,pomc,upper
588,28.0,39.857142857142854,1116.0,B465_ARC _C3_slice6-Ort.czi,old,pomc,upper
589,45.0,32.977777777777774,1483.9999999999998,B465_ARC _C3_slice6-Ort.czi,old,pomc,upper
590,36.0,35.666666666666664,1284.0,B465_ARC _C3_slice6-Ort.czi,old,pomc,upper
591,64.0,28.5625,1828.0,B465_ARC _C3_slice6-Ort.czi,old,pomc,upper
592,10.0,30.2,302.0,B465_ARC _C3_slice6-Ort.czi,old,pomc,upper
593,35.0,40.77142857142857,1427.0,B465_ARC _C3_slice6-Ort.czi,old,pomc,upper
594,1.0,62.0,62.0,B465_ARC _C3_slice6-Ort.czi,old,pomc,upper
595,26.0,33.23076923076923,864.0000000000001,B465_ARC _C3_slice6-Ort.czi,old,pomc,upper
596,22.0,31.545454545454547,694.0,B465_ARC _C3_slice6-Ort.czi,old,pomc,upper
597,94.0,38.45744680851064,3615.0,B465_ARC _C3_slice6-Ort.czi,old,pomc,upper
598,38.0,28.57894736842105,1086.0,B465_ARC _C3_slice6-Ort.czi,old,pomc,upper
599,72.0,31.319444444444443,2255.0,B465_ARC _C3_slice6-Ort.czi,old,pomc,upper
600,24.0,34.583333333333336,830.0,B465_ARC _C3_slice6-Ort.czi,old,pomc,upper
601,222.0,30.36936936936937,6742.0,B465_ARC _C3_slice6-Ort.czi,old,pomc,upper
602,47.0,31.617021276595743,1486.0,B465_ARC _C3_slice6-Ort.czi,old,pomc,upper
603,18.0,35.5,639.0,B465_ARC _C3_slice6-Ort.czi,old,pomc,upper
604,19.0,28.473684210526315,541.0,B465_ARC _C3_slice6-Ort.czi,old,pomc,upper
605,4.0,37.25,149.0,B465_ARC _C3_slice6-Ort.czi,old,pomc,upper
606,1.0,22.0,22.0,B465_ARC _C3_slice6-Ort.czi,old,pomc,upper
607,16.0,36.4375,583.0,B465_ARC _C3_slice6-Ort.czi,old,pomc,upper
608,172.0,32.08720930232558,5519.0,B465_ARC _C3_slice6-Ort.czi,old,pomc,upper
609,2.0,26.0,52.0,B465_ARC _C3_slice6-Ort.czi,old,pomc,upper
610,40.0,35.725,1429.0,B465_ARC _C3_slice6-Ort.czi,old,pomc,upper
611,20.0,39.4,788.0,B465_ARC _C3_slice6-Ort.czi,old,pomc,upper
612,2.0,42.0,84.0,B465_ARC _C3_slice6-Ort.czi,old,pomc,upper
613,2.0,33.0,66.0,B465_ARC _C3_slice6-Ort.czi,old,pomc,upper
614,74.0,34.054054054054056,2520.0,B465_ARC _C3_slice6-Ort.czi,old,pomc,upper
615,11.0,31.363636363636363,345.0,B465_ARC _C3_slice6-Ort.czi,old,pomc,upper
616,8.0,29.0,232.0,B465_ARC _C3_slice6-Ort.czi,old,pomc,upper
617,146.0,38.28767123287671,5590.0,B465_ARC _C3_slice6-Ort.czi,old,pomc,upper
618,20.0,38.9,778.0,B465_ARC _C3_slice6-Ort.czi,old,pomc,upper
619,6.0,19.333333333333332,116.0,B465_ARC _C3_slice6-Ort.czi,old,pomc,upper
620,10.0,32.4,324.0,B465_ARC _C3_slice6-Ort.czi,old,pomc,upper
621,13.0,27.307692307692307,355.0,B465_ARC _C3_slice6-Ort.czi,old,pomc,upper
622,41.0,33.609756097560975,1378.0,B465_ARC _C3_slice6-Ort.czi,old,pomc,upper
623,5.0,31.8,159.0,B465_ARC _C3_slice6-Ort.czi,old,pomc,upper
624,80.0,28.3625,2269.0,B465_ARC _C3_slice6-Ort.czi,old,pomc,upper
625,84.0,33.166666666666664,2786.0,B465_ARC _C3_slice6-Ort.czi,old,pomc,upper
626,5.0,33.6,168.0,B465_ARC _C3_slice6-Ort.czi,old,pomc,upper
627,21.0,34.42857142857143,723.0,B465_ARC _C3_slice6-Ort.czi,old,pomc,upper
628,45.0,28.68888888888889,1291.0,B465_ARC _C3_slice6-Ort.czi,old,pomc,upper
629,54.0,35.2037037037037,1901.0,B465_ARC _C3_slice6-Ort.czi,old,pomc,upper
630,1.0,34.0,34.0,B465_ARC _C3_slice6-Ort.czi,old,pomc,upper
631,20.0,38.2,764.0,B465_ARC _C3_slice6-Ort.czi,old,pomc,upper
632,24.0,38.791666666666664,931.0,B465_ARC _C3_slice6-Ort.czi,old,pomc,upper
633,26.0,31.807692307692307,827.0,B465_ARC _C3_slice6-Ort.czi,old,pomc,upper
634,78.0,28.705128205128204,2239.0,B465_ARC _C3_slice6-Ort.czi,old,pomc,upper
635,437.0,27.782608695652176,12141.0,B465_ARC _C3_slice6-Ort.czi,old,pomc,upper
636,1.0,31.0,31.0,B465_ARC _C3_slice6-Ort.czi,old,pomc,upper
637,95.0,31.989473684210527,3039.0,B465_ARC _C3_slice6-Ort.czi,old,pomc,upper
638,1.0,27.0,27.0,B465_ARC _C3_slice6-Ort.czi,old,pomc,upper
639,15.0,27.533333333333335,413.0,B465_ARC _C3_slice6-Ort.czi,old,pomc,upper
640,12.0,41.916666666666664,503.0,B465_ARC _C3_slice6-Ort.czi,old,pomc,upper
641,6.0,29.166666666666668,175.0,B465_ARC _C3_slice6-Ort.czi,old,pomc,upper
642,84.0,31.654761904761905,2659.0,B465_ARC _C3_slice6-Ort.czi,old,pomc,upper
643,22.0,32.27272727272727,710.0,B465_ARC _C3_slice6-Ort.czi,old,pomc,upper
644,11.0,35.09090909090909,386.0,B465_ARC _C3_slice6-Ort.czi,old,pomc,upper
645,15.0,33.53333333333333,503.0,B465_ARC _C3_slice6-Ort.czi,old,pomc,upper
646,159.0,36.36477987421384,5782.0,B465_ARC _C3_slice6-Ort.czi,old,pomc,upper
647,40.0,32.025,1281.0,B465_ARC _C3_slice6-Ort.czi,old,pomc,upper
648,27.0,38.333333333333336,1035.0,B465_ARC _C3_slice6-Ort.czi,old,pomc,upper
649,15.0,31.866666666666667,478.0,B465_ARC _C3_slice6-Ort.czi,old,pomc,upper
650,187.0,33.64705882352941,6292.0,B465_ARC _C3_slice6-Ort.czi,old,pomc,upper
651,14.0,38.42857142857143,538.0,B465_ARC _C3_slice6-Ort.czi,old,pomc,upper
652,1.0,36.0,36.0,B465_ARC _C3_slice6-Ort.czi,old,pomc,upper
653,14.0,36.214285714285715,507.0,B465_ARC _C3_slice6-Ort.czi,old,pomc,upper
654,95.0,35.136842105263156,3338.0,B465_ARC _C3_slice6-Ort.czi,old,pomc,upper
655,4.0,20.0,80.0,B465_ARC _C3_slice6-Ort.czi,old,pomc,upper
656,96.0,32.239583333333336,3095.0,B465_ARC _C3_slice6-Ort.czi,old,pomc,upper
657,16.0,24.0625,385.0,B465_ARC _C3_slice6-Ort.czi,old,pomc,upper
658,32.0,32.875,1052.0,B465_ARC _C3_slice6-Ort.czi,old,pomc,upper
659,2.0,29.5,59.0,B465_ARC _C3_slice6-Ort.czi,old,pomc,upper
660,127.0,30.511811023622048,3875.0,B465_ARC _C3_slice6-Ort.czi,old,pomc,upper
661,1.0,36.0,36.0,B465_ARC _C3_slice6-Ort.czi,old,pomc,upper
662,15.0,38.06666666666667,571.0,B465_ARC _C3_slice6-Ort.czi,old,pomc,upper
663,68.0,29.647058823529413,2016.0,B465_ARC _C3_slice6-Ort.czi,old,pomc,upper
664,65.0,33.6,2184.0,B465_ARC _C3_slice6-Ort.czi,old,pomc,upper
665,30.0,34.06666666666667,1022.0000000000001,B465_ARC _C3_slice6-Ort.czi,old,pomc,upper
666,4.0,57.25,229.0,B465_ARC _C3_slice6-Ort.czi,old,pomc,upper
667,55.0,29.236363636363638,1608.0,B465_ARC _C3_slice6-Ort.czi,old,pomc,upper
668,114.0,28.29824561403509,3226.0,B465_ARC _C3_slice6-Ort.czi,old,pomc,upper
669,5.0,38.2,191.0,B465_ARC _C3_slice6-Ort.czi,old,pomc,upper
670,8.0,31.375,251.0,B465_ARC _C3_slice6-Ort.czi,old,pomc,upper
671,1.0,32.0,32.0,B465_ARC _C3_slice6-Ort.czi,old,pomc,upper
672,49.0,27.73469387755102,1359.0,B465_ARC _C3_slice6-Ort.czi,old,pomc,upper
673,49.0,34.775510204081634,1704.0,B465_ARC _C3_slice6-Ort.czi,old,pomc,upper
674,4.0,29.25,117.0,B465_ARC _C3_slice6-Ort.czi,old,pomc,upper
675,190.0,31.957894736842107,6072.0,B465_ARC _C3_slice6-Ort.czi,old,pomc,upper
676,33.0,32.878787878787875,1085.0,B465_ARC _C3_slice6-Ort.czi,old,pomc,upper
677,24.0,36.791666666666664,883.0,B465_ARC _C3_slice6-Ort.czi,old,pomc,upper
678,1.0,15.0,15.0,B465_ARC _C3_slice6-Ort.czi,old,pomc,upper
679,10.0,45.5,455.0,B465_ARC _C3_slice6-Ort.czi,old,pomc,upper
680,294.0,32.523809523809526,9562.0,B465_ARC _C3_slice6-Ort.czi,old,pomc,upper
681,13.0,36.61538461538461,476.0,B465_ARC _C3_slice6-Ort.czi,old,pomc,upper
682,122.0,28.483606557377048,3475.0,B465_ARC _C3_slice6-Ort.czi,old,pomc,upper
683,254.0,34.724409448818896,8820.0,B465_ARC _C3_slice6-Ort.czi,old,pomc,upper
684,18.0,28.5,513.0,B465_ARC _C3_slice6-Ort.czi,old,pomc,upper
685,149.0,33.147651006711406,4938.999999999999,B465_ARC _C3_slice6-Ort.czi,old,pomc,upper
686,239.0,33.35983263598327,7973.000000000001,B465_ARC _C3_slice6-Ort.czi,old,pomc,upper
687,48.0,31.4375,1509.0,B465_ARC _C3_slice6-Ort.czi,old,pomc,upper
688,15.0,29.333333333333332,440.0,B465_ARC _C3_slice6-Ort.czi,old,pomc,upper
689,33.0,30.515151515151516,1007.0,B465_ARC _C3_slice6-Ort.czi,old,pomc,upper
690,49.0,36.04081632653061,1766.0,B465_ARC _C3_slice6-Ort.czi,old,pomc,upper
691,38.0,44.10526315789474,1676.0,B465_ARC _C3_slice6-Ort.czi,old,pomc,upper
692,33.0,34.60606060606061,1142.0,B465_ARC _C3_slice6-Ort.czi,old,pomc,upper
693,1.0,26.0,26.0,B465_ARC _C3_slice6-Ort.czi,old,pomc,upper
694,18.0,38.72222222222222,697.0,B465_ARC _C3_slice6-Ort.czi,old,pomc,upper
695,1.0,4.0,4.0,B465_ARC _C3_slice6-Ort.czi,old,pomc,upper
696,1.0,45.0,45.0,B465_ARC _C3_slice6-Ort.czi,old,pomc,upper
697,25.0,41.72,1043.0,B465_ARC _C3_slice6-Ort.czi,old,pomc,upper
698,13.0,35.0,455.0,B465_ARC _C3_slice6-Ort.czi,old,pomc,upper
699,333.0,31.68168168168168,10550.0,B465_ARC _C3_slice6-Ort.czi,old,pomc,upper
700,50.0,29.62,1481.0,B465_ARC _C3_slice6-Ort.czi,old,pomc,upper
701,50.0,35.9,1795.0,B465_ARC _C3_slice6-Ort.czi,old,pomc,upper
702,50.0,31.32,1566.0,B465_ARC _C3_slice6-Ort.czi,old,pomc,upper
703,49.0,32.775510204081634,1606.0,B465_ARC _C3_slice6-Ort.czi,old,pomc,upper
704,1.0,32.0,32.0,B465_ARC _C3_slice6-Ort.czi,old,pomc,upper
705,58.0,32.93103448275862,1910.0,B465_ARC _C3_slice6-Ort.czi,old,pomc,upper
706,4.0,27.25,109.0,B465_ARC _C3_slice6-Ort.czi,old,pomc,upper
707,11.0,37.72727272727273,415.0,B465_ARC _C3_slice6-Ort.czi,old,pomc,upper
708,133.0,41.56390977443609,5528.0,B465_ARC _C3_slice6-Ort.czi,old,pomc,upper
709,21.0,47.95238095238095,1006.9999999999999,B465_ARC _C3_slice6-Ort.czi,old,pomc,upper
1,41.0,41.80487804878049,1714.0,B465_ARC _C3_slice7-Ort.czi,old,pomc,upper
2,14.0,23.214285714285715,325.0,B465_ARC _C3_slice7-Ort.czi,old,pomc,upper
3,19.0,29.263157894736842,556.0,B465_ARC _C3_slice7-Ort.czi,old,pomc,upper
4,90.0,35.077777777777776,3157.0,B465_ARC _C3_slice7-Ort.czi,old,pomc,upper
5,24.0,35.791666666666664,859.0,B465_ARC _C3_slice7-Ort.czi,old,pomc,upper
6,28.0,25.428571428571427,712.0,B465_ARC _C3_slice7-Ort.czi,old,pomc,upper
7,10.0,22.8,228.0,B465_ARC _C3_slice7-Ort.czi,old,pomc,upper
8,33.0,28.545454545454547,942.0,B465_ARC _C3_slice7-Ort.czi,old,pomc,upper
9,1.0,22.0,22.0,B465_ARC _C3_slice7-Ort.czi,old,pomc,upper
10,5.0,26.2,131.0,B465_ARC _C3_slice7-Ort.czi,old,pomc,upper
11,39.0,27.58974358974359,1076.0,B465_ARC _C3_slice7-Ort.czi,old,pomc,upper
12,2.0,29.0,58.0,B465_ARC _C3_slice7-Ort.czi,old,pomc,upper
13,19.0,36.473684210526315,693.0,B465_ARC _C3_slice7-Ort.czi,old,pomc,upper
14,1.0,30.0,30.0,B465_ARC _C3_slice7-Ort.czi,old,pomc,upper
15,1.0,14.0,14.0,B465_ARC _C3_slice7-Ort.czi,old,pomc,upper
16,1.0,13.0,13.0,B465_ARC _C3_slice7-Ort.czi,old,pomc,upper
17,18.0,34.72222222222222,625.0,B465_ARC _C3_slice7-Ort.czi,old,pomc,upper
18,44.0,34.61363636363637,1523.0000000000002,B465_ARC _C3_slice7-Ort.czi,old,pomc,upper
19,70.0,24.442857142857143,1711.0,B465_ARC _C3_slice7-Ort.czi,old,pomc,upper
20,45.0,29.733333333333334,1338.0,B465_ARC _C3_slice7-Ort.czi,old,pomc,upper
21,14.0,24.5,343.0,B465_ARC _C3_slice7-Ort.czi,old,pomc,upper
22,1.0,16.0,16.0,B465_ARC _C3_slice7-Ort.czi,old,pomc,upper
23,1.0,36.0,36.0,B465_ARC _C3_slice7-Ort.czi,old,pomc,upper
24,8.0,23.0,184.0,B465_ARC _C3_slice7-Ort.czi,old,pomc,upper
25,33.0,24.272727272727273,801.0,B465_ARC _C3_slice7-Ort.czi,old,pomc,upper
26,27.0,23.666666666666668,639.0,B465_ARC _C3_slice7-Ort.czi,old,pomc,upper
27,5.0,26.6,133.0,B465_ARC _C3_slice7-Ort.czi,old,pomc,upper
28,33.0,27.272727272727273,900.0,B465_ARC _C3_slice7-Ort.czi,old,pomc,upper
29,4.0,38.5,154.0,B465_ARC _C3_slice7-Ort.czi,old,pomc,upper
30,13.0,32.84615384615385,427.0,B465_ARC _C3_slice7-Ort.czi,old,pomc,upper
31,3.0,10.666666666666666,32.0,B465_ARC _C3_slice7-Ort.czi,old,pomc,upper
32,34.0,24.970588235294116,849.0,B465_ARC _C3_slice7-Ort.czi,old,pomc,upper
33,20.0,25.25,505.0,B465_ARC _C3_slice7-Ort.czi,old,pomc,upper
34,99.0,29.04040404040404,2875.0,B465_ARC _C3_slice7-Ort.czi,old,pomc,upper
35,5.0,16.4,82.0,B465_ARC _C3_slice7-Ort.czi,old,pomc,upper
36,7.0,22.285714285714285,156.0,B465_ARC _C3_slice7-Ort.czi,old,pomc,upper
37,4.0,29.25,117.0,B465_ARC _C3_slice7-Ort.czi,old,pomc,upper
38,16.0,29.0625,465.0,B465_ARC _C3_slice7-Ort.czi,old,pomc,upper
39,14.0,37.642857142857146,527.0,B465_ARC _C3_slice7-Ort.czi,old,pomc,upper
40,4.0,19.0,76.0,B465_ARC _C3_slice7-Ort.czi,old,pomc,upper
41,11.0,27.272727272727273,300.0,B465_ARC _C3_slice7-Ort.czi,old,pomc,upper
42,11.0,26.272727272727273,289.0,B465_ARC _C3_slice7-Ort.czi,old,pomc,upper
43,26.0,30.923076923076923,804.0,B465_ARC _C3_slice7-Ort.czi,old,pomc,upper
44,11.0,25.272727272727273,278.0,B465_ARC _C3_slice7-Ort.czi,old,pomc,upper
45,33.0,28.242424242424242,932.0,B465_ARC _C3_slice7-Ort.czi,old,pomc,upper
46,79.0,26.962025316455698,2130.0,B465_ARC _C3_slice7-Ort.czi,old,pomc,upper
47,1.0,14.0,14.0,B465_ARC _C3_slice7-Ort.czi,old,pomc,upper
48,1.0,28.0,28.0,B465_ARC _C3_slice7-Ort.czi,old,pomc,upper
49,5.0,37.0,185.0,B465_ARC _C3_slice7-Ort.czi,old,pomc,upper
50,11.0,35.45454545454545,390.0,B465_ARC _C3_slice7-Ort.czi,old,pomc,upper
51,23.0,26.869565217391305,618.0,B465_ARC _C3_slice7-Ort.czi,old,pomc,upper
52,38.0,28.92105263157895,1099.0,B465_ARC _C3_slice7-Ort.czi,old,pomc,upper
53,16.0,44.375,710.0,B465_ARC _C3_slice7-Ort.czi,old,pomc,upper
54,6.0,36.666666666666664,220.0,B465_ARC _C3_slice7-Ort.czi,old,pomc,upper
55,1.0,46.0,46.0,B465_ARC _C3_slice7-Ort.czi,old,pomc,upper
56,1.0,10.0,10.0,B465_ARC _C3_slice7-Ort.czi,old,pomc,upper
57,1.0,16.0,16.0,B465_ARC _C3_slice7-Ort.czi,old,pomc,upper
58,23.0,28.0,644.0,B465_ARC _C3_slice7-Ort.czi,old,pomc,upper
59,1.0,11.0,11.0,B465_ARC _C3_slice7-Ort.czi,old,pomc,upper
60,180.0,25.022222222222222,4504.0,B465_ARC _C3_slice7-Ort.czi,old,pomc,upper
61,24.0,24.125,579.0,B465_ARC _C3_slice7-Ort.czi,old,pomc,upper
62,4.0,25.75,103.0,B465_ARC _C3_slice7-Ort.czi,old,pomc,upper
63,2.0,25.0,50.0,B465_ARC _C3_slice7-Ort.czi,old,pomc,upper
64,17.0,25.294117647058822,430.0,B465_ARC _C3_slice7-Ort.czi,old,pomc,upper
65,97.0,26.649484536082475,2585.0,B465_ARC _C3_slice7-Ort.czi,old,pomc,upper
66,24.0,28.541666666666668,685.0,B465_ARC _C3_slice7-Ort.czi,old,pomc,upper
67,15.0,27.0,405.0,B465_ARC _C3_slice7-Ort.czi,old,pomc,upper
68,1.0,7.0,7.0,B465_ARC _C3_slice7-Ort.czi,old,pomc,upper
69,20.0,29.05,581.0,B465_ARC _C3_slice7-Ort.czi,old,pomc,upper
70,121.0,24.727272727272727,2992.0,B465_ARC _C3_slice7-Ort.czi,old,pomc,upper
71,14.0,22.714285714285715,318.0,B465_ARC _C3_slice7-Ort.czi,old,pomc,upper
72,27.0,31.962962962962962,863.0,B465_ARC _C3_slice7-Ort.czi,old,pomc,upper
73,3.0,47.0,141.0,B465_ARC _C3_slice7-Ort.czi,old,pomc,upper
74,23.0,27.608695652173914,635.0,B465_ARC _C3_slice7-Ort.czi,old,pomc,upper
75,16.0,42.875,686.0,B465_ARC _C3_slice7-Ort.czi,old,pomc,upper
76,8.0,32.75,262.0,B465_ARC _C3_slice7-Ort.czi,old,pomc,upper
77,13.0,34.23076923076923,445.00000000000006,B465_ARC _C3_slice7-Ort.czi,old,pomc,upper
78,1.0,20.0,20.0,B465_ARC _C3_slice7-Ort.czi,old,pomc,upper
79,5.0,35.2,176.0,B465_ARC _C3_slice7-Ort.czi,old,pomc,upper
80,125.0,26.608,3326.0,B465_ARC _C3_slice7-Ort.czi,old,pomc,upper
81,2.0,23.5,47.0,B465_ARC _C3_slice7-Ort.czi,old,pomc,upper
82,1.0,25.0,25.0,B465_ARC _C3_slice7-Ort.czi,old,pomc,upper
83,16.0,22.5,360.0,B465_ARC _C3_slice7-Ort.czi,old,pomc,upper
84,346.0,24.84393063583815,8596.0,B465_ARC _C3_slice7-Ort.czi,old,pomc,upper
85,1.0,17.0,17.0,B465_ARC _C3_slice7-Ort.czi,old,pomc,upper
86,44.0,39.86363636363637,1754.0000000000002,B465_ARC _C3_slice7-Ort.czi,old,pomc,upper
87,44.0,26.795454545454547,1179.0,B465_ARC _C3_slice7-Ort.czi,old,pomc,upper
88,25.0,30.76,769.0,B465_ARC _C3_slice7-Ort.czi,old,pomc,upper
89,144.0,24.57638888888889,3539.0,B465_ARC _C3_slice7-Ort.czi,old,pomc,upper
90,1.0,15.0,15.0,B465_ARC _C3_slice7-Ort.czi,old,pomc,upper
91,29.0,22.448275862068964,651.0,B465_ARC _C3_slice7-Ort.czi,old,pomc,upper
92,1.0,16.0,16.0,B465_ARC _C3_slice7-Ort.czi,old,pomc,upper
93,1.0,32.0,32.0,B465_ARC _C3_slice7-Ort.czi,old,pomc,upper
94,21.0,24.333333333333332,511.0,B465_ARC _C3_slice7-Ort.czi,old,pomc,upper
95,22.0,28.0,616.0,B465_ARC _C3_slice7-Ort.czi,old,pomc,upper
96,20.0,29.5,590.0,B465_ARC _C3_slice7-Ort.czi,old,pomc,upper
97,15.0,37.2,558.0,B465_ARC _C3_slice7-Ort.czi,old,pomc,upper
98,3.0,26.333333333333332,79.0,B465_ARC _C3_slice7-Ort.czi,old,pomc,upper
99,17.0,40.294117647058826,685.0,B465_ARC _C3_slice7-Ort.czi,old,pomc,upper
100,11.0,35.72727272727273,393.0,B465_ARC _C3_slice7-Ort.czi,old,pomc,upper
101,23.0,26.73913043478261,615.0,B465_ARC _C3_slice7-Ort.czi,old,pomc,upper
102,17.0,28.41176470588235,483.0,B465_ARC _C3_slice7-Ort.czi,old,pomc,upper
103,13.0,27.615384615384617,359.0,B465_ARC _C3_slice7-Ort.czi,old,pomc,upper
104,56.0,31.071428571428573,1740.0,B465_ARC _C3_slice7-Ort.czi,old,pomc,upper
105,1.0,35.0,35.0,B465_ARC _C3_slice7-Ort.czi,old,pomc,upper
106,28.0,26.785714285714285,750.0,B465_ARC _C3_slice7-Ort.czi,old,pomc,upper
107,95.0,20.389473684210525,1937.0,B465_ARC _C3_slice7-Ort.czi,old,pomc,upper
108,148.0,26.736486486486488,3957.0,B465_ARC _C3_slice7-Ort.czi,old,pomc,upper
109,1.0,37.0,37.0,B465_ARC _C3_slice7-Ort.czi,old,pomc,upper
110,18.0,28.444444444444443,512.0,B465_ARC _C3_slice7-Ort.czi,old,pomc,upper
111,96.0,22.635416666666668,2173.0,B465_ARC _C3_slice7-Ort.czi,old,pomc,upper
112,3.0,21.666666666666668,65.0,B465_ARC _C3_slice7-Ort.czi,old,pomc,upper
113,17.0,27.529411764705884,468.0,B465_ARC _C3_slice7-Ort.czi,old,pomc,upper
114,7.0,29.142857142857142,204.0,B465_ARC _C3_slice7-Ort.czi,old,pomc,upper
115,1.0,23.0,23.0,B465_ARC _C3_slice7-Ort.czi,old,pomc,upper
116,34.0,28.441176470588236,967.0,B465_ARC _C3_slice7-Ort.czi,old,pomc,upper
117,1.0,35.0,35.0,B465_ARC _C3_slice7-Ort.czi,old,pomc,upper
118,27.0,30.25925925925926,817.0,B465_ARC _C3_slice7-Ort.czi,old,pomc,upper
119,4.0,24.5,98.0,B465_ARC _C3_slice7-Ort.czi,old,pomc,upper
120,1.0,30.0,30.0,B465_ARC _C3_slice7-Ort.czi,old,pomc,upper
121,4.0,28.0,112.0,B465_ARC _C3_slice7-Ort.czi,old,pomc,upper
122,47.0,25.106382978723403,1180.0,B465_ARC _C3_slice7-Ort.czi,old,pomc,upper
123,27.0,26.51851851851852,716.0,B465_ARC _C3_slice7-Ort.czi,old,pomc,upper
124,24.0,28.833333333333332,692.0,B465_ARC _C3_slice7-Ort.czi,old,pomc,upper
125,25.0,23.96,599.0,B465_ARC _C3_slice7-Ort.czi,old,pomc,upper
126,8.0,28.625,229.0,B465_ARC _C3_slice7-Ort.czi,old,pomc,upper
127,29.0,24.896551724137932,722.0,B465_ARC _C3_slice7-Ort.czi,old,pomc,upper
128,199.0,23.969849246231156,4770.0,B465_ARC _C3_slice7-Ort.czi,old,pomc,upper
129,6.0,65.66666666666667,394.0,B465_ARC _C3_slice7-Ort.czi,old,pomc,upper
130,2.0,26.0,52.0,B465_ARC _C3_slice7-Ort.czi,old,pomc,upper
131,16.0,28.25,452.0,B465_ARC _C3_slice7-Ort.czi,old,pomc,upper
132,11.0,29.818181818181817,328.0,B465_ARC _C3_slice7-Ort.czi,old,pomc,upper
133,39.0,24.846153846153847,969.0,B465_ARC _C3_slice7-Ort.czi,old,pomc,upper
134,2.0,21.0,42.0,B465_ARC _C3_slice7-Ort.czi,old,pomc,upper
135,42.0,26.571428571428573,1116.0,B465_ARC _C3_slice7-Ort.czi,old,pomc,upper
136,6.0,18.666666666666668,112.0,B465_ARC _C3_slice7-Ort.czi,old,pomc,upper
137,185.0,24.264864864864865,4489.0,B465_ARC _C3_slice7-Ort.czi,old,pomc,upper
138,13.0,29.923076923076923,389.0,B465_ARC _C3_slice7-Ort.czi,old,pomc,upper
139,87.0,32.88505747126437,2861.0,B465_ARC _C3_slice7-Ort.czi,old,pomc,upper
140,14.0,21.5,301.0,B465_ARC _C3_slice7-Ort.czi,old,pomc,upper
141,15.0,22.666666666666668,340.0,B465_ARC _C3_slice7-Ort.czi,old,pomc,upper
142,6.0,22.333333333333332,134.0,B465_ARC _C3_slice7-Ort.czi,old,pomc,upper
143,24.0,28.333333333333332,680.0,B465_ARC _C3_slice7-Ort.czi,old,pomc,upper
144,64.0,24.6875,1580.0,B465_ARC _C3_slice7-Ort.czi,old,pomc,upper
145,5.0,32.2,161.0,B465_ARC _C3_slice7-Ort.czi,old,pomc,upper
146,3.0,37.333333333333336,112.0,B465_ARC _C3_slice7-Ort.czi,old,pomc,upper
147,2.0,25.5,51.0,B465_ARC _C3_slice7-Ort.czi,old,pomc,upper
148,5.0,28.6,143.0,B465_ARC _C3_slice7-Ort.czi,old,pomc,upper
149,15.0,33.733333333333334,506.0,B465_ARC _C3_slice7-Ort.czi,old,pomc,upper
150,24.0,24.25,582.0,B465_ARC _C3_slice7-Ort.czi,old,pomc,upper
151,319.0,25.937304075235108,8274.0,B465_ARC _C3_slice7-Ort.czi,old,pomc,upper
152,26.0,23.03846153846154,599.0,B465_ARC _C3_slice7-Ort.czi,old,pomc,upper
153,1.0,23.0,23.0,B465_ARC _C3_slice7-Ort.czi,old,pomc,upper
154,1.0,41.0,41.0,B465_ARC _C3_slice7-Ort.czi,old,pomc,upper
155,2.0,19.0,38.0,B465_ARC _C3_slice7-Ort.czi,old,pomc,upper
156,18.0,29.5,531.0,B465_ARC _C3_slice7-Ort.czi,old,pomc,upper
157,10.0,36.8,368.0,B465_ARC _C3_slice7-Ort.czi,old,pomc,upper
158,1.0,10.0,10.0,B465_ARC _C3_slice7-Ort.czi,old,pomc,upper
159,11.0,30.09090909090909,331.0,B465_ARC _C3_slice7-Ort.czi,old,pomc,upper
160,9.0,34.111111111111114,307.0,B465_ARC _C3_slice7-Ort.czi,old,pomc,upper
161,16.0,32.375,518.0,B465_ARC _C3_slice7-Ort.czi,old,pomc,upper
162,15.0,22.8,342.0,B465_ARC _C3_slice7-Ort.czi,old,pomc,upper
163,22.0,32.81818181818182,722.0,B465_ARC _C3_slice7-Ort.czi,old,pomc,upper
164,41.0,27.51219512195122,1128.0,B465_ARC _C3_slice7-Ort.czi,old,pomc,upper
165,65.0,21.723076923076924,1412.0,B465_ARC _C3_slice7-Ort.czi,old,pomc,upper
166,10.0,21.6,216.0,B465_ARC _C3_slice7-Ort.czi,old,pomc,upper
167,15.0,29.866666666666667,448.0,B465_ARC _C3_slice7-Ort.czi,old,pomc,upper
168,18.0,27.72222222222222,499.0,B465_ARC _C3_slice7-Ort.czi,old,pomc,upper
169,23.0,25.217391304347824,580.0,B465_ARC _C3_slice7-Ort.czi,old,pomc,upper
170,18.0,61.5,1107.0,B465_ARC _C3_slice7-Ort.czi,old,pomc,upper
171,4.0,25.25,101.0,B465_ARC _C3_slice7-Ort.czi,old,pomc,upper
172,19.0,34.0,646.0,B465_ARC _C3_slice7-Ort.czi,old,pomc,upper
173,430.0,26.032558139534885,11194.0,B465_ARC _C3_slice7-Ort.czi,old,pomc,upper
174,17.0,33.411764705882355,568.0,B465_ARC _C3_slice7-Ort.czi,old,pomc,upper
175,66.0,25.5,1683.0,B465_ARC _C3_slice7-Ort.czi,old,pomc,upper
176,55.0,31.236363636363638,1718.0,B465_ARC _C3_slice7-Ort.czi,old,pomc,upper
177,18.0,27.0,486.0,B465_ARC _C3_slice7-Ort.czi,old,pomc,upper
178,99.0,27.09090909090909,2682.0,B465_ARC _C3_slice7-Ort.czi,old,pomc,upper
179,25.0,26.64,666.0,B465_ARC _C3_slice7-Ort.czi,old,pomc,upper
180,3.0,26.0,78.0,B465_ARC _C3_slice7-Ort.czi,old,pomc,upper
181,1.0,29.0,29.0,B465_ARC _C3_slice7-Ort.czi,old,pomc,upper
182,4.0,30.75,123.0,B465_ARC _C3_slice7-Ort.czi,old,pomc,upper
183,1.0,74.0,74.0,B465_ARC _C3_slice7-Ort.czi,old,pomc,upper
184,149.0,32.41610738255034,4830.0,B465_ARC _C3_slice7-Ort.czi,old,pomc,upper
185,46.0,23.58695652173913,1085.0,B465_ARC _C3_slice7-Ort.czi,old,pomc,upper
186,27.0,26.0,702.0,B465_ARC _C3_slice7-Ort.czi,old,pomc,upper
187,11.0,29.636363636363637,326.0,B465_ARC _C3_slice7-Ort.czi,old,pomc,upper
188,195.0,24.46153846153846,4770.0,B465_ARC _C3_slice7-Ort.czi,old,pomc,upper
189,4144.0,36.03064671814672,149311.0,B465_ARC _C3_slice7-Ort.czi,old,pomc,upper
190,23.0,23.782608695652176,547.0,B465_ARC _C3_slice7-Ort.czi,old,pomc,upper
191,9.0,29.77777777777778,268.0,B465_ARC _C3_slice7-Ort.czi,old,pomc,upper
192,1.0,21.0,21.0,B465_ARC _C3_slice7-Ort.czi,old,pomc,upper
193,4.0,35.5,142.0,B465_ARC _C3_slice7-Ort.czi,old,pomc,upper
194,18.0,23.055555555555557,415.0,B465_ARC _C3_slice7-Ort.czi,old,pomc,upper
195,21.0,23.571428571428573,495.00000000000006,B465_ARC _C3_slice7-Ort.czi,old,pomc,upper
196,54.0,25.925925925925927,1400.0,B465_ARC _C3_slice7-Ort.czi,old,pomc,upper
197,23.0,19.130434782608695,440.0,B465_ARC _C3_slice7-Ort.czi,old,pomc,upper
198,29.0,24.448275862068964,709.0,B465_ARC _C3_slice7-Ort.czi,old,pomc,upper
199,23.0,31.91304347826087,734.0,B465_ARC _C3_slice7-Ort.czi,old,pomc,upper
200,498.0,27.716867469879517,13803.0,B465_ARC _C3_slice7-Ort.czi,old,pomc,upper
201,7.0,35.142857142857146,246.00000000000003,B465_ARC _C3_slice7-Ort.czi,old,pomc,upper
202,71.0,24.788732394366196,1760.0,B465_ARC _C3_slice7-Ort.czi,old,pomc,upper
203,102.0,23.30392156862745,2377.0,B465_ARC _C3_slice7-Ort.czi,old,pomc,upper
204,48.0,34.416666666666664,1652.0,B465_ARC _C3_slice7-Ort.czi,old,pomc,upper
205,13.0,22.46153846153846,292.0,B465_ARC _C3_slice7-Ort.czi,old,pomc,upper
206,68.0,25.397058823529413,1727.0,B465_ARC _C3_slice7-Ort.czi,old,pomc,upper
207,3.0,75.0,225.0,B465_ARC _C3_slice7-Ort.czi,old,pomc,upper
208,1.0,34.0,34.0,B465_ARC _C3_slice7-Ort.czi,old,pomc,upper
209,48.0,28.4375,1365.0,B465_ARC _C3_slice7-Ort.czi,old,pomc,upper
210,3.0,22.0,66.0,B465_ARC _C3_slice7-Ort.czi,old,pomc,upper
211,48.0,26.1875,1257.0,B465_ARC _C3_slice7-Ort.czi,old,pomc,upper
212,13.0,26.076923076923077,339.0,B465_ARC _C3_slice7-Ort.czi,old,pomc,upper
213,5.0,25.6,128.0,B465_ARC _C3_slice7-Ort.czi,old,pomc,upper
214,2.0,25.5,51.0,B465_ARC _C3_slice7-Ort.czi,old,pomc,upper
215,3873.0,28.676219984508133,111063.0,B465_ARC _C3_slice7-Ort.czi,old,pomc,upper
216,105.0,22.82857142857143,2397.0,B465_ARC _C3_slice7-Ort.czi,old,pomc,upper
217,7.0,27.285714285714285,191.0,B465_ARC _C3_slice7-Ort.czi,old,pomc,upper
218,24.0,23.083333333333332,554.0,B465_ARC _C3_slice7-Ort.czi,old,pomc,upper
219,48.0,21.125,1014.0,B465_ARC _C3_slice7-Ort.czi,old,pomc,upper
220,1.0,35.0,35.0,B465_ARC _C3_slice7-Ort.czi,old,pomc,upper
221,4.0,23.25,93.0,B465_ARC _C3_slice7-Ort.czi,old,pomc,upper
222,22.0,26.454545454545453,582.0,B465_ARC _C3_slice7-Ort.czi,old,pomc,upper
223,14.0,26.357142857142858,369.0,B465_ARC _C3_slice7-Ort.czi,old,pomc,upper
224,13.0,42.76923076923077,556.0,B465_ARC _C3_slice7-Ort.czi,old,pomc,upper
225,35.0,25.114285714285714,879.0,B465_ARC _C3_slice7-Ort.czi,old,pomc,upper
226,1777.0,27.384355655599325,48662.0,B465_ARC _C3_slice7-Ort.czi,old,pomc,upper
227,135.0,28.414814814814815,3836.0,B465_ARC _C3_slice7-Ort.czi,old,pomc,upper
228,17.0,27.470588235294116,467.0,B465_ARC _C3_slice7-Ort.czi,old,pomc,upper
229,1.0,37.0,37.0,B465_ARC _C3_slice7-Ort.czi,old,pomc,upper
230,102.0,37.92156862745098,3868.0,B465_ARC _C3_slice7-Ort.czi,old,pomc,upper
231,98.0,29.928571428571427,2933.0,B465_ARC _C3_slice7-Ort.czi,old,pomc,upper
232,1.0,40.0,40.0,B465_ARC _C3_slice7-Ort.czi,old,pomc,upper
233,2.0,16.0,32.0,B465_ARC _C3_slice7-Ort.czi,old,pomc,upper
234,6.0,21.833333333333332,131.0,B465_ARC _C3_slice7-Ort.czi,old,pomc,upper
235,26.0,34.76923076923077,903.9999999999999,B465_ARC _C3_slice7-Ort.czi,old,pomc,upper
236,686.0,28.097667638483966,19275.0,B465_ARC _C3_slice7-Ort.czi,old,pomc,upper
237,29.0,22.75862068965517,660.0,B465_ARC _C3_slice7-Ort.czi,old,pomc,upper
238,1.0,32.0,32.0,B465_ARC _C3_slice7-Ort.czi,old,pomc,upper
239,18.0,33.833333333333336,609.0,B465_ARC _C3_slice7-Ort.czi,old,pomc,upper
240,21.0,40.38095238095238,848.0,B465_ARC _C3_slice7-Ort.czi,old,pomc,upper
241,39.0,32.12820512820513,1253.0000000000002,B465_ARC _C3_slice7-Ort.czi,old,pomc,upper
242,7.0,47.857142857142854,335.0,B465_ARC _C3_slice7-Ort.czi,old,pomc,upper
243,24.0,25.625,615.0,B465_ARC _C3_slice7-Ort.czi,old,pomc,upper
244,3.0,32.666666666666664,98.0,B465_ARC _C3_slice7-Ort.czi,old,pomc,upper
245,29.0,27.586206896551722,800.0,B465_ARC _C3_slice7-Ort.czi,old,pomc,upper
246,91.0,23.032967032967033,2096.0,B465_ARC _C3_slice7-Ort.czi,old,pomc,upper
247,37.0,38.054054054054056,1408.0,B465_ARC _C3_slice7-Ort.czi,old,pomc,upper
248,92.0,29.684782608695652,2731.0,B465_ARC _C3_slice7-Ort.czi,old,pomc,upper
249,47.0,35.51063829787234,1669.0,B465_ARC _C3_slice7-Ort.czi,old,pomc,upper
250,4207.0,29.016163536962207,122071.0,B465_ARC _C3_slice7-Ort.czi,old,pomc,upper
251,18.0,24.22222222222222,436.0,B465_ARC _C3_slice7-Ort.czi,old,pomc,upper
252,21.0,31.142857142857142,654.0,B465_ARC _C3_slice7-Ort.czi,old,pomc,upper
253,20.0,30.45,609.0,B465_ARC _C3_slice7-Ort.czi,old,pomc,upper
254,25.0,35.44,886.0,B465_ARC _C3_slice7-Ort.czi,old,pomc,upper
255,15.0,36.2,543.0,B465_ARC _C3_slice7-Ort.czi,old,pomc,upper
256,39.0,24.641025641025642,961.0,B465_ARC _C3_slice7-Ort.czi,old,pomc,upper
257,2.0,22.0,44.0,B465_ARC _C3_slice7-Ort.czi,old,pomc,upper
258,2.0,14.0,28.0,B465_ARC _C3_slice7-Ort.czi,old,pomc,upper
259,8.0,18.75,150.0,B465_ARC _C3_slice7-Ort.czi,old,pomc,upper
260,40.0,28.9,1156.0,B465_ARC _C3_slice7-Ort.czi,old,pomc,upper
261,24.0,28.125,675.0,B465_ARC _C3_slice7-Ort.czi,old,pomc,upper
262,8.0,22.375,179.0,B465_ARC _C3_slice7-Ort.czi,old,pomc,upper
263,6.0,26.833333333333332,161.0,B465_ARC _C3_slice7-Ort.czi,old,pomc,upper
264,154.0,33.24025974025974,5119.0,B465_ARC _C3_slice7-Ort.czi,old,pomc,upper
265,57.0,33.6140350877193,1916.0000000000002,B465_ARC _C3_slice7-Ort.czi,old,pomc,upper
266,49.0,25.93877551020408,1271.0,B465_ARC _C3_slice7-Ort.czi,old,pomc,upper
267,10.0,31.9,319.0,B465_ARC _C3_slice7-Ort.czi,old,pomc,upper
268,16.0,36.875,590.0,B465_ARC _C3_slice7-Ort.czi,old,pomc,upper
269,4.0,25.25,101.0,B465_ARC _C3_slice7-Ort.czi,old,pomc,upper
270,27.0,32.888888888888886,887.9999999999999,B465_ARC _C3_slice7-Ort.czi,old,pomc,upper
271,6451.0,28.436211440086808,183442.0,B465_ARC _C3_slice7-Ort.czi,old,pomc,upper
272,47.0,25.148936170212767,1182.0,B465_ARC _C3_slice7-Ort.czi,old,pomc,upper
273,16.0,29.125,466.0,B465_ARC _C3_slice7-Ort.czi,old,pomc,upper
274,40.0,23.75,950.0,B465_ARC _C3_slice7-Ort.czi,old,pomc,upper
275,19.0,35.421052631578945,673.0,B465_ARC _C3_slice7-Ort.czi,old,pomc,upper
276,17.0,25.0,425.0,B465_ARC _C3_slice7-Ort.czi,old,pomc,upper
277,6.0,29.333333333333332,176.0,B465_ARC _C3_slice7-Ort.czi,old,pomc,upper
278,27.0,26.814814814814813,724.0,B465_ARC _C3_slice7-Ort.czi,old,pomc,upper
279,30.0,26.2,786.0,B465_ARC _C3_slice7-Ort.czi,old,pomc,upper
280,52.0,23.403846153846153,1217.0,B465_ARC _C3_slice7-Ort.czi,old,pomc,upper
281,24.0,23.458333333333332,563.0,B465_ARC _C3_slice7-Ort.czi,old,pomc,upper
282,101.0,26.564356435643564,2683.0,B465_ARC _C3_slice7-Ort.czi,old,pomc,upper
283,99.0,31.707070707070706,3139.0,B465_ARC _C3_slice7-Ort.czi,old,pomc,upper
284,2.0,24.0,48.0,B465_ARC _C3_slice7-Ort.czi,old,pomc,upper
285,20.0,22.9,458.0,B465_ARC _C3_slice7-Ort.czi,old,pomc,upper
286,27.0,25.62962962962963,692.0,B465_ARC _C3_slice7-Ort.czi,old,pomc,upper
287,22.0,21.59090909090909,475.0,B465_ARC _C3_slice7-Ort.czi,old,pomc,upper
288,100.0,21.69,2169.0,B465_ARC _C3_slice7-Ort.czi,old,pomc,upper
289,32.0,24.09375,771.0,B465_ARC _C3_slice7-Ort.czi,old,pomc,upper
290,60.0,21.45,1287.0,B465_ARC _C3_slice7-Ort.czi,old,pomc,upper
291,2.0,20.0,40.0,B465_ARC _C3_slice7-Ort.czi,old,pomc,upper
292,1.0,17.0,17.0,B465_ARC _C3_slice7-Ort.czi,old,pomc,upper
293,3.0,24.0,72.0,B465_ARC _C3_slice7-Ort.czi,old,pomc,upper
294,9331.0,28.59489872468117,266819.0,B465_ARC _C3_slice7-Ort.czi,old,pomc,upper
295,13390.0,28.575354742345034,382624.0,B465_ARC _C3_slice7-Ort.czi,old,pomc,upper
296,22.0,40.72727272727273,896.0,B465_ARC _C3_slice7-Ort.czi,old,pomc,upper
297,1.0,23.0,23.0,B465_ARC _C3_slice7-Ort.czi,old,pomc,upper
298,115.0,29.295652173913044,3369.0,B465_ARC _C3_slice7-Ort.czi,old,pomc,upper
299,248.0,23.467741935483872,5820.0,B465_ARC _C3_slice7-Ort.czi,old,pomc,upper
300,40.0,26.1,1044.0,B465_ARC _C3_slice7-Ort.czi,old,pomc,upper
301,3.0,36.666666666666664,110.0,B465_ARC _C3_slice7-Ort.czi,old,pomc,upper
302,19.0,45.10526315789474,857.0,B465_ARC _C3_slice7-Ort.czi,old,pomc,upper
303,29.0,40.758620689655174,1182.0,B465_ARC _C3_slice7-Ort.czi,old,pomc,upper
304,8.0,50.0,400.0,B465_ARC _C3_slice7-Ort.czi,old,pomc,upper
305,1.0,34.0,34.0,B465_ARC _C3_slice7-Ort.czi,old,pomc,upper
306,4.0,16.5,66.0,B465_ARC _C3_slice7-Ort.czi,old,pomc,upper
307,28.0,22.607142857142858,633.0,B465_ARC _C3_slice7-Ort.czi,old,pomc,upper
308,37.0,22.27027027027027,824.0,B465_ARC _C3_slice7-Ort.czi,old,pomc,upper
309,9.0,31.666666666666668,285.0,B465_ARC _C3_slice7-Ort.czi,old,pomc,upper
310,43.0,24.325581395348838,1046.0,B465_ARC _C3_slice7-Ort.czi,old,pomc,upper
311,23.0,32.91304347826087,757.0,B465_ARC _C3_slice7-Ort.czi,old,pomc,upper
312,107.0,22.64485981308411,2423.0,B465_ARC _C3_slice7-Ort.czi,old,pomc,upper
313,34.0,30.558823529411764,1039.0,B465_ARC _C3_slice7-Ort.czi,old,pomc,upper
314,17.0,21.647058823529413,368.0,B465_ARC _C3_slice7-Ort.czi,old,pomc,upper
315,69.0,26.26086956521739,1812.0,B465_ARC _C3_slice7-Ort.czi,old,pomc,upper
316,62.0,25.129032258064516,1558.0,B465_ARC _C3_slice7-Ort.czi,old,pomc,upper
317,20.0,40.05,801.0,B465_ARC _C3_slice7-Ort.czi,old,pomc,upper
318,7.0,25.857142857142858,181.0,B465_ARC _C3_slice7-Ort.czi,old,pomc,upper
319,25.0,38.28,957.0,B465_ARC _C3_slice7-Ort.czi,old,pomc,upper
320,17.0,31.0,527.0,B465_ARC _C3_slice7-Ort.czi,old,pomc,upper
321,32.0,22.28125,713.0,B465_ARC _C3_slice7-Ort.czi,old,pomc,upper
322,16.0,21.0,336.0,B465_ARC _C3_slice7-Ort.czi,old,pomc,upper
323,90.0,25.233333333333334,2271.0,B465_ARC _C3_slice7-Ort.czi,old,pomc,upper
324,14.0,39.785714285714285,557.0,B465_ARC _C3_slice7-Ort.czi,old,pomc,upper
325,58.0,24.46551724137931,1419.0,B465_ARC _C3_slice7-Ort.czi,old,pomc,upper
326,27.0,24.48148148148148,661.0,B465_ARC _C3_slice7-Ort.czi,old,pomc,upper
327,53.0,27.867924528301888,1477.0,B465_ARC _C3_slice7-Ort.czi,old,pomc,upper
328,123.0,33.03252032520325,4063.0,B465_ARC _C3_slice7-Ort.czi,old,pomc,upper
329,4.0,18.25,73.0,B465_ARC _C3_slice7-Ort.czi,old,pomc,upper
330,38.0,33.78947368421053,1284.0,B465_ARC _C3_slice7-Ort.czi,old,pomc,upper
331,50.0,24.62,1231.0,B465_ARC _C3_slice7-Ort.czi,old,pomc,upper
332,35.0,28.257142857142856,989.0,B465_ARC _C3_slice7-Ort.czi,old,pomc,upper
333,64.0,25.984375,1663.0,B465_ARC _C3_slice7-Ort.czi,old,pomc,upper
334,13.0,26.076923076923077,339.0,B465_ARC _C3_slice7-Ort.czi,old,pomc,upper
335,79.0,38.12658227848101,3012.0,B465_ARC _C3_slice7-Ort.czi,old,pomc,upper
336,23.0,40.34782608695652,928.0,B465_ARC _C3_slice7-Ort.czi,old,pomc,upper
337,1.0,18.0,18.0,B465_ARC _C3_slice7-Ort.czi,old,pomc,upper
338,12.0,21.416666666666668,257.0,B465_ARC _C3_slice7-Ort.czi,old,pomc,upper
339,10.0,19.6,196.0,B465_ARC _C3_slice7-Ort.czi,old,pomc,upper
340,15.0,25.533333333333335,383.0,B465_ARC _C3_slice7-Ort.czi,old,pomc,upper
341,44.0,29.34090909090909,1291.0,B465_ARC _C3_slice7-Ort.czi,old,pomc,upper
342,17.0,21.58823529411765,367.0,B465_ARC _C3_slice7-Ort.czi,old,pomc,upper
343,40.0,27.325,1093.0,B465_ARC _C3_slice7-Ort.czi,old,pomc,upper
344,1.0,19.0,19.0,B465_ARC _C3_slice7-Ort.czi,old,pomc,upper
345,9.0,28.666666666666668,258.0,B465_ARC _C3_slice7-Ort.czi,old,pomc,upper
346,21.0,26.38095238095238,554.0,B465_ARC _C3_slice7-Ort.czi,old,pomc,upper
347,16.0,31.9375,511.0,B465_ARC _C3_slice7-Ort.czi,old,pomc,upper
348,1184.0,27.533783783783782,32600.0,B465_ARC _C3_slice7-Ort.czi,old,pomc,upper
349,5.0,27.4,137.0,B465_ARC _C3_slice7-Ort.czi,old,pomc,upper
350,36.0,34.416666666666664,1239.0,B465_ARC _C3_slice7-Ort.czi,old,pomc,upper
351,140.0,27.37142857142857,3832.0,B465_ARC _C3_slice7-Ort.czi,old,pomc,upper
352,4.0,51.25,205.0,B465_ARC _C3_slice7-Ort.czi,old,pomc,upper
353,130.0,24.43076923076923,3176.0,B465_ARC _C3_slice7-Ort.czi,old,pomc,upper
354,17.0,29.235294117647058,497.0,B465_ARC _C3_slice7-Ort.czi,old,pomc,upper
355,44.0,26.34090909090909,1159.0,B465_ARC _C3_slice7-Ort.czi,old,pomc,upper
356,22.0,20.0,440.0,B465_ARC _C3_slice7-Ort.czi,old,pomc,upper
357,1.0,23.0,23.0,B465_ARC _C3_slice7-Ort.czi,old,pomc,upper
358,23.0,28.52173913043478,656.0,B465_ARC _C3_slice7-Ort.czi,old,pomc,upper
359,34.0,29.941176470588236,1018.0,B465_ARC _C3_slice7-Ort.czi,old,pomc,upper
360,18.0,30.166666666666668,543.0,B465_ARC _C3_slice7-Ort.czi,old,pomc,upper
361,53.0,33.056603773584904,1752.0,B465_ARC _C3_slice7-Ort.czi,old,pomc,upper
362,35.0,48.08571428571429,1683.0,B465_ARC _C3_slice7-Ort.czi,old,pomc,upper
363,31.0,29.129032258064516,903.0,B465_ARC _C3_slice7-Ort.czi,old,pomc,upper
364,4.0,34.75,139.0,B465_ARC _C3_slice7-Ort.czi,old,pomc,upper
365,16.0,26.875,430.0,B465_ARC _C3_slice7-Ort.czi,old,pomc,upper
366,29.0,30.93103448275862,897.0,B465_ARC _C3_slice7-Ort.czi,old,pomc,upper
367,50.0,24.3,1215.0,B465_ARC _C3_slice7-Ort.czi,old,pomc,upper
368,35.0,26.17142857142857,916.0,B465_ARC _C3_slice7-Ort.czi,old,pomc,upper
369,72.0,26.34722222222222,1897.0,B465_ARC _C3_slice7-Ort.czi,old,pomc,upper
370,13.0,25.846153846153847,336.0,B465_ARC _C3_slice7-Ort.czi,old,pomc,upper
371,44.0,24.136363636363637,1062.0,B465_ARC _C3_slice7-Ort.czi,old,pomc,upper
372,9.0,29.11111111111111,262.0,B465_ARC _C3_slice7-Ort.czi,old,pomc,upper
373,4.0,15.0,60.0,B465_ARC _C3_slice7-Ort.czi,old,pomc,upper
374,24.0,26.75,642.0,B465_ARC _C3_slice7-Ort.czi,old,pomc,upper
375,11.0,29.818181818181817,328.0,B465_ARC _C3_slice7-Ort.czi,old,pomc,upper
376,7.0,45.285714285714285,317.0,B465_ARC _C3_slice7-Ort.czi,old,pomc,upper
377,20.0,33.95,679.0,B465_ARC _C3_slice7-Ort.czi,old,pomc,upper
378,4.0,22.5,90.0,B465_ARC _C3_slice7-Ort.czi,old,pomc,upper
379,55.0,25.054545454545455,1378.0,B465_ARC _C3_slice7-Ort.czi,old,pomc,upper
380,2.0,34.5,69.0,B465_ARC _C3_slice7-Ort.czi,old,pomc,upper
381,1.0,28.0,28.0,B465_ARC _C3_slice7-Ort.czi,old,pomc,upper
382,2.0,26.0,52.0,B465_ARC _C3_slice7-Ort.czi,old,pomc,upper
383,11.0,22.818181818181817,250.99999999999997,B465_ARC _C3_slice7-Ort.czi,old,pomc,upper
384,175.0,25.074285714285715,4388.0,B465_ARC _C3_slice7-Ort.czi,old,pomc,upper
385,9.0,31.11111111111111,280.0,B465_ARC _C3_slice7-Ort.czi,old,pomc,upper
386,1.0,20.0,20.0,B465_ARC _C3_slice7-Ort.czi,old,pomc,upper
387,38.0,35.55263157894737,1351.0,B465_ARC _C3_slice7-Ort.czi,old,pomc,upper
388,54.0,30.314814814814813,1637.0,B465_ARC _C3_slice7-Ort.czi,old,pomc,upper
389,35.0,24.114285714285714,844.0,B465_ARC _C3_slice7-Ort.czi,old,pomc,upper
390,40.0,31.425,1257.0,B465_ARC _C3_slice7-Ort.czi,old,pomc,upper
391,20.0,30.95,619.0,B465_ARC _C3_slice7-Ort.czi,old,pomc,upper
392,18.0,29.666666666666668,534.0,B465_ARC _C3_slice7-Ort.czi,old,pomc,upper
393,28.0,31.25,875.0,B465_ARC _C3_slice7-Ort.czi,old,pomc,upper
394,40.0,24.825,993.0,B465_ARC _C3_slice7-Ort.czi,old,pomc,upper
395,23.0,20.217391304347824,464.99999999999994,B465_ARC _C3_slice7-Ort.czi,old,pomc,upper
396,53.0,21.660377358490567,1148.0,B465_ARC _C3_slice7-Ort.czi,old,pomc,upper
397,46.0,26.434782608695652,1216.0,B465_ARC _C3_slice7-Ort.czi,old,pomc,upper
398,30.0,26.5,795.0,B465_ARC _C3_slice7-Ort.czi,old,pomc,upper
399,59.0,28.10169491525424,1658.0,B465_ARC _C3_slice7-Ort.czi,old,pomc,upper
400,24.0,29.416666666666668,706.0,B465_ARC _C3_slice7-Ort.czi,old,pomc,upper
401,59.0,24.47457627118644,1444.0,B465_ARC _C3_slice7-Ort.czi,old,pomc,upper
402,51.0,31.098039215686274,1586.0,B465_ARC _C3_slice7-Ort.czi,old,pomc,upper
403,35.0,24.942857142857143,873.0,B465_ARC _C3_slice7-Ort.czi,old,pomc,upper
404,55.0,25.636363636363637,1410.0,B465_ARC _C3_slice7-Ort.czi,old,pomc,upper
405,24.0,25.666666666666668,616.0,B465_ARC _C3_slice7-Ort.czi,old,pomc,upper
406,4.0,19.75,79.0,B465_ARC _C3_slice7-Ort.czi,old,pomc,upper
407,35.0,29.17142857142857,1021.0,B465_ARC _C3_slice7-Ort.czi,old,pomc,upper
408,91.0,23.263736263736263,2117.0,B465_ARC _C3_slice7-Ort.czi,old,pomc,upper
409,116.0,30.767241379310345,3569.0,B465_ARC _C3_slice7-Ort.czi,old,pomc,upper
410,1264.0,30.060126582278482,37996.0,B465_ARC _C3_slice7-Ort.czi,old,pomc,upper
411,14.0,39.5,553.0,B465_ARC _C3_slice7-Ort.czi,old,pomc,upper
412,45.0,29.244444444444444,1316.0,B465_ARC _C3_slice7-Ort.czi,old,pomc,upper
413,66.0,32.65151515151515,2155.0,B465_ARC _C3_slice7-Ort.czi,old,pomc,upper
414,81.0,28.02469135802469,2270.0,B465_ARC _C3_slice7-Ort.czi,old,pomc,upper
415,174.0,33.9367816091954,5905.0,B465_ARC _C3_slice7-Ort.czi,old,pomc,upper
416,6.0,19.333333333333332,116.0,B465_ARC _C3_slice7-Ort.czi,old,pomc,upper
417,14.0,31.142857142857142,436.0,B465_ARC _C3_slice7-Ort.czi,old,pomc,upper
418,12.0,26.166666666666668,314.0,B465_ARC _C3_slice7-Ort.czi,old,pomc,upper
419,21.0,20.047619047619047,421.0,B465_ARC _C3_slice7-Ort.czi,old,pomc,upper
420,32.0,19.78125,633.0,B465_ARC _C3_slice7-Ort.czi,old,pomc,upper
421,53.0,27.433962264150942,1454.0,B465_ARC _C3_slice7-Ort.czi,old,pomc,upper
422,39.0,27.94871794871795,1090.0,B465_ARC _C3_slice7-Ort.czi,old,pomc,upper
423,19.0,27.63157894736842,525.0,B465_ARC _C3_slice7-Ort.czi,old,pomc,upper
424,46.0,27.065217391304348,1245.0,B465_ARC _C3_slice7-Ort.czi,old,pomc,upper
425,17.0,22.058823529411764,375.0,B465_ARC _C3_slice7-Ort.czi,old,pomc,upper
426,211.0,23.729857819905213,5007.0,B465_ARC _C3_slice7-Ort.czi,old,pomc,upper
427,105.0,26.62857142857143,2796.0,B465_ARC _C3_slice7-Ort.czi,old,pomc,upper
428,86.0,25.674418604651162,2208.0,B465_ARC _C3_slice7-Ort.czi,old,pomc,upper
429,1.0,12.0,12.0,B465_ARC _C3_slice7-Ort.czi,old,pomc,upper
430,3.0,21.0,63.0,B465_ARC _C3_slice7-Ort.czi,old,pomc,upper
431,52.0,26.634615384615383,1385.0,B465_ARC _C3_slice7-Ort.czi,old,pomc,upper
432,19.0,22.57894736842105,429.0,B465_ARC _C3_slice7-Ort.czi,old,pomc,upper
433,15.0,22.733333333333334,341.0,B465_ARC _C3_slice7-Ort.czi,old,pomc,upper
434,44.0,32.29545454545455,1421.0,B465_ARC _C3_slice7-Ort.czi,old,pomc,upper
435,6.0,18.333333333333332,110.0,B465_ARC _C3_slice7-Ort.czi,old,pomc,upper
436,15.0,28.266666666666666,424.0,B465_ARC _C3_slice7-Ort.czi,old,pomc,upper
437,16.0,19.5,312.0,B465_ARC _C3_slice7-Ort.czi,old,pomc,upper
438,261.0,27.796934865900383,7255.0,B465_ARC _C3_slice7-Ort.czi,old,pomc,upper
439,1.0,16.0,16.0,B465_ARC _C3_slice7-Ort.czi,old,pomc,upper
440,69.0,26.44927536231884,1825.0,B465_ARC _C3_slice7-Ort.czi,old,pomc,upper
441,34.0,24.705882352941178,840.0,B465_ARC _C3_slice7-Ort.czi,old,pomc,upper
442,118.0,26.610169491525422,3140.0,B465_ARC _C3_slice7-Ort.czi,old,pomc,upper
443,69.0,26.07246376811594,1799.0,B465_ARC _C3_slice7-Ort.czi,old,pomc,upper
444,23.0,28.391304347826086,653.0,B465_ARC _C3_slice7-Ort.czi,old,pomc,upper
445,6774.0,29.62046058458813,200649.0,B465_ARC _C3_slice7-Ort.czi,old,pomc,upper
446,9.0,34.111111111111114,307.0,B465_ARC _C3_slice7-Ort.czi,old,pomc,upper
447,33.0,21.333333333333332,704.0,B465_ARC _C3_slice7-Ort.czi,old,pomc,upper
448,66.0,27.515151515151516,1816.0,B465_ARC _C3_slice7-Ort.czi,old,pomc,upper
449,27.0,23.037037037037038,622.0,B465_ARC _C3_slice7-Ort.czi,old,pomc,upper
450,195.0,23.246153846153845,4533.0,B465_ARC _C3_slice7-Ort.czi,old,pomc,upper
451,18.0,29.38888888888889,529.0,B465_ARC _C3_slice7-Ort.czi,old,pomc,upper
452,32.0,26.34375,843.0,B465_ARC _C3_slice7-Ort.czi,old,pomc,upper
453,3.0,23.0,69.0,B465_ARC _C3_slice7-Ort.czi,old,pomc,upper
454,72.0,30.666666666666668,2208.0,B465_ARC _C3_slice7-Ort.czi,old,pomc,upper
455,24.0,21.666666666666668,520.0,B465_ARC _C3_slice7-Ort.czi,old,pomc,upper
456,18.0,24.333333333333332,438.0,B465_ARC _C3_slice7-Ort.czi,old,pomc,upper
457,38.0,22.157894736842106,842.0,B465_ARC _C3_slice7-Ort.czi,old,pomc,upper
458,21.0,24.857142857142858,522.0,B465_ARC _C3_slice7-Ort.czi,old,pomc,upper
459,116.0,23.56896551724138,2734.0,B465_ARC _C3_slice7-Ort.czi,old,pomc,upper
460,122.0,23.860655737704917,2911.0,B465_ARC _C3_slice7-Ort.czi,old,pomc,upper
461,54.0,28.61111111111111,1545.0,B465_ARC _C3_slice7-Ort.czi,old,pomc,upper
462,91.0,34.010989010989015,3095.0000000000005,B465_ARC _C3_slice7-Ort.czi,old,pomc,upper
463,1.0,26.0,26.0,B465_ARC _C3_slice7-Ort.czi,old,pomc,upper
464,22.0,21.318181818181817,468.99999999999994,B465_ARC _C3_slice7-Ort.czi,old,pomc,upper
465,62.0,25.612903225806452,1588.0,B465_ARC _C3_slice7-Ort.czi,old,pomc,upper
466,34.0,34.970588235294116,1189.0,B465_ARC _C3_slice7-Ort.czi,old,pomc,upper
467,12.0,26.25,315.0,B465_ARC _C3_slice7-Ort.czi,old,pomc,upper
468,5.0,44.8,224.0,B465_ARC _C3_slice7-Ort.czi,old,pomc,upper
469,42.0,25.714285714285715,1080.0,B465_ARC _C3_slice7-Ort.czi,old,pomc,upper
470,27.0,32.22222222222222,870.0,B465_ARC _C3_slice7-Ort.czi,old,pomc,upper
471,39.0,25.205128205128204,983.0,B465_ARC _C3_slice7-Ort.czi,old,pomc,upper
472,31.0,27.677419354838708,858.0,B465_ARC _C3_slice7-Ort.czi,old,pomc,upper
473,55.0,23.636363636363637,1300.0,B465_ARC _C3_slice7-Ort.czi,old,pomc,upper
474,29.0,25.79310344827586,748.0,B465_ARC _C3_slice7-Ort.czi,old,pomc,upper
475,49.0,30.79591836734694,1509.0,B465_ARC _C3_slice7-Ort.czi,old,pomc,upper
476,97.0,26.88659793814433,2608.0,B465_ARC _C3_slice7-Ort.czi,old,pomc,upper
477,57.0,29.70175438596491,1693.0,B465_ARC _C3_slice7-Ort.czi,old,pomc,upper
478,92.0,22.26086956521739,2048.0,B465_ARC _C3_slice7-Ort.czi,old,pomc,upper
479,3.0,19.0,57.0,B465_ARC _C3_slice7-Ort.czi,old,pomc,upper
480,63.0,27.634920634920636,1741.0,B465_ARC _C3_slice7-Ort.czi,old,pomc,upper
481,34.0,30.41176470588235,1034.0,B465_ARC _C3_slice7-Ort.czi,old,pomc,upper
482,12.0,22.916666666666668,275.0,B465_ARC _C3_slice7-Ort.czi,old,pomc,upper
483,50.0,24.06,1203.0,B465_ARC _C3_slice7-Ort.czi,old,pomc,upper
484,14.0,23.285714285714285,326.0,B465_ARC _C3_slice7-Ort.czi,old,pomc,upper
485,59.0,22.983050847457626,1356.0,B465_ARC _C3_slice7-Ort.czi,old,pomc,upper
486,98.0,24.418367346938776,2393.0,B465_ARC _C3_slice7-Ort.czi,old,pomc,upper
487,25.0,27.36,684.0,B465_ARC _C3_slice7-Ort.czi,old,pomc,upper
488,54.0,25.37037037037037,1370.0,B465_ARC _C3_slice7-Ort.czi,old,pomc,upper
489,28.0,24.035714285714285,673.0,B465_ARC _C3_slice7-Ort.czi,old,pomc,upper
490,3.0,24.333333333333332,73.0,B465_ARC _C3_slice7-Ort.czi,old,pomc,upper
491,24.0,35.791666666666664,859.0,B465_ARC _C3_slice7-Ort.czi,old,pomc,upper
492,54.0,27.14814814814815,1466.0,B465_ARC _C3_slice7-Ort.czi,old,pomc,upper
493,18.0,20.61111111111111,371.0,B465_ARC _C3_slice7-Ort.czi,old,pomc,upper
494,5.0,35.4,177.0,B465_ARC _C3_slice7-Ort.czi,old,pomc,upper
495,8.0,31.125,249.0,B465_ARC _C3_slice7-Ort.czi,old,pomc,upper
496,50.0,27.74,1387.0,B465_ARC _C3_slice7-Ort.czi,old,pomc,upper
497,203.0,26.2807881773399,5335.0,B465_ARC _C3_slice7-Ort.czi,old,pomc,upper
498,1.0,23.0,23.0,B465_ARC _C3_slice7-Ort.czi,old,pomc,upper
499,55.0,24.527272727272727,1349.0,B465_ARC _C3_slice7-Ort.czi,old,pomc,upper
500,29.0,29.379310344827587,852.0,B465_ARC _C3_slice7-Ort.czi,old,pomc,upper
501,61.0,25.83606557377049,1576.0,B465_ARC _C3_slice7-Ort.czi,old,pomc,upper
502,1.0,39.0,39.0,B465_ARC _C3_slice7-Ort.czi,old,pomc,upper
503,1.0,14.0,14.0,B465_ARC _C3_slice7-Ort.czi,old,pomc,upper
504,36.0,21.77777777777778,784.0,B465_ARC _C3_slice7-Ort.czi,old,pomc,upper
505,84.0,22.976190476190474,1929.9999999999998,B465_ARC _C3_slice7-Ort.czi,old,pomc,upper
506,72.0,25.25,1818.0,B465_ARC _C3_slice7-Ort.czi,old,pomc,upper
507,6.0,28.333333333333332,170.0,B465_ARC _C3_slice7-Ort.czi,old,pomc,upper
508,6.0,28.333333333333332,170.0,B465_ARC _C3_slice7-Ort.czi,old,pomc,upper
509,61.0,22.081967213114755,1347.0,B465_ARC _C3_slice7-Ort.czi,old,pomc,upper
510,218.0,26.03669724770642,5676.0,B465_ARC _C3_slice7-Ort.czi,old,pomc,upper
511,18.0,33.666666666666664,606.0,B465_ARC _C3_slice7-Ort.czi,old,pomc,upper
512,462.0,22.471861471861473,10382.0,B465_ARC _C3_slice7-Ort.czi,old,pomc,upper
513,17.0,26.235294117647058,446.0,B465_ARC _C3_slice7-Ort.czi,old,pomc,upper
514,25.0,37.36,934.0,B465_ARC _C3_slice7-Ort.czi,old,pomc,upper
515,62.0,30.096774193548388,1866.0,B465_ARC _C3_slice7-Ort.czi,old,pomc,upper
516,194.0,25.072164948453608,4864.0,B465_ARC _C3_slice7-Ort.czi,old,pomc,upper
517,85.0,28.647058823529413,2435.0,B465_ARC _C3_slice7-Ort.czi,old,pomc,upper
518,53.0,26.943396226415093,1428.0,B465_ARC _C3_slice7-Ort.czi,old,pomc,upper
519,52.0,28.76923076923077,1496.0,B465_ARC _C3_slice7-Ort.czi,old,pomc,upper
520,13.0,25.46153846153846,331.0,B465_ARC _C3_slice7-Ort.czi,old,pomc,upper
521,12.0,30.083333333333332,361.0,B465_ARC _C3_slice7-Ort.czi,old,pomc,upper
522,61.0,23.114754098360656,1410.0,B465_ARC _C3_slice7-Ort.czi,old,pomc,upper
523,36.0,29.583333333333332,1065.0,B465_ARC _C3_slice7-Ort.czi,old,pomc,upper
524,14.0,25.642857142857142,359.0,B465_ARC _C3_slice7-Ort.czi,old,pomc,upper
525,223.0,22.04035874439462,4915.0,B465_ARC _C3_slice7-Ort.czi,old,pomc,upper
526,101.0,27.524752475247524,2780.0,B465_ARC _C3_slice7-Ort.czi,old,pomc,upper
527,57.0,27.12280701754386,1546.0,B465_ARC _C3_slice7-Ort.czi,old,pomc,upper
528,46.0,28.17391304347826,1296.0,B465_ARC _C3_slice7-Ort.czi,old,pomc,upper
529,80.0,26.2875,2103.0,B465_ARC _C3_slice7-Ort.czi,old,pomc,upper
530,9.0,28.88888888888889,260.0,B465_ARC _C3_slice7-Ort.czi,old,pomc,upper
531,12.0,41.416666666666664,497.0,B465_ARC _C3_slice7-Ort.czi,old,pomc,upper
532,39.0,21.17948717948718,826.0,B465_ARC _C3_slice7-Ort.czi,old,pomc,upper
533,108.0,24.75925925925926,2674.0,B465_ARC _C3_slice7-Ort.czi,old,pomc,upper
534,1.0,9.0,9.0,B465_ARC _C3_slice7-Ort.czi,old,pomc,upper
535,16.0,35.125,562.0,B465_ARC _C3_slice7-Ort.czi,old,pomc,upper
536,40.0,26.725,1069.0,B465_ARC _C3_slice7-Ort.czi,old,pomc,upper
537,2.0,22.5,45.0,B465_ARC _C3_slice7-Ort.czi,old,pomc,upper
538,7.0,25.142857142857142,176.0,B465_ARC _C3_slice7-Ort.czi,old,pomc,upper
539,22.0,27.227272727272727,599.0,B465_ARC _C3_slice7-Ort.czi,old,pomc,upper
540,53.0,28.0188679245283,1485.0,B465_ARC _C3_slice7-Ort.czi,old,pomc,upper
541,13.0,21.307692307692307,277.0,B465_ARC _C3_slice7-Ort.czi,old,pomc,upper
542,39.0,31.435897435897434,1226.0,B465_ARC _C3_slice7-Ort.czi,old,pomc,upper
543,138.0,24.565217391304348,3390.0,B465_ARC _C3_slice7-Ort.czi,old,pomc,upper
544,1.0,23.0,23.0,B465_ARC _C3_slice7-Ort.czi,old,pomc,upper
545,160.0,26.525,4244.0,B465_ARC _C3_slice7-Ort.czi,old,pomc,upper
546,34.0,25.529411764705884,868.0,B465_ARC _C3_slice7-Ort.czi,old,pomc,upper
547,5.0,18.6,93.0,B465_ARC _C3_slice7-Ort.czi,old,pomc,upper
548,42.0,29.857142857142858,1254.0,B465_ARC _C3_slice7-Ort.czi,old,pomc,upper
549,41.0,26.536585365853657,1088.0,B465_ARC _C3_slice7-Ort.czi,old,pomc,upper
550,52.0,31.115384615384617,1618.0,B465_ARC _C3_slice7-Ort.czi,old,pomc,upper
551,32.0,26.1875,838.0,B465_ARC _C3_slice7-Ort.czi,old,pomc,upper
552,21.0,24.333333333333332,511.0,B465_ARC _C3_slice7-Ort.czi,old,pomc,upper
553,1.0,26.0,26.0,B465_ARC _C3_slice7-Ort.czi,old,pomc,upper
554,47.0,28.51063829787234,1340.0,B465_ARC _C3_slice7-Ort.czi,old,pomc,upper
555,24.0,31.875,765.0,B465_ARC _C3_slice7-Ort.czi,old,pomc,upper
556,1.0,13.0,13.0,B465_ARC _C3_slice7-Ort.czi,old,pomc,upper
557,7.0,29.285714285714285,205.0,B465_ARC _C3_slice7-Ort.czi,old,pomc,upper
558,57.0,22.614035087719298,1289.0,B465_ARC _C3_slice7-Ort.czi,old,pomc,upper
559,53.0,24.264150943396228,1286.0,B465_ARC _C3_slice7-Ort.czi,old,pomc,upper
560,17.0,24.58823529411765,418.0,B465_ARC _C3_slice7-Ort.czi,old,pomc,upper
561,395.0,22.944303797468354,9063.0,B465_ARC _C3_slice7-Ort.czi,old,pomc,upper
562,34.0,30.38235294117647,1033.0,B465_ARC _C3_slice7-Ort.czi,old,pomc,upper
563,53.0,27.18867924528302,1441.0,B465_ARC _C3_slice7-Ort.czi,old,pomc,upper
564,115.0,26.026086956521738,2993.0,B465_ARC _C3_slice7-Ort.czi,old,pomc,upper
565,26.0,25.03846153846154,651.0,B465_ARC _C3_slice7-Ort.czi,old,pomc,upper
566,66.0,27.136363636363637,1791.0,B465_ARC _C3_slice7-Ort.czi,old,pomc,upper
567,55.0,19.945454545454545,1097.0,B465_ARC _C3_slice7-Ort.czi,old,pomc,upper
568,109.0,25.98165137614679,2832.0,B465_ARC _C3_slice7-Ort.czi,old,pomc,upper
569,16.0,21.5,344.0,B465_ARC _C3_slice7-Ort.czi,old,pomc,upper
570,389.0,24.516709511568124,9537.0,B465_ARC _C3_slice7-Ort.czi,old,pomc,upper
571,311.0,26.575562700964632,8265.0,B465_ARC _C3_slice7-Ort.czi,old,pomc,upper
572,49.0,26.163265306122447,1282.0,B465_ARC _C3_slice7-Ort.czi,old,pomc,upper
573,8.0,18.625,149.0,B465_ARC _C3_slice7-Ort.czi,old,pomc,upper
574,53.0,23.0,1219.0,B465_ARC _C3_slice7-Ort.czi,old,pomc,upper
575,45.0,24.91111111111111,1121.0,B465_ARC _C3_slice7-Ort.czi,old,pomc,upper
576,66.0,25.015151515151516,1651.0,B465_ARC _C3_slice7-Ort.czi,old,pomc,upper
577,1.0,29.0,29.0,B465_ARC _C3_slice7-Ort.czi,old,pomc,upper
578,90.0,24.966666666666665,2247.0,B465_ARC _C3_slice7-Ort.czi,old,pomc,upper
579,17.0,25.647058823529413,436.0,B465_ARC _C3_slice7-Ort.czi,old,pomc,upper
580,22.0,32.63636363636363,717.9999999999999,B465_ARC _C3_slice7-Ort.czi,old,pomc,upper
581,7.0,18.571428571428573,130.0,B465_ARC _C3_slice7-Ort.czi,old,pomc,upper
582,291.0,23.79381443298969,6924.0,B465_ARC _C3_slice7-Ort.czi,old,pomc,upper
583,84.0,29.428571428571427,2472.0,B465_ARC _C3_slice7-Ort.czi,old,pomc,upper
584,31.0,28.70967741935484,890.0,B465_ARC _C3_slice7-Ort.czi,old,pomc,upper
585,15.0,27.266666666666666,409.0,B465_ARC _C3_slice7-Ort.czi,old,pomc,upper
586,125.0,27.648,3456.0,B465_ARC _C3_slice7-Ort.czi,old,pomc,upper
587,79.0,21.27848101265823,1681.0000000000002,B465_ARC _C3_slice7-Ort.czi,old,pomc,upper
588,71.0,27.323943661971832,1940.0,B465_ARC _C3_slice7-Ort.czi,old,pomc,upper
589,1.0,12.0,12.0,B465_ARC _C3_slice7-Ort.czi,old,pomc,upper
590,64.0,25.75,1648.0,B465_ARC _C3_slice7-Ort.czi,old,pomc,upper
591,72.0,24.90277777777778,1793.0,B465_ARC _C3_slice7-Ort.czi,old,pomc,upper
592,61.0,26.65573770491803,1626.0,B465_ARC _C3_slice7-Ort.czi,old,pomc,upper
593,228.0,27.42543859649123,6253.0,B465_ARC _C3_slice7-Ort.czi,old,pomc,upper
594,5.0,41.6,208.0,B465_ARC _C3_slice7-Ort.czi,old,pomc,upper
595,155.0,22.09032258064516,3424.0,B465_ARC _C3_slice7-Ort.czi,old,pomc,upper
596,62.0,28.306451612903224,1755.0,B465_ARC _C3_slice7-Ort.czi,old,pomc,upper
597,1.0,27.0,27.0,B465_ARC _C3_slice7-Ort.czi,old,pomc,upper
598,29.0,24.79310344827586,719.0,B465_ARC _C3_slice7-Ort.czi,old,pomc,upper
599,3.0,28.333333333333332,85.0,B465_ARC _C3_slice7-Ort.czi,old,pomc,upper
600,88.0,26.65909090909091,2346.0,B465_ARC _C3_slice7-Ort.czi,old,pomc,upper
601,51.0,23.294117647058822,1188.0,B465_ARC _C3_slice7-Ort.czi,old,pomc,upper
602,76.0,29.592105263157894,2249.0,B465_ARC _C3_slice7-Ort.czi,old,pomc,upper
603,6.0,37.166666666666664,223.0,B465_ARC _C3_slice7-Ort.czi,old,pomc,upper
604,284.0,23.989436619718308,6812.999999999999,B465_ARC _C3_slice7-Ort.czi,old,pomc,upper
605,129.0,28.426356589147286,3667.0,B465_ARC _C3_slice7-Ort.czi,old,pomc,upper
606,1.0,11.0,11.0,B465_ARC _C3_slice7-Ort.czi,old,pomc,upper
607,10.0,37.5,375.0,B465_ARC _C3_slice7-Ort.czi,old,pomc,upper
608,38.0,32.44736842105263,1233.0,B465_ARC _C3_slice7-Ort.czi,old,pomc,upper
609,40.0,29.6,1184.0,B465_ARC _C3_slice7-Ort.czi,old,pomc,upper
610,34.0,24.88235294117647,846.0,B465_ARC _C3_slice7-Ort.czi,old,pomc,upper
611,25.0,25.76,644.0,B465_ARC _C3_slice7-Ort.czi,old,pomc,upper
612,283.0,27.279151943462896,7720.0,B465_ARC _C3_slice7-Ort.czi,old,pomc,upper
613,11.0,24.818181818181817,273.0,B465_ARC _C3_slice7-Ort.czi,old,pomc,upper
614,72.0,24.98611111111111,1799.0,B465_ARC _C3_slice7-Ort.czi,old,pomc,upper
615,190.0,24.742105263157896,4701.0,B465_ARC _C3_slice7-Ort.czi,old,pomc,upper
616,7.0,33.857142857142854,236.99999999999997,B465_ARC _C3_slice7-Ort.czi,old,pomc,upper
617,48.0,28.791666666666668,1382.0,B465_ARC _C3_slice7-Ort.czi,old,pomc,upper
618,1.0,18.0,18.0,B465_ARC _C3_slice7-Ort.czi,old,pomc,upper
619,155.0,25.767741935483873,3994.0000000000005,B465_ARC _C3_slice7-Ort.czi,old,pomc,upper
620,63.0,27.46031746031746,1730.0,B465_ARC _C3_slice7-Ort.czi,old,pomc,upper
621,41.0,26.585365853658537,1090.0,B465_ARC _C3_slice7-Ort.czi,old,pomc,upper
622,63.0,23.555555555555557,1484.0,B465_ARC _C3_slice7-Ort.czi,old,pomc,upper
623,33.0,23.727272727272727,783.0,B465_ARC _C3_slice7-Ort.czi,old,pomc,upper
624,14.0,26.714285714285715,374.0,B465_ARC _C3_slice7-Ort.czi,old,pomc,upper
625,54.0,22.796296296296298,1231.0,B465_ARC _C3_slice7-Ort.czi,old,pomc,upper
626,59.0,30.796610169491526,1817.0,B465_ARC _C3_slice7-Ort.czi,old,pomc,upper
627,85.0,25.11764705882353,2135.0,B465_ARC _C3_slice7-Ort.czi,old,pomc,upper
628,40.0,32.6,1304.0,B465_ARC _C3_slice7-Ort.czi,old,pomc,upper
629,3.0,15.666666666666666,47.0,B465_ARC _C3_slice7-Ort.czi,old,pomc,upper
630,9.0,28.0,252.0,B465_ARC _C3_slice7-Ort.czi,old,pomc,upper
631,30.0,26.866666666666667,806.0,B465_ARC _C3_slice7-Ort.czi,old,pomc,upper
632,53.0,26.62264150943396,1411.0,B465_ARC _C3_slice7-Ort.czi,old,pomc,upper
633,182.0,26.846153846153847,4886.0,B465_ARC _C3_slice7-Ort.czi,old,pomc,upper
634,54.0,26.944444444444443,1455.0,B465_ARC _C3_slice7-Ort.czi,old,pomc,upper
635,42.0,31.357142857142858,1317.0,B465_ARC _C3_slice7-Ort.czi,old,pomc,upper
636,11.0,27.454545454545453,302.0,B465_ARC _C3_slice7-Ort.czi,old,pomc,upper
637,301.0,23.036544850498338,6934.0,B465_ARC _C3_slice7-Ort.czi,old,pomc,upper
638,27.0,28.25925925925926,763.0,B465_ARC _C3_slice7-Ort.czi,old,pomc,upper
639,7.0,26.285714285714285,184.0,B465_ARC _C3_slice7-Ort.czi,old,pomc,upper
640,204.0,23.857843137254903,4867.0,B465_ARC _C3_slice7-Ort.czi,old,pomc,upper
641,31.0,26.580645161290324,824.0,B465_ARC _C3_slice7-Ort.czi,old,pomc,upper
642,3.0,20.666666666666668,62.0,B465_ARC _C3_slice7-Ort.czi,old,pomc,upper
643,146.0,24.21232876712329,3535.0,B465_ARC _C3_slice7-Ort.czi,old,pomc,upper
644,45.0,24.333333333333332,1095.0,B465_ARC _C3_slice7-Ort.czi,old,pomc,upper
645,92.0,26.652173913043477,2452.0,B465_ARC _C3_slice7-Ort.czi,old,pomc,upper
646,1.0,12.0,12.0,B465_ARC _C3_slice7-Ort.czi,old,pomc,upper
647,21.0,19.714285714285715,414.0,B465_ARC _C3_slice7-Ort.czi,old,pomc,upper
648,9.0,29.22222222222222,263.0,B465_ARC _C3_slice7-Ort.czi,old,pomc,upper
649,3.0,25.0,75.0,B465_ARC _C3_slice7-Ort.czi,old,pomc,upper
650,95.0,18.978947368421053,1803.0,B465_ARC _C3_slice7-Ort.czi,old,pomc,upper
651,7.0,22.0,154.0,B465_ARC _C3_slice7-Ort.czi,old,pomc,upper
652,231.0,24.58874458874459,5680.0,B465_ARC _C3_slice7-Ort.czi,old,pomc,upper
653,1.0,12.0,12.0,B465_ARC _C3_slice7-Ort.czi,old,pomc,upper
654,84.0,29.261904761904763,2458.0,B465_ARC _C3_slice7-Ort.czi,old,pomc,upper
655,38.0,27.842105263157894,1058.0,B465_ARC _C3_slice7-Ort.czi,old,pomc,upper
656,58.0,25.637931034482758,1487.0,B465_ARC _C3_slice7-Ort.czi,old,pomc,upper
657,66.0,28.5,1881.0,B465_ARC _C3_slice7-Ort.czi,old,pomc,upper
658,29.0,25.482758620689655,739.0,B465_ARC _C3_slice7-Ort.czi,old,pomc,upper
659,218.0,24.01834862385321,5236.0,B465_ARC _C3_slice7-Ort.czi,old,pomc,upper
660,79.0,25.88607594936709,2045.0,B465_ARC _C3_slice7-Ort.czi,old,pomc,upper
661,3.0,13.666666666666666,41.0,B465_ARC _C3_slice7-Ort.czi,old,pomc,upper
662,10.0,43.0,430.0,B465_ARC _C3_slice7-Ort.czi,old,pomc,upper
663,107.0,22.242990654205606,2380.0,B465_ARC _C3_slice7-Ort.czi,old,pomc,upper
664,89.0,21.0561797752809,1874.0,B465_ARC _C3_slice7-Ort.czi,old,pomc,upper
665,1941.0,25.19526017516744,48904.0,B465_ARC _C3_slice7-Ort.czi,old,pomc,upper
666,167.0,23.035928143712574,3847.0,B465_ARC _C3_slice7-Ort.czi,old,pomc,upper
667,82.0,28.70731707317073,2354.0,B465_ARC _C3_slice7-Ort.czi,old,pomc,upper
668,1.0,25.0,25.0,B465_ARC _C3_slice7-Ort.czi,old,pomc,upper
669,13.0,22.23076923076923,289.0,B465_ARC _C3_slice7-Ort.czi,old,pomc,upper
670,1.0,45.0,45.0,B465_ARC _C3_slice7-Ort.czi,old,pomc,upper
671,7.0,25.857142857142858,181.0,B465_ARC _C3_slice7-Ort.czi,old,pomc,upper
672,100.0,25.89,2589.0,B465_ARC _C3_slice7-Ort.czi,old,pomc,upper
673,81.0,26.54320987654321,2150.0,B465_ARC _C3_slice7-Ort.czi,old,pomc,upper
674,123.0,24.48780487804878,3012.0,B465_ARC _C3_slice7-Ort.czi,old,pomc,upper
675,17.0,28.058823529411764,477.0,B465_ARC _C3_slice7-Ort.czi,old,pomc,upper
676,27.0,39.2962962962963,1061.0,B465_ARC _C3_slice7-Ort.czi,old,pomc,upper
677,50.0,30.04,1502.0,B465_ARC _C3_slice7-Ort.czi,old,pomc,upper
678,35.0,27.685714285714287,969.0,B465_ARC _C3_slice7-Ort.czi,old,pomc,upper
679,33.0,26.696969696969695,881.0,B465_ARC _C3_slice7-Ort.czi,old,pomc,upper
680,5.0,28.6,143.0,B465_ARC _C3_slice7-Ort.czi,old,pomc,upper
681,54.0,32.18518518518518,1738.0,B465_ARC _C3_slice7-Ort.czi,old,pomc,upper
682,36.0,22.194444444444443,799.0,B465_ARC _C3_slice7-Ort.czi,old,pomc,upper
683,83.0,25.518072289156628,2118.0,B465_ARC _C3_slice7-Ort.czi,old,pomc,upper
684,33.0,27.939393939393938,922.0,B465_ARC _C3_slice7-Ort.czi,old,pomc,upper
685,91.0,27.208791208791208,2476.0,B465_ARC _C3_slice7-Ort.czi,old,pomc,upper
686,7.0,18.857142857142858,132.0,B465_ARC _C3_slice7-Ort.czi,old,pomc,upper
687,20.0,18.15,363.0,B465_ARC _C3_slice7-Ort.czi,old,pomc,upper
688,48.0,26.979166666666668,1295.0,B465_ARC _C3_slice7-Ort.czi,old,pomc,upper
689,112.0,24.928571428571427,2792.0,B465_ARC _C3_slice7-Ort.czi,old,pomc,upper
690,86.0,29.023255813953487,2496.0,B465_ARC _C3_slice7-Ort.czi,old,pomc,upper
691,134.0,23.567164179104477,3158.0,B465_ARC _C3_slice7-Ort.czi,old,pomc,upper
692,1.0,12.0,12.0,B465_ARC _C3_slice7-Ort.czi,old,pomc,upper
693,54.0,27.037037037037038,1460.0,B465_ARC _C3_slice7-Ort.czi,old,pomc,upper
694,246.0,26.073170731707318,6414.0,B465_ARC _C3_slice7-Ort.czi,old,pomc,upper
695,23.0,39.26086956521739,903.0,B465_ARC _C3_slice7-Ort.czi,old,pomc,upper
696,46.0,29.847826086956523,1373.0,B465_ARC _C3_slice7-Ort.czi,old,pomc,upper
697,89.0,28.415730337078653,2529.0,B465_ARC _C3_slice7-Ort.czi,old,pomc,upper
698,30.0,22.5,675.0,B465_ARC _C3_slice7-Ort.czi,old,pomc,upper
699,101.0,21.455445544554454,2167.0,B465_ARC _C3_slice7-Ort.czi,old,pomc,upper
700,15.0,29.533333333333335,443.0,B465_ARC _C3_slice7-Ort.czi,old,pomc,upper
701,46.0,29.434782608695652,1354.0,B465_ARC _C3_slice7-Ort.czi,old,pomc,upper
702,287.0,25.770034843205575,7396.0,B465_ARC _C3_slice7-Ort.czi,old,pomc,upper
703,32.0,22.03125,705.0,B465_ARC _C3_slice7-Ort.czi,old,pomc,upper
704,45.0,30.155555555555555,1357.0,B465_ARC _C3_slice7-Ort.czi,old,pomc,upper
705,49.0,25.571428571428573,1253.0,B465_ARC _C3_slice7-Ort.czi,old,pomc,upper
706,19.0,20.473684210526315,389.0,B465_ARC _C3_slice7-Ort.czi,old,pomc,upper
707,27.0,41.925925925925924,1132.0,B465_ARC _C3_slice7-Ort.czi,old,pomc,upper
708,206.0,23.179611650485437,4775.0,B465_ARC _C3_slice7-Ort.czi,old,pomc,upper
709,89.0,23.49438202247191,2091.0,B465_ARC _C3_slice7-Ort.czi,old,pomc,upper
710,24.0,34.208333333333336,821.0,B465_ARC _C3_slice7-Ort.czi,old,pomc,upper
711,17.0,25.529411764705884,434.0,B465_ARC _C3_slice7-Ort.czi,old,pomc,upper
712,29.0,23.93103448275862,694.0,B465_ARC _C3_slice7-Ort.czi,old,pomc,upper
713,18.0,29.61111111111111,533.0,B465_ARC _C3_slice7-Ort.czi,old,pomc,upper
714,1.0,20.0,20.0,B465_ARC _C3_slice7-Ort.czi,old,pomc,upper
715,62.0,26.822580645161292,1663.0,B465_ARC _C3_slice7-Ort.czi,old,pomc,upper
716,27.0,34.111111111111114,921.0000000000001,B465_ARC _C3_slice7-Ort.czi,old,pomc,upper
717,26.0,23.346153846153847,607.0,B465_ARC _C3_slice7-Ort.czi,old,pomc,upper
718,1.0,41.0,41.0,B465_ARC _C3_slice7-Ort.czi,old,pomc,upper
719,4.0,27.25,109.0,B465_ARC _C3_slice7-Ort.czi,old,pomc,upper
720,57.0,33.824561403508774,1928.0000000000002,B465_ARC _C3_slice7-Ort.czi,old,pomc,upper
721,70.0,22.285714285714285,1560.0,B465_ARC _C3_slice7-Ort.czi,old,pomc,upper
722,44.0,23.59090909090909,1038.0,B465_ARC _C3_slice7-Ort.czi,old,pomc,upper
723,269.0,27.970260223048328,7524.0,B465_ARC _C3_slice7-Ort.czi,old,pomc,upper
724,62.0,24.70967741935484,1532.0,B465_ARC _C3_slice7-Ort.czi,old,pomc,upper
725,49.0,34.285714285714285,1680.0,B465_ARC _C3_slice7-Ort.czi,old,pomc,upper
726,4.0,34.75,139.0,B465_ARC _C3_slice7-Ort.czi,old,pomc,upper
727,85.0,26.270588235294117,2233.0,B465_ARC _C3_slice7-Ort.czi,old,pomc,upper
728,75.0,23.52,1764.0,B465_ARC _C3_slice7-Ort.czi,old,pomc,upper
729,52.0,23.78846153846154,1237.0,B465_ARC _C3_slice7-Ort.czi,old,pomc,upper
730,102.0,25.07843137254902,2558.0,B465_ARC _C3_slice7-Ort.czi,old,pomc,upper
731,167.0,26.904191616766468,4493.0,B465_ARC _C3_slice7-Ort.czi,old,pomc,upper
732,15.0,30.4,456.0,B465_ARC _C3_slice7-Ort.czi,old,pomc,upper
733,48.0,27.145833333333332,1303.0,B465_ARC _C3_slice7-Ort.czi,old,pomc,upper
734,114.0,23.94736842105263,2730.0,B465_ARC _C3_slice7-Ort.czi,old,pomc,upper
735,107.0,25.514018691588785,2730.0,B465_ARC _C3_slice7-Ort.czi,old,pomc,upper
736,85.0,27.305882352941175,2321.0,B465_ARC _C3_slice7-Ort.czi,old,pomc,upper
737,43.0,28.162790697674417,1211.0,B465_ARC _C3_slice7-Ort.czi,old,pomc,upper
738,3.0,28.333333333333332,85.0,B465_ARC _C3_slice7-Ort.czi,old,pomc,upper
739,25.0,21.24,531.0,B465_ARC _C3_slice7-Ort.czi,old,pomc,upper
740,36.0,20.38888888888889,734.0,B465_ARC _C3_slice7-Ort.czi,old,pomc,upper
741,64.0,27.609375,1767.0,B465_ARC _C3_slice7-Ort.czi,old,pomc,upper
742,131.0,24.916030534351144,3264.0,B465_ARC _C3_slice7-Ort.czi,old,pomc,upper
743,16.0,21.875,350.0,B465_ARC _C3_slice7-Ort.czi,old,pomc,upper
744,21.0,35.523809523809526,746.0,B465_ARC _C3_slice7-Ort.czi,old,pomc,upper
745,154.0,22.233766233766232,3424.0,B465_ARC _C3_slice7-Ort.czi,old,pomc,upper
746,35.0,33.57142857142857,1175.0,B465_ARC _C3_slice7-Ort.czi,old,pomc,upper
747,17.0,34.529411764705884,587.0,B465_ARC _C3_slice7-Ort.czi,old,pomc,upper
748,118.0,23.73728813559322,2801.0,B465_ARC _C3_slice7-Ort.czi,old,pomc,upper
749,29.0,35.51724137931034,1030.0,B465_ARC _C3_slice7-Ort.czi,old,pomc,upper
750,210.0,27.547619047619047,5785.0,B465_ARC _C3_slice7-Ort.czi,old,pomc,upper
751,76.0,20.61842105263158,1567.0,B465_ARC _C3_slice7-Ort.czi,old,pomc,upper
752,52.0,25.615384615384617,1332.0,B465_ARC _C3_slice7-Ort.czi,old,pomc,upper
753,35.0,31.285714285714285,1095.0,B465_ARC _C3_slice7-Ort.czi,old,pomc,upper
754,108.0,26.212962962962962,2831.0,B465_ARC _C3_slice7-Ort.czi,old,pomc,upper
755,39.0,25.333333333333332,988.0,B465_ARC _C3_slice7-Ort.czi,old,pomc,upper
756,133.0,23.05263157894737,3066.0,B465_ARC _C3_slice7-Ort.czi,old,pomc,upper
757,14.0,21.642857142857142,303.0,B465_ARC _C3_slice7-Ort.czi,old,pomc,upper
758,172.0,26.58139534883721,4572.0,B465_ARC _C3_slice7-Ort.czi,old,pomc,upper
759,122.0,22.631147540983605,2761.0,B465_ARC _C3_slice7-Ort.czi,old,pomc,upper
760,192.0,26.703125,5127.0,B465_ARC _C3_slice7-Ort.czi,old,pomc,upper
761,65.0,23.661538461538463,1538.0,B465_ARC _C3_slice7-Ort.czi,old,pomc,upper
762,8.0,21.75,174.0,B465_ARC _C3_slice7-Ort.czi,old,pomc,upper
763,53.0,22.18867924528302,1176.0,B465_ARC _C3_slice7-Ort.czi,old,pomc,upper
764,1.0,11.0,11.0,B465_ARC _C3_slice7-Ort.czi,old,pomc,upper
765,25.0,33.24,831.0,B465_ARC _C3_slice7-Ort.czi,old,pomc,upper
766,71.0,29.281690140845072,2079.0,B465_ARC _C3_slice7-Ort.czi,old,pomc,upper
767,37.0,31.2972972972973,1158.0,B465_ARC _C3_slice7-Ort.czi,old,pomc,upper
768,15.0,19.666666666666668,295.0,B465_ARC _C3_slice7-Ort.czi,old,pomc,upper
769,210.0,26.18095238095238,5498.0,B465_ARC _C3_slice7-Ort.czi,old,pomc,upper
770,39.0,22.564102564102566,880.0000000000001,B465_ARC _C3_slice7-Ort.czi,old,pomc,upper
771,37.0,22.18918918918919,821.0,B465_ARC _C3_slice7-Ort.czi,old,pomc,upper
772,262.0,24.33587786259542,6376.0,B465_ARC _C3_slice7-Ort.czi,old,pomc,upper
773,96.0,24.416666666666668,2344.0,B465_ARC _C3_slice7-Ort.czi,old,pomc,upper
774,15.0,31.933333333333334,479.0,B465_ARC _C3_slice7-Ort.czi,old,pomc,upper
775,39.0,25.28205128205128,986.0,B465_ARC _C3_slice7-Ort.czi,old,pomc,upper
776,49.0,24.979591836734695,1224.0,B465_ARC _C3_slice7-Ort.czi,old,pomc,upper
777,40.0,22.85,914.0,B465_ARC _C3_slice7-Ort.czi,old,pomc,upper
778,19.0,32.1578947368421,611.0,B465_ARC _C3_slice7-Ort.czi,old,pomc,upper
779,16.0,48.5,776.0,B465_ARC _C3_slice7-Ort.czi,old,pomc,upper
780,43.0,27.58139534883721,1186.0,B465_ARC _C3_slice7-Ort.czi,old,pomc,upper
781,33.0,26.78787878787879,884.0,B465_ARC _C3_slice7-Ort.czi,old,pomc,upper
782,185.0,27.545945945945945,5096.0,B465_ARC _C3_slice7-Ort.czi,old,pomc,upper
783,13.0,34.38461538461539,447.0,B465_ARC _C3_slice7-Ort.czi,old,pomc,upper
784,33.0,22.96969696969697,758.0,B465_ARC _C3_slice7-Ort.czi,old,pomc,upper
785,239.0,27.585774058577407,6593.0,B465_ARC _C3_slice7-Ort.czi,old,pomc,upper
786,28.0,26.0,728.0,B465_ARC _C3_slice7-Ort.czi,old,pomc,upper
787,48.0,25.833333333333332,1240.0,B465_ARC _C3_slice7-Ort.czi,old,pomc,upper
788,69.0,21.565217391304348,1488.0,B465_ARC _C3_slice7-Ort.czi,old,pomc,upper
789,2717.0,22.46853146853147,61047.00000000001,B465_ARC _C3_slice7-Ort.czi,old,pomc,upper
790,94.0,23.904255319148938,2247.0,B465_ARC _C3_slice7-Ort.czi,old,pomc,upper
791,18.0,82.33333333333333,1482.0,B465_ARC _C3_slice7-Ort.czi,old,pomc,upper
792,62.0,24.548387096774192,1522.0,B465_ARC _C3_slice7-Ort.czi,old,pomc,upper
793,280.0,23.732142857142858,6645.0,B465_ARC _C3_slice7-Ort.czi,old,pomc,upper
794,57.0,30.385964912280702,1732.0,B465_ARC _C3_slice7-Ort.czi,old,pomc,upper
795,22.0,20.181818181818183,444.00000000000006,B465_ARC _C3_slice7-Ort.czi,old,pomc,upper
796,44.0,20.795454545454547,915.0,B465_ARC _C3_slice7-Ort.czi,old,pomc,upper
797,9.0,41.111111111111114,370.0,B465_ARC _C3_slice7-Ort.czi,old,pomc,upper
798,1.0,23.0,23.0,B465_ARC _C3_slice7-Ort.czi,old,pomc,upper
799,99.0,23.77777777777778,2354.0,B465_ARC _C3_slice7-Ort.czi,old,pomc,upper
800,99.0,27.262626262626263,2699.0,B465_ARC _C3_slice7-Ort.czi,old,pomc,upper
801,121.0,26.570247933884296,3215.0,B465_ARC _C3_slice7-Ort.czi,old,pomc,upper
802,20.0,26.85,537.0,B465_ARC _C3_slice7-Ort.czi,old,pomc,upper
803,1.0,23.0,23.0,B465_ARC _C3_slice7-Ort.czi,old,pomc,upper
804,46.0,22.108695652173914,1017.0,B465_ARC _C3_slice7-Ort.czi,old,pomc,upper
805,84.0,21.595238095238095,1814.0,B465_ARC _C3_slice7-Ort.czi,old,pomc,upper
806,28.0,32.5,910.0,B465_ARC _C3_slice7-Ort.czi,old,pomc,upper
807,26.0,33.07692307692308,860.0000000000001,B465_ARC _C3_slice7-Ort.czi,old,pomc,upper
808,26.0,28.115384615384617,731.0,B465_ARC _C3_slice7-Ort.czi,old,pomc,upper
809,810.0,25.917283950617286,20993.0,B465_ARC _C3_slice7-Ort.czi,old,pomc,upper
810,24.0,32.458333333333336,779.0,B465_ARC _C3_slice7-Ort.czi,old,pomc,upper
811,152.0,26.230263157894736,3987.0,B465_ARC _C3_slice7-Ort.czi,old,pomc,upper
812,94.0,23.76595744680851,2234.0,B465_ARC _C3_slice7-Ort.czi,old,pomc,upper
813,161.0,27.006211180124225,4348.0,B465_ARC _C3_slice7-Ort.czi,old,pomc,upper
814,22.0,30.09090909090909,662.0,B465_ARC _C3_slice7-Ort.czi,old,pomc,upper
815,51.0,23.176470588235293,1182.0,B465_ARC _C3_slice7-Ort.czi,old,pomc,upper
816,35.0,21.885714285714286,766.0,B465_ARC _C3_slice7-Ort.czi,old,pomc,upper
817,285.0,24.83859649122807,7079.0,B465_ARC _C3_slice7-Ort.czi,old,pomc,upper
818,139.0,26.53956834532374,3689.0,B465_ARC _C3_slice7-Ort.czi,old,pomc,upper
819,1.0,11.0,11.0,B465_ARC _C3_slice7-Ort.czi,old,pomc,upper
820,204.0,24.07843137254902,4912.0,B465_ARC _C3_slice7-Ort.czi,old,pomc,upper
821,30.0,31.233333333333334,937.0,B465_ARC _C3_slice7-Ort.czi,old,pomc,upper
822,253.0,23.83794466403162,6031.0,B465_ARC _C3_slice7-Ort.czi,old,pomc,upper
823,47.0,24.04255319148936,1130.0,B465_ARC _C3_slice7-Ort.czi,old,pomc,upper
824,20.0,22.2,444.0,B465_ARC _C3_slice7-Ort.czi,old,pomc,upper
825,44.0,33.13636363636363,1457.9999999999998,B465_ARC _C3_slice7-Ort.czi,old,pomc,upper
826,47.0,26.70212765957447,1255.0,B465_ARC _C3_slice7-Ort.czi,old,pomc,upper
827,229.0,23.24890829694323,5324.0,B465_ARC _C3_slice7-Ort.czi,old,pomc,upper
828,151.0,30.933774834437084,4671.0,B465_ARC _C3_slice7-Ort.czi,old,pomc,upper
829,80.0,27.6625,2213.0,B465_ARC _C3_slice7-Ort.czi,old,pomc,upper
830,76.0,24.31578947368421,1847.9999999999998,B465_ARC _C3_slice7-Ort.czi,old,pomc,upper
831,93.0,21.397849462365592,1990.0,B465_ARC _C3_slice7-Ort.czi,old,pomc,upper
832,86.0,26.75581395348837,2301.0,B465_ARC _C3_slice7-Ort.czi,old,pomc,upper
833,49.0,31.93877551020408,1565.0,B465_ARC _C3_slice7-Ort.czi,old,pomc,upper
834,28.0,27.571428571428573,772.0,B465_ARC _C3_slice7-Ort.czi,old,pomc,upper
835,784.0,21.603316326530614,16937.0,B465_ARC _C3_slice7-Ort.czi,old,pomc,upper
836,1.0,22.0,22.0,B465_ARC _C3_slice7-Ort.czi,old,pomc,upper
837,134.0,24.888059701492537,3335.0,B465_ARC _C3_slice7-Ort.czi,old,pomc,upper
838,35.0,25.542857142857144,894.0,B465_ARC _C3_slice7-Ort.czi,old,pomc,upper
839,234.0,22.944444444444443,5369.0,B465_ARC _C3_slice7-Ort.czi,old,pomc,upper
840,213.0,24.511737089201876,5221.0,B465_ARC _C3_slice7-Ort.czi,old,pomc,upper
841,61.0,32.36065573770492,1974.0,B465_ARC _C3_slice7-Ort.czi,old,pomc,upper
842,36.0,24.02777777777778,865.0,B465_ARC _C3_slice7-Ort.czi,old,pomc,upper
843,129.0,24.992248062015506,3224.0,B465_ARC _C3_slice7-Ort.czi,old,pomc,upper
844,137.0,24.919708029197082,3414.0000000000005,B465_ARC _C3_slice7-Ort.czi,old,pomc,upper
845,43.0,26.11627906976744,1123.0,B465_ARC _C3_slice7-Ort.czi,old,pomc,upper
846,16.0,34.9375,559.0,B465_ARC _C3_slice7-Ort.czi,old,pomc,upper
847,933.0,23.54983922829582,21972.0,B465_ARC _C3_slice7-Ort.czi,old,pomc,upper
848,49.0,25.979591836734695,1273.0,B465_ARC _C3_slice7-Ort.czi,old,pomc,upper
849,1254.0,23.43141945773525,29383.000000000004,B465_ARC _C3_slice7-Ort.czi,old,pomc,upper
850,68.0,34.529411764705884,2348.0,B465_ARC _C3_slice7-Ort.czi,old,pomc,upper
851,144.0,23.0625,3321.0,B465_ARC _C3_slice7-Ort.czi,old,pomc,upper
852,45.0,26.177777777777777,1178.0,B465_ARC _C3_slice7-Ort.czi,old,pomc,upper
853,326.0,26.56441717791411,8660.0,B465_ARC _C3_slice7-Ort.czi,old,pomc,upper
854,60.0,31.683333333333334,1901.0,B465_ARC _C3_slice7-Ort.czi,old,pomc,upper
855,81.0,29.567901234567902,2395.0,B465_ARC _C3_slice7-Ort.czi,old,pomc,upper
856,246.0,27.0,6642.0,B465_ARC _C3_slice7-Ort.czi,old,pomc,upper
857,192.0,24.958333333333332,4792.0,B465_ARC _C3_slice7-Ort.czi,old,pomc,upper
858,1420.0,23.39788732394366,33225.0,B465_ARC _C3_slice7-Ort.czi,old,pomc,upper
859,45.0,32.68888888888889,1471.0,B465_ARC _C3_slice7-Ort.czi,old,pomc,upper
860,256.0,25.82421875,6611.0,B465_ARC _C3_slice7-Ort.czi,old,pomc,upper
861,24.0,31.166666666666668,748.0,B465_ARC _C3_slice7-Ort.czi,old,pomc,upper
862,18.0,26.77777777777778,482.0,B465_ARC _C3_slice7-Ort.czi,old,pomc,upper
863,166.0,25.072289156626507,4162.0,B465_ARC _C3_slice7-Ort.czi,old,pomc,upper
864,59.0,30.0,1770.0,B465_ARC _C3_slice7-Ort.czi,old,pomc,upper
865,115.0,25.83478260869565,2971.0,B465_ARC _C3_slice7-Ort.czi,old,pomc,upper
866,25.0,27.76,694.0,B465_ARC _C3_slice7-Ort.czi,old,pomc,upper
867,156.0,23.737179487179485,3702.9999999999995,B465_ARC _C3_slice7-Ort.czi,old,pomc,upper
868,130.0,23.846153846153847,3100.0,B465_ARC _C3_slice7-Ort.czi,old,pomc,upper
869,11.0,28.90909090909091,318.0,B465_ARC _C3_slice7-Ort.czi,old,pomc,upper
870,223.0,29.219730941704036,6516.0,B465_ARC _C3_slice7-Ort.czi,old,pomc,upper
871,1.0,15.0,15.0,B465_ARC _C3_slice7-Ort.czi,old,pomc,upper
872,91.0,24.791208791208792,2256.0,B465_ARC _C3_slice7-Ort.czi,old,pomc,upper
873,155.0,28.670967741935485,4444.0,B465_ARC _C3_slice7-Ort.czi,old,pomc,upper
874,44.0,22.022727272727273,969.0,B465_ARC _C3_slice7-Ort.czi,old,pomc,upper
875,24.0,33.25,798.0,B465_ARC _C3_slice7-Ort.czi,old,pomc,upper
876,46.0,29.369565217391305,1351.0,B465_ARC _C3_slice7-Ort.czi,old,pomc,upper
877,43.0,23.023255813953487,989.9999999999999,B465_ARC _C3_slice7-Ort.czi,old,pomc,upper
878,75.0,27.746666666666666,2081.0,B465_ARC _C3_slice7-Ort.czi,old,pomc,upper
879,228.0,25.81140350877193,5885.0,B465_ARC _C3_slice7-Ort.czi,old,pomc,upper
880,109.0,24.504587155963304,2671.0,B465_ARC _C3_slice7-Ort.czi,old,pomc,upper
881,62.0,22.596774193548388,1401.0,B465_ARC _C3_slice7-Ort.czi,old,pomc,upper
882,345.0,23.95942028985507,8266.0,B465_ARC _C3_slice7-Ort.czi,old,pomc,upper
883,91.0,23.318681318681318,2122.0,B465_ARC _C3_slice7-Ort.czi,old,pomc,upper
884,76.0,22.81578947368421,1733.9999999999998,B465_ARC _C3_slice7-Ort.czi,old,pomc,upper
885,60.0,24.516666666666666,1471.0,B465_ARC _C3_slice7-Ort.czi,old,pomc,upper
886,107.0,27.962616822429908,2992.0,B465_ARC _C3_slice7-Ort.czi,old,pomc,upper
887,122.0,24.21311475409836,2954.0,B465_ARC _C3_slice7-Ort.czi,old,pomc,upper
888,76.0,25.763157894736842,1958.0,B465_ARC _C3_slice7-Ort.czi,old,pomc,upper
889,5.0,27.6,138.0,B465_ARC _C3_slice7-Ort.czi,old,pomc,upper
890,258.0,26.62015503875969,6868.0,B465_ARC _C3_slice7-Ort.czi,old,pomc,upper
891,53.0,23.30188679245283,1235.0,B465_ARC _C3_slice7-Ort.czi,old,pomc,upper
892,272.0,24.169117647058822,6574.0,B465_ARC _C3_slice7-Ort.czi,old,pomc,upper
1,74.0,214.54054054054055,15876.0,B489_ARC_xxx_slice5-Ort.czi,old,pomc,upper
1,28.0,42.535714285714285,1191.0,F656_ARC _B3_slice5-Ort.czi,old,pomc,upper
2,16.0,37.125,594.0,F656_ARC _B3_slice5-Ort.czi,old,pomc,upper
3,55.0,45.6,2508.0,F656_ARC _B3_slice5-Ort.czi,old,pomc,upper
4,84.0,37.595238095238095,3158.0,F656_ARC _B3_slice5-Ort.czi,old,pomc,upper
5,63.0,48.73015873015873,3070.0,F656_ARC _B3_slice5-Ort.czi,old,pomc,upper
6,390.0,41.805128205128206,16304.0,F656_ARC _B3_slice5-Ort.czi,old,pomc,upper
7,128.0,41.890625,5362.0,F656_ARC _B3_slice5-Ort.czi,old,pomc,upper
8,42.0,40.095238095238095,1684.0,F656_ARC _B3_slice5-Ort.czi,old,pomc,upper
9,58.0,47.206896551724135,2738.0,F656_ARC _B3_slice5-Ort.czi,old,pomc,upper
10,3.0,37.0,111.0,F656_ARC _B3_slice5-Ort.czi,old,pomc,upper
11,4.0,36.75,147.0,F656_ARC _B3_slice5-Ort.czi,old,pomc,upper
12,3.0,51.666666666666664,155.0,F656_ARC _B3_slice5-Ort.czi,old,pomc,upper
13,5.0,53.6,268.0,F656_ARC _B3_slice5-Ort.czi,old,pomc,upper
14,1.0,12.0,12.0,F656_ARC _B3_slice5-Ort.czi,old,pomc,upper
15,70.0,46.25714285714286,3238.0,F656_ARC _B3_slice5-Ort.czi,old,pomc,upper
16,34.0,39.088235294117645,1329.0,F656_ARC _B3_slice5-Ort.czi,old,pomc,upper
17,15.0,52.2,783.0,F656_ARC _B3_slice5-Ort.czi,old,pomc,upper
18,49.0,39.61224489795919,1941.0000000000002,F656_ARC _B3_slice5-Ort.czi,old,pomc,upper
19,18.0,47.611111111111114,857.0,F656_ARC _B3_slice5-Ort.czi,old,pomc,upper
20,1.0,56.0,56.0,F656_ARC _B3_slice5-Ort.czi,old,pomc,upper
21,1.0,57.0,57.0,F656_ARC _B3_slice5-Ort.czi,old,pomc,upper
22,21.0,44.23809523809524,929.0,F656_ARC _B3_slice5-Ort.czi,old,pomc,upper
23,34.0,49.61764705882353,1687.0,F656_ARC _B3_slice5-Ort.czi,old,pomc,upper
24,8.0,43.75,350.0,F656_ARC _B3_slice5-Ort.czi,old,pomc,upper
25,69.0,41.27536231884058,2848.0,F656_ARC _B3_slice5-Ort.czi,old,pomc,upper
26,12.0,41.416666666666664,497.0,F656_ARC _B3_slice5-Ort.czi,old,pomc,upper
27,22.0,66.5909090909091,1465.0,F656_ARC _B3_slice5-Ort.czi,old,pomc,upper
28,22.0,46.63636363636363,1026.0,F656_ARC _B3_slice5-Ort.czi,old,pomc,upper
29,251.0,40.657370517928285,10205.0,F656_ARC _B3_slice5-Ort.czi,old,pomc,upper
30,4.0,55.0,220.0,F656_ARC _B3_slice5-Ort.czi,old,pomc,upper
31,16.0,39.75,636.0,F656_ARC _B3_slice5-Ort.czi,old,pomc,upper
32,37.0,50.270270270270274,1860.0000000000002,F656_ARC _B3_slice5-Ort.czi,old,pomc,upper
33,18.0,51.22222222222222,922.0,F656_ARC _B3_slice5-Ort.czi,old,pomc,upper
34,5.0,45.8,229.0,F656_ARC _B3_slice5-Ort.czi,old,pomc,upper
35,133.0,42.72932330827068,5683.0,F656_ARC _B3_slice5-Ort.czi,old,pomc,upper
36,85.0,44.55294117647059,3787.0,F656_ARC _B3_slice5-Ort.czi,old,pomc,upper
37,67.0,44.97014925373134,3013.0,F656_ARC _B3_slice5-Ort.czi,old,pomc,upper
38,1.0,34.0,34.0,F656_ARC _B3_slice5-Ort.czi,old,pomc,upper
39,1.0,31.0,31.0,F656_ARC _B3_slice5-Ort.czi,old,pomc,upper
40,65.0,44.10769230769231,2867.0,F656_ARC _B3_slice5-Ort.czi,old,pomc,upper
41,88.0,41.875,3685.0,F656_ARC _B3_slice5-Ort.czi,old,pomc,upper
42,125.0,42.864,5358.0,F656_ARC _B3_slice5-Ort.czi,old,pomc,upper
43,3.0,49.333333333333336,148.0,F656_ARC _B3_slice5-Ort.czi,old,pomc,upper
44,71.0,42.50704225352113,3018.0,F656_ARC _B3_slice5-Ort.czi,old,pomc,upper
45,1212.0,49.51320132013201,60010.0,F656_ARC _B3_slice5-Ort.czi,old,pomc,upper
46,76.0,49.18421052631579,3738.0,F656_ARC _B3_slice5-Ort.czi,old,pomc,upper
47,183.0,43.15300546448088,7897.000000000001,F656_ARC _B3_slice5-Ort.czi,old,pomc,upper
48,15.0,42.4,636.0,F656_ARC _B3_slice5-Ort.czi,old,pomc,upper
49,37.0,48.2972972972973,1787.0,F656_ARC _B3_slice5-Ort.czi,old,pomc,upper
50,56.0,40.875,2289.0,F656_ARC _B3_slice5-Ort.czi,old,pomc,upper
51,26.0,41.15384615384615,1070.0,F656_ARC _B3_slice5-Ort.czi,old,pomc,upper
52,220.0,43.54545454545455,9580.0,F656_ARC _B3_slice5-Ort.czi,old,pomc,upper
53,58.0,42.793103448275865,2482.0,F656_ARC _B3_slice5-Ort.czi,old,pomc,upper
54,40.0,59.225,2369.0,F656_ARC _B3_slice5-Ort.czi,old,pomc,upper
55,43.0,47.27906976744186,2033.0,F656_ARC _B3_slice5-Ort.czi,old,pomc,upper
56,158.0,39.120253164556964,6181.0,F656_ARC _B3_slice5-Ort.czi,old,pomc,upper
57,19.0,40.8421052631579,776.0,F656_ARC _B3_slice5-Ort.czi,old,pomc,upper
58,41.0,62.292682926829265,2554.0,F656_ARC _B3_slice5-Ort.czi,old,pomc,upper
59,30.0,40.03333333333333,1201.0,F656_ARC _B3_slice5-Ort.czi,old,pomc,upper
60,76.0,44.25,3363.0,F656_ARC _B3_slice5-Ort.czi,old,pomc,upper
61,2.0,39.5,79.0,F656_ARC _B3_slice5-Ort.czi,old,pomc,upper
62,113.0,43.769911504424776,4946.0,F656_ARC _B3_slice5-Ort.czi,old,pomc,upper
63,9.0,52.22222222222222,470.0,F656_ARC _B3_slice5-Ort.czi,old,pomc,upper
64,12.0,54.833333333333336,658.0,F656_ARC _B3_slice5-Ort.czi,old,pomc,upper
65,41.0,43.02439024390244,1764.0,F656_ARC _B3_slice5-Ort.czi,old,pomc,upper
66,44.0,43.75,1925.0,F656_ARC _B3_slice5-Ort.czi,old,pomc,upper
67,25.0,42.52,1063.0,F656_ARC _B3_slice5-Ort.czi,old,pomc,upper
68,19.0,46.36842105263158,881.0000000000001,F656_ARC _B3_slice5-Ort.czi,old,pomc,upper
69,1.0,79.0,79.0,F656_ARC _B3_slice5-Ort.czi,old,pomc,upper
70,1.0,33.0,33.0,F656_ARC _B3_slice5-Ort.czi,old,pomc,upper
71,36.0,38.916666666666664,1401.0,F656_ARC _B3_slice5-Ort.czi,old,pomc,upper
72,41.0,37.0,1517.0,F656_ARC _B3_slice5-Ort.czi,old,pomc,upper
73,5.0,45.0,225.0,F656_ARC _B3_slice5-Ort.czi,old,pomc,upper
74,26.0,35.69230769230769,928.0,F656_ARC _B3_slice5-Ort.czi,old,pomc,upper
75,1.0,49.0,49.0,F656_ARC _B3_slice5-Ort.czi,old,pomc,upper
76,15.0,42.0,630.0,F656_ARC _B3_slice5-Ort.czi,old,pomc,upper
77,50.0,57.28,2864.0,F656_ARC _B3_slice5-Ort.czi,old,pomc,upper
78,15.0,36.8,552.0,F656_ARC _B3_slice5-Ort.czi,old,pomc,upper
79,1.0,35.0,35.0,F656_ARC _B3_slice5-Ort.czi,old,pomc,upper
80,57.0,39.40350877192982,2246.0,F656_ARC _B3_slice5-Ort.czi,old,pomc,upper
81,38.0,46.76315789473684,1777.0,F656_ARC _B3_slice5-Ort.czi,old,pomc,upper
82,3.0,36.333333333333336,109.0,F656_ARC _B3_slice5-Ort.czi,old,pomc,upper
83,1.0,49.0,49.0,F656_ARC _B3_slice5-Ort.czi,old,pomc,upper
84,1.0,35.0,35.0,F656_ARC _B3_slice5-Ort.czi,old,pomc,upper
85,33.0,57.39393939393939,1894.0,F656_ARC _B3_slice5-Ort.czi,old,pomc,upper
86,156.0,41.81410256410256,6523.0,F656_ARC _B3_slice5-Ort.czi,old,pomc,upper
87,58.0,42.741379310344826,2479.0,F656_ARC _B3_slice5-Ort.czi,old,pomc,upper
88,28.0,46.892857142857146,1313.0,F656_ARC _B3_slice5-Ort.czi,old,pomc,upper
89,5.0,41.6,208.0,F656_ARC _B3_slice5-Ort.czi,old,pomc,upper
90,9.0,36.44444444444444,328.0,F656_ARC _B3_slice5-Ort.czi,old,pomc,upper
91,41.0,47.4390243902439,1945.0,F656_ARC _B3_slice5-Ort.czi,old,pomc,upper
92,39.0,53.717948717948715,2095.0,F656_ARC _B3_slice5-Ort.czi,old,pomc,upper
93,13.0,50.61538461538461,658.0,F656_ARC _B3_slice5-Ort.czi,old,pomc,upper
94,1.0,27.0,27.0,F656_ARC _B3_slice5-Ort.czi,old,pomc,upper
95,5.0,33.6,168.0,F656_ARC _B3_slice5-Ort.czi,old,pomc,upper
96,1.0,19.0,19.0,F656_ARC _B3_slice5-Ort.czi,old,pomc,upper
97,61.0,46.21311475409836,2819.0,F656_ARC _B3_slice5-Ort.czi,old,pomc,upper
98,7.0,41.57142857142857,291.0,F656_ARC _B3_slice5-Ort.czi,old,pomc,upper
99,25.0,36.92,923.0,F656_ARC _B3_slice5-Ort.czi,old,pomc,upper
100,14.0,34.714285714285715,486.0,F656_ARC _B3_slice5-Ort.czi,old,pomc,upper
101,38.0,42.0,1596.0,F656_ARC _B3_slice5-Ort.czi,old,pomc,upper
102,1.0,36.0,36.0,F656_ARC _B3_slice5-Ort.czi,old,pomc,upper
103,73.0,38.465753424657535,2808.0,F656_ARC _B3_slice5-Ort.czi,old,pomc,upper
104,22.0,47.0,1034.0,F656_ARC _B3_slice5-Ort.czi,old,pomc,upper
105,13.0,66.07692307692308,859.0,F656_ARC _B3_slice5-Ort.czi,old,pomc,upper
106,14.0,48.214285714285715,675.0,F656_ARC _B3_slice5-Ort.czi,old,pomc,upper
107,25.0,39.28,982.0,F656_ARC _B3_slice5-Ort.czi,old,pomc,upper
108,98.0,40.92857142857143,4011.0,F656_ARC _B3_slice5-Ort.czi,old,pomc,upper
109,42.0,39.76190476190476,1670.0,F656_ARC _B3_slice5-Ort.czi,old,pomc,upper
110,12.0,46.0,552.0,F656_ARC _B3_slice5-Ort.czi,old,pomc,upper
111,171.0,51.8421052631579,8865.0,F656_ARC _B3_slice5-Ort.czi,old,pomc,upper
112,25.0,42.4,1060.0,F656_ARC _B3_slice5-Ort.czi,old,pomc,upper
113,46.0,43.23913043478261,1989.0,F656_ARC _B3_slice5-Ort.czi,old,pomc,upper
114,2.0,24.0,48.0,F656_ARC _B3_slice5-Ort.czi,old,pomc,upper
115,5.0,39.2,196.0,F656_ARC _B3_slice5-Ort.czi,old,pomc,upper
116,5.0,41.8,209.0,F656_ARC _B3_slice5-Ort.czi,old,pomc,upper
117,26.0,50.46153846153846,1312.0,F656_ARC _B3_slice5-Ort.czi,old,pomc,upper
118,57.0,50.80701754385965,2896.0,F656_ARC _B3_slice5-Ort.czi,old,pomc,upper
119,20.0,51.0,1020.0,F656_ARC _B3_slice5-Ort.czi,old,pomc,upper
120,75.0,43.49333333333333,3262.0,F656_ARC _B3_slice5-Ort.czi,old,pomc,upper
121,1555.0,41.02250803858521,63790.0,F656_ARC _B3_slice5-Ort.czi,old,pomc,upper
122,41.0,48.48780487804878,1987.9999999999998,F656_ARC _B3_slice5-Ort.czi,old,pomc,upper
123,13.0,45.0,585.0,F656_ARC _B3_slice5-Ort.czi,old,pomc,upper
124,17.0,52.64705882352941,895.0,F656_ARC _B3_slice5-Ort.czi,old,pomc,upper
125,93.0,46.75268817204301,4348.0,F656_ARC _B3_slice5-Ort.czi,old,pomc,upper
126,14.0,50.857142857142854,712.0,F656_ARC _B3_slice5-Ort.czi,old,pomc,upper
127,4.0,43.5,174.0,F656_ARC _B3_slice5-Ort.czi,old,pomc,upper
128,24.0,42.875,1029.0,F656_ARC _B3_slice5-Ort.czi,old,pomc,upper
129,6.0,42.833333333333336,257.0,F656_ARC _B3_slice5-Ort.czi,old,pomc,upper
130,224.0,40.455357142857146,9062.0,F656_ARC _B3_slice5-Ort.czi,old,pomc,upper
131,50.0,56.52,2826.0,F656_ARC _B3_slice5-Ort.czi,old,pomc,upper
132,18.0,51.22222222222222,922.0,F656_ARC _B3_slice5-Ort.czi,old,pomc,upper
133,1.0,46.0,46.0,F656_ARC _B3_slice5-Ort.czi,old,pomc,upper
134,5.0,59.8,299.0,F656_ARC _B3_slice5-Ort.czi,old,pomc,upper
135,14.0,40.07142857142857,561.0,F656_ARC _B3_slice5-Ort.czi,old,pomc,upper
136,1.0,11.0,11.0,F656_ARC _B3_slice5-Ort.czi,old,pomc,upper
137,14.0,33.642857142857146,471.00000000000006,F656_ARC _B3_slice5-Ort.czi,old,pomc,upper
138,48.0,45.104166666666664,2165.0,F656_ARC _B3_slice5-Ort.czi,old,pomc,upper
139,51.0,37.05882352941177,1890.0000000000002,F656_ARC _B3_slice5-Ort.czi,old,pomc,upper
140,5.0,30.4,152.0,F656_ARC _B3_slice5-Ort.czi,old,pomc,upper
141,35.0,39.77142857142857,1392.0,F656_ARC _B3_slice5-Ort.czi,old,pomc,upper
142,36.0,41.166666666666664,1482.0,F656_ARC _B3_slice5-Ort.czi,old,pomc,upper
143,42.0,40.142857142857146,1686.0000000000002,F656_ARC _B3_slice5-Ort.czi,old,pomc,upper
144,59.0,43.47457627118644,2565.0,F656_ARC _B3_slice5-Ort.czi,old,pomc,upper
145,7.0,49.714285714285715,348.0,F656_ARC _B3_slice5-Ort.czi,old,pomc,upper
146,11.0,41.72727272727273,459.0,F656_ARC _B3_slice5-Ort.czi,old,pomc,upper
147,127.0,41.031496062992126,5211.0,F656_ARC _B3_slice5-Ort.czi,old,pomc,upper
148,21.0,51.142857142857146,1074.0,F656_ARC _B3_slice5-Ort.czi,old,pomc,upper
149,46.0,44.23913043478261,2035.0,F656_ARC _B3_slice5-Ort.czi,old,pomc,upper
150,20.0,35.9,718.0,F656_ARC _B3_slice5-Ort.czi,old,pomc,upper
151,1.0,116.0,116.0,F656_ARC _B3_slice5-Ort.czi,old,pomc,upper
152,3.0,25.333333333333332,76.0,F656_ARC _B3_slice5-Ort.czi,old,pomc,upper
153,6.0,44.0,264.0,F656_ARC _B3_slice5-Ort.czi,old,pomc,upper
154,137.0,39.78102189781022,5450.0,F656_ARC _B3_slice5-Ort.czi,old,pomc,upper
155,4.0,64.5,258.0,F656_ARC _B3_slice5-Ort.czi,old,pomc,upper
156,32.0,43.09375,1379.0,F656_ARC _B3_slice5-Ort.czi,old,pomc,upper
157,19.0,65.52631578947368,1245.0,F656_ARC _B3_slice5-Ort.czi,old,pomc,upper
158,2.0,36.5,73.0,F656_ARC _B3_slice5-Ort.czi,old,pomc,upper
159,1.0,61.0,61.0,F656_ARC _B3_slice5-Ort.czi,old,pomc,upper
160,13.0,49.07692307692308,638.0,F656_ARC _B3_slice5-Ort.czi,old,pomc,upper
161,5.0,49.0,245.0,F656_ARC _B3_slice5-Ort.czi,old,pomc,upper
162,1.0,24.0,24.0,F656_ARC _B3_slice5-Ort.czi,old,pomc,upper
163,107.0,40.61682242990654,4346.0,F656_ARC _B3_slice5-Ort.czi,old,pomc,upper
164,138.0,40.992753623188406,5657.0,F656_ARC _B3_slice5-Ort.czi,old,pomc,upper
165,29.0,47.55172413793103,1379.0,F656_ARC _B3_slice5-Ort.czi,old,pomc,upper
166,260.0,44.26923076923077,11510.0,F656_ARC _B3_slice5-Ort.czi,old,pomc,upper
167,63.0,36.904761904761905,2325.0,F656_ARC _B3_slice5-Ort.czi,old,pomc,upper
168,64.0,37.59375,2406.0,F656_ARC _B3_slice5-Ort.czi,old,pomc,upper
169,133.0,36.32330827067669,4831.0,F656_ARC _B3_slice5-Ort.czi,old,pomc,upper
170,52.0,42.67307692307692,2219.0,F656_ARC _B3_slice5-Ort.czi,old,pomc,upper
171,17.0,37.64705882352941,640.0,F656_ARC _B3_slice5-Ort.czi,old,pomc,upper
172,63.0,50.476190476190474,3180.0,F656_ARC _B3_slice5-Ort.czi,old,pomc,upper
173,72.0,41.041666666666664,2955.0,F656_ARC _B3_slice5-Ort.czi,old,pomc,upper
174,1.0,21.0,21.0,F656_ARC _B3_slice5-Ort.czi,old,pomc,upper
175,42.0,51.476190476190474,2162.0,F656_ARC _B3_slice5-Ort.czi,old,pomc,upper
176,5.0,40.4,202.0,F656_ARC _B3_slice5-Ort.czi,old,pomc,upper
177,243.0,41.629629629629626,10116.0,F656_ARC _B3_slice5-Ort.czi,old,pomc,upper
178,14.0,99.42857142857143,1392.0,F656_ARC _B3_slice5-Ort.czi,old,pomc,upper
179,37.0,43.62162162162162,1614.0,F656_ARC _B3_slice5-Ort.czi,old,pomc,upper
180,24.0,47.166666666666664,1132.0,F656_ARC _B3_slice5-Ort.czi,old,pomc,upper
181,140.0,42.91428571428571,6008.0,F656_ARC _B3_slice5-Ort.czi,old,pomc,upper
182,7.0,61.714285714285715,432.0,F656_ARC _B3_slice5-Ort.czi,old,pomc,upper
183,15.0,51.2,768.0,F656_ARC _B3_slice5-Ort.czi,old,pomc,upper
184,36.0,42.44444444444444,1528.0,F656_ARC _B3_slice5-Ort.czi,old,pomc,upper
185,5.0,38.8,194.0,F656_ARC _B3_slice5-Ort.czi,old,pomc,upper
186,19.0,37.1578947368421,706.0,F656_ARC _B3_slice5-Ort.czi,old,pomc,upper
187,1.0,34.0,34.0,F656_ARC _B3_slice5-Ort.czi,old,pomc,upper
188,137.0,42.22627737226277,5785.0,F656_ARC _B3_slice5-Ort.czi,old,pomc,upper
189,58.0,41.5,2407.0,F656_ARC _B3_slice5-Ort.czi,old,pomc,upper
190,3.0,57.666666666666664,173.0,F656_ARC _B3_slice5-Ort.czi,old,pomc,upper
191,2.0,42.0,84.0,F656_ARC _B3_slice5-Ort.czi,old,pomc,upper
192,64.0,49.109375,3143.0,F656_ARC _B3_slice5-Ort.czi,old,pomc,upper
193,95.0,43.06315789473684,4090.9999999999995,F656_ARC _B3_slice5-Ort.czi,old,pomc,upper
194,73.0,48.19178082191781,3518.0,F656_ARC _B3_slice5-Ort.czi,old,pomc,upper
195,15.0,53.46666666666667,802.0,F656_ARC _B3_slice5-Ort.czi,old,pomc,upper
196,57.0,47.78947368421053,2724.0,F656_ARC _B3_slice5-Ort.czi,old,pomc,upper
197,24.0,45.583333333333336,1094.0,F656_ARC _B3_slice5-Ort.czi,old,pomc,upper
198,42.0,37.904761904761905,1592.0,F656_ARC _B3_slice5-Ort.czi,old,pomc,upper
199,21.0,39.285714285714285,825.0,F656_ARC _B3_slice5-Ort.czi,old,pomc,upper
200,1.0,30.0,30.0,F656_ARC _B3_slice5-Ort.czi,old,pomc,upper
201,26.0,41.5,1079.0,F656_ARC _B3_slice5-Ort.czi,old,pomc,upper
202,33.0,42.333333333333336,1397.0,F656_ARC _B3_slice5-Ort.czi,old,pomc,upper
203,204.0,42.78921568627451,8729.0,F656_ARC _B3_slice5-Ort.czi,old,pomc,upper
204,40.0,44.425,1777.0,F656_ARC _B3_slice5-Ort.czi,old,pomc,upper
205,86.0,41.325581395348834,3553.9999999999995,F656_ARC _B3_slice5-Ort.czi,old,pomc,upper
206,36.0,44.52777777777778,1603.0,F656_ARC _B3_slice5-Ort.czi,old,pomc,upper
207,10.0,48.9,489.0,F656_ARC _B3_slice5-Ort.czi,old,pomc,upper
208,1.0,46.0,46.0,F656_ARC _B3_slice5-Ort.czi,old,pomc,upper
209,16.0,40.5,648.0,F656_ARC _B3_slice5-Ort.czi,old,pomc,upper
210,118.0,41.983050847457626,4954.0,F656_ARC _B3_slice5-Ort.czi,old,pomc,upper
211,15.0,48.86666666666667,733.0,F656_ARC _B3_slice5-Ort.czi,old,pomc,upper
212,9.0,39.77777777777778,358.0,F656_ARC _B3_slice5-Ort.czi,old,pomc,upper
213,1.0,62.0,62.0,F656_ARC _B3_slice5-Ort.czi,old,pomc,upper
214,16.0,49.8125,797.0,F656_ARC _B3_slice5-Ort.czi,old,pomc,upper
215,109.0,43.08256880733945,4696.0,F656_ARC _B3_slice5-Ort.czi,old,pomc,upper
216,4.0,53.5,214.0,F656_ARC _B3_slice5-Ort.czi,old,pomc,upper
217,19.0,42.1578947368421,801.0,F656_ARC _B3_slice5-Ort.czi,old,pomc,upper
218,15.0,89.4,1341.0,F656_ARC _B3_slice5-Ort.czi,old,pomc,upper
219,31.0,41.83870967741935,1297.0,F656_ARC _B3_slice5-Ort.czi,old,pomc,upper
220,32.0,38.4375,1230.0,F656_ARC _B3_slice5-Ort.czi,old,pomc,upper
221,1.0,27.0,27.0,F656_ARC _B3_slice5-Ort.czi,old,pomc,upper
222,22.0,40.72727272727273,896.0,F656_ARC _B3_slice5-Ort.czi,old,pomc,upper
223,39.0,43.717948717948715,1705.0,F656_ARC _B3_slice5-Ort.czi,old,pomc,upper
224,7.0,44.857142857142854,314.0,F656_ARC _B3_slice5-Ort.czi,old,pomc,upper
225,300.0,40.87,12261.0,F656_ARC _B3_slice5-Ort.czi,old,pomc,upper
226,74.0,45.74324324324324,3385.0,F656_ARC _B3_slice5-Ort.czi,old,pomc,upper
227,18.0,80.27777777777777,1445.0,F656_ARC _B3_slice5-Ort.czi,old,pomc,upper
228,23.0,39.78260869565217,915.0,F656_ARC _B3_slice5-Ort.czi,old,pomc,upper
229,206.0,58.71844660194175,12096.0,F656_ARC _B3_slice5-Ort.czi,old,pomc,upper
230,3.0,30.666666666666668,92.0,F656_ARC _B3_slice5-Ort.czi,old,pomc,upper
231,93.0,42.075268817204304,3913.0000000000005,F656_ARC _B3_slice5-Ort.czi,old,pomc,upper
232,128.0,47.203125,6042.0,F656_ARC _B3_slice5-Ort.czi,old,pomc,upper
233,88.0,47.47727272727273,4178.0,F656_ARC _B3_slice5-Ort.czi,old,pomc,upper
234,69.0,40.130434782608695,2769.0,F656_ARC _B3_slice5-Ort.czi,old,pomc,upper
235,107.0,49.700934579439256,5318.0,F656_ARC _B3_slice5-Ort.czi,old,pomc,upper
236,25.0,47.52,1188.0,F656_ARC _B3_slice5-Ort.czi,old,pomc,upper
237,10.0,41.1,411.0,F656_ARC _B3_slice5-Ort.czi,old,pomc,upper
238,19.0,42.05263157894737,799.0,F656_ARC _B3_slice5-Ort.czi,old,pomc,upper
239,1.0,31.0,31.0,F656_ARC _B3_slice5-Ort.czi,old,pomc,upper
240,16.0,67.125,1074.0,F656_ARC _B3_slice5-Ort.czi,old,pomc,upper
241,1.0,52.0,52.0,F656_ARC _B3_slice5-Ort.czi,old,pomc,upper
242,78.0,43.07692307692308,3360.0000000000005,F656_ARC _B3_slice5-Ort.czi,old,pomc,upper
243,47.0,38.340425531914896,1802.0,F656_ARC _B3_slice5-Ort.czi,old,pomc,upper
244,57.0,51.31578947368421,2925.0,F656_ARC _B3_slice5-Ort.czi,old,pomc,upper
245,9.0,40.888888888888886,368.0,F656_ARC _B3_slice5-Ort.czi,old,pomc,upper
246,49.0,43.12244897959184,2113.0,F656_ARC _B3_slice5-Ort.czi,old,pomc,upper
247,102.0,42.509803921568626,4336.0,F656_ARC _B3_slice5-Ort.czi,old,pomc,upper
248,13.0,39.0,507.0,F656_ARC _B3_slice5-Ort.czi,old,pomc,upper
249,48.0,49.625,2382.0,F656_ARC _B3_slice5-Ort.czi,old,pomc,upper
250,4.0,34.0,136.0,F656_ARC _B3_slice5-Ort.czi,old,pomc,upper
251,23.0,43.869565217391305,1009.0,F656_ARC _B3_slice5-Ort.czi,old,pomc,upper
252,591.0,44.59729272419628,26357.0,F656_ARC _B3_slice5-Ort.czi,old,pomc,upper
253,2.0,53.5,107.0,F656_ARC _B3_slice5-Ort.czi,old,pomc,upper
254,27.0,45.77777777777778,1236.0,F656_ARC _B3_slice5-Ort.czi,old,pomc,upper
255,32.0,49.625,1588.0,F656_ARC _B3_slice5-Ort.czi,old,pomc,upper
256,22.0,40.5,891.0,F656_ARC _B3_slice5-Ort.czi,old,pomc,upper
257,19.0,40.0,760.0,F656_ARC _B3_slice5-Ort.czi,old,pomc,upper
258,36.0,43.666666666666664,1572.0,F656_ARC _B3_slice5-Ort.czi,old,pomc,upper
259,43.0,44.93023255813954,1932.0,F656_ARC _B3_slice5-Ort.czi,old,pomc,upper
260,45.0,39.24444444444445,1766.0000000000002,F656_ARC _B3_slice5-Ort.czi,old,pomc,upper
261,57.0,39.50877192982456,2252.0,F656_ARC _B3_slice5-Ort.czi,old,pomc,upper
262,51.0,40.0,2040.0,F656_ARC _B3_slice5-Ort.czi,old,pomc,upper
263,2.0,36.0,72.0,F656_ARC _B3_slice5-Ort.czi,old,pomc,upper
264,104.0,46.52884615384615,4839.0,F656_ARC _B3_slice5-Ort.czi,old,pomc,upper
265,61.0,42.78688524590164,2610.0,F656_ARC _B3_slice5-Ort.czi,old,pomc,upper
266,16.0,40.0625,641.0,F656_ARC _B3_slice5-Ort.czi,old,pomc,upper
267,12.0,56.166666666666664,674.0,F656_ARC _B3_slice5-Ort.czi,old,pomc,upper
268,30.0,43.5,1305.0,F656_ARC _B3_slice5-Ort.czi,old,pomc,upper
269,2.0,42.5,85.0,F656_ARC _B3_slice5-Ort.czi,old,pomc,upper
270,1.0,31.0,31.0,F656_ARC _B3_slice5-Ort.czi,old,pomc,upper
271,23.0,50.56521739130435,1163.0,F656_ARC _B3_slice5-Ort.czi,old,pomc,upper
272,55.0,39.67272727272727,2182.0,F656_ARC _B3_slice5-Ort.czi,old,pomc,upper
273,78.0,49.5,3861.0,F656_ARC _B3_slice5-Ort.czi,old,pomc,upper
274,79.0,43.88607594936709,3467.0,F656_ARC _B3_slice5-Ort.czi,old,pomc,upper
275,15.0,46.6,699.0,F656_ARC _B3_slice5-Ort.czi,old,pomc,upper
276,1.0,19.0,19.0,F656_ARC _B3_slice5-Ort.czi,old,pomc,upper
277,59.0,41.94915254237288,2475.0,F656_ARC _B3_slice5-Ort.czi,old,pomc,upper
278,145.0,48.47586206896552,7029.0,F656_ARC _B3_slice5-Ort.czi,old,pomc,upper
279,420.0,48.76190476190476,20480.0,F656_ARC _B3_slice5-Ort.czi,old,pomc,upper
280,43.0,54.372093023255815,2338.0,F656_ARC _B3_slice5-Ort.czi,old,pomc,upper
281,29.0,60.93103448275862,1767.0,F656_ARC _B3_slice5-Ort.czi,old,pomc,upper
282,17.0,50.88235294117647,865.0,F656_ARC _B3_slice5-Ort.czi,old,pomc,upper
283,3.0,37.333333333333336,112.0,F656_ARC _B3_slice5-Ort.czi,old,pomc,upper
284,43.0,40.97674418604651,1762.0,F656_ARC _B3_slice5-Ort.czi,old,pomc,upper
285,44.0,43.54545454545455,1916.0,F656_ARC _B3_slice5-Ort.czi,old,pomc,upper
286,117.0,43.26495726495727,5062.0,F656_ARC _B3_slice5-Ort.czi,old,pomc,upper
287,384.0,38.747395833333336,14879.0,F656_ARC _B3_slice5-Ort.czi,old,pomc,upper
288,14.0,45.07142857142857,631.0,F656_ARC _B3_slice5-Ort.czi,old,pomc,upper
289,239.0,42.10460251046025,10063.0,F656_ARC _B3_slice5-Ort.czi,old,pomc,upper
290,104.0,41.68269230769231,4335.0,F656_ARC _B3_slice5-Ort.czi,old,pomc,upper
291,13.0,43.07692307692308,560.0,F656_ARC _B3_slice5-Ort.czi,old,pomc,upper
292,90.0,42.733333333333334,3846.0,F656_ARC _B3_slice5-Ort.czi,old,pomc,upper
293,222.0,37.234234234234236,8266.0,F656_ARC _B3_slice5-Ort.czi,old,pomc,upper
294,760.0,42.50657894736842,32304.999999999996,F656_ARC _B3_slice5-Ort.czi,old,pomc,upper
295,16.0,41.4375,663.0,F656_ARC _B3_slice5-Ort.czi,old,pomc,upper
296,2.0,39.5,79.0,F656_ARC _B3_slice5-Ort.czi,old,pomc,upper
297,1.0,44.0,44.0,F656_ARC _B3_slice5-Ort.czi,old,pomc,upper
298,189.0,45.84126984126984,8664.0,F656_ARC _B3_slice5-Ort.czi,old,pomc,upper
299,433.0,39.40877598152425,17064.0,F656_ARC _B3_slice5-Ort.czi,old,pomc,upper
300,1.0,24.0,24.0,F656_ARC _B3_slice5-Ort.czi,old,pomc,upper
301,33.0,52.54545454545455,1734.0,F656_ARC _B3_slice5-Ort.czi,old,pomc,upper
302,7.0,76.0,532.0,F656_ARC _B3_slice5-Ort.czi,old,pomc,upper
303,23.0,44.47826086956522,1023.0,F656_ARC _B3_slice5-Ort.czi,old,pomc,upper
304,48.0,47.416666666666664,2276.0,F656_ARC _B3_slice5-Ort.czi,old,pomc,upper
305,7.0,43.42857142857143,304.0,F656_ARC _B3_slice5-Ort.czi,old,pomc,upper
306,29.0,39.06896551724138,1133.0,F656_ARC _B3_slice5-Ort.czi,old,pomc,upper
307,60.0,42.083333333333336,2525.0,F656_ARC _B3_slice5-Ort.czi,old,pomc,upper
308,77.0,43.61038961038961,3358.0,F656_ARC _B3_slice5-Ort.czi,old,pomc,upper
309,55.0,43.29090909090909,2381.0,F656_ARC _B3_slice5-Ort.czi,old,pomc,upper
310,25.0,64.36,1609.0,F656_ARC _B3_slice5-Ort.czi,old,pomc,upper
311,43.0,39.348837209302324,1692.0,F656_ARC _B3_slice5-Ort.czi,old,pomc,upper
312,129.0,46.24031007751938,5965.0,F656_ARC _B3_slice5-Ort.czi,old,pomc,upper
313,128.0,47.9765625,6141.0,F656_ARC _B3_slice5-Ort.czi,old,pomc,upper
314,8.0,38.0,304.0,F656_ARC _B3_slice5-Ort.czi,old,pomc,upper
315,15.0,46.93333333333333,704.0,F656_ARC _B3_slice5-Ort.czi,old,pomc,upper
316,28.0,43.57142857142857,1220.0,F656_ARC _B3_slice5-Ort.czi,old,pomc,upper
317,9.0,37.0,333.0,F656_ARC _B3_slice5-Ort.czi,old,pomc,upper
318,39.0,43.30769230769231,1689.0,F656_ARC _B3_slice5-Ort.czi,old,pomc,upper
319,24.0,38.416666666666664,922.0,F656_ARC _B3_slice5-Ort.czi,old,pomc,upper
320,100.0,38.34,3834.0000000000005,F656_ARC _B3_slice5-Ort.czi,old,pomc,upper
321,801.0,46.69662921348315,37404.0,F656_ARC _B3_slice5-Ort.czi,old,pomc,upper
322,8.0,46.625,373.0,F656_ARC _B3_slice5-Ort.czi,old,pomc,upper
323,4.0,40.25,161.0,F656_ARC _B3_slice5-Ort.czi,old,pomc,upper
324,25.0,51.12,1278.0,F656_ARC _B3_slice5-Ort.czi,old,pomc,upper
325,12.0,45.666666666666664,548.0,F656_ARC _B3_slice5-Ort.czi,old,pomc,upper
326,86.0,43.81395348837209,3768.0,F656_ARC _B3_slice5-Ort.czi,old,pomc,upper
327,106.0,52.22641509433962,5536.0,F656_ARC _B3_slice5-Ort.czi,old,pomc,upper
328,28.0,53.0,1484.0,F656_ARC _B3_slice5-Ort.czi,old,pomc,upper
329,10.0,42.8,428.0,F656_ARC _B3_slice5-Ort.czi,old,pomc,upper
330,1.0,50.0,50.0,F656_ARC _B3_slice5-Ort.czi,old,pomc,upper
331,3.0,38.666666666666664,116.0,F656_ARC _B3_slice5-Ort.czi,old,pomc,upper
332,39.0,44.41025641025641,1732.0,F656_ARC _B3_slice5-Ort.czi,old,pomc,upper
333,29.0,49.10344827586207,1424.0,F656_ARC _B3_slice5-Ort.czi,old,pomc,upper
334,1.0,41.0,41.0,F656_ARC _B3_slice5-Ort.czi,old,pomc,upper
335,69.0,46.55072463768116,3212.0,F656_ARC _B3_slice5-Ort.czi,old,pomc,upper
336,1.0,33.0,33.0,F656_ARC _B3_slice5-Ort.czi,old,pomc,upper
337,40.0,47.725,1909.0,F656_ARC _B3_slice5-Ort.czi,old,pomc,upper
338,5.0,108.8,544.0,F656_ARC _B3_slice5-Ort.czi,old,pomc,upper
339,1.0,34.0,34.0,F656_ARC _B3_slice5-Ort.czi,old,pomc,upper
340,44.0,42.77272727272727,1882.0,F656_ARC _B3_slice5-Ort.czi,old,pomc,upper
341,6.0,49.333333333333336,296.0,F656_ARC _B3_slice5-Ort.czi,old,pomc,upper
342,54.0,41.05555555555556,2217.0,F656_ARC _B3_slice5-Ort.czi,old,pomc,upper
343,123.0,40.00813008130081,4921.0,F656_ARC _B3_slice5-Ort.czi,old,pomc,upper
344,1.0,61.0,61.0,F656_ARC _B3_slice5-Ort.czi,old,pomc,upper
345,2.0,35.5,71.0,F656_ARC _B3_slice5-Ort.czi,old,pomc,upper
346,37.0,61.0,2257.0,F656_ARC _B3_slice5-Ort.czi,old,pomc,upper
347,28.0,42.607142857142854,1193.0,F656_ARC _B3_slice5-Ort.czi,old,pomc,upper
348,21.0,47.666666666666664,1001.0,F656_ARC _B3_slice5-Ort.czi,old,pomc,upper
349,10.0,44.6,446.0,F656_ARC _B3_slice5-Ort.czi,old,pomc,upper
350,40.0,38.6,1544.0,F656_ARC _B3_slice5-Ort.czi,old,pomc,upper
351,26.0,46.65384615384615,1213.0,F656_ARC _B3_slice5-Ort.czi,old,pomc,upper
352,7.0,53.57142857142857,375.0,F656_ARC _B3_slice5-Ort.czi,old,pomc,upper
353,5.0,40.0,200.0,F656_ARC _B3_slice5-Ort.czi,old,pomc,upper
354,11.0,38.54545454545455,424.0,F656_ARC _B3_slice5-Ort.czi,old,pomc,upper
355,152.0,40.80921052631579,6203.0,F656_ARC _B3_slice5-Ort.czi,old,pomc,upper
356,18.0,48.166666666666664,867.0,F656_ARC _B3_slice5-Ort.czi,old,pomc,upper
357,10.0,42.6,426.0,F656_ARC _B3_slice5-Ort.czi,old,pomc,upper
358,10.0,42.2,422.0,F656_ARC _B3_slice5-Ort.czi,old,pomc,upper
359,66.0,41.53030303030303,2741.0,F656_ARC _B3_slice5-Ort.czi,old,pomc,upper
360,89.0,45.78651685393258,4075.0,F656_ARC _B3_slice5-Ort.czi,old,pomc,upper
361,1.0,18.0,18.0,F656_ARC _B3_slice5-Ort.czi,old,pomc,upper
362,33.0,39.36363636363637,1299.0,F656_ARC _B3_slice5-Ort.czi,old,pomc,upper
363,15.0,36.666666666666664,550.0,F656_ARC _B3_slice5-Ort.czi,old,pomc,upper
364,20.0,41.85,837.0,F656_ARC _B3_slice5-Ort.czi,old,pomc,upper
365,18.0,35.44444444444444,638.0,F656_ARC _B3_slice5-Ort.czi,old,pomc,upper
366,46.0,43.71739130434783,2011.0,F656_ARC _B3_slice5-Ort.czi,old,pomc,upper
367,34.0,46.0,1564.0,F656_ARC _B3_slice5-Ort.czi,old,pomc,upper
368,61.0,39.032786885245905,2381.0,F656_ARC _B3_slice5-Ort.czi,old,pomc,upper
369,7.0,55.0,385.0,F656_ARC _B3_slice5-Ort.czi,old,pomc,upper
370,193.0,42.02590673575129,8110.999999999999,F656_ARC _B3_slice5-Ort.czi,old,pomc,upper
371,7.0,37.42857142857143,262.0,F656_ARC _B3_slice5-Ort.czi,old,pomc,upper
372,28.0,49.892857142857146,1397.0,F656_ARC _B3_slice5-Ort.czi,old,pomc,upper
373,2.0,43.5,87.0,F656_ARC _B3_slice5-Ort.czi,old,pomc,upper
374,75.0,43.946666666666665,3296.0,F656_ARC _B3_slice5-Ort.czi,old,pomc,upper
375,81.0,50.2962962962963,4074.0,F656_ARC _B3_slice5-Ort.czi,old,pomc,upper
376,1.0,61.0,61.0,F656_ARC _B3_slice5-Ort.czi,old,pomc,upper
377,99.0,44.464646464646464,4402.0,F656_ARC _B3_slice5-Ort.czi,old,pomc,upper
378,74.0,48.62162162162162,3598.0,F656_ARC _B3_slice5-Ort.czi,old,pomc,upper
379,1.0,22.0,22.0,F656_ARC _B3_slice5-Ort.czi,old,pomc,upper
380,1.0,38.0,38.0,F656_ARC _B3_slice5-Ort.czi,old,pomc,upper
381,25.0,55.84,1396.0,F656_ARC _B3_slice5-Ort.czi,old,pomc,upper
382,58.0,46.241379310344826,2682.0,F656_ARC _B3_slice5-Ort.czi,old,pomc,upper
383,32.0,51.5,1648.0,F656_ARC _B3_slice5-Ort.czi,old,pomc,upper
384,19.0,59.05263157894737,1122.0,F656_ARC _B3_slice5-Ort.czi,old,pomc,upper
385,90.0,43.2,3888.0000000000005,F656_ARC _B3_slice5-Ort.czi,old,pomc,upper
386,324.0,39.9537037037037,12945.0,F656_ARC _B3_slice5-Ort.czi,old,pomc,upper
387,26.0,54.61538461538461,1420.0,F656_ARC _B3_slice5-Ort.czi,old,pomc,upper
388,261.0,43.75478927203065,11420.0,F656_ARC _B3_slice5-Ort.czi,old,pomc,upper
389,1.0,26.0,26.0,F656_ARC _B3_slice5-Ort.czi,old,pomc,upper
390,67.0,42.43283582089552,2843.0,F656_ARC _B3_slice5-Ort.czi,old,pomc,upper
391,94.0,45.148936170212764,4244.0,F656_ARC _B3_slice5-Ort.czi,old,pomc,upper
392,116.0,57.75,6699.0,F656_ARC _B3_slice5-Ort.czi,old,pomc,upper
393,38.0,46.973684210526315,1785.0,F656_ARC _B3_slice5-Ort.czi,old,pomc,upper
394,59.0,42.79661016949152,2525.0,F656_ARC _B3_slice5-Ort.czi,old,pomc,upper
395,440.0,40.856818181818184,17977.0,F656_ARC _B3_slice5-Ort.czi,old,pomc,upper
396,9.0,54.55555555555556,491.0,F656_ARC _B3_slice5-Ort.czi,old,pomc,upper
397,80.0,45.475,3638.0,F656_ARC _B3_slice5-Ort.czi,old,pomc,upper
398,108.0,45.80555555555556,4947.0,F656_ARC _B3_slice5-Ort.czi,old,pomc,upper
399,20.0,58.6,1172.0,F656_ARC _B3_slice5-Ort.czi,old,pomc,upper
400,52.0,44.44230769230769,2311.0,F656_ARC _B3_slice5-Ort.czi,old,pomc,upper
401,59.0,44.983050847457626,2654.0,F656_ARC _B3_slice5-Ort.czi,old,pomc,upper
402,1.0,56.0,56.0,F656_ARC _B3_slice5-Ort.czi,old,pomc,upper
403,2.0,69.0,138.0,F656_ARC _B3_slice5-Ort.czi,old,pomc,upper
404,232.0,49.26293103448276,11429.0,F656_ARC _B3_slice5-Ort.czi,old,pomc,upper
405,6.0,45.666666666666664,274.0,F656_ARC _B3_slice5-Ort.czi,old,pomc,upper
406,9.0,167.88888888888889,1511.0,F656_ARC _B3_slice5-Ort.czi,old,pomc,upper
407,88.0,41.92045454545455,3689.0,F656_ARC _B3_slice5-Ort.czi,old,pomc,upper
408,35.0,42.02857142857143,1471.0000000000002,F656_ARC _B3_slice5-Ort.czi,old,pomc,upper
409,18.0,37.55555555555556,676.0,F656_ARC _B3_slice5-Ort.czi,old,pomc,upper
410,34.0,50.26470588235294,1709.0,F656_ARC _B3_slice5-Ort.czi,old,pomc,upper
411,51.0,59.490196078431374,3034.0,F656_ARC _B3_slice5-Ort.czi,old,pomc,upper
412,63.0,47.01587301587302,2962.0,F656_ARC _B3_slice5-Ort.czi,old,pomc,upper
413,17.0,41.35294117647059,703.0,F656_ARC _B3_slice5-Ort.czi,old,pomc,upper
414,11.0,45.90909090909091,505.0,F656_ARC _B3_slice5-Ort.czi,old,pomc,upper
415,127.0,47.30708661417323,6008.0,F656_ARC _B3_slice5-Ort.czi,old,pomc,upper
416,113.0,44.743362831858406,5056.0,F656_ARC _B3_slice5-Ort.czi,old,pomc,upper
417,14.0,41.357142857142854,579.0,F656_ARC _B3_slice5-Ort.czi,old,pomc,upper
418,25.0,44.28,1107.0,F656_ARC _B3_slice5-Ort.czi,old,pomc,upper
419,81.0,47.79012345679013,3871.0000000000005,F656_ARC _B3_slice5-Ort.czi,old,pomc,upper
420,253.0,44.047430830039524,11144.0,F656_ARC _B3_slice5-Ort.czi,old,pomc,upper
421,85.0,45.65882352941176,3881.0,F656_ARC _B3_slice5-Ort.czi,old,pomc,upper
422,86.0,42.97674418604651,3696.0,F656_ARC _B3_slice5-Ort.czi,old,pomc,upper
423,2.0,43.5,87.0,F656_ARC _B3_slice5-Ort.czi,old,pomc,upper
424,7.0,35.857142857142854,250.99999999999997,F656_ARC _B3_slice5-Ort.czi,old,pomc,upper
425,16.0,50.5625,809.0,F656_ARC _B3_slice5-Ort.czi,old,pomc,upper
426,139.0,52.906474820143885,7354.0,F656_ARC _B3_slice5-Ort.czi,old,pomc,upper
427,29.0,54.793103448275865,1589.0,F656_ARC _B3_slice5-Ort.czi,old,pomc,upper
428,28.0,44.892857142857146,1257.0,F656_ARC _B3_slice5-Ort.czi,old,pomc,upper
429,8.0,57.625,461.0,F656_ARC _B3_slice5-Ort.czi,old,pomc,upper
430,17.0,37.529411764705884,638.0,F656_ARC _B3_slice5-Ort.czi,old,pomc,upper
431,49.0,40.51020408163265,1985.0,F656_ARC _B3_slice5-Ort.czi,old,pomc,upper
432,58.0,37.91379310344828,2199.0,F656_ARC _B3_slice5-Ort.czi,old,pomc,upper
433,105.0,40.2,4221.0,F656_ARC _B3_slice5-Ort.czi,old,pomc,upper
434,3.0,28.0,84.0,F656_ARC _B3_slice5-Ort.czi,old,pomc,upper
435,82.0,38.78048780487805,3180.0,F656_ARC _B3_slice5-Ort.czi,old,pomc,upper
436,133.0,55.67669172932331,7405.0,F656_ARC _B3_slice5-Ort.czi,old,pomc,upper
437,33.0,40.09090909090909,1323.0,F656_ARC _B3_slice5-Ort.czi,old,pomc,upper
438,50.0,47.04,2352.0,F656_ARC _B3_slice5-Ort.czi,old,pomc,upper
439,11.0,55.90909090909091,615.0,F656_ARC _B3_slice5-Ort.czi,old,pomc,upper
440,50.0,55.48,2774.0,F656_ARC _B3_slice5-Ort.czi,old,pomc,upper
441,4.0,38.25,153.0,F656_ARC _B3_slice5-Ort.czi,old,pomc,upper
442,18.0,49.111111111111114,884.0,F656_ARC _B3_slice5-Ort.czi,old,pomc,upper
443,37.0,40.16216216216216,1486.0,F656_ARC _B3_slice5-Ort.czi,old,pomc,upper
444,69.0,37.52173913043478,2589.0,F656_ARC _B3_slice5-Ort.czi,old,pomc,upper
445,123.0,37.34146341463415,4593.0,F656_ARC _B3_slice5-Ort.czi,old,pomc,upper
446,8.0,50.875,407.0,F656_ARC _B3_slice5-Ort.czi,old,pomc,upper
447,42.0,41.595238095238095,1747.0,F656_ARC _B3_slice5-Ort.czi,old,pomc,upper
448,52.0,55.32692307692308,2877.0,F656_ARC _B3_slice5-Ort.czi,old,pomc,upper
449,5.0,40.8,204.0,F656_ARC _B3_slice5-Ort.czi,old,pomc,upper
450,23.0,44.95652173913044,1034.0,F656_ARC _B3_slice5-Ort.czi,old,pomc,upper
451,54.0,45.75925925925926,2471.0,F656_ARC _B3_slice5-Ort.czi,old,pomc,upper
452,12.0,37.083333333333336,445.0,F656_ARC _B3_slice5-Ort.czi,old,pomc,upper
453,22.0,39.72727272727273,874.0,F656_ARC _B3_slice5-Ort.czi,old,pomc,upper
454,76.0,45.56578947368421,3463.0,F656_ARC _B3_slice5-Ort.czi,old,pomc,upper
455,14.0,39.357142857142854,551.0,F656_ARC _B3_slice5-Ort.czi,old,pomc,upper
456,16.0,33.375,534.0,F656_ARC _B3_slice5-Ort.czi,old,pomc,upper
457,50.0,53.32,2666.0,F656_ARC _B3_slice5-Ort.czi,old,pomc,upper
458,21.0,34.76190476190476,730.0,F656_ARC _B3_slice5-Ort.czi,old,pomc,upper
459,72.0,37.486111111111114,2699.0,F656_ARC _B3_slice5-Ort.czi,old,pomc,upper
460,48.0,79.60416666666667,3821.0,F656_ARC _B3_slice5-Ort.czi,old,pomc,upper
461,494.0,44.178137651821864,21824.0,F656_ARC _B3_slice5-Ort.czi,old,pomc,upper
462,110.0,53.41818181818182,5876.0,F656_ARC _B3_slice5-Ort.czi,old,pomc,upper
463,17.0,47.05882352941177,800.0,F656_ARC _B3_slice5-Ort.czi,old,pomc,upper
464,12.0,66.08333333333333,793.0,F656_ARC _B3_slice5-Ort.czi,old,pomc,upper
465,250.0,45.004,11251.0,F656_ARC _B3_slice5-Ort.czi,old,pomc,upper
466,28.0,50.357142857142854,1410.0,F656_ARC _B3_slice5-Ort.czi,old,pomc,upper
467,1.0,30.0,30.0,F656_ARC _B3_slice5-Ort.czi,old,pomc,upper
468,26.0,69.73076923076923,1813.0,F656_ARC _B3_slice5-Ort.czi,old,pomc,upper
469,35.0,40.31428571428572,1411.0,F656_ARC _B3_slice5-Ort.czi,old,pomc,upper
470,1.0,24.0,24.0,F656_ARC _B3_slice5-Ort.czi,old,pomc,upper
471,1195.0,43.22092050209205,51649.0,F656_ARC _B3_slice5-Ort.czi,old,pomc,upper
472,1.0,41.0,41.0,F656_ARC _B3_slice5-Ort.czi,old,pomc,upper
473,21.0,56.904761904761905,1195.0,F656_ARC _B3_slice5-Ort.czi,old,pomc,upper
474,78.0,53.01282051282051,4135.0,F656_ARC _B3_slice5-Ort.czi,old,pomc,upper
475,2.0,54.5,109.0,F656_ARC _B3_slice5-Ort.czi,old,pomc,upper
476,18.0,35.22222222222222,634.0,F656_ARC _B3_slice5-Ort.czi,old,pomc,upper
477,52.0,44.69230769230769,2324.0,F656_ARC _B3_slice5-Ort.czi,old,pomc,upper
478,28.0,46.607142857142854,1305.0,F656_ARC _B3_slice5-Ort.czi,old,pomc,upper
479,97.0,39.11340206185567,3794.0000000000005,F656_ARC _B3_slice5-Ort.czi,old,pomc,upper
480,17.0,58.05882352941177,987.0,F656_ARC _B3_slice5-Ort.czi,old,pomc,upper
481,2.0,56.5,113.0,F656_ARC _B3_slice5-Ort.czi,old,pomc,upper
482,65.0,43.292307692307695,2814.0,F656_ARC _B3_slice5-Ort.czi,old,pomc,upper
483,39.0,53.05128205128205,2069.0,F656_ARC _B3_slice5-Ort.czi,old,pomc,upper
484,9.0,40.111111111111114,361.0,F656_ARC _B3_slice5-Ort.czi,old,pomc,upper
485,71.0,42.12676056338028,2991.0,F656_ARC _B3_slice5-Ort.czi,old,pomc,upper
486,181.0,42.729281767955804,7734.000000000001,F656_ARC _B3_slice5-Ort.czi,old,pomc,upper
487,2.0,32.5,65.0,F656_ARC _B3_slice5-Ort.czi,old,pomc,upper
488,54.0,39.01851851851852,2107.0,F656_ARC _B3_slice5-Ort.czi,old,pomc,upper
489,115.0,38.573913043478264,4436.0,F656_ARC _B3_slice5-Ort.czi,old,pomc,upper
490,2.0,24.5,49.0,F656_ARC _B3_slice5-Ort.czi,old,pomc,upper
491,1.0,26.0,26.0,F656_ARC _B3_slice5-Ort.czi,old,pomc,upper
492,28.0,38.642857142857146,1082.0,F656_ARC _B3_slice5-Ort.czi,old,pomc,upper
493,41.0,40.58536585365854,1664.0,F656_ARC _B3_slice5-Ort.czi,old,pomc,upper
494,22.0,50.81818181818182,1118.0,F656_ARC _B3_slice5-Ort.czi,old,pomc,upper
495,45.0,41.55555555555556,1870.0,F656_ARC _B3_slice5-Ort.czi,old,pomc,upper
496,61.0,53.77049180327869,3280.0,F656_ARC _B3_slice5-Ort.czi,old,pomc,upper
497,3.0,39.0,117.0,F656_ARC _B3_slice5-Ort.czi,old,pomc,upper
498,13.0,58.0,754.0,F656_ARC _B3_slice5-Ort.czi,old,pomc,upper
499,144.0,39.888888888888886,5744.0,F656_ARC _B3_slice5-Ort.czi,old,pomc,upper
500,145.0,45.710344827586205,6628.0,F656_ARC _B3_slice5-Ort.czi,old,pomc,upper
501,42.0,48.785714285714285,2049.0,F656_ARC _B3_slice5-Ort.czi,old,pomc,upper
502,3.0,24.666666666666668,74.0,F656_ARC _B3_slice5-Ort.czi,old,pomc,upper
503,11.0,45.63636363636363,501.99999999999994,F656_ARC _B3_slice5-Ort.czi,old,pomc,upper
504,16.0,49.8125,797.0,F656_ARC _B3_slice5-Ort.czi,old,pomc,upper
505,88.0,43.07954545454545,3791.0,F656_ARC _B3_slice5-Ort.czi,old,pomc,upper
506,43.0,40.86046511627907,1757.0000000000002,F656_ARC _B3_slice5-Ort.czi,old,pomc,upper
507,2.0,56.0,112.0,F656_ARC _B3_slice5-Ort.czi,old,pomc,upper
508,40.0,46.425,1857.0,F656_ARC _B3_slice5-Ort.czi,old,pomc,upper
509,34.0,40.26470588235294,1369.0,F656_ARC _B3_slice5-Ort.czi,old,pomc,upper
510,1.0,52.0,52.0,F656_ARC _B3_slice5-Ort.czi,old,pomc,upper
511,70.0,38.8,2716.0,F656_ARC _B3_slice5-Ort.czi,old,pomc,upper
512,95.0,46.88421052631579,4454.0,F656_ARC _B3_slice5-Ort.czi,old,pomc,upper
513,14.0,61.0,854.0,F656_ARC _B3_slice5-Ort.czi,old,pomc,upper
514,123.0,42.08130081300813,5176.0,F656_ARC _B3_slice5-Ort.czi,old,pomc,upper
515,3.0,31.333333333333332,94.0,F656_ARC _B3_slice5-Ort.czi,old,pomc,upper
516,896.0,39.775669642857146,35639.0,F656_ARC _B3_slice5-Ort.czi,old,pomc,upper
517,17.0,60.588235294117645,1030.0,F656_ARC _B3_slice5-Ort.czi,old,pomc,upper
518,132.0,48.40909090909091,6390.0,F656_ARC _B3_slice5-Ort.czi,old,pomc,upper
519,23.0,46.130434782608695,1061.0,F656_ARC _B3_slice5-Ort.czi,old,pomc,upper
520,19.0,48.0,912.0,F656_ARC _B3_slice5-Ort.czi,old,pomc,upper
521,11.0,46.36363636363637,510.00000000000006,F656_ARC _B3_slice5-Ort.czi,old,pomc,upper
522,23.0,86.82608695652173,1997.0,F656_ARC _B3_slice5-Ort.czi,old,pomc,upper
523,78.0,53.92307692307692,4206.0,F656_ARC _B3_slice5-Ort.czi,old,pomc,upper
524,19.0,34.526315789473685,656.0,F656_ARC _B3_slice5-Ort.czi,old,pomc,upper
525,6.0,61.333333333333336,368.0,F656_ARC _B3_slice5-Ort.czi,old,pomc,upper
526,10.0,46.4,464.0,F656_ARC _B3_slice5-Ort.czi,old,pomc,upper
527,23.0,40.91304347826087,941.0,F656_ARC _B3_slice5-Ort.czi,old,pomc,upper
528,1.0,25.0,25.0,F656_ARC _B3_slice5-Ort.czi,old,pomc,upper
529,24.0,63.541666666666664,1525.0,F656_ARC _B3_slice5-Ort.czi,old,pomc,upper
530,16.0,50.0,800.0,F656_ARC _B3_slice5-Ort.czi,old,pomc,upper
531,35.0,40.285714285714285,1410.0,F656_ARC _B3_slice5-Ort.czi,old,pomc,upper
532,15.0,49.2,738.0,F656_ARC _B3_slice5-Ort.czi,old,pomc,upper
533,42.0,35.357142857142854,1484.9999999999998,F656_ARC _B3_slice5-Ort.czi,old,pomc,upper
534,51.0,37.68627450980392,1922.0,F656_ARC _B3_slice5-Ort.czi,old,pomc,upper
535,60.0,43.1,2586.0,F656_ARC _B3_slice5-Ort.czi,old,pomc,upper
536,48.0,47.3125,2271.0,F656_ARC _B3_slice5-Ort.czi,old,pomc,upper
537,33.0,53.515151515151516,1766.0,F656_ARC _B3_slice5-Ort.czi,old,pomc,upper
538,80.0,41.9125,3353.0,F656_ARC _B3_slice5-Ort.czi,old,pomc,upper
539,6.0,33.0,198.0,F656_ARC _B3_slice5-Ort.czi,old,pomc,upper
540,76.0,43.01315789473684,3269.0,F656_ARC _B3_slice5-Ort.czi,old,pomc,upper
541,113.0,42.991150442477874,4858.0,F656_ARC _B3_slice5-Ort.czi,old,pomc,upper
542,30.0,46.266666666666666,1388.0,F656_ARC _B3_slice5-Ort.czi,old,pomc,upper
543,132.0,43.90909090909091,5796.0,F656_ARC _B3_slice5-Ort.czi,old,pomc,upper
544,15.0,57.0,855.0,F656_ARC _B3_slice5-Ort.czi,old,pomc,upper
545,234.0,43.56837606837607,10195.0,F656_ARC _B3_slice5-Ort.czi,old,pomc,upper
546,6.0,53.333333333333336,320.0,F656_ARC _B3_slice5-Ort.czi,old,pomc,upper
547,53.0,39.18867924528302,2077.0,F656_ARC _B3_slice5-Ort.czi,old,pomc,upper
548,32.0,47.21875,1511.0,F656_ARC _B3_slice5-Ort.czi,old,pomc,upper
549,29.0,41.13793103448276,1193.0,F656_ARC _B3_slice5-Ort.czi,old,pomc,upper
550,52.0,42.03846153846154,2186.0,F656_ARC _B3_slice5-Ort.czi,old,pomc,upper
551,118.0,46.80508474576271,5523.0,F656_ARC _B3_slice5-Ort.czi,old,pomc,upper
552,94.0,43.53191489361702,4092.0,F656_ARC _B3_slice5-Ort.czi,old,pomc,upper
553,17.0,45.23529411764706,769.0,F656_ARC _B3_slice5-Ort.czi,old,pomc,upper
554,29.0,41.793103448275865,1212.0,F656_ARC _B3_slice5-Ort.czi,old,pomc,upper
555,1.0,51.0,51.0,F656_ARC _B3_slice5-Ort.czi,old,pomc,upper
556,20.0,45.15,903.0,F656_ARC _B3_slice5-Ort.czi,old,pomc,upper
557,1.0,30.0,30.0,F656_ARC _B3_slice5-Ort.czi,old,pomc,upper
558,116.0,47.05172413793103,5458.0,F656_ARC _B3_slice5-Ort.czi,old,pomc,upper
559,2.0,45.0,90.0,F656_ARC _B3_slice5-Ort.czi,old,pomc,upper
560,10.0,38.0,380.0,F656_ARC _B3_slice5-Ort.czi,old,pomc,upper
561,1.0,50.0,50.0,F656_ARC _B3_slice5-Ort.czi,old,pomc,upper
562,145.0,41.227586206896554,5978.0,F656_ARC _B3_slice5-Ort.czi,old,pomc,upper
563,9.0,45.888888888888886,413.0,F656_ARC _B3_slice5-Ort.czi,old,pomc,upper
564,23.0,43.21739130434783,994.0,F656_ARC _B3_slice5-Ort.czi,old,pomc,upper
565,32.0,37.28125,1193.0,F656_ARC _B3_slice5-Ort.czi,old,pomc,upper
566,79.0,44.49367088607595,3515.0,F656_ARC _B3_slice5-Ort.czi,old,pomc,upper
567,12.0,43.0,516.0,F656_ARC _B3_slice5-Ort.czi,old,pomc,upper
568,1.0,35.0,35.0,F656_ARC _B3_slice5-Ort.czi,old,pomc,upper
569,10.0,41.8,418.0,F656_ARC _B3_slice5-Ort.czi,old,pomc,upper
570,35.0,45.22857142857143,1583.0,F656_ARC _B3_slice5-Ort.czi,old,pomc,upper
571,27.0,47.55555555555556,1284.0,F656_ARC _B3_slice5-Ort.czi,old,pomc,upper
572,76.0,47.46052631578947,3607.0,F656_ARC _B3_slice5-Ort.czi,old,pomc,upper
573,82.0,49.03658536585366,4021.0,F656_ARC _B3_slice5-Ort.czi,old,pomc,upper
574,205.0,40.326829268292684,8267.0,F656_ARC _B3_slice5-Ort.czi,old,pomc,upper
575,115.0,42.495652173913044,4887.0,F656_ARC _B3_slice5-Ort.czi,old,pomc,upper
576,15.0,37.06666666666667,556.0,F656_ARC _B3_slice5-Ort.czi,old,pomc,upper
577,16.0,42.0,672.0,F656_ARC _B3_slice5-Ort.czi,old,pomc,upper
578,192.0,42.104166666666664,8084.0,F656_ARC _B3_slice5-Ort.czi,old,pomc,upper
579,43.0,48.46511627906977,2084.0,F656_ARC _B3_slice5-Ort.czi,old,pomc,upper
580,30.0,42.93333333333333,1288.0,F656_ARC _B3_slice5-Ort.czi,old,pomc,upper
581,45.0,37.82222222222222,1702.0,F656_ARC _B3_slice5-Ort.czi,old,pomc,upper
582,58.0,42.741379310344826,2479.0,F656_ARC _B3_slice5-Ort.czi,old,pomc,upper
583,29.0,39.48275862068966,1145.0,F656_ARC _B3_slice5-Ort.czi,old,pomc,upper
584,17.0,43.529411764705884,740.0,F656_ARC _B3_slice5-Ort.czi,old,pomc,upper
585,2.0,34.5,69.0,F656_ARC _B3_slice5-Ort.czi,old,pomc,upper
586,18.0,47.05555555555556,847.0,F656_ARC _B3_slice5-Ort.czi,old,pomc,upper
587,331.0,41.65256797583081,13786.999999999998,F656_ARC _B3_slice5-Ort.czi,old,pomc,upper
588,11.0,59.90909090909091,659.0,F656_ARC _B3_slice5-Ort.czi,old,pomc,upper
589,61.0,44.39344262295082,2708.0,F656_ARC _B3_slice5-Ort.czi,old,pomc,upper
590,147.0,52.42176870748299,7705.999999999999,F656_ARC _B3_slice5-Ort.czi,old,pomc,upper
591,1.0,65.0,65.0,F656_ARC _B3_slice5-Ort.czi,old,pomc,upper
592,43.0,39.627906976744185,1704.0,F656_ARC _B3_slice5-Ort.czi,old,pomc,upper
593,90.0,40.644444444444446,3658.0,F656_ARC _B3_slice5-Ort.czi,old,pomc,upper
594,32.0,48.84375,1563.0,F656_ARC _B3_slice5-Ort.czi,old,pomc,upper
595,43.0,42.81395348837209,1841.0,F656_ARC _B3_slice5-Ort.czi,old,pomc,upper
596,33.0,58.75757575757576,1939.0,F656_ARC _B3_slice5-Ort.czi,old,pomc,upper
597,51.0,40.15686274509804,2048.0,F656_ARC _B3_slice5-Ort.czi,old,pomc,upper
598,7.0,38.857142857142854,272.0,F656_ARC _B3_slice5-Ort.czi,old,pomc,upper
599,35.0,54.51428571428571,1908.0,F656_ARC _B3_slice5-Ort.czi,old,pomc,upper
600,57.0,38.24561403508772,2180.0,F656_ARC _B3_slice5-Ort.czi,old,pomc,upper
601,100.0,45.17,4517.0,F656_ARC _B3_slice5-Ort.czi,old,pomc,upper
602,319.0,45.36990595611285,14473.0,F656_ARC _B3_slice5-Ort.czi,old,pomc,upper
603,147.0,41.1156462585034,6044.0,F656_ARC _B3_slice5-Ort.czi,old,pomc,upper
604,59.0,47.88135593220339,2825.0,F656_ARC _B3_slice5-Ort.czi,old,pomc,upper
605,48.0,38.854166666666664,1865.0,F656_ARC _B3_slice5-Ort.czi,old,pomc,upper
606,24.0,47.125,1131.0,F656_ARC _B3_slice5-Ort.czi,old,pomc,upper
607,47.0,41.38297872340426,1945.0,F656_ARC _B3_slice5-Ort.czi,old,pomc,upper
608,31.0,42.03225806451613,1303.0,F656_ARC _B3_slice5-Ort.czi,old,pomc,upper
609,3.0,35.666666666666664,107.0,F656_ARC _B3_slice5-Ort.czi,old,pomc,upper
610,14.0,44.07142857142857,617.0,F656_ARC _B3_slice5-Ort.czi,old,pomc,upper
611,291.0,40.371134020618555,11748.0,F656_ARC _B3_slice5-Ort.czi,old,pomc,upper
612,23.0,46.0,1058.0,F656_ARC _B3_slice5-Ort.czi,old,pomc,upper
613,28.0,37.714285714285715,1056.0,F656_ARC _B3_slice5-Ort.czi,old,pomc,upper
614,2.0,38.0,76.0,F656_ARC _B3_slice5-Ort.czi,old,pomc,upper
615,36.0,42.27777777777778,1522.0,F656_ARC _B3_slice5-Ort.czi,old,pomc,upper
616,14.0,39.357142857142854,551.0,F656_ARC _B3_slice5-Ort.czi,old,pomc,upper
617,54.0,40.111111111111114,2166.0,F656_ARC _B3_slice5-Ort.czi,old,pomc,upper
618,122.0,42.41803278688525,5175.0,F656_ARC _B3_slice5-Ort.czi,old,pomc,upper
619,111.0,42.31531531531532,4697.0,F656_ARC _B3_slice5-Ort.czi,old,pomc,upper
620,61.0,56.459016393442624,3444.0,F656_ARC _B3_slice5-Ort.czi,old,pomc,upper
621,28.0,44.17857142857143,1237.0,F656_ARC _B3_slice5-Ort.czi,old,pomc,upper
622,164.0,44.926829268292686,7368.0,F656_ARC _B3_slice5-Ort.czi,old,pomc,upper
623,125.0,46.688,5836.0,F656_ARC _B3_slice5-Ort.czi,old,pomc,upper
624,1293.0,37.67362722351121,48711.99999999999,F656_ARC _B3_slice5-Ort.czi,old,pomc,upper
625,30.0,49.93333333333333,1498.0,F656_ARC _B3_slice5-Ort.czi,old,pomc,upper
626,1.0,46.0,46.0,F656_ARC _B3_slice5-Ort.czi,old,pomc,upper
627,9.0,46.111111111111114,415.0,F656_ARC _B3_slice5-Ort.czi,old,pomc,upper
628,84.0,48.98809523809524,4115.0,F656_ARC _B3_slice5-Ort.czi,old,pomc,upper
629,19.0,68.78947368421052,1307.0,F656_ARC _B3_slice5-Ort.czi,old,pomc,upper
630,139.0,46.73381294964029,6496.0,F656_ARC _B3_slice5-Ort.czi,old,pomc,upper
631,58.0,41.775862068965516,2423.0,F656_ARC _B3_slice5-Ort.czi,old,pomc,upper
632,63.0,41.65079365079365,2624.0,F656_ARC _B3_slice5-Ort.czi,old,pomc,upper
633,125.0,45.248,5656.0,F656_ARC _B3_slice5-Ort.czi,old,pomc,upper
634,74.0,42.83783783783784,3170.0,F656_ARC _B3_slice5-Ort.czi,old,pomc,upper
635,1584.0,40.82891414141414,64672.99999999999,F656_ARC _B3_slice5-Ort.czi,old,pomc,upper
636,178.0,41.662921348314605,7416.0,F656_ARC _B3_slice5-Ort.czi,old,pomc,upper
637,33.0,49.515151515151516,1634.0,F656_ARC _B3_slice5-Ort.czi,old,pomc,upper
638,11.0,50.18181818181818,552.0,F656_ARC _B3_slice5-Ort.czi,old,pomc,upper
639,11.0,54.54545454545455,600.0,F656_ARC _B3_slice5-Ort.czi,old,pomc,upper
640,15.0,40.8,612.0,F656_ARC _B3_slice5-Ort.czi,old,pomc,upper
641,31.0,41.29032258064516,1280.0,F656_ARC _B3_slice5-Ort.czi,old,pomc,upper
642,125.0,46.008,5751.0,F656_ARC _B3_slice5-Ort.czi,old,pomc,upper
643,5.0,33.2,166.0,F656_ARC _B3_slice5-Ort.czi,old,pomc,upper
644,49.0,41.51020408163265,2034.0,F656_ARC _B3_slice5-Ort.czi,old,pomc,upper
645,44.0,52.93181818181818,2329.0,F656_ARC _B3_slice5-Ort.czi,old,pomc,upper
646,49.0,51.714285714285715,2534.0,F656_ARC _B3_slice5-Ort.czi,old,pomc,upper
647,101.0,42.91089108910891,4334.0,F656_ARC _B3_slice5-Ort.czi,old,pomc,upper
648,13.0,61.0,793.0,F656_ARC _B3_slice5-Ort.czi,old,pomc,upper
649,668.0,43.12125748502994,28805.000000000004,F656_ARC _B3_slice5-Ort.czi,old,pomc,upper
650,41.0,44.8780487804878,1840.0,F656_ARC _B3_slice5-Ort.czi,old,pomc,upper
651,242.0,43.37603305785124,10497.0,F656_ARC _B3_slice5-Ort.czi,old,pomc,upper
652,1.0,31.0,31.0,F656_ARC _B3_slice5-Ort.czi,old,pomc,upper
653,8.0,61.625,493.0,F656_ARC _B3_slice5-Ort.czi,old,pomc,upper
654,7.0,37.714285714285715,264.0,F656_ARC _B3_slice5-Ort.czi,old,pomc,upper
655,76.0,41.61842105263158,3163.0000000000005,F656_ARC _B3_slice5-Ort.czi,old,pomc,upper
656,1.0,53.0,53.0,F656_ARC _B3_slice5-Ort.czi,old,pomc,upper
657,60.0,48.65,2919.0,F656_ARC _B3_slice5-Ort.czi,old,pomc,upper
658,23.0,39.91304347826087,918.0,F656_ARC _B3_slice5-Ort.czi,old,pomc,upper
659,48.0,49.5,2376.0,F656_ARC _B3_slice5-Ort.czi,old,pomc,upper
660,275.0,47.70545454545454,13119.0,F656_ARC _B3_slice5-Ort.czi,old,pomc,upper
661,46.0,41.369565217391305,1903.0,F656_ARC _B3_slice5-Ort.czi,old,pomc,upper
662,140.0,40.385714285714286,5654.0,F656_ARC _B3_slice5-Ort.czi,old,pomc,upper
663,70.0,43.7,3059.0,F656_ARC _B3_slice5-Ort.czi,old,pomc,upper
664,48.0,41.5,1992.0,F656_ARC _B3_slice5-Ort.czi,old,pomc,upper
665,494.0,44.7085020242915,22086.0,F656_ARC _B3_slice5-Ort.czi,old,pomc,upper
666,234.0,42.61538461538461,9972.0,F656_ARC _B3_slice5-Ort.czi,old,pomc,upper
667,46.0,40.82608695652174,1878.0000000000002,F656_ARC _B3_slice5-Ort.czi,old,pomc,upper
668,1667.0,42.32213557288542,70551.0,F656_ARC _B3_slice5-Ort.czi,old,pomc,upper
669,22.0,39.09090909090909,860.0,F656_ARC _B3_slice5-Ort.czi,old,pomc,upper
670,48.0,42.0625,2019.0,F656_ARC _B3_slice5-Ort.czi,old,pomc,upper
671,77.0,44.22077922077922,3405.0,F656_ARC _B3_slice5-Ort.czi,old,pomc,upper
672,73.0,45.534246575342465,3324.0,F656_ARC _B3_slice5-Ort.czi,old,pomc,upper
673,8.0,66.25,530.0,F656_ARC _B3_slice5-Ort.czi,old,pomc,upper
674,1.0,65.0,65.0,F656_ARC _B3_slice5-Ort.czi,old,pomc,upper
675,130.0,41.5,5395.0,F656_ARC _B3_slice5-Ort.czi,old,pomc,upper
676,82.0,38.9390243902439,3193.0,F656_ARC _B3_slice5-Ort.czi,old,pomc,upper
677,36.0,40.333333333333336,1452.0,F656_ARC _B3_slice5-Ort.czi,old,pomc,upper
678,54.0,39.51851851851852,2134.0,F656_ARC _B3_slice5-Ort.czi,old,pomc,upper
679,40.0,50.7,2028.0,F656_ARC _B3_slice5-Ort.czi,old,pomc,upper
680,5.0,34.0,170.0,F656_ARC _B3_slice5-Ort.czi,old,pomc,upper
681,19.0,42.63157894736842,809.9999999999999,F656_ARC _B3_slice5-Ort.czi,old,pomc,upper
682,37.0,61.16216216216216,2263.0,F656_ARC _B3_slice5-Ort.czi,old,pomc,upper
683,2.0,58.5,117.0,F656_ARC _B3_slice5-Ort.czi,old,pomc,upper
684,164.0,42.359756097560975,6947.0,F656_ARC _B3_slice5-Ort.czi,old,pomc,upper
685,50.0,41.3,2065.0,F656_ARC _B3_slice5-Ort.czi,old,pomc,upper
686,314.0,47.210191082802545,14824.0,F656_ARC _B3_slice5-Ort.czi,old,pomc,upper
687,219.0,41.136986301369866,9009.0,F656_ARC _B3_slice5-Ort.czi,old,pomc,upper
688,44.0,42.09090909090909,1852.0,F656_ARC _B3_slice5-Ort.czi,old,pomc,upper
689,126.0,45.67460317460318,5755.0,F656_ARC _B3_slice5-Ort.czi,old,pomc,upper
690,19.0,45.0,855.0,F656_ARC _B3_slice5-Ort.czi,old,pomc,upper
691,92.0,41.891304347826086,3854.0,F656_ARC _B3_slice5-Ort.czi,old,pomc,upper
692,102.0,49.07843137254902,5006.0,F656_ARC _B3_slice5-Ort.czi,old,pomc,upper
693,108.0,50.00925925925926,5401.0,F656_ARC _B3_slice5-Ort.czi,old,pomc,upper
694,32.0,52.3125,1674.0,F656_ARC _B3_slice5-Ort.czi,old,pomc,upper
695,9.0,42.0,378.0,F656_ARC _B3_slice5-Ort.czi,old,pomc,upper
696,99.0,49.95959595959596,4946.0,F656_ARC _B3_slice5-Ort.czi,old,pomc,upper
697,110.0,44.71818181818182,4919.0,F656_ARC _B3_slice5-Ort.czi,old,pomc,upper
698,345.0,44.631884057971014,15398.0,F656_ARC _B3_slice5-Ort.czi,old,pomc,upper
699,138.0,48.31884057971015,6668.0,F656_ARC _B3_slice5-Ort.czi,old,pomc,upper
700,19308.0,39.328050548995236,759346.0,F656_ARC _B3_slice5-Ort.czi,old,pomc,upper
701,67.0,43.59701492537314,2921.0000000000005,F656_ARC _B3_slice5-Ort.czi,old,pomc,upper
702,70.0,48.02857142857143,3362.0000000000005,F656_ARC _B3_slice5-Ort.czi,old,pomc,upper
703,102.0,42.73529411764706,4359.0,F656_ARC _B3_slice5-Ort.czi,old,pomc,upper
704,16.0,42.8125,685.0,F656_ARC _B3_slice5-Ort.czi,old,pomc,upper
705,81.0,39.358024691358025,3188.0,F656_ARC _B3_slice5-Ort.czi,old,pomc,upper
706,37.0,39.270270270270274,1453.0000000000002,F656_ARC _B3_slice5-Ort.czi,old,pomc,upper
707,10.0,58.7,587.0,F656_ARC _B3_slice5-Ort.czi,old,pomc,upper
708,61.0,40.47540983606557,2469.0,F656_ARC _B3_slice5-Ort.czi,old,pomc,upper
709,155.0,43.56774193548387,6753.0,F656_ARC _B3_slice5-Ort.czi,old,pomc,upper
710,71.0,44.80281690140845,3181.0,F656_ARC _B3_slice5-Ort.czi,old,pomc,upper
711,8.0,100.375,803.0,F656_ARC _B3_slice5-Ort.czi,old,pomc,upper
712,28.0,36.964285714285715,1035.0,F656_ARC _B3_slice5-Ort.czi,old,pomc,upper
713,7.0,33.285714285714285,233.0,F656_ARC _B3_slice5-Ort.czi,old,pomc,upper
714,28.0,54.142857142857146,1516.0,F656_ARC _B3_slice5-Ort.czi,old,pomc,upper
715,21.0,39.857142857142854,836.9999999999999,F656_ARC _B3_slice5-Ort.czi,old,pomc,upper
716,44.0,50.09090909090909,2204.0,F656_ARC _B3_slice5-Ort.czi,old,pomc,upper
717,24.0,64.16666666666667,1540.0,F656_ARC _B3_slice5-Ort.czi,old,pomc,upper
718,126.0,45.74603174603175,5764.0,F656_ARC _B3_slice5-Ort.czi,old,pomc,upper
719,35.0,41.25714285714286,1444.0,F656_ARC _B3_slice5-Ort.czi,old,pomc,upper
720,137.0,45.92700729927007,6292.0,F656_ARC _B3_slice5-Ort.czi,old,pomc,upper
721,177.0,40.536723163841806,7175.0,F656_ARC _B3_slice5-Ort.czi,old,pomc,upper
722,1.0,71.0,71.0,F656_ARC _B3_slice5-Ort.czi,old,pomc,upper
723,2.0,27.5,55.0,F656_ARC _B3_slice5-Ort.czi,old,pomc,upper
724,252.0,38.05555555555556,9590.0,F656_ARC _B3_slice5-Ort.czi,old,pomc,upper
725,29.0,44.86206896551724,1301.0,F656_ARC _B3_slice5-Ort.czi,old,pomc,upper
726,101.0,44.37623762376238,4482.0,F656_ARC _B3_slice5-Ort.czi,old,pomc,upper
727,127.0,43.13385826771653,5478.0,F656_ARC _B3_slice5-Ort.czi,old,pomc,upper
728,67.0,39.11940298507463,2621.0,F656_ARC _B3_slice5-Ort.czi,old,pomc,upper
729,2.0,57.5,115.0,F656_ARC _B3_slice5-Ort.czi,old,pomc,upper
730,52.0,41.75,2171.0,F656_ARC _B3_slice5-Ort.czi,old,pomc,upper
731,13.0,44.15384615384615,574.0,F656_ARC _B3_slice5-Ort.czi,old,pomc,upper
732,208.0,42.23076923076923,8784.0,F656_ARC _B3_slice5-Ort.czi,old,pomc,upper
733,481.0,42.3014553014553,20347.0,F656_ARC _B3_slice5-Ort.czi,old,pomc,upper
734,16.0,48.875,782.0,F656_ARC _B3_slice5-Ort.czi,old,pomc,upper
735,38.0,40.10526315789474,1524.0,F656_ARC _B3_slice5-Ort.czi,old,pomc,upper
736,27.0,43.333333333333336,1170.0,F656_ARC _B3_slice5-Ort.czi,old,pomc,upper
737,33.0,39.18181818181818,1293.0,F656_ARC _B3_slice5-Ort.czi,old,pomc,upper
738,4.0,42.0,168.0,F656_ARC _B3_slice5-Ort.czi,old,pomc,upper
739,7.0,43.714285714285715,306.0,F656_ARC _B3_slice5-Ort.czi,old,pomc,upper
740,272.0,44.0625,11985.0,F656_ARC _B3_slice5-Ort.czi,old,pomc,upper
741,127.0,39.08661417322835,4964.0,F656_ARC _B3_slice5-Ort.czi,old,pomc,upper
742,170.0,47.076470588235296,8003.0,F656_ARC _B3_slice5-Ort.czi,old,pomc,upper
743,20.0,37.7,754.0,F656_ARC _B3_slice5-Ort.czi,old,pomc,upper
744,73.0,40.21917808219178,2936.0,F656_ARC _B3_slice5-Ort.czi,old,pomc,upper
745,1835.0,40.741144414168936,74760.0,F656_ARC _B3_slice5-Ort.czi,old,pomc,upper
746,2.0,40.5,81.0,F656_ARC _B3_slice5-Ort.czi,old,pomc,upper
747,18.0,38.111111111111114,686.0,F656_ARC _B3_slice5-Ort.czi,old,pomc,upper
748,5.0,39.0,195.0,F656_ARC _B3_slice5-Ort.czi,old,pomc,upper
749,127.0,44.889763779527556,5701.0,F656_ARC _B3_slice5-Ort.czi,old,pomc,upper
750,7.0,39.142857142857146,274.0,F656_ARC _B3_slice5-Ort.czi,old,pomc,upper
751,1421.0,40.730471498944404,57878.0,F656_ARC _B3_slice5-Ort.czi,old,pomc,upper
752,64.0,48.046875,3075.0,F656_ARC _B3_slice5-Ort.czi,old,pomc,upper
753,549.0,40.68670309653916,22337.0,F656_ARC _B3_slice5-Ort.czi,old,pomc,upper
754,1.0,34.0,34.0,F656_ARC _B3_slice5-Ort.czi,old,pomc,upper
755,101.0,52.277227722772274,5280.0,F656_ARC _B3_slice5-Ort.czi,old,pomc,upper
756,8.0,45.875,367.0,F656_ARC _B3_slice5-Ort.czi,old,pomc,upper
757,31.0,42.74193548387097,1325.0,F656_ARC _B3_slice5-Ort.czi,old,pomc,upper
758,2227.0,42.85092052088011,95429.0,F656_ARC _B3_slice5-Ort.czi,old,pomc,upper
759,31.0,50.645161290322584,1570.0,F656_ARC _B3_slice5-Ort.czi,old,pomc,upper
760,47.0,37.51063829787234,1763.0,F656_ARC _B3_slice5-Ort.czi,old,pomc,upper
761,34.0,40.529411764705884,1378.0,F656_ARC _B3_slice5-Ort.czi,old,pomc,upper
762,87.0,44.4367816091954,3866.0,F656_ARC _B3_slice5-Ort.czi,old,pomc,upper
763,32.0,61.53125,1969.0,F656_ARC _B3_slice5-Ort.czi,old,pomc,upper
764,548.0,40.37956204379562,22128.0,F656_ARC _B3_slice5-Ort.czi,old,pomc,upper
765,78.0,46.02564102564103,3590.0000000000005,F656_ARC _B3_slice5-Ort.czi,old,pomc,upper
766,6.0,73.0,438.0,F656_ARC _B3_slice5-Ort.czi,old,pomc,upper
767,107.0,53.401869158878505,5714.0,F656_ARC _B3_slice5-Ort.czi,old,pomc,upper
768,45.0,38.68888888888889,1741.0,F656_ARC _B3_slice5-Ort.czi,old,pomc,upper
769,93.0,43.946236559139784,4087.0,F656_ARC _B3_slice5-Ort.czi,old,pomc,upper
770,18.0,51.5,927.0,F656_ARC _B3_slice5-Ort.czi,old,pomc,upper
771,100.0,40.43,4043.0,F656_ARC _B3_slice5-Ort.czi,old,pomc,upper
772,3.0,42.666666666666664,128.0,F656_ARC _B3_slice5-Ort.czi,old,pomc,upper
773,131.0,40.88549618320611,5356.0,F656_ARC _B3_slice5-Ort.czi,old,pomc,upper
774,81.0,39.95061728395062,3236.0000000000005,F656_ARC _B3_slice5-Ort.czi,old,pomc,upper
775,8.0,35.875,287.0,F656_ARC _B3_slice5-Ort.czi,old,pomc,upper
776,142.0,41.03521126760563,5827.0,F656_ARC _B3_slice5-Ort.czi,old,pomc,upper
777,21.0,51.523809523809526,1082.0,F656_ARC _B3_slice5-Ort.czi,old,pomc,upper
778,75.0,46.77333333333333,3508.0,F656_ARC _B3_slice5-Ort.czi,old,pomc,upper
779,75.0,50.76,3807.0,F656_ARC _B3_slice5-Ort.czi,old,pomc,upper
780,74.0,41.86486486486486,3098.0,F656_ARC _B3_slice5-Ort.czi,old,pomc,upper
781,8.0,38.75,310.0,F656_ARC _B3_slice5-Ort.czi,old,pomc,upper
782,16.0,49.3125,789.0,F656_ARC _B3_slice5-Ort.czi,old,pomc,upper
783,52.0,40.26923076923077,2094.0,F656_ARC _B3_slice5-Ort.czi,old,pomc,upper
784,78.0,54.07692307692308,4218.0,F656_ARC _B3_slice5-Ort.czi,old,pomc,upper
785,11.0,48.45454545454545,533.0,F656_ARC _B3_slice5-Ort.czi,old,pomc,upper
786,480.0,40.84166666666667,19604.0,F656_ARC _B3_slice5-Ort.czi,old,pomc,upper
787,800.0,42.71625,34173.0,F656_ARC _B3_slice5-Ort.czi,old,pomc,upper
788,1.0,25.0,25.0,F656_ARC _B3_slice5-Ort.czi,old,pomc,upper
789,2.0,36.5,73.0,F656_ARC _B3_slice5-Ort.czi,old,pomc,upper
790,170.0,42.976470588235294,7306.0,F656_ARC _B3_slice5-Ort.czi,old,pomc,upper
791,86.0,45.54651162790697,3916.9999999999995,F656_ARC _B3_slice5-Ort.czi,old,pomc,upper
792,68.0,41.8235294117647,2844.0,F656_ARC _B3_slice5-Ort.czi,old,pomc,upper
793,50.0,44.62,2231.0,F656_ARC _B3_slice5-Ort.czi,old,pomc,upper
794,32.0,59.21875,1895.0,F656_ARC _B3_slice5-Ort.czi,old,pomc,upper
795,58.0,48.41379310344828,2808.0,F656_ARC _B3_slice5-Ort.czi,old,pomc,upper
796,26.0,53.34615384615385,1387.0,F656_ARC _B3_slice5-Ort.czi,old,pomc,upper
797,1.0,47.0,47.0,F656_ARC _B3_slice5-Ort.czi,old,pomc,upper
798,74.0,40.58108108108108,3003.0,F656_ARC _B3_slice5-Ort.czi,old,pomc,upper
799,14.0,55.42857142857143,776.0,F656_ARC _B3_slice5-Ort.czi,old,pomc,upper
800,147.0,48.17006802721088,7080.999999999999,F656_ARC _B3_slice5-Ort.czi,old,pomc,upper
801,8.0,46.25,370.0,F656_ARC _B3_slice5-Ort.czi,old,pomc,upper
802,1.0,44.0,44.0,F656_ARC _B3_slice5-Ort.czi,old,pomc,upper
803,155.0,49.95483870967742,7743.0,F656_ARC _B3_slice5-Ort.czi,old,pomc,upper
804,35.0,40.05714285714286,1402.0,F656_ARC _B3_slice5-Ort.czi,old,pomc,upper
805,87.0,47.71264367816092,4151.0,F656_ARC _B3_slice5-Ort.czi,old,pomc,upper
806,51.0,49.627450980392155,2531.0,F656_ARC _B3_slice5-Ort.czi,old,pomc,upper
807,120.0,51.575,6189.0,F656_ARC _B3_slice5-Ort.czi,old,pomc,upper
808,39.0,39.30769230769231,1533.0,F656_ARC _B3_slice5-Ort.czi,old,pomc,upper
809,35.0,49.371428571428574,1728.0,F656_ARC _B3_slice5-Ort.czi,old,pomc,upper
810,29.0,45.48275862068966,1319.0,F656_ARC _B3_slice5-Ort.czi,old,pomc,upper
811,33.0,43.15151515151515,1424.0,F656_ARC _B3_slice5-Ort.czi,old,pomc,upper
812,175.0,45.18857142857143,7908.0,F656_ARC _B3_slice5-Ort.czi,old,pomc,upper
813,64.0,45.03125,2882.0,F656_ARC _B3_slice5-Ort.czi,old,pomc,upper
814,1.0,25.0,25.0,F656_ARC _B3_slice5-Ort.czi,old,pomc,upper
815,70.0,48.91428571428571,3424.0,F656_ARC _B3_slice5-Ort.czi,old,pomc,upper
816,8.0,31.75,254.0,F656_ARC _B3_slice5-Ort.czi,old,pomc,upper
817,702.0,46.074074074074076,32344.0,F656_ARC _B3_slice5-Ort.czi,old,pomc,upper
818,168.0,42.45238095238095,7131.999999999999,F656_ARC _B3_slice5-Ort.czi,old,pomc,upper
819,134.0,49.88059701492537,6684.0,F656_ARC _B3_slice5-Ort.czi,old,pomc,upper
820,20.0,35.6,712.0,F656_ARC _B3_slice5-Ort.czi,old,pomc,upper
821,36.0,41.80555555555556,1505.0,F656_ARC _B3_slice5-Ort.czi,old,pomc,upper
822,99.0,47.63636363636363,4716.0,F656_ARC _B3_slice5-Ort.czi,old,pomc,upper
823,41.0,44.41463414634146,1821.0,F656_ARC _B3_slice5-Ort.czi,old,pomc,upper
824,111.0,44.369369369369366,4925.0,F656_ARC _B3_slice5-Ort.czi,old,pomc,upper
825,6.0,43.333333333333336,260.0,F656_ARC _B3_slice5-Ort.czi,old,pomc,upper
826,70.0,57.32857142857143,4013.0,F656_ARC _B3_slice5-Ort.czi,old,pomc,upper
827,55.0,50.49090909090909,2777.0,F656_ARC _B3_slice5-Ort.czi,old,pomc,upper
828,52.0,42.53846153846154,2212.0,F656_ARC _B3_slice5-Ort.czi,old,pomc,upper
829,7.0,38.42857142857143,269.0,F656_ARC _B3_slice5-Ort.czi,old,pomc,upper
830,57.0,49.94736842105263,2847.0,F656_ARC _B3_slice5-Ort.czi,old,pomc,upper
831,16.0,45.875,734.0,F656_ARC _B3_slice5-Ort.czi,old,pomc,upper
832,89.0,40.640449438202246,3617.0,F656_ARC _B3_slice5-Ort.czi,old,pomc,upper
833,44.0,45.38636363636363,1996.9999999999998,F656_ARC _B3_slice5-Ort.czi,old,pomc,upper
834,98.0,41.04081632653061,4022.0,F656_ARC _B3_slice5-Ort.czi,old,pomc,upper
835,73.0,46.16438356164384,3370.0,F656_ARC _B3_slice5-Ort.czi,old,pomc,upper
836,111.0,41.1981981981982,4573.0,F656_ARC _B3_slice5-Ort.czi,old,pomc,upper
837,116.0,44.922413793103445,5211.0,F656_ARC _B3_slice5-Ort.czi,old,pomc,upper
838,801.0,40.940074906367045,32793.0,F656_ARC _B3_slice5-Ort.czi,old,pomc,upper
839,17.0,44.705882352941174,760.0,F656_ARC _B3_slice5-Ort.czi,old,pomc,upper
840,296.0,46.902027027027025,13883.0,F656_ARC _B3_slice5-Ort.czi,old,pomc,upper
841,83.0,44.45783132530121,3690.0,F656_ARC _B3_slice5-Ort.czi,old,pomc,upper
842,81.0,40.22222222222222,3258.0,F656_ARC _B3_slice5-Ort.czi,old,pomc,upper
843,50.0,51.02,2551.0,F656_ARC _B3_slice5-Ort.czi,old,pomc,upper
844,1.0,28.0,28.0,F656_ARC _B3_slice5-Ort.czi,old,pomc,upper
845,23.0,41.17391304347826,946.9999999999999,F656_ARC _B3_slice5-Ort.czi,old,pomc,upper
846,84.0,40.63095238095238,3413.0,F656_ARC _B3_slice5-Ort.czi,old,pomc,upper
847,129.0,44.72868217054263,5770.0,F656_ARC _B3_slice5-Ort.czi,old,pomc,upper
848,51.0,43.294117647058826,2208.0,F656_ARC _B3_slice5-Ort.czi,old,pomc,upper
849,8.0,34.625,277.0,F656_ARC _B3_slice5-Ort.czi,old,pomc,upper
850,743.0,41.19515477792732,30608.0,F656_ARC _B3_slice5-Ort.czi,old,pomc,upper
851,110.0,46.64545454545455,5131.0,F656_ARC _B3_slice5-Ort.czi,old,pomc,upper
852,35.0,35.34285714285714,1237.0,F656_ARC _B3_slice5-Ort.czi,old,pomc,upper
853,101.0,47.01980198019802,4749.0,F656_ARC _B3_slice5-Ort.czi,old,pomc,upper
854,37.0,44.78378378378378,1657.0,F656_ARC _B3_slice5-Ort.czi,old,pomc,upper
855,185.0,45.94054054054054,8499.0,F656_ARC _B3_slice5-Ort.czi,old,pomc,upper
856,18.0,45.333333333333336,816.0,F656_ARC _B3_slice5-Ort.czi,old,pomc,upper
857,9.0,52.111111111111114,469.0,F656_ARC _B3_slice5-Ort.czi,old,pomc,upper
858,29.0,39.827586206896555,1155.0,F656_ARC _B3_slice5-Ort.czi,old,pomc,upper
859,169.0,46.18934911242604,7806.0,F656_ARC _B3_slice5-Ort.czi,old,pomc,upper
860,23.0,40.95652173913044,942.0,F656_ARC _B3_slice5-Ort.czi,old,pomc,upper
861,98.0,45.44897959183673,4454.0,F656_ARC _B3_slice5-Ort.czi,old,pomc,upper
862,352.0,39.93181818181818,14056.0,F656_ARC _B3_slice5-Ort.czi,old,pomc,upper
863,26.0,48.0,1248.0,F656_ARC _B3_slice5-Ort.czi,old,pomc,upper
864,180.0,40.45,7281.000000000001,F656_ARC _B3_slice5-Ort.czi,old,pomc,upper
865,616.0,37.63474025974026,23183.0,F656_ARC _B3_slice5-Ort.czi,old,pomc,upper
866,81.0,45.24691358024691,3665.0,F656_ARC _B3_slice5-Ort.czi,old,pomc,upper
867,67.0,54.83582089552239,3674.0,F656_ARC _B3_slice5-Ort.czi,old,pomc,upper
868,94.0,58.6063829787234,5509.0,F656_ARC _B3_slice5-Ort.czi,old,pomc,upper
869,37.0,41.270270270270274,1527.0000000000002,F656_ARC _B3_slice5-Ort.czi,old,pomc,upper
870,5.0,40.4,202.0,F656_ARC _B3_slice5-Ort.czi,old,pomc,upper
871,146.0,47.07534246575342,6873.0,F656_ARC _B3_slice5-Ort.czi,old,pomc,upper
872,170.0,45.04117647058823,7657.0,F656_ARC _B3_slice5-Ort.czi,old,pomc,upper
873,11.0,43.72727272727273,481.0,F656_ARC _B3_slice5-Ort.czi,old,pomc,upper
874,30.0,46.7,1401.0,F656_ARC _B3_slice5-Ort.czi,old,pomc,upper
875,1.0,37.0,37.0,F656_ARC _B3_slice5-Ort.czi,old,pomc,upper
876,58.0,40.741379310344826,2363.0,F656_ARC _B3_slice5-Ort.czi,old,pomc,upper
877,45.0,40.111111111111114,1805.0000000000002,F656_ARC _B3_slice5-Ort.czi,old,pomc,upper
878,96.0,41.875,4020.0,F656_ARC _B3_slice5-Ort.czi,old,pomc,upper
879,1.0,38.0,38.0,F656_ARC _B3_slice5-Ort.czi,old,pomc,upper
880,45.0,36.86666666666667,1659.0,F656_ARC _B3_slice5-Ort.czi,old,pomc,upper
881,29.0,52.58620689655172,1525.0,F656_ARC _B3_slice5-Ort.czi,old,pomc,upper
882,45.0,44.71111111111111,2012.0,F656_ARC _B3_slice5-Ort.czi,old,pomc,upper
883,447.0,41.20134228187919,18417.0,F656_ARC _B3_slice5-Ort.czi,old,pomc,upper
884,143.0,45.97202797202797,6574.0,F656_ARC _B3_slice5-Ort.czi,old,pomc,upper
885,74.0,49.58108108108108,3669.0,F656_ARC _B3_slice5-Ort.czi,old,pomc,upper
886,38.0,70.26315789473684,2669.9999999999995,F656_ARC _B3_slice5-Ort.czi,old,pomc,upper
887,108.0,44.361111111111114,4791.0,F656_ARC _B3_slice5-Ort.czi,old,pomc,upper
888,92.0,43.619565217391305,4013.0,F656_ARC _B3_slice5-Ort.czi,old,pomc,upper
889,1.0,45.0,45.0,F656_ARC _B3_slice5-Ort.czi,old,pomc,upper
890,354.0,43.454802259887,15383.0,F656_ARC _B3_slice5-Ort.czi,old,pomc,upper
891,20.0,38.4,768.0,F656_ARC _B3_slice5-Ort.czi,old,pomc,upper
892,89.0,42.57303370786517,3789.0000000000005,F656_ARC _B3_slice5-Ort.czi,old,pomc,upper
893,16.0,45.8125,733.0,F656_ARC _B3_slice5-Ort.czi,old,pomc,upper
894,227.0,43.08370044052864,9780.0,F656_ARC _B3_slice5-Ort.czi,old,pomc,upper
895,49.0,43.795918367346935,2146.0,F656_ARC _B3_slice5-Ort.czi,old,pomc,upper
896,12.0,56.166666666666664,674.0,F656_ARC _B3_slice5-Ort.czi,old,pomc,upper
897,10744.0,45.144545793000745,485033.0,F656_ARC _B3_slice5-Ort.czi,old,pomc,upper
898,11.0,41.72727272727273,459.0,F656_ARC _B3_slice5-Ort.czi,old,pomc,upper
899,10.0,42.2,422.0,F656_ARC _B3_slice5-Ort.czi,old,pomc,upper
900,5.0,44.4,222.0,F656_ARC _B3_slice5-Ort.czi,old,pomc,upper
901,13.0,57.0,741.0,F656_ARC _B3_slice5-Ort.czi,old,pomc,upper
902,135.0,55.56296296296296,7501.0,F656_ARC _B3_slice5-Ort.czi,old,pomc,upper
903,76.0,43.18421052631579,3282.0,F656_ARC _B3_slice5-Ort.czi,old,pomc,upper
904,12.0,37.833333333333336,454.0,F656_ARC _B3_slice5-Ort.czi,old,pomc,upper
905,48.0,49.354166666666664,2369.0,F656_ARC _B3_slice5-Ort.czi,old,pomc,upper
906,4.0,48.25,193.0,F656_ARC _B3_slice5-Ort.czi,old,pomc,upper
907,7.0,36.0,252.0,F656_ARC _B3_slice5-Ort.czi,old,pomc,upper
908,309.0,45.16181229773463,13955.0,F656_ARC _B3_slice5-Ort.czi,old,pomc,upper
909,45.0,44.82222222222222,2017.0,F656_ARC _B3_slice5-Ort.czi,old,pomc,upper
910,18.0,62.44444444444444,1124.0,F656_ARC _B3_slice5-Ort.czi,old,pomc,upper
911,17480.0,41.465045766590386,724809.0,F656_ARC _B3_slice5-Ort.czi,old,pomc,upper
912,93.0,46.03225806451613,4281.0,F656_ARC _B3_slice5-Ort.czi,old,pomc,upper
913,14.0,54.5,763.0,F656_ARC _B3_slice5-Ort.czi,old,pomc,upper
914,5.0,80.6,403.0,F656_ARC _B3_slice5-Ort.czi,old,pomc,upper
915,3.0,34.333333333333336,103.0,F656_ARC _B3_slice5-Ort.czi,old,pomc,upper
916,42.0,45.476190476190474,1910.0,F656_ARC _B3_slice5-Ort.czi,old,pomc,upper
917,3483.0,43.766580534022395,152439.0,F656_ARC _B3_slice5-Ort.czi,old,pomc,upper
918,4.0,53.0,212.0,F656_ARC _B3_slice5-Ort.czi,old,pomc,upper
919,58.0,48.224137931034484,2797.0,F656_ARC _B3_slice5-Ort.czi,old,pomc,upper
920,273.0,41.53113553113553,11338.0,F656_ARC _B3_slice5-Ort.czi,old,pomc,upper
921,45.0,38.93333333333333,1751.9999999999998,F656_ARC _B3_slice5-Ort.czi,old,pomc,upper
922,51.0,47.21568627450981,2408.0,F656_ARC _B3_slice5-Ort.czi,old,pomc,upper
923,10.0,83.8,838.0,F656_ARC _B3_slice5-Ort.czi,old,pomc,upper
924,2.0,21.5,43.0,F656_ARC _B3_slice5-Ort.czi,old,pomc,upper
925,1041.0,37.344860710854945,38876.0,F656_ARC _B3_slice5-Ort.czi,old,pomc,upper
926,59.0,51.16949152542373,3019.0,F656_ARC _B3_slice5-Ort.czi,old,pomc,upper
927,45.0,55.53333333333333,2499.0,F656_ARC _B3_slice5-Ort.czi,old,pomc,upper
928,61.0,49.442622950819676,3016.0,F656_ARC _B3_slice5-Ort.czi,old,pomc,upper
929,1534.0,38.575619295958276,59174.99999999999,F656_ARC _B3_slice5-Ort.czi,old,pomc,upper
930,35.0,53.285714285714285,1865.0,F656_ARC _B3_slice5-Ort.czi,old,pomc,upper
931,29.0,45.724137931034484,1326.0,F656_ARC _B3_slice5-Ort.czi,old,pomc,upper
932,62.0,42.29032258064516,2622.0,F656_ARC _B3_slice5-Ort.czi,old,pomc,upper
933,37.0,47.054054054054056,1741.0,F656_ARC _B3_slice5-Ort.czi,old,pomc,upper
934,71.0,47.352112676056336,3362.0,F656_ARC _B3_slice5-Ort.czi,old,pomc,upper
935,51.0,46.529411764705884,2373.0,F656_ARC _B3_slice5-Ort.czi,old,pomc,upper
936,28.0,45.285714285714285,1268.0,F656_ARC _B3_slice5-Ort.czi,old,pomc,upper
937,63.0,37.26984126984127,2348.0,F656_ARC _B3_slice5-Ort.czi,old,pomc,upper
938,11.0,38.81818181818182,427.0,F656_ARC _B3_slice5-Ort.czi,old,pomc,upper
939,9.0,48.666666666666664,438.0,F656_ARC _B3_slice5-Ort.czi,old,pomc,upper
940,28.0,42.17857142857143,1181.0,F656_ARC _B3_slice5-Ort.czi,old,pomc,upper
941,122.0,53.459016393442624,6522.0,F656_ARC _B3_slice5-Ort.czi,old,pomc,upper
942,23.0,40.82608695652174,939.0000000000001,F656_ARC _B3_slice5-Ort.czi,old,pomc,upper
943,154.0,42.66883116883117,6571.0,F656_ARC _B3_slice5-Ort.czi,old,pomc,upper
944,6.0,41.333333333333336,248.0,F656_ARC _B3_slice5-Ort.czi,old,pomc,upper
945,62.0,45.58064516129032,2826.0,F656_ARC _B3_slice5-Ort.czi,old,pomc,upper
946,586.0,39.508532423208194,23152.000000000004,F656_ARC _B3_slice5-Ort.czi,old,pomc,upper
947,24.0,52.833333333333336,1268.0,F656_ARC _B3_slice5-Ort.czi,old,pomc,upper
948,1.0,32.0,32.0,F656_ARC _B3_slice5-Ort.czi,old,pomc,upper
949,2.0,34.0,68.0,F656_ARC _B3_slice5-Ort.czi,old,pomc,upper
950,42.0,48.69047619047619,2045.0,F656_ARC _B3_slice5-Ort.czi,old,pomc,upper
951,37.0,50.567567567567565,1871.0,F656_ARC _B3_slice5-Ort.czi,old,pomc,upper
952,1.0,25.0,25.0,F656_ARC _B3_slice5-Ort.czi,old,pomc,upper
953,15.0,36.4,546.0,F656_ARC _B3_slice5-Ort.czi,old,pomc,upper
954,22.0,50.0,1100.0,F656_ARC _B3_slice5-Ort.czi,old,pomc,upper
955,4.0,65.0,260.0,F656_ARC _B3_slice5-Ort.czi,old,pomc,upper
956,85.0,46.45882352941177,3949.0,F656_ARC _B3_slice5-Ort.czi,old,pomc,upper
957,58.0,37.93103448275862,2200.0,F656_ARC _B3_slice5-Ort.czi,old,pomc,upper
958,73.0,45.49315068493151,3321.0,F656_ARC _B3_slice5-Ort.czi,old,pomc,upper
959,1.0,30.0,30.0,F656_ARC _B3_slice5-Ort.czi,old,pomc,upper
960,146.0,47.705479452054796,6965.0,F656_ARC _B3_slice5-Ort.czi,old,pomc,upper
961,1980.0,45.04848484848485,89196.0,F656_ARC _B3_slice5-Ort.czi,old,pomc,upper
962,101.0,45.86138613861386,4632.0,F656_ARC _B3_slice5-Ort.czi,old,pomc,upper
963,52.0,41.48076923076923,2157.0,F656_ARC _B3_slice5-Ort.czi,old,pomc,upper
964,1.0,36.0,36.0,F656_ARC _B3_slice5-Ort.czi,old,pomc,upper
965,10.0,46.4,464.0,F656_ARC _B3_slice5-Ort.czi,old,pomc,upper
966,106.0,42.15094339622642,4468.0,F656_ARC _B3_slice5-Ort.czi,old,pomc,upper
967,116.0,44.44827586206897,5156.0,F656_ARC _B3_slice5-Ort.czi,old,pomc,upper
968,62.0,46.75806451612903,2899.0,F656_ARC _B3_slice5-Ort.czi,old,pomc,upper
969,1.0,43.0,43.0,F656_ARC _B3_slice5-Ort.czi,old,pomc,upper
970,3749.0,44.02774073086157,165060.0,F656_ARC _B3_slice5-Ort.czi,old,pomc,upper
971,2961.0,43.61431948665991,129141.99999999999,F656_ARC _B3_slice5-Ort.czi,old,pomc,upper
972,109.0,47.981651376146786,5230.0,F656_ARC _B3_slice5-Ort.czi,old,pomc,upper
973,92.0,43.108695652173914,3966.0,F656_ARC _B3_slice5-Ort.czi,old,pomc,upper
974,108.0,49.06481481481482,5299.0,F656_ARC _B3_slice5-Ort.czi,old,pomc,upper
975,2.0,39.5,79.0,F656_ARC _B3_slice5-Ort.czi,old,pomc,upper
976,55.0,51.38181818181818,2826.0,F656_ARC _B3_slice5-Ort.czi,old,pomc,upper
977,1.0,58.0,58.0,F656_ARC _B3_slice5-Ort.czi,old,pomc,upper
978,32.0,48.1875,1542.0,F656_ARC _B3_slice5-Ort.czi,old,pomc,upper
979,34.0,55.088235294117645,1873.0,F656_ARC _B3_slice5-Ort.czi,old,pomc,upper
980,49.0,42.53061224489796,2084.0,F656_ARC _B3_slice5-Ort.czi,old,pomc,upper
981,24.0,40.0,960.0,F656_ARC _B3_slice5-Ort.czi,old,pomc,upper
982,9.0,34.55555555555556,311.0,F656_ARC _B3_slice5-Ort.czi,old,pomc,upper
983,20.0,60.85,1217.0,F656_ARC _B3_slice5-Ort.czi,old,pomc,upper
984,318.0,44.477987421383645,14144.0,F656_ARC _B3_slice5-Ort.czi,old,pomc,upper
985,233.0,45.08583690987125,10505.0,F656_ARC _B3_slice5-Ort.czi,old,pomc,upper
986,63.0,43.0,2709.0,F656_ARC _B3_slice5-Ort.czi,old,pomc,upper
987,137.0,46.86861313868613,6421.0,F656_ARC _B3_slice5-Ort.czi,old,pomc,upper
988,86.0,41.7093023255814,3587.0,F656_ARC _B3_slice5-Ort.czi,old,pomc,upper
989,186.0,43.56989247311828,8104.0,F656_ARC _B3_slice5-Ort.czi,old,pomc,upper
990,1.0,47.0,47.0,F656_ARC _B3_slice5-Ort.czi,old,pomc,upper
991,175.0,41.77142857142857,7310.0,F656_ARC _B3_slice5-Ort.czi,old,pomc,upper
992,42.0,44.666666666666664,1876.0,F656_ARC _B3_slice5-Ort.czi,old,pomc,upper
993,70.0,43.885714285714286,3072.0,F656_ARC _B3_slice5-Ort.czi,old,pomc,upper
994,294.0,41.374149659863946,12164.0,F656_ARC _B3_slice5-Ort.czi,old,pomc,upper
995,32.0,49.375,1580.0,F656_ARC _B3_slice5-Ort.czi,old,pomc,upper
996,819.0,41.869352869352866,34291.0,F656_ARC _B3_slice5-Ort.czi,old,pomc,upper
997,29.0,49.13793103448276,1425.0,F656_ARC _B3_slice5-Ort.czi,old,pomc,upper
998,74.0,46.148648648648646,3415.0,F656_ARC _B3_slice5-Ort.czi,old,pomc,upper
999,70.0,48.642857142857146,3405.0,F656_ARC _B3_slice5-Ort.czi,old,pomc,upper
1000,140.0,41.892857142857146,5865.0,F656_ARC _B3_slice5-Ort.czi,old,pomc,upper
1001,40.0,51.4,2056.0,F656_ARC _B3_slice5-Ort.czi,old,pomc,upper
1002,51.0,42.19607843137255,2152.0,F656_ARC _B3_slice5-Ort.czi,old,pomc,upper
1003,37.0,45.972972972972975,1701.0,F656_ARC _B3_slice5-Ort.czi,old,pomc,upper
1004,20.0,52.4,1048.0,F656_ARC _B3_slice5-Ort.czi,old,pomc,upper
1005,3.0,25.0,75.0,F656_ARC _B3_slice5-Ort.czi,old,pomc,upper
1006,709.0,42.09590973201693,29846.0,F656_ARC _B3_slice5-Ort.czi,old,pomc,upper
1007,34.0,51.26470588235294,1743.0,F656_ARC _B3_slice5-Ort.czi,old,pomc,upper
1008,37.0,38.972972972972975,1442.0,F656_ARC _B3_slice5-Ort.czi,old,pomc,upper
1009,125.0,44.152,5519.0,F656_ARC _B3_slice5-Ort.czi,old,pomc,upper
1010,1.0,26.0,26.0,F656_ARC _B3_slice5-Ort.czi,old,pomc,upper
1011,14.0,42.285714285714285,592.0,F656_ARC _B3_slice5-Ort.czi,old,pomc,upper
1012,99.0,48.525252525252526,4804.0,F656_ARC _B3_slice5-Ort.czi,old,pomc,upper
1013,1.0,49.0,49.0,F656_ARC _B3_slice5-Ort.czi,old,pomc,upper
1014,40.0,38.9,1556.0,F656_ARC _B3_slice5-Ort.czi,old,pomc,upper
1015,5.0,52.2,261.0,F656_ARC _B3_slice5-Ort.czi,old,pomc,upper
1016,37.0,38.13513513513514,1411.0,F656_ARC _B3_slice5-Ort.czi,old,pomc,upper
1017,10.0,51.9,519.0,F656_ARC _B3_slice5-Ort.czi,old,pomc,upper
1018,1.0,23.0,23.0,F656_ARC _B3_slice5-Ort.czi,old,pomc,upper
1019,47.0,41.702127659574465,1959.9999999999998,F656_ARC _B3_slice5-Ort.czi,old,pomc,upper
1020,5.0,31.4,157.0,F656_ARC _B3_slice5-Ort.czi,old,pomc,upper
1021,73.0,49.50684931506849,3614.0,F656_ARC _B3_slice5-Ort.czi,old,pomc,upper
1022,15.0,57.333333333333336,860.0,F656_ARC _B3_slice5-Ort.czi,old,pomc,upper
1023,27.0,41.666666666666664,1125.0,F656_ARC _B3_slice5-Ort.czi,old,pomc,upper
1024,25.0,62.76,1569.0,F656_ARC _B3_slice5-Ort.czi,old,pomc,upper
1025,15.0,37.13333333333333,557.0,F656_ARC _B3_slice5-Ort.czi,old,pomc,upper
1026,30.0,47.7,1431.0,F656_ARC _B3_slice5-Ort.czi,old,pomc,upper
1027,168.0,47.208333333333336,7931.0,F656_ARC _B3_slice5-Ort.czi,old,pomc,upper
1028,11.0,40.0,440.0,F656_ARC _B3_slice5-Ort.czi,old,pomc,upper
1,61.0,30.918032786885245,1886.0,B465_ARC _C3_slice5-Ort.czi,old,pomc,upper
2,118.0,35.49152542372882,4188.0,B465_ARC _C3_slice5-Ort.czi,old,pomc,upper
3,39.0,27.307692307692307,1065.0,B465_ARC _C3_slice5-Ort.czi,old,pomc,upper
4,46.0,26.82608695652174,1234.0,B465_ARC _C3_slice5-Ort.czi,old,pomc,upper
5,14.0,34.785714285714285,487.0,B465_ARC _C3_slice5-Ort.czi,old,pomc,upper
6,1.0,53.0,53.0,B465_ARC _C3_slice5-Ort.czi,old,pomc,upper
7,82.0,30.317073170731707,2486.0,B465_ARC _C3_slice5-Ort.czi,old,pomc,upper
8,2.0,35.5,71.0,B465_ARC _C3_slice5-Ort.czi,old,pomc,upper
9,19.0,29.63157894736842,563.0,B465_ARC _C3_slice5-Ort.czi,old,pomc,upper
10,53.0,29.547169811320753,1566.0,B465_ARC _C3_slice5-Ort.czi,old,pomc,upper
11,16.0,31.125,498.0,B465_ARC _C3_slice5-Ort.czi,old,pomc,upper
12,1.0,13.0,13.0,B465_ARC _C3_slice5-Ort.czi,old,pomc,upper
13,15.0,28.8,432.0,B465_ARC _C3_slice5-Ort.czi,old,pomc,upper
14,3.0,33.333333333333336,100.0,B465_ARC _C3_slice5-Ort.czi,old,pomc,upper
15,32.0,36.0625,1154.0,B465_ARC _C3_slice5-Ort.czi,old,pomc,upper
16,62.0,31.43548387096774,1949.0,B465_ARC _C3_slice5-Ort.czi,old,pomc,upper
17,289.0,29.89273356401384,8639.0,B465_ARC _C3_slice5-Ort.czi,old,pomc,upper
18,93.0,22.849462365591396,2125.0,B465_ARC _C3_slice5-Ort.czi,old,pomc,upper
19,10.0,29.5,295.0,B465_ARC _C3_slice5-Ort.czi,old,pomc,upper
20,26.0,30.846153846153847,802.0,B465_ARC _C3_slice5-Ort.czi,old,pomc,upper
21,57.0,31.42105263157895,1791.0,B465_ARC _C3_slice5-Ort.czi,old,pomc,upper
22,109.0,26.045871559633028,2839.0,B465_ARC _C3_slice5-Ort.czi,old,pomc,upper
23,39.0,25.23076923076923,984.0,B465_ARC _C3_slice5-Ort.czi,old,pomc,upper
24,18.0,31.0,558.0,B465_ARC _C3_slice5-Ort.czi,old,pomc,upper
25,1.0,22.0,22.0,B465_ARC _C3_slice5-Ort.czi,old,pomc,upper
26,67.0,28.17910447761194,1888.0,B465_ARC _C3_slice5-Ort.czi,old,pomc,upper
27,5.0,25.2,126.0,B465_ARC _C3_slice5-Ort.czi,old,pomc,upper
28,7.0,21.857142857142858,153.0,B465_ARC _C3_slice5-Ort.czi,old,pomc,upper
29,3.0,53.666666666666664,161.0,B465_ARC _C3_slice5-Ort.czi,old,pomc,upper
30,2.0,73.5,147.0,B465_ARC _C3_slice5-Ort.czi,old,pomc,upper
31,107.0,26.990654205607477,2888.0,B465_ARC _C3_slice5-Ort.czi,old,pomc,upper
32,5.0,32.4,162.0,B465_ARC _C3_slice5-Ort.czi,old,pomc,upper
33,1.0,25.0,25.0,B465_ARC _C3_slice5-Ort.czi,old,pomc,upper
34,6.0,61.333333333333336,368.0,B465_ARC _C3_slice5-Ort.czi,old,pomc,upper
35,37.0,33.054054054054056,1223.0,B465_ARC _C3_slice5-Ort.czi,old,pomc,upper
36,64.0,25.390625,1625.0,B465_ARC _C3_slice5-Ort.czi,old,pomc,upper
37,9.0,37.333333333333336,336.0,B465_ARC _C3_slice5-Ort.czi,old,pomc,upper
38,2.0,23.0,46.0,B465_ARC _C3_slice5-Ort.czi,old,pomc,upper
39,42.0,35.04761904761905,1472.0000000000002,B465_ARC _C3_slice5-Ort.czi,old,pomc,upper
40,223.0,26.286995515695068,5862.0,B465_ARC _C3_slice5-Ort.czi,old,pomc,upper
41,27.0,34.74074074074074,938.0,B465_ARC _C3_slice5-Ort.czi,old,pomc,upper
42,51.0,25.80392156862745,1316.0,B465_ARC _C3_slice5-Ort.czi,old,pomc,upper
43,14.0,25.857142857142858,362.0,B465_ARC _C3_slice5-Ort.czi,old,pomc,upper
44,18.0,24.166666666666668,435.0,B465_ARC _C3_slice5-Ort.czi,old,pomc,upper
45,41.0,24.585365853658537,1008.0,B465_ARC _C3_slice5-Ort.czi,old,pomc,upper
46,83.0,31.42168674698795,2608.0,B465_ARC _C3_slice5-Ort.czi,old,pomc,upper
47,3.0,43.333333333333336,130.0,B465_ARC _C3_slice5-Ort.czi,old,pomc,upper
48,10.0,28.2,282.0,B465_ARC _C3_slice5-Ort.czi,old,pomc,upper
49,8.0,25.75,206.0,B465_ARC _C3_slice5-Ort.czi,old,pomc,upper
50,6.0,25.166666666666668,151.0,B465_ARC _C3_slice5-Ort.czi,old,pomc,upper
51,23.0,38.52173913043478,886.0,B465_ARC _C3_slice5-Ort.czi,old,pomc,upper
52,213.0,40.929577464788736,8718.0,B465_ARC _C3_slice5-Ort.czi,old,pomc,upper
53,45.0,28.08888888888889,1264.0,B465_ARC _C3_slice5-Ort.czi,old,pomc,upper
54,12.0,29.833333333333332,358.0,B465_ARC _C3_slice5-Ort.czi,old,pomc,upper
55,23.0,26.956521739130434,620.0,B465_ARC _C3_slice5-Ort.czi,old,pomc,upper
56,34.0,22.794117647058822,775.0,B465_ARC _C3_slice5-Ort.czi,old,pomc,upper
57,1.0,29.0,29.0,B465_ARC _C3_slice5-Ort.czi,old,pomc,upper
58,13.0,27.615384615384617,359.0,B465_ARC _C3_slice5-Ort.czi,old,pomc,upper
59,1.0,27.0,27.0,B465_ARC _C3_slice5-Ort.czi,old,pomc,upper
60,79.0,27.60759493670886,2181.0,B465_ARC _C3_slice5-Ort.czi,old,pomc,upper
61,1.0,22.0,22.0,B465_ARC _C3_slice5-Ort.czi,old,pomc,upper
62,38.0,39.578947368421055,1504.0,B465_ARC _C3_slice5-Ort.czi,old,pomc,upper
63,58.0,30.724137931034484,1782.0,B465_ARC _C3_slice5-Ort.czi,old,pomc,upper
64,31.0,55.645161290322584,1725.0,B465_ARC _C3_slice5-Ort.czi,old,pomc,upper
65,190.0,27.110526315789475,5151.0,B465_ARC _C3_slice5-Ort.czi,old,pomc,upper
66,11.0,59.27272727272727,652.0,B465_ARC _C3_slice5-Ort.czi,old,pomc,upper
67,1.0,44.0,44.0,B465_ARC _C3_slice5-Ort.czi,old,pomc,upper
68,22.0,39.0,858.0,B465_ARC _C3_slice5-Ort.czi,old,pomc,upper
69,38.0,34.078947368421055,1295.0,B465_ARC _C3_slice5-Ort.czi,old,pomc,upper
70,6.0,28.666666666666668,172.0,B465_ARC _C3_slice5-Ort.czi,old,pomc,upper
71,71.0,27.056338028169016,1921.0000000000002,B465_ARC _C3_slice5-Ort.czi,old,pomc,upper
72,1.0,19.0,19.0,B465_ARC _C3_slice5-Ort.czi,old,pomc,upper
73,10.0,26.9,269.0,B465_ARC _C3_slice5-Ort.czi,old,pomc,upper
74,5.0,32.6,163.0,B465_ARC _C3_slice5-Ort.czi,old,pomc,upper
75,211.0,26.322274881516588,5554.0,B465_ARC _C3_slice5-Ort.czi,old,pomc,upper
76,4.0,18.0,72.0,B465_ARC _C3_slice5-Ort.czi,old,pomc,upper
77,96.0,30.4375,2922.0,B465_ARC _C3_slice5-Ort.czi,old,pomc,upper
78,2.0,14.0,28.0,B465_ARC _C3_slice5-Ort.czi,old,pomc,upper
79,9.0,31.666666666666668,285.0,B465_ARC _C3_slice5-Ort.czi,old,pomc,upper
80,4.0,32.25,129.0,B465_ARC _C3_slice5-Ort.czi,old,pomc,upper
81,162.0,27.135802469135804,4396.0,B465_ARC _C3_slice5-Ort.czi,old,pomc,upper
82,109.0,27.6697247706422,3016.0,B465_ARC _C3_slice5-Ort.czi,old,pomc,upper
83,1.0,23.0,23.0,B465_ARC _C3_slice5-Ort.czi,old,pomc,upper
84,90.0,30.566666666666666,2751.0,B465_ARC _C3_slice5-Ort.czi,old,pomc,upper
85,44.0,38.95454545454545,1714.0,B465_ARC _C3_slice5-Ort.czi,old,pomc,upper
86,1.0,30.0,30.0,B465_ARC _C3_slice5-Ort.czi,old,pomc,upper
87,21.0,28.428571428571427,597.0,B465_ARC _C3_slice5-Ort.czi,old,pomc,upper
88,35.0,21.571428571428573,755.0,B465_ARC _C3_slice5-Ort.czi,old,pomc,upper
89,148.0,28.533783783783782,4223.0,B465_ARC _C3_slice5-Ort.czi,old,pomc,upper
90,42.0,27.214285714285715,1143.0,B465_ARC _C3_slice5-Ort.czi,old,pomc,upper
91,55.0,26.636363636363637,1465.0,B465_ARC _C3_slice5-Ort.czi,old,pomc,upper
92,3.0,35.333333333333336,106.0,B465_ARC _C3_slice5-Ort.czi,old,pomc,upper
93,2.0,10.5,21.0,B465_ARC _C3_slice5-Ort.czi,old,pomc,upper
94,22.0,35.68181818181818,785.0,B465_ARC _C3_slice5-Ort.czi,old,pomc,upper
95,168.0,32.82142857142857,5514.0,B465_ARC _C3_slice5-Ort.czi,old,pomc,upper
96,48.0,34.354166666666664,1649.0,B465_ARC _C3_slice5-Ort.czi,old,pomc,upper
97,5.0,45.4,227.0,B465_ARC _C3_slice5-Ort.czi,old,pomc,upper
98,155.0,29.374193548387098,4553.0,B465_ARC _C3_slice5-Ort.czi,old,pomc,upper
99,55.0,30.254545454545454,1664.0,B465_ARC _C3_slice5-Ort.czi,old,pomc,upper
100,91.0,25.384615384615383,2310.0,B465_ARC _C3_slice5-Ort.czi,old,pomc,upper
101,72.0,32.263888888888886,2323.0,B465_ARC _C3_slice5-Ort.czi,old,pomc,upper
102,1.0,27.0,27.0,B465_ARC _C3_slice5-Ort.czi,old,pomc,upper
103,103.0,28.320388349514563,2917.0,B465_ARC _C3_slice5-Ort.czi,old,pomc,upper
104,15.0,32.53333333333333,488.0,B465_ARC _C3_slice5-Ort.czi,old,pomc,upper
105,46.0,28.08695652173913,1292.0,B465_ARC _C3_slice5-Ort.czi,old,pomc,upper
106,34.0,33.705882352941174,1146.0,B465_ARC _C3_slice5-Ort.czi,old,pomc,upper
107,20.0,39.25,785.0,B465_ARC _C3_slice5-Ort.czi,old,pomc,upper
108,12.0,32.833333333333336,394.0,B465_ARC _C3_slice5-Ort.czi,old,pomc,upper
109,10.0,26.0,260.0,B465_ARC _C3_slice5-Ort.czi,old,pomc,upper
110,62.0,33.82258064516129,2097.0,B465_ARC _C3_slice5-Ort.czi,old,pomc,upper
111,58.0,33.03448275862069,1916.0,B465_ARC _C3_slice5-Ort.czi,old,pomc,upper
112,50.0,32.88,1644.0000000000002,B465_ARC _C3_slice5-Ort.czi,old,pomc,upper
113,29.0,41.172413793103445,1194.0,B465_ARC _C3_slice5-Ort.czi,old,pomc,upper
114,63.0,26.714285714285715,1683.0,B465_ARC _C3_slice5-Ort.czi,old,pomc,upper
115,100.0,34.63,3463.0000000000005,B465_ARC _C3_slice5-Ort.czi,old,pomc,upper
116,153.0,35.31372549019608,5403.0,B465_ARC _C3_slice5-Ort.czi,old,pomc,upper
117,144.0,31.53472222222222,4541.0,B465_ARC _C3_slice5-Ort.czi,old,pomc,upper
118,9.0,22.77777777777778,205.0,B465_ARC _C3_slice5-Ort.czi,old,pomc,upper
119,35.0,31.8,1113.0,B465_ARC _C3_slice5-Ort.czi,old,pomc,upper
120,28.0,26.178571428571427,733.0,B465_ARC _C3_slice5-Ort.czi,old,pomc,upper
121,9.0,31.11111111111111,280.0,B465_ARC _C3_slice5-Ort.czi,old,pomc,upper
122,1.0,13.0,13.0,B465_ARC _C3_slice5-Ort.czi,old,pomc,upper
123,11.0,33.72727272727273,371.0,B465_ARC _C3_slice5-Ort.czi,old,pomc,upper
124,3.0,36.0,108.0,B465_ARC _C3_slice5-Ort.czi,old,pomc,upper
125,4.0,25.5,102.0,B465_ARC _C3_slice5-Ort.czi,old,pomc,upper
126,1.0,20.0,20.0,B465_ARC _C3_slice5-Ort.czi,old,pomc,upper
127,4.0,32.0,128.0,B465_ARC _C3_slice5-Ort.czi,old,pomc,upper
128,2.0,26.5,53.0,B465_ARC _C3_slice5-Ort.czi,old,pomc,upper
129,43.0,31.162790697674417,1340.0,B465_ARC _C3_slice5-Ort.czi,old,pomc,upper
130,19.0,31.526315789473685,599.0,B465_ARC _C3_slice5-Ort.czi,old,pomc,upper
131,4.0,31.75,127.0,B465_ARC _C3_slice5-Ort.czi,old,pomc,upper
132,2.0,15.5,31.0,B465_ARC _C3_slice5-Ort.czi,old,pomc,upper
133,25.0,28.4,710.0,B465_ARC _C3_slice5-Ort.czi,old,pomc,upper
134,28.0,26.5,742.0,B465_ARC _C3_slice5-Ort.czi,old,pomc,upper
135,18.0,38.833333333333336,699.0,B465_ARC _C3_slice5-Ort.czi,old,pomc,upper
136,272.0,33.74264705882353,9178.0,B465_ARC _C3_slice5-Ort.czi,old,pomc,upper
137,2.0,15.0,30.0,B465_ARC _C3_slice5-Ort.czi,old,pomc,upper
138,12.0,25.25,303.0,B465_ARC _C3_slice5-Ort.czi,old,pomc,upper
139,22.0,24.09090909090909,530.0,B465_ARC _C3_slice5-Ort.czi,old,pomc,upper
140,17.0,40.23529411764706,684.0,B465_ARC _C3_slice5-Ort.czi,old,pomc,upper
141,5.0,49.0,245.0,B465_ARC _C3_slice5-Ort.czi,old,pomc,upper
142,19.0,28.05263157894737,533.0,B465_ARC _C3_slice5-Ort.czi,old,pomc,upper
143,15.0,21.666666666666668,325.0,B465_ARC _C3_slice5-Ort.czi,old,pomc,upper
144,22.0,33.36363636363637,734.0000000000001,B465_ARC _C3_slice5-Ort.czi,old,pomc,upper
145,5.0,36.4,182.0,B465_ARC _C3_slice5-Ort.czi,old,pomc,upper
146,73.0,22.91780821917808,1673.0,B465_ARC _C3_slice5-Ort.czi,old,pomc,upper
147,2.0,12.0,24.0,B465_ARC _C3_slice5-Ort.czi,old,pomc,upper
148,7.0,19.857142857142858,139.0,B465_ARC _C3_slice5-Ort.czi,old,pomc,upper
149,14.0,30.714285714285715,430.0,B465_ARC _C3_slice5-Ort.czi,old,pomc,upper
150,30.0,31.5,945.0,B465_ARC _C3_slice5-Ort.czi,old,pomc,upper
151,16.0,33.0625,529.0,B465_ARC _C3_slice5-Ort.czi,old,pomc,upper
152,4.0,41.0,164.0,B465_ARC _C3_slice5-Ort.czi,old,pomc,upper
153,3.0,18.0,54.0,B465_ARC _C3_slice5-Ort.czi,old,pomc,upper
154,93.0,29.27956989247312,2723.0,B465_ARC _C3_slice5-Ort.czi,old,pomc,upper
155,2.0,16.5,33.0,B465_ARC _C3_slice5-Ort.czi,old,pomc,upper
156,24.0,31.625,759.0,B465_ARC _C3_slice5-Ort.czi,old,pomc,upper
157,18.0,23.666666666666668,426.0,B465_ARC _C3_slice5-Ort.czi,old,pomc,upper
158,53.0,32.15094339622642,1704.0,B465_ARC _C3_slice5-Ort.czi,old,pomc,upper
159,31.0,27.419354838709676,850.0,B465_ARC _C3_slice5-Ort.czi,old,pomc,upper
160,21.0,35.285714285714285,741.0,B465_ARC _C3_slice5-Ort.czi,old,pomc,upper
161,7.0,36.857142857142854,258.0,B465_ARC _C3_slice5-Ort.czi,old,pomc,upper
162,1.0,31.0,31.0,B465_ARC _C3_slice5-Ort.czi,old,pomc,upper
163,20.0,26.7,534.0,B465_ARC _C3_slice5-Ort.czi,old,pomc,upper
164,21.0,27.285714285714285,573.0,B465_ARC _C3_slice5-Ort.czi,old,pomc,upper
165,41.0,27.634146341463413,1133.0,B465_ARC _C3_slice5-Ort.czi,old,pomc,upper
166,9.0,32.77777777777778,295.0,B465_ARC _C3_slice5-Ort.czi,old,pomc,upper
167,4.0,23.0,92.0,B465_ARC _C3_slice5-Ort.czi,old,pomc,upper
168,3.0,48.666666666666664,146.0,B465_ARC _C3_slice5-Ort.czi,old,pomc,upper
169,19.0,40.36842105263158,767.0000000000001,B465_ARC _C3_slice5-Ort.czi,old,pomc,upper
170,78.0,31.346153846153847,2445.0,B465_ARC _C3_slice5-Ort.czi,old,pomc,upper
171,1.0,18.0,18.0,B465_ARC _C3_slice5-Ort.czi,old,pomc,upper
172,3.0,25.666666666666668,77.0,B465_ARC _C3_slice5-Ort.czi,old,pomc,upper
173,85.0,27.0,2295.0,B465_ARC _C3_slice5-Ort.czi,old,pomc,upper
174,22.0,34.86363636363637,767.0000000000001,B465_ARC _C3_slice5-Ort.czi,old,pomc,upper
175,32.0,31.34375,1003.0,B465_ARC _C3_slice5-Ort.czi,old,pomc,upper
176,2.0,24.0,48.0,B465_ARC _C3_slice5-Ort.czi,old,pomc,upper
177,11.0,47.54545454545455,523.0,B465_ARC _C3_slice5-Ort.czi,old,pomc,upper
178,234.0,29.200854700854702,6833.0,B465_ARC _C3_slice5-Ort.czi,old,pomc,upper
179,7.0,33.42857142857143,234.0,B465_ARC _C3_slice5-Ort.czi,old,pomc,upper
180,1.0,71.0,71.0,B465_ARC _C3_slice5-Ort.czi,old,pomc,upper
181,29.0,34.689655172413794,1006.0,B465_ARC _C3_slice5-Ort.czi,old,pomc,upper
182,11.0,28.0,308.0,B465_ARC _C3_slice5-Ort.czi,old,pomc,upper
183,10.0,36.9,369.0,B465_ARC _C3_slice5-Ort.czi,old,pomc,upper
184,17.0,30.176470588235293,513.0,B465_ARC _C3_slice5-Ort.czi,old,pomc,upper
185,121.0,27.68595041322314,3350.0,B465_ARC _C3_slice5-Ort.czi,old,pomc,upper
186,5.0,22.2,111.0,B465_ARC _C3_slice5-Ort.czi,old,pomc,upper
187,13.0,26.076923076923077,339.0,B465_ARC _C3_slice5-Ort.czi,old,pomc,upper
188,2.0,26.0,52.0,B465_ARC _C3_slice5-Ort.czi,old,pomc,upper
189,92.0,24.57608695652174,2261.0,B465_ARC _C3_slice5-Ort.czi,old,pomc,upper
190,1.0,9.0,9.0,B465_ARC _C3_slice5-Ort.czi,old,pomc,upper
191,20.0,37.2,744.0,B465_ARC _C3_slice5-Ort.czi,old,pomc,upper
192,32.0,27.03125,865.0,B465_ARC _C3_slice5-Ort.czi,old,pomc,upper
193,94.0,27.074468085106382,2545.0,B465_ARC _C3_slice5-Ort.czi,old,pomc,upper
194,205.0,26.814634146341465,5497.0,B465_ARC _C3_slice5-Ort.czi,old,pomc,upper
195,1.0,30.0,30.0,B465_ARC _C3_slice5-Ort.czi,old,pomc,upper
196,14.0,34.714285714285715,486.0,B465_ARC _C3_slice5-Ort.czi,old,pomc,upper
197,30.0,36.266666666666666,1088.0,B465_ARC _C3_slice5-Ort.czi,old,pomc,upper
198,6.0,35.5,213.0,B465_ARC _C3_slice5-Ort.czi,old,pomc,upper
199,1.0,23.0,23.0,B465_ARC _C3_slice5-Ort.czi,old,pomc,upper
200,52.0,32.78846153846154,1705.0,B465_ARC _C3_slice5-Ort.czi,old,pomc,upper
201,106.0,31.20754716981132,3308.0,B465_ARC _C3_slice5-Ort.czi,old,pomc,upper
202,5.0,32.8,164.0,B465_ARC _C3_slice5-Ort.czi,old,pomc,upper
203,33.0,57.333333333333336,1892.0,B465_ARC _C3_slice5-Ort.czi,old,pomc,upper
204,35.0,29.857142857142858,1045.0,B465_ARC _C3_slice5-Ort.czi,old,pomc,upper
205,13.0,31.153846153846153,405.0,B465_ARC _C3_slice5-Ort.czi,old,pomc,upper
206,14.0,27.071428571428573,379.0,B465_ARC _C3_slice5-Ort.czi,old,pomc,upper
207,18.0,27.22222222222222,490.0,B465_ARC _C3_slice5-Ort.czi,old,pomc,upper
208,59.0,25.220338983050848,1488.0,B465_ARC _C3_slice5-Ort.czi,old,pomc,upper
209,26.0,30.846153846153847,802.0,B465_ARC _C3_slice5-Ort.czi,old,pomc,upper
210,17.0,33.411764705882355,568.0,B465_ARC _C3_slice5-Ort.czi,old,pomc,upper
211,79.0,27.063291139240505,2138.0,B465_ARC _C3_slice5-Ort.czi,old,pomc,upper
212,44.0,31.75,1397.0,B465_ARC _C3_slice5-Ort.czi,old,pomc,upper
213,1.0,29.0,29.0,B465_ARC _C3_slice5-Ort.czi,old,pomc,upper
214,90.0,25.166666666666668,2265.0,B465_ARC _C3_slice5-Ort.czi,old,pomc,upper
215,51.0,32.13725490196079,1639.0000000000002,B465_ARC _C3_slice5-Ort.czi,old,pomc,upper
216,24.0,29.583333333333332,710.0,B465_ARC _C3_slice5-Ort.czi,old,pomc,upper
217,24.0,24.291666666666668,583.0,B465_ARC _C3_slice5-Ort.czi,old,pomc,upper
218,24.0,29.791666666666668,715.0,B465_ARC _C3_slice5-Ort.czi,old,pomc,upper
219,24.0,30.583333333333332,734.0,B465_ARC _C3_slice5-Ort.czi,old,pomc,upper
220,17.0,31.705882352941178,539.0,B465_ARC _C3_slice5-Ort.czi,old,pomc,upper
221,16.0,49.5625,793.0,B465_ARC _C3_slice5-Ort.czi,old,pomc,upper
222,12.0,31.666666666666668,380.0,B465_ARC _C3_slice5-Ort.czi,old,pomc,upper
223,30.0,34.666666666666664,1040.0,B465_ARC _C3_slice5-Ort.czi,old,pomc,upper
224,18.0,42.55555555555556,766.0,B465_ARC _C3_slice5-Ort.czi,old,pomc,upper
225,17.0,28.058823529411764,477.0,B465_ARC _C3_slice5-Ort.czi,old,pomc,upper
226,68.0,34.661764705882355,2357.0,B465_ARC _C3_slice5-Ort.czi,old,pomc,upper
227,9.0,35.333333333333336,318.0,B465_ARC _C3_slice5-Ort.czi,old,pomc,upper
228,18.0,31.11111111111111,560.0,B465_ARC _C3_slice5-Ort.czi,old,pomc,upper
229,35.0,30.857142857142858,1080.0,B465_ARC _C3_slice5-Ort.czi,old,pomc,upper
230,26.0,29.153846153846153,758.0,B465_ARC _C3_slice5-Ort.czi,old,pomc,upper
231,22.0,55.27272727272727,1216.0,B465_ARC _C3_slice5-Ort.czi,old,pomc,upper
232,62.0,29.725806451612904,1843.0,B465_ARC _C3_slice5-Ort.czi,old,pomc,upper
233,27.0,30.14814814814815,814.0,B465_ARC _C3_slice5-Ort.czi,old,pomc,upper
234,43.0,25.6046511627907,1101.0,B465_ARC _C3_slice5-Ort.czi,old,pomc,upper
235,20.0,25.6,512.0,B465_ARC _C3_slice5-Ort.czi,old,pomc,upper
236,10.0,31.7,317.0,B465_ARC _C3_slice5-Ort.czi,old,pomc,upper
237,10.0,45.9,459.0,B465_ARC _C3_slice5-Ort.czi,old,pomc,upper
238,10.0,40.5,405.0,B465_ARC _C3_slice5-Ort.czi,old,pomc,upper
239,28.0,37.964285714285715,1063.0,B465_ARC _C3_slice5-Ort.czi,old,pomc,upper
240,53.0,33.24528301886792,1762.0,B465_ARC _C3_slice5-Ort.czi,old,pomc,upper
241,37.0,32.21621621621622,1192.0,B465_ARC _C3_slice5-Ort.czi,old,pomc,upper
242,19.0,29.526315789473685,561.0,B465_ARC _C3_slice5-Ort.czi,old,pomc,upper
243,53.0,33.20754716981132,1760.0,B465_ARC _C3_slice5-Ort.czi,old,pomc,upper
244,85.0,32.94117647058823,2799.9999999999995,B465_ARC _C3_slice5-Ort.czi,old,pomc,upper
245,14.0,34.857142857142854,487.99999999999994,B465_ARC _C3_slice5-Ort.czi,old,pomc,upper
246,2.0,40.5,81.0,B465_ARC _C3_slice5-Ort.czi,old,pomc,upper
247,11.0,38.18181818181818,420.0,B465_ARC _C3_slice5-Ort.czi,old,pomc,upper
248,23.0,30.434782608695652,700.0,B465_ARC _C3_slice5-Ort.czi,old,pomc,upper
249,221.0,28.11764705882353,6214.0,B465_ARC _C3_slice5-Ort.czi,old,pomc,upper
250,63.0,75.74603174603175,4772.0,B465_ARC _C3_slice5-Ort.czi,old,pomc,upper
251,32.0,24.5625,786.0,B465_ARC _C3_slice5-Ort.czi,old,pomc,upper
252,79.0,26.962025316455698,2130.0,B465_ARC _C3_slice5-Ort.czi,old,pomc,upper
253,83.0,29.650602409638555,2461.0,B465_ARC _C3_slice5-Ort.czi,old,pomc,upper
254,12.0,45.166666666666664,542.0,B465_ARC _C3_slice5-Ort.czi,old,pomc,upper
255,45.0,25.066666666666666,1128.0,B465_ARC _C3_slice5-Ort.czi,old,pomc,upper
256,21.0,33.095238095238095,695.0,B465_ARC _C3_slice5-Ort.czi,old,pomc,upper
257,78.0,26.166666666666668,2041.0,B465_ARC _C3_slice5-Ort.czi,old,pomc,upper
258,237.0,31.666666666666668,7505.0,B465_ARC _C3_slice5-Ort.czi,old,pomc,upper
259,54.0,27.537037037037038,1487.0,B465_ARC _C3_slice5-Ort.czi,old,pomc,upper
260,3.0,31.666666666666668,95.0,B465_ARC _C3_slice5-Ort.czi,old,pomc,upper
261,1.0,16.0,16.0,B465_ARC _C3_slice5-Ort.czi,old,pomc,upper
262,39.0,30.41025641025641,1186.0,B465_ARC _C3_slice5-Ort.czi,old,pomc,upper
263,141.0,27.69503546099291,3905.0,B465_ARC _C3_slice5-Ort.czi,old,pomc,upper
264,10.0,27.3,273.0,B465_ARC _C3_slice5-Ort.czi,old,pomc,upper
265,20.0,37.75,755.0,B465_ARC _C3_slice5-Ort.czi,old,pomc,upper
266,20.0,24.75,495.0,B465_ARC _C3_slice5-Ort.czi,old,pomc,upper
267,11.0,41.63636363636363,457.99999999999994,B465_ARC _C3_slice5-Ort.czi,old,pomc,upper
268,10.0,27.0,270.0,B465_ARC _C3_slice5-Ort.czi,old,pomc,upper
269,35.0,28.257142857142856,989.0,B465_ARC _C3_slice5-Ort.czi,old,pomc,upper
270,1.0,15.0,15.0,B465_ARC _C3_slice5-Ort.czi,old,pomc,upper
271,5.0,29.8,149.0,B465_ARC _C3_slice5-Ort.czi,old,pomc,upper
272,7.0,30.142857142857142,211.0,B465_ARC _C3_slice5-Ort.czi,old,pomc,upper
273,110.0,27.59090909090909,3035.0,B465_ARC _C3_slice5-Ort.czi,old,pomc,upper
274,8.0,41.875,335.0,B465_ARC _C3_slice5-Ort.czi,old,pomc,upper
275,18.0,33.22222222222222,598.0,B465_ARC _C3_slice5-Ort.czi,old,pomc,upper
276,84.0,27.416666666666668,2303.0,B465_ARC _C3_slice5-Ort.czi,old,pomc,upper
277,3.0,25.0,75.0,B465_ARC _C3_slice5-Ort.czi,old,pomc,upper
278,26.0,51.46153846153846,1338.0,B465_ARC _C3_slice5-Ort.czi,old,pomc,upper
279,67.0,32.985074626865675,2210.0,B465_ARC _C3_slice5-Ort.czi,old,pomc,upper
280,1.0,23.0,23.0,B465_ARC _C3_slice5-Ort.czi,old,pomc,upper
281,6.0,25.166666666666668,151.0,B465_ARC _C3_slice5-Ort.czi,old,pomc,upper
282,41.0,36.68292682926829,1503.9999999999998,B465_ARC _C3_slice5-Ort.czi,old,pomc,upper
283,56.0,31.857142857142858,1784.0,B465_ARC _C3_slice5-Ort.czi,old,pomc,upper
284,30.0,30.566666666666666,917.0,B465_ARC _C3_slice5-Ort.czi,old,pomc,upper
285,5.0,35.4,177.0,B465_ARC _C3_slice5-Ort.czi,old,pomc,upper
286,74.0,23.83783783783784,1764.0,B465_ARC _C3_slice5-Ort.czi,old,pomc,upper
287,38.0,28.18421052631579,1071.0,B465_ARC _C3_slice5-Ort.czi,old,pomc,upper
288,43.0,24.976744186046513,1074.0,B465_ARC _C3_slice5-Ort.czi,old,pomc,upper
289,46.0,30.108695652173914,1385.0,B465_ARC _C3_slice5-Ort.czi,old,pomc,upper
290,60.0,30.683333333333334,1841.0,B465_ARC _C3_slice5-Ort.czi,old,pomc,upper
291,9.0,37.0,333.0,B465_ARC _C3_slice5-Ort.czi,old,pomc,upper
292,1.0,12.0,12.0,B465_ARC _C3_slice5-Ort.czi,old,pomc,upper
293,76.0,30.19736842105263,2295.0,B465_ARC _C3_slice5-Ort.czi,old,pomc,upper
294,344.0,28.194767441860463,9699.0,B465_ARC _C3_slice5-Ort.czi,old,pomc,upper
295,14.0,28.071428571428573,393.0,B465_ARC _C3_slice5-Ort.czi,old,pomc,upper
296,1.0,44.0,44.0,B465_ARC _C3_slice5-Ort.czi,old,pomc,upper
297,12.0,39.416666666666664,473.0,B465_ARC _C3_slice5-Ort.czi,old,pomc,upper
298,4.0,28.75,115.0,B465_ARC _C3_slice5-Ort.czi,old,pomc,upper
299,14.0,37.57142857142857,526.0,B465_ARC _C3_slice5-Ort.czi,old,pomc,upper
300,44.0,28.681818181818183,1262.0,B465_ARC _C3_slice5-Ort.czi,old,pomc,upper
301,3.0,26.666666666666668,80.0,B465_ARC _C3_slice5-Ort.czi,old,pomc,upper
302,5.0,72.4,362.0,B465_ARC _C3_slice5-Ort.czi,old,pomc,upper
303,21.0,32.42857142857143,681.0,B465_ARC _C3_slice5-Ort.czi,old,pomc,upper
304,49.0,28.224489795918366,1383.0,B465_ARC _C3_slice5-Ort.czi,old,pomc,upper
305,39.0,33.76923076923077,1317.0,B465_ARC _C3_slice5-Ort.czi,old,pomc,upper
306,5.0,20.8,104.0,B465_ARC _C3_slice5-Ort.czi,old,pomc,upper
307,1.0,24.0,24.0,B465_ARC _C3_slice5-Ort.czi,old,pomc,upper
308,2.0,31.0,62.0,B465_ARC _C3_slice5-Ort.czi,old,pomc,upper
309,115.0,27.843478260869563,3202.0,B465_ARC _C3_slice5-Ort.czi,old,pomc,upper
310,16.0,25.0,400.0,B465_ARC _C3_slice5-Ort.czi,old,pomc,upper
311,40.0,28.9,1156.0,B465_ARC _C3_slice5-Ort.czi,old,pomc,upper
312,4.0,44.0,176.0,B465_ARC _C3_slice5-Ort.czi,old,pomc,upper
313,39.0,37.48717948717949,1462.0,B465_ARC _C3_slice5-Ort.czi,old,pomc,upper
314,24.0,32.666666666666664,784.0,B465_ARC _C3_slice5-Ort.czi,old,pomc,upper
315,65.0,31.523076923076925,2049.0,B465_ARC _C3_slice5-Ort.czi,old,pomc,upper
316,2.0,27.0,54.0,B465_ARC _C3_slice5-Ort.czi,old,pomc,upper
317,7.0,39.0,273.0,B465_ARC _C3_slice5-Ort.czi,old,pomc,upper
318,4.0,38.75,155.0,B465_ARC _C3_slice5-Ort.czi,old,pomc,upper
319,57.0,29.56140350877193,1685.0,B465_ARC _C3_slice5-Ort.czi,old,pomc,upper
320,78.0,28.858974358974358,2251.0,B465_ARC _C3_slice5-Ort.czi,old,pomc,upper
321,13.0,32.30769230769231,420.0,B465_ARC _C3_slice5-Ort.czi,old,pomc,upper
322,131.0,26.206106870229007,3433.0,B465_ARC _C3_slice5-Ort.czi,old,pomc,upper
323,21.0,41.42857142857143,870.0,B465_ARC _C3_slice5-Ort.czi,old,pomc,upper
324,19.0,37.21052631578947,707.0,B465_ARC _C3_slice5-Ort.czi,old,pomc,upper
325,26.0,32.65384615384615,849.0,B465_ARC _C3_slice5-Ort.czi,old,pomc,upper
326,75.0,25.333333333333332,1900.0,B465_ARC _C3_slice5-Ort.czi,old,pomc,upper
327,35.0,32.94285714285714,1153.0,B465_ARC _C3_slice5-Ort.czi,old,pomc,upper
328,1.0,17.0,17.0,B465_ARC _C3_slice5-Ort.czi,old,pomc,upper
329,29.0,30.96551724137931,898.0,B465_ARC _C3_slice5-Ort.czi,old,pomc,upper
330,5.0,25.6,128.0,B465_ARC _C3_slice5-Ort.czi,old,pomc,upper
331,6.0,30.666666666666668,184.0,B465_ARC _C3_slice5-Ort.czi,old,pomc,upper
332,16.0,25.625,410.0,B465_ARC _C3_slice5-Ort.czi,old,pomc,upper
333,60.0,26.6,1596.0,B465_ARC _C3_slice5-Ort.czi,old,pomc,upper
334,53.0,28.471698113207548,1509.0,B465_ARC _C3_slice5-Ort.czi,old,pomc,upper
335,32.0,25.40625,813.0,B465_ARC _C3_slice5-Ort.czi,old,pomc,upper
336,11.0,28.181818181818183,310.0,B465_ARC _C3_slice5-Ort.czi,old,pomc,upper
337,16.0,22.3125,357.0,B465_ARC _C3_slice5-Ort.czi,old,pomc,upper
338,11.0,37.09090909090909,408.0,B465_ARC _C3_slice5-Ort.czi,old,pomc,upper
339,27.0,25.25925925925926,682.0,B465_ARC _C3_slice5-Ort.czi,old,pomc,upper
340,20.0,54.45,1089.0,B465_ARC _C3_slice5-Ort.czi,old,pomc,upper
341,27.0,27.14814814814815,733.0,B465_ARC _C3_slice5-Ort.czi,old,pomc,upper
342,11.0,25.545454545454547,281.0,B465_ARC _C3_slice5-Ort.czi,old,pomc,upper
343,137.0,32.40875912408759,4440.0,B465_ARC _C3_slice5-Ort.czi,old,pomc,upper
344,32.0,32.875,1052.0,B465_ARC _C3_slice5-Ort.czi,old,pomc,upper
345,1.0,25.0,25.0,B465_ARC _C3_slice5-Ort.czi,old,pomc,upper
346,20.0,28.95,579.0,B465_ARC _C3_slice5-Ort.czi,old,pomc,upper
347,40.0,30.75,1230.0,B465_ARC _C3_slice5-Ort.czi,old,pomc,upper
348,19.0,40.473684210526315,769.0,B465_ARC _C3_slice5-Ort.czi,old,pomc,upper
349,27.0,50.51851851851852,1364.0,B465_ARC _C3_slice5-Ort.czi,old,pomc,upper
350,2.0,16.0,32.0,B465_ARC _C3_slice5-Ort.czi,old,pomc,upper
351,65.0,29.384615384615383,1910.0,B465_ARC _C3_slice5-Ort.czi,old,pomc,upper
352,53.0,27.39622641509434,1452.0,B465_ARC _C3_slice5-Ort.czi,old,pomc,upper
353,43.0,29.186046511627907,1255.0,B465_ARC _C3_slice5-Ort.czi,old,pomc,upper
354,93.0,28.580645161290324,2658.0,B465_ARC _C3_slice5-Ort.czi,old,pomc,upper
355,25.0,37.52,938.0000000000001,B465_ARC _C3_slice5-Ort.czi,old,pomc,upper
356,8.0,26.125,209.0,B465_ARC _C3_slice5-Ort.czi,old,pomc,upper
357,15.0,22.2,333.0,B465_ARC _C3_slice5-Ort.czi,old,pomc,upper
358,54.0,23.5,1269.0,B465_ARC _C3_slice5-Ort.czi,old,pomc,upper
359,83.0,31.771084337349397,2637.0,B465_ARC _C3_slice5-Ort.czi,old,pomc,upper
360,101.0,27.623762376237625,2790.0,B465_ARC _C3_slice5-Ort.czi,old,pomc,upper
361,87.0,25.64367816091954,2231.0,B465_ARC _C3_slice5-Ort.czi,old,pomc,upper
362,4.0,29.0,116.0,B465_ARC _C3_slice5-Ort.czi,old,pomc,upper
363,50.0,27.32,1366.0,B465_ARC _C3_slice5-Ort.czi,old,pomc,upper
364,1.0,17.0,17.0,B465_ARC _C3_slice5-Ort.czi,old,pomc,upper
365,54.0,42.46296296296296,2293.0,B465_ARC _C3_slice5-Ort.czi,old,pomc,upper
366,23.0,35.43478260869565,814.9999999999999,B465_ARC _C3_slice5-Ort.czi,old,pomc,upper
367,16.0,31.3125,501.0,B465_ARC _C3_slice5-Ort.czi,old,pomc,upper
368,80.0,26.5,2120.0,B465_ARC _C3_slice5-Ort.czi,old,pomc,upper
369,1.0,25.0,25.0,B465_ARC _C3_slice5-Ort.czi,old,pomc,upper
370,16.0,26.9375,431.0,B465_ARC _C3_slice5-Ort.czi,old,pomc,upper
371,14.0,27.571428571428573,386.0,B465_ARC _C3_slice5-Ort.czi,old,pomc,upper
372,28.0,36.285714285714285,1016.0,B465_ARC _C3_slice5-Ort.czi,old,pomc,upper
373,135.0,25.874074074074073,3493.0,B465_ARC _C3_slice5-Ort.czi,old,pomc,upper
374,127.0,36.55905511811024,4643.0,B465_ARC _C3_slice5-Ort.czi,old,pomc,upper
375,14.0,36.857142857142854,516.0,B465_ARC _C3_slice5-Ort.czi,old,pomc,upper
376,46.0,36.04347826086956,1658.0,B465_ARC _C3_slice5-Ort.czi,old,pomc,upper
377,9.0,32.0,288.0,B465_ARC _C3_slice5-Ort.czi,old,pomc,upper
378,2.0,23.5,47.0,B465_ARC _C3_slice5-Ort.czi,old,pomc,upper
379,27.0,33.629629629629626,907.9999999999999,B465_ARC _C3_slice5-Ort.czi,old,pomc,upper
380,35.0,28.285714285714285,990.0,B465_ARC _C3_slice5-Ort.czi,old,pomc,upper
381,24.0,34.083333333333336,818.0,B465_ARC _C3_slice5-Ort.czi,old,pomc,upper
382,256.0,27.60546875,7067.0,B465_ARC _C3_slice5-Ort.czi,old,pomc,upper
383,63.0,25.0,1575.0,B465_ARC _C3_slice5-Ort.czi,old,pomc,upper
384,79.0,32.151898734177216,2540.0,B465_ARC _C3_slice5-Ort.czi,old,pomc,upper
385,108.0,29.26851851851852,3161.0,B465_ARC _C3_slice5-Ort.czi,old,pomc,upper
386,24.0,35.125,843.0,B465_ARC _C3_slice5-Ort.czi,old,pomc,upper
387,57.0,26.80701754385965,1528.0,B465_ARC _C3_slice5-Ort.czi,old,pomc,upper
388,31.0,28.93548387096774,897.0,B465_ARC _C3_slice5-Ort.czi,old,pomc,upper
389,12.0,39.833333333333336,478.0,B465_ARC _C3_slice5-Ort.czi,old,pomc,upper
390,26.0,28.26923076923077,735.0,B465_ARC _C3_slice5-Ort.czi,old,pomc,upper
391,61.0,35.08196721311475,2140.0,B465_ARC _C3_slice5-Ort.czi,old,pomc,upper
392,62.0,31.93548387096774,1980.0,B465_ARC _C3_slice5-Ort.czi,old,pomc,upper
393,19.0,29.105263157894736,553.0,B465_ARC _C3_slice5-Ort.czi,old,pomc,upper
394,1.0,34.0,34.0,B465_ARC _C3_slice5-Ort.czi,old,pomc,upper
395,18.0,29.0,522.0,B465_ARC _C3_slice5-Ort.czi,old,pomc,upper
396,21.0,35.42857142857143,744.0,B465_ARC _C3_slice5-Ort.czi,old,pomc,upper
397,103.0,34.85436893203884,3590.0000000000005,B465_ARC _C3_slice5-Ort.czi,old,pomc,upper
398,50.0,28.3,1415.0,B465_ARC _C3_slice5-Ort.czi,old,pomc,upper
399,58.0,30.17241379310345,1750.0,B465_ARC _C3_slice5-Ort.czi,old,pomc,upper
400,4.0,39.75,159.0,B465_ARC _C3_slice5-Ort.czi,old,pomc,upper
401,17.0,26.11764705882353,444.0,B465_ARC _C3_slice5-Ort.czi,old,pomc,upper
402,1.0,11.0,11.0,B465_ARC _C3_slice5-Ort.czi,old,pomc,upper
403,1.0,43.0,43.0,B465_ARC _C3_slice5-Ort.czi,old,pomc,upper
404,12.0,35.583333333333336,427.0,B465_ARC _C3_slice5-Ort.czi,old,pomc,upper
405,44.0,25.65909090909091,1129.0,B465_ARC _C3_slice5-Ort.czi,old,pomc,upper
406,9.0,23.88888888888889,215.0,B465_ARC _C3_slice5-Ort.czi,old,pomc,upper
407,7.0,34.285714285714285,240.0,B465_ARC _C3_slice5-Ort.czi,old,pomc,upper
408,1.0,17.0,17.0,B465_ARC _C3_slice5-Ort.czi,old,pomc,upper
409,30.0,32.766666666666666,983.0,B465_ARC _C3_slice5-Ort.czi,old,pomc,upper
410,120.0,28.658333333333335,3439.0,B465_ARC _C3_slice5-Ort.czi,old,pomc,upper
411,87.0,30.724137931034484,2673.0,B465_ARC _C3_slice5-Ort.czi,old,pomc,upper
412,44.0,28.954545454545453,1274.0,B465_ARC _C3_slice5-Ort.czi,old,pomc,upper
413,49.0,32.91836734693877,1612.9999999999998,B465_ARC _C3_slice5-Ort.czi,old,pomc,upper
414,95.0,28.6,2717.0,B465_ARC _C3_slice5-Ort.czi,old,pomc,upper
415,4.0,21.25,85.0,B465_ARC _C3_slice5-Ort.czi,old,pomc,upper
416,60.0,27.266666666666666,1636.0,B465_ARC _C3_slice5-Ort.czi,old,pomc,upper
417,2.0,18.0,36.0,B465_ARC _C3_slice5-Ort.czi,old,pomc,upper
418,2.0,35.0,70.0,B465_ARC _C3_slice5-Ort.czi,old,pomc,upper
419,5.0,27.8,139.0,B465_ARC _C3_slice5-Ort.czi,old,pomc,upper
420,55.0,39.90909090909091,2195.0,B465_ARC _C3_slice5-Ort.czi,old,pomc,upper
421,71.0,26.12676056338028,1855.0,B465_ARC _C3_slice5-Ort.czi,old,pomc,upper
422,30.0,24.333333333333332,730.0,B465_ARC _C3_slice5-Ort.czi,old,pomc,upper
423,19.0,32.31578947368421,614.0,B465_ARC _C3_slice5-Ort.czi,old,pomc,upper
424,1.0,19.0,19.0,B465_ARC _C3_slice5-Ort.czi,old,pomc,upper
425,20.0,36.85,737.0,B465_ARC _C3_slice5-Ort.czi,old,pomc,upper
426,31.0,34.87096774193548,1081.0,B465_ARC _C3_slice5-Ort.czi,old,pomc,upper
427,65.0,34.86153846153846,2266.0,B465_ARC _C3_slice5-Ort.czi,old,pomc,upper
428,7.0,24.285714285714285,170.0,B465_ARC _C3_slice5-Ort.czi,old,pomc,upper
429,6.0,32.333333333333336,194.0,B465_ARC _C3_slice5-Ort.czi,old,pomc,upper
430,1.0,22.0,22.0,B465_ARC _C3_slice5-Ort.czi,old,pomc,upper
431,1.0,36.0,36.0,B465_ARC _C3_slice5-Ort.czi,old,pomc,upper
432,63.0,41.333333333333336,2604.0,B465_ARC _C3_slice5-Ort.czi,old,pomc,upper
433,48.0,40.1875,1929.0,B465_ARC _C3_slice5-Ort.czi,old,pomc,upper
434,7.0,30.857142857142858,216.0,B465_ARC _C3_slice5-Ort.czi,old,pomc,upper
435,30.0,31.7,951.0,B465_ARC _C3_slice5-Ort.czi,old,pomc,upper
436,2.0,23.5,47.0,B465_ARC _C3_slice5-Ort.czi,old,pomc,upper
437,23.0,35.47826086956522,816.0,B465_ARC _C3_slice5-Ort.czi,old,pomc,upper
438,33.0,36.45454545454545,1203.0,B465_ARC _C3_slice5-Ort.czi,old,pomc,upper
439,45.0,29.733333333333334,1338.0,B465_ARC _C3_slice5-Ort.czi,old,pomc,upper
440,7.0,39.57142857142857,277.0,B465_ARC _C3_slice5-Ort.czi,old,pomc,upper
441,9.0,38.22222222222222,344.0,B465_ARC _C3_slice5-Ort.czi,old,pomc,upper
442,62.0,28.29032258064516,1754.0,B465_ARC _C3_slice5-Ort.czi,old,pomc,upper
443,23.0,25.52173913043478,587.0,B465_ARC _C3_slice5-Ort.czi,old,pomc,upper
444,24.0,25.041666666666668,601.0,B465_ARC _C3_slice5-Ort.czi,old,pomc,upper
445,29.0,32.93103448275862,955.0,B465_ARC _C3_slice5-Ort.czi,old,pomc,upper
446,24.0,33.875,813.0,B465_ARC _C3_slice5-Ort.czi,old,pomc,upper
447,91.0,29.956043956043956,2726.0,B465_ARC _C3_slice5-Ort.czi,old,pomc,upper
448,231.0,29.181818181818183,6741.0,B465_ARC _C3_slice5-Ort.czi,old,pomc,upper
449,86.0,30.162790697674417,2594.0,B465_ARC _C3_slice5-Ort.czi,old,pomc,upper
450,38.0,23.736842105263158,902.0,B465_ARC _C3_slice5-Ort.czi,old,pomc,upper
451,2.0,15.5,31.0,B465_ARC _C3_slice5-Ort.czi,old,pomc,upper
452,27.0,29.925925925925927,808.0,B465_ARC _C3_slice5-Ort.czi,old,pomc,upper
453,1.0,24.0,24.0,B465_ARC _C3_slice5-Ort.czi,old,pomc,upper
454,32.0,26.1875,838.0,B465_ARC _C3_slice5-Ort.czi,old,pomc,upper
455,13.0,24.23076923076923,315.0,B465_ARC _C3_slice5-Ort.czi,old,pomc,upper
456,5.0,24.8,124.0,B465_ARC _C3_slice5-Ort.czi,old,pomc,upper
457,15.0,28.6,429.0,B465_ARC _C3_slice5-Ort.czi,old,pomc,upper
458,2.0,18.0,36.0,B465_ARC _C3_slice5-Ort.czi,old,pomc,upper
459,4.0,24.0,96.0,B465_ARC _C3_slice5-Ort.czi,old,pomc,upper
460,8.0,20.25,162.0,B465_ARC _C3_slice5-Ort.czi,old,pomc,upper
461,83.0,26.19277108433735,2174.0,B465_ARC _C3_slice5-Ort.czi,old,pomc,upper
462,151.0,26.801324503311257,4047.0,B465_ARC _C3_slice5-Ort.czi,old,pomc,upper
463,4.0,20.25,81.0,B465_ARC _C3_slice5-Ort.czi,old,pomc,upper
464,3.0,32.0,96.0,B465_ARC _C3_slice5-Ort.czi,old,pomc,upper
465,2.0,16.0,32.0,B465_ARC _C3_slice5-Ort.czi,old,pomc,upper
466,1.0,34.0,34.0,B465_ARC _C3_slice5-Ort.czi,old,pomc,upper
467,35.0,27.428571428571427,960.0,B465_ARC _C3_slice5-Ort.czi,old,pomc,upper
468,16.0,39.125,626.0,B465_ARC _C3_slice5-Ort.czi,old,pomc,upper
469,4.0,81.5,326.0,B465_ARC _C3_slice5-Ort.czi,old,pomc,upper
470,153.0,29.856209150326798,4568.0,B465_ARC _C3_slice5-Ort.czi,old,pomc,upper
471,37.0,24.62162162162162,911.0,B465_ARC _C3_slice5-Ort.czi,old,pomc,upper
472,14.0,26.214285714285715,367.0,B465_ARC _C3_slice5-Ort.czi,old,pomc,upper
473,74.0,29.256756756756758,2165.0,B465_ARC _C3_slice5-Ort.czi,old,pomc,upper
474,20.0,29.7,594.0,B465_ARC _C3_slice5-Ort.czi,old,pomc,upper
475,2.0,46.0,92.0,B465_ARC _C3_slice5-Ort.czi,old,pomc,upper
476,17.0,24.0,408.0,B465_ARC _C3_slice5-Ort.czi,old,pomc,upper
477,1.0,32.0,32.0,B465_ARC _C3_slice5-Ort.czi,old,pomc,upper
478,29.0,25.413793103448278,737.0,B465_ARC _C3_slice5-Ort.czi,old,pomc,upper
479,13.0,34.07692307692308,443.00000000000006,B465_ARC _C3_slice5-Ort.czi,old,pomc,upper
480,49.0,35.204081632653065,1725.0000000000002,B465_ARC _C3_slice5-Ort.czi,old,pomc,upper
481,25.0,31.56,789.0,B465_ARC _C3_slice5-Ort.czi,old,pomc,upper
482,1.0,23.0,23.0,B465_ARC _C3_slice5-Ort.czi,old,pomc,upper
483,1.0,22.0,22.0,B465_ARC _C3_slice5-Ort.czi,old,pomc,upper
484,36.0,25.13888888888889,905.0,B465_ARC _C3_slice5-Ort.czi,old,pomc,upper
485,25.0,31.44,786.0,B465_ARC _C3_slice5-Ort.czi,old,pomc,upper
486,48.0,29.0,1392.0,B465_ARC _C3_slice5-Ort.czi,old,pomc,upper
487,108.0,31.796296296296298,3434.0,B465_ARC _C3_slice5-Ort.czi,old,pomc,upper
488,29.0,38.44827586206897,1115.0,B465_ARC _C3_slice5-Ort.czi,old,pomc,upper
489,12.0,27.166666666666668,326.0,B465_ARC _C3_slice5-Ort.czi,old,pomc,upper
490,69.0,30.652173913043477,2115.0,B465_ARC _C3_slice5-Ort.czi,old,pomc,upper
491,18.0,30.38888888888889,547.0,B465_ARC _C3_slice5-Ort.czi,old,pomc,upper
492,12.0,40.5,486.0,B465_ARC _C3_slice5-Ort.czi,old,pomc,upper
493,21.0,27.047619047619047,568.0,B465_ARC _C3_slice5-Ort.czi,old,pomc,upper
494,14.0,26.785714285714285,375.0,B465_ARC _C3_slice5-Ort.czi,old,pomc,upper
495,27.0,22.51851851851852,608.0,B465_ARC _C3_slice5-Ort.czi,old,pomc,upper
496,1.0,41.0,41.0,B465_ARC _C3_slice5-Ort.czi,old,pomc,upper
497,11.0,26.636363636363637,293.0,B465_ARC _C3_slice5-Ort.czi,old,pomc,upper
498,9.0,43.333333333333336,390.0,B465_ARC _C3_slice5-Ort.czi,old,pomc,upper
499,41.0,22.975609756097562,942.0,B465_ARC _C3_slice5-Ort.czi,old,pomc,upper
500,74.0,30.68918918918919,2271.0,B465_ARC _C3_slice5-Ort.czi,old,pomc,upper
501,4.0,37.25,149.0,B465_ARC _C3_slice5-Ort.czi,old,pomc,upper
502,145.0,25.73793103448276,3732.0,B465_ARC _C3_slice5-Ort.czi,old,pomc,upper
503,1.0,15.0,15.0,B465_ARC _C3_slice5-Ort.czi,old,pomc,upper
504,53.0,26.49056603773585,1404.0,B465_ARC _C3_slice5-Ort.czi,old,pomc,upper
505,2.0,23.5,47.0,B465_ARC _C3_slice5-Ort.czi,old,pomc,upper
506,12.0,24.75,297.0,B465_ARC _C3_slice5-Ort.czi,old,pomc,upper
507,1.0,17.0,17.0,B465_ARC _C3_slice5-Ort.czi,old,pomc,upper
508,27.0,24.333333333333332,657.0,B465_ARC _C3_slice5-Ort.czi,old,pomc,upper
509,1.0,18.0,18.0,B465_ARC _C3_slice5-Ort.czi,old,pomc,upper
510,16.0,40.0,640.0,B465_ARC _C3_slice5-Ort.czi,old,pomc,upper
511,3.0,31.333333333333332,94.0,B465_ARC _C3_slice5-Ort.czi,old,pomc,upper
512,44.0,31.386363636363637,1381.0,B465_ARC _C3_slice5-Ort.czi,old,pomc,upper
513,25.0,36.08,902.0,B465_ARC _C3_slice5-Ort.czi,old,pomc,upper
514,27.0,27.62962962962963,746.0,B465_ARC _C3_slice5-Ort.czi,old,pomc,upper
515,25.0,29.28,732.0,B465_ARC _C3_slice5-Ort.czi,old,pomc,upper
516,26.0,37.96153846153846,987.0,B465_ARC _C3_slice5-Ort.czi,old,pomc,upper
517,26.0,31.03846153846154,807.0,B465_ARC _C3_slice5-Ort.czi,old,pomc,upper
518,145.0,42.02758620689655,6094.0,B465_ARC _C3_slice5-Ort.czi,old,pomc,upper
519,40.0,27.75,1110.0,B465_ARC _C3_slice5-Ort.czi,old,pomc,upper
520,16.0,30.5,488.0,B465_ARC _C3_slice5-Ort.czi,old,pomc,upper
521,1.0,10.0,10.0,B465_ARC _C3_slice5-Ort.czi,old,pomc,upper
522,21.0,31.904761904761905,670.0,B465_ARC _C3_slice5-Ort.czi,old,pomc,upper
523,9.0,33.77777777777778,304.0,B465_ARC _C3_slice5-Ort.czi,old,pomc,upper
524,24.0,30.916666666666668,742.0,B465_ARC _C3_slice5-Ort.czi,old,pomc,upper
525,10.0,28.0,280.0,B465_ARC _C3_slice5-Ort.czi,old,pomc,upper
526,92.0,28.184782608695652,2593.0,B465_ARC _C3_slice5-Ort.czi,old,pomc,upper
527,1.0,20.0,20.0,B465_ARC _C3_slice5-Ort.czi,old,pomc,upper
528,86.0,35.53488372093023,3056.0,B465_ARC _C3_slice5-Ort.czi,old,pomc,upper
529,3.0,22.0,66.0,B465_ARC _C3_slice5-Ort.czi,old,pomc,upper
530,63.0,31.603174603174605,1991.0,B465_ARC _C3_slice5-Ort.czi,old,pomc,upper
531,20.0,30.55,611.0,B465_ARC _C3_slice5-Ort.czi,old,pomc,upper
532,29.0,30.0,870.0,B465_ARC _C3_slice5-Ort.czi,old,pomc,upper
533,13.0,20.46153846153846,266.0,B465_ARC _C3_slice5-Ort.czi,old,pomc,upper
534,11.0,27.09090909090909,298.0,B465_ARC _C3_slice5-Ort.czi,old,pomc,upper
535,19.0,20.63157894736842,392.0,B465_ARC _C3_slice5-Ort.czi,old,pomc,upper
536,9.0,21.11111111111111,190.0,B465_ARC _C3_slice5-Ort.czi,old,pomc,upper
537,17.0,27.11764705882353,461.0,B465_ARC _C3_slice5-Ort.czi,old,pomc,upper
538,25.0,23.36,584.0,B465_ARC _C3_slice5-Ort.czi,old,pomc,upper
539,17.0,36.411764705882355,619.0,B465_ARC _C3_slice5-Ort.czi,old,pomc,upper
540,8.0,23.25,186.0,B465_ARC _C3_slice5-Ort.czi,old,pomc,upper
541,69.0,30.72463768115942,2120.0,B465_ARC _C3_slice5-Ort.czi,old,pomc,upper
542,1.0,28.0,28.0,B465_ARC _C3_slice5-Ort.czi,old,pomc,upper
543,38.0,33.3421052631579,1267.0,B465_ARC _C3_slice5-Ort.czi,old,pomc,upper
544,125.0,27.168,3396.0,B465_ARC _C3_slice5-Ort.czi,old,pomc,upper
545,23.0,42.17391304347826,969.9999999999999,B465_ARC _C3_slice5-Ort.czi,old,pomc,upper
546,1.0,33.0,33.0,B465_ARC _C3_slice5-Ort.czi,old,pomc,upper
547,8.0,47.75,382.0,B465_ARC _C3_slice5-Ort.czi,old,pomc,upper
548,21.0,31.80952380952381,668.0,B465_ARC _C3_slice5-Ort.czi,old,pomc,upper
549,25.0,36.8,919.9999999999999,B465_ARC _C3_slice5-Ort.czi,old,pomc,upper
550,1.0,28.0,28.0,B465_ARC _C3_slice5-Ort.czi,old,pomc,upper
551,32.0,25.5625,818.0,B465_ARC _C3_slice5-Ort.czi,old,pomc,upper
552,12.0,34.583333333333336,415.0,B465_ARC _C3_slice5-Ort.czi,old,pomc,upper
553,41.0,42.68292682926829,1749.9999999999998,B465_ARC _C3_slice5-Ort.czi,old,pomc,upper
554,20.0,30.5,610.0,B465_ARC _C3_slice5-Ort.czi,old,pomc,upper
555,88.0,24.636363636363637,2168.0,B465_ARC _C3_slice5-Ort.czi,old,pomc,upper
556,40.0,28.825,1153.0,B465_ARC _C3_slice5-Ort.czi,old,pomc,upper
557,56.0,30.589285714285715,1713.0,B465_ARC _C3_slice5-Ort.czi,old,pomc,upper
558,42.0,26.785714285714285,1125.0,B465_ARC _C3_slice5-Ort.czi,old,pomc,upper
559,33.0,32.78787878787879,1082.0,B465_ARC _C3_slice5-Ort.czi,old,pomc,upper
560,74.0,31.5,2331.0,B465_ARC _C3_slice5-Ort.czi,old,pomc,upper
561,10.0,23.0,230.0,B465_ARC _C3_slice5-Ort.czi,old,pomc,upper
562,31.0,32.87096774193548,1018.9999999999999,B465_ARC _C3_slice5-Ort.czi,old,pomc,upper
563,34.0,30.38235294117647,1033.0,B465_ARC _C3_slice5-Ort.czi,old,pomc,upper
564,14.0,27.428571428571427,384.0,B465_ARC _C3_slice5-Ort.czi,old,pomc,upper
565,1.0,26.0,26.0,B465_ARC _C3_slice5-Ort.czi,old,pomc,upper
566,195.0,29.57948717948718,5768.0,B465_ARC _C3_slice5-Ort.czi,old,pomc,upper
567,37.0,28.56756756756757,1057.0,B465_ARC _C3_slice5-Ort.czi,old,pomc,upper
568,19.0,25.526315789473685,485.0,B465_ARC _C3_slice5-Ort.czi,old,pomc,upper
569,68.0,24.16176470588235,1643.0,B465_ARC _C3_slice5-Ort.czi,old,pomc,upper
570,1.0,22.0,22.0,B465_ARC _C3_slice5-Ort.czi,old,pomc,upper
571,16.0,22.75,364.0,B465_ARC _C3_slice5-Ort.czi,old,pomc,upper
572,285.0,30.263157894736842,8625.0,B465_ARC _C3_slice5-Ort.czi,old,pomc,upper
573,8.0,19.25,154.0,B465_ARC _C3_slice5-Ort.czi,old,pomc,upper
574,40.0,28.275,1131.0,B465_ARC _C3_slice5-Ort.czi,old,pomc,upper
575,46.0,26.391304347826086,1214.0,B465_ARC _C3_slice5-Ort.czi,old,pomc,upper
576,6.0,28.333333333333332,170.0,B465_ARC _C3_slice5-Ort.czi,old,pomc,upper
577,44.0,25.227272727272727,1110.0,B465_ARC _C3_slice5-Ort.czi,old,pomc,upper
578,15.0,28.666666666666668,430.0,B465_ARC _C3_slice5-Ort.czi,old,pomc,upper
579,3.0,25.666666666666668,77.0,B465_ARC _C3_slice5-Ort.czi,old,pomc,upper
580,16.0,49.0625,785.0,B465_ARC _C3_slice5-Ort.czi,old,pomc,upper
581,1.0,18.0,18.0,B465_ARC _C3_slice5-Ort.czi,old,pomc,upper
582,26.0,36.80769230769231,957.0,B465_ARC _C3_slice5-Ort.czi,old,pomc,upper
583,107.0,36.45794392523364,3901.0,B465_ARC _C3_slice5-Ort.czi,old,pomc,upper
584,84.0,32.54761904761905,2734.0000000000005,B465_ARC _C3_slice5-Ort.czi,old,pomc,upper
585,1.0,39.0,39.0,B465_ARC _C3_slice5-Ort.czi,old,pomc,upper
586,59.0,27.89830508474576,1646.0,B465_ARC _C3_slice5-Ort.czi,old,pomc,upper
587,74.0,27.95945945945946,2069.0,B465_ARC _C3_slice5-Ort.czi,old,pomc,upper
588,196.0,32.683673469387756,6406.0,B465_ARC _C3_slice5-Ort.czi,old,pomc,upper
589,23.0,33.73913043478261,776.0,B465_ARC _C3_slice5-Ort.czi,old,pomc,upper
590,10.0,70.3,703.0,B465_ARC _C3_slice5-Ort.czi,old,pomc,upper
591,38.0,30.526315789473685,1160.0,B465_ARC _C3_slice5-Ort.czi,old,pomc,upper
592,19.0,31.31578947368421,595.0,B465_ARC _C3_slice5-Ort.czi,old,pomc,upper
593,12.0,30.333333333333332,364.0,B465_ARC _C3_slice5-Ort.czi,old,pomc,upper
594,3.0,42.666666666666664,128.0,B465_ARC _C3_slice5-Ort.czi,old,pomc,upper
595,405.0,25.530864197530864,10340.0,B465_ARC _C3_slice5-Ort.czi,old,pomc,upper
596,3.0,36.333333333333336,109.0,B465_ARC _C3_slice5-Ort.czi,old,pomc,upper
597,9.0,37.55555555555556,338.0,B465_ARC _C3_slice5-Ort.czi,old,pomc,upper
598,52.0,31.365384615384617,1631.0,B465_ARC _C3_slice5-Ort.czi,old,pomc,upper
599,42.0,26.61904761904762,1118.0,B465_ARC _C3_slice5-Ort.czi,old,pomc,upper
600,11.0,22.727272727272727,250.0,B465_ARC _C3_slice5-Ort.czi,old,pomc,upper
601,97.0,26.84536082474227,2604.0,B465_ARC _C3_slice5-Ort.czi,old,pomc,upper
602,43.0,27.837209302325583,1197.0,B465_ARC _C3_slice5-Ort.czi,old,pomc,upper
603,107.0,24.560747663551403,2628.0,B465_ARC _C3_slice5-Ort.czi,old,pomc,upper
604,64.0,27.34375,1750.0,B465_ARC _C3_slice5-Ort.czi,old,pomc,upper
605,88.0,28.329545454545453,2493.0,B465_ARC _C3_slice5-Ort.czi,old,pomc,upper
606,15.0,29.0,435.0,B465_ARC _C3_slice5-Ort.czi,old,pomc,upper
607,10.0,30.1,301.0,B465_ARC _C3_slice5-Ort.czi,old,pomc,upper
608,38.0,31.157894736842106,1184.0,B465_ARC _C3_slice5-Ort.czi,old,pomc,upper
609,24.0,23.958333333333332,575.0,B465_ARC _C3_slice5-Ort.czi,old,pomc,upper
610,3.0,22.666666666666668,68.0,B465_ARC _C3_slice5-Ort.czi,old,pomc,upper
611,73.0,29.726027397260275,2170.0,B465_ARC _C3_slice5-Ort.czi,old,pomc,upper
612,22.0,28.0,616.0,B465_ARC _C3_slice5-Ort.czi,old,pomc,upper
613,50.0,34.68,1734.0,B465_ARC _C3_slice5-Ort.czi,old,pomc,upper
614,1.0,22.0,22.0,B465_ARC _C3_slice5-Ort.czi,old,pomc,upper
615,18.0,29.444444444444443,530.0,B465_ARC _C3_slice5-Ort.czi,old,pomc,upper
616,135.0,27.71851851851852,3742.0,B465_ARC _C3_slice5-Ort.czi,old,pomc,upper
617,16.0,25.375,406.0,B465_ARC _C3_slice5-Ort.czi,old,pomc,upper
618,154.0,25.62987012987013,3947.0,B465_ARC _C3_slice5-Ort.czi,old,pomc,upper
619,68.0,30.735294117647058,2090.0,B465_ARC _C3_slice5-Ort.czi,old,pomc,upper
620,35.0,27.885714285714286,976.0,B465_ARC _C3_slice5-Ort.czi,old,pomc,upper
621,93.0,28.06451612903226,2610.0,B465_ARC _C3_slice5-Ort.czi,old,pomc,upper
622,1.0,22.0,22.0,B465_ARC _C3_slice5-Ort.czi,old,pomc,upper
623,16.0,23.1875,371.0,B465_ARC _C3_slice5-Ort.czi,old,pomc,upper
624,39.0,23.17948717948718,904.0,B465_ARC _C3_slice5-Ort.czi,old,pomc,upper
625,32.0,30.0625,962.0,B465_ARC _C3_slice5-Ort.czi,old,pomc,upper
626,22.0,33.68181818181818,741.0,B465_ARC _C3_slice5-Ort.czi,old,pomc,upper
627,36.0,24.916666666666668,897.0,B465_ARC _C3_slice5-Ort.czi,old,pomc,upper
628,126.0,25.825396825396826,3254.0,B465_ARC _C3_slice5-Ort.czi,old,pomc,upper
629,87.0,28.103448275862068,2445.0,B465_ARC _C3_slice5-Ort.czi,old,pomc,upper
630,1.0,24.0,24.0,B465_ARC _C3_slice5-Ort.czi,old,pomc,upper
631,117.0,30.60683760683761,3581.0,B465_ARC _C3_slice5-Ort.czi,old,pomc,upper
632,85.0,32.294117647058826,2745.0,B465_ARC _C3_slice5-Ort.czi,old,pomc,upper
633,30.0,27.233333333333334,817.0,B465_ARC _C3_slice5-Ort.czi,old,pomc,upper
634,1.0,31.0,31.0,B465_ARC _C3_slice5-Ort.czi,old,pomc,upper
635,6.0,21.0,126.0,B465_ARC _C3_slice5-Ort.czi,old,pomc,upper
636,878.0,57.15717539863326,50184.0,B465_ARC _C3_slice5-Ort.czi,old,pomc,upper
637,109.0,24.68807339449541,2691.0,B465_ARC _C3_slice5-Ort.czi,old,pomc,upper
638,78.0,30.41025641025641,2372.0,B465_ARC _C3_slice5-Ort.czi,old,pomc,upper
639,31.0,27.516129032258064,853.0,B465_ARC _C3_slice5-Ort.czi,old,pomc,upper
640,36.0,29.13888888888889,1049.0,B465_ARC _C3_slice5-Ort.czi,old,pomc,upper
641,19.0,24.05263157894737,457.0,B465_ARC _C3_slice5-Ort.czi,old,pomc,upper
642,54.0,30.555555555555557,1650.0,B465_ARC _C3_slice5-Ort.czi,old,pomc,upper
643,39.0,26.564102564102566,1036.0,B465_ARC _C3_slice5-Ort.czi,old,pomc,upper
644,1.0,22.0,22.0,B465_ARC _C3_slice5-Ort.czi,old,pomc,upper
645,69.0,27.72463768115942,1913.0,B465_ARC _C3_slice5-Ort.czi,old,pomc,upper
646,33.0,24.939393939393938,823.0,B465_ARC _C3_slice5-Ort.czi,old,pomc,upper
647,28.0,29.25,819.0,B465_ARC _C3_slice5-Ort.czi,old,pomc,upper
648,340.0,30.0,10200.0,B465_ARC _C3_slice5-Ort.czi,old,pomc,upper
649,29.0,37.241379310344826,1080.0,B465_ARC _C3_slice5-Ort.czi,old,pomc,upper
650,118.0,31.04237288135593,3663.0,B465_ARC _C3_slice5-Ort.czi,old,pomc,upper
651,37.0,27.64864864864865,1023.0,B465_ARC _C3_slice5-Ort.czi,old,pomc,upper
652,17.0,28.647058823529413,487.0,B465_ARC _C3_slice5-Ort.czi,old,pomc,upper
653,131.0,23.625954198473284,3095.0,B465_ARC _C3_slice5-Ort.czi,old,pomc,upper
654,55.0,27.054545454545455,1488.0,B465_ARC _C3_slice5-Ort.czi,old,pomc,upper
655,43.0,23.930232558139537,1029.0,B465_ARC _C3_slice5-Ort.czi,old,pomc,upper
656,197.0,24.558375634517766,4838.0,B465_ARC _C3_slice5-Ort.czi,old,pomc,upper
657,1.0,14.0,14.0,B465_ARC _C3_slice5-Ort.czi,old,pomc,upper
658,56.0,27.946428571428573,1565.0,B465_ARC _C3_slice5-Ort.czi,old,pomc,upper
659,38.0,32.73684210526316,1244.0,B465_ARC _C3_slice5-Ort.czi,old,pomc,upper
660,38.0,30.68421052631579,1166.0,B465_ARC _C3_slice5-Ort.czi,old,pomc,upper
661,46.0,31.630434782608695,1455.0,B465_ARC _C3_slice5-Ort.czi,old,pomc,upper
662,2.0,19.5,39.0,B465_ARC _C3_slice5-Ort.czi,old,pomc,upper
663,71.0,24.64788732394366,1749.9999999999998,B465_ARC _C3_slice5-Ort.czi,old,pomc,upper
664,104.0,26.60576923076923,2767.0,B465_ARC _C3_slice5-Ort.czi,old,pomc,upper
665,139.0,28.85611510791367,4011.0,B465_ARC _C3_slice5-Ort.czi,old,pomc,upper
666,45.0,25.0,1125.0,B465_ARC _C3_slice5-Ort.czi,old,pomc,upper
667,93.0,28.376344086021504,2639.0,B465_ARC _C3_slice5-Ort.czi,old,pomc,upper
668,297.0,28.569023569023567,8485.0,B465_ARC _C3_slice5-Ort.czi,old,pomc,upper
669,39.0,27.17948717948718,1060.0,B465_ARC _C3_slice5-Ort.czi,old,pomc,upper
670,53.0,29.07547169811321,1541.0,B465_ARC _C3_slice5-Ort.czi,old,pomc,upper
671,134.0,26.567164179104477,3560.0,B465_ARC _C3_slice5-Ort.czi,old,pomc,upper
672,463.0,24.794816414686824,11480.0,B465_ARC _C3_slice5-Ort.czi,old,pomc,upper
673,25.0,30.92,773.0,B465_ARC _C3_slice5-Ort.czi,old,pomc,upper
674,52.0,25.21153846153846,1311.0,B465_ARC _C3_slice5-Ort.czi,old,pomc,upper
675,20.0,38.1,762.0,B465_ARC _C3_slice5-Ort.czi,old,pomc,upper
676,68.0,27.323529411764707,1858.0,B465_ARC _C3_slice5-Ort.czi,old,pomc,upper
677,3.0,21.0,63.0,B465_ARC _C3_slice5-Ort.czi,old,pomc,upper
678,2.0,30.5,61.0,B465_ARC _C3_slice5-Ort.czi,old,pomc,upper
679,2.0,23.5,47.0,B465_ARC _C3_slice5-Ort.czi,old,pomc,upper
680,22.0,27.5,605.0,B465_ARC _C3_slice5-Ort.czi,old,pomc,upper
681,22.0,29.09090909090909,640.0,B465_ARC _C3_slice5-Ort.czi,old,pomc,upper
682,4.0,31.0,124.0,B465_ARC _C3_slice5-Ort.czi,old,pomc,upper
683,61.0,33.442622950819676,2040.0000000000002,B465_ARC _C3_slice5-Ort.czi,old,pomc,upper
684,19.0,38.63157894736842,733.9999999999999,B465_ARC _C3_slice5-Ort.czi,old,pomc,upper
685,1.0,24.0,24.0,B465_ARC _C3_slice5-Ort.czi,old,pomc,upper
686,17.0,27.529411764705884,468.0,B465_ARC _C3_slice5-Ort.czi,old,pomc,upper
687,151.0,29.748344370860927,4492.0,B465_ARC _C3_slice5-Ort.czi,old,pomc,upper
688,85.0,30.776470588235295,2616.0,B465_ARC _C3_slice5-Ort.czi,old,pomc,upper
689,127.0,25.22047244094488,3203.0,B465_ARC _C3_slice5-Ort.czi,old,pomc,upper
690,11.0,27.454545454545453,302.0,B465_ARC _C3_slice5-Ort.czi,old,pomc,upper
691,13.0,25.846153846153847,336.0,B465_ARC _C3_slice5-Ort.czi,old,pomc,upper
692,12.0,25.416666666666668,305.0,B465_ARC _C3_slice5-Ort.czi,old,pomc,upper
693,20.0,24.75,495.0,B465_ARC _C3_slice5-Ort.czi,old,pomc,upper
694,59.0,31.033898305084747,1831.0,B465_ARC _C3_slice5-Ort.czi,old,pomc,upper
695,107.0,27.14018691588785,2904.0,B465_ARC _C3_slice5-Ort.czi,old,pomc,upper
696,33.0,35.15151515151515,1160.0,B465_ARC _C3_slice5-Ort.czi,old,pomc,upper
697,147.0,26.401360544217688,3881.0,B465_ARC _C3_slice5-Ort.czi,old,pomc,upper
698,23.0,27.304347826086957,628.0,B465_ARC _C3_slice5-Ort.czi,old,pomc,upper
699,43.0,45.81395348837209,1970.0,B465_ARC _C3_slice5-Ort.czi,old,pomc,upper
700,106.0,24.943396226415093,2644.0,B465_ARC _C3_slice5-Ort.czi,old,pomc,upper
701,139.0,37.805755395683455,5255.0,B465_ARC _C3_slice5-Ort.czi,old,pomc,upper
702,35.0,26.82857142857143,939.0,B465_ARC _C3_slice5-Ort.czi,old,pomc,upper
703,2.0,25.0,50.0,B465_ARC _C3_slice5-Ort.czi,old,pomc,upper
704,16.0,38.6875,619.0,B465_ARC _C3_slice5-Ort.czi,old,pomc,upper
705,80.0,26.3875,2111.0,B465_ARC _C3_slice5-Ort.czi,old,pomc,upper
706,19.0,26.31578947368421,499.99999999999994,B465_ARC _C3_slice5-Ort.czi,old,pomc,upper
707,41.0,24.341463414634145,997.9999999999999,B465_ARC _C3_slice5-Ort.czi,old,pomc,upper
708,27.0,24.296296296296298,656.0,B465_ARC _C3_slice5-Ort.czi,old,pomc,upper
709,38.0,31.789473684210527,1208.0,B465_ARC _C3_slice5-Ort.czi,old,pomc,upper
710,899.0,27.14794215795328,24406.0,B465_ARC _C3_slice5-Ort.czi,old,pomc,upper
711,65.0,27.184615384615384,1767.0,B465_ARC _C3_slice5-Ort.czi,old,pomc,upper
712,6.0,24.166666666666668,145.0,B465_ARC _C3_slice5-Ort.czi,old,pomc,upper
713,47.0,35.4468085106383,1666.0,B465_ARC _C3_slice5-Ort.czi,old,pomc,upper
714,18.0,34.666666666666664,624.0,B465_ARC _C3_slice5-Ort.czi,old,pomc,upper
715,54.0,37.7037037037037,2036.0,B465_ARC _C3_slice5-Ort.czi,old,pomc,upper
716,25.0,33.16,828.9999999999999,B465_ARC _C3_slice5-Ort.czi,old,pomc,upper
717,34.0,30.176470588235293,1026.0,B465_ARC _C3_slice5-Ort.czi,old,pomc,upper
718,31.0,33.29032258064516,1032.0,B465_ARC _C3_slice5-Ort.czi,old,pomc,upper
719,100.0,28.82,2882.0,B465_ARC _C3_slice5-Ort.czi,old,pomc,upper
720,110.0,24.472727272727273,2692.0,B465_ARC _C3_slice5-Ort.czi,old,pomc,upper
721,18.0,49.333333333333336,888.0,B465_ARC _C3_slice5-Ort.czi,old,pomc,upper
722,3.0,21.666666666666668,65.0,B465_ARC _C3_slice5-Ort.czi,old,pomc,upper
723,6.0,64.33333333333333,386.0,B465_ARC _C3_slice5-Ort.czi,old,pomc,upper
724,1.0,25.0,25.0,B465_ARC _C3_slice5-Ort.czi,old,pomc,upper
725,1.0,16.0,16.0,B465_ARC _C3_slice5-Ort.czi,old,pomc,upper
726,14.0,36.642857142857146,513.0,B465_ARC _C3_slice5-Ort.czi,old,pomc,upper
727,14.0,24.285714285714285,340.0,B465_ARC _C3_slice5-Ort.czi,old,pomc,upper
728,35.0,26.314285714285713,921.0,B465_ARC _C3_slice5-Ort.czi,old,pomc,upper
729,50.0,24.92,1246.0,B465_ARC _C3_slice5-Ort.czi,old,pomc,upper
730,143.0,34.08391608391609,4874.0,B465_ARC _C3_slice5-Ort.czi,old,pomc,upper
731,52.0,32.65384615384615,1698.0,B465_ARC _C3_slice5-Ort.czi,old,pomc,upper
732,5.0,21.2,106.0,B465_ARC _C3_slice5-Ort.czi,old,pomc,upper
733,24.0,34.958333333333336,839.0,B465_ARC _C3_slice5-Ort.czi,old,pomc,upper
734,11.0,46.09090909090909,507.0,B465_ARC _C3_slice5-Ort.czi,old,pomc,upper
735,33.0,28.454545454545453,939.0,B465_ARC _C3_slice5-Ort.czi,old,pomc,upper
736,15.0,27.133333333333333,407.0,B465_ARC _C3_slice5-Ort.czi,old,pomc,upper
737,6.0,33.166666666666664,199.0,B465_ARC _C3_slice5-Ort.czi,old,pomc,upper
738,1.0,16.0,16.0,B465_ARC _C3_slice5-Ort.czi,old,pomc,upper
739,2.0,33.5,67.0,B465_ARC _C3_slice5-Ort.czi,old,pomc,upper
740,65.0,27.06153846153846,1759.0,B465_ARC _C3_slice5-Ort.czi,old,pomc,upper
741,33.0,35.81818181818182,1182.0,B465_ARC _C3_slice5-Ort.czi,old,pomc,upper
742,10.0,59.4,594.0,B465_ARC _C3_slice5-Ort.czi,old,pomc,upper
743,8.0,31.125,249.0,B465_ARC _C3_slice5-Ort.czi,old,pomc,upper
744,4.0,26.75,107.0,B465_ARC _C3_slice5-Ort.czi,old,pomc,upper
745,31.0,24.258064516129032,752.0,B465_ARC _C3_slice5-Ort.czi,old,pomc,upper
746,25.0,28.4,710.0,B465_ARC _C3_slice5-Ort.czi,old,pomc,upper
747,47.0,29.29787234042553,1377.0,B465_ARC _C3_slice5-Ort.czi,old,pomc,upper
748,32.0,27.4375,878.0,B465_ARC _C3_slice5-Ort.czi,old,pomc,upper
749,46.0,35.43478260869565,1629.9999999999998,B465_ARC _C3_slice5-Ort.czi,old,pomc,upper
750,190.0,27.510526315789473,5227.0,B465_ARC _C3_slice5-Ort.czi,old,pomc,upper
751,122.0,28.75409836065574,3508.0,B465_ARC _C3_slice5-Ort.czi,old,pomc,upper
752,60.0,24.6,1476.0,B465_ARC _C3_slice5-Ort.czi,old,pomc,upper
753,30.0,24.233333333333334,727.0,B465_ARC _C3_slice5-Ort.czi,old,pomc,upper
754,30.0,30.4,912.0,B465_ARC _C3_slice5-Ort.czi,old,pomc,upper
755,55.0,25.30909090909091,1392.0,B465_ARC _C3_slice5-Ort.czi,old,pomc,upper
756,29.0,26.482758620689655,768.0,B465_ARC _C3_slice5-Ort.czi,old,pomc,upper
757,116.0,30.948275862068964,3590.0,B465_ARC _C3_slice5-Ort.czi,old,pomc,upper
758,78.0,34.96153846153846,2727.0,B465_ARC _C3_slice5-Ort.czi,old,pomc,upper
759,135.0,33.28148148148148,4493.0,B465_ARC _C3_slice5-Ort.czi,old,pomc,upper
760,7.0,25.0,175.0,B465_ARC _C3_slice5-Ort.czi,old,pomc,upper
761,1.0,23.0,23.0,B465_ARC _C3_slice5-Ort.czi,old,pomc,upper
762,6.0,21.333333333333332,128.0,B465_ARC _C3_slice5-Ort.czi,old,pomc,upper
763,43.0,23.674418604651162,1018.0,B465_ARC _C3_slice5-Ort.czi,old,pomc,upper
764,3.0,22.0,66.0,B465_ARC _C3_slice5-Ort.czi,old,pomc,upper
765,8.0,32.875,263.0,B465_ARC _C3_slice5-Ort.czi,old,pomc,upper
766,214.0,34.925233644859816,7474.000000000001,B465_ARC _C3_slice5-Ort.czi,old,pomc,upper
767,46.0,33.869565217391305,1558.0,B465_ARC _C3_slice5-Ort.czi,old,pomc,upper
768,55.0,29.98181818181818,1649.0,B465_ARC _C3_slice5-Ort.czi,old,pomc,upper
769,41.0,23.975609756097562,983.0,B465_ARC _C3_slice5-Ort.czi,old,pomc,upper
770,32.0,22.96875,735.0,B465_ARC _C3_slice5-Ort.czi,old,pomc,upper
771,12.0,28.916666666666668,347.0,B465_ARC _C3_slice5-Ort.czi,old,pomc,upper
772,47.0,25.78723404255319,1212.0,B465_ARC _C3_slice5-Ort.czi,old,pomc,upper
773,1.0,9.0,9.0,B465_ARC _C3_slice5-Ort.czi,old,pomc,upper
774,33.0,26.96969696969697,890.0,B465_ARC _C3_slice5-Ort.czi,old,pomc,upper
775,28.0,23.678571428571427,663.0,B465_ARC _C3_slice5-Ort.czi,old,pomc,upper
776,3.0,21.333333333333332,64.0,B465_ARC _C3_slice5-Ort.czi,old,pomc,upper
777,81.0,29.876543209876544,2420.0,B465_ARC _C3_slice5-Ort.czi,old,pomc,upper
778,18.0,34.166666666666664,615.0,B465_ARC _C3_slice5-Ort.czi,old,pomc,upper
779,23.0,30.82608695652174,709.0,B465_ARC _C3_slice5-Ort.czi,old,pomc,upper
780,36.0,37.30555555555556,1343.0,B465_ARC _C3_slice5-Ort.czi,old,pomc,upper
781,25.0,25.64,641.0,B465_ARC _C3_slice5-Ort.czi,old,pomc,upper
782,10.0,26.8,268.0,B465_ARC _C3_slice5-Ort.czi,old,pomc,upper
783,55.0,32.50909090909091,1788.0,B465_ARC _C3_slice5-Ort.czi,old,pomc,upper
784,18.0,24.555555555555557,442.0,B465_ARC _C3_slice5-Ort.czi,old,pomc,upper
785,89.0,25.876404494382022,2303.0,B465_ARC _C3_slice5-Ort.czi,old,pomc,upper
786,23.0,31.0,713.0,B465_ARC _C3_slice5-Ort.czi,old,pomc,upper
787,4.0,26.5,106.0,B465_ARC _C3_slice5-Ort.czi,old,pomc,upper
788,122.0,28.081967213114755,3426.0,B465_ARC _C3_slice5-Ort.czi,old,pomc,upper
789,72.0,24.833333333333332,1788.0,B465_ARC _C3_slice5-Ort.czi,old,pomc,upper
790,5.0,24.2,121.0,B465_ARC _C3_slice5-Ort.czi,old,pomc,upper
791,72.0,33.90277777777778,2441.0,B465_ARC _C3_slice5-Ort.czi,old,pomc,upper
792,194.0,25.644329896907216,4975.0,B465_ARC _C3_slice5-Ort.czi,old,pomc,upper
793,1.0,24.0,24.0,B465_ARC _C3_slice5-Ort.czi,old,pomc,upper
794,18.0,30.666666666666668,552.0,B465_ARC _C3_slice5-Ort.czi,old,pomc,upper
795,11.0,24.0,264.0,B465_ARC _C3_slice5-Ort.czi,old,pomc,upper
796,38.0,24.68421052631579,938.0000000000001,B465_ARC _C3_slice5-Ort.czi,old,pomc,upper
797,38.0,30.842105263157894,1172.0,B465_ARC _C3_slice5-Ort.czi,old,pomc,upper
798,1.0,12.0,12.0,B465_ARC _C3_slice5-Ort.czi,old,pomc,upper
799,8.0,31.375,251.0,B465_ARC _C3_slice5-Ort.czi,old,pomc,upper
800,115.0,31.434782608695652,3615.0,B465_ARC _C3_slice5-Ort.czi,old,pomc,upper
801,158.0,31.11392405063291,4916.0,B465_ARC _C3_slice5-Ort.czi,old,pomc,upper
802,91.0,22.75824175824176,2071.0,B465_ARC _C3_slice5-Ort.czi,old,pomc,upper
803,25.0,27.84,696.0,B465_ARC _C3_slice5-Ort.czi,old,pomc,upper
804,37.0,26.64864864864865,986.0,B465_ARC _C3_slice5-Ort.czi,old,pomc,upper
805,2.0,21.0,42.0,B465_ARC _C3_slice5-Ort.czi,old,pomc,upper
806,30.0,27.7,831.0,B465_ARC _C3_slice5-Ort.czi,old,pomc,upper
807,24.0,25.375,609.0,B465_ARC _C3_slice5-Ort.czi,old,pomc,upper
808,92.0,24.58695652173913,2262.0,B465_ARC _C3_slice5-Ort.czi,old,pomc,upper
809,90.0,24.633333333333333,2217.0,B465_ARC _C3_slice5-Ort.czi,old,pomc,upper
810,50.0,32.78,1639.0,B465_ARC _C3_slice5-Ort.czi,old,pomc,upper
811,49.0,25.816326530612244,1265.0,B465_ARC _C3_slice5-Ort.czi,old,pomc,upper
812,3.0,35.666666666666664,107.0,B465_ARC _C3_slice5-Ort.czi,old,pomc,upper
813,62.0,30.693548387096776,1903.0,B465_ARC _C3_slice5-Ort.czi,old,pomc,upper
814,21.0,21.857142857142858,459.0,B465_ARC _C3_slice5-Ort.czi,old,pomc,upper
815,10.0,28.4,284.0,B465_ARC _C3_slice5-Ort.czi,old,pomc,upper
816,1.0,31.0,31.0,B465_ARC _C3_slice5-Ort.czi,old,pomc,upper
817,85.0,24.705882352941178,2100.0,B465_ARC _C3_slice5-Ort.czi,old,pomc,upper
818,13.0,25.76923076923077,335.0,B465_ARC _C3_slice5-Ort.czi,old,pomc,upper
819,28.0,27.642857142857142,774.0,B465_ARC _C3_slice5-Ort.czi,old,pomc,upper
820,203.0,26.029556650246306,5284.0,B465_ARC _C3_slice5-Ort.czi,old,pomc,upper
821,74.0,26.95945945945946,1995.0,B465_ARC _C3_slice5-Ort.czi,old,pomc,upper
822,19.0,23.473684210526315,446.0,B465_ARC _C3_slice5-Ort.czi,old,pomc,upper
823,9.0,29.555555555555557,266.0,B465_ARC _C3_slice5-Ort.czi,old,pomc,upper
824,6.0,33.666666666666664,202.0,B465_ARC _C3_slice5-Ort.czi,old,pomc,upper
825,201.0,27.378109452736318,5503.0,B465_ARC _C3_slice5-Ort.czi,old,pomc,upper
826,134.0,28.970149253731343,3882.0,B465_ARC _C3_slice5-Ort.czi,old,pomc,upper
827,28.0,30.035714285714285,841.0,B465_ARC _C3_slice5-Ort.czi,old,pomc,upper
828,125.0,26.528,3316.0,B465_ARC _C3_slice5-Ort.czi,old,pomc,upper
829,21.0,24.476190476190474,514.0,B465_ARC _C3_slice5-Ort.czi,old,pomc,upper
830,50.0,24.96,1248.0,B465_ARC _C3_slice5-Ort.czi,old,pomc,upper
831,168.0,25.80952380952381,4336.0,B465_ARC _C3_slice5-Ort.czi,old,pomc,upper
832,1.0,26.0,26.0,B465_ARC _C3_slice5-Ort.czi,old,pomc,upper
833,2903.0,27.87495694109542,80921.0,B465_ARC _C3_slice5-Ort.czi,old,pomc,upper
834,1.0,22.0,22.0,B465_ARC _C3_slice5-Ort.czi,old,pomc,upper
835,235.0,29.365957446808512,6901.0,B465_ARC _C3_slice5-Ort.czi,old,pomc,upper
836,28.0,28.107142857142858,787.0,B465_ARC _C3_slice5-Ort.czi,old,pomc,upper
837,17.0,36.294117647058826,617.0,B465_ARC _C3_slice5-Ort.czi,old,pomc,upper
838,73.0,25.123287671232877,1834.0,B465_ARC _C3_slice5-Ort.czi,old,pomc,upper
839,34.0,27.529411764705884,936.0,B465_ARC _C3_slice5-Ort.czi,old,pomc,upper
840,75.0,25.0,1875.0,B465_ARC _C3_slice5-Ort.czi,old,pomc,upper
841,244.0,26.049180327868854,6356.0,B465_ARC _C3_slice5-Ort.czi,old,pomc,upper
842,65.0,27.892307692307693,1813.0,B465_ARC _C3_slice5-Ort.czi,old,pomc,upper
843,15.0,34.06666666666667,511.00000000000006,B465_ARC _C3_slice5-Ort.czi,old,pomc,upper
844,33.0,24.96969696969697,824.0,B465_ARC _C3_slice5-Ort.czi,old,pomc,upper
845,58.0,26.93103448275862,1562.0,B465_ARC _C3_slice5-Ort.czi,old,pomc,upper
846,134.0,29.35820895522388,3934.0,B465_ARC _C3_slice5-Ort.czi,old,pomc,upper
847,80.0,26.9125,2153.0,B465_ARC _C3_slice5-Ort.czi,old,pomc,upper
848,1.0,17.0,17.0,B465_ARC _C3_slice5-Ort.czi,old,pomc,upper
849,29.0,32.758620689655174,950.0,B465_ARC _C3_slice5-Ort.czi,old,pomc,upper
850,2.0,18.0,36.0,B465_ARC _C3_slice5-Ort.czi,old,pomc,upper
851,11.0,21.363636363636363,235.0,B465_ARC _C3_slice5-Ort.czi,old,pomc,upper
852,153.0,27.294117647058822,4176.0,B465_ARC _C3_slice5-Ort.czi,old,pomc,upper
853,3572.0,27.372060470324747,97773.0,B465_ARC _C3_slice5-Ort.czi,old,pomc,upper
854,237.0,27.578059071729957,6536.0,B465_ARC _C3_slice5-Ort.czi,old,pomc,upper
855,11.0,30.272727272727273,333.0,B465_ARC _C3_slice5-Ort.czi,old,pomc,upper
856,22.0,25.90909090909091,570.0,B465_ARC _C3_slice5-Ort.czi,old,pomc,upper
857,36.0,29.083333333333332,1047.0,B465_ARC _C3_slice5-Ort.czi,old,pomc,upper
858,11.0,26.727272727272727,294.0,B465_ARC _C3_slice5-Ort.czi,old,pomc,upper
859,3584.0,28.3984375,101780.0,B465_ARC _C3_slice5-Ort.czi,old,pomc,upper
860,72.0,24.84722222222222,1789.0,B465_ARC _C3_slice5-Ort.czi,old,pomc,upper
861,15.0,32.06666666666667,481.00000000000006,B465_ARC _C3_slice5-Ort.czi,old,pomc,upper
862,26.0,33.73076923076923,877.0000000000001,B465_ARC _C3_slice5-Ort.czi,old,pomc,upper
863,7.0,26.285714285714285,184.0,B465_ARC _C3_slice5-Ort.czi,old,pomc,upper
864,168.0,26.238095238095237,4408.0,B465_ARC _C3_slice5-Ort.czi,old,pomc,upper
865,3.0,16.0,48.0,B465_ARC _C3_slice5-Ort.czi,old,pomc,upper
866,69.0,26.956521739130434,1860.0,B465_ARC _C3_slice5-Ort.czi,old,pomc,upper
867,62.0,31.5,1953.0,B465_ARC _C3_slice5-Ort.czi,old,pomc,upper
868,235.0,27.051063829787235,6357.0,B465_ARC _C3_slice5-Ort.czi,old,pomc,upper
869,46.0,32.67391304347826,1502.9999999999998,B465_ARC _C3_slice5-Ort.czi,old,pomc,upper
870,1.0,18.0,18.0,B465_ARC _C3_slice5-Ort.czi,old,pomc,upper
871,50.0,33.84,1692.0000000000002,B465_ARC _C3_slice5-Ort.czi,old,pomc,upper
872,55.0,24.854545454545455,1367.0,B465_ARC _C3_slice5-Ort.czi,old,pomc,upper
873,517.0,24.576402321083172,12706.0,B465_ARC _C3_slice5-Ort.czi,old,pomc,upper
874,1.0,26.0,26.0,B465_ARC _C3_slice5-Ort.czi,old,pomc,upper
875,1.0,24.0,24.0,B465_ARC _C3_slice5-Ort.czi,old,pomc,upper
876,2.0,42.5,85.0,B465_ARC _C3_slice5-Ort.czi,old,pomc,upper
877,15.0,25.533333333333335,383.0,B465_ARC _C3_slice5-Ort.czi,old,pomc,upper
878,31.0,28.096774193548388,871.0,B465_ARC _C3_slice5-Ort.czi,old,pomc,upper
879,60.0,25.066666666666666,1504.0,B465_ARC _C3_slice5-Ort.czi,old,pomc,upper
880,1943.0,25.607822954194546,49756.0,B465_ARC _C3_slice5-Ort.czi,old,pomc,upper
881,29.0,37.93103448275862,1100.0,B465_ARC _C3_slice5-Ort.czi,old,pomc,upper
882,106.0,24.07547169811321,2552.0,B465_ARC _C3_slice5-Ort.czi,old,pomc,upper
883,14.0,25.857142857142858,362.0,B465_ARC _C3_slice5-Ort.czi,old,pomc,upper
884,4000.0,25.416,101664.0,B465_ARC _C3_slice5-Ort.czi,old,pomc,upper
885,137.0,25.21897810218978,3455.0,B465_ARC _C3_slice5-Ort.czi,old,pomc,upper
886,533.0,28.01313320825516,14931.0,B465_ARC _C3_slice5-Ort.czi,old,pomc,upper
887,59.0,30.88135593220339,1822.0,B465_ARC _C3_slice5-Ort.czi,old,pomc,upper
888,49.0,22.897959183673468,1122.0,B465_ARC _C3_slice5-Ort.czi,old,pomc,upper
889,23.0,23.52173913043478,541.0,B465_ARC _C3_slice5-Ort.czi,old,pomc,upper
890,4286.0,26.53453103126458,113727.0,B465_ARC _C3_slice5-Ort.czi,old,pomc,upper
891,115.0,29.026086956521738,3338.0,B465_ARC _C3_slice5-Ort.czi,old,pomc,upper
892,40.0,25.025,1001.0,B465_ARC _C3_slice5-Ort.czi,old,pomc,upper
893,18.0,28.555555555555557,514.0,B465_ARC _C3_slice5-Ort.czi,old,pomc,upper
894,34.0,29.058823529411764,988.0,B465_ARC _C3_slice5-Ort.czi,old,pomc,upper
895,6132.0,25.940802348336597,159069.0,B465_ARC _C3_slice5-Ort.czi,old,pomc,upper
896,7.0,25.571428571428573,179.0,B465_ARC _C3_slice5-Ort.czi,old,pomc,upper
897,547.0,25.946983546617915,14193.0,B465_ARC _C3_slice5-Ort.czi,old,pomc,upper
898,1533.0,30.20939334637965,46311.0,B465_ARC _C3_slice5-Ort.czi,old,pomc,upper
899,41.0,25.536585365853657,1047.0,B465_ARC _C3_slice5-Ort.czi,old,pomc,upper
900,135.0,33.333333333333336,4500.0,B465_ARC _C3_slice5-Ort.czi,old,pomc,upper
901,38.0,29.236842105263158,1111.0,B465_ARC _C3_slice5-Ort.czi,old,pomc,upper
902,13962.0,26.344793009597478,367826.0,B465_ARC _C3_slice5-Ort.czi,old,pomc,upper
903,138.0,25.934782608695652,3579.0,B465_ARC _C3_slice5-Ort.czi,old,pomc,upper
904,158.0,29.974683544303797,4736.0,B465_ARC _C3_slice5-Ort.czi,old,pomc,upper
905,53.0,27.88679245283019,1478.0,B465_ARC _C3_slice5-Ort.czi,old,pomc,upper
906,29.0,27.310344827586206,792.0,B465_ARC _C3_slice5-Ort.czi,old,pomc,upper
907,697.0,27.746054519368723,19339.0,B465_ARC _C3_slice5-Ort.czi,old,pomc,upper
908,1241.0,25.4174053182917,31543.0,B465_ARC _C3_slice5-Ort.czi,old,pomc,upper
909,7770.0,26.804633204633205,208272.0,B465_ARC _C3_slice5-Ort.czi,old,pomc,upper
910,21849.0,28.73664698613209,627867.0,B465_ARC _C3_slice5-Ort.czi,old,pomc,upper
911,38.0,28.94736842105263,1100.0,B465_ARC _C3_slice5-Ort.czi,old,pomc,upper
912,107.0,24.94392523364486,2669.0,B465_ARC _C3_slice5-Ort.czi,old,pomc,upper
913,1.0,31.0,31.0,B465_ARC _C3_slice5-Ort.czi,old,pomc,upper
914,52.0,28.71153846153846,1493.0,B465_ARC _C3_slice5-Ort.czi,old,pomc,upper
915,50.0,26.1,1305.0,B465_ARC _C3_slice5-Ort.czi,old,pomc,upper
916,17.0,25.88235294117647,440.0,B465_ARC _C3_slice5-Ort.czi,old,pomc,upper
917,112.0,30.357142857142858,3400.0,B465_ARC _C3_slice5-Ort.czi,old,pomc,upper
918,349.0,26.616045845272208,9289.0,B465_ARC _C3_slice5-Ort.czi,old,pomc,upper
919,207.0,27.164251207729468,5623.0,B465_ARC _C3_slice5-Ort.czi,old,pomc,upper
920,173.0,31.797687861271676,5501.0,B465_ARC _C3_slice5-Ort.czi,old,pomc,upper
921,19.0,37.473684210526315,712.0,B465_ARC _C3_slice5-Ort.czi,old,pomc,upper
922,3656.0,27.516411378555798,100600.0,B465_ARC _C3_slice5-Ort.czi,old,pomc,upper
923,1.0,14.0,14.0,B465_ARC _C3_slice5-Ort.czi,old,pomc,upper
924,13.0,29.846153846153847,388.0,B465_ARC _C3_slice5-Ort.czi,old,pomc,upper
925,43.0,35.48837209302326,1526.0,B465_ARC _C3_slice5-Ort.czi,old,pomc,upper
926,61.0,27.360655737704917,1669.0,B465_ARC _C3_slice5-Ort.czi,old,pomc,upper
927,33.0,35.515151515151516,1172.0,B465_ARC _C3_slice5-Ort.czi,old,pomc,upper
928,14.0,32.42857142857143,454.0,B465_ARC _C3_slice5-Ort.czi,old,pomc,upper
929,81.0,25.938271604938272,2101.0,B465_ARC _C3_slice5-Ort.czi,old,pomc,upper
930,77.0,33.701298701298704,2595.0,B465_ARC _C3_slice5-Ort.czi,old,pomc,upper
931,12.0,42.833333333333336,514.0,B465_ARC _C3_slice5-Ort.czi,old,pomc,upper
932,119.0,32.226890756302524,3835.0000000000005,B465_ARC _C3_slice5-Ort.czi,old,pomc,upper
933,230.0,29.891304347826086,6875.0,B465_ARC _C3_slice5-Ort.czi,old,pomc,upper
934,201.0,30.218905472636816,6074.0,B465_ARC _C3_slice5-Ort.czi,old,pomc,upper
935,13.0,27.307692307692307,355.0,B465_ARC _C3_slice5-Ort.czi,old,pomc,upper
936,214.0,27.014018691588785,5781.0,B465_ARC _C3_slice5-Ort.czi,old,pomc,upper
937,62.0,23.774193548387096,1474.0,B465_ARC _C3_slice5-Ort.czi,old,pomc,upper
938,232.0,24.594827586206897,5706.0,B465_ARC _C3_slice5-Ort.czi,old,pomc,upper
939,20.0,72.4,1448.0,B465_ARC _C3_slice5-Ort.czi,old,pomc,upper
940,123.0,36.390243902439025,4476.0,B465_ARC _C3_slice5-Ort.czi,old,pomc,upper
941,85.0,25.188235294117646,2141.0,B465_ARC _C3_slice5-Ort.czi,old,pomc,upper
942,32.0,31.65625,1013.0,B465_ARC _C3_slice5-Ort.czi,old,pomc,upper
943,114.0,27.06140350877193,3085.0,B465_ARC _C3_slice5-Ort.czi,old,pomc,upper
944,100.0,26.98,2698.0,B465_ARC _C3_slice5-Ort.czi,old,pomc,upper
945,8.0,41.25,330.0,B465_ARC _C3_slice5-Ort.czi,old,pomc,upper
946,1.0,15.0,15.0,B465_ARC _C3_slice5-Ort.czi,old,pomc,upper
947,17.0,31.764705882352942,540.0,B465_ARC _C3_slice5-Ort.czi,old,pomc,upper
948,90.0,33.9,3051.0,B465_ARC _C3_slice5-Ort.czi,old,pomc,upper
949,17.0,23.941176470588236,407.0,B465_ARC _C3_slice5-Ort.czi,old,pomc,upper
950,3.0,19.333333333333332,58.0,B465_ARC _C3_slice5-Ort.czi,old,pomc,upper
951,49.0,33.224489795918366,1628.0,B465_ARC _C3_slice5-Ort.czi,old,pomc,upper
952,32.0,46.6875,1494.0,B465_ARC _C3_slice5-Ort.czi,old,pomc,upper
953,11.0,24.09090909090909,265.0,B465_ARC _C3_slice5-Ort.czi,old,pomc,upper
954,647.0,26.098918083462134,16886.0,B465_ARC _C3_slice5-Ort.czi,old,pomc,upper
955,61.0,24.737704918032787,1509.0,B465_ARC _C3_slice5-Ort.czi,old,pomc,upper
956,6.0,21.666666666666668,130.0,B465_ARC _C3_slice5-Ort.czi,old,pomc,upper
957,39.0,28.692307692307693,1119.0,B465_ARC _C3_slice5-Ort.czi,old,pomc,upper
958,76.0,31.13157894736842,2366.0,B465_ARC _C3_slice5-Ort.czi,old,pomc,upper
959,1.0,31.0,31.0,B465_ARC _C3_slice5-Ort.czi,old,pomc,upper
960,92.0,25.75,2369.0,B465_ARC _C3_slice5-Ort.czi,old,pomc,upper
961,80.0,26.775,2142.0,B465_ARC _C3_slice5-Ort.czi,old,pomc,upper
962,3.0,21.333333333333332,64.0,B465_ARC _C3_slice5-Ort.czi,old,pomc,upper
963,2648.0,26.335347432024168,69736.0,B465_ARC _C3_slice5-Ort.czi,old,pomc,upper
964,41.0,24.5609756097561,1007.0,B465_ARC _C3_slice5-Ort.czi,old,pomc,upper
965,81.0,25.91358024691358,2099.0,B465_ARC _C3_slice5-Ort.czi,old,pomc,upper
966,114.0,26.94736842105263,3072.0,B465_ARC _C3_slice5-Ort.czi,old,pomc,upper
967,6.0,27.166666666666668,163.0,B465_ARC _C3_slice5-Ort.czi,old,pomc,upper
968,1.0,18.0,18.0,B465_ARC _C3_slice5-Ort.czi,old,pomc,upper
969,127.0,28.913385826771652,3672.0,B465_ARC _C3_slice5-Ort.czi,old,pomc,upper
970,38.0,40.63157894736842,1543.9999999999998,B465_ARC _C3_slice5-Ort.czi,old,pomc,upper
971,18.0,41.166666666666664,741.0,B465_ARC _C3_slice5-Ort.czi,old,pomc,upper
972,14.0,27.642857142857142,387.0,B465_ARC _C3_slice5-Ort.czi,old,pomc,upper
973,42.0,28.333333333333332,1190.0,B465_ARC _C3_slice5-Ort.czi,old,pomc,upper
974,1.0,33.0,33.0,B465_ARC _C3_slice5-Ort.czi,old,pomc,upper
975,28.0,23.357142857142858,654.0,B465_ARC _C3_slice5-Ort.czi,old,pomc,upper
976,1156.0,27.45069204152249,31733.0,B465_ARC _C3_slice5-Ort.czi,old,pomc,upper
977,1594.0,24.983688833124216,39824.0,B465_ARC _C3_slice5-Ort.czi,old,pomc,upper
978,50.0,25.5,1275.0,B465_ARC _C3_slice5-Ort.czi,old,pomc,upper
979,178.0,32.87078651685393,5851.0,B465_ARC _C3_slice5-Ort.czi,old,pomc,upper
980,31.0,28.93548387096774,897.0,B465_ARC _C3_slice5-Ort.czi,old,pomc,upper
981,24.0,27.166666666666668,652.0,B465_ARC _C3_slice5-Ort.czi,old,pomc,upper
982,98.0,27.867346938775512,2731.0,B465_ARC _C3_slice5-Ort.czi,old,pomc,upper
983,43.0,33.95348837209303,1460.0000000000002,B465_ARC _C3_slice5-Ort.czi,old,pomc,upper
984,61.0,29.24590163934426,1784.0,B465_ARC _C3_slice5-Ort.czi,old,pomc,upper
985,3.0,30.0,90.0,B465_ARC _C3_slice5-Ort.czi,old,pomc,upper
986,6.0,57.0,342.0,B465_ARC _C3_slice5-Ort.czi,old,pomc,upper
987,219.0,27.310502283105023,5981.0,B465_ARC _C3_slice5-Ort.czi,old,pomc,upper
988,25.0,26.28,657.0,B465_ARC _C3_slice5-Ort.czi,old,pomc,upper
989,65.0,39.56923076923077,2572.0,B465_ARC _C3_slice5-Ort.czi,old,pomc,upper
990,61.0,28.065573770491802,1712.0,B465_ARC _C3_slice5-Ort.czi,old,pomc,upper
991,62.0,28.70967741935484,1780.0,B465_ARC _C3_slice5-Ort.czi,old,pomc,upper
992,113.0,31.088495575221238,3513.0,B465_ARC _C3_slice5-Ort.czi,old,pomc,upper
993,129.0,28.162790697674417,3633.0,B465_ARC _C3_slice5-Ort.czi,old,pomc,upper
994,35.0,30.65714285714286,1073.0,B465_ARC _C3_slice5-Ort.czi,old,pomc,upper
995,88.0,29.511363636363637,2597.0,B465_ARC _C3_slice5-Ort.czi,old,pomc,upper
996,63.0,25.841269841269842,1628.0,B465_ARC _C3_slice5-Ort.czi,old,pomc,upper
997,233.0,28.82832618025751,6717.0,B465_ARC _C3_slice5-Ort.czi,old,pomc,upper
998,80.0,26.25,2100.0,B465_ARC _C3_slice5-Ort.czi,old,pomc,upper
999,124.0,30.975806451612904,3841.0,B465_ARC _C3_slice5-Ort.czi,old,pomc,upper
1000,111.0,29.054054054054053,3225.0,B465_ARC _C3_slice5-Ort.czi,old,pomc,upper
1001,53.0,26.132075471698112,1385.0,B465_ARC _C3_slice5-Ort.czi,old,pomc,upper
1002,110.0,27.681818181818183,3045.0,B465_ARC _C3_slice5-Ort.czi,old,pomc,upper
1003,36.0,29.11111111111111,1048.0,B465_ARC _C3_slice5-Ort.czi,old,pomc,upper
1004,28.0,33.0,924.0,B465_ARC _C3_slice5-Ort.czi,old,pomc,upper
1005,31.0,34.25806451612903,1062.0,B465_ARC _C3_slice5-Ort.czi,old,pomc,upper
1006,163.0,28.42331288343558,4633.0,B465_ARC _C3_slice5-Ort.czi,old,pomc,upper
1007,35.0,27.857142857142858,975.0,B465_ARC _C3_slice5-Ort.czi,old,pomc,upper
1008,93.0,25.333333333333332,2356.0,B465_ARC _C3_slice5-Ort.czi,old,pomc,upper
1,13.0,127.0,1651.0,B489_ARC_xxx_slice7-Ort.czi,old,pomc,upper
2,75.0,179.65333333333334,13474.0,B489_ARC_xxx_slice7-Ort.czi,old,pomc,upper
1,40.0,49.0,1960.0,F656_ARC _B3_slice7-Ort.czi,old,pomc,upper
2,68.0,43.0,2924.0,F656_ARC _B3_slice7-Ort.czi,old,pomc,upper
3,10.0,57.7,577.0,F656_ARC _B3_slice7-Ort.czi,old,pomc,upper
4,10.0,39.9,399.0,F656_ARC _B3_slice7-Ort.czi,old,pomc,upper
5,16.0,42.4375,679.0,F656_ARC _B3_slice7-Ort.czi,old,pomc,upper
6,103.0,46.29126213592233,4768.0,F656_ARC _B3_slice7-Ort.czi,old,pomc,upper
7,6.0,44.333333333333336,266.0,F656_ARC _B3_slice7-Ort.czi,old,pomc,upper
8,41.0,48.46341463414634,1987.0,F656_ARC _B3_slice7-Ort.czi,old,pomc,upper
9,1.0,57.0,57.0,F656_ARC _B3_slice7-Ort.czi,old,pomc,upper
10,91.0,49.10989010989011,4469.0,F656_ARC _B3_slice7-Ort.czi,old,pomc,upper
11,47.0,45.170212765957444,2123.0,F656_ARC _B3_slice7-Ort.czi,old,pomc,upper
12,44.0,60.25,2651.0,F656_ARC _B3_slice7-Ort.czi,old,pomc,upper
13,1.0,26.0,26.0,F656_ARC _B3_slice7-Ort.czi,old,pomc,upper
14,48.0,48.916666666666664,2348.0,F656_ARC _B3_slice7-Ort.czi,old,pomc,upper
15,77.0,49.62337662337662,3821.0,F656_ARC _B3_slice7-Ort.czi,old,pomc,upper
16,124.0,39.693548387096776,4922.0,F656_ARC _B3_slice7-Ort.czi,old,pomc,upper
17,108.0,41.9537037037037,4531.0,F656_ARC _B3_slice7-Ort.czi,old,pomc,upper
18,39.0,44.51282051282051,1736.0,F656_ARC _B3_slice7-Ort.czi,old,pomc,upper
19,1.0,26.0,26.0,F656_ARC _B3_slice7-Ort.czi,old,pomc,upper
20,1.0,46.0,46.0,F656_ARC _B3_slice7-Ort.czi,old,pomc,upper
21,15.0,46.733333333333334,701.0,F656_ARC _B3_slice7-Ort.czi,old,pomc,upper
22,131.0,48.213740458015266,6316.0,F656_ARC _B3_slice7-Ort.czi,old,pomc,upper
23,234.0,51.756410256410255,12111.0,F656_ARC _B3_slice7-Ort.czi,old,pomc,upper
24,3.0,38.0,114.0,F656_ARC _B3_slice7-Ort.czi,old,pomc,upper
25,43.0,51.325581395348834,2207.0,F656_ARC _B3_slice7-Ort.czi,old,pomc,upper
26,141.0,46.269503546099294,6524.000000000001,F656_ARC _B3_slice7-Ort.czi,old,pomc,upper
27,18.0,46.27777777777778,833.0,F656_ARC _B3_slice7-Ort.czi,old,pomc,upper
28,570.0,58.80877192982456,33521.0,F656_ARC _B3_slice7-Ort.czi,old,pomc,upper
29,18.0,53.611111111111114,965.0,F656_ARC _B3_slice7-Ort.czi,old,pomc,upper
30,16.0,53.5625,857.0,F656_ARC _B3_slice7-Ort.czi,old,pomc,upper
31,7.0,34.285714285714285,240.0,F656_ARC _B3_slice7-Ort.czi,old,pomc,upper
32,10.0,36.3,363.0,F656_ARC _B3_slice7-Ort.czi,old,pomc,upper
33,26.0,69.46153846153847,1806.0000000000002,F656_ARC _B3_slice7-Ort.czi,old,pomc,upper
34,44.0,45.34090909090909,1995.0,F656_ARC _B3_slice7-Ort.czi,old,pomc,upper
35,12.0,43.666666666666664,524.0,F656_ARC _B3_slice7-Ort.czi,old,pomc,upper
36,1.0,40.0,40.0,F656_ARC _B3_slice7-Ort.czi,old,pomc,upper
37,59.0,46.50847457627118,2744.0,F656_ARC _B3_slice7-Ort.czi,old,pomc,upper
38,21.0,35.904761904761905,754.0,F656_ARC _B3_slice7-Ort.czi,old,pomc,upper
39,139.0,44.58273381294964,6197.0,F656_ARC _B3_slice7-Ort.czi,old,pomc,upper
40,48.0,57.395833333333336,2755.0,F656_ARC _B3_slice7-Ort.czi,old,pomc,upper
41,24.0,60.083333333333336,1442.0,F656_ARC _B3_slice7-Ort.czi,old,pomc,upper
42,1.0,29.0,29.0,F656_ARC _B3_slice7-Ort.czi,old,pomc,upper
43,1.0,13.0,13.0,F656_ARC _B3_slice7-Ort.czi,old,pomc,upper
44,102.0,51.18627450980392,5221.0,F656_ARC _B3_slice7-Ort.czi,old,pomc,upper
45,19.0,46.8421052631579,890.0,F656_ARC _B3_slice7-Ort.czi,old,pomc,upper
46,63.0,49.84126984126984,3140.0,F656_ARC _B3_slice7-Ort.czi,old,pomc,upper
47,231.0,45.33766233766234,10473.0,F656_ARC _B3_slice7-Ort.czi,old,pomc,upper
48,54.0,54.333333333333336,2934.0,F656_ARC _B3_slice7-Ort.czi,old,pomc,upper
49,16.0,47.0625,753.0,F656_ARC _B3_slice7-Ort.czi,old,pomc,upper
50,46.0,47.108695652173914,2167.0,F656_ARC _B3_slice7-Ort.czi,old,pomc,upper
51,91.0,49.505494505494504,4505.0,F656_ARC _B3_slice7-Ort.czi,old,pomc,upper
52,8.0,94.5,756.0,F656_ARC _B3_slice7-Ort.czi,old,pomc,upper
53,1.0,40.0,40.0,F656_ARC _B3_slice7-Ort.czi,old,pomc,upper
54,1.0,54.0,54.0,F656_ARC _B3_slice7-Ort.czi,old,pomc,upper
55,14.0,47.92857142857143,671.0,F656_ARC _B3_slice7-Ort.czi,old,pomc,upper
56,90.0,46.51111111111111,4186.0,F656_ARC _B3_slice7-Ort.czi,old,pomc,upper
57,1641.0,47.05667276051188,77220.0,F656_ARC _B3_slice7-Ort.czi,old,pomc,upper
58,19.0,59.05263157894737,1122.0,F656_ARC _B3_slice7-Ort.czi,old,pomc,upper
59,89.0,43.146067415730336,3840.0,F656_ARC _B3_slice7-Ort.czi,old,pomc,upper
60,2.0,46.0,92.0,F656_ARC _B3_slice7-Ort.czi,old,pomc,upper
61,118.0,52.24576271186441,6165.0,F656_ARC _B3_slice7-Ort.czi,old,pomc,upper
62,14.0,40.0,560.0,F656_ARC _B3_slice7-Ort.czi,old,pomc,upper
63,55.0,44.07272727272727,2424.0,F656_ARC _B3_slice7-Ort.czi,old,pomc,upper
64,3.0,44.666666666666664,134.0,F656_ARC _B3_slice7-Ort.czi,old,pomc,upper
65,115.0,45.81739130434783,5269.0,F656_ARC _B3_slice7-Ort.czi,old,pomc,upper
66,9.0,64.44444444444444,580.0,F656_ARC _B3_slice7-Ort.czi,old,pomc,upper
67,27.0,48.44444444444444,1308.0,F656_ARC _B3_slice7-Ort.czi,old,pomc,upper
68,53.0,48.39622641509434,2565.0,F656_ARC _B3_slice7-Ort.czi,old,pomc,upper
69,56.0,48.142857142857146,2696.0,F656_ARC _B3_slice7-Ort.czi,old,pomc,upper
70,92.0,41.65217391304348,3832.0,F656_ARC _B3_slice7-Ort.czi,old,pomc,upper
71,17.0,46.35294117647059,788.0,F656_ARC _B3_slice7-Ort.czi,old,pomc,upper
72,304.0,47.63157894736842,14479.999999999998,F656_ARC _B3_slice7-Ort.czi,old,pomc,upper
73,19.0,57.21052631578947,1087.0,F656_ARC _B3_slice7-Ort.czi,old,pomc,upper
74,23.0,60.43478260869565,1390.0,F656_ARC _B3_slice7-Ort.czi,old,pomc,upper
75,4.0,35.75,143.0,F656_ARC _B3_slice7-Ort.czi,old,pomc,upper
76,28.0,45.07142857142857,1262.0,F656_ARC _B3_slice7-Ort.czi,old,pomc,upper
77,25.0,49.64,1241.0,F656_ARC _B3_slice7-Ort.czi,old,pomc,upper
78,65.0,58.66153846153846,3813.0,F656_ARC _B3_slice7-Ort.czi,old,pomc,upper
79,136.0,44.0,5984.0,F656_ARC _B3_slice7-Ort.czi,old,pomc,upper
80,26.0,52.19230769230769,1357.0,F656_ARC _B3_slice7-Ort.czi,old,pomc,upper
81,13.0,50.92307692307692,662.0,F656_ARC _B3_slice7-Ort.czi,old,pomc,upper
82,29.0,72.62068965517241,2106.0,F656_ARC _B3_slice7-Ort.czi,old,pomc,upper
83,1.0,36.0,36.0,F656_ARC _B3_slice7-Ort.czi,old,pomc,upper
84,60.0,61.21666666666667,3673.0,F656_ARC _B3_slice7-Ort.czi,old,pomc,upper
85,3.0,43.0,129.0,F656_ARC _B3_slice7-Ort.czi,old,pomc,upper
86,86.0,57.04651162790697,4906.0,F656_ARC _B3_slice7-Ort.czi,old,pomc,upper
87,33.0,49.45454545454545,1632.0,F656_ARC _B3_slice7-Ort.czi,old,pomc,upper
88,22.0,39.36363636363637,866.0000000000001,F656_ARC _B3_slice7-Ort.czi,old,pomc,upper
89,19.0,56.31578947368421,1070.0,F656_ARC _B3_slice7-Ort.czi,old,pomc,upper
90,128.0,48.796875,6246.0,F656_ARC _B3_slice7-Ort.czi,old,pomc,upper
91,32.0,42.53125,1361.0,F656_ARC _B3_slice7-Ort.czi,old,pomc,upper
92,14.0,68.5,959.0,F656_ARC _B3_slice7-Ort.czi,old,pomc,upper
93,42.0,49.333333333333336,2072.0,F656_ARC _B3_slice7-Ort.czi,old,pomc,upper
94,221.0,44.68778280542986,9876.0,F656_ARC _B3_slice7-Ort.czi,old,pomc,upper
95,129.0,47.031007751937985,6067.0,F656_ARC _B3_slice7-Ort.czi,old,pomc,upper
96,51.0,50.745098039215684,2588.0,F656_ARC _B3_slice7-Ort.czi,old,pomc,upper
97,115.0,50.12173913043478,5764.0,F656_ARC _B3_slice7-Ort.czi,old,pomc,upper
98,12.0,70.83333333333333,850.0,F656_ARC _B3_slice7-Ort.czi,old,pomc,upper
99,14.0,61.857142857142854,866.0,F656_ARC _B3_slice7-Ort.czi,old,pomc,upper
100,263.0,47.79467680608365,12570.0,F656_ARC _B3_slice7-Ort.czi,old,pomc,upper
101,10.0,73.9,739.0,F656_ARC _B3_slice7-Ort.czi,old,pomc,upper
102,1.0,71.0,71.0,F656_ARC _B3_slice7-Ort.czi,old,pomc,upper
103,25.0,49.92,1248.0,F656_ARC _B3_slice7-Ort.czi,old,pomc,upper
104,45.0,73.62222222222222,3313.0,F656_ARC _B3_slice7-Ort.czi,old,pomc,upper
105,46.0,58.19565217391305,2677.0,F656_ARC _B3_slice7-Ort.czi,old,pomc,upper
106,14.0,50.57142857142857,708.0,F656_ARC _B3_slice7-Ort.czi,old,pomc,upper
107,5.0,48.4,242.0,F656_ARC _B3_slice7-Ort.czi,old,pomc,upper
108,141.0,48.99290780141844,6908.0,F656_ARC _B3_slice7-Ort.czi,old,pomc,upper
109,16.0,42.5,680.0,F656_ARC _B3_slice7-Ort.czi,old,pomc,upper
110,94.0,46.287234042553195,4351.0,F656_ARC _B3_slice7-Ort.czi,old,pomc,upper
111,49.0,52.06122448979592,2551.0,F656_ARC _B3_slice7-Ort.czi,old,pomc,upper
112,19.0,48.26315789473684,917.0,F656_ARC _B3_slice7-Ort.czi,old,pomc,upper
113,3.0,39.333333333333336,118.0,F656_ARC _B3_slice7-Ort.czi,old,pomc,upper
114,488.0,42.55122950819672,20765.0,F656_ARC _B3_slice7-Ort.czi,old,pomc,upper
115,78.0,41.756410256410255,3257.0,F656_ARC _B3_slice7-Ort.czi,old,pomc,upper
116,3.0,48.666666666666664,146.0,F656_ARC _B3_slice7-Ort.czi,old,pomc,upper
117,46.0,44.17391304347826,2031.9999999999998,F656_ARC _B3_slice7-Ort.czi,old,pomc,upper
118,41.0,45.390243902439025,1861.0,F656_ARC _B3_slice7-Ort.czi,old,pomc,upper
119,131.0,49.30534351145038,6459.0,F656_ARC _B3_slice7-Ort.czi,old,pomc,upper
120,53.0,50.0,2650.0,F656_ARC _B3_slice7-Ort.czi,old,pomc,upper
121,27.0,46.148148148148145,1246.0,F656_ARC _B3_slice7-Ort.czi,old,pomc,upper
122,3.0,28.0,84.0,F656_ARC _B3_slice7-Ort.czi,old,pomc,upper
123,6.0,56.5,339.0,F656_ARC _B3_slice7-Ort.czi,old,pomc,upper
124,85.0,44.11764705882353,3750.0,F656_ARC _B3_slice7-Ort.czi,old,pomc,upper
125,24.0,52.333333333333336,1256.0,F656_ARC _B3_slice7-Ort.czi,old,pomc,upper
126,1.0,42.0,42.0,F656_ARC _B3_slice7-Ort.czi,old,pomc,upper
127,11.0,44.18181818181818,486.0,F656_ARC _B3_slice7-Ort.czi,old,pomc,upper
128,90.0,43.18888888888889,3887.0,F656_ARC _B3_slice7-Ort.czi,old,pomc,upper
129,4.0,37.0,148.0,F656_ARC _B3_slice7-Ort.czi,old,pomc,upper
130,1.0,33.0,33.0,F656_ARC _B3_slice7-Ort.czi,old,pomc,upper
131,22.0,51.77272727272727,1139.0,F656_ARC _B3_slice7-Ort.czi,old,pomc,upper
132,87.0,46.95402298850575,4085.0,F656_ARC _B3_slice7-Ort.czi,old,pomc,upper
133,40.0,51.225,2049.0,F656_ARC _B3_slice7-Ort.czi,old,pomc,upper
134,6.0,36.666666666666664,220.0,F656_ARC _B3_slice7-Ort.czi,old,pomc,upper
135,57.0,47.19298245614035,2690.0,F656_ARC _B3_slice7-Ort.czi,old,pomc,upper
136,12.0,42.916666666666664,515.0,F656_ARC _B3_slice7-Ort.czi,old,pomc,upper
137,1.0,21.0,21.0,F656_ARC _B3_slice7-Ort.czi,old,pomc,upper
138,77.0,47.12987012987013,3629.0,F656_ARC _B3_slice7-Ort.czi,old,pomc,upper
139,5.0,43.4,217.0,F656_ARC _B3_slice7-Ort.czi,old,pomc,upper
140,52.0,40.42307692307692,2102.0,F656_ARC _B3_slice7-Ort.czi,old,pomc,upper
141,58.0,46.96551724137931,2724.0,F656_ARC _B3_slice7-Ort.czi,old,pomc,upper
142,175.0,47.72,8351.0,F656_ARC _B3_slice7-Ort.czi,old,pomc,upper
143,142.0,40.401408450704224,5737.0,F656_ARC _B3_slice7-Ort.czi,old,pomc,upper
144,73.0,53.23287671232877,3886.0,F656_ARC _B3_slice7-Ort.czi,old,pomc,upper
145,6.0,38.166666666666664,229.0,F656_ARC _B3_slice7-Ort.czi,old,pomc,upper
146,7.0,68.0,476.0,F656_ARC _B3_slice7-Ort.czi,old,pomc,upper
147,127.0,47.30708661417323,6008.0,F656_ARC _B3_slice7-Ort.czi,old,pomc,upper
148,55.0,62.654545454545456,3446.0,F656_ARC _B3_slice7-Ort.czi,old,pomc,upper
149,26.0,47.15384615384615,1226.0,F656_ARC _B3_slice7-Ort.czi,old,pomc,upper
150,14.0,42.142857142857146,590.0,F656_ARC _B3_slice7-Ort.czi,old,pomc,upper
151,23.0,41.21739130434783,948.0,F656_ARC _B3_slice7-Ort.czi,old,pomc,upper
152,2.0,58.5,117.0,F656_ARC _B3_slice7-Ort.czi,old,pomc,upper
153,5.0,46.0,230.0,F656_ARC _B3_slice7-Ort.czi,old,pomc,upper
154,11.0,43.18181818181818,475.0,F656_ARC _B3_slice7-Ort.czi,old,pomc,upper
155,55.0,53.63636363636363,2950.0,F656_ARC _B3_slice7-Ort.czi,old,pomc,upper
156,18.0,45.77777777777778,824.0,F656_ARC _B3_slice7-Ort.czi,old,pomc,upper
157,29.0,54.03448275862069,1567.0,F656_ARC _B3_slice7-Ort.czi,old,pomc,upper
158,10.0,31.1,311.0,F656_ARC _B3_slice7-Ort.czi,old,pomc,upper
159,60.0,44.43333333333333,2666.0,F656_ARC _B3_slice7-Ort.czi,old,pomc,upper
160,51.0,47.88235294117647,2442.0,F656_ARC _B3_slice7-Ort.czi,old,pomc,upper
161,39.0,42.30769230769231,1650.0,F656_ARC _B3_slice7-Ort.czi,old,pomc,upper
162,9.0,39.55555555555556,356.0,F656_ARC _B3_slice7-Ort.czi,old,pomc,upper
163,1107.0,43.53387533875339,48192.0,F656_ARC _B3_slice7-Ort.czi,old,pomc,upper
164,57.0,43.19298245614035,2462.0,F656_ARC _B3_slice7-Ort.czi,old,pomc,upper
165,20.0,50.45,1009.0,F656_ARC _B3_slice7-Ort.czi,old,pomc,upper
166,1.0,23.0,23.0,F656_ARC _B3_slice7-Ort.czi,old,pomc,upper
167,108.0,47.72222222222222,5154.0,F656_ARC _B3_slice7-Ort.czi,old,pomc,upper
168,12.0,43.5,522.0,F656_ARC _B3_slice7-Ort.czi,old,pomc,upper
169,15.0,41.733333333333334,626.0,F656_ARC _B3_slice7-Ort.czi,old,pomc,upper
170,28.0,60.785714285714285,1702.0,F656_ARC _B3_slice7-Ort.czi,old,pomc,upper
171,161.0,44.745341614906835,7204.0,F656_ARC _B3_slice7-Ort.czi,old,pomc,upper
172,8.0,52.875,423.0,F656_ARC _B3_slice7-Ort.czi,old,pomc,upper
173,75.0,50.42666666666667,3782.0,F656_ARC _B3_slice7-Ort.czi,old,pomc,upper
174,65.0,50.09230769230769,3256.0,F656_ARC _B3_slice7-Ort.czi,old,pomc,upper
175,51.0,46.411764705882355,2367.0,F656_ARC _B3_slice7-Ort.czi,old,pomc,upper
176,13.0,49.92307692307692,649.0,F656_ARC _B3_slice7-Ort.czi,old,pomc,upper
177,65.0,43.61538461538461,2835.0,F656_ARC _B3_slice7-Ort.czi,old,pomc,upper
178,1.0,52.0,52.0,F656_ARC _B3_slice7-Ort.czi,old,pomc,upper
179,25.0,49.88,1247.0,F656_ARC _B3_slice7-Ort.czi,old,pomc,upper
180,9.0,49.111111111111114,442.0,F656_ARC _B3_slice7-Ort.czi,old,pomc,upper
181,1.0,68.0,68.0,F656_ARC _B3_slice7-Ort.czi,old,pomc,upper
182,58.0,49.56896551724138,2875.0,F656_ARC _B3_slice7-Ort.czi,old,pomc,upper
183,1.0,37.0,37.0,F656_ARC _B3_slice7-Ort.czi,old,pomc,upper
184,15.0,42.86666666666667,643.0,F656_ARC _B3_slice7-Ort.czi,old,pomc,upper
185,22.0,48.40909090909091,1065.0,F656_ARC _B3_slice7-Ort.czi,old,pomc,upper
186,41.0,48.951219512195124,2007.0,F656_ARC _B3_slice7-Ort.czi,old,pomc,upper
187,1.0,42.0,42.0,F656_ARC _B3_slice7-Ort.czi,old,pomc,upper
188,20.0,63.6,1272.0,F656_ARC _B3_slice7-Ort.czi,old,pomc,upper
189,1.0,33.0,33.0,F656_ARC _B3_slice7-Ort.czi,old,pomc,upper
190,1.0,31.0,31.0,F656_ARC _B3_slice7-Ort.czi,old,pomc,upper
191,76.0,44.25,3363.0,F656_ARC _B3_slice7-Ort.czi,old,pomc,upper
192,55.0,43.78181818181818,2408.0,F656_ARC _B3_slice7-Ort.czi,old,pomc,upper
193,106.0,47.443396226415096,5029.0,F656_ARC _B3_slice7-Ort.czi,old,pomc,upper
194,218.0,41.91743119266055,9138.0,F656_ARC _B3_slice7-Ort.czi,old,pomc,upper
195,75.0,44.2,3315.0,F656_ARC _B3_slice7-Ort.czi,old,pomc,upper
196,49.0,51.265306122448976,2512.0,F656_ARC _B3_slice7-Ort.czi,old,pomc,upper
197,23.0,53.52173913043478,1231.0,F656_ARC _B3_slice7-Ort.czi,old,pomc,upper
198,51.0,41.96078431372549,2140.0,F656_ARC _B3_slice7-Ort.czi,old,pomc,upper
199,14.0,56.57142857142857,792.0,F656_ARC _B3_slice7-Ort.czi,old,pomc,upper
200,20.0,45.5,910.0,F656_ARC _B3_slice7-Ort.czi,old,pomc,upper
201,102.0,40.80392156862745,4162.0,F656_ARC _B3_slice7-Ort.czi,old,pomc,upper
202,178.0,43.353932584269664,7717.0,F656_ARC _B3_slice7-Ort.czi,old,pomc,upper
203,214.0,42.83644859813084,9167.0,F656_ARC _B3_slice7-Ort.czi,old,pomc,upper
204,39.0,50.794871794871796,1981.0,F656_ARC _B3_slice7-Ort.czi,old,pomc,upper
205,21.0,45.42857142857143,954.0,F656_ARC _B3_slice7-Ort.czi,old,pomc,upper
206,30.0,59.1,1773.0,F656_ARC _B3_slice7-Ort.czi,old,pomc,upper
207,35.0,48.94285714285714,1713.0,F656_ARC _B3_slice7-Ort.czi,old,pomc,upper
208,57.0,57.3859649122807,3271.0,F656_ARC _B3_slice7-Ort.czi,old,pomc,upper
209,46.0,51.65217391304348,2376.0,F656_ARC _B3_slice7-Ort.czi,old,pomc,upper
210,1.0,59.0,59.0,F656_ARC _B3_slice7-Ort.czi,old,pomc,upper
211,64.0,44.875,2872.0,F656_ARC _B3_slice7-Ort.czi,old,pomc,upper
212,5.0,127.8,639.0,F656_ARC _B3_slice7-Ort.czi,old,pomc,upper
213,7.0,68.14285714285714,477.0,F656_ARC _B3_slice7-Ort.czi,old,pomc,upper
214,8.0,53.875,431.0,F656_ARC _B3_slice7-Ort.czi,old,pomc,upper
215,60.0,55.06666666666667,3304.0,F656_ARC _B3_slice7-Ort.czi,old,pomc,upper
216,59.0,49.16949152542373,2901.0,F656_ARC _B3_slice7-Ort.czi,old,pomc,upper
217,44.0,42.95454545454545,1890.0,F656_ARC _B3_slice7-Ort.czi,old,pomc,upper
218,234.0,45.952991452991455,10753.0,F656_ARC _B3_slice7-Ort.czi,old,pomc,upper
219,10.0,43.5,435.0,F656_ARC _B3_slice7-Ort.czi,old,pomc,upper
220,9.0,48.0,432.0,F656_ARC _B3_slice7-Ort.czi,old,pomc,upper
221,4.0,29.75,119.0,F656_ARC _B3_slice7-Ort.czi,old,pomc,upper
222,46.0,49.391304347826086,2272.0,F656_ARC _B3_slice7-Ort.czi,old,pomc,upper
223,1.0,36.0,36.0,F656_ARC _B3_slice7-Ort.czi,old,pomc,upper
224,24.0,61.125,1467.0,F656_ARC _B3_slice7-Ort.czi,old,pomc,upper
225,73.0,49.397260273972606,3606.0,F656_ARC _B3_slice7-Ort.czi,old,pomc,upper
226,52.0,47.75,2483.0,F656_ARC _B3_slice7-Ort.czi,old,pomc,upper
227,39.0,52.41025641025641,2044.0,F656_ARC _B3_slice7-Ort.czi,old,pomc,upper
228,9.0,43.666666666666664,393.0,F656_ARC _B3_slice7-Ort.czi,old,pomc,upper
229,95.0,45.73684210526316,4345.0,F656_ARC _B3_slice7-Ort.czi,old,pomc,upper
230,1.0,24.0,24.0,F656_ARC _B3_slice7-Ort.czi,old,pomc,upper
231,14.0,37.357142857142854,523.0,F656_ARC _B3_slice7-Ort.czi,old,pomc,upper
232,31.0,44.096774193548384,1367.0,F656_ARC _B3_slice7-Ort.czi,old,pomc,upper
233,11.0,44.45454545454545,489.0,F656_ARC _B3_slice7-Ort.czi,old,pomc,upper
234,776.0,46.425257731958766,36026.0,F656_ARC _B3_slice7-Ort.czi,old,pomc,upper
235,30.0,60.9,1827.0,F656_ARC _B3_slice7-Ort.czi,old,pomc,upper
236,36.0,40.72222222222222,1466.0,F656_ARC _B3_slice7-Ort.czi,old,pomc,upper
237,108.0,47.52777777777778,5133.0,F656_ARC _B3_slice7-Ort.czi,old,pomc,upper
238,42.0,47.61904761904762,2000.0,F656_ARC _B3_slice7-Ort.czi,old,pomc,upper
239,34.0,43.26470588235294,1471.0,F656_ARC _B3_slice7-Ort.czi,old,pomc,upper
240,77.0,43.77922077922078,3371.0,F656_ARC _B3_slice7-Ort.czi,old,pomc,upper
241,117.0,42.623931623931625,4987.0,F656_ARC _B3_slice7-Ort.czi,old,pomc,upper
242,100.0,47.35,4735.0,F656_ARC _B3_slice7-Ort.czi,old,pomc,upper
243,498.0,40.81726907630522,20327.0,F656_ARC _B3_slice7-Ort.czi,old,pomc,upper
244,6.0,38.5,231.0,F656_ARC _B3_slice7-Ort.czi,old,pomc,upper
245,28.0,44.285714285714285,1240.0,F656_ARC _B3_slice7-Ort.czi,old,pomc,upper
246,6.0,39.333333333333336,236.0,F656_ARC _B3_slice7-Ort.czi,old,pomc,upper
247,29.0,44.758620689655174,1298.0,F656_ARC _B3_slice7-Ort.czi,old,pomc,upper
248,24.0,58.583333333333336,1406.0,F656_ARC _B3_slice7-Ort.czi,old,pomc,upper
249,83.0,42.68674698795181,3543.0,F656_ARC _B3_slice7-Ort.czi,old,pomc,upper
250,143.0,42.46153846153846,6072.0,F656_ARC _B3_slice7-Ort.czi,old,pomc,upper
251,10.0,66.1,661.0,F656_ARC _B3_slice7-Ort.czi,old,pomc,upper
252,94.0,47.43617021276596,4459.0,F656_ARC _B3_slice7-Ort.czi,old,pomc,upper
253,32.0,49.90625,1597.0,F656_ARC _B3_slice7-Ort.czi,old,pomc,upper
254,45.0,57.22222222222222,2575.0,F656_ARC _B3_slice7-Ort.czi,old,pomc,upper
255,108.0,44.629629629629626,4820.0,F656_ARC _B3_slice7-Ort.czi,old,pomc,upper
256,52.0,51.42307692307692,2674.0,F656_ARC _B3_slice7-Ort.czi,old,pomc,upper
257,35.0,48.542857142857144,1699.0,F656_ARC _B3_slice7-Ort.czi,old,pomc,upper
258,43.0,43.674418604651166,1878.0000000000002,F656_ARC _B3_slice7-Ort.czi,old,pomc,upper
259,389.0,41.60411311053985,16184.000000000002,F656_ARC _B3_slice7-Ort.czi,old,pomc,upper
260,2.0,32.0,64.0,F656_ARC _B3_slice7-Ort.czi,old,pomc,upper
261,137.0,47.08759124087591,6451.0,F656_ARC _B3_slice7-Ort.czi,old,pomc,upper
262,17.0,51.294117647058826,872.0,F656_ARC _B3_slice7-Ort.czi,old,pomc,upper
263,1.0,31.0,31.0,F656_ARC _B3_slice7-Ort.czi,old,pomc,upper
264,28.0,48.17857142857143,1349.0,F656_ARC _B3_slice7-Ort.czi,old,pomc,upper
265,21.0,38.04761904761905,799.0000000000001,F656_ARC _B3_slice7-Ort.czi,old,pomc,upper
266,80.0,44.075,3526.0,F656_ARC _B3_slice7-Ort.czi,old,pomc,upper
267,52.0,44.28846153846154,2303.0,F656_ARC _B3_slice7-Ort.czi,old,pomc,upper
268,70.0,56.142857142857146,3930.0,F656_ARC _B3_slice7-Ort.czi,old,pomc,upper
269,9.0,62.44444444444444,562.0,F656_ARC _B3_slice7-Ort.czi,old,pomc,upper
270,9.0,56.22222222222222,506.0,F656_ARC _B3_slice7-Ort.czi,old,pomc,upper
271,4.0,31.25,125.0,F656_ARC _B3_slice7-Ort.czi,old,pomc,upper
272,22.0,54.72727272727273,1204.0,F656_ARC _B3_slice7-Ort.czi,old,pomc,upper
273,29.0,41.793103448275865,1212.0,F656_ARC _B3_slice7-Ort.czi,old,pomc,upper
274,15.0,56.333333333333336,845.0,F656_ARC _B3_slice7-Ort.czi,old,pomc,upper
275,24.0,50.625,1215.0,F656_ARC _B3_slice7-Ort.czi,old,pomc,upper
276,14.0,56.07142857142857,785.0,F656_ARC _B3_slice7-Ort.czi,old,pomc,upper
277,1.0,51.0,51.0,F656_ARC _B3_slice7-Ort.czi,old,pomc,upper
278,178.0,48.89887640449438,8704.0,F656_ARC _B3_slice7-Ort.czi,old,pomc,upper
279,3.0,29.0,87.0,F656_ARC _B3_slice7-Ort.czi,old,pomc,upper
280,54.0,48.96296296296296,2644.0,F656_ARC _B3_slice7-Ort.czi,old,pomc,upper
281,76.0,60.76315789473684,4618.0,F656_ARC _B3_slice7-Ort.czi,old,pomc,upper
282,33.0,49.42424242424242,1631.0,F656_ARC _B3_slice7-Ort.czi,old,pomc,upper
283,6.0,53.833333333333336,323.0,F656_ARC _B3_slice7-Ort.czi,old,pomc,upper
284,18.0,41.111111111111114,740.0,F656_ARC _B3_slice7-Ort.czi,old,pomc,upper
285,42.0,56.07142857142857,2355.0,F656_ARC _B3_slice7-Ort.czi,old,pomc,upper
286,655.0,46.58015267175573,30510.0,F656_ARC _B3_slice7-Ort.czi,old,pomc,upper
287,7.0,36.57142857142857,256.0,F656_ARC _B3_slice7-Ort.czi,old,pomc,upper
288,21.0,87.85714285714286,1845.0,F656_ARC _B3_slice7-Ort.czi,old,pomc,upper
289,13.0,52.46153846153846,682.0,F656_ARC _B3_slice7-Ort.czi,old,pomc,upper
290,58.0,43.741379310344826,2537.0,F656_ARC _B3_slice7-Ort.czi,old,pomc,upper
291,4.0,39.75,159.0,F656_ARC _B3_slice7-Ort.czi,old,pomc,upper
292,27.0,46.592592592592595,1258.0,F656_ARC _B3_slice7-Ort.czi,old,pomc,upper
293,107.0,51.44859813084112,5505.0,F656_ARC _B3_slice7-Ort.czi,old,pomc,upper
294,51.0,46.05882352941177,2349.0,F656_ARC _B3_slice7-Ort.czi,old,pomc,upper
295,1.0,49.0,49.0,F656_ARC _B3_slice7-Ort.czi,old,pomc,upper
296,1.0,75.0,75.0,F656_ARC _B3_slice7-Ort.czi,old,pomc,upper
297,1.0,52.0,52.0,F656_ARC _B3_slice7-Ort.czi,old,pomc,upper
298,61.0,40.0,2440.0,F656_ARC _B3_slice7-Ort.czi,old,pomc,upper
299,143.0,44.04895104895105,6299.0,F656_ARC _B3_slice7-Ort.czi,old,pomc,upper
300,39.0,48.794871794871796,1903.0,F656_ARC _B3_slice7-Ort.czi,old,pomc,upper
301,111.0,41.81981981981982,4642.0,F656_ARC _B3_slice7-Ort.czi,old,pomc,upper
302,28.0,41.607142857142854,1165.0,F656_ARC _B3_slice7-Ort.czi,old,pomc,upper
303,13.0,41.46153846153846,539.0,F656_ARC _B3_slice7-Ort.czi,old,pomc,upper
304,89.0,38.07865168539326,3389.0000000000005,F656_ARC _B3_slice7-Ort.czi,old,pomc,upper
305,34.0,42.55882352941177,1447.0,F656_ARC _B3_slice7-Ort.czi,old,pomc,upper
306,29.0,48.86206896551724,1417.0,F656_ARC _B3_slice7-Ort.czi,old,pomc,upper
307,56.0,49.107142857142854,2750.0,F656_ARC _B3_slice7-Ort.czi,old,pomc,upper
308,33.0,52.27272727272727,1725.0,F656_ARC _B3_slice7-Ort.czi,old,pomc,upper
309,129.0,45.054263565891475,5812.0,F656_ARC _B3_slice7-Ort.czi,old,pomc,upper
310,244.0,47.15163934426229,11505.0,F656_ARC _B3_slice7-Ort.czi,old,pomc,upper
311,15.0,41.46666666666667,622.0,F656_ARC _B3_slice7-Ort.czi,old,pomc,upper
312,67.0,52.71641791044776,3532.0,F656_ARC _B3_slice7-Ort.czi,old,pomc,upper
313,44.0,69.81818181818181,3072.0,F656_ARC _B3_slice7-Ort.czi,old,pomc,upper
314,87.0,51.05747126436781,4442.0,F656_ARC _B3_slice7-Ort.czi,old,pomc,upper
315,50.0,44.86,2243.0,F656_ARC _B3_slice7-Ort.czi,old,pomc,upper
316,114.0,47.20175438596491,5381.0,F656_ARC _B3_slice7-Ort.czi,old,pomc,upper
317,1.0,70.0,70.0,F656_ARC _B3_slice7-Ort.czi,old,pomc,upper
318,65.0,47.815384615384616,3108.0,F656_ARC _B3_slice7-Ort.czi,old,pomc,upper
319,14.0,72.42857142857143,1014.0,F656_ARC _B3_slice7-Ort.czi,old,pomc,upper
320,1.0,17.0,17.0,F656_ARC _B3_slice7-Ort.czi,old,pomc,upper
321,31.0,48.45161290322581,1502.0,F656_ARC _B3_slice7-Ort.czi,old,pomc,upper
322,229.0,46.82096069868996,10722.0,F656_ARC _B3_slice7-Ort.czi,old,pomc,upper
323,51.0,54.09803921568628,2759.0,F656_ARC _B3_slice7-Ort.czi,old,pomc,upper
324,2.0,37.0,74.0,F656_ARC _B3_slice7-Ort.czi,old,pomc,upper
325,24.0,47.875,1149.0,F656_ARC _B3_slice7-Ort.czi,old,pomc,upper
326,59.0,48.11864406779661,2839.0,F656_ARC _B3_slice7-Ort.czi,old,pomc,upper
327,54.0,43.7962962962963,2365.0,F656_ARC _B3_slice7-Ort.czi,old,pomc,upper
328,3.0,41.666666666666664,125.0,F656_ARC _B3_slice7-Ort.czi,old,pomc,upper
329,20.0,60.95,1219.0,F656_ARC _B3_slice7-Ort.czi,old,pomc,upper
330,11.0,55.90909090909091,615.0,F656_ARC _B3_slice7-Ort.czi,old,pomc,upper
331,53.0,56.83018867924528,3012.0,F656_ARC _B3_slice7-Ort.czi,old,pomc,upper
332,6.0,90.0,540.0,F656_ARC _B3_slice7-Ort.czi,old,pomc,upper
333,1.0,43.0,43.0,F656_ARC _B3_slice7-Ort.czi,old,pomc,upper
334,69.0,50.27536231884058,3469.0,F656_ARC _B3_slice7-Ort.czi,old,pomc,upper
335,4.0,71.0,284.0,F656_ARC _B3_slice7-Ort.czi,old,pomc,upper
336,3.0,40.333333333333336,121.0,F656_ARC _B3_slice7-Ort.czi,old,pomc,upper
337,238.0,49.57142857142857,11798.0,F656_ARC _B3_slice7-Ort.czi,old,pomc,upper
338,10.0,47.7,477.0,F656_ARC _B3_slice7-Ort.czi,old,pomc,upper
339,102.0,48.754901960784316,4973.0,F656_ARC _B3_slice7-Ort.czi,old,pomc,upper
340,6.0,63.166666666666664,379.0,F656_ARC _B3_slice7-Ort.czi,old,pomc,upper
341,82.0,42.390243902439025,3476.0,F656_ARC _B3_slice7-Ort.czi,old,pomc,upper
342,67.0,46.19402985074627,3095.0,F656_ARC _B3_slice7-Ort.czi,old,pomc,upper
343,16.0,51.25,820.0,F656_ARC _B3_slice7-Ort.czi,old,pomc,upper
344,2.0,55.0,110.0,F656_ARC _B3_slice7-Ort.czi,old,pomc,upper
345,85.0,48.32941176470588,4108.0,F656_ARC _B3_slice7-Ort.czi,old,pomc,upper
346,13.0,37.61538461538461,489.0,F656_ARC _B3_slice7-Ort.czi,old,pomc,upper
347,10.0,45.8,458.0,F656_ARC _B3_slice7-Ort.czi,old,pomc,upper
348,14.0,65.64285714285714,919.0,F656_ARC _B3_slice7-Ort.czi,old,pomc,upper
349,7.0,72.71428571428571,508.99999999999994,F656_ARC _B3_slice7-Ort.czi,old,pomc,upper
350,2.0,36.0,72.0,F656_ARC _B3_slice7-Ort.czi,old,pomc,upper
351,1.0,15.0,15.0,F656_ARC _B3_slice7-Ort.czi,old,pomc,upper
352,28.0,41.67857142857143,1167.0,F656_ARC _B3_slice7-Ort.czi,old,pomc,upper
353,25.0,44.04,1101.0,F656_ARC _B3_slice7-Ort.czi,old,pomc,upper
354,132.0,48.38636363636363,6387.0,F656_ARC _B3_slice7-Ort.czi,old,pomc,upper
355,65.0,49.04615384615385,3188.0,F656_ARC _B3_slice7-Ort.czi,old,pomc,upper
356,22.0,43.31818181818182,953.0,F656_ARC _B3_slice7-Ort.czi,old,pomc,upper
357,40.0,39.025,1561.0,F656_ARC _B3_slice7-Ort.czi,old,pomc,upper
358,413.0,45.71670702179177,18881.0,F656_ARC _B3_slice7-Ort.czi,old,pomc,upper
359,47.0,46.829787234042556,2201.0,F656_ARC _B3_slice7-Ort.czi,old,pomc,upper
360,37.0,56.189189189189186,2079.0,F656_ARC _B3_slice7-Ort.czi,old,pomc,upper
361,17.0,37.705882352941174,641.0,F656_ARC _B3_slice7-Ort.czi,old,pomc,upper
362,16.0,46.5,744.0,F656_ARC _B3_slice7-Ort.czi,old,pomc,upper
363,24.0,47.291666666666664,1135.0,F656_ARC _B3_slice7-Ort.czi,old,pomc,upper
364,179.0,48.39664804469274,8663.0,F656_ARC _B3_slice7-Ort.czi,old,pomc,upper
365,16.0,44.875,718.0,F656_ARC _B3_slice7-Ort.czi,old,pomc,upper
366,3.0,43.0,129.0,F656_ARC _B3_slice7-Ort.czi,old,pomc,upper
367,23.0,39.95652173913044,919.0,F656_ARC _B3_slice7-Ort.czi,old,pomc,upper
368,29.0,42.44827586206897,1231.0,F656_ARC _B3_slice7-Ort.czi,old,pomc,upper
369,209.0,43.88516746411483,9172.0,F656_ARC _B3_slice7-Ort.czi,old,pomc,upper
370,39.0,51.38461538461539,2004.0,F656_ARC _B3_slice7-Ort.czi,old,pomc,upper
371,154.0,48.5974025974026,7484.0,F656_ARC _B3_slice7-Ort.czi,old,pomc,upper
372,2.0,31.5,63.0,F656_ARC _B3_slice7-Ort.czi,old,pomc,upper
373,6.0,34.833333333333336,209.0,F656_ARC _B3_slice7-Ort.czi,old,pomc,upper
374,1.0,28.0,28.0,F656_ARC _B3_slice7-Ort.czi,old,pomc,upper
375,119.0,47.857142857142854,5695.0,F656_ARC _B3_slice7-Ort.czi,old,pomc,upper
376,222.0,47.689189189189186,10587.0,F656_ARC _B3_slice7-Ort.czi,old,pomc,upper
377,56.0,52.125,2919.0,F656_ARC _B3_slice7-Ort.czi,old,pomc,upper
378,6.0,48.166666666666664,289.0,F656_ARC _B3_slice7-Ort.czi,old,pomc,upper
379,35.0,46.457142857142856,1626.0,F656_ARC _B3_slice7-Ort.czi,old,pomc,upper
380,43.0,65.20930232558139,2804.0,F656_ARC _B3_slice7-Ort.czi,old,pomc,upper
381,8.0,42.125,337.0,F656_ARC _B3_slice7-Ort.czi,old,pomc,upper
382,171.0,43.83625730994152,7496.0,F656_ARC _B3_slice7-Ort.czi,old,pomc,upper
383,177.0,46.01129943502825,8144.0,F656_ARC _B3_slice7-Ort.czi,old,pomc,upper
384,7.0,40.57142857142857,284.0,F656_ARC _B3_slice7-Ort.czi,old,pomc,upper
385,1.0,70.0,70.0,F656_ARC _B3_slice7-Ort.czi,old,pomc,upper
386,32.0,46.84375,1499.0,F656_ARC _B3_slice7-Ort.czi,old,pomc,upper
387,22.0,42.36363636363637,932.0000000000001,F656_ARC _B3_slice7-Ort.czi,old,pomc,upper
388,1.0,35.0,35.0,F656_ARC _B3_slice7-Ort.czi,old,pomc,upper
389,101.0,61.98019801980198,6260.0,F656_ARC _B3_slice7-Ort.czi,old,pomc,upper
390,29.0,50.62068965517241,1468.0,F656_ARC _B3_slice7-Ort.czi,old,pomc,upper
391,17.0,41.76470588235294,710.0,F656_ARC _B3_slice7-Ort.czi,old,pomc,upper
392,83.0,43.397590361445786,3602.0000000000005,F656_ARC _B3_slice7-Ort.czi,old,pomc,upper
393,40.0,46.325,1853.0,F656_ARC _B3_slice7-Ort.czi,old,pomc,upper
394,75.0,48.693333333333335,3652.0,F656_ARC _B3_slice7-Ort.czi,old,pomc,upper
395,21.0,49.80952380952381,1046.0,F656_ARC _B3_slice7-Ort.czi,old,pomc,upper
396,6.0,47.166666666666664,283.0,F656_ARC _B3_slice7-Ort.czi,old,pomc,upper
397,36.0,41.083333333333336,1479.0,F656_ARC _B3_slice7-Ort.czi,old,pomc,upper
398,1.0,40.0,40.0,F656_ARC _B3_slice7-Ort.czi,old,pomc,upper
399,11.0,61.09090909090909,672.0,F656_ARC _B3_slice7-Ort.czi,old,pomc,upper
400,24.0,54.666666666666664,1312.0,F656_ARC _B3_slice7-Ort.czi,old,pomc,upper
401,3.0,50.0,150.0,F656_ARC _B3_slice7-Ort.czi,old,pomc,upper
402,136.0,46.11764705882353,6272.0,F656_ARC _B3_slice7-Ort.czi,old,pomc,upper
403,247.0,48.064777327935225,11872.0,F656_ARC _B3_slice7-Ort.czi,old,pomc,upper
404,51.0,46.94117647058823,2394.0,F656_ARC _B3_slice7-Ort.czi,old,pomc,upper
405,242.0,45.0,10890.0,F656_ARC _B3_slice7-Ort.czi,old,pomc,upper
406,3.0,83.66666666666667,251.0,F656_ARC _B3_slice7-Ort.czi,old,pomc,upper
407,189.0,45.17989417989418,8539.0,F656_ARC _B3_slice7-Ort.czi,old,pomc,upper
408,16.0,43.4375,695.0,F656_ARC _B3_slice7-Ort.czi,old,pomc,upper
409,149.0,44.85906040268456,6684.0,F656_ARC _B3_slice7-Ort.czi,old,pomc,upper
410,60.0,48.95,2937.0,F656_ARC _B3_slice7-Ort.czi,old,pomc,upper
411,22.0,42.72727272727273,940.0,F656_ARC _B3_slice7-Ort.czi,old,pomc,upper
412,88.0,42.95454545454545,3780.0,F656_ARC _B3_slice7-Ort.czi,old,pomc,upper
413,64.0,39.4375,2524.0,F656_ARC _B3_slice7-Ort.czi,old,pomc,upper
414,51.0,41.6078431372549,2122.0,F656_ARC _B3_slice7-Ort.czi,old,pomc,upper
415,22.0,51.45454545454545,1132.0,F656_ARC _B3_slice7-Ort.czi,old,pomc,upper
416,5.0,49.2,246.0,F656_ARC _B3_slice7-Ort.czi,old,pomc,upper
417,43.0,63.93023255813954,2749.0,F656_ARC _B3_slice7-Ort.czi,old,pomc,upper
418,116.0,48.12068965517241,5582.0,F656_ARC _B3_slice7-Ort.czi,old,pomc,upper
419,32.0,50.125,1604.0,F656_ARC _B3_slice7-Ort.czi,old,pomc,upper
420,53.0,45.43396226415094,2408.0,F656_ARC _B3_slice7-Ort.czi,old,pomc,upper
421,1.0,49.0,49.0,F656_ARC _B3_slice7-Ort.czi,old,pomc,upper
422,11.0,55.0,605.0,F656_ARC _B3_slice7-Ort.czi,old,pomc,upper
423,78.0,45.37179487179487,3538.9999999999995,F656_ARC _B3_slice7-Ort.czi,old,pomc,upper
424,101.0,48.603960396039604,4909.0,F656_ARC _B3_slice7-Ort.czi,old,pomc,upper
425,65.0,51.10769230769231,3322.0,F656_ARC _B3_slice7-Ort.czi,old,pomc,upper
426,28.0,46.17857142857143,1293.0,F656_ARC _B3_slice7-Ort.czi,old,pomc,upper
427,77.0,44.935064935064936,3460.0,F656_ARC _B3_slice7-Ort.czi,old,pomc,upper
428,100.0,41.56,4156.0,F656_ARC _B3_slice7-Ort.czi,old,pomc,upper
429,2.0,32.5,65.0,F656_ARC _B3_slice7-Ort.czi,old,pomc,upper
430,115.0,53.208695652173915,6119.0,F656_ARC _B3_slice7-Ort.czi,old,pomc,upper
431,34.0,47.1764705882353,1604.0,F656_ARC _B3_slice7-Ort.czi,old,pomc,upper
432,28.0,57.07142857142857,1598.0,F656_ARC _B3_slice7-Ort.czi,old,pomc,upper
433,1.0,36.0,36.0,F656_ARC _B3_slice7-Ort.czi,old,pomc,upper
434,4.0,39.0,156.0,F656_ARC _B3_slice7-Ort.czi,old,pomc,upper
435,59.0,53.66101694915254,3166.0,F656_ARC _B3_slice7-Ort.czi,old,pomc,upper
436,55.0,44.29090909090909,2436.0,F656_ARC _B3_slice7-Ort.czi,old,pomc,upper
437,103.0,45.077669902912625,4643.0,F656_ARC _B3_slice7-Ort.czi,old,pomc,upper
438,61.0,46.21311475409836,2819.0,F656_ARC _B3_slice7-Ort.czi,old,pomc,upper
439,3.0,38.0,114.0,F656_ARC _B3_slice7-Ort.czi,old,pomc,upper
440,191.0,51.43979057591623,9825.0,F656_ARC _B3_slice7-Ort.czi,old,pomc,upper
441,240.0,45.40833333333333,10898.0,F656_ARC _B3_slice7-Ort.czi,old,pomc,upper
442,200.0,44.415,8883.0,F656_ARC _B3_slice7-Ort.czi,old,pomc,upper
443,248.0,44.064516129032256,10928.0,F656_ARC _B3_slice7-Ort.czi,old,pomc,upper
444,1.0,21.0,21.0,F656_ARC _B3_slice7-Ort.czi,old,pomc,upper
445,39.0,44.87179487179487,1749.9999999999998,F656_ARC _B3_slice7-Ort.czi,old,pomc,upper
446,98.0,49.55102040816327,4856.0,F656_ARC _B3_slice7-Ort.czi,old,pomc,upper
447,37.0,51.0,1887.0,F656_ARC _B3_slice7-Ort.czi,old,pomc,upper
448,49.0,48.0,2352.0,F656_ARC _B3_slice7-Ort.czi,old,pomc,upper
449,44.0,45.04545454545455,1982.0,F656_ARC _B3_slice7-Ort.czi,old,pomc,upper
450,58.0,42.53448275862069,2467.0,F656_ARC _B3_slice7-Ort.czi,old,pomc,upper
451,102.0,46.78431372549019,4772.0,F656_ARC _B3_slice7-Ort.czi,old,pomc,upper
452,5.0,41.2,206.0,F656_ARC _B3_slice7-Ort.czi,old,pomc,upper
453,6.0,36.666666666666664,220.0,F656_ARC _B3_slice7-Ort.czi,old,pomc,upper
454,31.0,44.67741935483871,1385.0,F656_ARC _B3_slice7-Ort.czi,old,pomc,upper
455,259.0,45.76833976833977,11854.0,F656_ARC _B3_slice7-Ort.czi,old,pomc,upper
456,1.0,43.0,43.0,F656_ARC _B3_slice7-Ort.czi,old,pomc,upper
457,26.0,46.76923076923077,1216.0,F656_ARC _B3_slice7-Ort.czi,old,pomc,upper
458,17.0,45.588235294117645,775.0,F656_ARC _B3_slice7-Ort.czi,old,pomc,upper
459,1.0,22.0,22.0,F656_ARC _B3_slice7-Ort.czi,old,pomc,upper
460,10.0,46.1,461.0,F656_ARC _B3_slice7-Ort.czi,old,pomc,upper
461,9.0,37.44444444444444,337.0,F656_ARC _B3_slice7-Ort.czi,old,pomc,upper
462,130.0,48.353846153846156,6286.0,F656_ARC _B3_slice7-Ort.czi,old,pomc,upper
463,3.0,45.333333333333336,136.0,F656_ARC _B3_slice7-Ort.czi,old,pomc,upper
464,15.0,46.4,696.0,F656_ARC _B3_slice7-Ort.czi,old,pomc,upper
465,32.0,39.59375,1267.0,F656_ARC _B3_slice7-Ort.czi,old,pomc,upper
466,4.0,46.0,184.0,F656_ARC _B3_slice7-Ort.czi,old,pomc,upper
467,13.0,48.38461538461539,629.0,F656_ARC _B3_slice7-Ort.czi,old,pomc,upper
468,1.0,80.0,80.0,F656_ARC _B3_slice7-Ort.czi,old,pomc,upper
469,214.0,42.86915887850467,9174.0,F656_ARC _B3_slice7-Ort.czi,old,pomc,upper
470,58.0,47.758620689655174,2770.0,F656_ARC _B3_slice7-Ort.czi,old,pomc,upper
471,75.0,49.42666666666667,3707.0,F656_ARC _B3_slice7-Ort.czi,old,pomc,upper
472,9.0,52.111111111111114,469.0,F656_ARC _B3_slice7-Ort.czi,old,pomc,upper
473,9.0,50.0,450.0,F656_ARC _B3_slice7-Ort.czi,old,pomc,upper
474,15.0,41.266666666666666,619.0,F656_ARC _B3_slice7-Ort.czi,old,pomc,upper
475,38.0,50.68421052631579,1926.0,F656_ARC _B3_slice7-Ort.czi,old,pomc,upper
476,31.0,47.774193548387096,1481.0,F656_ARC _B3_slice7-Ort.czi,old,pomc,upper
477,26.0,48.15384615384615,1252.0,F656_ARC _B3_slice7-Ort.czi,old,pomc,upper
478,1.0,57.0,57.0,F656_ARC _B3_slice7-Ort.czi,old,pomc,upper
479,321.0,41.414330218068535,13294.0,F656_ARC _B3_slice7-Ort.czi,old,pomc,upper
480,10.0,50.0,500.0,F656_ARC _B3_slice7-Ort.czi,old,pomc,upper
481,47.0,48.12765957446808,2262.0,F656_ARC _B3_slice7-Ort.czi,old,pomc,upper
482,43.0,48.30232558139535,2077.0,F656_ARC _B3_slice7-Ort.czi,old,pomc,upper
483,6.0,83.33333333333333,500.0,F656_ARC _B3_slice7-Ort.czi,old,pomc,upper
484,19.0,65.6842105263158,1248.0,F656_ARC _B3_slice7-Ort.czi,old,pomc,upper
485,82.0,42.353658536585364,3473.0,F656_ARC _B3_slice7-Ort.czi,old,pomc,upper
486,26.0,53.30769230769231,1386.0,F656_ARC _B3_slice7-Ort.czi,old,pomc,upper
487,34.0,38.73529411764706,1317.0,F656_ARC _B3_slice7-Ort.czi,old,pomc,upper
488,753.0,48.819389110225764,36761.0,F656_ARC _B3_slice7-Ort.czi,old,pomc,upper
489,4.0,54.75,219.0,F656_ARC _B3_slice7-Ort.czi,old,pomc,upper
490,53.0,56.735849056603776,3007.0,F656_ARC _B3_slice7-Ort.czi,old,pomc,upper
491,24.0,46.75,1122.0,F656_ARC _B3_slice7-Ort.czi,old,pomc,upper
492,179.0,47.36312849162011,8478.0,F656_ARC _B3_slice7-Ort.czi,old,pomc,upper
493,8.0,44.75,358.0,F656_ARC _B3_slice7-Ort.czi,old,pomc,upper
494,11.0,36.63636363636363,402.99999999999994,F656_ARC _B3_slice7-Ort.czi,old,pomc,upper
495,17.0,51.294117647058826,872.0,F656_ARC _B3_slice7-Ort.czi,old,pomc,upper
496,94.0,42.9468085106383,4037.0,F656_ARC _B3_slice7-Ort.czi,old,pomc,upper
497,24.0,49.458333333333336,1187.0,F656_ARC _B3_slice7-Ort.czi,old,pomc,upper
498,2051.0,43.30424183325207,88817.0,F656_ARC _B3_slice7-Ort.czi,old,pomc,upper
499,943.0,46.19194061505832,43559.0,F656_ARC _B3_slice7-Ort.czi,old,pomc,upper
500,40.0,60.25,2410.0,F656_ARC _B3_slice7-Ort.czi,old,pomc,upper
501,13.0,44.61538461538461,580.0,F656_ARC _B3_slice7-Ort.czi,old,pomc,upper
502,15.0,39.46666666666667,592.0,F656_ARC _B3_slice7-Ort.czi,old,pomc,upper
503,3.0,44.333333333333336,133.0,F656_ARC _B3_slice7-Ort.czi,old,pomc,upper
504,13.0,42.46153846153846,552.0,F656_ARC _B3_slice7-Ort.czi,old,pomc,upper
505,22.0,55.72727272727273,1226.0,F656_ARC _B3_slice7-Ort.czi,old,pomc,upper
506,1.0,47.0,47.0,F656_ARC _B3_slice7-Ort.czi,old,pomc,upper
507,80.0,45.4625,3637.0,F656_ARC _B3_slice7-Ort.czi,old,pomc,upper
508,14.0,47.0,658.0,F656_ARC _B3_slice7-Ort.czi,old,pomc,upper
509,55.0,48.836363636363636,2686.0,F656_ARC _B3_slice7-Ort.czi,old,pomc,upper
510,42.0,41.26190476190476,1733.0,F656_ARC _B3_slice7-Ort.czi,old,pomc,upper
511,48.0,40.0,1920.0,F656_ARC _B3_slice7-Ort.czi,old,pomc,upper
512,8.0,46.125,369.0,F656_ARC _B3_slice7-Ort.czi,old,pomc,upper
513,58.0,41.810344827586206,2425.0,F656_ARC _B3_slice7-Ort.czi,old,pomc,upper
514,53.0,42.905660377358494,2274.0,F656_ARC _B3_slice7-Ort.czi,old,pomc,upper
515,49.0,44.44897959183673,2178.0,F656_ARC _B3_slice7-Ort.czi,old,pomc,upper
516,46.0,42.130434782608695,1938.0,F656_ARC _B3_slice7-Ort.czi,old,pomc,upper
517,2.0,36.0,72.0,F656_ARC _B3_slice7-Ort.czi,old,pomc,upper
518,40.0,47.325,1893.0,F656_ARC _B3_slice7-Ort.czi,old,pomc,upper
519,41.0,42.63414634146341,1748.0,F656_ARC _B3_slice7-Ort.czi,old,pomc,upper
520,2.0,59.0,118.0,F656_ARC _B3_slice7-Ort.czi,old,pomc,upper
521,25.0,48.08,1202.0,F656_ARC _B3_slice7-Ort.czi,old,pomc,upper
522,12.0,45.333333333333336,544.0,F656_ARC _B3_slice7-Ort.czi,old,pomc,upper
523,28.0,41.82142857142857,1171.0,F656_ARC _B3_slice7-Ort.czi,old,pomc,upper
524,8.0,51.625,413.0,F656_ARC _B3_slice7-Ort.czi,old,pomc,upper
525,49.0,39.89795918367347,1955.0,F656_ARC _B3_slice7-Ort.czi,old,pomc,upper
526,111.0,53.04504504504504,5888.0,F656_ARC _B3_slice7-Ort.czi,old,pomc,upper
527,90.0,44.7,4023.0000000000005,F656_ARC _B3_slice7-Ort.czi,old,pomc,upper
528,55.0,42.72727272727273,2350.0,F656_ARC _B3_slice7-Ort.czi,old,pomc,upper
529,14.0,44.142857142857146,618.0,F656_ARC _B3_slice7-Ort.czi,old,pomc,upper
530,28.0,46.285714285714285,1296.0,F656_ARC _B3_slice7-Ort.czi,old,pomc,upper
531,24.0,45.75,1098.0,F656_ARC _B3_slice7-Ort.czi,old,pomc,upper
532,13.0,45.61538461538461,593.0,F656_ARC _B3_slice7-Ort.czi,old,pomc,upper
533,2.0,34.0,68.0,F656_ARC _B3_slice7-Ort.czi,old,pomc,upper
534,39.0,62.794871794871796,2449.0,F656_ARC _B3_slice7-Ort.czi,old,pomc,upper
535,2.0,35.0,70.0,F656_ARC _B3_slice7-Ort.czi,old,pomc,upper
536,413.0,44.8910411622276,18540.0,F656_ARC _B3_slice7-Ort.czi,old,pomc,upper
537,189.0,43.904761904761905,8298.0,F656_ARC _B3_slice7-Ort.czi,old,pomc,upper
538,23.0,52.52173913043478,1208.0,F656_ARC _B3_slice7-Ort.czi,old,pomc,upper
539,12.0,49.25,591.0,F656_ARC _B3_slice7-Ort.czi,old,pomc,upper
540,1.0,26.0,26.0,F656_ARC _B3_slice7-Ort.czi,old,pomc,upper
541,48.0,44.291666666666664,2126.0,F656_ARC _B3_slice7-Ort.czi,old,pomc,upper
542,64.0,42.09375,2694.0,F656_ARC _B3_slice7-Ort.czi,old,pomc,upper
543,1.0,96.0,96.0,F656_ARC _B3_slice7-Ort.czi,old,pomc,upper
544,173.0,47.17341040462428,8161.0,F656_ARC _B3_slice7-Ort.czi,old,pomc,upper
545,60.0,42.75,2565.0,F656_ARC _B3_slice7-Ort.czi,old,pomc,upper
546,30.0,41.43333333333333,1243.0,F656_ARC _B3_slice7-Ort.czi,old,pomc,upper
547,81.0,46.901234567901234,3799.0,F656_ARC _B3_slice7-Ort.czi,old,pomc,upper
548,14.0,43.357142857142854,607.0,F656_ARC _B3_slice7-Ort.czi,old,pomc,upper
549,548.0,43.965328467153284,24093.0,F656_ARC _B3_slice7-Ort.czi,old,pomc,upper
550,37.0,50.486486486486484,1868.0,F656_ARC _B3_slice7-Ort.czi,old,pomc,upper
551,3.0,39.0,117.0,F656_ARC _B3_slice7-Ort.czi,old,pomc,upper
552,18.0,49.611111111111114,893.0,F656_ARC _B3_slice7-Ort.czi,old,pomc,upper
553,58.0,56.206896551724135,3260.0,F656_ARC _B3_slice7-Ort.czi,old,pomc,upper
554,52.0,41.15384615384615,2140.0,F656_ARC _B3_slice7-Ort.czi,old,pomc,upper
555,28.0,56.67857142857143,1587.0,F656_ARC _B3_slice7-Ort.czi,old,pomc,upper
556,1.0,43.0,43.0,F656_ARC _B3_slice7-Ort.czi,old,pomc,upper
557,48.0,53.0,2544.0,F656_ARC _B3_slice7-Ort.czi,old,pomc,upper
558,73.0,42.71232876712329,3118.0,F656_ARC _B3_slice7-Ort.czi,old,pomc,upper
559,62.0,47.29032258064516,2932.0,F656_ARC _B3_slice7-Ort.czi,old,pomc,upper
560,311.0,46.28617363344051,14395.0,F656_ARC _B3_slice7-Ort.czi,old,pomc,upper
561,25.0,53.2,1330.0,F656_ARC _B3_slice7-Ort.czi,old,pomc,upper
562,31.0,48.67741935483871,1509.0,F656_ARC _B3_slice7-Ort.czi,old,pomc,upper
563,39.0,43.82051282051282,1709.0,F656_ARC _B3_slice7-Ort.czi,old,pomc,upper
564,3.0,29.333333333333332,88.0,F656_ARC _B3_slice7-Ort.czi,old,pomc,upper
565,3.0,50.0,150.0,F656_ARC _B3_slice7-Ort.czi,old,pomc,upper
566,42.0,46.26190476190476,1943.0,F656_ARC _B3_slice7-Ort.czi,old,pomc,upper
567,25.0,44.36,1109.0,F656_ARC _B3_slice7-Ort.czi,old,pomc,upper
568,69.0,48.44927536231884,3343.0,F656_ARC _B3_slice7-Ort.czi,old,pomc,upper
569,134.0,43.985074626865675,5894.0,F656_ARC _B3_slice7-Ort.czi,old,pomc,upper
570,68.0,41.779411764705884,2841.0,F656_ARC _B3_slice7-Ort.czi,old,pomc,upper
571,52.0,41.78846153846154,2173.0,F656_ARC _B3_slice7-Ort.czi,old,pomc,upper
572,48.0,40.958333333333336,1966.0,F656_ARC _B3_slice7-Ort.czi,old,pomc,upper
573,2.0,29.0,58.0,F656_ARC _B3_slice7-Ort.czi,old,pomc,upper
574,12.0,45.833333333333336,550.0,F656_ARC _B3_slice7-Ort.czi,old,pomc,upper
575,43.0,48.674418604651166,2093.0,F656_ARC _B3_slice7-Ort.czi,old,pomc,upper
576,43.0,42.25581395348837,1817.0,F656_ARC _B3_slice7-Ort.czi,old,pomc,upper
577,1.0,20.0,20.0,F656_ARC _B3_slice7-Ort.czi,old,pomc,upper
578,860.0,42.57209302325582,36612.0,F656_ARC _B3_slice7-Ort.czi,old,pomc,upper
579,1.0,38.0,38.0,F656_ARC _B3_slice7-Ort.czi,old,pomc,upper
580,1.0,21.0,21.0,F656_ARC _B3_slice7-Ort.czi,old,pomc,upper
581,121.0,47.45454545454545,5742.0,F656_ARC _B3_slice7-Ort.czi,old,pomc,upper
582,48.0,38.479166666666664,1847.0,F656_ARC _B3_slice7-Ort.czi,old,pomc,upper
583,202.0,45.00990099009901,9092.0,F656_ARC _B3_slice7-Ort.czi,old,pomc,upper
584,58.0,48.08620689655172,2789.0,F656_ARC _B3_slice7-Ort.czi,old,pomc,upper
585,119.0,46.35294117647059,5516.0,F656_ARC _B3_slice7-Ort.czi,old,pomc,upper
586,150.0,45.986666666666665,6898.0,F656_ARC _B3_slice7-Ort.czi,old,pomc,upper
587,51.0,50.05882352941177,2553.0,F656_ARC _B3_slice7-Ort.czi,old,pomc,upper
588,22.0,53.13636363636363,1169.0,F656_ARC _B3_slice7-Ort.czi,old,pomc,upper
589,8.0,61.75,494.0,F656_ARC _B3_slice7-Ort.czi,old,pomc,upper
590,16.0,42.125,674.0,F656_ARC _B3_slice7-Ort.czi,old,pomc,upper
591,15.0,43.06666666666667,646.0,F656_ARC _B3_slice7-Ort.czi,old,pomc,upper
592,25.0,42.2,1055.0,F656_ARC _B3_slice7-Ort.czi,old,pomc,upper
593,49.0,50.795918367346935,2489.0,F656_ARC _B3_slice7-Ort.czi,old,pomc,upper
594,2.0,37.5,75.0,F656_ARC _B3_slice7-Ort.czi,old,pomc,upper
595,48.0,48.208333333333336,2314.0,F656_ARC _B3_slice7-Ort.czi,old,pomc,upper
596,100.0,46.6,4660.0,F656_ARC _B3_slice7-Ort.czi,old,pomc,upper
597,267.0,45.2059925093633,12070.0,F656_ARC _B3_slice7-Ort.czi,old,pomc,upper
598,37.0,46.891891891891895,1735.0,F656_ARC _B3_slice7-Ort.czi,old,pomc,upper
599,1.0,29.0,29.0,F656_ARC _B3_slice7-Ort.czi,old,pomc,upper
600,70.0,43.02857142857143,3012.0000000000005,F656_ARC _B3_slice7-Ort.czi,old,pomc,upper
601,27.0,44.48148148148148,1201.0,F656_ARC _B3_slice7-Ort.czi,old,pomc,upper
602,48.0,43.395833333333336,2083.0,F656_ARC _B3_slice7-Ort.czi,old,pomc,upper
603,81.0,45.44444444444444,3681.0,F656_ARC _B3_slice7-Ort.czi,old,pomc,upper
604,544.0,42.46507352941177,23101.0,F656_ARC _B3_slice7-Ort.czi,old,pomc,upper
605,74.0,40.851351351351354,3023.0,F656_ARC _B3_slice7-Ort.czi,old,pomc,upper
606,14.0,47.42857142857143,664.0,F656_ARC _B3_slice7-Ort.czi,old,pomc,upper
607,50.0,45.88,2294.0,F656_ARC _B3_slice7-Ort.czi,old,pomc,upper
608,1017.0,48.2015732546706,49021.0,F656_ARC _B3_slice7-Ort.czi,old,pomc,upper
609,9.0,51.666666666666664,465.0,F656_ARC _B3_slice7-Ort.czi,old,pomc,upper
610,38.0,42.1578947368421,1602.0,F656_ARC _B3_slice7-Ort.czi,old,pomc,upper
611,64.0,52.015625,3329.0,F656_ARC _B3_slice7-Ort.czi,old,pomc,upper
612,12.0,58.833333333333336,706.0,F656_ARC _B3_slice7-Ort.czi,old,pomc,upper
613,29.0,54.58620689655172,1583.0,F656_ARC _B3_slice7-Ort.czi,old,pomc,upper
614,1.0,24.0,24.0,F656_ARC _B3_slice7-Ort.czi,old,pomc,upper
615,1.0,52.0,52.0,F656_ARC _B3_slice7-Ort.czi,old,pomc,upper
616,37.0,52.5945945945946,1946.0,F656_ARC _B3_slice7-Ort.czi,old,pomc,upper
617,1.0,25.0,25.0,F656_ARC _B3_slice7-Ort.czi,old,pomc,upper
618,37.0,64.5945945945946,2390.0,F656_ARC _B3_slice7-Ort.czi,old,pomc,upper
619,33.0,49.03030303030303,1618.0,F656_ARC _B3_slice7-Ort.czi,old,pomc,upper
620,302.0,47.6953642384106,14404.0,F656_ARC _B3_slice7-Ort.czi,old,pomc,upper
621,150.0,42.8,6420.0,F656_ARC _B3_slice7-Ort.czi,old,pomc,upper
622,12.0,47.25,567.0,F656_ARC _B3_slice7-Ort.czi,old,pomc,upper
623,8.0,57.875,463.0,F656_ARC _B3_slice7-Ort.czi,old,pomc,upper
624,1.0,35.0,35.0,F656_ARC _B3_slice7-Ort.czi,old,pomc,upper
625,14.0,39.07142857142857,547.0,F656_ARC _B3_slice7-Ort.czi,old,pomc,upper
626,74.0,42.810810810810814,3168.0000000000005,F656_ARC _B3_slice7-Ort.czi,old,pomc,upper
627,1.0,92.0,92.0,F656_ARC _B3_slice7-Ort.czi,old,pomc,upper
628,1.0,21.0,21.0,F656_ARC _B3_slice7-Ort.czi,old,pomc,upper
629,7.0,43.142857142857146,302.0,F656_ARC _B3_slice7-Ort.czi,old,pomc,upper
630,157.0,46.802547770700635,7348.0,F656_ARC _B3_slice7-Ort.czi,old,pomc,upper
631,144.0,48.15972222222222,6935.0,F656_ARC _B3_slice7-Ort.czi,old,pomc,upper
632,411.0,41.586374695863746,17092.0,F656_ARC _B3_slice7-Ort.czi,old,pomc,upper
633,14.0,57.0,798.0,F656_ARC _B3_slice7-Ort.czi,old,pomc,upper
634,14.0,38.857142857142854,544.0,F656_ARC _B3_slice7-Ort.czi,old,pomc,upper
635,228.0,47.916666666666664,10925.0,F656_ARC _B3_slice7-Ort.czi,old,pomc,upper
636,305.0,46.885245901639344,14300.0,F656_ARC _B3_slice7-Ort.czi,old,pomc,upper
637,110.0,42.8,4708.0,F656_ARC _B3_slice7-Ort.czi,old,pomc,upper
638,52.0,41.38461538461539,2152.0,F656_ARC _B3_slice7-Ort.czi,old,pomc,upper
639,32.0,41.75,1336.0,F656_ARC _B3_slice7-Ort.czi,old,pomc,upper
640,5.0,33.2,166.0,F656_ARC _B3_slice7-Ort.czi,old,pomc,upper
641,18.0,48.94444444444444,881.0,F656_ARC _B3_slice7-Ort.czi,old,pomc,upper
642,12.0,36.916666666666664,443.0,F656_ARC _B3_slice7-Ort.czi,old,pomc,upper
643,10.0,79.0,790.0,F656_ARC _B3_slice7-Ort.czi,old,pomc,upper
644,25.0,43.64,1091.0,F656_ARC _B3_slice7-Ort.czi,old,pomc,upper
645,75.0,44.973333333333336,3373.0,F656_ARC _B3_slice7-Ort.czi,old,pomc,upper
646,22.0,49.72727272727273,1094.0,F656_ARC _B3_slice7-Ort.czi,old,pomc,upper
647,21.0,47.333333333333336,994.0,F656_ARC _B3_slice7-Ort.czi,old,pomc,upper
648,34.0,44.6764705882353,1519.0,F656_ARC _B3_slice7-Ort.czi,old,pomc,upper
649,1.0,70.0,70.0,F656_ARC _B3_slice7-Ort.czi,old,pomc,upper
650,13.0,42.61538461538461,554.0,F656_ARC _B3_slice7-Ort.czi,old,pomc,upper
651,54.0,43.03703703703704,2324.0,F656_ARC _B3_slice7-Ort.czi,old,pomc,upper
652,18.0,56.333333333333336,1014.0,F656_ARC _B3_slice7-Ort.czi,old,pomc,upper
653,23.0,59.30434782608695,1364.0,F656_ARC _B3_slice7-Ort.czi,old,pomc,upper
654,68.0,50.838235294117645,3457.0,F656_ARC _B3_slice7-Ort.czi,old,pomc,upper
655,9.0,53.44444444444444,481.0,F656_ARC _B3_slice7-Ort.czi,old,pomc,upper
656,15.0,44.06666666666667,661.0,F656_ARC _B3_slice7-Ort.czi,old,pomc,upper
657,35.0,51.65714285714286,1808.0,F656_ARC _B3_slice7-Ort.czi,old,pomc,upper
658,15.0,34.6,519.0,F656_ARC _B3_slice7-Ort.czi,old,pomc,upper
659,21.0,44.76190476190476,940.0,F656_ARC _B3_slice7-Ort.czi,old,pomc,upper
660,79.0,50.08860759493671,3957.0,F656_ARC _B3_slice7-Ort.czi,old,pomc,upper
661,27.0,48.592592592592595,1312.0,F656_ARC _B3_slice7-Ort.czi,old,pomc,upper
662,6.0,40.166666666666664,241.0,F656_ARC _B3_slice7-Ort.czi,old,pomc,upper
663,1.0,48.0,48.0,F656_ARC _B3_slice7-Ort.czi,old,pomc,upper
664,32.0,45.5625,1458.0,F656_ARC _B3_slice7-Ort.czi,old,pomc,upper
665,115.0,45.095652173913045,5186.0,F656_ARC _B3_slice7-Ort.czi,old,pomc,upper
666,1.0,35.0,35.0,F656_ARC _B3_slice7-Ort.czi,old,pomc,upper
667,311.0,53.21221864951769,16549.0,F656_ARC _B3_slice7-Ort.czi,old,pomc,upper
668,1.0,20.0,20.0,F656_ARC _B3_slice7-Ort.czi,old,pomc,upper
669,14.0,43.142857142857146,604.0,F656_ARC _B3_slice7-Ort.czi,old,pomc,upper
670,1.0,23.0,23.0,F656_ARC _B3_slice7-Ort.czi,old,pomc,upper
671,68.0,47.64705882352941,3240.0,F656_ARC _B3_slice7-Ort.czi,old,pomc,upper
672,137.0,41.78102189781022,5724.0,F656_ARC _B3_slice7-Ort.czi,old,pomc,upper
673,93.0,48.89247311827957,4547.0,F656_ARC _B3_slice7-Ort.czi,old,pomc,upper
674,259.0,42.343629343629345,10967.0,F656_ARC _B3_slice7-Ort.czi,old,pomc,upper
675,29.0,40.93103448275862,1187.0,F656_ARC _B3_slice7-Ort.czi,old,pomc,upper
676,3.0,36.333333333333336,109.0,F656_ARC _B3_slice7-Ort.czi,old,pomc,upper
677,187.0,43.17112299465241,8073.0,F656_ARC _B3_slice7-Ort.czi,old,pomc,upper
678,3.0,51.333333333333336,154.0,F656_ARC _B3_slice7-Ort.czi,old,pomc,upper
679,6.0,34.5,207.0,F656_ARC _B3_slice7-Ort.czi,old,pomc,upper
680,22.0,37.27272727272727,820.0,F656_ARC _B3_slice7-Ort.czi,old,pomc,upper
681,159.0,48.37735849056604,7692.0,F656_ARC _B3_slice7-Ort.czi,old,pomc,upper
682,44.0,53.15909090909091,2339.0,F656_ARC _B3_slice7-Ort.czi,old,pomc,upper
683,282.0,43.787234042553195,12348.0,F656_ARC _B3_slice7-Ort.czi,old,pomc,upper
684,24.0,47.333333333333336,1136.0,F656_ARC _B3_slice7-Ort.czi,old,pomc,upper
685,109.0,45.75229357798165,4987.0,F656_ARC _B3_slice7-Ort.czi,old,pomc,upper
686,179.0,41.05027932960894,7348.0,F656_ARC _B3_slice7-Ort.czi,old,pomc,upper
687,33.0,41.21212121212121,1360.0,F656_ARC _B3_slice7-Ort.czi,old,pomc,upper
688,20.0,41.55,831.0,F656_ARC _B3_slice7-Ort.czi,old,pomc,upper
689,42.0,43.857142857142854,1841.9999999999998,F656_ARC _B3_slice7-Ort.czi,old,pomc,upper
690,32.0,48.25,1544.0,F656_ARC _B3_slice7-Ort.czi,old,pomc,upper
691,18.0,55.77777777777778,1004.0,F656_ARC _B3_slice7-Ort.czi,old,pomc,upper
692,47.0,39.255319148936174,1845.0000000000002,F656_ARC _B3_slice7-Ort.czi,old,pomc,upper
693,57.0,42.98245614035088,2450.0,F656_ARC _B3_slice7-Ort.czi,old,pomc,upper
694,1.0,44.0,44.0,F656_ARC _B3_slice7-Ort.czi,old,pomc,upper
695,60.0,42.2,2532.0,F656_ARC _B3_slice7-Ort.czi,old,pomc,upper
696,108.0,49.148148148148145,5308.0,F656_ARC _B3_slice7-Ort.czi,old,pomc,upper
697,48.0,47.083333333333336,2260.0,F656_ARC _B3_slice7-Ort.czi,old,pomc,upper
698,11.0,49.63636363636363,546.0,F656_ARC _B3_slice7-Ort.czi,old,pomc,upper
699,177.0,45.32203389830509,8022.0,F656_ARC _B3_slice7-Ort.czi,old,pomc,upper
700,267.0,44.06367041198502,11765.000000000002,F656_ARC _B3_slice7-Ort.czi,old,pomc,upper
701,104.0,48.63461538461539,5058.0,F656_ARC _B3_slice7-Ort.czi,old,pomc,upper
702,11.0,45.27272727272727,498.0,F656_ARC _B3_slice7-Ort.czi,old,pomc,upper
703,95.0,39.89473684210526,3789.9999999999995,F656_ARC _B3_slice7-Ort.czi,old,pomc,upper
704,2.0,45.5,91.0,F656_ARC _B3_slice7-Ort.czi,old,pomc,upper
705,153.0,61.294117647058826,9378.0,F656_ARC _B3_slice7-Ort.czi,old,pomc,upper
706,2.0,74.0,148.0,F656_ARC _B3_slice7-Ort.czi,old,pomc,upper
707,234.0,45.56837606837607,10663.0,F656_ARC _B3_slice7-Ort.czi,old,pomc,upper
708,221.0,46.32579185520362,10238.0,F656_ARC _B3_slice7-Ort.czi,old,pomc,upper
709,63.0,45.682539682539684,2878.0,F656_ARC _B3_slice7-Ort.czi,old,pomc,upper
710,2.0,36.0,72.0,F656_ARC _B3_slice7-Ort.czi,old,pomc,upper
711,3.0,42.333333333333336,127.0,F656_ARC _B3_slice7-Ort.czi,old,pomc,upper
712,238.0,45.088235294117645,10731.0,F656_ARC _B3_slice7-Ort.czi,old,pomc,upper
713,12.0,49.5,594.0,F656_ARC _B3_slice7-Ort.czi,old,pomc,upper
714,25.0,41.24,1031.0,F656_ARC _B3_slice7-Ort.czi,old,pomc,upper
715,38.0,69.07894736842105,2625.0,F656_ARC _B3_slice7-Ort.czi,old,pomc,upper
716,2.0,36.5,73.0,F656_ARC _B3_slice7-Ort.czi,old,pomc,upper
717,22.0,44.5,979.0,F656_ARC _B3_slice7-Ort.czi,old,pomc,upper
718,1.0,38.0,38.0,F656_ARC _B3_slice7-Ort.czi,old,pomc,upper
719,17.0,54.529411764705884,927.0,F656_ARC _B3_slice7-Ort.czi,old,pomc,upper
720,16.0,49.375,790.0,F656_ARC _B3_slice7-Ort.czi,old,pomc,upper
721,98.0,44.0,4312.0,F656_ARC _B3_slice7-Ort.czi,old,pomc,upper
722,42.0,45.45238095238095,1908.9999999999998,F656_ARC _B3_slice7-Ort.czi,old,pomc,upper
723,50.0,44.9,2245.0,F656_ARC _B3_slice7-Ort.czi,old,pomc,upper
724,165.0,41.13939393939394,6788.0,F656_ARC _B3_slice7-Ort.czi,old,pomc,upper
725,38.0,40.36842105263158,1534.0000000000002,F656_ARC _B3_slice7-Ort.czi,old,pomc,upper
726,38.0,46.44736842105263,1765.0,F656_ARC _B3_slice7-Ort.czi,old,pomc,upper
727,83.0,41.44578313253012,3439.9999999999995,F656_ARC _B3_slice7-Ort.czi,old,pomc,upper
728,74.0,39.82432432432432,2947.0,F656_ARC _B3_slice7-Ort.czi,old,pomc,upper
729,346.0,46.471098265895954,16079.0,F656_ARC _B3_slice7-Ort.czi,old,pomc,upper
730,314.0,50.71656050955414,15925.0,F656_ARC _B3_slice7-Ort.czi,old,pomc,upper
731,2.0,38.5,77.0,F656_ARC _B3_slice7-Ort.czi,old,pomc,upper
732,81.0,43.135802469135804,3494.0,F656_ARC _B3_slice7-Ort.czi,old,pomc,upper
733,5.0,38.4,192.0,F656_ARC _B3_slice7-Ort.czi,old,pomc,upper
734,3.0,44.666666666666664,134.0,F656_ARC _B3_slice7-Ort.czi,old,pomc,upper
735,167.0,42.44311377245509,7088.0,F656_ARC _B3_slice7-Ort.czi,old,pomc,upper
736,58.0,44.94827586206897,2607.0,F656_ARC _B3_slice7-Ort.czi,old,pomc,upper
737,1.0,38.0,38.0,F656_ARC _B3_slice7-Ort.czi,old,pomc,upper
738,1889.0,43.97829539438857,83075.0,F656_ARC _B3_slice7-Ort.czi,old,pomc,upper
739,22.0,40.86363636363637,899.0000000000001,F656_ARC _B3_slice7-Ort.czi,old,pomc,upper
740,10.0,43.0,430.0,F656_ARC _B3_slice7-Ort.czi,old,pomc,upper
741,80.0,37.7125,3017.0,F656_ARC _B3_slice7-Ort.czi,old,pomc,upper
742,113.0,48.02654867256637,5427.0,F656_ARC _B3_slice7-Ort.czi,old,pomc,upper
743,11.0,42.45454545454545,467.0,F656_ARC _B3_slice7-Ort.czi,old,pomc,upper
744,33.0,45.24242424242424,1493.0,F656_ARC _B3_slice7-Ort.czi,old,pomc,upper
745,358.0,41.410614525139664,14825.0,F656_ARC _B3_slice7-Ort.czi,old,pomc,upper
746,66.0,39.621212121212125,2615.0,F656_ARC _B3_slice7-Ort.czi,old,pomc,upper
747,28.0,38.892857142857146,1089.0,F656_ARC _B3_slice7-Ort.czi,old,pomc,upper
748,77.0,50.064935064935064,3855.0,F656_ARC _B3_slice7-Ort.czi,old,pomc,upper
749,20.0,49.8,996.0,F656_ARC _B3_slice7-Ort.czi,old,pomc,upper
750,18.0,52.94444444444444,953.0,F656_ARC _B3_slice7-Ort.czi,old,pomc,upper
751,46.0,44.69565217391305,2056.0,F656_ARC _B3_slice7-Ort.czi,old,pomc,upper
752,57.0,37.87719298245614,2159.0,F656_ARC _B3_slice7-Ort.czi,old,pomc,upper
753,5.0,38.6,193.0,F656_ARC _B3_slice7-Ort.czi,old,pomc,upper
754,153.0,45.66013071895425,6986.0,F656_ARC _B3_slice7-Ort.czi,old,pomc,upper
755,4.0,44.5,178.0,F656_ARC _B3_slice7-Ort.czi,old,pomc,upper
756,1.0,30.0,30.0,F656_ARC _B3_slice7-Ort.czi,old,pomc,upper
757,4.0,39.0,156.0,F656_ARC _B3_slice7-Ort.czi,old,pomc,upper
758,21.0,45.38095238095238,953.0,F656_ARC _B3_slice7-Ort.czi,old,pomc,upper
759,44.0,40.34090909090909,1775.0,F656_ARC _B3_slice7-Ort.czi,old,pomc,upper
760,58.0,50.758620689655174,2944.0,F656_ARC _B3_slice7-Ort.czi,old,pomc,upper
761,87.0,55.18390804597701,4801.0,F656_ARC _B3_slice7-Ort.czi,old,pomc,upper
762,2.0,16.0,32.0,F656_ARC _B3_slice7-Ort.czi,old,pomc,upper
763,44.0,53.84090909090909,2369.0,F656_ARC _B3_slice7-Ort.czi,old,pomc,upper
764,2.0,38.5,77.0,F656_ARC _B3_slice7-Ort.czi,old,pomc,upper
765,72.0,53.90277777777778,3881.0,F656_ARC _B3_slice7-Ort.czi,old,pomc,upper
766,15.0,40.8,612.0,F656_ARC _B3_slice7-Ort.czi,old,pomc,upper
767,28.0,61.785714285714285,1730.0,F656_ARC _B3_slice7-Ort.czi,old,pomc,upper
768,55.0,42.07272727272727,2314.0,F656_ARC _B3_slice7-Ort.czi,old,pomc,upper
769,25.0,41.92,1048.0,F656_ARC _B3_slice7-Ort.czi,old,pomc,upper
770,146.0,41.43835616438356,6050.0,F656_ARC _B3_slice7-Ort.czi,old,pomc,upper
771,1.0,50.0,50.0,F656_ARC _B3_slice7-Ort.czi,old,pomc,upper
772,108.0,42.638888888888886,4605.0,F656_ARC _B3_slice7-Ort.czi,old,pomc,upper
773,77.0,51.922077922077925,3998.0,F656_ARC _B3_slice7-Ort.czi,old,pomc,upper
774,12.0,52.5,630.0,F656_ARC _B3_slice7-Ort.czi,old,pomc,upper
775,38.0,50.0,1900.0,F656_ARC _B3_slice7-Ort.czi,old,pomc,upper
776,158.0,45.09493670886076,7125.0,F656_ARC _B3_slice7-Ort.czi,old,pomc,upper
777,76.0,44.76315789473684,3402.0,F656_ARC _B3_slice7-Ort.czi,old,pomc,upper
778,53.0,52.886792452830186,2803.0,F656_ARC _B3_slice7-Ort.czi,old,pomc,upper
779,122.0,50.90163934426229,6210.0,F656_ARC _B3_slice7-Ort.czi,old,pomc,upper
780,32.0,45.28125,1449.0,F656_ARC _B3_slice7-Ort.czi,old,pomc,upper
781,17.0,48.1764705882353,819.0,F656_ARC _B3_slice7-Ort.czi,old,pomc,upper
782,4.0,44.75,179.0,F656_ARC _B3_slice7-Ort.czi,old,pomc,upper
783,189.0,46.26984126984127,8745.0,F656_ARC _B3_slice7-Ort.czi,old,pomc,upper
784,1.0,22.0,22.0,F656_ARC _B3_slice7-Ort.czi,old,pomc,upper
785,2.0,31.0,62.0,F656_ARC _B3_slice7-Ort.czi,old,pomc,upper
786,1.0,17.0,17.0,F656_ARC _B3_slice7-Ort.czi,old,pomc,upper
787,39.0,46.56410256410256,1816.0,F656_ARC _B3_slice7-Ort.czi,old,pomc,upper
788,53.0,41.22641509433962,2185.0,F656_ARC _B3_slice7-Ort.czi,old,pomc,upper
789,87.0,42.64367816091954,3710.0,F656_ARC _B3_slice7-Ort.czi,old,pomc,upper
790,18.0,38.888888888888886,700.0,F656_ARC _B3_slice7-Ort.czi,old,pomc,upper
791,27.0,41.51851851851852,1121.0,F656_ARC _B3_slice7-Ort.czi,old,pomc,upper
792,52.0,47.78846153846154,2485.0,F656_ARC _B3_slice7-Ort.czi,old,pomc,upper
793,11.0,38.18181818181818,420.0,F656_ARC _B3_slice7-Ort.czi,old,pomc,upper
794,1.0,42.0,42.0,F656_ARC _B3_slice7-Ort.czi,old,pomc,upper
795,16.0,54.6875,875.0,F656_ARC _B3_slice7-Ort.czi,old,pomc,upper
796,41.0,40.78048780487805,1672.0,F656_ARC _B3_slice7-Ort.czi,old,pomc,upper
797,2.0,44.0,88.0,F656_ARC _B3_slice7-Ort.czi,old,pomc,upper
798,26.0,56.46153846153846,1468.0,F656_ARC _B3_slice7-Ort.czi,old,pomc,upper
799,26.0,56.76923076923077,1476.0,F656_ARC _B3_slice7-Ort.czi,old,pomc,upper
800,56.0,43.410714285714285,2431.0,F656_ARC _B3_slice7-Ort.czi,old,pomc,upper
801,77.0,44.63636363636363,3436.9999999999995,F656_ARC _B3_slice7-Ort.czi,old,pomc,upper
802,124.0,48.74193548387097,6044.0,F656_ARC _B3_slice7-Ort.czi,old,pomc,upper
803,6.0,96.5,579.0,F656_ARC _B3_slice7-Ort.czi,old,pomc,upper
804,69.0,49.08695652173913,3387.0,F656_ARC _B3_slice7-Ort.czi,old,pomc,upper
805,56.0,44.30357142857143,2481.0,F656_ARC _B3_slice7-Ort.czi,old,pomc,upper
806,383.0,43.55613577023499,16682.0,F656_ARC _B3_slice7-Ort.czi,old,pomc,upper
807,44.0,55.81818181818182,2456.0,F656_ARC _B3_slice7-Ort.czi,old,pomc,upper
808,1.0,34.0,34.0,F656_ARC _B3_slice7-Ort.czi,old,pomc,upper
809,40.0,45.675,1827.0,F656_ARC _B3_slice7-Ort.czi,old,pomc,upper
810,18.0,44.111111111111114,794.0,F656_ARC _B3_slice7-Ort.czi,old,pomc,upper
811,141.0,45.297872340425535,6387.0,F656_ARC _B3_slice7-Ort.czi,old,pomc,upper
812,50.0,46.56,2328.0,F656_ARC _B3_slice7-Ort.czi,old,pomc,upper
813,218.0,41.06880733944954,8953.0,F656_ARC _B3_slice7-Ort.czi,old,pomc,upper
814,31.0,44.45161290322581,1378.0,F656_ARC _B3_slice7-Ort.czi,old,pomc,upper
815,121.0,45.18181818181818,5467.0,F656_ARC _B3_slice7-Ort.czi,old,pomc,upper
816,3.0,45.333333333333336,136.0,F656_ARC _B3_slice7-Ort.czi,old,pomc,upper
817,119.0,48.84033613445378,5812.0,F656_ARC _B3_slice7-Ort.czi,old,pomc,upper
818,37.0,49.027027027027025,1814.0,F656_ARC _B3_slice7-Ort.czi,old,pomc,upper
819,93.0,43.064516129032256,4005.0,F656_ARC _B3_slice7-Ort.czi,old,pomc,upper
820,38.0,47.81578947368421,1817.0,F656_ARC _B3_slice7-Ort.czi,old,pomc,upper
821,11.0,51.36363636363637,565.0,F656_ARC _B3_slice7-Ort.czi,old,pomc,upper
822,8.0,33.0,264.0,F656_ARC _B3_slice7-Ort.czi,old,pomc,upper
823,61.0,47.40983606557377,2892.0,F656_ARC _B3_slice7-Ort.czi,old,pomc,upper
824,614.0,44.56677524429968,27364.0,F656_ARC _B3_slice7-Ort.czi,old,pomc,upper
825,134.0,45.76865671641791,6133.0,F656_ARC _B3_slice7-Ort.czi,old,pomc,upper
826,11.0,38.18181818181818,420.0,F656_ARC _B3_slice7-Ort.czi,old,pomc,upper
827,3.0,46.666666666666664,140.0,F656_ARC _B3_slice7-Ort.czi,old,pomc,upper
828,47.0,49.48936170212766,2326.0,F656_ARC _B3_slice7-Ort.czi,old,pomc,upper
829,25.0,60.2,1505.0,F656_ARC _B3_slice7-Ort.czi,old,pomc,upper
830,128.0,54.8125,7016.0,F656_ARC _B3_slice7-Ort.czi,old,pomc,upper
831,2.0,42.5,85.0,F656_ARC _B3_slice7-Ort.czi,old,pomc,upper
832,47.0,42.361702127659576,1991.0,F656_ARC _B3_slice7-Ort.czi,old,pomc,upper
833,52.0,50.01923076923077,2601.0,F656_ARC _B3_slice7-Ort.czi,old,pomc,upper
834,9.0,57.333333333333336,516.0,F656_ARC _B3_slice7-Ort.czi,old,pomc,upper
835,49.0,43.224489795918366,2118.0,F656_ARC _B3_slice7-Ort.czi,old,pomc,upper
836,103.0,41.87378640776699,4313.0,F656_ARC _B3_slice7-Ort.czi,old,pomc,upper
837,244.0,45.22540983606557,11035.0,F656_ARC _B3_slice7-Ort.czi,old,pomc,upper
838,98.0,47.96938775510204,4701.0,F656_ARC _B3_slice7-Ort.czi,old,pomc,upper
839,39.0,44.43589743589744,1733.0,F656_ARC _B3_slice7-Ort.czi,old,pomc,upper
840,21.0,46.857142857142854,983.9999999999999,F656_ARC _B3_slice7-Ort.czi,old,pomc,upper
841,46.0,48.95652173913044,2252.0,F656_ARC _B3_slice7-Ort.czi,old,pomc,upper
842,245.0,46.44897959183673,11380.0,F656_ARC _B3_slice7-Ort.czi,old,pomc,upper
843,19.0,41.05263157894737,780.0,F656_ARC _B3_slice7-Ort.czi,old,pomc,upper
844,25.0,40.0,1000.0,F656_ARC _B3_slice7-Ort.czi,old,pomc,upper
845,71.0,43.95774647887324,3121.0,F656_ARC _B3_slice7-Ort.czi,old,pomc,upper
846,7.0,29.571428571428573,207.0,F656_ARC _B3_slice7-Ort.czi,old,pomc,upper
847,21.0,44.904761904761905,943.0,F656_ARC _B3_slice7-Ort.czi,old,pomc,upper
848,54.0,45.129629629629626,2437.0,F656_ARC _B3_slice7-Ort.czi,old,pomc,upper
849,65.0,50.646153846153844,3292.0,F656_ARC _B3_slice7-Ort.czi,old,pomc,upper
850,84.0,39.57142857142857,3324.0,F656_ARC _B3_slice7-Ort.czi,old,pomc,upper
851,80.0,46.7125,3737.0,F656_ARC _B3_slice7-Ort.czi,old,pomc,upper
852,23.0,46.130434782608695,1061.0,F656_ARC _B3_slice7-Ort.czi,old,pomc,upper
853,1.0,40.0,40.0,F656_ARC _B3_slice7-Ort.czi,old,pomc,upper
854,29.0,47.827586206896555,1387.0,F656_ARC _B3_slice7-Ort.czi,old,pomc,upper
855,32.0,47.78125,1529.0,F656_ARC _B3_slice7-Ort.czi,old,pomc,upper
856,39.0,51.02564102564103,1990.0000000000002,F656_ARC _B3_slice7-Ort.czi,old,pomc,upper
857,60.0,49.05,2943.0,F656_ARC _B3_slice7-Ort.czi,old,pomc,upper
858,288.0,49.94444444444444,14384.0,F656_ARC _B3_slice7-Ort.czi,old,pomc,upper
859,4.0,48.75,195.0,F656_ARC _B3_slice7-Ort.czi,old,pomc,upper
860,23.0,43.78260869565217,1007.0,F656_ARC _B3_slice7-Ort.czi,old,pomc,upper
861,183.0,45.44808743169399,8317.0,F656_ARC _B3_slice7-Ort.czi,old,pomc,upper
862,127.0,40.346456692913385,5124.0,F656_ARC _B3_slice7-Ort.czi,old,pomc,upper
863,146.0,43.69178082191781,6379.0,F656_ARC _B3_slice7-Ort.czi,old,pomc,upper
864,54.0,52.24074074074074,2821.0,F656_ARC _B3_slice7-Ort.czi,old,pomc,upper
865,21.0,63.285714285714285,1329.0,F656_ARC _B3_slice7-Ort.czi,old,pomc,upper
866,94.0,41.691489361702125,3918.9999999999995,F656_ARC _B3_slice7-Ort.czi,old,pomc,upper
867,5.0,35.2,176.0,F656_ARC _B3_slice7-Ort.czi,old,pomc,upper
868,115.0,50.53913043478261,5812.0,F656_ARC _B3_slice7-Ort.czi,old,pomc,upper
869,431.0,48.22969837587007,20787.0,F656_ARC _B3_slice7-Ort.czi,old,pomc,upper
870,25.0,65.68,1642.0000000000002,F656_ARC _B3_slice7-Ort.czi,old,pomc,upper
871,14.0,50.92857142857143,713.0,F656_ARC _B3_slice7-Ort.czi,old,pomc,upper
872,9.0,41.888888888888886,377.0,F656_ARC _B3_slice7-Ort.czi,old,pomc,upper
873,24.0,46.833333333333336,1124.0,F656_ARC _B3_slice7-Ort.czi,old,pomc,upper
874,58.0,51.706896551724135,2999.0,F656_ARC _B3_slice7-Ort.czi,old,pomc,upper
875,39.0,46.94871794871795,1831.0,F656_ARC _B3_slice7-Ort.czi,old,pomc,upper
876,22.0,46.81818181818182,1030.0,F656_ARC _B3_slice7-Ort.czi,old,pomc,upper
877,35.0,41.25714285714286,1444.0,F656_ARC _B3_slice7-Ort.czi,old,pomc,upper
878,115.0,47.982608695652175,5518.0,F656_ARC _B3_slice7-Ort.czi,old,pomc,upper
879,272.0,50.9889705882353,13869.0,F656_ARC _B3_slice7-Ort.czi,old,pomc,upper
880,90.0,42.233333333333334,3801.0,F656_ARC _B3_slice7-Ort.czi,old,pomc,upper
881,19.0,40.473684210526315,769.0,F656_ARC _B3_slice7-Ort.czi,old,pomc,upper
882,224.0,45.03125,10087.0,F656_ARC _B3_slice7-Ort.czi,old,pomc,upper
883,31.0,42.87096774193548,1329.0,F656_ARC _B3_slice7-Ort.czi,old,pomc,upper
884,3.0,44.333333333333336,133.0,F656_ARC _B3_slice7-Ort.czi,old,pomc,upper
885,2.0,25.0,50.0,F656_ARC _B3_slice7-Ort.czi,old,pomc,upper
886,31.0,61.774193548387096,1915.0,F656_ARC _B3_slice7-Ort.czi,old,pomc,upper
887,106.0,52.29245283018868,5543.0,F656_ARC _B3_slice7-Ort.czi,old,pomc,upper
888,5.0,45.8,229.0,F656_ARC _B3_slice7-Ort.czi,old,pomc,upper
889,33.0,45.15151515151515,1490.0,F656_ARC _B3_slice7-Ort.czi,old,pomc,upper
890,43.0,44.395348837209305,1909.0,F656_ARC _B3_slice7-Ort.czi,old,pomc,upper
891,72.0,47.236111111111114,3401.0,F656_ARC _B3_slice7-Ort.czi,old,pomc,upper
892,4.0,45.5,182.0,F656_ARC _B3_slice7-Ort.czi,old,pomc,upper
893,28.0,48.214285714285715,1350.0,F656_ARC _B3_slice7-Ort.czi,old,pomc,upper
894,21.0,61.095238095238095,1283.0,F656_ARC _B3_slice7-Ort.czi,old,pomc,upper
895,118.0,46.17796610169491,5449.0,F656_ARC _B3_slice7-Ort.czi,old,pomc,upper
896,56.0,47.94642857142857,2685.0,F656_ARC _B3_slice7-Ort.czi,old,pomc,upper
897,4.0,34.5,138.0,F656_ARC _B3_slice7-Ort.czi,old,pomc,upper
898,67.0,40.865671641791046,2738.0,F656_ARC _B3_slice7-Ort.czi,old,pomc,upper
899,48.0,50.9375,2445.0,F656_ARC _B3_slice7-Ort.czi,old,pomc,upper
900,42.0,52.26190476190476,2195.0,F656_ARC _B3_slice7-Ort.czi,old,pomc,upper
901,8.0,45.25,362.0,F656_ARC _B3_slice7-Ort.czi,old,pomc,upper
902,379.0,43.4089709762533,16452.0,F656_ARC _B3_slice7-Ort.czi,old,pomc,upper
903,2.0,30.0,60.0,F656_ARC _B3_slice7-Ort.czi,old,pomc,upper
904,108.0,46.638888888888886,5037.0,F656_ARC _B3_slice7-Ort.czi,old,pomc,upper
905,60.0,46.6,2796.0,F656_ARC _B3_slice7-Ort.czi,old,pomc,upper
906,50.0,47.12,2356.0,F656_ARC _B3_slice7-Ort.czi,old,pomc,upper
907,72.0,46.541666666666664,3351.0,F656_ARC _B3_slice7-Ort.czi,old,pomc,upper
908,106.0,42.113207547169814,4464.0,F656_ARC _B3_slice7-Ort.czi,old,pomc,upper
909,164.0,40.73780487804878,6680.999999999999,F656_ARC _B3_slice7-Ort.czi,old,pomc,upper
910,34.0,42.8235294117647,1456.0,F656_ARC _B3_slice7-Ort.czi,old,pomc,upper
911,130.0,49.761538461538464,6469.0,F656_ARC _B3_slice7-Ort.czi,old,pomc,upper
912,82.0,52.74390243902439,4325.0,F656_ARC _B3_slice7-Ort.czi,old,pomc,upper
913,1888.0,41.965572033898304,79231.0,F656_ARC _B3_slice7-Ort.czi,old,pomc,upper
914,36.0,42.916666666666664,1545.0,F656_ARC _B3_slice7-Ort.czi,old,pomc,upper
915,75.0,42.53333333333333,3190.0,F656_ARC _B3_slice7-Ort.czi,old,pomc,upper
916,1.0,29.0,29.0,F656_ARC _B3_slice7-Ort.czi,old,pomc,upper
917,22.0,42.27272727272727,930.0,F656_ARC _B3_slice7-Ort.czi,old,pomc,upper
918,110.0,44.972727272727276,4947.0,F656_ARC _B3_slice7-Ort.czi,old,pomc,upper
919,63.0,42.41269841269841,2672.0,F656_ARC _B3_slice7-Ort.czi,old,pomc,upper
920,11.0,52.0,572.0,F656_ARC _B3_slice7-Ort.czi,old,pomc,upper
921,58.0,48.63793103448276,2821.0,F656_ARC _B3_slice7-Ort.czi,old,pomc,upper
922,15.0,44.0,660.0,F656_ARC _B3_slice7-Ort.czi,old,pomc,upper
923,36.0,44.138888888888886,1589.0,F656_ARC _B3_slice7-Ort.czi,old,pomc,upper
924,68.0,45.794117647058826,3114.0,F656_ARC _B3_slice7-Ort.czi,old,pomc,upper
925,83.0,46.83132530120482,3887.0,F656_ARC _B3_slice7-Ort.czi,old,pomc,upper
926,16.0,39.25,628.0,F656_ARC _B3_slice7-Ort.czi,old,pomc,upper
927,23.0,49.130434782608695,1130.0,F656_ARC _B3_slice7-Ort.czi,old,pomc,upper
928,297.0,51.61952861952862,15331.000000000002,F656_ARC _B3_slice7-Ort.czi,old,pomc,upper
929,590.0,43.905084745762714,25904.0,F656_ARC _B3_slice7-Ort.czi,old,pomc,upper
930,15.0,38.733333333333334,581.0,F656_ARC _B3_slice7-Ort.czi,old,pomc,upper
931,28.0,61.107142857142854,1711.0,F656_ARC _B3_slice7-Ort.czi,old,pomc,upper
932,20.0,54.6,1092.0,F656_ARC _B3_slice7-Ort.czi,old,pomc,upper
933,3.0,45.333333333333336,136.0,F656_ARC _B3_slice7-Ort.czi,old,pomc,upper
934,12.0,38.166666666666664,458.0,F656_ARC _B3_slice7-Ort.czi,old,pomc,upper
935,7.0,35.285714285714285,247.0,F656_ARC _B3_slice7-Ort.czi,old,pomc,upper
936,235.0,48.170212765957444,11320.0,F656_ARC _B3_slice7-Ort.czi,old,pomc,upper
937,151.0,42.64900662251656,6440.0,F656_ARC _B3_slice7-Ort.czi,old,pomc,upper
938,13.0,41.07692307692308,534.0,F656_ARC _B3_slice7-Ort.czi,old,pomc,upper
939,15.0,46.86666666666667,703.0,F656_ARC _B3_slice7-Ort.czi,old,pomc,upper
940,3.0,46.666666666666664,140.0,F656_ARC _B3_slice7-Ort.czi,old,pomc,upper
941,1.0,65.0,65.0,F656_ARC _B3_slice7-Ort.czi,old,pomc,upper
942,162.0,44.907407407407405,7275.0,F656_ARC _B3_slice7-Ort.czi,old,pomc,upper
943,133.0,44.609022556390975,5933.0,F656_ARC _B3_slice7-Ort.czi,old,pomc,upper
944,5.0,44.0,220.0,F656_ARC _B3_slice7-Ort.czi,old,pomc,upper
945,10.0,63.2,632.0,F656_ARC _B3_slice7-Ort.czi,old,pomc,upper
946,29.0,45.310344827586206,1314.0,F656_ARC _B3_slice7-Ort.czi,old,pomc,upper
947,30.0,48.0,1440.0,F656_ARC _B3_slice7-Ort.czi,old,pomc,upper
948,44.0,39.63636363636363,1743.9999999999998,F656_ARC _B3_slice7-Ort.czi,old,pomc,upper
949,3.0,73.0,219.0,F656_ARC _B3_slice7-Ort.czi,old,pomc,upper
950,27.0,54.03703703703704,1459.0,F656_ARC _B3_slice7-Ort.czi,old,pomc,upper
951,107.0,39.981308411214954,4278.0,F656_ARC _B3_slice7-Ort.czi,old,pomc,upper
952,13.0,53.0,689.0,F656_ARC _B3_slice7-Ort.czi,old,pomc,upper
953,75.0,51.586666666666666,3869.0,F656_ARC _B3_slice7-Ort.czi,old,pomc,upper
954,278.0,51.201438848920866,14234.0,F656_ARC _B3_slice7-Ort.czi,old,pomc,upper
955,10.0,44.4,444.0,F656_ARC _B3_slice7-Ort.czi,old,pomc,upper
956,123.0,47.24390243902439,5811.0,F656_ARC _B3_slice7-Ort.czi,old,pomc,upper
957,35.0,44.05714285714286,1542.0,F656_ARC _B3_slice7-Ort.czi,old,pomc,upper
958,81.0,49.93827160493827,4045.0,F656_ARC _B3_slice7-Ort.czi,old,pomc,upper
959,35.0,49.74285714285714,1741.0,F656_ARC _B3_slice7-Ort.czi,old,pomc,upper
960,16.0,44.5,712.0,F656_ARC _B3_slice7-Ort.czi,old,pomc,upper
961,23.0,62.34782608695652,1434.0,F656_ARC _B3_slice7-Ort.czi,old,pomc,upper
962,16.0,47.4375,759.0,F656_ARC _B3_slice7-Ort.czi,old,pomc,upper
963,201.0,49.66169154228856,9982.0,F656_ARC _B3_slice7-Ort.czi,old,pomc,upper
964,17.0,41.35294117647059,703.0,F656_ARC _B3_slice7-Ort.czi,old,pomc,upper
965,32.0,42.28125,1353.0,F656_ARC _B3_slice7-Ort.czi,old,pomc,upper
966,33.0,50.57575757575758,1669.0,F656_ARC _B3_slice7-Ort.czi,old,pomc,upper
967,88.0,44.47727272727273,3914.0,F656_ARC _B3_slice7-Ort.czi,old,pomc,upper
968,101.0,43.98019801980198,4442.0,F656_ARC _B3_slice7-Ort.czi,old,pomc,upper
969,42.0,43.857142857142854,1841.9999999999998,F656_ARC _B3_slice7-Ort.czi,old,pomc,upper
970,1.0,78.0,78.0,F656_ARC _B3_slice7-Ort.czi,old,pomc,upper
971,1153.0,45.077189939288814,51974.0,F656_ARC _B3_slice7-Ort.czi,old,pomc,upper
972,8.0,41.25,330.0,F656_ARC _B3_slice7-Ort.czi,old,pomc,upper
973,1.0,48.0,48.0,F656_ARC _B3_slice7-Ort.czi,old,pomc,upper
974,55.0,46.49090909090909,2557.0,F656_ARC _B3_slice7-Ort.czi,old,pomc,upper
975,222.0,49.509009009009006,10991.0,F656_ARC _B3_slice7-Ort.czi,old,pomc,upper
976,58.0,39.56896551724138,2295.0,F656_ARC _B3_slice7-Ort.czi,old,pomc,upper
977,13.0,45.53846153846154,592.0,F656_ARC _B3_slice7-Ort.czi,old,pomc,upper
978,39.0,54.61538461538461,2130.0,F656_ARC _B3_slice7-Ort.czi,old,pomc,upper
979,20.0,44.0,880.0,F656_ARC _B3_slice7-Ort.czi,old,pomc,upper
980,4.0,41.0,164.0,F656_ARC _B3_slice7-Ort.czi,old,pomc,upper
981,159.0,46.23270440251572,7351.0,F656_ARC _B3_slice7-Ort.czi,old,pomc,upper
982,36.0,58.861111111111114,2119.0,F656_ARC _B3_slice7-Ort.czi,old,pomc,upper
983,45.0,53.22222222222222,2395.0,F656_ARC _B3_slice7-Ort.czi,old,pomc,upper
984,246.0,44.8130081300813,11024.0,F656_ARC _B3_slice7-Ort.czi,old,pomc,upper
985,9.0,39.111111111111114,352.0,F656_ARC _B3_slice7-Ort.czi,old,pomc,upper
986,35.0,43.51428571428571,1523.0,F656_ARC _B3_slice7-Ort.czi,old,pomc,upper
987,18.0,45.77777777777778,824.0,F656_ARC _B3_slice7-Ort.czi,old,pomc,upper
988,113.0,55.65486725663717,6289.0,F656_ARC _B3_slice7-Ort.czi,old,pomc,upper
989,105.0,51.542857142857144,5412.0,F656_ARC _B3_slice7-Ort.czi,old,pomc,upper
990,8.0,43.625,349.0,F656_ARC _B3_slice7-Ort.czi,old,pomc,upper
991,143.0,42.96503496503497,6144.0,F656_ARC _B3_slice7-Ort.czi,old,pomc,upper
992,41.0,41.02439024390244,1682.0,F656_ARC _B3_slice7-Ort.czi,old,pomc,upper
993,132.0,48.621212121212125,6418.0,F656_ARC _B3_slice7-Ort.czi,old,pomc,upper
994,64.0,51.75,3312.0,F656_ARC _B3_slice7-Ort.czi,old,pomc,upper
995,6.0,47.166666666666664,283.0,F656_ARC _B3_slice7-Ort.czi,old,pomc,upper
996,30.0,59.56666666666667,1787.0,F656_ARC _B3_slice7-Ort.czi,old,pomc,upper
997,14.0,48.142857142857146,674.0,F656_ARC _B3_slice7-Ort.czi,old,pomc,upper
998,5.0,47.6,238.0,F656_ARC _B3_slice7-Ort.czi,old,pomc,upper
999,1.0,27.0,27.0,F656_ARC _B3_slice7-Ort.czi,old,pomc,upper
1000,82.0,46.02439024390244,3774.0,F656_ARC _B3_slice7-Ort.czi,old,pomc,upper
1001,17.0,40.294117647058826,685.0,F656_ARC _B3_slice7-Ort.czi,old,pomc,upper
1002,57.0,52.45614035087719,2990.0,F656_ARC _B3_slice7-Ort.czi,old,pomc,upper
1003,44.0,49.31818181818182,2170.0,F656_ARC _B3_slice7-Ort.czi,old,pomc,upper
1004,42.0,49.07142857142857,2061.0,F656_ARC _B3_slice7-Ort.czi,old,pomc,upper
1005,138.0,48.94927536231884,6755.0,F656_ARC _B3_slice7-Ort.czi,old,pomc,upper
1006,18.0,47.44444444444444,854.0,F656_ARC _B3_slice7-Ort.czi,old,pomc,upper
1007,153.0,47.928104575163395,7332.999999999999,F656_ARC _B3_slice7-Ort.czi,old,pomc,upper
1008,77.0,51.02597402597402,3928.9999999999995,F656_ARC _B3_slice7-Ort.czi,old,pomc,upper
1009,137.0,44.86131386861314,6146.0,F656_ARC _B3_slice7-Ort.czi,old,pomc,upper
1010,24.0,45.833333333333336,1100.0,F656_ARC _B3_slice7-Ort.czi,old,pomc,upper
1011,78.0,45.88461538461539,3579.0,F656_ARC _B3_slice7-Ort.czi,old,pomc,upper
1012,14.0,54.42857142857143,762.0,F656_ARC _B3_slice7-Ort.czi,old,pomc,upper
1013,46.0,55.52173913043478,2554.0,F656_ARC _B3_slice7-Ort.czi,old,pomc,upper
1014,1901.0,45.80063124671226,87067.0,F656_ARC _B3_slice7-Ort.czi,old,pomc,upper
1015,1.0,35.0,35.0,F656_ARC _B3_slice7-Ort.czi,old,pomc,upper
1016,76.0,48.31578947368421,3672.0,F656_ARC _B3_slice7-Ort.czi,old,pomc,upper
1017,29.0,57.58620689655172,1670.0,F656_ARC _B3_slice7-Ort.czi,old,pomc,upper
1018,60.0,46.666666666666664,2800.0,F656_ARC _B3_slice7-Ort.czi,old,pomc,upper
1019,197.0,43.578680203045685,8585.0,F656_ARC _B3_slice7-Ort.czi,old,pomc,upper
1020,95.0,44.82105263157895,4258.0,F656_ARC _B3_slice7-Ort.czi,old,pomc,upper
1021,2.0,46.5,93.0,F656_ARC _B3_slice7-Ort.czi,old,pomc,upper
1022,1.0,20.0,20.0,F656_ARC _B3_slice7-Ort.czi,old,pomc,upper
1023,61.0,44.377049180327866,2707.0,F656_ARC _B3_slice7-Ort.czi,old,pomc,upper
1024,1.0,18.0,18.0,F656_ARC _B3_slice7-Ort.czi,old,pomc,upper
1025,138.0,45.007246376811594,6211.0,F656_ARC _B3_slice7-Ort.czi,old,pomc,upper
1026,54.0,49.24074074074074,2659.0,F656_ARC _B3_slice7-Ort.czi,old,pomc,upper
1027,2397.0,44.02336253650396,105523.99999999999,F656_ARC _B3_slice7-Ort.czi,old,pomc,upper
1028,23.0,48.52173913043478,1116.0,F656_ARC _B3_slice7-Ort.czi,old,pomc,upper
1029,101.0,49.24752475247525,4974.0,F656_ARC _B3_slice7-Ort.czi,old,pomc,upper
1030,890.0,70.24494382022472,62518.0,F656_ARC _B3_slice7-Ort.czi,old,pomc,upper
1031,17.0,40.11764705882353,682.0,F656_ARC _B3_slice7-Ort.czi,old,pomc,upper
1032,31.0,42.32258064516129,1312.0,F656_ARC _B3_slice7-Ort.czi,old,pomc,upper
1033,423.0,49.148936170212764,20790.0,F656_ARC _B3_slice7-Ort.czi,old,pomc,upper
1034,84.0,45.82142857142857,3849.0,F656_ARC _B3_slice7-Ort.czi,old,pomc,upper
1035,67.0,48.56716417910448,3254.0,F656_ARC _B3_slice7-Ort.czi,old,pomc,upper
1036,1498.0,46.10547396528705,69066.0,F656_ARC _B3_slice7-Ort.czi,old,pomc,upper
1037,28.0,56.642857142857146,1586.0,F656_ARC _B3_slice7-Ort.czi,old,pomc,upper
1038,1393.0,46.753768844221106,65128.0,F656_ARC _B3_slice7-Ort.czi,old,pomc,upper
1039,224.0,47.285714285714285,10592.0,F656_ARC _B3_slice7-Ort.czi,old,pomc,upper
1040,22.0,48.54545454545455,1068.0,F656_ARC _B3_slice7-Ort.czi,old,pomc,upper
1041,114.0,57.49122807017544,6554.0,F656_ARC _B3_slice7-Ort.czi,old,pomc,upper
1042,37.0,50.13513513513514,1855.0,F656_ARC _B3_slice7-Ort.czi,old,pomc,upper
1043,20.0,44.05,881.0,F656_ARC _B3_slice7-Ort.czi,old,pomc,upper
1044,1614.0,42.82651796778191,69122.0,F656_ARC _B3_slice7-Ort.czi,old,pomc,upper
1045,13.0,42.76923076923077,556.0,F656_ARC _B3_slice7-Ort.czi,old,pomc,upper
1046,87.0,48.91954022988506,4256.0,F656_ARC _B3_slice7-Ort.czi,old,pomc,upper
1047,103.0,45.689320388349515,4706.0,F656_ARC _B3_slice7-Ort.czi,old,pomc,upper
1048,9.0,81.66666666666667,735.0,F656_ARC _B3_slice7-Ort.czi,old,pomc,upper
1049,3432.0,48.06905594405595,164973.0,F656_ARC _B3_slice7-Ort.czi,old,pomc,upper
1050,75.0,45.346666666666664,3401.0,F656_ARC _B3_slice7-Ort.czi,old,pomc,upper
1051,2.0,51.0,102.0,F656_ARC _B3_slice7-Ort.czi,old,pomc,upper
1052,199.0,48.88442211055276,9728.0,F656_ARC _B3_slice7-Ort.czi,old,pomc,upper
1053,23.0,39.91304347826087,918.0,F656_ARC _B3_slice7-Ort.czi,old,pomc,upper
1054,319.0,43.905956112852664,14006.0,F656_ARC _B3_slice7-Ort.czi,old,pomc,upper
1055,95.0,47.126315789473686,4477.0,F656_ARC _B3_slice7-Ort.czi,old,pomc,upper
1056,38.0,54.73684210526316,2080.0,F656_ARC _B3_slice7-Ort.czi,old,pomc,upper
1057,32.0,49.21875,1575.0,F656_ARC _B3_slice7-Ort.czi,old,pomc,upper
1058,12.0,46.0,552.0,F656_ARC _B3_slice7-Ort.czi,old,pomc,upper
1059,80.0,47.6,3808.0,F656_ARC _B3_slice7-Ort.czi,old,pomc,upper
1060,40.0,43.375,1735.0,F656_ARC _B3_slice7-Ort.czi,old,pomc,upper
1061,48.0,41.583333333333336,1996.0,F656_ARC _B3_slice7-Ort.czi,old,pomc,upper
1062,23.0,56.47826086956522,1299.0,F656_ARC _B3_slice7-Ort.czi,old,pomc,upper
1063,38.0,40.13157894736842,1524.9999999999998,F656_ARC _B3_slice7-Ort.czi,old,pomc,upper
1064,584.0,43.33561643835616,25308.0,F656_ARC _B3_slice7-Ort.czi,old,pomc,upper
1065,2.0,70.5,141.0,F656_ARC _B3_slice7-Ort.czi,old,pomc,upper
1066,21.0,38.666666666666664,812.0,F656_ARC _B3_slice7-Ort.czi,old,pomc,upper
1067,8.0,40.125,321.0,F656_ARC _B3_slice7-Ort.czi,old,pomc,upper
1068,1.0,38.0,38.0,F656_ARC _B3_slice7-Ort.czi,old,pomc,upper
1069,56.0,50.464285714285715,2826.0,F656_ARC _B3_slice7-Ort.czi,old,pomc,upper
1070,35.0,48.714285714285715,1705.0,F656_ARC _B3_slice7-Ort.czi,old,pomc,upper
1071,20.0,44.55,891.0,F656_ARC _B3_slice7-Ort.czi,old,pomc,upper
1072,77.0,43.97402597402598,3386.0000000000005,F656_ARC _B3_slice7-Ort.czi,old,pomc,upper
1073,113.0,43.849557522123895,4955.0,F656_ARC _B3_slice7-Ort.czi,old,pomc,upper
1074,1.0,19.0,19.0,F656_ARC _B3_slice7-Ort.czi,old,pomc,upper
1075,57.0,47.29824561403509,2696.0,F656_ARC _B3_slice7-Ort.czi,old,pomc,upper
1076,56.0,48.714285714285715,2728.0,F656_ARC _B3_slice7-Ort.czi,old,pomc,upper
1077,21.0,53.666666666666664,1127.0,F656_ARC _B3_slice7-Ort.czi,old,pomc,upper
1078,180.0,46.166666666666664,8310.0,F656_ARC _B3_slice7-Ort.czi,old,pomc,upper
1079,633.0,47.654028436018955,30165.0,F656_ARC _B3_slice7-Ort.czi,old,pomc,upper
1080,4951.0,61.77883255907897,305867.0,F656_ARC _B3_slice7-Ort.czi,old,pomc,upper
1081,9.0,80.0,720.0,F656_ARC _B3_slice7-Ort.czi,old,pomc,upper
1082,9.0,44.44444444444444,400.0,F656_ARC _B3_slice7-Ort.czi,old,pomc,upper
1083,138.0,56.2536231884058,7763.0,F656_ARC _B3_slice7-Ort.czi,old,pomc,upper
1084,11.0,45.18181818181818,497.0,F656_ARC _B3_slice7-Ort.czi,old,pomc,upper
1085,143.0,49.01398601398601,7009.0,F656_ARC _B3_slice7-Ort.czi,old,pomc,upper
1086,186.0,50.20967741935484,9339.0,F656_ARC _B3_slice7-Ort.czi,old,pomc,upper
1087,43.0,50.41860465116279,2168.0,F656_ARC _B3_slice7-Ort.czi,old,pomc,upper
1088,48.0,46.0625,2211.0,F656_ARC _B3_slice7-Ort.czi,old,pomc,upper
1089,54.0,47.44444444444444,2562.0,F656_ARC _B3_slice7-Ort.czi,old,pomc,upper
1090,121.0,48.56198347107438,5876.0,F656_ARC _B3_slice7-Ort.czi,old,pomc,upper
1091,47.0,42.4468085106383,1995.0,F656_ARC _B3_slice7-Ort.czi,old,pomc,upper
1092,135.0,48.474074074074075,6544.0,F656_ARC _B3_slice7-Ort.czi,old,pomc,upper
1093,40.0,41.425,1657.0,F656_ARC _B3_slice7-Ort.czi,old,pomc,upper
1094,50.0,46.44,2322.0,F656_ARC _B3_slice7-Ort.czi,old,pomc,upper
1095,38.0,48.8421052631579,1856.0,F656_ARC _B3_slice7-Ort.czi,old,pomc,upper
1096,13.0,53.84615384615385,700.0,F656_ARC _B3_slice7-Ort.czi,old,pomc,upper
1097,2509.0,44.6400956556397,112002.0,F656_ARC _B3_slice7-Ort.czi,old,pomc,upper
1098,26.0,37.73076923076923,981.0000000000001,F656_ARC _B3_slice7-Ort.czi,old,pomc,upper
1099,1.0,25.0,25.0,F656_ARC _B3_slice7-Ort.czi,old,pomc,upper
1100,4.0,34.75,139.0,F656_ARC _B3_slice7-Ort.czi,old,pomc,upper
1101,7.0,44.285714285714285,310.0,F656_ARC _B3_slice7-Ort.czi,old,pomc,upper
1102,19.0,44.10526315789474,838.0,F656_ARC _B3_slice7-Ort.czi,old,pomc,upper
1103,7.0,44.0,308.0,F656_ARC _B3_slice7-Ort.czi,old,pomc,upper
1104,20.0,42.05,841.0,F656_ARC _B3_slice7-Ort.czi,old,pomc,upper
1105,1020.0,43.61960784313725,44492.0,F656_ARC _B3_slice7-Ort.czi,old,pomc,upper
1106,1.0,45.0,45.0,F656_ARC _B3_slice7-Ort.czi,old,pomc,upper
1107,449.0,140.16035634743875,62932.0,F656_ARC _B3_slice7-Ort.czi,old,pomc,upper
1108,1.0,30.0,30.0,F656_ARC _B3_slice7-Ort.czi,old,pomc,upper
1109,26.0,51.26923076923077,1333.0,F656_ARC _B3_slice7-Ort.czi,old,pomc,upper
1110,52.0,50.88461538461539,2646.0,F656_ARC _B3_slice7-Ort.czi,old,pomc,upper
1111,10.0,114.5,1145.0,F656_ARC _B3_slice7-Ort.czi,old,pomc,upper
1112,81.0,47.4320987654321,3842.0,F656_ARC _B3_slice7-Ort.czi,old,pomc,upper
1113,327.0,43.694189602446485,14288.0,F656_ARC _B3_slice7-Ort.czi,old,pomc,upper
1114,9.0,61.44444444444444,553.0,F656_ARC _B3_slice7-Ort.czi,old,pomc,upper
1115,61.0,46.0,2806.0,F656_ARC _B3_slice7-Ort.czi,old,pomc,upper
1116,30.0,45.1,1353.0,F656_ARC _B3_slice7-Ort.czi,old,pomc,upper
1117,2.0,44.5,89.0,F656_ARC _B3_slice7-Ort.czi,old,pomc,upper
1118,26.0,46.0,1196.0,F656_ARC _B3_slice7-Ort.czi,old,pomc,upper
1119,25.0,41.44,1036.0,F656_ARC _B3_slice7-Ort.czi,old,pomc,upper
1120,14.0,42.92857142857143,601.0,F656_ARC _B3_slice7-Ort.czi,old,pomc,upper
1121,39.0,49.94871794871795,1948.0,F656_ARC _B3_slice7-Ort.czi,old,pomc,upper
1122,129.0,45.27906976744186,5841.0,F656_ARC _B3_slice7-Ort.czi,old,pomc,upper
1123,277.0,46.714801444043324,12940.0,F656_ARC _B3_slice7-Ort.czi,old,pomc,upper
1124,16.0,45.375,726.0,F656_ARC _B3_slice7-Ort.czi,old,pomc,upper
1125,14.0,43.857142857142854,614.0,F656_ARC _B3_slice7-Ort.czi,old,pomc,upper
1126,2.0,35.0,70.0,F656_ARC _B3_slice7-Ort.czi,old,pomc,upper
1127,42.0,43.23809523809524,1816.0,F656_ARC _B3_slice7-Ort.czi,old,pomc,upper
1128,55.0,48.236363636363635,2653.0,F656_ARC _B3_slice7-Ort.czi,old,pomc,upper
1129,90.0,49.84444444444444,4486.0,F656_ARC _B3_slice7-Ort.czi,old,pomc,upper
1130,93.0,45.645161290322584,4245.0,F656_ARC _B3_slice7-Ort.czi,old,pomc,upper
1131,22.0,50.40909090909091,1109.0,F656_ARC _B3_slice7-Ort.czi,old,pomc,upper
1132,1.0,26.0,26.0,F656_ARC _B3_slice7-Ort.czi,old,pomc,upper
1133,61.0,41.24590163934426,2516.0,F656_ARC _B3_slice7-Ort.czi,old,pomc,upper
1134,37.0,53.513513513513516,1980.0,F656_ARC _B3_slice7-Ort.czi,old,pomc,upper
1135,148.0,52.28378378378378,7738.0,F656_ARC _B3_slice7-Ort.czi,old,pomc,upper
1136,1.0,20.0,20.0,F656_ARC _B3_slice7-Ort.czi,old,pomc,upper
1137,74.0,49.270270270270274,3646.0000000000005,F656_ARC _B3_slice7-Ort.czi,old,pomc,upper
1138,37.0,51.027027027027025,1888.0,F656_ARC _B3_slice7-Ort.czi,old,pomc,upper
1139,247.0,42.63967611336032,10532.0,F656_ARC _B3_slice7-Ort.czi,old,pomc,upper
1140,108.0,49.361111111111114,5331.0,F656_ARC _B3_slice7-Ort.czi,old,pomc,upper
1141,29.0,41.44827586206897,1202.0,F656_ARC _B3_slice7-Ort.czi,old,pomc,upper
1142,63.0,47.46031746031746,2990.0,F656_ARC _B3_slice7-Ort.czi,old,pomc,upper
1143,105.0,45.86666666666667,4816.0,F656_ARC _B3_slice7-Ort.czi,old,pomc,upper
1144,19.0,38.1578947368421,725.0,F656_ARC _B3_slice7-Ort.czi,old,pomc,upper
1145,101.0,50.62376237623762,5113.0,F656_ARC _B3_slice7-Ort.czi,old,pomc,upper
1,1.0,2.0,2.0,B489_ARC_xxx_slice6-Ort.czi,old,pomc,upper
2,37.0,1.864864864864865,69.0,B489_ARC_xxx_slice6-Ort.czi,old,pomc,upper
3,9.0,2.0,18.0,B489_ARC_xxx_slice6-Ort.czi,old,pomc,upper
4,18.0,2.0555555555555554,37.0,B489_ARC_xxx_slice6-Ort.czi,old,pomc,upper
5,42.0,1.6666666666666667,70.0,B489_ARC_xxx_slice6-Ort.czi,old,pomc,upper
6,2.0,2.5,5.0,B489_ARC_xxx_slice6-Ort.czi,old,pomc,upper
7,12.0,1.5,18.0,B489_ARC_xxx_slice6-Ort.czi,old,pomc,upper
8,137.0,2.0948905109489053,287.00000000000006,B489_ARC_xxx_slice6-Ort.czi,old,pomc,upper
9,45.0,1.9111111111111112,86.0,B489_ARC_xxx_slice6-Ort.czi,old,pomc,upper
10,96.0,1.7916666666666667,172.0,B489_ARC_xxx_slice6-Ort.czi,old,pomc,upper
11,2.0,1.0,2.0,B489_ARC_xxx_slice6-Ort.czi,old,pomc,upper
12,17.0,2.5294117647058822,43.0,B489_ARC_xxx_slice6-Ort.czi,old,pomc,upper
13,135.0,1.7407407407407407,235.0,B489_ARC_xxx_slice6-Ort.czi,old,pomc,upper
14,10.0,2.0,20.0,B489_ARC_xxx_slice6-Ort.czi,old,pomc,upper
15,29.0,2.0689655172413794,60.00000000000001,B489_ARC_xxx_slice6-Ort.czi,old,pomc,upper
16,1.0,0.0,0.0,B489_ARC_xxx_slice6-Ort.czi,old,pomc,upper
17,99.0,1.878787878787879,186.0,B489_ARC_xxx_slice6-Ort.czi,old,pomc,upper
18,32.0,1.8125,58.0,B489_ARC_xxx_slice6-Ort.czi,old,pomc,upper
19,11.0,2.0,22.0,B489_ARC_xxx_slice6-Ort.czi,old,pomc,upper
20,317.0,1.7097791798107256,542.0,B489_ARC_xxx_slice6-Ort.czi,old,pomc,upper
21,35.0,2.257142857142857,79.0,B489_ARC_xxx_slice6-Ort.czi,old,pomc,upper
22,8.0,2.25,18.0,B489_ARC_xxx_slice6-Ort.czi,old,pomc,upper
23,70.0,2.0142857142857142,141.0,B489_ARC_xxx_slice6-Ort.czi,old,pomc,upper
24,80.0,1.8125,145.0,B489_ARC_xxx_slice6-Ort.czi,old,pomc,upper
25,36.0,2.4444444444444446,88.0,B489_ARC_xxx_slice6-Ort.czi,old,pomc,upper
26,1.0,1.0,1.0,B489_ARC_xxx_slice6-Ort.czi,old,pomc,upper
27,13.0,2.230769230769231,29.0,B489_ARC_xxx_slice6-Ort.czi,old,pomc,upper
28,73.0,1.8904109589041096,138.0,B489_ARC_xxx_slice6-Ort.czi,old,pomc,upper
29,29.0,1.9655172413793103,57.0,B489_ARC_xxx_slice6-Ort.czi,old,pomc,upper
30,24.0,2.125,51.0,B489_ARC_xxx_slice6-Ort.czi,old,pomc,upper
31,52.0,2.2884615384615383,119.0,B489_ARC_xxx_slice6-Ort.czi,old,pomc,upper
32,1.0,2.0,2.0,B489_ARC_xxx_slice6-Ort.czi,old,pomc,upper
33,65.0,1.9076923076923078,124.0,B489_ARC_xxx_slice6-Ort.czi,old,pomc,upper
34,24.0,1.9583333333333333,47.0,B489_ARC_xxx_slice6-Ort.czi,old,pomc,upper
35,41.0,2.4390243902439024,100.0,B489_ARC_xxx_slice6-Ort.czi,old,pomc,upper
36,1.0,1.0,1.0,B489_ARC_xxx_slice6-Ort.czi,old,pomc,upper
37,129.0,2.0930232558139537,270.0,B489_ARC_xxx_slice6-Ort.czi,old,pomc,upper
38,3.0,1.6666666666666667,5.0,B489_ARC_xxx_slice6-Ort.czi,old,pomc,upper
39,7.0,1.8571428571428572,13.0,B489_ARC_xxx_slice6-Ort.czi,old,pomc,upper
40,10.0,1.5,15.0,B489_ARC_xxx_slice6-Ort.czi,old,pomc,upper
41,91.0,1.6923076923076923,154.0,B489_ARC_xxx_slice6-Ort.czi,old,pomc,upper
42,17.0,3.6470588235294117,62.0,B489_ARC_xxx_slice6-Ort.czi,old,pomc,upper
43,58.0,1.9482758620689655,113.0,B489_ARC_xxx_slice6-Ort.czi,old,pomc,upper
44,43.0,2.0,86.0,B489_ARC_xxx_slice6-Ort.czi,old,pomc,upper
45,54.0,1.8333333333333333,99.0,B489_ARC_xxx_slice6-Ort.czi,old,pomc,upper
46,18.0,2.0555555555555554,37.0,B489_ARC_xxx_slice6-Ort.czi,old,pomc,upper
47,13.0,2.4615384615384617,32.0,B489_ARC_xxx_slice6-Ort.czi,old,pomc,upper
48,26.0,2.076923076923077,54.00000000000001,B489_ARC_xxx_slice6-Ort.czi,old,pomc,upper
49,1.0,2.0,2.0,B489_ARC_xxx_slice6-Ort.czi,old,pomc,upper
50,36.0,2.1666666666666665,78.0,B489_ARC_xxx_slice6-Ort.czi,old,pomc,upper
51,59.0,1.8644067796610169,110.0,B489_ARC_xxx_slice6-Ort.czi,old,pomc,upper
52,1.0,1.0,1.0,B489_ARC_xxx_slice6-Ort.czi,old,pomc,upper
53,18.0,1.8333333333333333,33.0,B489_ARC_xxx_slice6-Ort.czi,old,pomc,upper
54,88.0,1.9545454545454546,172.0,B489_ARC_xxx_slice6-Ort.czi,old,pomc,upper
55,25.0,2.2,55.00000000000001,B489_ARC_xxx_slice6-Ort.czi,old,pomc,upper
56,25.0,2.0,50.0,B489_ARC_xxx_slice6-Ort.czi,old,pomc,upper
57,75.0,1.8133333333333332,136.0,B489_ARC_xxx_slice6-Ort.czi,old,pomc,upper
58,27.0,1.7777777777777777,48.0,B489_ARC_xxx_slice6-Ort.czi,old,pomc,upper
59,19.0,2.4210526315789473,46.0,B489_ARC_xxx_slice6-Ort.czi,old,pomc,upper
60,62.0,1.6935483870967742,105.0,B489_ARC_xxx_slice6-Ort.czi,old,pomc,upper
61,41.0,2.268292682926829,92.99999999999999,B489_ARC_xxx_slice6-Ort.czi,old,pomc,upper
62,32.0,1.625,52.0,B489_ARC_xxx_slice6-Ort.czi,old,pomc,upper
63,123.0,1.943089430894309,239.0,B489_ARC_xxx_slice6-Ort.czi,old,pomc,upper
64,35.0,1.542857142857143,54.0,B489_ARC_xxx_slice6-Ort.czi,old,pomc,upper
65,47.0,2.021276595744681,95.0,B489_ARC_xxx_slice6-Ort.czi,old,pomc,upper
66,33.0,2.4242424242424243,80.0,B489_ARC_xxx_slice6-Ort.czi,old,pomc,upper
67,1.0,1.0,1.0,B489_ARC_xxx_slice6-Ort.czi,old,pomc,upper
68,11.0,2.0,22.0,B489_ARC_xxx_slice6-Ort.czi,old,pomc,upper
69,32.0,1.96875,63.0,B489_ARC_xxx_slice6-Ort.czi,old,pomc,upper
70,1.0,1.0,1.0,B489_ARC_xxx_slice6-Ort.czi,old,pomc,upper
71,10.0,2.0,20.0,B489_ARC_xxx_slice6-Ort.czi,old,pomc,upper
72,68.0,1.6470588235294117,112.0,B489_ARC_xxx_slice6-Ort.czi,old,pomc,upper
73,1.0,2.0,2.0,B489_ARC_xxx_slice6-Ort.czi,old,pomc,upper
74,41.0,1.7073170731707317,70.0,B489_ARC_xxx_slice6-Ort.czi,old,pomc,upper
75,1.0,1.0,1.0,B489_ARC_xxx_slice6-Ort.czi,old,pomc,upper
76,74.0,1.837837837837838,136.0,B489_ARC_xxx_slice6-Ort.czi,old,pomc,upper
77,106.0,1.8584905660377358,197.0,B489_ARC_xxx_slice6-Ort.czi,old,pomc,upper
78,21.0,1.619047619047619,34.0,B489_ARC_xxx_slice6-Ort.czi,old,pomc,upper
79,1.0,0.0,0.0,B489_ARC_xxx_slice6-Ort.czi,old,pomc,upper
80,50.0,1.98,99.0,B489_ARC_xxx_slice6-Ort.czi,old,pomc,upper
81,12.0,1.4166666666666667,17.0,B489_ARC_xxx_slice6-Ort.czi,old,pomc,upper
82,113.0,1.8938053097345133,214.0,B489_ARC_xxx_slice6-Ort.czi,old,pomc,upper
83,69.0,2.130434782608696,147.0,B489_ARC_xxx_slice6-Ort.czi,old,pomc,upper
84,54.0,2.6296296296296298,142.0,B489_ARC_xxx_slice6-Ort.czi,old,pomc,upper
85,73.0,1.9863013698630136,145.0,B489_ARC_xxx_slice6-Ort.czi,old,pomc,upper
86,580.0,1.9689655172413794,1142.0,B489_ARC_xxx_slice6-Ort.czi,old,pomc,upper
87,22.0,1.8636363636363635,41.0,B489_ARC_xxx_slice6-Ort.czi,old,pomc,upper
88,298.0,1.7953020134228188,535.0,B489_ARC_xxx_slice6-Ort.czi,old,pomc,upper
89,67.0,2.074626865671642,139.0,B489_ARC_xxx_slice6-Ort.czi,old,pomc,upper
90,106.0,2.2641509433962264,240.0,B489_ARC_xxx_slice6-Ort.czi,old,pomc,upper
91,3.0,1.3333333333333333,4.0,B489_ARC_xxx_slice6-Ort.czi,old,pomc,upper
92,41.0,1.829268292682927,75.0,B489_ARC_xxx_slice6-Ort.czi,old,pomc,upper
93,18.0,2.111111111111111,38.0,B489_ARC_xxx_slice6-Ort.czi,old,pomc,upper
94,94.0,1.872340425531915,176.0,B489_ARC_xxx_slice6-Ort.czi,old,pomc,upper
95,2.0,1.0,2.0,B489_ARC_xxx_slice6-Ort.czi,old,pomc,upper
96,43.0,1.9534883720930232,84.0,B489_ARC_xxx_slice6-Ort.czi,old,pomc,upper
97,102.0,2.0392156862745097,208.0,B489_ARC_xxx_slice6-Ort.czi,old,pomc,upper
98,249.0,2.0120481927710845,501.00000000000006,B489_ARC_xxx_slice6-Ort.czi,old,pomc,upper
99,54.0,1.8888888888888888,102.0,B489_ARC_xxx_slice6-Ort.czi,old,pomc,upper
100,17.0,2.5294117647058822,43.0,B489_ARC_xxx_slice6-Ort.czi,old,pomc,upper
101,31.0,1.8064516129032258,56.0,B489_ARC_xxx_slice6-Ort.czi,old,pomc,upper
102,36.0,2.4722222222222223,89.0,B489_ARC_xxx_slice6-Ort.czi,old,pomc,upper
103,127.0,1.7716535433070866,225.0,B489_ARC_xxx_slice6-Ort.czi,old,pomc,upper
104,103.0,1.8640776699029127,192.0,B489_ARC_xxx_slice6-Ort.czi,old,pomc,upper
105,1.0,1.0,1.0,B489_ARC_xxx_slice6-Ort.czi,old,pomc,upper
106,48.0,1.6458333333333333,79.0,B489_ARC_xxx_slice6-Ort.czi,old,pomc,upper
107,1.0,4.0,4.0,B489_ARC_xxx_slice6-Ort.czi,old,pomc,upper
108,57.0,2.1403508771929824,122.0,B489_ARC_xxx_slice6-Ort.czi,old,pomc,upper
109,139.0,1.856115107913669,258.0,B489_ARC_xxx_slice6-Ort.czi,old,pomc,upper
110,22.0,2.0454545454545454,45.0,B489_ARC_xxx_slice6-Ort.czi,old,pomc,upper
111,73.0,1.8630136986301369,136.0,B489_ARC_xxx_slice6-Ort.czi,old,pomc,upper
112,138.0,2.1449275362318843,296.0,B489_ARC_xxx_slice6-Ort.czi,old,pomc,upper
113,114.0,1.7280701754385965,197.0,B489_ARC_xxx_slice6-Ort.czi,old,pomc,upper
114,176.0,2.0056818181818183,353.0,B489_ARC_xxx_slice6-Ort.czi,old,pomc,upper
115,106.0,1.9622641509433962,208.0,B489_ARC_xxx_slice6-Ort.czi,old,pomc,upper
116,1.0,3.0,3.0,B489_ARC_xxx_slice6-Ort.czi,old,pomc,upper
117,79.0,2.329113924050633,184.0,B489_ARC_xxx_slice6-Ort.czi,old,pomc,upper
118,17.0,1.7647058823529411,30.0,B489_ARC_xxx_slice6-Ort.czi,old,pomc,upper
119,20.0,2.15,43.0,B489_ARC_xxx_slice6-Ort.czi,old,pomc,upper
120,21.0,1.7142857142857142,36.0,B489_ARC_xxx_slice6-Ort.czi,old,pomc,upper
121,18.0,1.6666666666666667,30.0,B489_ARC_xxx_slice6-Ort.czi,old,pomc,upper
122,113.0,1.7699115044247788,200.0,B489_ARC_xxx_slice6-Ort.czi,old,pomc,upper
123,51.0,2.3333333333333335,119.00000000000001,B489_ARC_xxx_slice6-Ort.czi,old,pomc,upper
124,183.0,1.9781420765027322,362.0,B489_ARC_xxx_slice6-Ort.czi,old,pomc,upper
125,9.0,1.7777777777777777,16.0,B489_ARC_xxx_slice6-Ort.czi,old,pomc,upper
126,42.0,2.4523809523809526,103.0,B489_ARC_xxx_slice6-Ort.czi,old,pomc,upper
127,1.0,1.0,1.0,B489_ARC_xxx_slice6-Ort.czi,old,pomc,upper
128,35.0,1.7714285714285714,62.0,B489_ARC_xxx_slice6-Ort.czi,old,pomc,upper
129,56.0,1.9821428571428572,111.0,B489_ARC_xxx_slice6-Ort.czi,old,pomc,upper
130,5.0,1.6,8.0,B489_ARC_xxx_slice6-Ort.czi,old,pomc,upper
131,8.0,2.0,16.0,B489_ARC_xxx_slice6-Ort.czi,old,pomc,upper
132,150.0,1.84,276.0,B489_ARC_xxx_slice6-Ort.czi,old,pomc,upper
133,1.0,1.0,1.0,B489_ARC_xxx_slice6-Ort.czi,old,pomc,upper
134,27.0,2.259259259259259,60.99999999999999,B489_ARC_xxx_slice6-Ort.czi,old,pomc,upper
135,44.0,1.6590909090909092,73.0,B489_ARC_xxx_slice6-Ort.czi,old,pomc,upper
136,1.0,2.0,2.0,B489_ARC_xxx_slice6-Ort.czi,old,pomc,upper
137,100.0,1.98,198.0,B489_ARC_xxx_slice6-Ort.czi,old,pomc,upper
138,5.0,1.2,6.0,B489_ARC_xxx_slice6-Ort.czi,old,pomc,upper
139,43.0,1.558139534883721,67.0,B489_ARC_xxx_slice6-Ort.czi,old,pomc,upper
140,1.0,2.0,2.0,B489_ARC_xxx_slice6-Ort.czi,old,pomc,upper
141,10.0,1.7,17.0,B489_ARC_xxx_slice6-Ort.czi,old,pomc,upper
142,20.0,2.1,42.0,B489_ARC_xxx_slice6-Ort.czi,old,pomc,upper
143,6.0,1.5,9.0,B489_ARC_xxx_slice6-Ort.czi,old,pomc,upper
144,63.0,1.8571428571428572,117.0,B489_ARC_xxx_slice6-Ort.czi,old,pomc,upper
145,49.0,1.9591836734693877,96.0,B489_ARC_xxx_slice6-Ort.czi,old,pomc,upper
146,62.0,1.8387096774193548,114.0,B489_ARC_xxx_slice6-Ort.czi,old,pomc,upper
147,127.0,2.0236220472440944,257.0,B489_ARC_xxx_slice6-Ort.czi,old,pomc,upper
148,8.0,2.25,18.0,B489_ARC_xxx_slice6-Ort.czi,old,pomc,upper
149,4.0,1.75,7.0,B489_ARC_xxx_slice6-Ort.czi,old,pomc,upper
150,25.0,1.56,39.0,B489_ARC_xxx_slice6-Ort.czi,old,pomc,upper
151,48.0,1.6041666666666667,77.0,B489_ARC_xxx_slice6-Ort.czi,old,pomc,upper
152,21.0,2.380952380952381,50.0,B489_ARC_xxx_slice6-Ort.czi,old,pomc,upper
153,46.0,1.934782608695652,89.0,B489_ARC_xxx_slice6-Ort.czi,old,pomc,upper
154,89.0,1.6853932584269662,150.0,B489_ARC_xxx_slice6-Ort.czi,old,pomc,upper
155,6.0,1.8333333333333333,11.0,B489_ARC_xxx_slice6-Ort.czi,old,pomc,upper
156,52.0,2.269230769230769,118.0,B489_ARC_xxx_slice6-Ort.czi,old,pomc,upper
157,1.0,2.0,2.0,B489_ARC_xxx_slice6-Ort.czi,old,pomc,upper
158,1.0,2.0,2.0,B489_ARC_xxx_slice6-Ort.czi,old,pomc,upper
159,24.0,2.0,48.0,B489_ARC_xxx_slice6-Ort.czi,old,pomc,upper
160,12.0,1.8333333333333333,22.0,B489_ARC_xxx_slice6-Ort.czi,old,pomc,upper
161,38.0,1.763157894736842,67.0,B489_ARC_xxx_slice6-Ort.czi,old,pomc,upper
162,6.0,1.8333333333333333,11.0,B489_ARC_xxx_slice6-Ort.czi,old,pomc,upper
163,25.0,1.8,45.0,B489_ARC_xxx_slice6-Ort.czi,old,pomc,upper
164,9.0,2.111111111111111,19.0,B489_ARC_xxx_slice6-Ort.czi,old,pomc,upper
165,18.0,1.4444444444444444,26.0,B489_ARC_xxx_slice6-Ort.czi,old,pomc,upper
166,109.0,1.7706422018348624,193.0,B489_ARC_xxx_slice6-Ort.czi,old,pomc,upper
167,22.0,4.636363636363637,102.0,B489_ARC_xxx_slice6-Ort.czi,old,pomc,upper
168,92.0,2.130434782608696,196.0,B489_ARC_xxx_slice6-Ort.czi,old,pomc,upper
169,88.0,1.8636363636363635,164.0,B489_ARC_xxx_slice6-Ort.czi,old,pomc,upper
170,69.0,1.7391304347826086,120.0,B489_ARC_xxx_slice6-Ort.czi,old,pomc,upper
171,49.0,1.7551020408163265,86.0,B489_ARC_xxx_slice6-Ort.czi,old,pomc,upper
172,12.0,2.1666666666666665,26.0,B489_ARC_xxx_slice6-Ort.czi,old,pomc,upper
173,34.0,1.911764705882353,65.0,B489_ARC_xxx_slice6-Ort.czi,old,pomc,upper
174,1.0,2.0,2.0,B489_ARC_xxx_slice6-Ort.czi,old,pomc,upper
175,182.0,2.010989010989011,366.0,B489_ARC_xxx_slice6-Ort.czi,old,pomc,upper
176,95.0,1.6631578947368422,158.0,B489_ARC_xxx_slice6-Ort.czi,old,pomc,upper
177,2.0,2.0,4.0,B489_ARC_xxx_slice6-Ort.czi,old,pomc,upper
178,51.0,2.0980392156862746,107.0,B489_ARC_xxx_slice6-Ort.czi,old,pomc,upper
179,46.0,2.1739130434782608,100.0,B489_ARC_xxx_slice6-Ort.czi,old,pomc,upper
180,1.0,2.0,2.0,B489_ARC_xxx_slice6-Ort.czi,old,pomc,upper
181,45.0,2.066666666666667,93.00000000000001,B489_ARC_xxx_slice6-Ort.czi,old,pomc,upper
182,3.0,1.6666666666666667,5.0,B489_ARC_xxx_slice6-Ort.czi,old,pomc,upper
183,37.0,1.5675675675675675,58.0,B489_ARC_xxx_slice6-Ort.czi,old,pomc,upper
184,10.0,2.1,21.0,B489_ARC_xxx_slice6-Ort.czi,old,pomc,upper
185,89.0,2.50561797752809,223.0,B489_ARC_xxx_slice6-Ort.czi,old,pomc,upper
186,7.0,1.4285714285714286,10.0,B489_ARC_xxx_slice6-Ort.czi,old,pomc,upper
187,4.0,2.0,8.0,B489_ARC_xxx_slice6-Ort.czi,old,pomc,upper
188,28.0,1.6071428571428572,45.0,B489_ARC_xxx_slice6-Ort.czi,old,pomc,upper
189,1.0,1.0,1.0,B489_ARC_xxx_slice6-Ort.czi,old,pomc,upper
190,61.0,1.8032786885245902,110.0,B489_ARC_xxx_slice6-Ort.czi,old,pomc,upper
191,97.0,2.0103092783505154,195.0,B489_ARC_xxx_slice6-Ort.czi,old,pomc,upper
192,78.0,1.9871794871794872,155.0,B489_ARC_xxx_slice6-Ort.czi,old,pomc,upper
193,71.0,1.7887323943661972,127.0,B489_ARC_xxx_slice6-Ort.czi,old,pomc,upper
194,106.0,1.6886792452830188,179.0,B489_ARC_xxx_slice6-Ort.czi,old,pomc,upper
195,3.0,1.0,3.0,B489_ARC_xxx_slice6-Ort.czi,old,pomc,upper
196,47.0,1.6595744680851063,78.0,B489_ARC_xxx_slice6-Ort.czi,old,pomc,upper
197,22.0,1.7272727272727273,38.0,B489_ARC_xxx_slice6-Ort.czi,old,pomc,upper
198,18.0,2.1666666666666665,39.0,B489_ARC_xxx_slice6-Ort.czi,old,pomc,upper
199,39.0,2.128205128205128,83.0,B489_ARC_xxx_slice6-Ort.czi,old,pomc,upper
200,6.0,2.6666666666666665,16.0,B489_ARC_xxx_slice6-Ort.czi,old,pomc,upper
201,68.0,1.8529411764705883,126.0,B489_ARC_xxx_slice6-Ort.czi,old,pomc,upper
202,7.0,1.7142857142857142,12.0,B489_ARC_xxx_slice6-Ort.czi,old,pomc,upper
203,18.0,1.7777777777777777,32.0,B489_ARC_xxx_slice6-Ort.czi,old,pomc,upper
204,22.0,1.9545454545454546,43.0,B489_ARC_xxx_slice6-Ort.czi,old,pomc,upper
205,101.0,1.7722772277227723,179.0,B489_ARC_xxx_slice6-Ort.czi,old,pomc,upper
206,34.0,1.7941176470588236,61.0,B489_ARC_xxx_slice6-Ort.czi,old,pomc,upper
207,134.0,2.037313432835821,273.00000000000006,B489_ARC_xxx_slice6-Ort.czi,old,pomc,upper
208,68.0,1.7941176470588236,122.0,B489_ARC_xxx_slice6-Ort.czi,old,pomc,upper
209,13.0,1.7692307692307692,23.0,B489_ARC_xxx_slice6-Ort.czi,old,pomc,upper
210,85.0,2.023529411764706,172.0,B489_ARC_xxx_slice6-Ort.czi,old,pomc,upper
211,33.0,2.0,66.0,B489_ARC_xxx_slice6-Ort.czi,old,pomc,upper
212,1.0,1.0,1.0,B489_ARC_xxx_slice6-Ort.czi,old,pomc,upper
213,92.0,2.0434782608695654,188.00000000000003,B489_ARC_xxx_slice6-Ort.czi,old,pomc,upper
214,1.0,2.0,2.0,B489_ARC_xxx_slice6-Ort.czi,old,pomc,upper
215,43.0,1.627906976744186,70.0,B489_ARC_xxx_slice6-Ort.czi,old,pomc,upper
216,1.0,2.0,2.0,B489_ARC_xxx_slice6-Ort.czi,old,pomc,upper
217,11.0,2.4545454545454546,27.0,B489_ARC_xxx_slice6-Ort.czi,old,pomc,upper
218,72.0,1.9583333333333333,141.0,B489_ARC_xxx_slice6-Ort.czi,old,pomc,upper
219,297.0,1.7508417508417509,520.0,B489_ARC_xxx_slice6-Ort.czi,old,pomc,upper
220,66.0,1.4848484848484849,98.0,B489_ARC_xxx_slice6-Ort.czi,old,pomc,upper
221,35.0,2.3714285714285714,83.0,B489_ARC_xxx_slice6-Ort.czi,old,pomc,upper
222,75.0,1.92,144.0,B489_ARC_xxx_slice6-Ort.czi,old,pomc,upper
223,79.0,2.050632911392405,162.0,B489_ARC_xxx_slice6-Ort.czi,old,pomc,upper
224,108.0,1.8518518518518519,200.0,B489_ARC_xxx_slice6-Ort.czi,old,pomc,upper
225,40.0,1.875,75.0,B489_ARC_xxx_slice6-Ort.czi,old,pomc,upper
226,5.0,0.8,4.0,B489_ARC_xxx_slice6-Ort.czi,old,pomc,upper
227,1.0,2.0,2.0,B489_ARC_xxx_slice6-Ort.czi,old,pomc,upper
228,14.0,1.9285714285714286,27.0,B489_ARC_xxx_slice6-Ort.czi,old,pomc,upper
229,145.0,1.6344827586206896,237.0,B489_ARC_xxx_slice6-Ort.czi,old,pomc,upper
230,1.0,2.0,2.0,B489_ARC_xxx_slice6-Ort.czi,old,pomc,upper
231,1.0,3.0,3.0,B489_ARC_xxx_slice6-Ort.czi,old,pomc,upper
232,51.0,2.0,102.0,B489_ARC_xxx_slice6-Ort.czi,old,pomc,upper
233,24.0,1.875,45.0,B489_ARC_xxx_slice6-Ort.czi,old,pomc,upper
234,16.0,1.625,26.0,B489_ARC_xxx_slice6-Ort.czi,old,pomc,upper
235,31.0,1.7096774193548387,53.0,B489_ARC_xxx_slice6-Ort.czi,old,pomc,upper
236,69.0,1.7681159420289856,122.0,B489_ARC_xxx_slice6-Ort.czi,old,pomc,upper
237,71.0,1.732394366197183,123.0,B489_ARC_xxx_slice6-Ort.czi,old,pomc,upper
238,55.0,1.9636363636363636,108.0,B489_ARC_xxx_slice6-Ort.czi,old,pomc,upper
239,12.0,1.5833333333333333,19.0,B489_ARC_xxx_slice6-Ort.czi,old,pomc,upper
240,50.0,2.18,109.00000000000001,B489_ARC_xxx_slice6-Ort.czi,old,pomc,upper
241,10.0,1.9,19.0,B489_ARC_xxx_slice6-Ort.czi,old,pomc,upper
242,9.0,1.7777777777777777,16.0,B489_ARC_xxx_slice6-Ort.czi,old,pomc,upper
243,43.0,1.6511627906976745,71.0,B489_ARC_xxx_slice6-Ort.czi,old,pomc,upper
244,189.0,2.185185185185185,413.0,B489_ARC_xxx_slice6-Ort.czi,old,pomc,upper
245,1.0,2.0,2.0,B489_ARC_xxx_slice6-Ort.czi,old,pomc,upper
246,363.0,1.8760330578512396,681.0,B489_ARC_xxx_slice6-Ort.czi,old,pomc,upper
247,1.0,1.0,1.0,B489_ARC_xxx_slice6-Ort.czi,old,pomc,upper
248,66.0,2.1363636363636362,141.0,B489_ARC_xxx_slice6-Ort.czi,old,pomc,upper
249,153.0,1.9673202614379084,301.0,B489_ARC_xxx_slice6-Ort.czi,old,pomc,upper
250,2.0,1.0,2.0,B489_ARC_xxx_slice6-Ort.czi,old,pomc,upper
251,4.0,1.0,4.0,B489_ARC_xxx_slice6-Ort.czi,old,pomc,upper
252,25.0,2.92,73.0,B489_ARC_xxx_slice6-Ort.czi,old,pomc,upper
253,32.0,1.78125,57.0,B489_ARC_xxx_slice6-Ort.czi,old,pomc,upper
254,59.0,1.7966101694915255,106.0,B489_ARC_xxx_slice6-Ort.czi,old,pomc,upper
255,126.0,2.0714285714285716,261.0,B489_ARC_xxx_slice6-Ort.czi,old,pomc,upper
256,22.0,2.090909090909091,46.0,B489_ARC_xxx_slice6-Ort.czi,old,pomc,upper
257,140.0,1.8142857142857143,254.0,B489_ARC_xxx_slice6-Ort.czi,old,pomc,upper
258,21.0,1.7619047619047619,37.0,B489_ARC_xxx_slice6-Ort.czi,old,pomc,upper
259,92.0,2.141304347826087,197.0,B489_ARC_xxx_slice6-Ort.czi,old,pomc,upper
260,1.0,1.0,1.0,B489_ARC_xxx_slice6-Ort.czi,old,pomc,upper
261,23.0,1.9130434782608696,44.0,B489_ARC_xxx_slice6-Ort.czi,old,pomc,upper
262,63.0,2.142857142857143,135.0,B489_ARC_xxx_slice6-Ort.czi,old,pomc,upper
263,57.0,2.245614035087719,128.0,B489_ARC_xxx_slice6-Ort.czi,old,pomc,upper
264,72.0,1.6805555555555556,121.0,B489_ARC_xxx_slice6-Ort.czi,old,pomc,upper
265,36.0,1.6111111111111112,58.0,B489_ARC_xxx_slice6-Ort.czi,old,pomc,upper
266,2.0,1.0,2.0,B489_ARC_xxx_slice6-Ort.czi,old,pomc,upper
267,108.0,1.712962962962963,185.0,B489_ARC_xxx_slice6-Ort.czi,old,pomc,upper
268,1.0,2.0,2.0,B489_ARC_xxx_slice6-Ort.czi,old,pomc,upper
269,9.0,1.6666666666666667,15.0,B489_ARC_xxx_slice6-Ort.czi,old,pomc,upper
270,1.0,4.0,4.0,B489_ARC_xxx_slice6-Ort.czi,old,pomc,upper
271,37.0,2.081081081081081,77.0,B489_ARC_xxx_slice6-Ort.czi,old,pomc,upper
272,1.0,0.0,0.0,B489_ARC_xxx_slice6-Ort.czi,old,pomc,upper
273,32.0,1.71875,55.0,B489_ARC_xxx_slice6-Ort.czi,old,pomc,upper
274,20.0,1.7,34.0,B489_ARC_xxx_slice6-Ort.czi,old,pomc,upper
275,20.0,2.15,43.0,B489_ARC_xxx_slice6-Ort.czi,old,pomc,upper
276,236.0,1.9745762711864407,466.0,B489_ARC_xxx_slice6-Ort.czi,old,pomc,upper
277,37.0,1.837837837837838,68.0,B489_ARC_xxx_slice6-Ort.czi,old,pomc,upper
278,32.0,2.0,64.0,B489_ARC_xxx_slice6-Ort.czi,old,pomc,upper
279,39.0,1.7692307692307692,69.0,B489_ARC_xxx_slice6-Ort.czi,old,pomc,upper
280,9.0,1.3333333333333333,12.0,B489_ARC_xxx_slice6-Ort.czi,old,pomc,upper
281,51.0,2.0588235294117645,104.99999999999999,B489_ARC_xxx_slice6-Ort.czi,old,pomc,upper
282,2.0,1.5,3.0,B489_ARC_xxx_slice6-Ort.czi,old,pomc,upper
283,44.0,2.2954545454545454,101.0,B489_ARC_xxx_slice6-Ort.czi,old,pomc,upper
284,472.0,1.7097457627118644,807.0,B489_ARC_xxx_slice6-Ort.czi,old,pomc,upper
285,10.0,1.8,18.0,B489_ARC_xxx_slice6-Ort.czi,old,pomc,upper
286,4.0,3.0,12.0,B489_ARC_xxx_slice6-Ort.czi,old,pomc,upper
287,167.0,2.215568862275449,370.0,B489_ARC_xxx_slice6-Ort.czi,old,pomc,upper
288,11.0,1.9090909090909092,21.0,B489_ARC_xxx_slice6-Ort.czi,old,pomc,upper
289,110.0,1.690909090909091,186.0,B489_ARC_xxx_slice6-Ort.czi,old,pomc,upper
290,13.0,2.0,26.0,B489_ARC_xxx_slice6-Ort.czi,old,pomc,upper
291,34.0,2.2941176470588234,78.0,B489_ARC_xxx_slice6-Ort.czi,old,pomc,upper
292,24.0,1.5,36.0,B489_ARC_xxx_slice6-Ort.czi,old,pomc,upper
293,94.0,2.148936170212766,202.0,B489_ARC_xxx_slice6-Ort.czi,old,pomc,upper
294,235.0,2.217021276595745,521.0,B489_ARC_xxx_slice6-Ort.czi,old,pomc,upper
295,20.0,2.25,45.0,B489_ARC_xxx_slice6-Ort.czi,old,pomc,upper
296,80.0,1.6625,133.0,B489_ARC_xxx_slice6-Ort.czi,old,pomc,upper
297,17.0,1.6470588235294117,28.0,B489_ARC_xxx_slice6-Ort.czi,old,pomc,upper
298,20.0,1.8,36.0,B489_ARC_xxx_slice6-Ort.czi,old,pomc,upper
299,17.0,1.588235294117647,27.0,B489_ARC_xxx_slice6-Ort.czi,old,pomc,upper
300,58.0,2.3448275862068964,136.0,B489_ARC_xxx_slice6-Ort.czi,old,pomc,upper
301,55.0,2.090909090909091,115.0,B489_ARC_xxx_slice6-Ort.czi,old,pomc,upper
302,2.0,1.5,3.0,B489_ARC_xxx_slice6-Ort.czi,old,pomc,upper
303,44.0,1.5909090909090908,70.0,B489_ARC_xxx_slice6-Ort.czi,old,pomc,upper
304,5.0,0.8,4.0,B489_ARC_xxx_slice6-Ort.czi,old,pomc,upper
305,33.0,2.242424242424242,74.0,B489_ARC_xxx_slice6-Ort.czi,old,pomc,upper
306,38.0,2.289473684210526,86.99999999999999,B489_ARC_xxx_slice6-Ort.czi,old,pomc,upper
307,69.0,2.0434782608695654,141.0,B489_ARC_xxx_slice6-Ort.czi,old,pomc,upper
308,77.0,1.844155844155844,142.0,B489_ARC_xxx_slice6-Ort.czi,old,pomc,upper
309,33.0,2.0606060606060606,68.0,B489_ARC_xxx_slice6-Ort.czi,old,pomc,upper
310,1.0,2.0,2.0,B489_ARC_xxx_slice6-Ort.czi,old,pomc,upper
311,4.0,2.25,9.0,B489_ARC_xxx_slice6-Ort.czi,old,pomc,upper
312,77.0,2.5194805194805197,194.0,B489_ARC_xxx_slice6-Ort.czi,old,pomc,upper
313,188.0,1.7393617021276595,327.0,B489_ARC_xxx_slice6-Ort.czi,old,pomc,upper
314,108.0,2.064814814814815,223.0,B489_ARC_xxx_slice6-Ort.czi,old,pomc,upper
315,58.0,1.5344827586206897,89.0,B489_ARC_xxx_slice6-Ort.czi,old,pomc,upper
316,41.0,1.5609756097560976,64.0,B489_ARC_xxx_slice6-Ort.czi,old,pomc,upper
317,31.0,2.225806451612903,69.0,B489_ARC_xxx_slice6-Ort.czi,old,pomc,upper
318,26.0,2.1538461538461537,56.0,B489_ARC_xxx_slice6-Ort.czi,old,pomc,upper
319,7.0,1.7142857142857142,12.0,B489_ARC_xxx_slice6-Ort.czi,old,pomc,upper
320,119.0,2.0840336134453783,248.00000000000003,B489_ARC_xxx_slice6-Ort.czi,old,pomc,upper
321,2.0,1.0,2.0,B489_ARC_xxx_slice6-Ort.czi,old,pomc,upper
322,66.0,1.5606060606060606,103.0,B489_ARC_xxx_slice6-Ort.czi,old,pomc,upper
323,14.0,2.2142857142857144,31.0,B489_ARC_xxx_slice6-Ort.czi,old,pomc,upper
324,51.0,2.1176470588235294,108.0,B489_ARC_xxx_slice6-Ort.czi,old,pomc,upper
325,1.0,2.0,2.0,B489_ARC_xxx_slice6-Ort.czi,old,pomc,upper
326,40.0,1.6,64.0,B489_ARC_xxx_slice6-Ort.czi,old,pomc,upper
327,146.0,2.047945205479452,299.0,B489_ARC_xxx_slice6-Ort.czi,old,pomc,upper
328,147.0,1.8639455782312926,274.0,B489_ARC_xxx_slice6-Ort.czi,old,pomc,upper
329,1.0,3.0,3.0,B489_ARC_xxx_slice6-Ort.czi,old,pomc,upper
330,68.0,1.8088235294117647,123.0,B489_ARC_xxx_slice6-Ort.czi,old,pomc,upper
331,7.0,1.1428571428571428,8.0,B489_ARC_xxx_slice6-Ort.czi,old,pomc,upper
332,283.0,1.8303886925795052,518.0,B489_ARC_xxx_slice6-Ort.czi,old,pomc,upper
333,116.0,2.0172413793103448,234.0,B489_ARC_xxx_slice6-Ort.czi,old,pomc,upper
334,103.0,1.825242718446602,188.0,B489_ARC_xxx_slice6-Ort.czi,old,pomc,upper
335,4.0,1.5,6.0,B489_ARC_xxx_slice6-Ort.czi,old,pomc,upper
336,38.0,1.763157894736842,67.0,B489_ARC_xxx_slice6-Ort.czi,old,pomc,upper
337,28.0,2.2857142857142856,64.0,B489_ARC_xxx_slice6-Ort.czi,old,pomc,upper
338,79.0,2.4177215189873418,191.0,B489_ARC_xxx_slice6-Ort.czi,old,pomc,upper
339,27.0,1.8518518518518519,50.0,B489_ARC_xxx_slice6-Ort.czi,old,pomc,upper
340,12.0,1.6666666666666667,20.0,B489_ARC_xxx_slice6-Ort.czi,old,pomc,upper
341,8.0,2.0,16.0,B489_ARC_xxx_slice6-Ort.czi,old,pomc,upper
342,33.0,1.8181818181818181,60.0,B489_ARC_xxx_slice6-Ort.czi,old,pomc,upper
343,2.0,0.5,1.0,B489_ARC_xxx_slice6-Ort.czi,old,pomc,upper
344,12.0,1.6666666666666667,20.0,B489_ARC_xxx_slice6-Ort.czi,old,pomc,upper
345,24.0,2.1666666666666665,52.0,B489_ARC_xxx_slice6-Ort.czi,old,pomc,upper
346,217.0,1.728110599078341,375.0,B489_ARC_xxx_slice6-Ort.czi,old,pomc,upper
347,157.0,1.821656050955414,286.0,B489_ARC_xxx_slice6-Ort.czi,old,pomc,upper
348,2.0,2.0,4.0,B489_ARC_xxx_slice6-Ort.czi,old,pomc,upper
349,12.0,2.1666666666666665,26.0,B489_ARC_xxx_slice6-Ort.czi,old,pomc,upper
350,79.0,2.3037974683544302,182.0,B489_ARC_xxx_slice6-Ort.czi,old,pomc,upper
351,68.0,2.1029411764705883,143.0,B489_ARC_xxx_slice6-Ort.czi,old,pomc,upper
352,50.0,2.08,104.0,B489_ARC_xxx_slice6-Ort.czi,old,pomc,upper
353,140.0,1.9785714285714286,277.0,B489_ARC_xxx_slice6-Ort.czi,old,pomc,upper
354,14.0,1.9285714285714286,27.0,B489_ARC_xxx_slice6-Ort.czi,old,pomc,upper
355,83.0,1.6746987951807228,139.0,B489_ARC_xxx_slice6-Ort.czi,old,pomc,upper
356,43.0,1.6744186046511629,72.0,B489_ARC_xxx_slice6-Ort.czi,old,pomc,upper
357,22.0,2.6818181818181817,59.0,B489_ARC_xxx_slice6-Ort.czi,old,pomc,upper
358,48.0,1.7291666666666667,83.0,B489_ARC_xxx_slice6-Ort.czi,old,pomc,upper
359,25.0,1.68,42.0,B489_ARC_xxx_slice6-Ort.czi,old,pomc,upper
360,165.0,1.8363636363636364,303.0,B489_ARC_xxx_slice6-Ort.czi,old,pomc,upper
361,80.0,2.125,170.0,B489_ARC_xxx_slice6-Ort.czi,old,pomc,upper
362,25.0,2.12,53.0,B489_ARC_xxx_slice6-Ort.czi,old,pomc,upper
363,20.0,2.0,40.0,B489_ARC_xxx_slice6-Ort.czi,old,pomc,upper
364,158.0,2.411392405063291,381.0,B489_ARC_xxx_slice6-Ort.czi,old,pomc,upper
365,47.0,1.9787234042553192,93.0,B489_ARC_xxx_slice6-Ort.czi,old,pomc,upper
366,37.0,1.8108108108108107,67.0,B489_ARC_xxx_slice6-Ort.czi,old,pomc,upper
367,7.0,2.0,14.0,B489_ARC_xxx_slice6-Ort.czi,old,pomc,upper
368,34.0,1.9411764705882353,66.0,B489_ARC_xxx_slice6-Ort.czi,old,pomc,upper
369,51.0,2.392156862745098,122.0,B489_ARC_xxx_slice6-Ort.czi,old,pomc,upper
370,123.0,1.6178861788617886,199.0,B489_ARC_xxx_slice6-Ort.czi,old,pomc,upper
371,38.0,1.894736842105263,72.0,B489_ARC_xxx_slice6-Ort.czi,old,pomc,upper
372,35.0,2.0,70.0,B489_ARC_xxx_slice6-Ort.czi,old,pomc,upper
373,130.0,2.0153846153846153,262.0,B489_ARC_xxx_slice6-Ort.czi,old,pomc,upper
374,85.0,2.1294117647058823,181.0,B489_ARC_xxx_slice6-Ort.czi,old,pomc,upper
375,1.0,1.0,1.0,B489_ARC_xxx_slice6-Ort.czi,old,pomc,upper
376,345.0,1.8318840579710145,632.0,B489_ARC_xxx_slice6-Ort.czi,old,pomc,upper
377,76.0,1.513157894736842,115.0,B489_ARC_xxx_slice6-Ort.czi,old,pomc,upper
378,48.0,1.6875,81.0,B489_ARC_xxx_slice6-Ort.czi,old,pomc,upper
379,14.0,1.6428571428571428,23.0,B489_ARC_xxx_slice6-Ort.czi,old,pomc,upper
380,49.0,1.653061224489796,81.0,B489_ARC_xxx_slice6-Ort.czi,old,pomc,upper
381,147.0,2.122448979591837,312.0,B489_ARC_xxx_slice6-Ort.czi,old,pomc,upper
382,190.0,2.0894736842105264,397.0,B489_ARC_xxx_slice6-Ort.czi,old,pomc,upper
383,31.0,1.6774193548387097,52.0,B489_ARC_xxx_slice6-Ort.czi,old,pomc,upper
384,135.0,1.9555555555555555,264.0,B489_ARC_xxx_slice6-Ort.czi,old,pomc,upper
385,55.0,1.8363636363636364,101.0,B489_ARC_xxx_slice6-Ort.czi,old,pomc,upper
386,23.0,1.9130434782608696,44.0,B489_ARC_xxx_slice6-Ort.czi,old,pomc,upper
387,16.0,2.0,32.0,B489_ARC_xxx_slice6-Ort.czi,old,pomc,upper
388,145.0,1.793103448275862,260.0,B489_ARC_xxx_slice6-Ort.czi,old,pomc,upper
389,61.0,2.0,122.0,B489_ARC_xxx_slice6-Ort.czi,old,pomc,upper
390,12.0,1.8333333333333333,22.0,B489_ARC_xxx_slice6-Ort.czi,old,pomc,upper
391,3.0,2.0,6.0,B489_ARC_xxx_slice6-Ort.czi,old,pomc,upper
392,237.0,1.9493670886075949,462.0,B489_ARC_xxx_slice6-Ort.czi,old,pomc,upper
393,25.0,1.6,40.0,B489_ARC_xxx_slice6-Ort.czi,old,pomc,upper
394,21.0,2.0476190476190474,43.0,B489_ARC_xxx_slice6-Ort.czi,old,pomc,upper
395,60.0,1.85,111.0,B489_ARC_xxx_slice6-Ort.czi,old,pomc,upper
396,29.0,1.7586206896551724,51.0,B489_ARC_xxx_slice6-Ort.czi,old,pomc,upper
397,37.0,1.6756756756756757,62.0,B489_ARC_xxx_slice6-Ort.czi,old,pomc,upper
398,129.0,1.821705426356589,235.0,B489_ARC_xxx_slice6-Ort.czi,old,pomc,upper
399,145.0,1.8206896551724139,264.0,B489_ARC_xxx_slice6-Ort.czi,old,pomc,upper
400,21.0,1.5238095238095237,32.0,B489_ARC_xxx_slice6-Ort.czi,old,pomc,upper
401,21.0,1.7142857142857142,36.0,B489_ARC_xxx_slice6-Ort.czi,old,pomc,upper
402,85.0,1.811764705882353,154.0,B489_ARC_xxx_slice6-Ort.czi,old,pomc,upper
403,126.0,1.7619047619047619,222.0,B489_ARC_xxx_slice6-Ort.czi,old,pomc,upper
404,7.0,2.7142857142857144,19.0,B489_ARC_xxx_slice6-Ort.czi,old,pomc,upper
405,11.0,1.9090909090909092,21.0,B489_ARC_xxx_slice6-Ort.czi,old,pomc,upper
406,17.0,2.176470588235294,37.0,B489_ARC_xxx_slice6-Ort.czi,old,pomc,upper
407,168.0,2.1845238095238093,366.99999999999994,B489_ARC_xxx_slice6-Ort.czi,old,pomc,upper
408,158.0,1.8227848101265822,288.0,B489_ARC_xxx_slice6-Ort.czi,old,pomc,upper
409,40.0,1.975,79.0,B489_ARC_xxx_slice6-Ort.czi,old,pomc,upper
410,1.0,2.0,2.0,B489_ARC_xxx_slice6-Ort.czi,old,pomc,upper
411,50.0,2.1,105.0,B489_ARC_xxx_slice6-Ort.czi,old,pomc,upper
412,58.0,3.1379310344827585,182.0,B489_ARC_xxx_slice6-Ort.czi,old,pomc,upper
413,38.0,1.5526315789473684,59.0,B489_ARC_xxx_slice6-Ort.czi,old,pomc,upper
414,1.0,2.0,2.0,B489_ARC_xxx_slice6-Ort.czi,old,pomc,upper
415,44.0,1.9772727272727273,87.0,B489_ARC_xxx_slice6-Ort.czi,old,pomc,upper
416,130.0,2.4846153846153847,323.0,B489_ARC_xxx_slice6-Ort.czi,old,pomc,upper
417,63.0,1.7777777777777777,112.0,B489_ARC_xxx_slice6-Ort.czi,old,pomc,upper
418,42.0,1.9285714285714286,81.0,B489_ARC_xxx_slice6-Ort.czi,old,pomc,upper
419,23.0,2.347826086956522,54.00000000000001,B489_ARC_xxx_slice6-Ort.czi,old,pomc,upper
420,35.0,2.085714285714286,73.0,B489_ARC_xxx_slice6-Ort.czi,old,pomc,upper
421,22.0,1.9545454545454546,43.0,B489_ARC_xxx_slice6-Ort.czi,old,pomc,upper
422,6.0,1.8333333333333333,11.0,B489_ARC_xxx_slice6-Ort.czi,old,pomc,upper
423,37.0,1.7027027027027026,63.0,B489_ARC_xxx_slice6-Ort.czi,old,pomc,upper
424,51.0,1.9607843137254901,100.0,B489_ARC_xxx_slice6-Ort.czi,old,pomc,upper
425,22.0,1.7727272727272727,39.0,B489_ARC_xxx_slice6-Ort.czi,old,pomc,upper
426,224.0,2.049107142857143,459.0,B489_ARC_xxx_slice6-Ort.czi,old,pomc,upper
427,48.0,1.8333333333333333,88.0,B489_ARC_xxx_slice6-Ort.czi,old,pomc,upper
428,26.0,2.3076923076923075,59.99999999999999,B489_ARC_xxx_slice6-Ort.czi,old,pomc,upper
429,7.0,1.7142857142857142,12.0,B489_ARC_xxx_slice6-Ort.czi,old,pomc,upper
430,39.0,1.8974358974358974,74.0,B489_ARC_xxx_slice6-Ort.czi,old,pomc,upper
431,74.0,2.324324324324324,171.99999999999997,B489_ARC_xxx_slice6-Ort.czi,old,pomc,upper
432,20.0,1.65,33.0,B489_ARC_xxx_slice6-Ort.czi,old,pomc,upper
433,7.0,2.142857142857143,15.0,B489_ARC_xxx_slice6-Ort.czi,old,pomc,upper
434,201.0,2.3333333333333335,469.00000000000006,B489_ARC_xxx_slice6-Ort.czi,old,pomc,upper
435,57.0,1.6140350877192982,92.0,B489_ARC_xxx_slice6-Ort.czi,old,pomc,upper
436,240.0,2.05,491.99999999999994,B489_ARC_xxx_slice6-Ort.czi,old,pomc,upper
437,4.0,0.75,3.0,B489_ARC_xxx_slice6-Ort.czi,old,pomc,upper
438,3.0,2.6666666666666665,8.0,B489_ARC_xxx_slice6-Ort.czi,old,pomc,upper
439,233.0,2.1201716738197427,494.00000000000006,B489_ARC_xxx_slice6-Ort.czi,old,pomc,upper
440,1.0,1.0,1.0,B489_ARC_xxx_slice6-Ort.czi,old,pomc,upper
441,49.0,1.836734693877551,90.0,B489_ARC_xxx_slice6-Ort.czi,old,pomc,upper
442,8.0,2.0,16.0,B489_ARC_xxx_slice6-Ort.czi,old,pomc,upper
443,43.0,2.116279069767442,91.00000000000001,B489_ARC_xxx_slice6-Ort.czi,old,pomc,upper
444,29.0,1.8275862068965518,53.0,B489_ARC_xxx_slice6-Ort.czi,old,pomc,upper
445,1.0,2.0,2.0,B489_ARC_xxx_slice6-Ort.czi,old,pomc,upper
446,60.0,1.7833333333333334,107.0,B489_ARC_xxx_slice6-Ort.czi,old,pomc,upper
447,33.0,1.7878787878787878,59.0,B489_ARC_xxx_slice6-Ort.czi,old,pomc,upper
448,21.0,2.0476190476190474,43.0,B489_ARC_xxx_slice6-Ort.czi,old,pomc,upper
449,31.0,1.903225806451613,59.0,B489_ARC_xxx_slice6-Ort.czi,old,pomc,upper
450,37.0,1.864864864864865,69.0,B489_ARC_xxx_slice6-Ort.czi,old,pomc,upper
451,48.0,1.8541666666666667,89.0,B489_ARC_xxx_slice6-Ort.czi,old,pomc,upper
452,20.0,1.9,38.0,B489_ARC_xxx_slice6-Ort.czi,old,pomc,upper
453,9.0,1.6666666666666667,15.0,B489_ARC_xxx_slice6-Ort.czi,old,pomc,upper
454,30.0,1.6333333333333333,49.0,B489_ARC_xxx_slice6-Ort.czi,old,pomc,upper
455,40.0,1.975,79.0,B489_ARC_xxx_slice6-Ort.czi,old,pomc,upper
456,27.0,1.8888888888888888,51.0,B489_ARC_xxx_slice6-Ort.czi,old,pomc,upper
457,23.0,1.565217391304348,36.0,B489_ARC_xxx_slice6-Ort.czi,old,pomc,upper
458,62.0,1.8064516129032258,112.0,B489_ARC_xxx_slice6-Ort.czi,old,pomc,upper
459,11.0,2.0,22.0,B489_ARC_xxx_slice6-Ort.czi,old,pomc,upper
460,160.0,1.8625,298.0,B489_ARC_xxx_slice6-Ort.czi,old,pomc,upper
461,29.0,1.9655172413793103,57.0,B489_ARC_xxx_slice6-Ort.czi,old,pomc,upper
462,4.0,1.75,7.0,B489_ARC_xxx_slice6-Ort.czi,old,pomc,upper
463,114.0,2.0350877192982457,232.0,B489_ARC_xxx_slice6-Ort.czi,old,pomc,upper
464,22.0,1.5909090909090908,35.0,B489_ARC_xxx_slice6-Ort.czi,old,pomc,upper
465,1.0,1.0,1.0,B489_ARC_xxx_slice6-Ort.czi,old,pomc,upper
466,44.0,2.1818181818181817,96.0,B489_ARC_xxx_slice6-Ort.czi,old,pomc,upper
467,12.0,2.0,24.0,B489_ARC_xxx_slice6-Ort.czi,old,pomc,upper
468,2.0,1.5,3.0,B489_ARC_xxx_slice6-Ort.czi,old,pomc,upper
469,114.0,1.9385964912280702,221.0,B489_ARC_xxx_slice6-Ort.czi,old,pomc,upper
470,210.0,1.9,399.0,B489_ARC_xxx_slice6-Ort.czi,old,pomc,upper
471,22.0,1.4545454545454546,32.0,B489_ARC_xxx_slice6-Ort.czi,old,pomc,upper
472,20.0,3.7,74.0,B489_ARC_xxx_slice6-Ort.czi,old,pomc,upper
473,8.0,2.25,18.0,B489_ARC_xxx_slice6-Ort.czi,old,pomc,upper
474,150.0,1.7333333333333334,260.0,B489_ARC_xxx_slice6-Ort.czi,old,pomc,upper
475,100.0,1.87,187.0,B489_ARC_xxx_slice6-Ort.czi,old,pomc,upper
476,53.0,1.830188679245283,97.0,B489_ARC_xxx_slice6-Ort.czi,old,pomc,upper
477,4.0,1.25,5.0,B489_ARC_xxx_slice6-Ort.czi,old,pomc,upper
478,172.0,2.0755813953488373,357.0,B489_ARC_xxx_slice6-Ort.czi,old,pomc,upper
479,1.0,3.0,3.0,B489_ARC_xxx_slice6-Ort.czi,old,pomc,upper
480,48.0,2.0208333333333335,97.0,B489_ARC_xxx_slice6-Ort.czi,old,pomc,upper
481,5.0,1.4,7.0,B489_ARC_xxx_slice6-Ort.czi,old,pomc,upper
482,99.0,1.8888888888888888,187.0,B489_ARC_xxx_slice6-Ort.czi,old,pomc,upper
483,13.0,1.5384615384615385,20.0,B489_ARC_xxx_slice6-Ort.czi,old,pomc,upper
484,49.0,2.204081632653061,107.99999999999999,B489_ARC_xxx_slice6-Ort.czi,old,pomc,upper
485,62.0,1.8870967741935485,117.0,B489_ARC_xxx_slice6-Ort.czi,old,pomc,upper
486,4.0,2.5,10.0,B489_ARC_xxx_slice6-Ort.czi,old,pomc,upper
487,40.0,1.725,69.0,B489_ARC_xxx_slice6-Ort.czi,old,pomc,upper
488,1.0,1.0,1.0,B489_ARC_xxx_slice6-Ort.czi,old,pomc,upper
489,8.0,1.5,12.0,B489_ARC_xxx_slice6-Ort.czi,old,pomc,upper
490,25.0,1.68,42.0,B489_ARC_xxx_slice6-Ort.czi,old,pomc,upper
491,74.0,1.945945945945946,144.0,B489_ARC_xxx_slice6-Ort.czi,old,pomc,upper
492,97.0,1.8144329896907216,176.0,B489_ARC_xxx_slice6-Ort.czi,old,pomc,upper
493,5.0,3.0,15.0,B489_ARC_xxx_slice6-Ort.czi,old,pomc,upper
494,51.0,1.7450980392156863,89.0,B489_ARC_xxx_slice6-Ort.czi,old,pomc,upper
495,2.0,1.0,2.0,B489_ARC_xxx_slice6-Ort.czi,old,pomc,upper
496,2.0,3.0,6.0,B489_ARC_xxx_slice6-Ort.czi,old,pomc,upper
497,13.0,2.3076923076923075,29.999999999999996,B489_ARC_xxx_slice6-Ort.czi,old,pomc,upper
498,725.0,1.8551724137931034,1345.0,B489_ARC_xxx_slice6-Ort.czi,old,pomc,upper
499,36.0,1.5833333333333333,57.0,B489_ARC_xxx_slice6-Ort.czi,old,pomc,upper
500,119.0,1.588235294117647,189.0,B489_ARC_xxx_slice6-Ort.czi,old,pomc,upper
501,1.0,1.0,1.0,B489_ARC_xxx_slice6-Ort.czi,old,pomc,upper
502,38.0,2.8947368421052633,110.0,B489_ARC_xxx_slice6-Ort.czi,old,pomc,upper
503,58.0,1.8620689655172413,108.0,B489_ARC_xxx_slice6-Ort.czi,old,pomc,upper
504,128.0,1.9140625,245.0,B489_ARC_xxx_slice6-Ort.czi,old,pomc,upper
505,22.0,1.6363636363636365,36.0,B489_ARC_xxx_slice6-Ort.czi,old,pomc,upper
506,14.0,2.0,28.0,B489_ARC_xxx_slice6-Ort.czi,old,pomc,upper
507,5.0,1.6,8.0,B489_ARC_xxx_slice6-Ort.czi,old,pomc,upper
508,1.0,2.0,2.0,B489_ARC_xxx_slice6-Ort.czi,old,pomc,upper
509,40.0,2.25,90.0,B489_ARC_xxx_slice6-Ort.czi,old,pomc,upper
510,209.0,1.722488038277512,360.0,B489_ARC_xxx_slice6-Ort.czi,old,pomc,upper
511,113.0,1.9557522123893805,221.0,B489_ARC_xxx_slice6-Ort.czi,old,pomc,upper
512,38.0,2.289473684210526,86.99999999999999,B489_ARC_xxx_slice6-Ort.czi,old,pomc,upper
513,108.0,2.3333333333333335,252.00000000000003,B489_ARC_xxx_slice6-Ort.czi,old,pomc,upper
514,40.0,2.125,85.0,B489_ARC_xxx_slice6-Ort.czi,old,pomc,upper
515,55.0,1.8909090909090909,104.0,B489_ARC_xxx_slice6-Ort.czi,old,pomc,upper
516,29.0,1.8620689655172413,54.0,B489_ARC_xxx_slice6-Ort.czi,old,pomc,upper
517,13.0,1.7692307692307692,23.0,B489_ARC_xxx_slice6-Ort.czi,old,pomc,upper
518,8.0,1.5,12.0,B489_ARC_xxx_slice6-Ort.czi,old,pomc,upper
519,84.0,2.011904761904762,169.0,B489_ARC_xxx_slice6-Ort.czi,old,pomc,upper
520,55.0,2.036363636363636,111.99999999999999,B489_ARC_xxx_slice6-Ort.czi,old,pomc,upper
521,34.0,1.6470588235294117,56.0,B489_ARC_xxx_slice6-Ort.czi,old,pomc,upper
522,47.0,1.6595744680851063,78.0,B489_ARC_xxx_slice6-Ort.czi,old,pomc,upper
523,38.0,1.6842105263157894,64.0,B489_ARC_xxx_slice6-Ort.czi,old,pomc,upper
524,49.0,1.8775510204081634,92.0,B489_ARC_xxx_slice6-Ort.czi,old,pomc,upper
525,55.0,2.381818181818182,131.0,B489_ARC_xxx_slice6-Ort.czi,old,pomc,upper
526,111.0,1.8558558558558558,206.0,B489_ARC_xxx_slice6-Ort.czi,old,pomc,upper
527,37.0,1.9189189189189189,71.0,B489_ARC_xxx_slice6-Ort.czi,old,pomc,upper
528,18.0,1.8888888888888888,34.0,B489_ARC_xxx_slice6-Ort.czi,old,pomc,upper
529,89.0,2.168539325842697,193.00000000000003,B489_ARC_xxx_slice6-Ort.czi,old,pomc,upper
530,7.0,2.142857142857143,15.0,B489_ARC_xxx_slice6-Ort.czi,old,pomc,upper
531,6.0,1.3333333333333333,8.0,B489_ARC_xxx_slice6-Ort.czi,old,pomc,upper
532,6.0,2.1666666666666665,13.0,B489_ARC_xxx_slice6-Ort.czi,old,pomc,upper
533,25.0,1.72,43.0,B489_ARC_xxx_slice6-Ort.czi,old,pomc,upper
534,1.0,1.0,1.0,B489_ARC_xxx_slice6-Ort.czi,old,pomc,upper
535,164.0,1.8841463414634145,309.0,B489_ARC_xxx_slice6-Ort.czi,old,pomc,upper
536,37.0,2.5135135135135136,93.0,B489_ARC_xxx_slice6-Ort.czi,old,pomc,upper
537,11.0,2.0,22.0,B489_ARC_xxx_slice6-Ort.czi,old,pomc,upper
538,1.0,1.0,1.0,B489_ARC_xxx_slice6-Ort.czi,old,pomc,upper
539,60.0,1.9,114.0,B489_ARC_xxx_slice6-Ort.czi,old,pomc,upper
540,15.0,1.8,27.0,B489_ARC_xxx_slice6-Ort.czi,old,pomc,upper
541,124.0,1.967741935483871,244.0,B489_ARC_xxx_slice6-Ort.czi,old,pomc,upper
542,88.0,1.9090909090909092,168.0,B489_ARC_xxx_slice6-Ort.czi,old,pomc,upper
543,14.0,2.0,28.0,B489_ARC_xxx_slice6-Ort.czi,old,pomc,upper
544,40.0,2.125,85.0,B489_ARC_xxx_slice6-Ort.czi,old,pomc,upper
545,83.0,1.7710843373493976,147.0,B489_ARC_xxx_slice6-Ort.czi,old,pomc,upper
546,5.0,1.2,6.0,B489_ARC_xxx_slice6-Ort.czi,old,pomc,upper
547,172.0,2.0348837209302326,350.0,B489_ARC_xxx_slice6-Ort.czi,old,pomc,upper
548,199.0,1.5979899497487438,318.0,B489_ARC_xxx_slice6-Ort.czi,old,pomc,upper
549,35.0,2.0285714285714285,71.0,B489_ARC_xxx_slice6-Ort.czi,old,pomc,upper
550,6.0,1.3333333333333333,8.0,B489_ARC_xxx_slice6-Ort.czi,old,pomc,upper
551,78.0,2.6025641025641026,203.0,B489_ARC_xxx_slice6-Ort.czi,old,pomc,upper
552,22.0,2.590909090909091,57.0,B489_ARC_xxx_slice6-Ort.czi,old,pomc,upper
553,89.0,2.1797752808988764,194.0,B489_ARC_xxx_slice6-Ort.czi,old,pomc,upper
554,96.0,1.6770833333333333,161.0,B489_ARC_xxx_slice6-Ort.czi,old,pomc,upper
555,332.0,1.7590361445783131,584.0,B489_ARC_xxx_slice6-Ort.czi,old,pomc,upper
556,31.0,2.096774193548387,65.0,B489_ARC_xxx_slice6-Ort.czi,old,pomc,upper
557,27.0,1.7407407407407407,47.0,B489_ARC_xxx_slice6-Ort.czi,old,pomc,upper
558,15.0,2.0,30.0,B489_ARC_xxx_slice6-Ort.czi,old,pomc,upper
559,10.0,2.4,24.0,B489_ARC_xxx_slice6-Ort.czi,old,pomc,upper
560,109.0,1.5963302752293578,174.0,B489_ARC_xxx_slice6-Ort.czi,old,pomc,upper
561,26.0,1.5,39.0,B489_ARC_xxx_slice6-Ort.czi,old,pomc,upper
562,16.0,1.75,28.0,B489_ARC_xxx_slice6-Ort.czi,old,pomc,upper
563,44.0,2.0454545454545454,90.0,B489_ARC_xxx_slice6-Ort.czi,old,pomc,upper
564,47.0,1.8936170212765957,89.0,B489_ARC_xxx_slice6-Ort.czi,old,pomc,upper
565,22.0,1.6818181818181819,37.0,B489_ARC_xxx_slice6-Ort.czi,old,pomc,upper
566,1.0,2.0,2.0,B489_ARC_xxx_slice6-Ort.czi,old,pomc,upper
567,21.0,2.5714285714285716,54.00000000000001,B489_ARC_xxx_slice6-Ort.czi,old,pomc,upper
568,44.0,1.9090909090909092,84.0,B489_ARC_xxx_slice6-Ort.czi,old,pomc,upper
569,12.0,2.25,27.0,B489_ARC_xxx_slice6-Ort.czi,old,pomc,upper
570,1.0,2.0,2.0,B489_ARC_xxx_slice6-Ort.czi,old,pomc,upper
571,2.0,2.5,5.0,B489_ARC_xxx_slice6-Ort.czi,old,pomc,upper
572,144.0,2.2152777777777777,319.0,B489_ARC_xxx_slice6-Ort.czi,old,pomc,upper
573,10.0,2.3,23.0,B489_ARC_xxx_slice6-Ort.czi,old,pomc,upper
574,45.0,1.6,72.0,B489_ARC_xxx_slice6-Ort.czi,old,pomc,upper
575,57.0,2.175438596491228,124.0,B489_ARC_xxx_slice6-Ort.czi,old,pomc,upper
576,257.0,1.8249027237354085,469.0,B489_ARC_xxx_slice6-Ort.czi,old,pomc,upper
577,109.0,2.1009174311926606,229.0,B489_ARC_xxx_slice6-Ort.czi,old,pomc,upper
578,39.0,1.5128205128205128,59.0,B489_ARC_xxx_slice6-Ort.czi,old,pomc,upper
579,2.0,3.0,6.0,B489_ARC_xxx_slice6-Ort.czi,old,pomc,upper
580,81.0,1.9382716049382716,157.0,B489_ARC_xxx_slice6-Ort.czi,old,pomc,upper
581,70.0,1.8714285714285714,131.0,B489_ARC_xxx_slice6-Ort.czi,old,pomc,upper
582,162.0,1.7592592592592593,285.0,B489_ARC_xxx_slice6-Ort.czi,old,pomc,upper
583,29.0,1.793103448275862,52.0,B489_ARC_xxx_slice6-Ort.czi,old,pomc,upper
584,8.0,1.375,11.0,B489_ARC_xxx_slice6-Ort.czi,old,pomc,upper
585,2.0,1.0,2.0,B489_ARC_xxx_slice6-Ort.czi,old,pomc,upper
586,81.0,1.8395061728395061,149.0,B489_ARC_xxx_slice6-Ort.czi,old,pomc,upper
587,48.0,1.6458333333333333,79.0,B489_ARC_xxx_slice6-Ort.czi,old,pomc,upper
588,29.0,2.0344827586206895,58.99999999999999,B489_ARC_xxx_slice6-Ort.czi,old,pomc,upper
589,63.0,1.746031746031746,110.0,B489_ARC_xxx_slice6-Ort.czi,old,pomc,upper
590,26.0,1.8846153846153846,49.0,B489_ARC_xxx_slice6-Ort.czi,old,pomc,upper
591,1.0,0.0,0.0,B489_ARC_xxx_slice6-Ort.czi,old,pomc,upper
592,43.0,1.627906976744186,70.0,B489_ARC_xxx_slice6-Ort.czi,old,pomc,upper
593,79.0,2.037974683544304,161.00000000000003,B489_ARC_xxx_slice6-Ort.czi,old,pomc,upper
594,417.0,1.7050359712230216,711.0,B489_ARC_xxx_slice6-Ort.czi,old,pomc,upper
595,507.0,2.0749506903353057,1052.0,B489_ARC_xxx_slice6-Ort.czi,old,pomc,upper
596,57.0,1.6140350877192982,92.0,B489_ARC_xxx_slice6-Ort.czi,old,pomc,upper
597,70.0,1.7,119.0,B489_ARC_xxx_slice6-Ort.czi,old,pomc,upper
598,194.0,1.8041237113402062,350.0,B489_ARC_xxx_slice6-Ort.czi,old,pomc,upper
599,14.0,1.5714285714285714,22.0,B489_ARC_xxx_slice6-Ort.czi,old,pomc,upper
600,41.0,1.8780487804878048,77.0,B489_ARC_xxx_slice6-Ort.czi,old,pomc,upper
601,19.0,1.894736842105263,36.0,B489_ARC_xxx_slice6-Ort.czi,old,pomc,upper
602,21.0,2.619047619047619,55.0,B489_ARC_xxx_slice6-Ort.czi,old,pomc,upper
603,36.0,1.8055555555555556,65.0,B489_ARC_xxx_slice6-Ort.czi,old,pomc,upper
604,17.0,2.176470588235294,37.0,B489_ARC_xxx_slice6-Ort.czi,old,pomc,upper
605,7.0,2.5714285714285716,18.0,B489_ARC_xxx_slice6-Ort.czi,old,pomc,upper
606,45.0,1.8444444444444446,83.0,B489_ARC_xxx_slice6-Ort.czi,old,pomc,upper
607,31.0,1.5161290322580645,47.0,B489_ARC_xxx_slice6-Ort.czi,old,pomc,upper
608,242.0,1.756198347107438,425.0,B489_ARC_xxx_slice6-Ort.czi,old,pomc,upper
609,16.0,2.125,34.0,B489_ARC_xxx_slice6-Ort.czi,old,pomc,upper
610,110.0,1.9636363636363636,216.0,B489_ARC_xxx_slice6-Ort.czi,old,pomc,upper
611,198.0,1.4898989898989898,295.0,B489_ARC_xxx_slice6-Ort.czi,old,pomc,upper
612,61.0,1.8032786885245902,110.0,B489_ARC_xxx_slice6-Ort.czi,old,pomc,upper
613,181.0,1.9944751381215469,361.0,B489_ARC_xxx_slice6-Ort.czi,old,pomc,upper
614,1.0,2.0,2.0,B489_ARC_xxx_slice6-Ort.czi,old,pomc,upper
615,32.0,2.09375,67.0,B489_ARC_xxx_slice6-Ort.czi,old,pomc,upper
616,91.0,1.6373626373626373,149.0,B489_ARC_xxx_slice6-Ort.czi,old,pomc,upper
617,92.0,1.7934782608695652,165.0,B489_ARC_xxx_slice6-Ort.czi,old,pomc,upper
618,120.0,2.025,243.0,B489_ARC_xxx_slice6-Ort.czi,old,pomc,upper
619,56.0,2.9107142857142856,163.0,B489_ARC_xxx_slice6-Ort.czi,old,pomc,upper
620,24.0,3.2916666666666665,79.0,B489_ARC_xxx_slice6-Ort.czi,old,pomc,upper
621,25.0,2.36,59.0,B489_ARC_xxx_slice6-Ort.czi,old,pomc,upper
622,54.0,1.6851851851851851,91.0,B489_ARC_xxx_slice6-Ort.czi,old,pomc,upper
623,12.0,1.8333333333333333,22.0,B489_ARC_xxx_slice6-Ort.czi,old,pomc,upper
624,54.0,1.9259259259259258,104.0,B489_ARC_xxx_slice6-Ort.czi,old,pomc,upper
625,96.0,2.4375,234.0,B489_ARC_xxx_slice6-Ort.czi,old,pomc,upper
626,101.0,1.900990099009901,192.0,B489_ARC_xxx_slice6-Ort.czi,old,pomc,upper
627,38.0,2.0789473684210527,79.0,B489_ARC_xxx_slice6-Ort.czi,old,pomc,upper
628,26.0,2.1538461538461537,56.0,B489_ARC_xxx_slice6-Ort.czi,old,pomc,upper
629,20.0,2.5,50.0,B489_ARC_xxx_slice6-Ort.czi,old,pomc,upper
630,44.0,1.75,77.0,B489_ARC_xxx_slice6-Ort.czi,old,pomc,upper
631,42.0,2.119047619047619,89.0,B489_ARC_xxx_slice6-Ort.czi,old,pomc,upper
632,18.0,2.2222222222222223,40.0,B489_ARC_xxx_slice6-Ort.czi,old,pomc,upper
633,19.0,2.1052631578947367,40.0,B489_ARC_xxx_slice6-Ort.czi,old,pomc,upper
634,58.0,2.2758620689655173,132.0,B489_ARC_xxx_slice6-Ort.czi,old,pomc,upper
635,64.0,1.65625,106.0,B489_ARC_xxx_slice6-Ort.czi,old,pomc,upper
636,1.0,1.0,1.0,B489_ARC_xxx_slice6-Ort.czi,old,pomc,upper
637,43.0,2.2325581395348837,96.0,B489_ARC_xxx_slice6-Ort.czi,old,pomc,upper
638,26.0,1.9230769230769231,50.0,B489_ARC_xxx_slice6-Ort.czi,old,pomc,upper
639,153.0,1.8823529411764706,288.0,B489_ARC_xxx_slice6-Ort.czi,old,pomc,upper
640,189.0,1.9576719576719577,370.0,B489_ARC_xxx_slice6-Ort.czi,old,pomc,upper
641,12.0,1.75,21.0,B489_ARC_xxx_slice6-Ort.czi,old,pomc,upper
642,62.0,2.2419354838709675,139.0,B489_ARC_xxx_slice6-Ort.czi,old,pomc,upper
643,34.0,2.2941176470588234,78.0,B489_ARC_xxx_slice6-Ort.czi,old,pomc,upper
644,1.0,2.0,2.0,B489_ARC_xxx_slice6-Ort.czi,old,pomc,upper
645,29.0,1.8275862068965518,53.0,B489_ARC_xxx_slice6-Ort.czi,old,pomc,upper
646,15.0,1.4666666666666666,22.0,B489_ARC_xxx_slice6-Ort.czi,old,pomc,upper
647,28.0,2.0,56.0,B489_ARC_xxx_slice6-Ort.czi,old,pomc,upper
648,61.0,1.819672131147541,111.0,B489_ARC_xxx_slice6-Ort.czi,old,pomc,upper
649,93.0,1.7311827956989247,161.0,B489_ARC_xxx_slice6-Ort.czi,old,pomc,upper
650,48.0,1.6666666666666667,80.0,B489_ARC_xxx_slice6-Ort.czi,old,pomc,upper
651,1.0,3.0,3.0,B489_ARC_xxx_slice6-Ort.czi,old,pomc,upper
652,1.0,3.0,3.0,B489_ARC_xxx_slice6-Ort.czi,old,pomc,upper
653,38.0,1.9210526315789473,73.0,B489_ARC_xxx_slice6-Ort.czi,old,pomc,upper
654,18.0,1.4444444444444444,26.0,B489_ARC_xxx_slice6-Ort.czi,old,pomc,upper
655,66.0,1.803030303030303,119.0,B489_ARC_xxx_slice6-Ort.czi,old,pomc,upper
656,1.0,2.0,2.0,B489_ARC_xxx_slice6-Ort.czi,old,pomc,upper
657,151.0,2.0,302.0,B489_ARC_xxx_slice6-Ort.czi,old,pomc,upper
658,58.0,1.9482758620689655,113.0,B489_ARC_xxx_slice6-Ort.czi,old,pomc,upper
659,26.0,2.0,52.0,B489_ARC_xxx_slice6-Ort.czi,old,pomc,upper
660,58.0,1.896551724137931,110.0,B489_ARC_xxx_slice6-Ort.czi,old,pomc,upper
661,58.0,2.1724137931034484,126.0,B489_ARC_xxx_slice6-Ort.czi,old,pomc,upper
662,10.0,1.7,17.0,B489_ARC_xxx_slice6-Ort.czi,old,pomc,upper
663,10.0,1.6,16.0,B489_ARC_xxx_slice6-Ort.czi,old,pomc,upper
664,4.0,1.25,5.0,B489_ARC_xxx_slice6-Ort.czi,old,pomc,upper
665,115.0,1.8782608695652174,216.0,B489_ARC_xxx_slice6-Ort.czi,old,pomc,upper
666,1.0,2.0,2.0,B489_ARC_xxx_slice6-Ort.czi,old,pomc,upper
667,14.0,2.0,28.0,B489_ARC_xxx_slice6-Ort.czi,old,pomc,upper
668,26.0,2.3076923076923075,59.99999999999999,B489_ARC_xxx_slice6-Ort.czi,old,pomc,upper
669,23.0,1.826086956521739,42.0,B489_ARC_xxx_slice6-Ort.czi,old,pomc,upper
670,164.0,1.8841463414634145,309.0,B489_ARC_xxx_slice6-Ort.czi,old,pomc,upper
671,8.0,1.25,10.0,B489_ARC_xxx_slice6-Ort.czi,old,pomc,upper
672,12.0,1.8333333333333333,22.0,B489_ARC_xxx_slice6-Ort.czi,old,pomc,upper
673,31.0,2.2903225806451615,71.0,B489_ARC_xxx_slice6-Ort.czi,old,pomc,upper
674,17.0,1.8235294117647058,31.0,B489_ARC_xxx_slice6-Ort.czi,old,pomc,upper
675,139.0,1.935251798561151,269.0,B489_ARC_xxx_slice6-Ort.czi,old,pomc,upper
676,226.0,1.7743362831858407,401.0,B489_ARC_xxx_slice6-Ort.czi,old,pomc,upper
677,50.0,2.06,103.0,B489_ARC_xxx_slice6-Ort.czi,old,pomc,upper
678,47.0,1.872340425531915,88.0,B489_ARC_xxx_slice6-Ort.czi,old,pomc,upper
679,24.0,1.75,42.0,B489_ARC_xxx_slice6-Ort.czi,old,pomc,upper
680,29.0,1.4137931034482758,41.0,B489_ARC_xxx_slice6-Ort.czi,old,pomc,upper
681,822.0,1.619221411192214,1331.0,B489_ARC_xxx_slice6-Ort.czi,old,pomc,upper
682,112.0,1.8571428571428572,208.0,B489_ARC_xxx_slice6-Ort.czi,old,pomc,upper
683,19.0,1.894736842105263,36.0,B489_ARC_xxx_slice6-Ort.czi,old,pomc,upper
684,46.0,2.1739130434782608,100.0,B489_ARC_xxx_slice6-Ort.czi,old,pomc,upper
685,2.0,1.5,3.0,B489_ARC_xxx_slice6-Ort.czi,old,pomc,upper
686,119.0,1.6974789915966386,202.0,B489_ARC_xxx_slice6-Ort.czi,old,pomc,upper
687,19.0,2.0,38.0,B489_ARC_xxx_slice6-Ort.czi,old,pomc,upper
688,50.0,1.86,93.0,B489_ARC_xxx_slice6-Ort.czi,old,pomc,upper
689,1.0,1.0,1.0,B489_ARC_xxx_slice6-Ort.czi,old,pomc,upper
690,36.0,1.9166666666666667,69.0,B489_ARC_xxx_slice6-Ort.czi,old,pomc,upper
691,60.0,2.0833333333333335,125.00000000000001,B489_ARC_xxx_slice6-Ort.czi,old,pomc,upper
692,62.0,1.6935483870967742,105.0,B489_ARC_xxx_slice6-Ort.czi,old,pomc,upper
693,98.0,2.020408163265306,197.99999999999997,B489_ARC_xxx_slice6-Ort.czi,old,pomc,upper
694,72.0,1.6666666666666667,120.0,B489_ARC_xxx_slice6-Ort.czi,old,pomc,upper
695,17.0,2.411764705882353,41.0,B489_ARC_xxx_slice6-Ort.czi,old,pomc,upper
696,28.0,1.6428571428571428,46.0,B489_ARC_xxx_slice6-Ort.czi,old,pomc,upper
697,4.0,1.75,7.0,B489_ARC_xxx_slice6-Ort.czi,old,pomc,upper
698,212.0,1.9056603773584906,404.0,B489_ARC_xxx_slice6-Ort.czi,old,pomc,upper
699,47.0,1.425531914893617,67.0,B489_ARC_xxx_slice6-Ort.czi,old,pomc,upper
700,18.0,1.7777777777777777,32.0,B489_ARC_xxx_slice6-Ort.czi,old,pomc,upper
701,113.0,1.8495575221238938,209.0,B489_ARC_xxx_slice6-Ort.czi,old,pomc,upper
702,172.0,2.505813953488372,431.0,B489_ARC_xxx_slice6-Ort.czi,old,pomc,upper
703,43.0,2.5813953488372094,111.0,B489_ARC_xxx_slice6-Ort.czi,old,pomc,upper
704,85.0,1.7647058823529411,150.0,B489_ARC_xxx_slice6-Ort.czi,old,pomc,upper
705,1.0,2.0,2.0,B489_ARC_xxx_slice6-Ort.czi,old,pomc,upper
706,28.0,1.5,42.0,B489_ARC_xxx_slice6-Ort.czi,old,pomc,upper
707,42.0,2.261904761904762,95.0,B489_ARC_xxx_slice6-Ort.czi,old,pomc,upper
708,13.0,3.076923076923077,40.0,B489_ARC_xxx_slice6-Ort.czi,old,pomc,upper
709,24.0,1.4583333333333333,35.0,B489_ARC_xxx_slice6-Ort.czi,old,pomc,upper
710,155.0,1.7806451612903227,276.0,B489_ARC_xxx_slice6-Ort.czi,old,pomc,upper
711,51.0,2.1372549019607843,109.0,B489_ARC_xxx_slice6-Ort.czi,old,pomc,upper
712,74.0,1.837837837837838,136.0,B489_ARC_xxx_slice6-Ort.czi,old,pomc,upper
713,145.0,1.8275862068965518,265.0,B489_ARC_xxx_slice6-Ort.czi,old,pomc,upper
714,48.0,1.6041666666666667,77.0,B489_ARC_xxx_slice6-Ort.czi,old,pomc,upper
715,129.0,2.116279069767442,273.0,B489_ARC_xxx_slice6-Ort.czi,old,pomc,upper
716,13.0,1.4615384615384615,19.0,B489_ARC_xxx_slice6-Ort.czi,old,pomc,upper
717,6.0,1.5,9.0,B489_ARC_xxx_slice6-Ort.czi,old,pomc,upper
718,12.0,1.75,21.0,B489_ARC_xxx_slice6-Ort.czi,old,pomc,upper
719,32.0,2.03125,65.0,B489_ARC_xxx_slice6-Ort.czi,old,pomc,upper
720,118.0,2.669491525423729,315.0,B489_ARC_xxx_slice6-Ort.czi,old,pomc,upper
721,86.0,1.7674418604651163,152.0,B489_ARC_xxx_slice6-Ort.czi,old,pomc,upper
722,8.0,2.125,17.0,B489_ARC_xxx_slice6-Ort.czi,old,pomc,upper
723,38.0,1.5789473684210527,60.0,B489_ARC_xxx_slice6-Ort.czi,old,pomc,upper
724,34.0,2.088235294117647,71.0,B489_ARC_xxx_slice6-Ort.czi,old,pomc,upper
725,1.0,3.0,3.0,B489_ARC_xxx_slice6-Ort.czi,old,pomc,upper
726,70.0,1.7857142857142858,125.0,B489_ARC_xxx_slice6-Ort.czi,old,pomc,upper
727,6.0,1.0,6.0,B489_ARC_xxx_slice6-Ort.czi,old,pomc,upper
728,2.0,1.5,3.0,B489_ARC_xxx_slice6-Ort.czi,old,pomc,upper
729,25.0,1.96,49.0,B489_ARC_xxx_slice6-Ort.czi,old,pomc,upper
730,48.0,2.125,102.0,B489_ARC_xxx_slice6-Ort.czi,old,pomc,upper
731,1.0,4.0,4.0,B489_ARC_xxx_slice6-Ort.czi,old,pomc,upper
732,46.0,1.7173913043478262,79.0,B489_ARC_xxx_slice6-Ort.czi,old,pomc,upper
733,87.0,2.574712643678161,224.0,B489_ARC_xxx_slice6-Ort.czi,old,pomc,upper
734,319.0,1.6990595611285266,542.0,B489_ARC_xxx_slice6-Ort.czi,old,pomc,upper
735,47.0,2.276595744680851,107.0,B489_ARC_xxx_slice6-Ort.czi,old,pomc,upper
736,43.0,2.0232558139534884,87.0,B489_ARC_xxx_slice6-Ort.czi,old,pomc,upper
737,42.0,2.4523809523809526,103.0,B489_ARC_xxx_slice6-Ort.czi,old,pomc,upper
738,23.0,1.608695652173913,37.0,B489_ARC_xxx_slice6-Ort.czi,old,pomc,upper
739,49.0,1.5510204081632653,76.0,B489_ARC_xxx_slice6-Ort.czi,old,pomc,upper
740,20.0,2.25,45.0,B489_ARC_xxx_slice6-Ort.czi,old,pomc,upper
741,8.0,1.5,12.0,B489_ARC_xxx_slice6-Ort.czi,old,pomc,upper
742,1.0,2.0,2.0,B489_ARC_xxx_slice6-Ort.czi,old,pomc,upper
743,31.0,2.5161290322580645,78.0,B489_ARC_xxx_slice6-Ort.czi,old,pomc,upper
744,112.0,1.9196428571428572,215.0,B489_ARC_xxx_slice6-Ort.czi,old,pomc,upper
745,164.0,1.8841463414634145,309.0,B489_ARC_xxx_slice6-Ort.czi,old,pomc,upper
746,40.0,2.225,89.0,B489_ARC_xxx_slice6-Ort.czi,old,pomc,upper
747,15.0,1.8,27.0,B489_ARC_xxx_slice6-Ort.czi,old,pomc,upper
748,60.0,1.7,102.0,B489_ARC_xxx_slice6-Ort.czi,old,pomc,upper
749,84.0,2.1785714285714284,182.99999999999997,B489_ARC_xxx_slice6-Ort.czi,old,pomc,upper
750,56.0,2.125,119.0,B489_ARC_xxx_slice6-Ort.czi,old,pomc,upper
751,82.0,1.8902439024390243,155.0,B489_ARC_xxx_slice6-Ort.czi,old,pomc,upper
752,78.0,1.7564102564102564,137.0,B489_ARC_xxx_slice6-Ort.czi,old,pomc,upper
753,89.0,2.1123595505617976,187.99999999999997,B489_ARC_xxx_slice6-Ort.czi,old,pomc,upper
754,12.0,1.8333333333333333,22.0,B489_ARC_xxx_slice6-Ort.czi,old,pomc,upper
755,1.0,1.0,1.0,B489_ARC_xxx_slice6-Ort.czi,old,pomc,upper
756,16.0,1.5,24.0,B489_ARC_xxx_slice6-Ort.czi,old,pomc,upper
757,111.0,2.2162162162162162,246.0,B489_ARC_xxx_slice6-Ort.czi,old,pomc,upper
758,133.0,1.5112781954887218,201.0,B489_ARC_xxx_slice6-Ort.czi,old,pomc,upper
759,2.0,1.5,3.0,B489_ARC_xxx_slice6-Ort.czi,old,pomc,upper
760,50.0,1.86,93.0,B489_ARC_xxx_slice6-Ort.czi,old,pomc,upper
761,80.0,2.375,190.0,B489_ARC_xxx_slice6-Ort.czi,old,pomc,upper
762,31.0,1.6774193548387097,52.0,B489_ARC_xxx_slice6-Ort.czi,old,pomc,upper
763,21.0,1.8095238095238095,38.0,B489_ARC_xxx_slice6-Ort.czi,old,pomc,upper
764,138.0,1.5507246376811594,214.0,B489_ARC_xxx_slice6-Ort.czi,old,pomc,upper
765,16.0,1.6875,27.0,B489_ARC_xxx_slice6-Ort.czi,old,pomc,upper
766,25.0,1.32,33.0,B489_ARC_xxx_slice6-Ort.czi,old,pomc,upper
767,38.0,1.736842105263158,66.0,B489_ARC_xxx_slice6-Ort.czi,old,pomc,upper
768,9.0,2.0,18.0,B489_ARC_xxx_slice6-Ort.czi,old,pomc,upper
769,7.0,2.142857142857143,15.0,B489_ARC_xxx_slice6-Ort.czi,old,pomc,upper
770,29.0,1.9655172413793103,57.0,B489_ARC_xxx_slice6-Ort.czi,old,pomc,upper
771,43.0,1.441860465116279,61.99999999999999,B489_ARC_xxx_slice6-Ort.czi,old,pomc,upper
772,27.0,1.5925925925925926,43.0,B489_ARC_xxx_slice6-Ort.czi,old,pomc,upper
773,35.0,2.914285714285714,102.0,B489_ARC_xxx_slice6-Ort.czi,old,pomc,upper
774,2.0,1.0,2.0,B489_ARC_xxx_slice6-Ort.czi,old,pomc,upper
775,32.0,1.875,60.0,B489_ARC_xxx_slice6-Ort.czi,old,pomc,upper
776,1.0,3.0,3.0,B489_ARC_xxx_slice6-Ort.czi,old,pomc,upper
777,29.0,2.0344827586206895,58.99999999999999,B489_ARC_xxx_slice6-Ort.czi,old,pomc,upper
778,54.0,2.0555555555555554,110.99999999999999,B489_ARC_xxx_slice6-Ort.czi,old,pomc,upper
779,11.0,1.8181818181818181,20.0,B489_ARC_xxx_slice6-Ort.czi,old,pomc,upper
780,141.0,1.7163120567375887,242.0,B489_ARC_xxx_slice6-Ort.czi,old,pomc,upper
781,40.0,1.4,56.0,B489_ARC_xxx_slice6-Ort.czi,old,pomc,upper
782,13.0,1.9230769230769231,25.0,B489_ARC_xxx_slice6-Ort.czi,old,pomc,upper
783,13.0,1.7692307692307692,23.0,B489_ARC_xxx_slice6-Ort.czi,old,pomc,upper
784,3.0,2.6666666666666665,8.0,B489_ARC_xxx_slice6-Ort.czi,old,pomc,upper
785,10.0,1.6,16.0,B489_ARC_xxx_slice6-Ort.czi,old,pomc,upper
786,2.0,1.0,2.0,B489_ARC_xxx_slice6-Ort.czi,old,pomc,upper
787,88.0,1.9772727272727273,174.0,B489_ARC_xxx_slice6-Ort.czi,old,pomc,upper
788,33.0,1.6363636363636365,54.0,B489_ARC_xxx_slice6-Ort.czi,old,pomc,upper
789,36.0,1.5277777777777777,55.0,B489_ARC_xxx_slice6-Ort.czi,old,pomc,upper
790,70.0,2.0142857142857142,141.0,B489_ARC_xxx_slice6-Ort.czi,old,pomc,upper
791,59.0,1.9152542372881356,113.0,B489_ARC_xxx_slice6-Ort.czi,old,pomc,upper
792,150.0,1.7333333333333334,260.0,B489_ARC_xxx_slice6-Ort.czi,old,pomc,upper
793,29.0,2.3793103448275863,69.0,B489_ARC_xxx_slice6-Ort.czi,old,pomc,upper
794,43.0,2.395348837209302,102.99999999999999,B489_ARC_xxx_slice6-Ort.czi,old,pomc,upper
795,32.0,1.71875,55.0,B489_ARC_xxx_slice6-Ort.czi,old,pomc,upper
796,29.0,1.896551724137931,55.0,B489_ARC_xxx_slice6-Ort.czi,old,pomc,upper
797,21.0,2.0,42.0,B489_ARC_xxx_slice6-Ort.czi,old,pomc,upper
798,46.0,2.1739130434782608,100.0,B489_ARC_xxx_slice6-Ort.czi,old,pomc,upper
799,24.0,1.6666666666666667,40.0,B489_ARC_xxx_slice6-Ort.czi,old,pomc,upper
800,6.0,1.8333333333333333,11.0,B489_ARC_xxx_slice6-Ort.czi,old,pomc,upper
801,6.0,2.6666666666666665,16.0,B489_ARC_xxx_slice6-Ort.czi,old,pomc,upper
802,20.0,1.6,32.0,B489_ARC_xxx_slice6-Ort.czi,old,pomc,upper
803,41.0,3.341463414634146,137.0,B489_ARC_xxx_slice6-Ort.czi,old,pomc,upper
804,2.0,2.5,5.0,B489_ARC_xxx_slice6-Ort.czi,old,pomc,upper
805,1.0,2.0,2.0,B489_ARC_xxx_slice6-Ort.czi,old,pomc,upper
806,1.0,1.0,1.0,B489_ARC_xxx_slice6-Ort.czi,old,pomc,upper
807,51.0,2.176470588235294,110.99999999999999,B489_ARC_xxx_slice6-Ort.czi,old,pomc,upper
808,66.0,2.106060606060606,139.0,B489_ARC_xxx_slice6-Ort.czi,old,pomc,upper
809,19.0,2.263157894736842,43.0,B489_ARC_xxx_slice6-Ort.czi,old,pomc,upper
810,24.0,1.75,42.0,B489_ARC_xxx_slice6-Ort.czi,old,pomc,upper
811,17.0,1.588235294117647,27.0,B489_ARC_xxx_slice6-Ort.czi,old,pomc,upper
812,38.0,2.263157894736842,86.0,B489_ARC_xxx_slice6-Ort.czi,old,pomc,upper
813,30.0,1.8333333333333333,55.0,B489_ARC_xxx_slice6-Ort.czi,old,pomc,upper
814,2.0,1.5,3.0,B489_ARC_xxx_slice6-Ort.czi,old,pomc,upper
815,61.0,1.7704918032786885,108.0,B489_ARC_xxx_slice6-Ort.czi,old,pomc,upper
816,1.0,2.0,2.0,B489_ARC_xxx_slice6-Ort.czi,old,pomc,upper
817,56.0,2.517857142857143,141.0,B489_ARC_xxx_slice6-Ort.czi,old,pomc,upper
818,53.0,2.0,106.0,B489_ARC_xxx_slice6-Ort.czi,old,pomc,upper
819,19.0,1.9473684210526316,37.0,B489_ARC_xxx_slice6-Ort.czi,old,pomc,upper
820,10.0,2.6,26.0,B489_ARC_xxx_slice6-Ort.czi,old,pomc,upper
821,2.0,2.0,4.0,B489_ARC_xxx_slice6-Ort.czi,old,pomc,upper
822,11.0,1.6363636363636365,18.0,B489_ARC_xxx_slice6-Ort.czi,old,pomc,upper
823,1.0,1.0,1.0,B489_ARC_xxx_slice6-Ort.czi,old,pomc,upper
824,7.0,2.0,14.0,B489_ARC_xxx_slice6-Ort.czi,old,pomc,upper
825,20.0,2.0,40.0,B489_ARC_xxx_slice6-Ort.czi,old,pomc,upper
826,23.0,1.565217391304348,36.0,B489_ARC_xxx_slice6-Ort.czi,old,pomc,upper
827,34.0,2.411764705882353,82.0,B489_ARC_xxx_slice6-Ort.czi,old,pomc,upper
828,26.0,2.4615384615384617,64.0,B489_ARC_xxx_slice6-Ort.czi,old,pomc,upper
829,57.0,1.7543859649122806,100.0,B489_ARC_xxx_slice6-Ort.czi,old,pomc,upper
830,23.0,1.4782608695652173,34.0,B489_ARC_xxx_slice6-Ort.czi,old,pomc,upper
831,85.0,2.2705882352941176,193.0,B489_ARC_xxx_slice6-Ort.czi,old,pomc,upper
832,29.0,2.0689655172413794,60.00000000000001,B489_ARC_xxx_slice6-Ort.czi,old,pomc,upper
833,109.0,1.688073394495413,184.0,B489_ARC_xxx_slice6-Ort.czi,old,pomc,upper
834,69.0,1.681159420289855,116.0,B489_ARC_xxx_slice6-Ort.czi,old,pomc,upper
835,3.0,1.3333333333333333,4.0,B489_ARC_xxx_slice6-Ort.czi,old,pomc,upper
836,46.0,1.5869565217391304,73.0,B489_ARC_xxx_slice6-Ort.czi,old,pomc,upper
837,10.0,2.0,20.0,B489_ARC_xxx_slice6-Ort.czi,old,pomc,upper
838,32.0,1.96875,63.0,B489_ARC_xxx_slice6-Ort.czi,old,pomc,upper
839,72.0,2.3055555555555554,166.0,B489_ARC_xxx_slice6-Ort.czi,old,pomc,upper
840,2.0,2.0,4.0,B489_ARC_xxx_slice6-Ort.czi,old,pomc,upper
841,2.0,1.0,2.0,B489_ARC_xxx_slice6-Ort.czi,old,pomc,upper
842,104.0,1.6346153846153846,170.0,B489_ARC_xxx_slice6-Ort.czi,old,pomc,upper
843,206.0,1.8106796116504855,373.0,B489_ARC_xxx_slice6-Ort.czi,old,pomc,upper
844,26.0,1.6923076923076923,44.0,B489_ARC_xxx_slice6-Ort.czi,old,pomc,upper
845,1.0,1.0,1.0,B489_ARC_xxx_slice6-Ort.czi,old,pomc,upper
846,169.0,1.6331360946745561,276.0,B489_ARC_xxx_slice6-Ort.czi,old,pomc,upper
847,5.0,2.6,13.0,B489_ARC_xxx_slice6-Ort.czi,old,pomc,upper
848,8.0,3.0,24.0,B489_ARC_xxx_slice6-Ort.czi,old,pomc,upper
849,67.0,1.7313432835820894,115.99999999999999,B489_ARC_xxx_slice6-Ort.czi,old,pomc,upper
850,27.0,1.6666666666666667,45.0,B489_ARC_xxx_slice6-Ort.czi,old,pomc,upper
851,41.0,1.6585365853658536,68.0,B489_ARC_xxx_slice6-Ort.czi,old,pomc,upper
852,16.0,1.625,26.0,B489_ARC_xxx_slice6-Ort.czi,old,pomc,upper
853,7.0,1.5714285714285714,11.0,B489_ARC_xxx_slice6-Ort.czi,old,pomc,upper
854,5.0,1.6,8.0,B489_ARC_xxx_slice6-Ort.czi,old,pomc,upper
855,1.0,1.0,1.0,B489_ARC_xxx_slice6-Ort.czi,old,pomc,upper
856,9.0,1.4444444444444444,13.0,B489_ARC_xxx_slice6-Ort.czi,old,pomc,upper
857,1.0,4.0,4.0,B489_ARC_xxx_slice6-Ort.czi,old,pomc,upper
858,1.0,0.0,0.0,B489_ARC_xxx_slice6-Ort.czi,old,pomc,upper
859,37.0,2.675675675675676,99.00000000000001,B489_ARC_xxx_slice6-Ort.czi,old,pomc,upper
860,11.0,1.4545454545454546,16.0,B489_ARC_xxx_slice6-Ort.czi,old,pomc,upper
861,43.0,2.488372093023256,107.0,B489_ARC_xxx_slice6-Ort.czi,old,pomc,upper
862,13.0,1.5384615384615385,20.0,B489_ARC_xxx_slice6-Ort.czi,old,pomc,upper
863,25.0,2.24,56.00000000000001,B489_ARC_xxx_slice6-Ort.czi,old,pomc,upper
864,1.0,2.0,2.0,B489_ARC_xxx_slice6-Ort.czi,old,pomc,upper
865,34.0,2.0294117647058822,69.0,B489_ARC_xxx_slice6-Ort.czi,old,pomc,upper
866,37.0,1.837837837837838,68.0,B489_ARC_xxx_slice6-Ort.czi,old,pomc,upper
867,329.0,1.635258358662614,538.0,B489_ARC_xxx_slice6-Ort.czi,old,pomc,upper
868,75.0,2.3466666666666667,176.0,B489_ARC_xxx_slice6-Ort.czi,old,pomc,upper
869,2.0,2.0,4.0,B489_ARC_xxx_slice6-Ort.czi,old,pomc,upper
870,16.0,1.75,28.0,B489_ARC_xxx_slice6-Ort.czi,old,pomc,upper
871,28.0,1.6071428571428572,45.0,B489_ARC_xxx_slice6-Ort.czi,old,pomc,upper
872,7.0,1.7142857142857142,12.0,B489_ARC_xxx_slice6-Ort.czi,old,pomc,upper
873,38.0,1.8157894736842106,69.0,B489_ARC_xxx_slice6-Ort.czi,old,pomc,upper
874,182.0,2.131868131868132,388.0,B489_ARC_xxx_slice6-Ort.czi,old,pomc,upper
875,41.0,1.7560975609756098,72.0,B489_ARC_xxx_slice6-Ort.czi,old,pomc,upper
876,16.0,1.625,26.0,B489_ARC_xxx_slice6-Ort.czi,old,pomc,upper
877,5.0,1.8,9.0,B489_ARC_xxx_slice6-Ort.czi,old,pomc,upper
878,14.0,2.0,28.0,B489_ARC_xxx_slice6-Ort.czi,old,pomc,upper
879,114.0,2.1052631578947367,240.0,B489_ARC_xxx_slice6-Ort.czi,old,pomc,upper
880,14.0,1.9285714285714286,27.0,B489_ARC_xxx_slice6-Ort.czi,old,pomc,upper
881,1.0,3.0,3.0,B489_ARC_xxx_slice6-Ort.czi,old,pomc,upper
882,11.0,1.3636363636363635,14.999999999999998,B489_ARC_xxx_slice6-Ort.czi,old,pomc,upper
883,468.0,2.0,936.0,B489_ARC_xxx_slice6-Ort.czi,old,pomc,upper
884,119.0,1.7647058823529411,210.0,B489_ARC_xxx_slice6-Ort.czi,old,pomc,upper
885,98.0,1.9183673469387754,188.0,B489_ARC_xxx_slice6-Ort.czi,old,pomc,upper
886,60.0,1.6833333333333333,101.0,B489_ARC_xxx_slice6-Ort.czi,old,pomc,upper
887,2.0,2.5,5.0,B489_ARC_xxx_slice6-Ort.czi,old,pomc,upper
888,22.0,1.8181818181818181,40.0,B489_ARC_xxx_slice6-Ort.czi,old,pomc,upper
889,14.0,1.8571428571428572,26.0,B489_ARC_xxx_slice6-Ort.czi,old,pomc,upper
890,90.0,1.4666666666666666,132.0,B489_ARC_xxx_slice6-Ort.czi,old,pomc,upper
891,232.0,1.8362068965517242,426.0,B489_ARC_xxx_slice6-Ort.czi,old,pomc,upper
892,61.0,1.540983606557377,94.0,B489_ARC_xxx_slice6-Ort.czi,old,pomc,upper
893,103.0,1.9611650485436893,202.0,B489_ARC_xxx_slice6-Ort.czi,old,pomc,upper
894,14.0,1.9285714285714286,27.0,B489_ARC_xxx_slice6-Ort.czi,old,pomc,upper
895,78.0,1.8461538461538463,144.0,B489_ARC_xxx_slice6-Ort.czi,old,pomc,upper
896,173.0,2.0115606936416186,348.0,B489_ARC_xxx_slice6-Ort.czi,old,pomc,upper
897,22.0,1.6363636363636365,36.0,B489_ARC_xxx_slice6-Ort.czi,old,pomc,upper
898,50.0,2.08,104.0,B489_ARC_xxx_slice6-Ort.czi,old,pomc,upper
899,57.0,1.736842105263158,99.0,B489_ARC_xxx_slice6-Ort.czi,old,pomc,upper
900,87.0,1.6091954022988506,140.0,B489_ARC_xxx_slice6-Ort.czi,old,pomc,upper
901,1.0,2.0,2.0,B489_ARC_xxx_slice6-Ort.czi,old,pomc,upper
902,34.0,1.5,51.0,B489_ARC_xxx_slice6-Ort.czi,old,pomc,upper
903,60.0,2.05,122.99999999999999,B489_ARC_xxx_slice6-Ort.czi,old,pomc,upper
904,22.0,1.5,33.0,B489_ARC_xxx_slice6-Ort.czi,old,pomc,upper
905,2.0,1.5,3.0,B489_ARC_xxx_slice6-Ort.czi,old,pomc,upper
906,83.0,1.7349397590361446,144.0,B489_ARC_xxx_slice6-Ort.czi,old,pomc,upper
907,20.0,3.35,67.0,B489_ARC_xxx_slice6-Ort.czi,old,pomc,upper
908,19.0,1.7894736842105263,34.0,B489_ARC_xxx_slice6-Ort.czi,old,pomc,upper
909,58.0,1.6551724137931034,96.0,B489_ARC_xxx_slice6-Ort.czi,old,pomc,upper
910,37.0,2.2432432432432434,83.0,B489_ARC_xxx_slice6-Ort.czi,old,pomc,upper
911,75.0,2.506666666666667,188.0,B489_ARC_xxx_slice6-Ort.czi,old,pomc,upper
912,26.0,1.5,39.0,B489_ARC_xxx_slice6-Ort.czi,old,pomc,upper
913,36.0,1.7777777777777777,64.0,B489_ARC_xxx_slice6-Ort.czi,old,pomc,upper
914,21.0,1.5714285714285714,33.0,B489_ARC_xxx_slice6-Ort.czi,old,pomc,upper
915,12.0,2.0,24.0,B489_ARC_xxx_slice6-Ort.czi,old,pomc,upper
916,29.0,2.0689655172413794,60.00000000000001,B489_ARC_xxx_slice6-Ort.czi,old,pomc,upper
917,375.0,1.8586666666666667,697.0,B489_ARC_xxx_slice6-Ort.czi,old,pomc,upper
918,45.0,1.6,72.0,B489_ARC_xxx_slice6-Ort.czi,old,pomc,upper
919,63.0,1.5555555555555556,98.0,B489_ARC_xxx_slice6-Ort.czi,old,pomc,upper
920,50.0,1.96,98.0,B489_ARC_xxx_slice6-Ort.czi,old,pomc,upper
921,1.0,2.0,2.0,B489_ARC_xxx_slice6-Ort.czi,old,pomc,upper
922,193.0,1.8134715025906736,350.0,B489_ARC_xxx_slice6-Ort.czi,old,pomc,upper
923,74.0,1.8513513513513513,137.0,B489_ARC_xxx_slice6-Ort.czi,old,pomc,upper
924,212.0,1.721698113207547,365.0,B489_ARC_xxx_slice6-Ort.czi,old,pomc,upper
925,14.0,1.8571428571428572,26.0,B489_ARC_xxx_slice6-Ort.czi,old,pomc,upper
926,40.0,2.325,93.0,B489_ARC_xxx_slice6-Ort.czi,old,pomc,upper
927,28.0,2.1785714285714284,60.99999999999999,B489_ARC_xxx_slice6-Ort.czi,old,pomc,upper
928,72.0,1.9027777777777777,137.0,B489_ARC_xxx_slice6-Ort.czi,old,pomc,upper
929,10.0,1.6,16.0,B489_ARC_xxx_slice6-Ort.czi,old,pomc,upper
930,107.0,1.925233644859813,206.0,B489_ARC_xxx_slice6-Ort.czi,old,pomc,upper
931,24.0,1.9166666666666667,46.0,B489_ARC_xxx_slice6-Ort.czi,old,pomc,upper
932,39.0,1.358974358974359,53.0,B489_ARC_xxx_slice6-Ort.czi,old,pomc,upper
933,61.0,1.7540983606557377,107.0,B489_ARC_xxx_slice6-Ort.czi,old,pomc,upper
934,1.0,1.0,1.0,B489_ARC_xxx_slice6-Ort.czi,old,pomc,upper
935,1.0,1.0,1.0,B489_ARC_xxx_slice6-Ort.czi,old,pomc,upper
936,82.0,2.3292682926829267,191.0,B489_ARC_xxx_slice6-Ort.czi,old,pomc,upper
937,1.0,2.0,2.0,B489_ARC_xxx_slice6-Ort.czi,old,pomc,upper
938,10.0,1.6,16.0,B489_ARC_xxx_slice6-Ort.czi,old,pomc,upper
939,86.0,1.744186046511628,150.0,B489_ARC_xxx_slice6-Ort.czi,old,pomc,upper
940,3.0,2.0,6.0,B489_ARC_xxx_slice6-Ort.czi,old,pomc,upper
941,260.0,1.8346153846153845,477.0,B489_ARC_xxx_slice6-Ort.czi,old,pomc,upper
942,137.0,1.583941605839416,217.0,B489_ARC_xxx_slice6-Ort.czi,old,pomc,upper
943,22.0,1.7272727272727273,38.0,B489_ARC_xxx_slice6-Ort.czi,old,pomc,upper
944,18.0,2.111111111111111,38.0,B489_ARC_xxx_slice6-Ort.czi,old,pomc,upper
945,107.0,1.588785046728972,170.0,B489_ARC_xxx_slice6-Ort.czi,old,pomc,upper
946,55.0,1.7636363636363637,97.0,B489_ARC_xxx_slice6-Ort.czi,old,pomc,upper
947,20.0,1.7,34.0,B489_ARC_xxx_slice6-Ort.czi,old,pomc,upper
948,51.0,1.6274509803921569,83.0,B489_ARC_xxx_slice6-Ort.czi,old,pomc,upper
949,30.0,1.8666666666666667,56.0,B489_ARC_xxx_slice6-Ort.czi,old,pomc,upper
950,7.0,2.4285714285714284,17.0,B489_ARC_xxx_slice6-Ort.czi,old,pomc,upper
951,20.0,1.9,38.0,B489_ARC_xxx_slice6-Ort.czi,old,pomc,upper
952,1.0,2.0,2.0,B489_ARC_xxx_slice6-Ort.czi,old,pomc,upper
953,34.0,2.676470588235294,91.0,B489_ARC_xxx_slice6-Ort.czi,old,pomc,upper
954,51.0,2.0392156862745097,104.0,B489_ARC_xxx_slice6-Ort.czi,old,pomc,upper
955,29.0,2.1379310344827585,61.99999999999999,B489_ARC_xxx_slice6-Ort.czi,old,pomc,upper
956,1.0,1.0,1.0,B489_ARC_xxx_slice6-Ort.czi,old,pomc,upper
957,15.0,1.7333333333333334,26.0,B489_ARC_xxx_slice6-Ort.czi,old,pomc,upper
958,57.0,1.8245614035087718,104.0,B489_ARC_xxx_slice6-Ort.czi,old,pomc,upper
959,16.0,1.625,26.0,B489_ARC_xxx_slice6-Ort.czi,old,pomc,upper
960,3.0,1.6666666666666667,5.0,B489_ARC_xxx_slice6-Ort.czi,old,pomc,upper
961,93.0,1.935483870967742,180.0,B489_ARC_xxx_slice6-Ort.czi,old,pomc,upper
962,193.0,1.621761658031088,313.0,B489_ARC_xxx_slice6-Ort.czi,old,pomc,upper
963,54.0,2.0185185185185186,109.0,B489_ARC_xxx_slice6-Ort.czi,old,pomc,upper
964,1.0,2.0,2.0,B489_ARC_xxx_slice6-Ort.czi,old,pomc,upper
965,168.0,1.8392857142857142,309.0,B489_ARC_xxx_slice6-Ort.czi,old,pomc,upper
966,4.0,2.5,10.0,B489_ARC_xxx_slice6-Ort.czi,old,pomc,upper
967,25.0,1.6,40.0,B489_ARC_xxx_slice6-Ort.czi,old,pomc,upper
968,1.0,1.0,1.0,B489_ARC_xxx_slice6-Ort.czi,old,pomc,upper
969,10.0,2.2,22.0,B489_ARC_xxx_slice6-Ort.czi,old,pomc,upper
970,22.0,1.5909090909090908,35.0,B489_ARC_xxx_slice6-Ort.czi,old,pomc,upper
971,1.0,1.0,1.0,B489_ARC_xxx_slice6-Ort.czi,old,pomc,upper
972,14.0,1.5714285714285714,22.0,B489_ARC_xxx_slice6-Ort.czi,old,pomc,upper
973,86.0,2.116279069767442,182.00000000000003,B489_ARC_xxx_slice6-Ort.czi,old,pomc,upper
974,1.0,2.0,2.0,B489_ARC_xxx_slice6-Ort.czi,old,pomc,upper
975,1157.0,1.6750216076058773,1938.0,B489_ARC_xxx_slice6-Ort.czi,old,pomc,upper
976,1.0,2.0,2.0,B489_ARC_xxx_slice6-Ort.czi,old,pomc,upper
977,1.0,2.0,2.0,B489_ARC_xxx_slice6-Ort.czi,old,pomc,upper
978,166.0,1.9939759036144578,331.0,B489_ARC_xxx_slice6-Ort.czi,old,pomc,upper
979,39.0,2.1794871794871793,84.99999999999999,B489_ARC_xxx_slice6-Ort.czi,old,pomc,upper
980,34.0,2.5,85.0,B489_ARC_xxx_slice6-Ort.czi,old,pomc,upper
981,35.0,2.0,70.0,B489_ARC_xxx_slice6-Ort.czi,old,pomc,upper
982,9.0,3.3333333333333335,30.0,B489_ARC_xxx_slice6-Ort.czi,old,pomc,upper
983,1.0,1.0,1.0,B489_ARC_xxx_slice6-Ort.czi,old,pomc,upper
984,26.0,1.6923076923076923,44.0,B489_ARC_xxx_slice6-Ort.czi,old,pomc,upper
985,34.0,2.6470588235294117,90.0,B489_ARC_xxx_slice6-Ort.czi,old,pomc,upper
986,71.0,1.8450704225352113,131.0,B489_ARC_xxx_slice6-Ort.czi,old,pomc,upper
987,3.0,1.0,3.0,B489_ARC_xxx_slice6-Ort.czi,old,pomc,upper
988,81.0,1.7901234567901234,145.0,B489_ARC_xxx_slice6-Ort.czi,old,pomc,upper
989,117.0,1.8376068376068375,215.0,B489_ARC_xxx_slice6-Ort.czi,old,pomc,upper
990,167.0,1.622754491017964,271.0,B489_ARC_xxx_slice6-Ort.czi,old,pomc,upper
991,3.0,1.3333333333333333,4.0,B489_ARC_xxx_slice6-Ort.czi,old,pomc,upper
992,36.0,2.0277777777777777,73.0,B489_ARC_xxx_slice6-Ort.czi,old,pomc,upper
993,79.0,1.6962025316455696,134.0,B489_ARC_xxx_slice6-Ort.czi,old,pomc,upper
994,72.0,2.0277777777777777,146.0,B489_ARC_xxx_slice6-Ort.czi,old,pomc,upper
995,121.0,1.6115702479338843,195.0,B489_ARC_xxx_slice6-Ort.czi,old,pomc,upper
996,99.0,1.6464646464646464,163.0,B489_ARC_xxx_slice6-Ort.czi,old,pomc,upper
997,3.0,2.3333333333333335,7.0,B489_ARC_xxx_slice6-Ort.czi,old,pomc,upper
998,57.0,3.1578947368421053,180.0,B489_ARC_xxx_slice6-Ort.czi,old,pomc,upper
999,257.0,1.7743190661478598,456.0,B489_ARC_xxx_slice6-Ort.czi,old,pomc,upper
1000,437.0,1.82837528604119,799.0,B489_ARC_xxx_slice6-Ort.czi,old,pomc,upper
1001,7.0,1.4285714285714286,10.0,B489_ARC_xxx_slice6-Ort.czi,old,pomc,upper
1002,2.0,1.5,3.0,B489_ARC_xxx_slice6-Ort.czi,old,pomc,upper
1003,116.0,1.8793103448275863,218.0,B489_ARC_xxx_slice6-Ort.czi,old,pomc,upper
1004,1.0,2.0,2.0,B489_ARC_xxx_slice6-Ort.czi,old,pomc,upper
1005,35.0,1.542857142857143,54.0,B489_ARC_xxx_slice6-Ort.czi,old,pomc,upper
1006,22.0,2.409090909090909,53.0,B489_ARC_xxx_slice6-Ort.czi,old,pomc,upper
1007,9.0,2.3333333333333335,21.0,B489_ARC_xxx_slice6-Ort.czi,old,pomc,upper
1008,144.0,2.1319444444444446,307.0,B489_ARC_xxx_slice6-Ort.czi,old,pomc,upper
1009,13.0,2.0,26.0,B489_ARC_xxx_slice6-Ort.czi,old,pomc,upper
1010,1.0,2.0,2.0,B489_ARC_xxx_slice6-Ort.czi,old,pomc,upper
1011,1.0,0.0,0.0,B489_ARC_xxx_slice6-Ort.czi,old,pomc,upper
1012,106.0,1.7830188679245282,189.0,B489_ARC_xxx_slice6-Ort.czi,old,pomc,upper
1013,10.0,1.9,19.0,B489_ARC_xxx_slice6-Ort.czi,old,pomc,upper
1014,105.0,1.8761904761904762,197.0,B489_ARC_xxx_slice6-Ort.czi,old,pomc,upper
1015,268.0,1.7462686567164178,468.0,B489_ARC_xxx_slice6-Ort.czi,old,pomc,upper
1016,55.0,1.9272727272727272,106.0,B489_ARC_xxx_slice6-Ort.czi,old,pomc,upper
1017,13.0,2.6923076923076925,35.0,B489_ARC_xxx_slice6-Ort.czi,old,pomc,upper
1018,196.0,1.780612244897959,349.0,B489_ARC_xxx_slice6-Ort.czi,old,pomc,upper
1019,4.0,2.25,9.0,B489_ARC_xxx_slice6-Ort.czi,old,pomc,upper
1020,1.0,1.0,1.0,B489_ARC_xxx_slice6-Ort.czi,old,pomc,upper
1021,9.0,1.6666666666666667,15.0,B489_ARC_xxx_slice6-Ort.czi,old,pomc,upper
1022,72.0,1.6805555555555556,121.0,B489_ARC_xxx_slice6-Ort.czi,old,pomc,upper
1023,27.0,2.3333333333333335,63.00000000000001,B489_ARC_xxx_slice6-Ort.czi,old,pomc,upper
1024,45.0,1.8666666666666667,84.0,B489_ARC_xxx_slice6-Ort.czi,old,pomc,upper
1025,1.0,0.0,0.0,B489_ARC_xxx_slice6-Ort.czi,old,pomc,upper
1026,57.0,2.2280701754385963,126.99999999999999,B489_ARC_xxx_slice6-Ort.czi,old,pomc,upper
1027,10.0,2.2,22.0,B489_ARC_xxx_slice6-Ort.czi,old,pomc,upper
1028,241.0,1.6639004149377594,401.0,B489_ARC_xxx_slice6-Ort.czi,old,pomc,upper
1029,368.0,1.8233695652173914,671.0,B489_ARC_xxx_slice6-Ort.czi,old,pomc,upper
1030,162.0,1.7839506172839505,289.0,B489_ARC_xxx_slice6-Ort.czi,old,pomc,upper
1031,1.0,3.0,3.0,B489_ARC_xxx_slice6-Ort.czi,old,pomc,upper
1032,28.0,1.9285714285714286,54.0,B489_ARC_xxx_slice6-Ort.czi,old,pomc,upper
1033,40.0,2.0,80.0,B489_ARC_xxx_slice6-Ort.czi,old,pomc,upper
1034,32.0,2.0,64.0,B489_ARC_xxx_slice6-Ort.czi,old,pomc,upper
1035,7.0,3.142857142857143,22.0,B489_ARC_xxx_slice6-Ort.czi,old,pomc,upper
1036,1.0,2.0,2.0,B489_ARC_xxx_slice6-Ort.czi,old,pomc,upper
1037,39.0,1.6666666666666667,65.0,B489_ARC_xxx_slice6-Ort.czi,old,pomc,upper
1038,105.0,1.5523809523809524,163.0,B489_ARC_xxx_slice6-Ort.czi,old,pomc,upper
1039,48.0,1.7291666666666667,83.0,B489_ARC_xxx_slice6-Ort.czi,old,pomc,upper
1040,11.0,2.4545454545454546,27.0,B489_ARC_xxx_slice6-Ort.czi,old,pomc,upper
1041,40.0,1.825,73.0,B489_ARC_xxx_slice6-Ort.czi,old,pomc,upper
1042,182.0,1.620879120879121,295.0,B489_ARC_xxx_slice6-Ort.czi,old,pomc,upper
1043,1.0,1.0,1.0,B489_ARC_xxx_slice6-Ort.czi,old,pomc,upper
1044,200.0,1.635,327.0,B489_ARC_xxx_slice6-Ort.czi,old,pomc,upper
1045,60.0,2.1333333333333333,128.0,B489_ARC_xxx_slice6-Ort.czi,old,pomc,upper
1046,15.0,2.1333333333333333,32.0,B489_ARC_xxx_slice6-Ort.czi,old,pomc,upper
1047,108.0,1.962962962962963,212.0,B489_ARC_xxx_slice6-Ort.czi,old,pomc,upper
1048,39.0,1.6153846153846154,63.0,B489_ARC_xxx_slice6-Ort.czi,old,pomc,upper
1049,109.0,1.798165137614679,196.0,B489_ARC_xxx_slice6-Ort.czi,old,pomc,upper
1050,426.0,1.8262910798122065,778.0,B489_ARC_xxx_slice6-Ort.czi,old,pomc,upper
1051,2.0,1.5,3.0,B489_ARC_xxx_slice6-Ort.czi,old,pomc,upper
1052,60.0,1.8166666666666667,109.0,B489_ARC_xxx_slice6-Ort.czi,old,pomc,upper
1053,80.0,1.6125,129.0,B489_ARC_xxx_slice6-Ort.czi,old,pomc,upper
1054,154.0,2.090909090909091,322.0,B489_ARC_xxx_slice6-Ort.czi,old,pomc,upper
1055,25.0,1.68,42.0,B489_ARC_xxx_slice6-Ort.czi,old,pomc,upper
1056,169.0,1.668639053254438,282.0,B489_ARC_xxx_slice6-Ort.czi,old,pomc,upper
1057,58.0,1.7758620689655173,103.0,B489_ARC_xxx_slice6-Ort.czi,old,pomc,upper
1058,34.0,1.3529411764705883,46.0,B489_ARC_xxx_slice6-Ort.czi,old,pomc,upper
1059,3.0,1.3333333333333333,4.0,B489_ARC_xxx_slice6-Ort.czi,old,pomc,upper
1060,65.0,2.0153846153846153,131.0,B489_ARC_xxx_slice6-Ort.czi,old,pomc,upper
1061,2.0,2.5,5.0,B489_ARC_xxx_slice6-Ort.czi,old,pomc,upper
1062,77.0,1.6233766233766234,125.0,B489_ARC_xxx_slice6-Ort.czi,old,pomc,upper
1063,24.0,1.6666666666666667,40.0,B489_ARC_xxx_slice6-Ort.czi,old,pomc,upper
1064,50.0,2.0,100.0,B489_ARC_xxx_slice6-Ort.czi,old,pomc,upper
1065,75.0,2.2,165.0,B489_ARC_xxx_slice6-Ort.czi,old,pomc,upper
1066,1.0,2.0,2.0,B489_ARC_xxx_slice6-Ort.czi,old,pomc,upper
1067,193.0,1.7305699481865284,334.0,B489_ARC_xxx_slice6-Ort.czi,old,pomc,upper
1068,113.0,1.9292035398230087,218.0,B489_ARC_xxx_slice6-Ort.czi,old,pomc,upper
1069,1.0,1.0,1.0,B489_ARC_xxx_slice6-Ort.czi,old,pomc,upper
1070,171.0,1.590643274853801,272.0,B489_ARC_xxx_slice6-Ort.czi,old,pomc,upper
1071,17.0,1.7647058823529411,30.0,B489_ARC_xxx_slice6-Ort.czi,old,pomc,upper
1072,1.0,1.0,1.0,B489_ARC_xxx_slice6-Ort.czi,old,pomc,upper
1073,2.0,1.5,3.0,B489_ARC_xxx_slice6-Ort.czi,old,pomc,upper
1074,3.0,3.6666666666666665,11.0,B489_ARC_xxx_slice6-Ort.czi,old,pomc,upper
1075,24.0,1.9583333333333333,47.0,B489_ARC_xxx_slice6-Ort.czi,old,pomc,upper
1076,1.0,1.0,1.0,B489_ARC_xxx_slice6-Ort.czi,old,pomc,upper
1077,77.0,1.6753246753246753,129.0,B489_ARC_xxx_slice6-Ort.czi,old,pomc,upper
1078,90.0,1.7,153.0,B489_ARC_xxx_slice6-Ort.czi,old,pomc,upper
1079,49.0,1.510204081632653,74.0,B489_ARC_xxx_slice6-Ort.czi,old,pomc,upper
1080,34.0,1.7647058823529411,60.0,B489_ARC_xxx_slice6-Ort.czi,old,pomc,upper
1081,159.0,1.7106918238993711,272.0,B489_ARC_xxx_slice6-Ort.czi,old,pomc,upper
1082,44.0,1.6590909090909092,73.0,B489_ARC_xxx_slice6-Ort.czi,old,pomc,upper
1083,27.0,1.7777777777777777,48.0,B489_ARC_xxx_slice6-Ort.czi,old,pomc,upper
1084,21.0,1.8571428571428572,39.0,B489_ARC_xxx_slice6-Ort.czi,old,pomc,upper
1085,157.0,1.605095541401274,252.0,B489_ARC_xxx_slice6-Ort.czi,old,pomc,upper
1086,30.0,1.7,51.0,B489_ARC_xxx_slice6-Ort.czi,old,pomc,upper
1087,23.0,1.826086956521739,42.0,B489_ARC_xxx_slice6-Ort.czi,old,pomc,upper
1088,49.0,1.6734693877551021,82.0,B489_ARC_xxx_slice6-Ort.czi,old,pomc,upper
1089,5.0,1.8,9.0,B489_ARC_xxx_slice6-Ort.czi,old,pomc,upper
1090,1.0,2.0,2.0,B489_ARC_xxx_slice6-Ort.czi,old,pomc,upper
1091,10.0,1.9,19.0,B489_ARC_xxx_slice6-Ort.czi,old,pomc,upper
1092,83.0,1.7590361445783131,146.0,B489_ARC_xxx_slice6-Ort.czi,old,pomc,upper
1093,16.0,2.0625,33.0,B489_ARC_xxx_slice6-Ort.czi,old,pomc,upper
1094,102.0,1.5588235294117647,159.0,B489_ARC_xxx_slice6-Ort.czi,old,pomc,upper
1095,66.0,2.1515151515151514,142.0,B489_ARC_xxx_slice6-Ort.czi,old,pomc,upper
1096,108.0,1.712962962962963,185.0,B489_ARC_xxx_slice6-Ort.czi,old,pomc,upper
1097,45.0,2.2444444444444445,101.0,B489_ARC_xxx_slice6-Ort.czi,old,pomc,upper
1098,9.0,1.3333333333333333,12.0,B489_ARC_xxx_slice6-Ort.czi,old,pomc,upper
1099,42.0,2.0238095238095237,85.0,B489_ARC_xxx_slice6-Ort.czi,old,pomc,upper
1100,28.0,2.392857142857143,67.0,B489_ARC_xxx_slice6-Ort.czi,old,pomc,upper
1101,115.0,1.7130434782608697,197.0,B489_ARC_xxx_slice6-Ort.czi,old,pomc,upper
1102,59.0,2.406779661016949,142.0,B489_ARC_xxx_slice6-Ort.czi,old,pomc,upper
1103,133.0,1.9473684210526316,259.0,B489_ARC_xxx_slice6-Ort.czi,old,pomc,upper
1104,81.0,1.8641975308641976,151.0,B489_ARC_xxx_slice6-Ort.czi,old,pomc,upper
1105,144.0,1.7777777777777777,256.0,B489_ARC_xxx_slice6-Ort.czi,old,pomc,upper
1106,60.0,1.95,117.0,B489_ARC_xxx_slice6-Ort.czi,old,pomc,upper
1107,15.0,1.6,24.0,B489_ARC_xxx_slice6-Ort.czi,old,pomc,upper
1108,25.0,1.56,39.0,B489_ARC_xxx_slice6-Ort.czi,old,pomc,upper
1109,48.0,1.9375,93.0,B489_ARC_xxx_slice6-Ort.czi,old,pomc,upper
1110,54.0,2.5555555555555554,138.0,B489_ARC_xxx_slice6-Ort.czi,old,pomc,upper
1111,27.0,1.7777777777777777,48.0,B489_ARC_xxx_slice6-Ort.czi,old,pomc,upper
1112,34.0,1.5,51.0,B489_ARC_xxx_slice6-Ort.czi,old,pomc,upper
1113,17.0,1.7647058823529411,30.0,B489_ARC_xxx_slice6-Ort.czi,old,pomc,upper
1114,82.0,1.7195121951219512,141.0,B489_ARC_xxx_slice6-Ort.czi,old,pomc,upper
1115,114.0,1.8157894736842106,207.0,B489_ARC_xxx_slice6-Ort.czi,old,pomc,upper
1116,511.0,1.7221135029354206,880.0,B489_ARC_xxx_slice6-Ort.czi,old,pomc,upper
1117,24.0,1.625,39.0,B489_ARC_xxx_slice6-Ort.czi,old,pomc,upper
1118,124.0,1.7338709677419355,215.0,B489_ARC_xxx_slice6-Ort.czi,old,pomc,upper
1119,88.0,1.7840909090909092,157.0,B489_ARC_xxx_slice6-Ort.czi,old,pomc,upper
1120,116.0,1.543103448275862,179.0,B489_ARC_xxx_slice6-Ort.czi,old,pomc,upper
1121,12.0,1.8333333333333333,22.0,B489_ARC_xxx_slice6-Ort.czi,old,pomc,upper
1122,5.0,1.8,9.0,B489_ARC_xxx_slice6-Ort.czi,old,pomc,upper
1123,28.0,1.6785714285714286,47.0,B489_ARC_xxx_slice6-Ort.czi,old,pomc,upper
1124,24.0,1.625,39.0,B489_ARC_xxx_slice6-Ort.czi,old,pomc,upper
1125,92.0,1.576086956521739,145.0,B489_ARC_xxx_slice6-Ort.czi,old,pomc,upper
1126,1.0,1.0,1.0,B489_ARC_xxx_slice6-Ort.czi,old,pomc,upper
1127,16.0,1.4375,23.0,B489_ARC_xxx_slice6-Ort.czi,old,pomc,upper
1128,482.0,1.829875518672199,882.0,B489_ARC_xxx_slice6-Ort.czi,old,pomc,upper
1129,20.0,1.8,36.0,B489_ARC_xxx_slice6-Ort.czi,old,pomc,upper
1130,32.0,1.875,60.0,B489_ARC_xxx_slice6-Ort.czi,old,pomc,upper
1131,20.0,1.65,33.0,B489_ARC_xxx_slice6-Ort.czi,old,pomc,upper
1132,13.0,2.1538461538461537,28.0,B489_ARC_xxx_slice6-Ort.czi,old,pomc,upper
1133,59.0,1.6440677966101696,97.0,B489_ARC_xxx_slice6-Ort.czi,old,pomc,upper
1134,268.0,1.757462686567164,471.0,B489_ARC_xxx_slice6-Ort.czi,old,pomc,upper
1135,39.0,1.641025641025641,64.0,B489_ARC_xxx_slice6-Ort.czi,old,pomc,upper
1136,9.0,1.2222222222222223,11.0,B489_ARC_xxx_slice6-Ort.czi,old,pomc,upper
1137,50.0,2.14,107.0,B489_ARC_xxx_slice6-Ort.czi,old,pomc,upper
1138,161.0,1.6149068322981366,260.0,B489_ARC_xxx_slice6-Ort.czi,old,pomc,upper
1139,18.0,2.111111111111111,38.0,B489_ARC_xxx_slice6-Ort.czi,old,pomc,upper
1140,144.0,1.8402777777777777,265.0,B489_ARC_xxx_slice6-Ort.czi,old,pomc,upper
1141,36.0,1.8611111111111112,67.0,B489_ARC_xxx_slice6-Ort.czi,old,pomc,upper
1142,21.0,1.8095238095238095,38.0,B489_ARC_xxx_slice6-Ort.czi,old,pomc,upper
1143,45.0,1.9111111111111112,86.0,B489_ARC_xxx_slice6-Ort.czi,old,pomc,upper
1144,129.0,1.9612403100775193,253.0,B489_ARC_xxx_slice6-Ort.czi,old,pomc,upper
1145,4854.0,1.6666666666666667,8090.0,B489_ARC_xxx_slice6-Ort.czi,old,pomc,upper
1146,14.0,1.5714285714285714,22.0,B489_ARC_xxx_slice6-Ort.czi,old,pomc,upper
1147,297.0,1.8888888888888888,561.0,B489_ARC_xxx_slice6-Ort.czi,old,pomc,upper
1148,230.0,1.8521739130434782,426.0,B489_ARC_xxx_slice6-Ort.czi,old,pomc,upper
1149,45.0,2.1333333333333333,96.0,B489_ARC_xxx_slice6-Ort.czi,old,pomc,upper
1150,9.0,1.7777777777777777,16.0,B489_ARC_xxx_slice6-Ort.czi,old,pomc,upper
1151,4.0,1.5,6.0,B489_ARC_xxx_slice6-Ort.czi,old,pomc,upper
1152,12.0,2.0,24.0,B489_ARC_xxx_slice6-Ort.czi,old,pomc,upper
1153,109.0,1.981651376146789,216.0,B489_ARC_xxx_slice6-Ort.czi,old,pomc,upper
1154,36.0,1.75,63.0,B489_ARC_xxx_slice6-Ort.czi,old,pomc,upper
1155,409.0,1.7481662591687042,715.0,B489_ARC_xxx_slice6-Ort.czi,old,pomc,upper
1156,150.0,1.8333333333333333,275.0,B489_ARC_xxx_slice6-Ort.czi,old,pomc,upper
1157,4.0,2.0,8.0,B489_ARC_xxx_slice6-Ort.czi,old,pomc,upper
1158,38.0,2.1842105263157894,83.0,B489_ARC_xxx_slice6-Ort.czi,old,pomc,upper
1159,73.0,1.8356164383561644,134.0,B489_ARC_xxx_slice6-Ort.czi,old,pomc,upper
1160,23.0,1.5217391304347827,35.0,B489_ARC_xxx_slice6-Ort.czi,old,pomc,upper
1161,7.0,1.7142857142857142,12.0,B489_ARC_xxx_slice6-Ort.czi,old,pomc,upper
1162,90.0,1.7444444444444445,157.0,B489_ARC_xxx_slice6-Ort.czi,old,pomc,upper
1163,16.0,1.5625,25.0,B489_ARC_xxx_slice6-Ort.czi,old,pomc,upper
1164,27.0,1.8888888888888888,51.0,B489_ARC_xxx_slice6-Ort.czi,old,pomc,upper
1165,80.0,1.775,142.0,B489_ARC_xxx_slice6-Ort.czi,old,pomc,upper
1166,113.0,1.9026548672566372,215.0,B489_ARC_xxx_slice6-Ort.czi,old,pomc,upper
1167,55.0,1.5818181818181818,87.0,B489_ARC_xxx_slice6-Ort.czi,old,pomc,upper
1168,4.0,1.5,6.0,B489_ARC_xxx_slice6-Ort.czi,old,pomc,upper
1169,73.0,1.5616438356164384,114.0,B489_ARC_xxx_slice6-Ort.czi,old,pomc,upper
1170,15.0,1.7333333333333334,26.0,B489_ARC_xxx_slice6-Ort.czi,old,pomc,upper
1171,319.0,1.8808777429467085,600.0,B489_ARC_xxx_slice6-Ort.czi,old,pomc,upper
1172,36.0,1.7222222222222223,62.0,B489_ARC_xxx_slice6-Ort.czi,old,pomc,upper
1173,594.0,1.6363636363636365,972.0000000000001,B489_ARC_xxx_slice6-Ort.czi,old,pomc,upper
1174,13.0,2.230769230769231,29.0,B489_ARC_xxx_slice6-Ort.czi,old,pomc,upper
1175,11.0,2.1818181818181817,24.0,B489_ARC_xxx_slice6-Ort.czi,old,pomc,upper
1176,253.0,1.5098814229249011,382.0,B489_ARC_xxx_slice6-Ort.czi,old,pomc,upper
1177,539.0,1.8293135435992578,986.0,B489_ARC_xxx_slice6-Ort.czi,old,pomc,upper
1178,58.0,1.793103448275862,104.0,B489_ARC_xxx_slice6-Ort.czi,old,pomc,upper
1179,15.0,1.7333333333333334,26.0,B489_ARC_xxx_slice6-Ort.czi,old,pomc,upper
1180,45.0,2.1333333333333333,96.0,B489_ARC_xxx_slice6-Ort.czi,old,pomc,upper
1181,55.0,1.490909090909091,82.0,B489_ARC_xxx_slice6-Ort.czi,old,pomc,upper
1182,1.0,4.0,4.0,B489_ARC_xxx_slice6-Ort.czi,old,pomc,upper
1183,10.0,1.4,14.0,B489_ARC_xxx_slice6-Ort.czi,old,pomc,upper
1184,40.0,2.1,84.0,B489_ARC_xxx_slice6-Ort.czi,old,pomc,upper
1185,1.0,0.0,0.0,B489_ARC_xxx_slice6-Ort.czi,old,pomc,upper
1186,85.0,2.0470588235294116,174.0,B489_ARC_xxx_slice6-Ort.czi,old,pomc,upper
1187,4.0,2.25,9.0,B489_ARC_xxx_slice6-Ort.czi,old,pomc,upper
1188,56.0,1.8392857142857142,103.0,B489_ARC_xxx_slice6-Ort.czi,old,pomc,upper
1189,4.0,1.25,5.0,B489_ARC_xxx_slice6-Ort.czi,old,pomc,upper
1190,1.0,3.0,3.0,B489_ARC_xxx_slice6-Ort.czi,old,pomc,upper
1191,158.0,1.8354430379746836,290.0,B489_ARC_xxx_slice6-Ort.czi,old,pomc,upper
1192,90.0,1.9777777777777779,178.0,B489_ARC_xxx_slice6-Ort.czi,old,pomc,upper
1193,53.0,2.0,106.0,B489_ARC_xxx_slice6-Ort.czi,old,pomc,upper
1194,91.0,1.89010989010989,172.0,B489_ARC_xxx_slice6-Ort.czi,old,pomc,upper
1195,1.0,1.0,1.0,B489_ARC_xxx_slice6-Ort.czi,old,pomc,upper
1196,82.0,1.6951219512195121,139.0,B489_ARC_xxx_slice6-Ort.czi,old,pomc,upper
1197,2204.0,1.7109800362976406,3771.0,B489_ARC_xxx_slice6-Ort.czi,old,pomc,upper
1198,53.0,1.9056603773584906,101.0,B489_ARC_xxx_slice6-Ort.czi,old,pomc,upper
1199,2.0,3.0,6.0,B489_ARC_xxx_slice6-Ort.czi,old,pomc,upper
1200,64.0,1.9375,124.0,B489_ARC_xxx_slice6-Ort.czi,old,pomc,upper
1201,44.0,1.5909090909090908,70.0,B489_ARC_xxx_slice6-Ort.czi,old,pomc,upper
1202,26.0,1.8461538461538463,48.0,B489_ARC_xxx_slice6-Ort.czi,old,pomc,upper
1203,308.0,2.107142857142857,649.0,B489_ARC_xxx_slice6-Ort.czi,old,pomc,upper
1204,39.0,1.7179487179487178,67.0,B489_ARC_xxx_slice6-Ort.czi,old,pomc,upper
1205,13.0,3.1538461538461537,41.0,B489_ARC_xxx_slice6-Ort.czi,old,pomc,upper
1206,28.0,1.7142857142857142,48.0,B489_ARC_xxx_slice6-Ort.czi,old,pomc,upper
1207,32.0,1.5625,50.0,B489_ARC_xxx_slice6-Ort.czi,old,pomc,upper
1208,27.0,1.6666666666666667,45.0,B489_ARC_xxx_slice6-Ort.czi,old,pomc,upper
1209,21.0,1.8571428571428572,39.0,B489_ARC_xxx_slice6-Ort.czi,old,pomc,upper
1210,65.0,1.9846153846153847,129.0,B489_ARC_xxx_slice6-Ort.czi,old,pomc,upper
1211,73.0,2.2739726027397262,166.00000000000003,B489_ARC_xxx_slice6-Ort.czi,old,pomc,upper
1212,1.0,2.0,2.0,B489_ARC_xxx_slice6-Ort.czi,old,pomc,upper
1213,119.0,1.7647058823529411,210.0,B489_ARC_xxx_slice6-Ort.czi,old,pomc,upper
1214,995.0,1.8261306532663317,1817.0,B489_ARC_xxx_slice6-Ort.czi,old,pomc,upper
1215,12.0,1.75,21.0,B489_ARC_xxx_slice6-Ort.czi,old,pomc,upper
1216,56.0,1.5714285714285714,88.0,B489_ARC_xxx_slice6-Ort.czi,old,pomc,upper
1217,20.0,1.7,34.0,B489_ARC_xxx_slice6-Ort.czi,old,pomc,upper
1218,2405.0,1.543035343035343,3711.0,B489_ARC_xxx_slice6-Ort.czi,old,pomc,upper
1219,57.0,1.7719298245614035,101.0,B489_ARC_xxx_slice6-Ort.czi,old,pomc,upper
1220,5.0,1.8,9.0,B489_ARC_xxx_slice6-Ort.czi,old,pomc,upper
1221,19.0,1.5263157894736843,29.0,B489_ARC_xxx_slice6-Ort.czi,old,pomc,upper
1222,28.0,1.6071428571428572,45.0,B489_ARC_xxx_slice6-Ort.czi,old,pomc,upper
1223,36.0,2.1666666666666665,78.0,B489_ARC_xxx_slice6-Ort.czi,old,pomc,upper
1224,16.0,2.0,32.0,B489_ARC_xxx_slice6-Ort.czi,old,pomc,upper
1225,1.0,1.0,1.0,B489_ARC_xxx_slice6-Ort.czi,old,pomc,upper
1226,13.0,2.076923076923077,27.000000000000004,B489_ARC_xxx_slice6-Ort.czi,old,pomc,upper
1227,80.0,1.9375,155.0,B489_ARC_xxx_slice6-Ort.czi,old,pomc,upper
1228,94.0,1.553191489361702,146.0,B489_ARC_xxx_slice6-Ort.czi,old,pomc,upper
1229,66.0,1.8636363636363635,123.0,B489_ARC_xxx_slice6-Ort.czi,old,pomc,upper
1230,81.0,1.6049382716049383,130.0,B489_ARC_xxx_slice6-Ort.czi,old,pomc,upper
1231,226.0,2.079646017699115,470.0,B489_ARC_xxx_slice6-Ort.czi,old,pomc,upper
1232,16.0,1.6875,27.0,B489_ARC_xxx_slice6-Ort.czi,old,pomc,upper
1233,21.0,1.7619047619047619,37.0,B489_ARC_xxx_slice6-Ort.czi,old,pomc,upper
1234,1.0,2.0,2.0,B489_ARC_xxx_slice6-Ort.czi,old,pomc,upper
1235,46.0,1.7173913043478262,79.0,B489_ARC_xxx_slice6-Ort.czi,old,pomc,upper
1236,490.0,1.5285714285714285,749.0,B489_ARC_xxx_slice6-Ort.czi,old,pomc,upper
1237,34.0,2.088235294117647,71.0,B489_ARC_xxx_slice6-Ort.czi,old,pomc,upper
1238,42.0,1.4761904761904763,62.0,B489_ARC_xxx_slice6-Ort.czi,old,pomc,upper
1239,12.0,2.0833333333333335,25.0,B489_ARC_xxx_slice6-Ort.czi,old,pomc,upper
1240,107.0,1.5794392523364487,169.0,B489_ARC_xxx_slice6-Ort.czi,old,pomc,upper
1241,49.0,1.836734693877551,90.0,B489_ARC_xxx_slice6-Ort.czi,old,pomc,upper
1242,32.0,1.75,56.0,B489_ARC_xxx_slice6-Ort.czi,old,pomc,upper
1243,61.0,2.262295081967213,138.0,B489_ARC_xxx_slice6-Ort.czi,old,pomc,upper
1244,134.0,1.8507462686567164,248.0,B489_ARC_xxx_slice6-Ort.czi,old,pomc,upper
1245,51.0,2.0980392156862746,107.0,B489_ARC_xxx_slice6-Ort.czi,old,pomc,upper
1246,13.0,1.6923076923076923,22.0,B489_ARC_xxx_slice6-Ort.czi,old,pomc,upper
1247,164.0,2.1646341463414633,355.0,B489_ARC_xxx_slice6-Ort.czi,old,pomc,upper
1248,38.0,1.5,57.0,B489_ARC_xxx_slice6-Ort.czi,old,pomc,upper
1249,59.0,1.4915254237288136,88.0,B489_ARC_xxx_slice6-Ort.czi,old,pomc,upper
1250,20.0,2.1,42.0,B489_ARC_xxx_slice6-Ort.czi,old,pomc,upper
1251,56.0,1.6785714285714286,94.0,B489_ARC_xxx_slice6-Ort.czi,old,pomc,upper
1252,44.0,2.0454545454545454,90.0,B489_ARC_xxx_slice6-Ort.czi,old,pomc,upper
1253,31.0,1.5483870967741935,48.0,B489_ARC_xxx_slice6-Ort.czi,old,pomc,upper
1254,1.0,1.0,1.0,B489_ARC_xxx_slice6-Ort.czi,old,pomc,upper
1255,39.0,1.794871794871795,70.0,B489_ARC_xxx_slice6-Ort.czi,old,pomc,upper
1256,53.0,2.207547169811321,117.00000000000001,B489_ARC_xxx_slice6-Ort.czi,old,pomc,upper
1257,1.0,1.0,1.0,B489_ARC_xxx_slice6-Ort.czi,old,pomc,upper
1258,37.0,2.4594594594594597,91.0,B489_ARC_xxx_slice6-Ort.czi,old,pomc,upper
1259,98.0,2.0816326530612246,204.0,B489_ARC_xxx_slice6-Ort.czi,old,pomc,upper
1260,81.0,1.8271604938271604,148.0,B489_ARC_xxx_slice6-Ort.czi,old,pomc,upper
1261,107.0,1.9065420560747663,204.0,B489_ARC_xxx_slice6-Ort.czi,old,pomc,upper
1262,17.0,1.8823529411764706,32.0,B489_ARC_xxx_slice6-Ort.czi,old,pomc,upper
1263,34.0,2.1176470588235294,72.0,B489_ARC_xxx_slice6-Ort.czi,old,pomc,upper
1264,36.0,1.7222222222222223,62.0,B489_ARC_xxx_slice6-Ort.czi,old,pomc,upper
1265,53.0,2.358490566037736,125.00000000000001,B489_ARC_xxx_slice6-Ort.czi,old,pomc,upper
1266,54.0,1.5925925925925926,86.0,B489_ARC_xxx_slice6-Ort.czi,old,pomc,upper
1267,57.0,1.6666666666666667,95.0,B489_ARC_xxx_slice6-Ort.czi,old,pomc,upper
1268,13.0,1.6153846153846154,21.0,B489_ARC_xxx_slice6-Ort.czi,old,pomc,upper
1269,29.0,1.4482758620689655,42.0,B489_ARC_xxx_slice6-Ort.czi,old,pomc,upper
1270,79.0,1.7974683544303798,142.0,B489_ARC_xxx_slice6-Ort.czi,old,pomc,upper
1271,49.0,1.9387755102040816,95.0,B489_ARC_xxx_slice6-Ort.czi,old,pomc,upper
1272,1.0,1.0,1.0,B489_ARC_xxx_slice6-Ort.czi,old,pomc,upper
1273,85.0,1.9529411764705882,166.0,B489_ARC_xxx_slice6-Ort.czi,old,pomc,upper
1274,48.0,2.3541666666666665,113.0,B489_ARC_xxx_slice6-Ort.czi,old,pomc,upper
1275,11.0,2.090909090909091,23.0,B489_ARC_xxx_slice6-Ort.czi,old,pomc,upper
1276,59.0,1.694915254237288,100.0,B489_ARC_xxx_slice6-Ort.czi,old,pomc,upper
1277,69.0,1.608695652173913,111.0,B489_ARC_xxx_slice6-Ort.czi,old,pomc,upper
1278,596.0,1.6057046979865772,957.0,B489_ARC_xxx_slice6-Ort.czi,old,pomc,upper
1279,5.0,2.4,12.0,B489_ARC_xxx_slice6-Ort.czi,old,pomc,upper
1280,42.0,1.5952380952380953,67.0,B489_ARC_xxx_slice6-Ort.czi,old,pomc,upper
1281,1.0,2.0,2.0,B489_ARC_xxx_slice6-Ort.czi,old,pomc,upper
1282,1.0,2.0,2.0,B489_ARC_xxx_slice6-Ort.czi,old,pomc,upper
1283,26.0,1.8846153846153846,49.0,B489_ARC_xxx_slice6-Ort.czi,old,pomc,upper
1284,130.0,1.7461538461538462,227.0,B489_ARC_xxx_slice6-Ort.czi,old,pomc,upper
1285,92.0,1.858695652173913,171.0,B489_ARC_xxx_slice6-Ort.czi,old,pomc,upper
1286,184.0,1.8369565217391304,338.0,B489_ARC_xxx_slice6-Ort.czi,old,pomc,upper
1287,182.0,1.8516483516483517,337.0,B489_ARC_xxx_slice6-Ort.czi,old,pomc,upper
1288,20.0,2.3,46.0,B489_ARC_xxx_slice6-Ort.czi,old,pomc,upper
1289,143.0,1.8111888111888113,259.0,B489_ARC_xxx_slice6-Ort.czi,old,pomc,upper
1290,60.0,1.6833333333333333,101.0,B489_ARC_xxx_slice6-Ort.czi,old,pomc,upper
1291,1.0,2.0,2.0,B489_ARC_xxx_slice6-Ort.czi,old,pomc,upper
1292,27.0,2.2962962962962963,62.0,B489_ARC_xxx_slice6-Ort.czi,old,pomc,upper
1293,3.0,1.6666666666666667,5.0,B489_ARC_xxx_slice6-Ort.czi,old,pomc,upper
1294,166.0,1.7228915662650603,286.0,B489_ARC_xxx_slice6-Ort.czi,old,pomc,upper
1295,27.0,1.9259259259259258,52.0,B489_ARC_xxx_slice6-Ort.czi,old,pomc,upper
1296,83.0,2.0481927710843375,170.0,B489_ARC_xxx_slice6-Ort.czi,old,pomc,upper
1297,4737.0,1.750686088241503,8293.0,B489_ARC_xxx_slice6-Ort.czi,old,pomc,upper
1298,68.0,2.485294117647059,169.0,B489_ARC_xxx_slice6-Ort.czi,old,pomc,upper
1299,35.0,1.6285714285714286,57.0,B489_ARC_xxx_slice6-Ort.czi,old,pomc,upper
1300,93.0,1.881720430107527,175.0,B489_ARC_xxx_slice6-Ort.czi,old,pomc,upper
1301,241.0,1.9087136929460582,460.0,B489_ARC_xxx_slice6-Ort.czi,old,pomc,upper
1302,46.0,1.8695652173913044,86.0,B489_ARC_xxx_slice6-Ort.czi,old,pomc,upper
1303,69.0,2.130434782608696,147.0,B489_ARC_xxx_slice6-Ort.czi,old,pomc,upper
1304,52.0,2.480769230769231,129.0,B489_ARC_xxx_slice6-Ort.czi,old,pomc,upper
1305,75.0,1.6666666666666667,125.0,B489_ARC_xxx_slice6-Ort.czi,old,pomc,upper
1306,387.0,1.821705426356589,705.0,B489_ARC_xxx_slice6-Ort.czi,old,pomc,upper
1307,1.0,2.0,2.0,B489_ARC_xxx_slice6-Ort.czi,old,pomc,upper
1308,63.0,1.5555555555555556,98.0,B489_ARC_xxx_slice6-Ort.czi,old,pomc,upper
1309,26.0,2.076923076923077,54.00000000000001,B489_ARC_xxx_slice6-Ort.czi,old,pomc,upper
1310,1.0,1.0,1.0,B489_ARC_xxx_slice6-Ort.czi,old,pomc,upper
1311,95.0,1.7473684210526317,166.0,B489_ARC_xxx_slice6-Ort.czi,old,pomc,upper
1312,125.0,1.8,225.0,B489_ARC_xxx_slice6-Ort.czi,old,pomc,upper
1313,44.0,1.9772727272727273,87.0,B489_ARC_xxx_slice6-Ort.czi,old,pomc,upper
1314,38.0,1.631578947368421,62.0,B489_ARC_xxx_slice6-Ort.czi,old,pomc,upper
1315,1106.0,1.7025316455696202,1883.0,B489_ARC_xxx_slice6-Ort.czi,old,pomc,upper
1316,28.0,1.9285714285714286,54.0,B489_ARC_xxx_slice6-Ort.czi,old,pomc,upper
1317,55.0,2.2,121.00000000000001,B489_ARC_xxx_slice6-Ort.czi,old,pomc,upper
1318,215.0,1.5906976744186045,342.0,B489_ARC_xxx_slice6-Ort.czi,old,pomc,upper
1319,21.0,2.0476190476190474,43.0,B489_ARC_xxx_slice6-Ort.czi,old,pomc,upper
1320,3.0,1.0,3.0,B489_ARC_xxx_slice6-Ort.czi,old,pomc,upper
1321,21.0,1.6666666666666667,35.0,B489_ARC_xxx_slice6-Ort.czi,old,pomc,upper
1322,308.0,2.0,616.0,B489_ARC_xxx_slice6-Ort.czi,old,pomc,upper
1323,40.0,1.625,65.0,B489_ARC_xxx_slice6-Ort.czi,old,pomc,upper
1324,28.0,1.75,49.0,B489_ARC_xxx_slice6-Ort.czi,old,pomc,upper
1325,62.0,2.0161290322580645,125.0,B489_ARC_xxx_slice6-Ort.czi,old,pomc,upper
1326,38.0,2.6315789473684212,100.0,B489_ARC_xxx_slice6-Ort.czi,old,pomc,upper
1327,1469.0,1.6800544588155208,2468.0,B489_ARC_xxx_slice6-Ort.czi,old,pomc,upper
1328,70.0,1.6857142857142857,118.0,B489_ARC_xxx_slice6-Ort.czi,old,pomc,upper
1329,87.0,1.9655172413793103,171.0,B489_ARC_xxx_slice6-Ort.czi,old,pomc,upper
1330,31.0,1.5806451612903225,49.0,B489_ARC_xxx_slice6-Ort.czi,old,pomc,upper
1331,25.0,1.4,35.0,B489_ARC_xxx_slice6-Ort.czi,old,pomc,upper
1332,50.0,1.76,88.0,B489_ARC_xxx_slice6-Ort.czi,old,pomc,upper
1333,335.0,1.8865671641791044,632.0,B489_ARC_xxx_slice6-Ort.czi,old,pomc,upper
1334,183.0,1.650273224043716,302.0,B489_ARC_xxx_slice6-Ort.czi,old,pomc,upper
1335,86.0,1.802325581395349,155.0,B489_ARC_xxx_slice6-Ort.czi,old,pomc,upper
1336,62.0,1.9838709677419355,123.0,B489_ARC_xxx_slice6-Ort.czi,old,pomc,upper
1337,105.0,1.9904761904761905,209.0,B489_ARC_xxx_slice6-Ort.czi,old,pomc,upper
1338,205.0,1.8048780487804879,370.0,B489_ARC_xxx_slice6-Ort.czi,old,pomc,upper
1339,26.0,1.8076923076923077,47.0,B489_ARC_xxx_slice6-Ort.czi,old,pomc,upper
1340,448.0,1.8705357142857142,838.0,B489_ARC_xxx_slice6-Ort.czi,old,pomc,upper
1341,88.0,1.7613636363636365,155.0,B489_ARC_xxx_slice6-Ort.czi,old,pomc,upper
1342,1414.0,1.6527581329561527,2337.0,B489_ARC_xxx_slice6-Ort.czi,old,pomc,upper
1343,13.0,3.8461538461538463,50.0,B489_ARC_xxx_slice6-Ort.czi,old,pomc,upper
1344,101.0,2.5247524752475248,255.0,B489_ARC_xxx_slice6-Ort.czi,old,pomc,upper
1345,41.0,1.6341463414634145,67.0,B489_ARC_xxx_slice6-Ort.czi,old,pomc,upper
1346,37.0,1.6216216216216217,60.0,B489_ARC_xxx_slice6-Ort.czi,old,pomc,upper
1347,164.0,1.646341463414634,270.0,B489_ARC_xxx_slice6-Ort.czi,old,pomc,upper
1348,118.0,1.5,177.0,B489_ARC_xxx_slice6-Ort.czi,old,pomc,upper
1349,31.0,1.6129032258064515,50.0,B489_ARC_xxx_slice6-Ort.czi,old,pomc,upper
1350,32.0,1.6875,54.0,B489_ARC_xxx_slice6-Ort.czi,old,pomc,upper
1351,67.0,1.8059701492537314,121.0,B489_ARC_xxx_slice6-Ort.czi,old,pomc,upper
1352,833.0,1.8331332533013205,1527.0,B489_ARC_xxx_slice6-Ort.czi,old,pomc,upper
1353,84.0,1.8928571428571428,159.0,B489_ARC_xxx_slice6-Ort.czi,old,pomc,upper
1354,35.0,2.742857142857143,96.0,B489_ARC_xxx_slice6-Ort.czi,old,pomc,upper
1355,82.0,2.2804878048780486,186.99999999999997,B489_ARC_xxx_slice6-Ort.czi,old,pomc,upper
1356,18.0,2.888888888888889,52.0,B489_ARC_xxx_slice6-Ort.czi,old,pomc,upper
1357,58.0,1.7758620689655173,103.0,B489_ARC_xxx_slice6-Ort.czi,old,pomc,upper
1358,190.0,1.736842105263158,330.0,B489_ARC_xxx_slice6-Ort.czi,old,pomc,upper
1359,452.0,1.7367256637168142,785.0,B489_ARC_xxx_slice6-Ort.czi,old,pomc,upper
1360,36.0,1.6666666666666667,60.0,B489_ARC_xxx_slice6-Ort.czi,old,pomc,upper
1361,57.0,1.912280701754386,109.0,B489_ARC_xxx_slice6-Ort.czi,old,pomc,upper
1362,26.0,1.9230769230769231,50.0,B489_ARC_xxx_slice6-Ort.czi,old,pomc,upper
1363,782.0,1.7557544757033248,1373.0,B489_ARC_xxx_slice6-Ort.czi,old,pomc,upper
1364,27.0,1.8148148148148149,49.0,B489_ARC_xxx_slice6-Ort.czi,old,pomc,upper
1365,35.0,1.8571428571428572,65.0,B489_ARC_xxx_slice6-Ort.czi,old,pomc,upper
1366,87.0,1.9195402298850575,167.0,B489_ARC_xxx_slice6-Ort.czi,old,pomc,upper
1367,839.0,1.7151370679380216,1439.0,B489_ARC_xxx_slice6-Ort.czi,old,pomc,upper
1368,68.0,1.7647058823529411,120.0,B489_ARC_xxx_slice6-Ort.czi,old,pomc,upper
1369,5.0,0.8,4.0,B489_ARC_xxx_slice6-Ort.czi,old,pomc,upper
1370,62.0,2.0806451612903225,129.0,B489_ARC_xxx_slice6-Ort.czi,old,pomc,upper
1371,24.0,2.125,51.0,B489_ARC_xxx_slice6-Ort.czi,old,pomc,upper
1372,13.0,1.9230769230769231,25.0,B489_ARC_xxx_slice6-Ort.czi,old,pomc,upper
1373,29.0,1.4827586206896552,43.0,B489_ARC_xxx_slice6-Ort.czi,old,pomc,upper
1374,76.0,2.0,152.0,B489_ARC_xxx_slice6-Ort.czi,old,pomc,upper
1375,142.0,1.8591549295774648,264.0,B489_ARC_xxx_slice6-Ort.czi,old,pomc,upper
1376,227.0,1.8149779735682818,412.0,B489_ARC_xxx_slice6-Ort.czi,old,pomc,upper
1377,11.0,3.1818181818181817,35.0,B489_ARC_xxx_slice6-Ort.czi,old,pomc,upper
1378,26.0,1.8461538461538463,48.0,B489_ARC_xxx_slice6-Ort.czi,old,pomc,upper
1379,26.0,1.8076923076923077,47.0,B489_ARC_xxx_slice6-Ort.czi,old,pomc,upper
1380,129.0,2.007751937984496,259.0,B489_ARC_xxx_slice6-Ort.czi,old,pomc,upper
1381,7.0,1.5714285714285714,11.0,B489_ARC_xxx_slice6-Ort.czi,old,pomc,upper
1382,17.0,1.7058823529411764,29.0,B489_ARC_xxx_slice6-Ort.czi,old,pomc,upper
1383,32.0,1.5625,50.0,B489_ARC_xxx_slice6-Ort.czi,old,pomc,upper
1384,89.0,1.797752808988764,160.0,B489_ARC_xxx_slice6-Ort.czi,old,pomc,upper
1385,2439.0,1.6043460434604346,3913.0,B489_ARC_xxx_slice6-Ort.czi,old,pomc,upper
1386,431.0,1.7006960556844548,733.0,B489_ARC_xxx_slice6-Ort.czi,old,pomc,upper
1387,27.0,2.259259259259259,60.99999999999999,B489_ARC_xxx_slice6-Ort.czi,old,pomc,upper
1388,19.0,1.4736842105263157,28.0,B489_ARC_xxx_slice6-Ort.czi,old,pomc,upper
1389,30.0,1.6,48.0,B489_ARC_xxx_slice6-Ort.czi,old,pomc,upper
1390,35.0,1.9428571428571428,68.0,B489_ARC_xxx_slice6-Ort.czi,old,pomc,upper
1391,45.0,1.6222222222222222,73.0,B489_ARC_xxx_slice6-Ort.czi,old,pomc,upper
1392,249.0,1.7791164658634537,443.0,B489_ARC_xxx_slice6-Ort.czi,old,pomc,upper
1393,28.0,1.6071428571428572,45.0,B489_ARC_xxx_slice6-Ort.czi,old,pomc,upper
1394,3480.0,1.7045977011494253,5932.0,B489_ARC_xxx_slice6-Ort.czi,old,pomc,upper
1395,41.0,2.2195121951219514,91.00000000000001,B489_ARC_xxx_slice6-Ort.czi,old,pomc,upper
1396,91.0,1.978021978021978,180.0,B489_ARC_xxx_slice6-Ort.czi,old,pomc,upper
1397,19.0,1.7894736842105263,34.0,B489_ARC_xxx_slice6-Ort.czi,old,pomc,upper
1398,195.0,1.7692307692307692,345.0,B489_ARC_xxx_slice6-Ort.czi,old,pomc,upper
1399,99.0,1.8383838383838385,182.0,B489_ARC_xxx_slice6-Ort.czi,old,pomc,upper
1400,76.0,1.8157894736842106,138.0,B489_ARC_xxx_slice6-Ort.czi,old,pomc,upper
1401,147.0,1.7891156462585034,263.0,B489_ARC_xxx_slice6-Ort.czi,old,pomc,upper
1402,68.0,1.8088235294117647,123.0,B489_ARC_xxx_slice6-Ort.czi,old,pomc,upper
1403,1.0,2.0,2.0,B489_ARC_xxx_slice6-Ort.czi,old,pomc,upper
1404,23.0,1.565217391304348,36.0,B489_ARC_xxx_slice6-Ort.czi,old,pomc,upper
1405,12.0,1.4166666666666667,17.0,B489_ARC_xxx_slice6-Ort.czi,old,pomc,upper
1406,85.0,1.9529411764705882,166.0,B489_ARC_xxx_slice6-Ort.czi,old,pomc,upper
1407,59.0,1.7796610169491525,105.0,B489_ARC_xxx_slice6-Ort.czi,old,pomc,upper
1408,69.0,1.5507246376811594,107.0,B489_ARC_xxx_slice6-Ort.czi,old,pomc,upper
1409,20.0,2.2,44.0,B489_ARC_xxx_slice6-Ort.czi,old,pomc,upper
1410,17.0,4.117647058823529,70.0,B489_ARC_xxx_slice6-Ort.czi,old,pomc,upper
1411,45.0,2.1333333333333333,96.0,B489_ARC_xxx_slice6-Ort.czi,old,pomc,upper
1412,681.0,2.0910425844346547,1423.9999999999998,B489_ARC_xxx_slice6-Ort.czi,old,pomc,upper
1413,69.0,1.8985507246376812,131.0,B489_ARC_xxx_slice6-Ort.czi,old,pomc,upper
1414,49.0,1.6938775510204083,83.0,B489_ARC_xxx_slice6-Ort.czi,old,pomc,upper
1415,50.0,1.9,95.0,B489_ARC_xxx_slice6-Ort.czi,old,pomc,upper
1416,8.0,1.75,14.0,B489_ARC_xxx_slice6-Ort.czi,old,pomc,upper
1417,14.0,2.142857142857143,30.0,B489_ARC_xxx_slice6-Ort.czi,old,pomc,upper
1418,99.0,2.494949494949495,247.0,B489_ARC_xxx_slice6-Ort.czi,old,pomc,upper
1419,295.0,1.7796610169491525,525.0,B489_ARC_xxx_slice6-Ort.czi,old,pomc,upper
1420,229.0,1.8122270742358078,415.0,B489_ARC_xxx_slice6-Ort.czi,old,pomc,upper
1421,32.0,1.8125,58.0,B489_ARC_xxx_slice6-Ort.czi,old,pomc,upper
1422,145.0,1.8827586206896552,273.0,B489_ARC_xxx_slice6-Ort.czi,old,pomc,upper
1423,137.0,1.7883211678832116,245.0,B489_ARC_xxx_slice6-Ort.czi,old,pomc,upper
1424,52.0,2.7884615384615383,145.0,B489_ARC_xxx_slice6-Ort.czi,old,pomc,upper
1425,389.0,1.8688946015424164,727.0,B489_ARC_xxx_slice6-Ort.czi,old,pomc,upper
1426,132.0,1.856060606060606,245.0,B489_ARC_xxx_slice6-Ort.czi,old,pomc,upper
1427,17.0,1.7647058823529411,30.0,B489_ARC_xxx_slice6-Ort.czi,old,pomc,upper
1428,44.0,2.159090909090909,95.0,B489_ARC_xxx_slice6-Ort.czi,old,pomc,upper
1429,218.0,1.9128440366972477,417.0,B489_ARC_xxx_slice6-Ort.czi,old,pomc,upper
1430,62.0,1.8709677419354838,116.0,B489_ARC_xxx_slice6-Ort.czi,old,pomc,upper
1431,165.0,1.7575757575757576,290.0,B489_ARC_xxx_slice6-Ort.czi,old,pomc,upper
1432,893.0,1.8141097424412094,1620.0,B489_ARC_xxx_slice6-Ort.czi,old,pomc,upper
1433,6.0,1.6666666666666667,10.0,B489_ARC_xxx_slice6-Ort.czi,old,pomc,upper
1434,168.0,1.8928571428571428,318.0,B489_ARC_xxx_slice6-Ort.czi,old,pomc,upper
1435,78.0,1.7820512820512822,139.0,B489_ARC_xxx_slice6-Ort.czi,old,pomc,upper
1436,39.0,2.5384615384615383,99.0,B489_ARC_xxx_slice6-Ort.czi,old,pomc,upper
1437,125.0,2.008,251.0,B489_ARC_xxx_slice6-Ort.czi,old,pomc,upper
1438,520.0,1.771153846153846,921.0,B489_ARC_xxx_slice6-Ort.czi,old,pomc,upper
1439,289.0,1.7197231833910034,497.0,B489_ARC_xxx_slice6-Ort.czi,old,pomc,upper
1440,32.0,1.625,52.0,B489_ARC_xxx_slice6-Ort.czi,old,pomc,upper
1441,21.0,2.142857142857143,45.0,B489_ARC_xxx_slice6-Ort.czi,old,pomc,upper
1442,367.0,1.8610354223433243,683.0,B489_ARC_xxx_slice6-Ort.czi,old,pomc,upper
1443,6.0,2.8333333333333335,17.0,B489_ARC_xxx_slice6-Ort.czi,old,pomc,upper
1444,50.0,1.8,90.0,B489_ARC_xxx_slice6-Ort.czi,old,pomc,upper
1445,204.0,2.0637254901960786,421.00000000000006,B489_ARC_xxx_slice6-Ort.czi,old,pomc,upper
1446,59.0,2.389830508474576,141.0,B489_ARC_xxx_slice6-Ort.czi,old,pomc,upper
1447,61.0,2.0491803278688523,124.99999999999999,B489_ARC_xxx_slice6-Ort.czi,old,pomc,upper
1448,61.0,1.901639344262295,116.0,B489_ARC_xxx_slice6-Ort.czi,old,pomc,upper
1449,328.0,2.073170731707317,680.0,B489_ARC_xxx_slice6-Ort.czi,old,pomc,upper
1450,215.0,1.9534883720930232,420.0,B489_ARC_xxx_slice6-Ort.czi,old,pomc,upper
1451,55.0,1.8545454545454545,102.0,B489_ARC_xxx_slice6-Ort.czi,old,pomc,upper
1452,79.0,1.8227848101265822,144.0,B489_ARC_xxx_slice6-Ort.czi,old,pomc,upper
1453,76.0,2.3026315789473686,175.0,B489_ARC_xxx_slice6-Ort.czi,old,pomc,upper
1454,136.0,1.786764705882353,243.0,B489_ARC_xxx_slice6-Ort.czi,old,pomc,upper
1455,206.0,1.9660194174757282,405.0,B489_ARC_xxx_slice6-Ort.czi,old,pomc,upper
1456,85.0,1.9529411764705882,166.0,B489_ARC_xxx_slice6-Ort.czi,old,pomc,upper
1457,51.0,1.9411764705882353,99.0,B489_ARC_xxx_slice6-Ort.czi,old,pomc,upper
1458,36.0,1.5,54.0,B489_ARC_xxx_slice6-Ort.czi,old,pomc,upper
1459,69.0,2.4057971014492754,166.0,B489_ARC_xxx_slice6-Ort.czi,old,pomc,upper
1460,118.0,1.7627118644067796,208.0,B489_ARC_xxx_slice6-Ort.czi,old,pomc,upper
1461,378.0,2.082010582010582,787.0,B489_ARC_xxx_slice6-Ort.czi,old,pomc,upper
1462,64.0,2.078125,133.0,B489_ARC_xxx_slice6-Ort.czi,old,pomc,upper
1463,56.0,2.357142857142857,132.0,B489_ARC_xxx_slice6-Ort.czi,old,pomc,upper
1464,78.0,2.051282051282051,160.0,B489_ARC_xxx_slice6-Ort.czi,old,pomc,upper
1465,29.0,2.1724137931034484,63.0,B489_ARC_xxx_slice6-Ort.czi,old,pomc,upper
1,31.0,60.774193548387096,1884.0,F656_ARC _B3_slice6-Ort.czi,old,pomc,upper
2,85.0,51.49411764705882,4377.0,F656_ARC _B3_slice6-Ort.czi,old,pomc,upper
3,29.0,52.44827586206897,1521.0,F656_ARC _B3_slice6-Ort.czi,old,pomc,upper
4,19.0,53.526315789473685,1017.0,F656_ARC _B3_slice6-Ort.czi,old,pomc,upper
5,22.0,44.45454545454545,978.0,F656_ARC _B3_slice6-Ort.czi,old,pomc,upper
6,65.0,52.8,3432.0,F656_ARC _B3_slice6-Ort.czi,old,pomc,upper
7,40.0,50.575,2023.0,F656_ARC _B3_slice6-Ort.czi,old,pomc,upper
8,150.0,51.446666666666665,7717.0,F656_ARC _B3_slice6-Ort.czi,old,pomc,upper
9,37.0,47.810810810810814,1769.0000000000002,F656_ARC _B3_slice6-Ort.czi,old,pomc,upper
10,122.0,52.704918032786885,6430.0,F656_ARC _B3_slice6-Ort.czi,old,pomc,upper
11,3.0,99.66666666666667,299.0,F656_ARC _B3_slice6-Ort.czi,old,pomc,upper
12,1.0,47.0,47.0,F656_ARC _B3_slice6-Ort.czi,old,pomc,upper
13,181.0,48.19889502762431,8724.0,F656_ARC _B3_slice6-Ort.czi,old,pomc,upper
14,8.0,46.5,372.0,F656_ARC _B3_slice6-Ort.czi,old,pomc,upper
15,33.0,53.42424242424242,1763.0,F656_ARC _B3_slice6-Ort.czi,old,pomc,upper
16,7.0,46.0,322.0,F656_ARC _B3_slice6-Ort.czi,old,pomc,upper
17,215.0,50.54883720930233,10868.0,F656_ARC _B3_slice6-Ort.czi,old,pomc,upper
18,42.0,50.19047619047619,2108.0,F656_ARC _B3_slice6-Ort.czi,old,pomc,upper
19,6.0,44.0,264.0,F656_ARC _B3_slice6-Ort.czi,old,pomc,upper
20,62.0,54.45161290322581,3376.0,F656_ARC _B3_slice6-Ort.czi,old,pomc,upper
21,124.0,49.693548387096776,6162.0,F656_ARC _B3_slice6-Ort.czi,old,pomc,upper
22,11.0,46.18181818181818,508.0,F656_ARC _B3_slice6-Ort.czi,old,pomc,upper
23,79.0,62.58227848101266,4944.0,F656_ARC _B3_slice6-Ort.czi,old,pomc,upper
24,20.0,60.55,1211.0,F656_ARC _B3_slice6-Ort.czi,old,pomc,upper
25,12.0,65.83333333333333,790.0,F656_ARC _B3_slice6-Ort.czi,old,pomc,upper
26,3.0,67.33333333333333,202.0,F656_ARC _B3_slice6-Ort.czi,old,pomc,upper
27,29.0,51.793103448275865,1502.0,F656_ARC _B3_slice6-Ort.czi,old,pomc,upper
28,3.0,55.333333333333336,166.0,F656_ARC _B3_slice6-Ort.czi,old,pomc,upper
29,19.0,46.0,874.0,F656_ARC _B3_slice6-Ort.czi,old,pomc,upper
30,10.0,50.8,508.0,F656_ARC _B3_slice6-Ort.czi,old,pomc,upper
31,21.0,51.285714285714285,1077.0,F656_ARC _B3_slice6-Ort.czi,old,pomc,upper
32,63.0,46.12698412698413,2906.0,F656_ARC _B3_slice6-Ort.czi,old,pomc,upper
33,159.0,52.74842767295598,8387.0,F656_ARC _B3_slice6-Ort.czi,old,pomc,upper
34,181.0,52.40331491712707,9485.0,F656_ARC _B3_slice6-Ort.czi,old,pomc,upper
35,19.0,63.73684210526316,1211.0,F656_ARC _B3_slice6-Ort.czi,old,pomc,upper
36,13.0,51.69230769230769,672.0,F656_ARC _B3_slice6-Ort.czi,old,pomc,upper
37,48.0,51.25,2460.0,F656_ARC _B3_slice6-Ort.czi,old,pomc,upper
38,3.0,38.333333333333336,115.0,F656_ARC _B3_slice6-Ort.czi,old,pomc,upper
39,7.0,65.42857142857143,458.0,F656_ARC _B3_slice6-Ort.czi,old,pomc,upper
40,26.0,58.80769230769231,1529.0,F656_ARC _B3_slice6-Ort.czi,old,pomc,upper
41,1.0,43.0,43.0,F656_ARC _B3_slice6-Ort.czi,old,pomc,upper
42,1.0,45.0,45.0,F656_ARC _B3_slice6-Ort.czi,old,pomc,upper
43,1.0,76.0,76.0,F656_ARC _B3_slice6-Ort.czi,old,pomc,upper
44,37.0,50.16216216216216,1856.0,F656_ARC _B3_slice6-Ort.czi,old,pomc,upper
45,11.0,44.72727272727273,492.0,F656_ARC _B3_slice6-Ort.czi,old,pomc,upper
46,13.0,48.69230769230769,633.0,F656_ARC _B3_slice6-Ort.czi,old,pomc,upper
47,27.0,56.666666666666664,1530.0,F656_ARC _B3_slice6-Ort.czi,old,pomc,upper
48,31.0,57.0,1767.0,F656_ARC _B3_slice6-Ort.czi,old,pomc,upper
49,32.0,116.03125,3713.0,F656_ARC _B3_slice6-Ort.czi,old,pomc,upper
50,28.0,48.035714285714285,1345.0,F656_ARC _B3_slice6-Ort.czi,old,pomc,upper
51,14.0,54.57142857142857,764.0,F656_ARC _B3_slice6-Ort.czi,old,pomc,upper
52,66.0,52.81818181818182,3486.0,F656_ARC _B3_slice6-Ort.czi,old,pomc,upper
53,153.0,53.130718954248366,8129.0,F656_ARC _B3_slice6-Ort.czi,old,pomc,upper
54,165.0,52.30909090909091,8631.0,F656_ARC _B3_slice6-Ort.czi,old,pomc,upper
55,1116.0,48.69982078853047,54349.0,F656_ARC _B3_slice6-Ort.czi,old,pomc,upper
56,34.0,50.26470588235294,1709.0,F656_ARC _B3_slice6-Ort.czi,old,pomc,upper
57,87.0,53.02298850574713,4613.0,F656_ARC _B3_slice6-Ort.czi,old,pomc,upper
58,265.0,48.384905660377356,12822.0,F656_ARC _B3_slice6-Ort.czi,old,pomc,upper
59,11.0,61.0,671.0,F656_ARC _B3_slice6-Ort.czi,old,pomc,upper
60,53.0,52.81132075471698,2799.0,F656_ARC _B3_slice6-Ort.czi,old,pomc,upper
61,18.0,52.0,936.0,F656_ARC _B3_slice6-Ort.czi,old,pomc,upper
62,26.0,49.65384615384615,1291.0,F656_ARC _B3_slice6-Ort.czi,old,pomc,upper
63,193.0,49.129533678756474,9482.0,F656_ARC _B3_slice6-Ort.czi,old,pomc,upper
64,69.0,53.21739130434783,3672.0,F656_ARC _B3_slice6-Ort.czi,old,pomc,upper
65,44.0,53.09090909090909,2336.0,F656_ARC _B3_slice6-Ort.czi,old,pomc,upper
66,33.0,47.666666666666664,1573.0,F656_ARC _B3_slice6-Ort.czi,old,pomc,upper
67,21.0,65.95238095238095,1385.0,F656_ARC _B3_slice6-Ort.czi,old,pomc,upper
68,1.0,61.0,61.0,F656_ARC _B3_slice6-Ort.czi,old,pomc,upper
69,1.0,56.0,56.0,F656_ARC _B3_slice6-Ort.czi,old,pomc,upper
70,55.0,53.49090909090909,2942.0,F656_ARC _B3_slice6-Ort.czi,old,pomc,upper
71,1.0,114.0,114.0,F656_ARC _B3_slice6-Ort.czi,old,pomc,upper
72,23.0,48.52173913043478,1116.0,F656_ARC _B3_slice6-Ort.czi,old,pomc,upper
73,32.0,47.28125,1513.0,F656_ARC _B3_slice6-Ort.czi,old,pomc,upper
74,151.0,49.079470198675494,7411.0,F656_ARC _B3_slice6-Ort.czi,old,pomc,upper
75,2.0,40.0,80.0,F656_ARC _B3_slice6-Ort.czi,old,pomc,upper
76,28.0,56.642857142857146,1586.0,F656_ARC _B3_slice6-Ort.czi,old,pomc,upper
77,142.0,53.2887323943662,7567.0,F656_ARC _B3_slice6-Ort.czi,old,pomc,upper
78,78.0,54.34615384615385,4239.0,F656_ARC _B3_slice6-Ort.czi,old,pomc,upper
79,14.0,46.57142857142857,652.0,F656_ARC _B3_slice6-Ort.czi,old,pomc,upper
80,57.0,57.50877192982456,3278.0,F656_ARC _B3_slice6-Ort.czi,old,pomc,upper
81,58.0,52.03448275862069,3018.0,F656_ARC _B3_slice6-Ort.czi,old,pomc,upper
82,47.0,51.95744680851064,2442.0,F656_ARC _B3_slice6-Ort.czi,old,pomc,upper
83,52.0,60.05769230769231,3123.0,F656_ARC _B3_slice6-Ort.czi,old,pomc,upper
84,41.0,53.36585365853659,2188.0,F656_ARC _B3_slice6-Ort.czi,old,pomc,upper
85,16.0,53.25,852.0,F656_ARC _B3_slice6-Ort.czi,old,pomc,upper
86,27.0,65.51851851851852,1769.0,F656_ARC _B3_slice6-Ort.czi,old,pomc,upper
87,20.0,51.3,1026.0,F656_ARC _B3_slice6-Ort.czi,old,pomc,upper
88,50.0,53.1,2655.0,F656_ARC _B3_slice6-Ort.czi,old,pomc,upper
89,44.0,51.52272727272727,2267.0,F656_ARC _B3_slice6-Ort.czi,old,pomc,upper
90,30.0,51.733333333333334,1552.0,F656_ARC _B3_slice6-Ort.czi,old,pomc,upper
91,10.0,49.9,499.0,F656_ARC _B3_slice6-Ort.czi,old,pomc,upper
92,58.0,48.06896551724138,2788.0,F656_ARC _B3_slice6-Ort.czi,old,pomc,upper
93,5.0,50.6,253.0,F656_ARC _B3_slice6-Ort.czi,old,pomc,upper
94,45.0,52.0,2340.0,F656_ARC _B3_slice6-Ort.czi,old,pomc,upper
95,3.0,63.333333333333336,190.0,F656_ARC _B3_slice6-Ort.czi,old,pomc,upper
96,169.0,51.29585798816568,8669.0,F656_ARC _B3_slice6-Ort.czi,old,pomc,upper
97,178.0,49.97191011235955,8895.0,F656_ARC _B3_slice6-Ort.czi,old,pomc,upper
98,10.0,48.3,483.0,F656_ARC _B3_slice6-Ort.czi,old,pomc,upper
99,52.0,51.26923076923077,2666.0,F656_ARC _B3_slice6-Ort.czi,old,pomc,upper
100,9.0,41.44444444444444,373.0,F656_ARC _B3_slice6-Ort.czi,old,pomc,upper
101,59.0,55.067796610169495,3249.0,F656_ARC _B3_slice6-Ort.czi,old,pomc,upper
102,45.0,49.51111111111111,2228.0,F656_ARC _B3_slice6-Ort.czi,old,pomc,upper
103,17.0,51.23529411764706,871.0,F656_ARC _B3_slice6-Ort.czi,old,pomc,upper
104,1.0,54.0,54.0,F656_ARC _B3_slice6-Ort.czi,old,pomc,upper
105,51.0,50.745098039215684,2588.0,F656_ARC _B3_slice6-Ort.czi,old,pomc,upper
106,17.0,56.470588235294116,960.0,F656_ARC _B3_slice6-Ort.czi,old,pomc,upper
107,64.0,55.25,3536.0,F656_ARC _B3_slice6-Ort.czi,old,pomc,upper
108,2.0,26.0,52.0,F656_ARC _B3_slice6-Ort.czi,old,pomc,upper
109,40.0,48.075,1923.0,F656_ARC _B3_slice6-Ort.czi,old,pomc,upper
110,91.0,49.15384615384615,4473.0,F656_ARC _B3_slice6-Ort.czi,old,pomc,upper
111,30.0,110.1,3303.0,F656_ARC _B3_slice6-Ort.czi,old,pomc,upper
112,30.0,48.266666666666666,1448.0,F656_ARC _B3_slice6-Ort.czi,old,pomc,upper
113,70.0,52.785714285714285,3695.0,F656_ARC _B3_slice6-Ort.czi,old,pomc,upper
114,20.0,47.95,959.0,F656_ARC _B3_slice6-Ort.czi,old,pomc,upper
115,17.0,71.47058823529412,1215.0,F656_ARC _B3_slice6-Ort.czi,old,pomc,upper
116,1.0,32.0,32.0,F656_ARC _B3_slice6-Ort.czi,old,pomc,upper
117,16.0,48.4375,775.0,F656_ARC _B3_slice6-Ort.czi,old,pomc,upper
118,3.0,61.333333333333336,184.0,F656_ARC _B3_slice6-Ort.czi,old,pomc,upper
119,273.0,51.23809523809524,13988.0,F656_ARC _B3_slice6-Ort.czi,old,pomc,upper
120,19.0,54.473684210526315,1035.0,F656_ARC _B3_slice6-Ort.czi,old,pomc,upper
121,31.0,47.29032258064516,1466.0,F656_ARC _B3_slice6-Ort.czi,old,pomc,upper
122,1.0,46.0,46.0,F656_ARC _B3_slice6-Ort.czi,old,pomc,upper
123,26.0,50.57692307692308,1315.0,F656_ARC _B3_slice6-Ort.czi,old,pomc,upper
124,51.0,51.627450980392155,2633.0,F656_ARC _B3_slice6-Ort.czi,old,pomc,upper
125,15.0,52.53333333333333,788.0,F656_ARC _B3_slice6-Ort.czi,old,pomc,upper
126,31.0,50.0,1550.0,F656_ARC _B3_slice6-Ort.czi,old,pomc,upper
127,42.0,51.523809523809526,2164.0,F656_ARC _B3_slice6-Ort.czi,old,pomc,upper
128,83.0,51.602409638554214,4283.0,F656_ARC _B3_slice6-Ort.czi,old,pomc,upper
129,1.0,32.0,32.0,F656_ARC _B3_slice6-Ort.czi,old,pomc,upper
130,7.0,65.71428571428571,459.99999999999994,F656_ARC _B3_slice6-Ort.czi,old,pomc,upper
131,13.0,49.76923076923077,647.0,F656_ARC _B3_slice6-Ort.czi,old,pomc,upper
132,46.0,47.78260869565217,2198.0,F656_ARC _B3_slice6-Ort.czi,old,pomc,upper
133,119.0,55.12605042016807,6560.0,F656_ARC _B3_slice6-Ort.czi,old,pomc,upper
134,27.0,51.0,1377.0,F656_ARC _B3_slice6-Ort.czi,old,pomc,upper
135,26.0,54.30769230769231,1412.0,F656_ARC _B3_slice6-Ort.czi,old,pomc,upper
136,6.0,57.833333333333336,347.0,F656_ARC _B3_slice6-Ort.czi,old,pomc,upper
137,1.0,53.0,53.0,F656_ARC _B3_slice6-Ort.czi,old,pomc,upper
138,103.0,49.1747572815534,5065.0,F656_ARC _B3_slice6-Ort.czi,old,pomc,upper
139,14.0,49.0,686.0,F656_ARC _B3_slice6-Ort.czi,old,pomc,upper
140,1.0,49.0,49.0,F656_ARC _B3_slice6-Ort.czi,old,pomc,upper
141,2.0,51.0,102.0,F656_ARC _B3_slice6-Ort.czi,old,pomc,upper
142,223.0,49.964125560538115,11142.0,F656_ARC _B3_slice6-Ort.czi,old,pomc,upper
143,53.0,49.339622641509436,2615.0,F656_ARC _B3_slice6-Ort.czi,old,pomc,upper
144,14.0,65.85714285714286,922.0,F656_ARC _B3_slice6-Ort.czi,old,pomc,upper
145,1.0,69.0,69.0,F656_ARC _B3_slice6-Ort.czi,old,pomc,upper
146,27.0,74.4074074074074,2009.0,F656_ARC _B3_slice6-Ort.czi,old,pomc,upper
147,1.0,30.0,30.0,F656_ARC _B3_slice6-Ort.czi,old,pomc,upper
148,36.0,58.75,2115.0,F656_ARC _B3_slice6-Ort.czi,old,pomc,upper
149,1.0,30.0,30.0,F656_ARC _B3_slice6-Ort.czi,old,pomc,upper
150,302.0,50.682119205298015,15306.0,F656_ARC _B3_slice6-Ort.czi,old,pomc,upper
151,161.0,53.58385093167702,8627.0,F656_ARC _B3_slice6-Ort.czi,old,pomc,upper
152,4.0,60.75,243.0,F656_ARC _B3_slice6-Ort.czi,old,pomc,upper
153,22.0,50.40909090909091,1109.0,F656_ARC _B3_slice6-Ort.czi,old,pomc,upper
154,160.0,48.64375,7783.0,F656_ARC _B3_slice6-Ort.czi,old,pomc,upper
155,64.0,51.40625,3290.0,F656_ARC _B3_slice6-Ort.czi,old,pomc,upper
156,3.0,34.333333333333336,103.0,F656_ARC _B3_slice6-Ort.czi,old,pomc,upper
157,41.0,51.24390243902439,2101.0,F656_ARC _B3_slice6-Ort.czi,old,pomc,upper
158,87.0,48.10344827586207,4185.0,F656_ARC _B3_slice6-Ort.czi,old,pomc,upper
159,8.0,56.0,448.0,F656_ARC _B3_slice6-Ort.czi,old,pomc,upper
160,1.0,39.0,39.0,F656_ARC _B3_slice6-Ort.czi,old,pomc,upper
161,120.0,53.025,6363.0,F656_ARC _B3_slice6-Ort.czi,old,pomc,upper
162,76.0,48.776315789473685,3707.0,F656_ARC _B3_slice6-Ort.czi,old,pomc,upper
163,63.0,52.476190476190474,3306.0,F656_ARC _B3_slice6-Ort.czi,old,pomc,upper
164,47.0,55.48936170212766,2608.0,F656_ARC _B3_slice6-Ort.czi,old,pomc,upper
165,74.0,50.66216216216216,3749.0,F656_ARC _B3_slice6-Ort.czi,old,pomc,upper
166,122.0,52.65573770491803,6424.0,F656_ARC _B3_slice6-Ort.czi,old,pomc,upper
167,33.0,45.15151515151515,1490.0,F656_ARC _B3_slice6-Ort.czi,old,pomc,upper
168,48.0,52.270833333333336,2509.0,F656_ARC _B3_slice6-Ort.czi,old,pomc,upper
169,2.0,62.5,125.0,F656_ARC _B3_slice6-Ort.czi,old,pomc,upper
170,14.0,45.642857142857146,639.0,F656_ARC _B3_slice6-Ort.czi,old,pomc,upper
171,42.0,48.95238095238095,2056.0,F656_ARC _B3_slice6-Ort.czi,old,pomc,upper
172,30.0,49.06666666666667,1472.0,F656_ARC _B3_slice6-Ort.czi,old,pomc,upper
173,1.0,55.0,55.0,F656_ARC _B3_slice6-Ort.czi,old,pomc,upper
174,40.0,47.0,1880.0,F656_ARC _B3_slice6-Ort.czi,old,pomc,upper
175,14.0,58.714285714285715,822.0,F656_ARC _B3_slice6-Ort.czi,old,pomc,upper
176,6.0,46.166666666666664,277.0,F656_ARC _B3_slice6-Ort.czi,old,pomc,upper
177,32.0,48.9375,1566.0,F656_ARC _B3_slice6-Ort.czi,old,pomc,upper
178,171.0,51.78947368421053,8856.0,F656_ARC _B3_slice6-Ort.czi,old,pomc,upper
179,23.0,53.0,1219.0,F656_ARC _B3_slice6-Ort.czi,old,pomc,upper
180,77.0,55.05194805194805,4239.0,F656_ARC _B3_slice6-Ort.czi,old,pomc,upper
181,15.0,51.6,774.0,F656_ARC _B3_slice6-Ort.czi,old,pomc,upper
182,31.0,50.70967741935484,1572.0,F656_ARC _B3_slice6-Ort.czi,old,pomc,upper
183,37.0,51.2972972972973,1898.0,F656_ARC _B3_slice6-Ort.czi,old,pomc,upper
184,1.0,24.0,24.0,F656_ARC _B3_slice6-Ort.czi,old,pomc,upper
185,94.0,52.202127659574465,4907.0,F656_ARC _B3_slice6-Ort.czi,old,pomc,upper
186,6.0,83.5,501.0,F656_ARC _B3_slice6-Ort.czi,old,pomc,upper
187,71.0,51.19718309859155,3635.0,F656_ARC _B3_slice6-Ort.czi,old,pomc,upper
188,20.0,52.05,1041.0,F656_ARC _B3_slice6-Ort.czi,old,pomc,upper
189,10.0,49.9,499.0,F656_ARC _B3_slice6-Ort.czi,old,pomc,upper
190,1.0,38.0,38.0,F656_ARC _B3_slice6-Ort.czi,old,pomc,upper
191,132.0,47.20454545454545,6231.0,F656_ARC _B3_slice6-Ort.czi,old,pomc,upper
192,115.0,53.2695652173913,6126.0,F656_ARC _B3_slice6-Ort.czi,old,pomc,upper
193,4.0,48.75,195.0,F656_ARC _B3_slice6-Ort.czi,old,pomc,upper
194,3.0,40.666666666666664,122.0,F656_ARC _B3_slice6-Ort.czi,old,pomc,upper
195,2.0,25.5,51.0,F656_ARC _B3_slice6-Ort.czi,old,pomc,upper
196,332.0,47.47289156626506,15761.0,F656_ARC _B3_slice6-Ort.czi,old,pomc,upper
197,103.0,50.262135922330096,5177.0,F656_ARC _B3_slice6-Ort.czi,old,pomc,upper
198,22.0,62.81818181818182,1382.0,F656_ARC _B3_slice6-Ort.czi,old,pomc,upper
199,122.0,55.97540983606557,6829.0,F656_ARC _B3_slice6-Ort.czi,old,pomc,upper
200,30.0,60.833333333333336,1825.0,F656_ARC _B3_slice6-Ort.czi,old,pomc,upper
201,70.0,53.68571428571428,3758.0,F656_ARC _B3_slice6-Ort.czi,old,pomc,upper
202,28.0,56.0,1568.0,F656_ARC _B3_slice6-Ort.czi,old,pomc,upper
203,7.0,69.71428571428571,487.99999999999994,F656_ARC _B3_slice6-Ort.czi,old,pomc,upper
204,39.0,49.64102564102564,1936.0,F656_ARC _B3_slice6-Ort.czi,old,pomc,upper
205,20.0,52.05,1041.0,F656_ARC _B3_slice6-Ort.czi,old,pomc,upper
206,19.0,49.26315789473684,936.0,F656_ARC _B3_slice6-Ort.czi,old,pomc,upper
207,44.0,50.02272727272727,2201.0,F656_ARC _B3_slice6-Ort.czi,old,pomc,upper
208,100.0,48.61,4861.0,F656_ARC _B3_slice6-Ort.czi,old,pomc,upper
209,113.0,53.176991150442475,6009.0,F656_ARC _B3_slice6-Ort.czi,old,pomc,upper
210,30.0,50.63333333333333,1519.0,F656_ARC _B3_slice6-Ort.czi,old,pomc,upper
211,1.0,62.0,62.0,F656_ARC _B3_slice6-Ort.czi,old,pomc,upper
212,272.0,51.154411764705884,13914.0,F656_ARC _B3_slice6-Ort.czi,old,pomc,upper
213,18.0,66.44444444444444,1196.0,F656_ARC _B3_slice6-Ort.czi,old,pomc,upper
214,149.0,53.053691275167786,7905.0,F656_ARC _B3_slice6-Ort.czi,old,pomc,upper
215,88.0,46.38636363636363,4081.9999999999995,F656_ARC _B3_slice6-Ort.czi,old,pomc,upper
216,19.0,44.8421052631579,852.0,F656_ARC _B3_slice6-Ort.czi,old,pomc,upper
217,1.0,59.0,59.0,F656_ARC _B3_slice6-Ort.czi,old,pomc,upper
218,54.0,55.27777777777778,2985.0,F656_ARC _B3_slice6-Ort.czi,old,pomc,upper
219,325.0,55.44615384615385,18020.0,F656_ARC _B3_slice6-Ort.czi,old,pomc,upper
220,205.0,51.80487804878049,10620.0,F656_ARC _B3_slice6-Ort.czi,old,pomc,upper
221,1.0,124.0,124.0,F656_ARC _B3_slice6-Ort.czi,old,pomc,upper
222,2.0,43.0,86.0,F656_ARC _B3_slice6-Ort.czi,old,pomc,upper
223,1.0,58.0,58.0,F656_ARC _B3_slice6-Ort.czi,old,pomc,upper
224,1.0,60.0,60.0,F656_ARC _B3_slice6-Ort.czi,old,pomc,upper
225,28.0,51.607142857142854,1445.0,F656_ARC _B3_slice6-Ort.czi,old,pomc,upper
226,1.0,58.0,58.0,F656_ARC _B3_slice6-Ort.czi,old,pomc,upper
227,42.0,44.76190476190476,1880.0,F656_ARC _B3_slice6-Ort.czi,old,pomc,upper
228,14.0,44.857142857142854,628.0,F656_ARC _B3_slice6-Ort.czi,old,pomc,upper
229,3.0,48.333333333333336,145.0,F656_ARC _B3_slice6-Ort.czi,old,pomc,upper
230,12.0,49.916666666666664,599.0,F656_ARC _B3_slice6-Ort.czi,old,pomc,upper
231,3.0,37.0,111.0,F656_ARC _B3_slice6-Ort.czi,old,pomc,upper
232,5.0,44.0,220.0,F656_ARC _B3_slice6-Ort.czi,old,pomc,upper
233,55.0,47.72727272727273,2625.0,F656_ARC _B3_slice6-Ort.czi,old,pomc,upper
234,25.0,60.92,1523.0,F656_ARC _B3_slice6-Ort.czi,old,pomc,upper
235,1.0,57.0,57.0,F656_ARC _B3_slice6-Ort.czi,old,pomc,upper
236,42.0,46.07142857142857,1935.0,F656_ARC _B3_slice6-Ort.czi,old,pomc,upper
237,617.0,49.982171799027554,30839.0,F656_ARC _B3_slice6-Ort.czi,old,pomc,upper
238,86.0,56.76744186046512,4882.0,F656_ARC _B3_slice6-Ort.czi,old,pomc,upper
239,7.0,59.142857142857146,414.0,F656_ARC _B3_slice6-Ort.czi,old,pomc,upper
240,32.0,49.8125,1594.0,F656_ARC _B3_slice6-Ort.czi,old,pomc,upper
241,65.0,49.03076923076923,3187.0,F656_ARC _B3_slice6-Ort.czi,old,pomc,upper
242,11.0,59.81818181818182,658.0,F656_ARC _B3_slice6-Ort.czi,old,pomc,upper
243,36.0,50.94444444444444,1834.0,F656_ARC _B3_slice6-Ort.czi,old,pomc,upper
244,1.0,6.0,6.0,F656_ARC _B3_slice6-Ort.czi,old,pomc,upper
245,60.0,53.7,3222.0,F656_ARC _B3_slice6-Ort.czi,old,pomc,upper
246,73.0,56.15068493150685,4099.0,F656_ARC _B3_slice6-Ort.czi,old,pomc,upper
247,48.0,64.72916666666667,3107.0,F656_ARC _B3_slice6-Ort.czi,old,pomc,upper
248,1.0,50.0,50.0,F656_ARC _B3_slice6-Ort.czi,old,pomc,upper
249,5.0,61.0,305.0,F656_ARC _B3_slice6-Ort.czi,old,pomc,upper
250,10.0,56.5,565.0,F656_ARC _B3_slice6-Ort.czi,old,pomc,upper
251,67.0,50.73134328358209,3399.0,F656_ARC _B3_slice6-Ort.czi,old,pomc,upper
252,230.0,64.8913043478261,14925.000000000002,F656_ARC _B3_slice6-Ort.czi,old,pomc,upper
253,58.0,53.189655172413794,3085.0,F656_ARC _B3_slice6-Ort.czi,old,pomc,upper
254,1.0,29.0,29.0,F656_ARC _B3_slice6-Ort.czi,old,pomc,upper
255,26.0,49.65384615384615,1291.0,F656_ARC _B3_slice6-Ort.czi,old,pomc,upper
256,42.0,50.904761904761905,2138.0,F656_ARC _B3_slice6-Ort.czi,old,pomc,upper
257,152.0,51.80921052631579,7875.0,F656_ARC _B3_slice6-Ort.czi,old,pomc,upper
258,71.0,54.83098591549296,3893.0,F656_ARC _B3_slice6-Ort.czi,old,pomc,upper
259,190.0,64.94736842105263,12340.0,F656_ARC _B3_slice6-Ort.czi,old,pomc,upper
260,76.0,47.48684210526316,3609.0,F656_ARC _B3_slice6-Ort.czi,old,pomc,upper
261,76.0,52.51315789473684,3991.0,F656_ARC _B3_slice6-Ort.czi,old,pomc,upper
262,737.0,50.51424694708277,37229.0,F656_ARC _B3_slice6-Ort.czi,old,pomc,upper
263,38.0,48.71052631578947,1851.0,F656_ARC _B3_slice6-Ort.czi,old,pomc,upper
264,3.0,39.333333333333336,118.0,F656_ARC _B3_slice6-Ort.czi,old,pomc,upper
265,1.0,48.0,48.0,F656_ARC _B3_slice6-Ort.czi,old,pomc,upper
266,308.0,52.41233766233766,16143.0,F656_ARC _B3_slice6-Ort.czi,old,pomc,upper
267,3220.0,50.93975155279503,164026.0,F656_ARC _B3_slice6-Ort.czi,old,pomc,upper
268,27.0,56.851851851851855,1535.0,F656_ARC _B3_slice6-Ort.czi,old,pomc,upper
269,8.0,51.0,408.0,F656_ARC _B3_slice6-Ort.czi,old,pomc,upper
270,241.0,53.36929460580913,12862.0,F656_ARC _B3_slice6-Ort.czi,old,pomc,upper
271,67.0,55.83582089552239,3741.0,F656_ARC _B3_slice6-Ort.czi,old,pomc,upper
272,55.0,62.654545454545456,3446.0,F656_ARC _B3_slice6-Ort.czi,old,pomc,upper
273,320.0,57.696875,18463.0,F656_ARC _B3_slice6-Ort.czi,old,pomc,upper
274,97.0,52.08247422680412,5052.0,F656_ARC _B3_slice6-Ort.czi,old,pomc,upper
275,1.0,52.0,52.0,F656_ARC _B3_slice6-Ort.czi,old,pomc,upper
276,139.0,46.798561151079134,6505.0,F656_ARC _B3_slice6-Ort.czi,old,pomc,upper
277,28.0,45.142857142857146,1264.0,F656_ARC _B3_slice6-Ort.czi,old,pomc,upper
278,1513.0,49.225380039656315,74478.0,F656_ARC _B3_slice6-Ort.czi,old,pomc,upper
279,13.0,46.15384615384615,600.0,F656_ARC _B3_slice6-Ort.czi,old,pomc,upper
280,27.0,53.48148148148148,1444.0,F656_ARC _B3_slice6-Ort.czi,old,pomc,upper
281,9.0,46.77777777777778,421.0,F656_ARC _B3_slice6-Ort.czi,old,pomc,upper
282,64.0,57.609375,3687.0,F656_ARC _B3_slice6-Ort.czi,old,pomc,upper
283,11.0,71.63636363636364,788.0,F656_ARC _B3_slice6-Ort.czi,old,pomc,upper
284,35.0,47.22857142857143,1653.0,F656_ARC _B3_slice6-Ort.czi,old,pomc,upper
285,140.0,49.25,6895.0,F656_ARC _B3_slice6-Ort.czi,old,pomc,upper
286,68.0,51.411764705882355,3496.0,F656_ARC _B3_slice6-Ort.czi,old,pomc,upper
287,3.0,52.0,156.0,F656_ARC _B3_slice6-Ort.czi,old,pomc,upper
288,52.0,61.84615384615385,3216.0,F656_ARC _B3_slice6-Ort.czi,old,pomc,upper
289,195.0,52.61025641025641,10259.0,F656_ARC _B3_slice6-Ort.czi,old,pomc,upper
290,73.0,49.28767123287671,3598.0,F656_ARC _B3_slice6-Ort.czi,old,pomc,upper
291,1.0,34.0,34.0,F656_ARC _B3_slice6-Ort.czi,old,pomc,upper
292,47.0,50.319148936170215,2365.0,F656_ARC _B3_slice6-Ort.czi,old,pomc,upper
293,13.0,50.92307692307692,662.0,F656_ARC _B3_slice6-Ort.czi,old,pomc,upper
294,17.0,48.0,816.0,F656_ARC _B3_slice6-Ort.czi,old,pomc,upper
295,50.0,50.18,2509.0,F656_ARC _B3_slice6-Ort.czi,old,pomc,upper
296,43.0,54.25581395348837,2333.0,F656_ARC _B3_slice6-Ort.czi,old,pomc,upper
297,18.0,50.05555555555556,901.0,F656_ARC _B3_slice6-Ort.czi,old,pomc,upper
298,63.0,59.12698412698413,3725.0,F656_ARC _B3_slice6-Ort.czi,old,pomc,upper
299,73.0,51.95890410958904,3793.0,F656_ARC _B3_slice6-Ort.czi,old,pomc,upper
300,42.0,58.785714285714285,2469.0,F656_ARC _B3_slice6-Ort.czi,old,pomc,upper
301,11.0,61.09090909090909,672.0,F656_ARC _B3_slice6-Ort.czi,old,pomc,upper
302,23.0,49.69565217391305,1143.0,F656_ARC _B3_slice6-Ort.czi,old,pomc,upper
303,23.0,55.82608695652174,1284.0,F656_ARC _B3_slice6-Ort.czi,old,pomc,upper
304,575.0,51.81913043478261,29796.0,F656_ARC _B3_slice6-Ort.czi,old,pomc,upper
305,43.0,53.44186046511628,2298.0,F656_ARC _B3_slice6-Ort.czi,old,pomc,upper
306,71.0,49.11267605633803,3487.0000000000005,F656_ARC _B3_slice6-Ort.czi,old,pomc,upper
307,3.0,49.0,147.0,F656_ARC _B3_slice6-Ort.czi,old,pomc,upper
308,3.0,56.333333333333336,169.0,F656_ARC _B3_slice6-Ort.czi,old,pomc,upper
309,6.0,51.833333333333336,311.0,F656_ARC _B3_slice6-Ort.czi,old,pomc,upper
310,1.0,71.0,71.0,F656_ARC _B3_slice6-Ort.czi,old,pomc,upper
311,1.0,47.0,47.0,F656_ARC _B3_slice6-Ort.czi,old,pomc,upper
312,16.0,42.25,676.0,F656_ARC _B3_slice6-Ort.czi,old,pomc,upper
313,9.0,51.0,459.0,F656_ARC _B3_slice6-Ort.czi,old,pomc,upper
314,333.0,52.0960960960961,17348.0,F656_ARC _B3_slice6-Ort.czi,old,pomc,upper
315,19.0,50.36842105263158,957.0000000000001,F656_ARC _B3_slice6-Ort.czi,old,pomc,upper
316,15.0,64.93333333333334,974.0,F656_ARC _B3_slice6-Ort.czi,old,pomc,upper
317,79.0,53.45569620253165,4223.0,F656_ARC _B3_slice6-Ort.czi,old,pomc,upper
318,50.0,57.54,2877.0,F656_ARC _B3_slice6-Ort.czi,old,pomc,upper
319,142.0,49.95070422535211,7093.0,F656_ARC _B3_slice6-Ort.czi,old,pomc,upper
320,20.0,63.05,1261.0,F656_ARC _B3_slice6-Ort.czi,old,pomc,upper
321,72.0,55.888888888888886,4024.0,F656_ARC _B3_slice6-Ort.czi,old,pomc,upper
322,5.0,55.2,276.0,F656_ARC _B3_slice6-Ort.czi,old,pomc,upper
323,1.0,54.0,54.0,F656_ARC _B3_slice6-Ort.czi,old,pomc,upper
324,47.0,57.12765957446808,2685.0,F656_ARC _B3_slice6-Ort.czi,old,pomc,upper
325,41.0,47.829268292682926,1961.0,F656_ARC _B3_slice6-Ort.czi,old,pomc,upper
326,45.0,47.77777777777778,2150.0,F656_ARC _B3_slice6-Ort.czi,old,pomc,upper
327,44.0,48.65909090909091,2141.0,F656_ARC _B3_slice6-Ort.czi,old,pomc,upper
328,40.0,65.825,2633.0,F656_ARC _B3_slice6-Ort.czi,old,pomc,upper
329,38.0,48.55263157894737,1845.0,F656_ARC _B3_slice6-Ort.czi,old,pomc,upper
330,19.0,62.526315789473685,1188.0,F656_ARC _B3_slice6-Ort.czi,old,pomc,upper
331,107.0,51.85981308411215,5549.0,F656_ARC _B3_slice6-Ort.czi,old,pomc,upper
332,54.0,49.53703703703704,2675.0,F656_ARC _B3_slice6-Ort.czi,old,pomc,upper
333,3.0,39.0,117.0,F656_ARC _B3_slice6-Ort.czi,old,pomc,upper
334,12.0,46.166666666666664,554.0,F656_ARC _B3_slice6-Ort.czi,old,pomc,upper
335,96.0,49.666666666666664,4768.0,F656_ARC _B3_slice6-Ort.czi,old,pomc,upper
336,87.0,48.08045977011494,4183.0,F656_ARC _B3_slice6-Ort.czi,old,pomc,upper
337,9.0,64.22222222222223,578.0,F656_ARC _B3_slice6-Ort.czi,old,pomc,upper
338,28.0,50.42857142857143,1412.0,F656_ARC _B3_slice6-Ort.czi,old,pomc,upper
339,15.0,58.86666666666667,883.0,F656_ARC _B3_slice6-Ort.czi,old,pomc,upper
340,3.0,59.0,177.0,F656_ARC _B3_slice6-Ort.czi,old,pomc,upper
341,41.0,50.63414634146341,2076.0,F656_ARC _B3_slice6-Ort.czi,old,pomc,upper
342,53.0,52.113207547169814,2762.0,F656_ARC _B3_slice6-Ort.czi,old,pomc,upper
343,14.0,50.714285714285715,710.0,F656_ARC _B3_slice6-Ort.czi,old,pomc,upper
344,5.0,60.2,301.0,F656_ARC _B3_slice6-Ort.czi,old,pomc,upper
345,84.0,54.82142857142857,4605.0,F656_ARC _B3_slice6-Ort.czi,old,pomc,upper
346,51.0,49.254901960784316,2512.0,F656_ARC _B3_slice6-Ort.czi,old,pomc,upper
347,15.0,59.2,888.0,F656_ARC _B3_slice6-Ort.czi,old,pomc,upper
348,108.0,53.361111111111114,5763.0,F656_ARC _B3_slice6-Ort.czi,old,pomc,upper
349,34.0,51.8235294117647,1762.0,F656_ARC _B3_slice6-Ort.czi,old,pomc,upper
350,30.0,45.9,1377.0,F656_ARC _B3_slice6-Ort.czi,old,pomc,upper
351,287.0,53.89547038327526,15468.0,F656_ARC _B3_slice6-Ort.czi,old,pomc,upper
352,617.0,52.20421393841167,32210.0,F656_ARC _B3_slice6-Ort.czi,old,pomc,upper
353,45.0,60.022222222222226,2701.0,F656_ARC _B3_slice6-Ort.czi,old,pomc,upper
354,217.0,50.73271889400922,11009.0,F656_ARC _B3_slice6-Ort.czi,old,pomc,upper
355,10.0,48.4,484.0,F656_ARC _B3_slice6-Ort.czi,old,pomc,upper
356,2.0,29.5,59.0,F656_ARC _B3_slice6-Ort.czi,old,pomc,upper
357,1.0,40.0,40.0,F656_ARC _B3_slice6-Ort.czi,old,pomc,upper
358,28.0,50.464285714285715,1413.0,F656_ARC _B3_slice6-Ort.czi,old,pomc,upper
359,140.0,49.07857142857143,6871.0,F656_ARC _B3_slice6-Ort.czi,old,pomc,upper
360,80.0,53.8875,4311.0,F656_ARC _B3_slice6-Ort.czi,old,pomc,upper
361,39.0,69.23076923076923,2700.0,F656_ARC _B3_slice6-Ort.czi,old,pomc,upper
362,14.0,41.07142857142857,575.0,F656_ARC _B3_slice6-Ort.czi,old,pomc,upper
363,1388.0,50.51729106628242,70118.0,F656_ARC _B3_slice6-Ort.czi,old,pomc,upper
364,69.0,49.289855072463766,3401.0,F656_ARC _B3_slice6-Ort.czi,old,pomc,upper
365,3.0,33.0,99.0,F656_ARC _B3_slice6-Ort.czi,old,pomc,upper
366,26.0,50.03846153846154,1301.0,F656_ARC _B3_slice6-Ort.czi,old,pomc,upper
367,21.0,61.95238095238095,1301.0,F656_ARC _B3_slice6-Ort.czi,old,pomc,upper
368,19.0,58.0,1102.0,F656_ARC _B3_slice6-Ort.czi,old,pomc,upper
369,25.0,52.36,1309.0,F656_ARC _B3_slice6-Ort.czi,old,pomc,upper
370,2.0,41.5,83.0,F656_ARC _B3_slice6-Ort.czi,old,pomc,upper
371,18.0,61.888888888888886,1114.0,F656_ARC _B3_slice6-Ort.czi,old,pomc,upper
372,299.0,59.59866220735786,17820.0,F656_ARC _B3_slice6-Ort.czi,old,pomc,upper
373,1.0,165.0,165.0,F656_ARC _B3_slice6-Ort.czi,old,pomc,upper
374,51.0,46.549019607843135,2374.0,F656_ARC _B3_slice6-Ort.czi,old,pomc,upper
375,1.0,36.0,36.0,F656_ARC _B3_slice6-Ort.czi,old,pomc,upper
376,21.0,51.142857142857146,1074.0,F656_ARC _B3_slice6-Ort.czi,old,pomc,upper
377,14.0,60.785714285714285,851.0,F656_ARC _B3_slice6-Ort.czi,old,pomc,upper
378,29.0,56.689655172413794,1644.0,F656_ARC _B3_slice6-Ort.czi,old,pomc,upper
379,16.0,57.0625,913.0,F656_ARC _B3_slice6-Ort.czi,old,pomc,upper
380,157.0,48.031847133757964,7541.0,F656_ARC _B3_slice6-Ort.czi,old,pomc,upper
381,333.0,57.252252252252255,19065.0,F656_ARC _B3_slice6-Ort.czi,old,pomc,upper
382,26.0,49.42307692307692,1285.0,F656_ARC _B3_slice6-Ort.czi,old,pomc,upper
383,538.0,53.90706319702602,29002.0,F656_ARC _B3_slice6-Ort.czi,old,pomc,upper
384,17.0,45.8235294117647,779.0,F656_ARC _B3_slice6-Ort.czi,old,pomc,upper
385,93.0,48.69892473118279,4529.0,F656_ARC _B3_slice6-Ort.czi,old,pomc,upper
386,220.0,47.78181818181818,10512.0,F656_ARC _B3_slice6-Ort.czi,old,pomc,upper
387,1.0,21.0,21.0,F656_ARC _B3_slice6-Ort.czi,old,pomc,upper
388,19.0,44.89473684210526,853.0,F656_ARC _B3_slice6-Ort.czi,old,pomc,upper
389,6.0,41.166666666666664,247.0,F656_ARC _B3_slice6-Ort.czi,old,pomc,upper
390,4.0,40.25,161.0,F656_ARC _B3_slice6-Ort.czi,old,pomc,upper
391,16.0,61.625,986.0,F656_ARC _B3_slice6-Ort.czi,old,pomc,upper
392,19.0,49.63157894736842,942.9999999999999,F656_ARC _B3_slice6-Ort.czi,old,pomc,upper
393,56.0,51.19642857142857,2867.0,F656_ARC _B3_slice6-Ort.czi,old,pomc,upper
394,41.0,51.24390243902439,2101.0,F656_ARC _B3_slice6-Ort.czi,old,pomc,upper
395,957.0,48.373040752351095,46293.0,F656_ARC _B3_slice6-Ort.czi,old,pomc,upper
396,12.0,69.83333333333333,838.0,F656_ARC _B3_slice6-Ort.czi,old,pomc,upper
397,910.0,53.93186813186813,49078.0,F656_ARC _B3_slice6-Ort.czi,old,pomc,upper
398,2.0,34.5,69.0,F656_ARC _B3_slice6-Ort.czi,old,pomc,upper
399,1.0,59.0,59.0,F656_ARC _B3_slice6-Ort.czi,old,pomc,upper
400,51.0,48.80392156862745,2489.0,F656_ARC _B3_slice6-Ort.czi,old,pomc,upper
401,1.0,23.0,23.0,F656_ARC _B3_slice6-Ort.czi,old,pomc,upper
402,3.0,41.0,123.0,F656_ARC _B3_slice6-Ort.czi,old,pomc,upper
403,79.0,48.55696202531646,3836.0000000000005,F656_ARC _B3_slice6-Ort.czi,old,pomc,upper
404,1310.0,46.55267175572519,60984.0,F656_ARC _B3_slice6-Ort.czi,old,pomc,upper
405,37.0,47.86486486486486,1771.0,F656_ARC _B3_slice6-Ort.czi,old,pomc,upper
406,18.0,63.27777777777778,1139.0,F656_ARC _B3_slice6-Ort.czi,old,pomc,upper
407,15.0,54.53333333333333,818.0,F656_ARC _B3_slice6-Ort.czi,old,pomc,upper
408,9.0,55.22222222222222,497.0,F656_ARC _B3_slice6-Ort.czi,old,pomc,upper
409,67.0,46.88059701492537,3141.0,F656_ARC _B3_slice6-Ort.czi,old,pomc,upper
410,45.0,60.68888888888889,2731.0,F656_ARC _B3_slice6-Ort.czi,old,pomc,upper
411,7.0,55.142857142857146,386.0,F656_ARC _B3_slice6-Ort.czi,old,pomc,upper
412,1230.0,48.97154471544715,60235.0,F656_ARC _B3_slice6-Ort.czi,old,pomc,upper
413,75.0,48.64,3648.0,F656_ARC _B3_slice6-Ort.czi,old,pomc,upper
414,8.0,58.0,464.0,F656_ARC _B3_slice6-Ort.czi,old,pomc,upper
415,23.0,43.869565217391305,1009.0,F656_ARC _B3_slice6-Ort.czi,old,pomc,upper
416,16.0,53.5625,857.0,F656_ARC _B3_slice6-Ort.czi,old,pomc,upper
417,31.0,49.70967741935484,1541.0,F656_ARC _B3_slice6-Ort.czi,old,pomc,upper
418,345.0,52.93913043478261,18264.0,F656_ARC _B3_slice6-Ort.czi,old,pomc,upper
419,37.0,54.648648648648646,2022.0,F656_ARC _B3_slice6-Ort.czi,old,pomc,upper
420,93.0,50.61290322580645,4707.0,F656_ARC _B3_slice6-Ort.czi,old,pomc,upper
421,89.0,56.8876404494382,5063.0,F656_ARC _B3_slice6-Ort.czi,old,pomc,upper
422,41.0,51.02439024390244,2092.0,F656_ARC _B3_slice6-Ort.czi,old,pomc,upper
423,48.0,55.875,2682.0,F656_ARC _B3_slice6-Ort.czi,old,pomc,upper
424,79.0,62.32911392405063,4924.0,F656_ARC _B3_slice6-Ort.czi,old,pomc,upper
425,230.0,50.79565217391304,11683.0,F656_ARC _B3_slice6-Ort.czi,old,pomc,upper
426,4.0,47.25,189.0,F656_ARC _B3_slice6-Ort.czi,old,pomc,upper
427,59.0,52.30508474576271,3086.0,F656_ARC _B3_slice6-Ort.czi,old,pomc,upper
428,10.0,53.8,538.0,F656_ARC _B3_slice6-Ort.czi,old,pomc,upper
429,1.0,47.0,47.0,F656_ARC _B3_slice6-Ort.czi,old,pomc,upper
430,34.0,49.1764705882353,1672.0,F656_ARC _B3_slice6-Ort.czi,old,pomc,upper
431,21.0,61.38095238095238,1289.0,F656_ARC _B3_slice6-Ort.czi,old,pomc,upper
432,897.0,47.78037904124861,42859.0,F656_ARC _B3_slice6-Ort.czi,old,pomc,upper
433,19.0,51.421052631578945,977.0,F656_ARC _B3_slice6-Ort.czi,old,pomc,upper
434,12.0,48.916666666666664,587.0,F656_ARC _B3_slice6-Ort.czi,old,pomc,upper
435,4.0,47.5,190.0,F656_ARC _B3_slice6-Ort.czi,old,pomc,upper
436,58.0,50.275862068965516,2916.0,F656_ARC _B3_slice6-Ort.czi,old,pomc,upper
437,15.0,51.0,765.0,F656_ARC _B3_slice6-Ort.czi,old,pomc,upper
438,3.0,43.666666666666664,131.0,F656_ARC _B3_slice6-Ort.czi,old,pomc,upper
439,42.0,47.92857142857143,2013.0,F656_ARC _B3_slice6-Ort.czi,old,pomc,upper
440,13.0,47.76923076923077,621.0,F656_ARC _B3_slice6-Ort.czi,old,pomc,upper
441,51.0,60.529411764705884,3087.0,F656_ARC _B3_slice6-Ort.czi,old,pomc,upper
442,81.0,49.901234567901234,4042.0,F656_ARC _B3_slice6-Ort.czi,old,pomc,upper
443,49.0,48.142857142857146,2359.0,F656_ARC _B3_slice6-Ort.czi,old,pomc,upper
444,7.0,58.42857142857143,409.0,F656_ARC _B3_slice6-Ort.czi,old,pomc,upper
445,7.0,89.0,623.0,F656_ARC _B3_slice6-Ort.czi,old,pomc,upper
446,1.0,28.0,28.0,F656_ARC _B3_slice6-Ort.czi,old,pomc,upper
447,1.0,40.0,40.0,F656_ARC _B3_slice6-Ort.czi,old,pomc,upper
448,9.0,47.0,423.0,F656_ARC _B3_slice6-Ort.czi,old,pomc,upper
449,32.0,47.0,1504.0,F656_ARC _B3_slice6-Ort.czi,old,pomc,upper
450,805.0,114.52670807453416,92194.0,F656_ARC _B3_slice6-Ort.czi,old,pomc,upper
451,5.0,78.4,392.0,F656_ARC _B3_slice6-Ort.czi,old,pomc,upper
452,5.0,43.2,216.0,F656_ARC _B3_slice6-Ort.czi,old,pomc,upper
453,23.0,46.91304347826087,1079.0,F656_ARC _B3_slice6-Ort.czi,old,pomc,upper
454,11.0,72.45454545454545,797.0,F656_ARC _B3_slice6-Ort.czi,old,pomc,upper
455,1.0,29.0,29.0,F656_ARC _B3_slice6-Ort.czi,old,pomc,upper
456,1059.0,56.151085930122754,59464.0,F656_ARC _B3_slice6-Ort.czi,old,pomc,upper
457,25.0,66.16,1654.0,F656_ARC _B3_slice6-Ort.czi,old,pomc,upper
458,9.0,46.44444444444444,418.0,F656_ARC _B3_slice6-Ort.czi,old,pomc,upper
459,1.0,91.0,91.0,F656_ARC _B3_slice6-Ort.czi,old,pomc,upper
460,137.0,54.45985401459854,7461.0,F656_ARC _B3_slice6-Ort.czi,old,pomc,upper
461,120.0,50.3,6036.0,F656_ARC _B3_slice6-Ort.czi,old,pomc,upper
462,5.0,43.0,215.0,F656_ARC _B3_slice6-Ort.czi,old,pomc,upper
463,38.0,45.63157894736842,1733.9999999999998,F656_ARC _B3_slice6-Ort.czi,old,pomc,upper
464,18.0,53.44444444444444,962.0,F656_ARC _B3_slice6-Ort.czi,old,pomc,upper
465,43.0,54.25581395348837,2333.0,F656_ARC _B3_slice6-Ort.czi,old,pomc,upper
466,157.0,51.503184713375795,8086.0,F656_ARC _B3_slice6-Ort.czi,old,pomc,upper
467,563.0,51.317939609236234,28892.0,F656_ARC _B3_slice6-Ort.czi,old,pomc,upper
468,11.0,54.18181818181818,596.0,F656_ARC _B3_slice6-Ort.czi,old,pomc,upper
469,19.0,65.63157894736842,1247.0,F656_ARC _B3_slice6-Ort.czi,old,pomc,upper
470,1.0,58.0,58.0,F656_ARC _B3_slice6-Ort.czi,old,pomc,upper
471,1.0,41.0,41.0,F656_ARC _B3_slice6-Ort.czi,old,pomc,upper
472,570.0,55.12456140350877,31421.0,F656_ARC _B3_slice6-Ort.czi,old,pomc,upper
473,44.0,46.75,2057.0,F656_ARC _B3_slice6-Ort.czi,old,pomc,upper
474,9.0,45.111111111111114,406.0,F656_ARC _B3_slice6-Ort.czi,old,pomc,upper
475,37.0,54.13513513513514,2003.0,F656_ARC _B3_slice6-Ort.czi,old,pomc,upper
476,31.0,53.645161290322584,1663.0,F656_ARC _B3_slice6-Ort.czi,old,pomc,upper
477,1.0,99.0,99.0,F656_ARC _B3_slice6-Ort.czi,old,pomc,upper
478,56.0,66.58928571428571,3728.9999999999995,F656_ARC _B3_slice6-Ort.czi,old,pomc,upper
479,24.0,54.541666666666664,1309.0,F656_ARC _B3_slice6-Ort.czi,old,pomc,upper
480,1905.0,53.71286089238845,102323.0,F656_ARC _B3_slice6-Ort.czi,old,pomc,upper
481,88.0,53.51136363636363,4709.0,F656_ARC _B3_slice6-Ort.czi,old,pomc,upper
482,54.0,61.81481481481482,3338.0,F656_ARC _B3_slice6-Ort.czi,old,pomc,upper
483,245.0,55.59591836734694,13621.0,F656_ARC _B3_slice6-Ort.czi,old,pomc,upper
484,50.0,47.54,2377.0,F656_ARC _B3_slice6-Ort.czi,old,pomc,upper
485,16.0,49.4375,791.0,F656_ARC _B3_slice6-Ort.czi,old,pomc,upper
486,29.0,53.89655172413793,1563.0,F656_ARC _B3_slice6-Ort.czi,old,pomc,upper
487,3082.0,46.13951979234263,142202.0,F656_ARC _B3_slice6-Ort.czi,old,pomc,upper
488,20.0,52.8,1056.0,F656_ARC _B3_slice6-Ort.czi,old,pomc,upper
489,14.0,49.57142857142857,694.0,F656_ARC _B3_slice6-Ort.czi,old,pomc,upper
490,14.0,49.42857142857143,692.0,F656_ARC _B3_slice6-Ort.czi,old,pomc,upper
491,1.0,45.0,45.0,F656_ARC _B3_slice6-Ort.czi,old,pomc,upper
492,85.0,52.870588235294115,4494.0,F656_ARC _B3_slice6-Ort.czi,old,pomc,upper
493,143.0,51.29370629370629,7335.0,F656_ARC _B3_slice6-Ort.czi,old,pomc,upper
494,12.0,48.333333333333336,580.0,F656_ARC _B3_slice6-Ort.czi,old,pomc,upper
495,19.0,43.68421052631579,830.0,F656_ARC _B3_slice6-Ort.czi,old,pomc,upper
496,29.0,47.55172413793103,1379.0,F656_ARC _B3_slice6-Ort.czi,old,pomc,upper
497,138.0,51.88405797101449,7160.0,F656_ARC _B3_slice6-Ort.czi,old,pomc,upper
498,17.0,49.11764705882353,835.0,F656_ARC _B3_slice6-Ort.czi,old,pomc,upper
499,250.0,49.052,12263.0,F656_ARC _B3_slice6-Ort.czi,old,pomc,upper
500,1.0,58.0,58.0,F656_ARC _B3_slice6-Ort.czi,old,pomc,upper
501,11.0,48.63636363636363,535.0,F656_ARC _B3_slice6-Ort.czi,old,pomc,upper
502,1.0,35.0,35.0,F656_ARC _B3_slice6-Ort.czi,old,pomc,upper
503,1.0,52.0,52.0,F656_ARC _B3_slice6-Ort.czi,old,pomc,upper
504,13.0,51.0,663.0,F656_ARC _B3_slice6-Ort.czi,old,pomc,upper
505,1.0,61.0,61.0,F656_ARC _B3_slice6-Ort.czi,old,pomc,upper
506,12.0,42.75,513.0,F656_ARC _B3_slice6-Ort.czi,old,pomc,upper
507,18.0,49.55555555555556,892.0,F656_ARC _B3_slice6-Ort.czi,old,pomc,upper
508,12.0,54.583333333333336,655.0,F656_ARC _B3_slice6-Ort.czi,old,pomc,upper
509,95.0,46.27368421052632,4396.0,F656_ARC _B3_slice6-Ort.czi,old,pomc,upper
510,36.0,56.888888888888886,2048.0,F656_ARC _B3_slice6-Ort.czi,old,pomc,upper
511,244.0,47.03688524590164,11477.0,F656_ARC _B3_slice6-Ort.czi,old,pomc,upper
512,24.0,50.708333333333336,1217.0,F656_ARC _B3_slice6-Ort.czi,old,pomc,upper
513,29.0,51.48275862068966,1493.0,F656_ARC _B3_slice6-Ort.czi,old,pomc,upper
514,11.0,50.54545454545455,556.0,F656_ARC _B3_slice6-Ort.czi,old,pomc,upper
515,23.0,60.30434782608695,1387.0,F656_ARC _B3_slice6-Ort.czi,old,pomc,upper
516,3.0,67.66666666666667,203.0,F656_ARC _B3_slice6-Ort.czi,old,pomc,upper
517,25.0,62.72,1568.0,F656_ARC _B3_slice6-Ort.czi,old,pomc,upper
518,2.0,80.0,160.0,F656_ARC _B3_slice6-Ort.czi,old,pomc,upper
519,538.0,50.39591078066915,27113.0,F656_ARC _B3_slice6-Ort.czi,old,pomc,upper
520,119.0,51.773109243697476,6161.0,F656_ARC _B3_slice6-Ort.czi,old,pomc,upper
521,29.0,57.241379310344826,1660.0,F656_ARC _B3_slice6-Ort.czi,old,pomc,upper
522,1.0,35.0,35.0,F656_ARC _B3_slice6-Ort.czi,old,pomc,upper
523,62.0,48.41935483870968,3002.0,F656_ARC _B3_slice6-Ort.czi,old,pomc,upper
524,19.0,52.05263157894737,989.0,F656_ARC _B3_slice6-Ort.czi,old,pomc,upper
525,1.0,43.0,43.0,F656_ARC _B3_slice6-Ort.czi,old,pomc,upper
526,16.0,67.625,1082.0,F656_ARC _B3_slice6-Ort.czi,old,pomc,upper
527,1.0,68.0,68.0,F656_ARC _B3_slice6-Ort.czi,old,pomc,upper
528,1.0,100.0,100.0,F656_ARC _B3_slice6-Ort.czi,old,pomc,upper
529,195.0,51.297435897435896,10003.0,F656_ARC _B3_slice6-Ort.czi,old,pomc,upper
530,245.0,50.95510204081633,12484.0,F656_ARC _B3_slice6-Ort.czi,old,pomc,upper
531,88.0,50.39772727272727,4435.0,F656_ARC _B3_slice6-Ort.czi,old,pomc,upper
532,1.0,47.0,47.0,F656_ARC _B3_slice6-Ort.czi,old,pomc,upper
533,93.0,50.60215053763441,4706.0,F656_ARC _B3_slice6-Ort.czi,old,pomc,upper
534,29.0,51.93103448275862,1506.0,F656_ARC _B3_slice6-Ort.czi,old,pomc,upper
535,7.0,91.0,637.0,F656_ARC _B3_slice6-Ort.czi,old,pomc,upper
536,1.0,43.0,43.0,F656_ARC _B3_slice6-Ort.czi,old,pomc,upper
537,13.0,43.30769230769231,563.0,F656_ARC _B3_slice6-Ort.czi,old,pomc,upper
538,1.0,36.0,36.0,F656_ARC _B3_slice6-Ort.czi,old,pomc,upper
539,53.0,42.698113207547166,2263.0,F656_ARC _B3_slice6-Ort.czi,old,pomc,upper
540,15.0,47.46666666666667,712.0,F656_ARC _B3_slice6-Ort.czi,old,pomc,upper
541,2.0,47.5,95.0,F656_ARC _B3_slice6-Ort.czi,old,pomc,upper
542,50.0,51.0,2550.0,F656_ARC _B3_slice6-Ort.czi,old,pomc,upper
543,52.0,51.01923076923077,2653.0,F656_ARC _B3_slice6-Ort.czi,old,pomc,upper
544,19.0,54.578947368421055,1037.0,F656_ARC _B3_slice6-Ort.czi,old,pomc,upper
545,15.0,54.666666666666664,820.0,F656_ARC _B3_slice6-Ort.czi,old,pomc,upper
546,1.0,49.0,49.0,F656_ARC _B3_slice6-Ort.czi,old,pomc,upper
547,57.0,51.3859649122807,2929.0,F656_ARC _B3_slice6-Ort.czi,old,pomc,upper
548,1.0,71.0,71.0,F656_ARC _B3_slice6-Ort.czi,old,pomc,upper
549,15.0,51.6,774.0,F656_ARC _B3_slice6-Ort.czi,old,pomc,upper
550,94.0,56.0,5264.0,F656_ARC _B3_slice6-Ort.czi,old,pomc,upper
551,15.0,50.266666666666666,754.0,F656_ARC _B3_slice6-Ort.czi,old,pomc,upper
552,18.0,45.166666666666664,813.0,F656_ARC _B3_slice6-Ort.czi,old,pomc,upper
553,1.0,58.0,58.0,F656_ARC _B3_slice6-Ort.czi,old,pomc,upper
554,116.0,47.46551724137931,5506.0,F656_ARC _B3_slice6-Ort.czi,old,pomc,upper
555,279.0,49.18279569892473,13722.0,F656_ARC _B3_slice6-Ort.czi,old,pomc,upper
556,15.0,49.2,738.0,F656_ARC _B3_slice6-Ort.czi,old,pomc,upper
557,1.0,63.0,63.0,F656_ARC _B3_slice6-Ort.czi,old,pomc,upper
558,39.0,51.8974358974359,2024.0,F656_ARC _B3_slice6-Ort.czi,old,pomc,upper
559,1.0,43.0,43.0,F656_ARC _B3_slice6-Ort.czi,old,pomc,upper
560,7.0,44.142857142857146,309.0,F656_ARC _B3_slice6-Ort.czi,old,pomc,upper
561,362.0,53.46408839779006,19354.0,F656_ARC _B3_slice6-Ort.czi,old,pomc,upper
562,94.0,47.734042553191486,4487.0,F656_ARC _B3_slice6-Ort.czi,old,pomc,upper
563,15.0,47.333333333333336,710.0,F656_ARC _B3_slice6-Ort.czi,old,pomc,upper
564,67.0,48.37313432835821,3241.0,F656_ARC _B3_slice6-Ort.czi,old,pomc,upper
565,35.0,47.65714285714286,1668.0,F656_ARC _B3_slice6-Ort.czi,old,pomc,upper
566,9.0,49.55555555555556,446.0,F656_ARC _B3_slice6-Ort.czi,old,pomc,upper
567,86.0,49.174418604651166,4229.0,F656_ARC _B3_slice6-Ort.czi,old,pomc,upper
568,129.0,48.434108527131784,6248.0,F656_ARC _B3_slice6-Ort.czi,old,pomc,upper
569,51.0,58.509803921568626,2984.0,F656_ARC _B3_slice6-Ort.czi,old,pomc,upper
570,92.0,61.22826086956522,5633.0,F656_ARC _B3_slice6-Ort.czi,old,pomc,upper
571,20.0,55.65,1113.0,F656_ARC _B3_slice6-Ort.czi,old,pomc,upper
572,35.0,48.02857142857143,1681.0000000000002,F656_ARC _B3_slice6-Ort.czi,old,pomc,upper
573,18.0,63.5,1143.0,F656_ARC _B3_slice6-Ort.czi,old,pomc,upper
574,66.0,49.34848484848485,3257.0,F656_ARC _B3_slice6-Ort.czi,old,pomc,upper
575,1.0,68.0,68.0,F656_ARC _B3_slice6-Ort.czi,old,pomc,upper
576,7.0,45.714285714285715,320.0,F656_ARC _B3_slice6-Ort.czi,old,pomc,upper
577,1.0,57.0,57.0,F656_ARC _B3_slice6-Ort.czi,old,pomc,upper
578,32.0,53.84375,1723.0,F656_ARC _B3_slice6-Ort.czi,old,pomc,upper
579,157.0,51.28025477707006,8051.0,F656_ARC _B3_slice6-Ort.czi,old,pomc,upper
580,20.0,51.15,1023.0,F656_ARC _B3_slice6-Ort.czi,old,pomc,upper
581,24.0,56.125,1347.0,F656_ARC _B3_slice6-Ort.czi,old,pomc,upper
582,21.0,49.04761904761905,1030.0,F656_ARC _B3_slice6-Ort.czi,old,pomc,upper
583,2.0,34.0,68.0,F656_ARC _B3_slice6-Ort.czi,old,pomc,upper
584,2.0,54.5,109.0,F656_ARC _B3_slice6-Ort.czi,old,pomc,upper
585,25.0,44.48,1112.0,F656_ARC _B3_slice6-Ort.czi,old,pomc,upper
586,12.0,48.5,582.0,F656_ARC _B3_slice6-Ort.czi,old,pomc,upper
587,35.0,47.42857142857143,1660.0,F656_ARC _B3_slice6-Ort.czi,old,pomc,upper
588,87.0,50.770114942528735,4417.0,F656_ARC _B3_slice6-Ort.czi,old,pomc,upper
589,164.0,51.53658536585366,8452.0,F656_ARC _B3_slice6-Ort.czi,old,pomc,upper
590,20.0,53.05,1061.0,F656_ARC _B3_slice6-Ort.czi,old,pomc,upper
591,12.0,51.583333333333336,619.0,F656_ARC _B3_slice6-Ort.czi,old,pomc,upper
592,76.0,54.921052631578945,4174.0,F656_ARC _B3_slice6-Ort.czi,old,pomc,upper
593,22.0,45.81818181818182,1008.0,F656_ARC _B3_slice6-Ort.czi,old,pomc,upper
594,35.0,47.6,1666.0,F656_ARC _B3_slice6-Ort.czi,old,pomc,upper
595,51.0,62.88235294117647,3207.0,F656_ARC _B3_slice6-Ort.czi,old,pomc,upper
596,1040.0,51.348076923076924,53402.0,F656_ARC _B3_slice6-Ort.czi,old,pomc,upper
597,288.0,50.77777777777778,14624.0,F656_ARC _B3_slice6-Ort.czi,old,pomc,upper
598,29.0,51.13793103448276,1483.0,F656_ARC _B3_slice6-Ort.czi,old,pomc,upper
599,1.0,58.0,58.0,F656_ARC _B3_slice6-Ort.czi,old,pomc,upper
600,61.0,54.0655737704918,3298.0,F656_ARC _B3_slice6-Ort.czi,old,pomc,upper
601,31.0,51.12903225806452,1585.0,F656_ARC _B3_slice6-Ort.czi,old,pomc,upper
602,1.0,58.0,58.0,F656_ARC _B3_slice6-Ort.czi,old,pomc,upper
603,3.0,53.666666666666664,161.0,F656_ARC _B3_slice6-Ort.czi,old,pomc,upper
604,50.0,48.64,2432.0,F656_ARC _B3_slice6-Ort.czi,old,pomc,upper
605,6.0,70.83333333333333,425.0,F656_ARC _B3_slice6-Ort.czi,old,pomc,upper
606,6.0,51.666666666666664,310.0,F656_ARC _B3_slice6-Ort.czi,old,pomc,upper
607,146.0,51.75342465753425,7556.0,F656_ARC _B3_slice6-Ort.czi,old,pomc,upper
608,9.0,45.22222222222222,407.0,F656_ARC _B3_slice6-Ort.czi,old,pomc,upper
609,26.0,46.69230769230769,1214.0,F656_ARC _B3_slice6-Ort.czi,old,pomc,upper
610,21.0,59.142857142857146,1242.0,F656_ARC _B3_slice6-Ort.czi,old,pomc,upper
611,14.0,44.785714285714285,627.0,F656_ARC _B3_slice6-Ort.czi,old,pomc,upper
612,128.0,54.7578125,7009.0,F656_ARC _B3_slice6-Ort.czi,old,pomc,upper
613,76.0,54.43421052631579,4137.0,F656_ARC _B3_slice6-Ort.czi,old,pomc,upper
614,6.0,42.333333333333336,254.0,F656_ARC _B3_slice6-Ort.czi,old,pomc,upper
615,26.0,71.84615384615384,1867.9999999999998,F656_ARC _B3_slice6-Ort.czi,old,pomc,upper
616,1.0,37.0,37.0,F656_ARC _B3_slice6-Ort.czi,old,pomc,upper
617,1.0,71.0,71.0,F656_ARC _B3_slice6-Ort.czi,old,pomc,upper
618,24.0,47.833333333333336,1148.0,F656_ARC _B3_slice6-Ort.czi,old,pomc,upper
619,130.0,59.98461538461538,7798.0,F656_ARC _B3_slice6-Ort.czi,old,pomc,upper
620,21.0,57.80952380952381,1214.0,F656_ARC _B3_slice6-Ort.czi,old,pomc,upper
621,1625.0,50.95507692307692,82802.0,F656_ARC _B3_slice6-Ort.czi,old,pomc,upper
622,155.0,54.50967741935484,8449.0,F656_ARC _B3_slice6-Ort.czi,old,pomc,upper
623,653.0,51.74425727411945,33789.0,F656_ARC _B3_slice6-Ort.czi,old,pomc,upper
624,10.0,48.2,482.0,F656_ARC _B3_slice6-Ort.czi,old,pomc,upper
625,401.0,50.942643391521194,20428.0,F656_ARC _B3_slice6-Ort.czi,old,pomc,upper
626,51.0,51.470588235294116,2625.0,F656_ARC _B3_slice6-Ort.czi,old,pomc,upper
627,56.0,50.464285714285715,2826.0,F656_ARC _B3_slice6-Ort.czi,old,pomc,upper
628,9.0,49.0,441.0,F656_ARC _B3_slice6-Ort.czi,old,pomc,upper
629,16.0,45.5,728.0,F656_ARC _B3_slice6-Ort.czi,old,pomc,upper
630,14.0,53.285714285714285,746.0,F656_ARC _B3_slice6-Ort.czi,old,pomc,upper
631,10.0,64.8,648.0,F656_ARC _B3_slice6-Ort.czi,old,pomc,upper
632,43.0,52.674418604651166,2265.0,F656_ARC _B3_slice6-Ort.czi,old,pomc,upper
633,141.0,48.53900709219858,6844.0,F656_ARC _B3_slice6-Ort.czi,old,pomc,upper
634,16.0,59.875,958.0,F656_ARC _B3_slice6-Ort.czi,old,pomc,upper
635,8.0,49.0,392.0,F656_ARC _B3_slice6-Ort.czi,old,pomc,upper
636,49.0,47.36734693877551,2321.0,F656_ARC _B3_slice6-Ort.czi,old,pomc,upper
637,45.0,53.15555555555556,2392.0,F656_ARC _B3_slice6-Ort.czi,old,pomc,upper
638,18.0,47.72222222222222,859.0,F656_ARC _B3_slice6-Ort.czi,old,pomc,upper
639,119.0,52.142857142857146,6205.0,F656_ARC _B3_slice6-Ort.czi,old,pomc,upper
640,31.0,47.903225806451616,1485.0,F656_ARC _B3_slice6-Ort.czi,old,pomc,upper
641,2.0,39.0,78.0,F656_ARC _B3_slice6-Ort.czi,old,pomc,upper
642,71.0,51.563380281690144,3661.0,F656_ARC _B3_slice6-Ort.czi,old,pomc,upper
643,59.0,52.067796610169495,3072.0,F656_ARC _B3_slice6-Ort.czi,old,pomc,upper
644,42.0,56.30952380952381,2365.0,F656_ARC _B3_slice6-Ort.czi,old,pomc,upper
645,21.0,46.19047619047619,970.0,F656_ARC _B3_slice6-Ort.czi,old,pomc,upper
646,12.0,46.416666666666664,557.0,F656_ARC _B3_slice6-Ort.czi,old,pomc,upper
647,31.0,48.74193548387097,1511.0,F656_ARC _B3_slice6-Ort.czi,old,pomc,upper
648,32.0,63.71875,2039.0,F656_ARC _B3_slice6-Ort.czi,old,pomc,upper
649,8.0,54.375,435.0,F656_ARC _B3_slice6-Ort.czi,old,pomc,upper
650,15.0,52.2,783.0,F656_ARC _B3_slice6-Ort.czi,old,pomc,upper
651,92.0,47.45652173913044,4366.0,F656_ARC _B3_slice6-Ort.czi,old,pomc,upper
652,1.0,35.0,35.0,F656_ARC _B3_slice6-Ort.czi,old,pomc,upper
653,3.0,43.0,129.0,F656_ARC _B3_slice6-Ort.czi,old,pomc,upper
654,93.0,46.365591397849464,4312.0,F656_ARC _B3_slice6-Ort.czi,old,pomc,upper
655,37.0,55.16216216216216,2041.0,F656_ARC _B3_slice6-Ort.czi,old,pomc,upper
656,80.0,53.8375,4307.0,F656_ARC _B3_slice6-Ort.czi,old,pomc,upper
657,73.0,56.83561643835616,4149.0,F656_ARC _B3_slice6-Ort.czi,old,pomc,upper
658,144.0,49.25,7092.0,F656_ARC _B3_slice6-Ort.czi,old,pomc,upper
659,2.0,33.0,66.0,F656_ARC _B3_slice6-Ort.czi,old,pomc,upper
660,32.0,53.53125,1713.0,F656_ARC _B3_slice6-Ort.czi,old,pomc,upper
661,92.0,54.31521739130435,4997.0,F656_ARC _B3_slice6-Ort.czi,old,pomc,upper
662,65.0,52.86153846153846,3436.0,F656_ARC _B3_slice6-Ort.czi,old,pomc,upper
663,50.0,51.92,2596.0,F656_ARC _B3_slice6-Ort.czi,old,pomc,upper
664,22.0,53.36363636363637,1174.0,F656_ARC _B3_slice6-Ort.czi,old,pomc,upper
665,5.0,48.2,241.0,F656_ARC _B3_slice6-Ort.czi,old,pomc,upper
666,8.0,51.125,409.0,F656_ARC _B3_slice6-Ort.czi,old,pomc,upper
667,1.0,39.0,39.0,F656_ARC _B3_slice6-Ort.czi,old,pomc,upper
668,23.0,59.869565217391305,1377.0,F656_ARC _B3_slice6-Ort.czi,old,pomc,upper
669,20.0,47.0,940.0,F656_ARC _B3_slice6-Ort.czi,old,pomc,upper
670,24.0,50.083333333333336,1202.0,F656_ARC _B3_slice6-Ort.czi,old,pomc,upper
671,9.0,47.44444444444444,427.0,F656_ARC _B3_slice6-Ort.czi,old,pomc,upper
672,35.0,49.885714285714286,1746.0,F656_ARC _B3_slice6-Ort.czi,old,pomc,upper
673,29.0,44.03448275862069,1277.0,F656_ARC _B3_slice6-Ort.czi,old,pomc,upper
674,37.0,72.51351351351352,2683.0,F656_ARC _B3_slice6-Ort.czi,old,pomc,upper
675,266.0,52.1578947368421,13874.0,F656_ARC _B3_slice6-Ort.czi,old,pomc,upper
676,2.0,61.5,123.0,F656_ARC _B3_slice6-Ort.czi,old,pomc,upper
677,3.0,37.666666666666664,113.0,F656_ARC _B3_slice6-Ort.czi,old,pomc,upper
678,16.0,45.1875,723.0,F656_ARC _B3_slice6-Ort.czi,old,pomc,upper
679,75.0,60.14666666666667,4511.0,F656_ARC _B3_slice6-Ort.czi,old,pomc,upper
680,83.0,53.28915662650602,4423.0,F656_ARC _B3_slice6-Ort.czi,old,pomc,upper
681,21.0,55.04761904761905,1156.0,F656_ARC _B3_slice6-Ort.czi,old,pomc,upper
682,695.0,55.81438848920863,38791.0,F656_ARC _B3_slice6-Ort.czi,old,pomc,upper
683,26.0,53.92307692307692,1402.0,F656_ARC _B3_slice6-Ort.czi,old,pomc,upper
684,112.0,55.25892857142857,6189.0,F656_ARC _B3_slice6-Ort.czi,old,pomc,upper
685,194.0,52.49484536082474,10184.0,F656_ARC _B3_slice6-Ort.czi,old,pomc,upper
686,46.0,43.91304347826087,2020.0,F656_ARC _B3_slice6-Ort.czi,old,pomc,upper
687,334.0,54.446107784431135,18185.0,F656_ARC _B3_slice6-Ort.czi,old,pomc,upper
688,211.0,54.27014218009479,11451.0,F656_ARC _B3_slice6-Ort.czi,old,pomc,upper
689,28.0,61.42857142857143,1720.0,F656_ARC _B3_slice6-Ort.czi,old,pomc,upper
690,33.0,56.57575757575758,1867.0,F656_ARC _B3_slice6-Ort.czi,old,pomc,upper
691,286.0,50.16433566433567,14347.0,F656_ARC _B3_slice6-Ort.czi,old,pomc,upper
692,108.0,57.648148148148145,6226.0,F656_ARC _B3_slice6-Ort.czi,old,pomc,upper
693,33.0,53.121212121212125,1753.0,F656_ARC _B3_slice6-Ort.czi,old,pomc,upper
694,29.0,50.724137931034484,1471.0,F656_ARC _B3_slice6-Ort.czi,old,pomc,upper
695,383.0,53.75456919060052,20588.0,F656_ARC _B3_slice6-Ort.czi,old,pomc,upper
696,16.0,44.75,716.0,F656_ARC _B3_slice6-Ort.czi,old,pomc,upper
697,60.0,56.68333333333333,3401.0,F656_ARC _B3_slice6-Ort.czi,old,pomc,upper
698,71.0,47.943661971830984,3404.0,F656_ARC _B3_slice6-Ort.czi,old,pomc,upper
699,37.0,56.24324324324324,2081.0,F656_ARC _B3_slice6-Ort.czi,old,pomc,upper
700,6.0,52.666666666666664,316.0,F656_ARC _B3_slice6-Ort.czi,old,pomc,upper
701,28.0,56.964285714285715,1595.0,F656_ARC _B3_slice6-Ort.czi,old,pomc,upper
702,1.0,65.0,65.0,F656_ARC _B3_slice6-Ort.czi,old,pomc,upper
703,95.0,49.136842105263156,4668.0,F656_ARC _B3_slice6-Ort.czi,old,pomc,upper
704,55.0,52.69090909090909,2898.0,F656_ARC _B3_slice6-Ort.czi,old,pomc,upper
705,50.0,74.84,3742.0,F656_ARC _B3_slice6-Ort.czi,old,pomc,upper
706,65.0,53.6,3484.0,F656_ARC _B3_slice6-Ort.czi,old,pomc,upper
707,249.0,54.51004016064257,13573.0,F656_ARC _B3_slice6-Ort.czi,old,pomc,upper
708,6.0,50.833333333333336,305.0,F656_ARC _B3_slice6-Ort.czi,old,pomc,upper
709,11.0,58.27272727272727,641.0,F656_ARC _B3_slice6-Ort.czi,old,pomc,upper
710,296.0,52.78378378378378,15624.0,F656_ARC _B3_slice6-Ort.czi,old,pomc,upper
711,11.0,52.36363636363637,576.0,F656_ARC _B3_slice6-Ort.czi,old,pomc,upper
712,31.0,46.54838709677419,1443.0,F656_ARC _B3_slice6-Ort.czi,old,pomc,upper
713,21.0,53.666666666666664,1127.0,F656_ARC _B3_slice6-Ort.czi,old,pomc,upper
714,66.0,52.25757575757576,3449.0,F656_ARC _B3_slice6-Ort.czi,old,pomc,upper
715,106.0,48.58490566037736,5150.0,F656_ARC _B3_slice6-Ort.czi,old,pomc,upper
716,74.0,49.229729729729726,3642.9999999999995,F656_ARC _B3_slice6-Ort.czi,old,pomc,upper
717,1.0,60.0,60.0,F656_ARC _B3_slice6-Ort.czi,old,pomc,upper
718,50.0,51.36,2568.0,F656_ARC _B3_slice6-Ort.czi,old,pomc,upper
719,98.0,51.734693877551024,5070.0,F656_ARC _B3_slice6-Ort.czi,old,pomc,upper
720,26.0,51.80769230769231,1347.0,F656_ARC _B3_slice6-Ort.czi,old,pomc,upper
721,25.0,54.08,1352.0,F656_ARC _B3_slice6-Ort.czi,old,pomc,upper
722,152.0,53.776315789473685,8174.0,F656_ARC _B3_slice6-Ort.czi,old,pomc,upper
723,255.0,60.69019607843137,15476.0,F656_ARC _B3_slice6-Ort.czi,old,pomc,upper
724,392.0,49.44642857142857,19383.0,F656_ARC _B3_slice6-Ort.czi,old,pomc,upper
725,3.0,46.0,138.0,F656_ARC _B3_slice6-Ort.czi,old,pomc,upper
726,16.0,47.0625,753.0,F656_ARC _B3_slice6-Ort.czi,old,pomc,upper
727,11.0,51.0,561.0,F656_ARC _B3_slice6-Ort.czi,old,pomc,upper
728,7.0,56.142857142857146,393.0,F656_ARC _B3_slice6-Ort.czi,old,pomc,upper
729,25.0,55.84,1396.0,F656_ARC _B3_slice6-Ort.czi,old,pomc,upper
730,54.0,49.666666666666664,2682.0,F656_ARC _B3_slice6-Ort.czi,old,pomc,upper
731,147.0,56.38775510204081,8289.0,F656_ARC _B3_slice6-Ort.czi,old,pomc,upper
732,29.0,47.03448275862069,1364.0,F656_ARC _B3_slice6-Ort.czi,old,pomc,upper
733,26.0,51.69230769230769,1344.0,F656_ARC _B3_slice6-Ort.czi,old,pomc,upper
734,23.0,50.17391304347826,1154.0,F656_ARC _B3_slice6-Ort.czi,old,pomc,upper
735,38.0,55.28947368421053,2101.0,F656_ARC _B3_slice6-Ort.czi,old,pomc,upper
736,521.0,51.06525911708253,26605.0,F656_ARC _B3_slice6-Ort.czi,old,pomc,upper
737,77.0,52.701298701298704,4058.0,F656_ARC _B3_slice6-Ort.czi,old,pomc,upper
738,91.0,60.59340659340659,5514.0,F656_ARC _B3_slice6-Ort.czi,old,pomc,upper
739,24.0,44.708333333333336,1073.0,F656_ARC _B3_slice6-Ort.czi,old,pomc,upper
740,398.0,50.801507537688444,20219.0,F656_ARC _B3_slice6-Ort.czi,old,pomc,upper
741,59.0,56.83050847457627,3353.0,F656_ARC _B3_slice6-Ort.czi,old,pomc,upper
742,2.0,53.5,107.0,F656_ARC _B3_slice6-Ort.czi,old,pomc,upper
743,59.0,51.610169491525426,3045.0,F656_ARC _B3_slice6-Ort.czi,old,pomc,upper
744,78.0,54.67948717948718,4265.0,F656_ARC _B3_slice6-Ort.czi,old,pomc,upper
745,46.0,50.28260869565217,2313.0,F656_ARC _B3_slice6-Ort.czi,old,pomc,upper
746,18.0,46.72222222222222,841.0,F656_ARC _B3_slice6-Ort.czi,old,pomc,upper
747,201.0,54.96517412935324,11048.0,F656_ARC _B3_slice6-Ort.czi,old,pomc,upper
748,114.0,56.55263157894737,6447.0,F656_ARC _B3_slice6-Ort.czi,old,pomc,upper
749,26.0,42.15384615384615,1096.0,F656_ARC _B3_slice6-Ort.czi,old,pomc,upper
750,54.0,53.870370370370374,2909.0,F656_ARC _B3_slice6-Ort.czi,old,pomc,upper
751,50.0,59.82,2991.0,F656_ARC _B3_slice6-Ort.czi,old,pomc,upper
752,29.0,49.13793103448276,1425.0,F656_ARC _B3_slice6-Ort.czi,old,pomc,upper
753,60.0,50.45,3027.0,F656_ARC _B3_slice6-Ort.czi,old,pomc,upper
754,470.0,52.58723404255319,24716.0,F656_ARC _B3_slice6-Ort.czi,old,pomc,upper
755,9.0,59.333333333333336,534.0,F656_ARC _B3_slice6-Ort.czi,old,pomc,upper
756,1.0,48.0,48.0,F656_ARC _B3_slice6-Ort.czi,old,pomc,upper
757,120.0,51.88333333333333,6226.0,F656_ARC _B3_slice6-Ort.czi,old,pomc,upper
758,98.0,48.03061224489796,4707.0,F656_ARC _B3_slice6-Ort.czi,old,pomc,upper
759,49.0,47.04081632653061,2305.0,F656_ARC _B3_slice6-Ort.czi,old,pomc,upper
760,35.0,53.42857142857143,1870.0,F656_ARC _B3_slice6-Ort.czi,old,pomc,upper
761,12.0,54.833333333333336,658.0,F656_ARC _B3_slice6-Ort.czi,old,pomc,upper
762,160.0,50.61875,8099.0,F656_ARC _B3_slice6-Ort.czi,old,pomc,upper
763,362.0,55.908839779005525,20239.0,F656_ARC _B3_slice6-Ort.czi,old,pomc,upper
764,30.0,49.1,1473.0,F656_ARC _B3_slice6-Ort.czi,old,pomc,upper
765,50.0,49.42,2471.0,F656_ARC _B3_slice6-Ort.czi,old,pomc,upper
766,43.0,55.97674418604651,2407.0,F656_ARC _B3_slice6-Ort.czi,old,pomc,upper
767,1.0,40.0,40.0,F656_ARC _B3_slice6-Ort.czi,old,pomc,upper
768,50.0,54.78,2739.0,F656_ARC _B3_slice6-Ort.czi,old,pomc,upper
769,127.0,53.77952755905512,6830.0,F656_ARC _B3_slice6-Ort.czi,old,pomc,upper
770,1.0,63.0,63.0,F656_ARC _B3_slice6-Ort.czi,old,pomc,upper
771,22.0,51.59090909090909,1135.0,F656_ARC _B3_slice6-Ort.czi,old,pomc,upper
772,19.0,62.36842105263158,1185.0,F656_ARC _B3_slice6-Ort.czi,old,pomc,upper
773,15.0,48.666666666666664,730.0,F656_ARC _B3_slice6-Ort.czi,old,pomc,upper
774,16.0,45.3125,725.0,F656_ARC _B3_slice6-Ort.czi,old,pomc,upper
775,1.0,26.0,26.0,F656_ARC _B3_slice6-Ort.czi,old,pomc,upper
776,105.0,56.04761904761905,5885.0,F656_ARC _B3_slice6-Ort.czi,old,pomc,upper
777,38.0,71.86842105263158,2731.0,F656_ARC _B3_slice6-Ort.czi,old,pomc,upper
778,49.0,54.183673469387756,2655.0,F656_ARC _B3_slice6-Ort.czi,old,pomc,upper
779,85.0,49.4,4199.0,F656_ARC _B3_slice6-Ort.czi,old,pomc,upper
780,23.0,48.26086956521739,1110.0,F656_ARC _B3_slice6-Ort.czi,old,pomc,upper
781,132.0,52.96969696969697,6992.0,F656_ARC _B3_slice6-Ort.czi,old,pomc,upper
782,42.0,55.95238095238095,2350.0,F656_ARC _B3_slice6-Ort.czi,old,pomc,upper
783,18.0,58.0,1044.0,F656_ARC _B3_slice6-Ort.czi,old,pomc,upper
784,23.0,59.08695652173913,1359.0,F656_ARC _B3_slice6-Ort.czi,old,pomc,upper
785,14.0,82.42857142857143,1154.0,F656_ARC _B3_slice6-Ort.czi,old,pomc,upper
786,14.0,63.5,889.0,F656_ARC _B3_slice6-Ort.czi,old,pomc,upper
787,10.0,99.7,997.0,F656_ARC _B3_slice6-Ort.czi,old,pomc,upper
788,202.0,52.445544554455445,10594.0,F656_ARC _B3_slice6-Ort.czi,old,pomc,upper
789,37.0,48.4054054054054,1791.0,F656_ARC _B3_slice6-Ort.czi,old,pomc,upper
790,20.0,43.6,872.0,F656_ARC _B3_slice6-Ort.czi,old,pomc,upper
791,95.0,50.54736842105263,4802.0,F656_ARC _B3_slice6-Ort.czi,old,pomc,upper
792,69118.0,51.03200324083451,3527230.0,F656_ARC _B3_slice6-Ort.czi,old,pomc,upper
793,8.0,59.125,473.0,F656_ARC _B3_slice6-Ort.czi,old,pomc,upper
794,78.0,52.705128205128204,4111.0,F656_ARC _B3_slice6-Ort.czi,old,pomc,upper
795,21.0,65.0952380952381,1367.0000000000002,F656_ARC _B3_slice6-Ort.czi,old,pomc,upper
796,36.0,56.94444444444444,2050.0,F656_ARC _B3_slice6-Ort.czi,old,pomc,upper
797,843.0,53.723606168446025,45289.0,F656_ARC _B3_slice6-Ort.czi,old,pomc,upper
798,35.0,51.542857142857144,1804.0,F656_ARC _B3_slice6-Ort.czi,old,pomc,upper
799,77.0,52.753246753246756,4062.0000000000005,F656_ARC _B3_slice6-Ort.czi,old,pomc,upper
800,83.0,55.40963855421687,4599.0,F656_ARC _B3_slice6-Ort.czi,old,pomc,upper
801,24.0,59.25,1422.0,F656_ARC _B3_slice6-Ort.czi,old,pomc,upper
802,125.0,53.064,6633.0,F656_ARC _B3_slice6-Ort.czi,old,pomc,upper
803,2.0,57.0,114.0,F656_ARC _B3_slice6-Ort.czi,old,pomc,upper
804,547.0,54.42961608775137,29773.0,F656_ARC _B3_slice6-Ort.czi,old,pomc,upper
805,69.0,54.43478260869565,3755.9999999999995,F656_ARC _B3_slice6-Ort.czi,old,pomc,upper
806,14.0,47.142857142857146,660.0,F656_ARC _B3_slice6-Ort.czi,old,pomc,upper
807,28.0,51.785714285714285,1450.0,F656_ARC _B3_slice6-Ort.czi,old,pomc,upper
808,37.0,59.32432432432432,2195.0,F656_ARC _B3_slice6-Ort.czi,old,pomc,upper
809,94.0,51.255319148936174,4818.0,F656_ARC _B3_slice6-Ort.czi,old,pomc,upper
810,209.0,54.229665071770334,11334.0,F656_ARC _B3_slice6-Ort.czi,old,pomc,upper
811,187.0,48.44385026737968,9059.0,F656_ARC _B3_slice6-Ort.czi,old,pomc,upper
812,663.0,50.92307692307692,33762.0,F656_ARC _B3_slice6-Ort.czi,old,pomc,upper
813,397.0,56.64735516372796,22489.0,F656_ARC _B3_slice6-Ort.czi,old,pomc,upper
814,16.0,57.6875,923.0,F656_ARC _B3_slice6-Ort.czi,old,pomc,upper
815,35.0,60.74285714285714,2126.0,F656_ARC _B3_slice6-Ort.czi,old,pomc,upper
816,7.0,59.285714285714285,415.0,F656_ARC _B3_slice6-Ort.czi,old,pomc,upper
817,15.0,50.266666666666666,754.0,F656_ARC _B3_slice6-Ort.czi,old,pomc,upper
818,795.0,50.369811320754714,40044.0,F656_ARC _B3_slice6-Ort.czi,old,pomc,upper
819,1.0,24.0,24.0,F656_ARC _B3_slice6-Ort.czi,old,pomc,upper
820,1.0,46.0,46.0,F656_ARC _B3_slice6-Ort.czi,old,pomc,upper
821,4.0,43.75,175.0,F656_ARC _B3_slice6-Ort.czi,old,pomc,upper
822,4.0,32.75,131.0,F656_ARC _B3_slice6-Ort.czi,old,pomc,upper
823,73.0,50.52054794520548,3688.0,F656_ARC _B3_slice6-Ort.czi,old,pomc,upper
824,139.0,50.7410071942446,7053.0,F656_ARC _B3_slice6-Ort.czi,old,pomc,upper
825,15.0,99.2,1488.0,F656_ARC _B3_slice6-Ort.czi,old,pomc,upper
826,216.0,53.050925925925924,11459.0,F656_ARC _B3_slice6-Ort.czi,old,pomc,upper
827,4.0,39.0,156.0,F656_ARC _B3_slice6-Ort.czi,old,pomc,upper
828,1.0,56.0,56.0,F656_ARC _B3_slice6-Ort.czi,old,pomc,upper
829,35.0,49.4,1729.0,F656_ARC _B3_slice6-Ort.czi,old,pomc,upper
830,2.0,27.0,54.0,F656_ARC _B3_slice6-Ort.czi,old,pomc,upper
831,10.0,50.2,502.0,F656_ARC _B3_slice6-Ort.czi,old,pomc,upper
832,29.0,53.13793103448276,1541.0,F656_ARC _B3_slice6-Ort.czi,old,pomc,upper
833,63.0,51.63492063492063,3253.0,F656_ARC _B3_slice6-Ort.czi,old,pomc,upper
834,18.0,59.94444444444444,1079.0,F656_ARC _B3_slice6-Ort.czi,old,pomc,upper
835,6.0,154.0,924.0,F656_ARC _B3_slice6-Ort.czi,old,pomc,upper
836,53.0,53.18867924528302,2819.0,F656_ARC _B3_slice6-Ort.czi,old,pomc,upper
837,74.0,53.62162162162162,3968.0,F656_ARC _B3_slice6-Ort.czi,old,pomc,upper
838,25.0,86.48,2162.0,F656_ARC _B3_slice6-Ort.czi,old,pomc,upper
839,800.0,48.01375,38411.0,F656_ARC _B3_slice6-Ort.czi,old,pomc,upper
840,7.0,72.0,504.0,F656_ARC _B3_slice6-Ort.czi,old,pomc,upper
841,1.0,64.0,64.0,F656_ARC _B3_slice6-Ort.czi,old,pomc,upper
842,124.0,49.54838709677419,6144.0,F656_ARC _B3_slice6-Ort.czi,old,pomc,upper
843,30.0,51.63333333333333,1549.0,F656_ARC _B3_slice6-Ort.czi,old,pomc,upper
844,86.0,49.325581395348834,4242.0,F656_ARC _B3_slice6-Ort.czi,old,pomc,upper
845,84.0,56.54761904761905,4750.0,F656_ARC _B3_slice6-Ort.czi,old,pomc,upper
846,9.0,67.66666666666667,609.0,F656_ARC _B3_slice6-Ort.czi,old,pomc,upper
847,12.0,52.916666666666664,635.0,F656_ARC _B3_slice6-Ort.czi,old,pomc,upper
848,201.0,48.81094527363184,9811.0,F656_ARC _B3_slice6-Ort.czi,old,pomc,upper
849,97.0,49.78350515463917,4829.0,F656_ARC _B3_slice6-Ort.czi,old,pomc,upper
850,115.0,48.63478260869565,5593.0,F656_ARC _B3_slice6-Ort.czi,old,pomc,upper
851,97.0,52.8041237113402,5122.0,F656_ARC _B3_slice6-Ort.czi,old,pomc,upper
852,118.0,49.44915254237288,5835.0,F656_ARC _B3_slice6-Ort.czi,old,pomc,upper
853,27.0,58.7037037037037,1585.0,F656_ARC _B3_slice6-Ort.czi,old,pomc,upper
854,56.0,51.94642857142857,2909.0,F656_ARC _B3_slice6-Ort.czi,old,pomc,upper
855,1.0,27.0,27.0,F656_ARC _B3_slice6-Ort.czi,old,pomc,upper
856,5.0,50.0,250.0,F656_ARC _B3_slice6-Ort.czi,old,pomc,upper
857,26.0,61.53846153846154,1600.0,F656_ARC _B3_slice6-Ort.czi,old,pomc,upper
858,70.0,63.65714285714286,4456.0,F656_ARC _B3_slice6-Ort.czi,old,pomc,upper
859,66.0,50.89393939393939,3359.0,F656_ARC _B3_slice6-Ort.czi,old,pomc,upper
860,58.0,50.12068965517241,2907.0,F656_ARC _B3_slice6-Ort.czi,old,pomc,upper
861,34.0,53.76470588235294,1828.0,F656_ARC _B3_slice6-Ort.czi,old,pomc,upper
862,25.0,55.08,1377.0,F656_ARC _B3_slice6-Ort.czi,old,pomc,upper
863,323.0,55.1702786377709,17820.0,F656_ARC _B3_slice6-Ort.czi,old,pomc,upper
864,410.0,52.204878048780486,21404.0,F656_ARC _B3_slice6-Ort.czi,old,pomc,upper
865,60.0,55.43333333333333,3326.0,F656_ARC _B3_slice6-Ort.czi,old,pomc,upper
866,101.0,50.693069306930695,5120.0,F656_ARC _B3_slice6-Ort.czi,old,pomc,upper
867,9.0,59.666666666666664,537.0,F656_ARC _B3_slice6-Ort.czi,old,pomc,upper
868,17.0,42.1764705882353,717.0,F656_ARC _B3_slice6-Ort.czi,old,pomc,upper
869,74.0,51.13513513513514,3784.0,F656_ARC _B3_slice6-Ort.czi,old,pomc,upper
870,31.0,47.38709677419355,1469.0,F656_ARC _B3_slice6-Ort.czi,old,pomc,upper
871,55.0,49.89090909090909,2744.0,F656_ARC _B3_slice6-Ort.czi,old,pomc,upper
872,172.0,57.58139534883721,9904.0,F656_ARC _B3_slice6-Ort.czi,old,pomc,upper
873,45.0,48.77777777777778,2195.0,F656_ARC _B3_slice6-Ort.czi,old,pomc,upper
874,5.0,46.2,231.0,F656_ARC _B3_slice6-Ort.czi,old,pomc,upper
875,53.0,53.15094339622642,2817.0,F656_ARC _B3_slice6-Ort.czi,old,pomc,upper
876,293.0,52.37883959044368,15346.999999999998,F656_ARC _B3_slice6-Ort.czi,old,pomc,upper
877,77.0,51.753246753246756,3985.0000000000005,F656_ARC _B3_slice6-Ort.czi,old,pomc,upper
878,35.0,51.285714285714285,1795.0,F656_ARC _B3_slice6-Ort.czi,old,pomc,upper
879,59.0,53.86440677966102,3178.0,F656_ARC _B3_slice6-Ort.czi,old,pomc,upper
880,36.0,86.63888888888889,3119.0,F656_ARC _B3_slice6-Ort.czi,old,pomc,upper
881,18.0,50.77777777777778,914.0,F656_ARC _B3_slice6-Ort.czi,old,pomc,upper
882,18.0,49.44444444444444,890.0,F656_ARC _B3_slice6-Ort.czi,old,pomc,upper
883,343.0,49.329446064139944,16920.0,F656_ARC _B3_slice6-Ort.czi,old,pomc,upper
884,56.0,52.857142857142854,2960.0,F656_ARC _B3_slice6-Ort.czi,old,pomc,upper
885,22.0,58.68181818181818,1291.0,F656_ARC _B3_slice6-Ort.czi,old,pomc,upper
886,47.0,67.29787234042553,3163.0,F656_ARC _B3_slice6-Ort.czi,old,pomc,upper
887,7.0,58.42857142857143,409.0,F656_ARC _B3_slice6-Ort.czi,old,pomc,upper
888,10.0,75.1,751.0,F656_ARC _B3_slice6-Ort.czi,old,pomc,upper
889,83.0,54.6144578313253,4533.0,F656_ARC _B3_slice6-Ort.czi,old,pomc,upper
890,52.0,50.46153846153846,2624.0,F656_ARC _B3_slice6-Ort.czi,old,pomc,upper
891,184.0,51.53260869565217,9482.0,F656_ARC _B3_slice6-Ort.czi,old,pomc,upper
892,46.0,50.84782608695652,2339.0,F656_ARC _B3_slice6-Ort.czi,old,pomc,upper
893,303.0,49.87788778877888,15113.0,F656_ARC _B3_slice6-Ort.czi,old,pomc,upper
894,9.0,33.22222222222222,299.0,F656_ARC _B3_slice6-Ort.czi,old,pomc,upper
895,51.0,50.09803921568628,2555.0,F656_ARC _B3_slice6-Ort.czi,old,pomc,upper
896,246.0,55.76829268292683,13719.0,F656_ARC _B3_slice6-Ort.czi,old,pomc,upper
897,23.0,49.43478260869565,1137.0,F656_ARC _B3_slice6-Ort.czi,old,pomc,upper
898,21.0,56.95238095238095,1196.0,F656_ARC _B3_slice6-Ort.czi,old,pomc,upper
899,53.0,57.75471698113208,3061.0,F656_ARC _B3_slice6-Ort.czi,old,pomc,upper
900,19.0,53.1578947368421,1010.0,F656_ARC _B3_slice6-Ort.czi,old,pomc,upper
901,7.0,119.85714285714286,839.0,F656_ARC _B3_slice6-Ort.czi,old,pomc,upper
902,255.0,51.31372549019608,13085.0,F656_ARC _B3_slice6-Ort.czi,old,pomc,upper
903,41.0,51.048780487804876,2093.0,F656_ARC _B3_slice6-Ort.czi,old,pomc,upper
904,25.0,47.12,1178.0,F656_ARC _B3_slice6-Ort.czi,old,pomc,upper
905,114.0,50.973684210526315,5811.0,F656_ARC _B3_slice6-Ort.czi,old,pomc,upper
906,143.0,52.53146853146853,7512.0,F656_ARC _B3_slice6-Ort.czi,old,pomc,upper
907,12.0,39.833333333333336,478.0,F656_ARC _B3_slice6-Ort.czi,old,pomc,upper
908,40.0,50.1,2004.0,F656_ARC _B3_slice6-Ort.czi,old,pomc,upper
909,111.0,50.153153153153156,5567.0,F656_ARC _B3_slice6-Ort.czi,old,pomc,upper
910,29.0,49.51724137931034,1436.0,F656_ARC _B3_slice6-Ort.czi,old,pomc,upper
911,25.0,51.4,1285.0,F656_ARC _B3_slice6-Ort.czi,old,pomc,upper
912,6.0,50.0,300.0,F656_ARC _B3_slice6-Ort.czi,old,pomc,upper
913,1223.0,50.515126737530665,61780.0,F656_ARC _B3_slice6-Ort.czi,old,pomc,upper
914,1.0,45.0,45.0,F656_ARC _B3_slice6-Ort.czi,old,pomc,upper
915,33.0,67.9090909090909,2241.0,F656_ARC _B3_slice6-Ort.czi,old,pomc,upper
916,50.0,52.74,2637.0,F656_ARC _B3_slice6-Ort.czi,old,pomc,upper
917,61.0,52.98360655737705,3232.0,F656_ARC _B3_slice6-Ort.czi,old,pomc,upper
918,11.0,50.81818181818182,559.0,F656_ARC _B3_slice6-Ort.czi,old,pomc,upper
919,17.0,46.0,782.0,F656_ARC _B3_slice6-Ort.czi,old,pomc,upper
920,63.0,46.84126984126984,2951.0,F656_ARC _B3_slice6-Ort.czi,old,pomc,upper
921,1.0,78.0,78.0,F656_ARC _B3_slice6-Ort.czi,old,pomc,upper
922,8.0,73.5,588.0,F656_ARC _B3_slice6-Ort.czi,old,pomc,upper
923,23.0,52.21739130434783,1201.0,F656_ARC _B3_slice6-Ort.czi,old,pomc,upper
924,36.0,59.888888888888886,2156.0,F656_ARC _B3_slice6-Ort.czi,old,pomc,upper
925,30.0,47.96666666666667,1439.0,F656_ARC _B3_slice6-Ort.czi,old,pomc,upper
926,39.0,49.97435897435897,1948.9999999999998,F656_ARC _B3_slice6-Ort.czi,old,pomc,upper
927,26.0,64.07692307692308,1666.0,F656_ARC _B3_slice6-Ort.czi,old,pomc,upper
928,1.0,53.0,53.0,F656_ARC _B3_slice6-Ort.czi,old,pomc,upper
929,1.0,45.0,45.0,F656_ARC _B3_slice6-Ort.czi,old,pomc,upper
930,366.0,53.9207650273224,19735.0,F656_ARC _B3_slice6-Ort.czi,old,pomc,upper
931,40.0,50.55,2022.0,F656_ARC _B3_slice6-Ort.czi,old,pomc,upper
932,429.0,52.68065268065268,22600.0,F656_ARC _B3_slice6-Ort.czi,old,pomc,upper
933,1.0,29.0,29.0,F656_ARC _B3_slice6-Ort.czi,old,pomc,upper
934,2.0,53.5,107.0,F656_ARC _B3_slice6-Ort.czi,old,pomc,upper
935,671.0,50.052160953800296,33585.0,F656_ARC _B3_slice6-Ort.czi,old,pomc,upper
936,15.0,52.266666666666666,784.0,F656_ARC _B3_slice6-Ort.czi,old,pomc,upper
937,4.0,62.5,250.0,F656_ARC _B3_slice6-Ort.czi,old,pomc,upper
938,21.0,59.42857142857143,1248.0,F656_ARC _B3_slice6-Ort.czi,old,pomc,upper
939,1.0,67.0,67.0,F656_ARC _B3_slice6-Ort.czi,old,pomc,upper
940,112.0,51.169642857142854,5731.0,F656_ARC _B3_slice6-Ort.czi,old,pomc,upper
941,95.0,52.27368421052632,4966.0,F656_ARC _B3_slice6-Ort.czi,old,pomc,upper
942,4.0,32.75,131.0,F656_ARC _B3_slice6-Ort.czi,old,pomc,upper
943,1.0,52.0,52.0,F656_ARC _B3_slice6-Ort.czi,old,pomc,upper
944,3.0,52.666666666666664,158.0,F656_ARC _B3_slice6-Ort.czi,old,pomc,upper
945,26.0,44.92307692307692,1168.0,F656_ARC _B3_slice6-Ort.czi,old,pomc,upper
946,101.0,49.46534653465346,4996.0,F656_ARC _B3_slice6-Ort.czi,old,pomc,upper
947,79.0,52.78481012658228,4170.0,F656_ARC _B3_slice6-Ort.czi,old,pomc,upper
948,621.0,50.85829307568438,31583.0,F656_ARC _B3_slice6-Ort.czi,old,pomc,upper
949,184.0,48.58152173913044,8939.0,F656_ARC _B3_slice6-Ort.czi,old,pomc,upper
950,124.0,50.556451612903224,6269.0,F656_ARC _B3_slice6-Ort.czi,old,pomc,upper
951,17.0,58.411764705882355,993.0,F656_ARC _B3_slice6-Ort.czi,old,pomc,upper
952,99.0,50.26262626262626,4976.0,F656_ARC _B3_slice6-Ort.czi,old,pomc,upper
953,2.0,46.0,92.0,F656_ARC _B3_slice6-Ort.czi,old,pomc,upper
954,90.0,52.41111111111111,4717.0,F656_ARC _B3_slice6-Ort.czi,old,pomc,upper
955,1.0,35.0,35.0,F656_ARC _B3_slice6-Ort.czi,old,pomc,upper
956,7.0,46.57142857142857,326.0,F656_ARC _B3_slice6-Ort.czi,old,pomc,upper
957,84.0,51.535714285714285,4329.0,F656_ARC _B3_slice6-Ort.czi,old,pomc,upper
958,33.0,50.36363636363637,1662.0,F656_ARC _B3_slice6-Ort.czi,old,pomc,upper
959,72.0,48.125,3465.0,F656_ARC _B3_slice6-Ort.czi,old,pomc,upper
960,9.0,48.44444444444444,436.0,F656_ARC _B3_slice6-Ort.czi,old,pomc,upper
961,37.0,49.648648648648646,1837.0,F656_ARC _B3_slice6-Ort.czi,old,pomc,upper
962,2.0,65.5,131.0,F656_ARC _B3_slice6-Ort.czi,old,pomc,upper
963,81.0,51.53086419753087,4174.0,F656_ARC _B3_slice6-Ort.czi,old,pomc,upper
964,70.0,61.01428571428571,4271.0,F656_ARC _B3_slice6-Ort.czi,old,pomc,upper
965,5.0,50.4,252.0,F656_ARC _B3_slice6-Ort.czi,old,pomc,upper
966,12.0,55.583333333333336,667.0,F656_ARC _B3_slice6-Ort.czi,old,pomc,upper
967,92.0,50.44565217391305,4641.0,F656_ARC _B3_slice6-Ort.czi,old,pomc,upper
968,5.0,50.0,250.0,F656_ARC _B3_slice6-Ort.czi,old,pomc,upper
969,87.0,51.47126436781609,4478.0,F656_ARC _B3_slice6-Ort.czi,old,pomc,upper
970,15.0,46.2,693.0,F656_ARC _B3_slice6-Ort.czi,old,pomc,upper
971,26.0,49.0,1274.0,F656_ARC _B3_slice6-Ort.czi,old,pomc,upper
972,26.0,56.38461538461539,1466.0,F656_ARC _B3_slice6-Ort.czi,old,pomc,upper
973,229.0,52.580786026200876,12041.0,F656_ARC _B3_slice6-Ort.czi,old,pomc,upper
974,120.0,52.53333333333333,6304.0,F656_ARC _B3_slice6-Ort.czi,old,pomc,upper
975,65.0,54.93846153846154,3571.0,F656_ARC _B3_slice6-Ort.czi,old,pomc,upper
976,1.0,42.0,42.0,F656_ARC _B3_slice6-Ort.czi,old,pomc,upper
977,41.0,52.26829268292683,2143.0,F656_ARC _B3_slice6-Ort.czi,old,pomc,upper
978,279.0,53.376344086021504,14892.0,F656_ARC _B3_slice6-Ort.czi,old,pomc,upper
979,1.0,44.0,44.0,F656_ARC _B3_slice6-Ort.czi,old,pomc,upper
980,20.0,57.25,1145.0,F656_ARC _B3_slice6-Ort.czi,old,pomc,upper
981,10.0,57.0,570.0,F656_ARC _B3_slice6-Ort.czi,old,pomc,upper
982,44.0,55.43181818181818,2439.0,F656_ARC _B3_slice6-Ort.czi,old,pomc,upper
983,14.0,74.5,1043.0,F656_ARC _B3_slice6-Ort.czi,old,pomc,upper
984,6.0,57.666666666666664,346.0,F656_ARC _B3_slice6-Ort.czi,old,pomc,upper
985,78.0,52.76923076923077,4116.0,F656_ARC _B3_slice6-Ort.czi,old,pomc,upper
986,23.0,59.65217391304348,1372.0,F656_ARC _B3_slice6-Ort.czi,old,pomc,upper
987,198.0,50.10606060606061,9921.0,F656_ARC _B3_slice6-Ort.czi,old,pomc,upper
988,39.0,51.794871794871796,2020.0,F656_ARC _B3_slice6-Ort.czi,old,pomc,upper
989,3.0,46.333333333333336,139.0,F656_ARC _B3_slice6-Ort.czi,old,pomc,upper
990,5.0,46.8,234.0,F656_ARC _B3_slice6-Ort.czi,old,pomc,upper
991,74.0,58.770270270270274,4349.0,F656_ARC _B3_slice6-Ort.czi,old,pomc,upper
992,60.0,52.583333333333336,3155.0,F656_ARC _B3_slice6-Ort.czi,old,pomc,upper
1,1075.0,26.355348837209302,28332.0,B465_ARC _C3_slice4-Ort.czi,old,pomc,upper
2,3.0,16.0,48.0,B465_ARC _C3_slice4-Ort.czi,old,pomc,upper
3,71.0,20.95774647887324,1488.0,B465_ARC _C3_slice4-Ort.czi,old,pomc,upper
4,108.0,19.166666666666668,2070.0,B465_ARC _C3_slice4-Ort.czi,old,pomc,upper
5,57.0,30.017543859649123,1711.0,B465_ARC _C3_slice4-Ort.czi,old,pomc,upper
6,6.0,22.666666666666668,136.0,B465_ARC _C3_slice4-Ort.czi,old,pomc,upper
7,1.0,23.0,23.0,B465_ARC _C3_slice4-Ort.czi,old,pomc,upper
8,64.0,18.390625,1177.0,B465_ARC _C3_slice4-Ort.czi,old,pomc,upper
9,9.0,37.111111111111114,334.0,B465_ARC _C3_slice4-Ort.czi,old,pomc,upper
10,69.0,19.63768115942029,1355.0,B465_ARC _C3_slice4-Ort.czi,old,pomc,upper
11,37.0,20.72972972972973,767.0,B465_ARC _C3_slice4-Ort.czi,old,pomc,upper
12,152.0,24.098684210526315,3663.0,B465_ARC _C3_slice4-Ort.czi,old,pomc,upper
13,16.0,18.5,296.0,B465_ARC _C3_slice4-Ort.czi,old,pomc,upper
14,30.0,31.7,951.0,B465_ARC _C3_slice4-Ort.czi,old,pomc,upper
15,16.0,30.625,490.0,B465_ARC _C3_slice4-Ort.czi,old,pomc,upper
16,515.0,19.186407766990293,9881.0,B465_ARC _C3_slice4-Ort.czi,old,pomc,upper
17,190.0,21.705263157894738,4124.0,B465_ARC _C3_slice4-Ort.czi,old,pomc,upper
18,11.0,28.545454545454547,314.0,B465_ARC _C3_slice4-Ort.czi,old,pomc,upper
19,267.0,21.48314606741573,5736.0,B465_ARC _C3_slice4-Ort.czi,old,pomc,upper
20,2.0,30.5,61.0,B465_ARC _C3_slice4-Ort.czi,old,pomc,upper
21,12.0,32.416666666666664,389.0,B465_ARC _C3_slice4-Ort.czi,old,pomc,upper
22,62.0,20.06451612903226,1244.0,B465_ARC _C3_slice4-Ort.czi,old,pomc,upper
23,30.0,23.133333333333333,694.0,B465_ARC _C3_slice4-Ort.czi,old,pomc,upper
24,228.0,20.342105263157894,4638.0,B465_ARC _C3_slice4-Ort.czi,old,pomc,upper
25,44.0,23.227272727272727,1022.0,B465_ARC _C3_slice4-Ort.czi,old,pomc,upper
26,16.0,29.875,478.0,B465_ARC _C3_slice4-Ort.czi,old,pomc,upper
27,2.0,16.0,32.0,B465_ARC _C3_slice4-Ort.czi,old,pomc,upper
28,497.0,18.490945674044266,9190.0,B465_ARC _C3_slice4-Ort.czi,old,pomc,upper
29,13.0,30.923076923076923,402.0,B465_ARC _C3_slice4-Ort.czi,old,pomc,upper
30,8.0,17.0,136.0,B465_ARC _C3_slice4-Ort.czi,old,pomc,upper
31,161.0,23.788819875776397,3830.0,B465_ARC _C3_slice4-Ort.czi,old,pomc,upper
32,10.0,26.8,268.0,B465_ARC _C3_slice4-Ort.czi,old,pomc,upper
33,76.0,20.93421052631579,1591.0000000000002,B465_ARC _C3_slice4-Ort.czi,old,pomc,upper
34,80.0,25.6875,2055.0,B465_ARC _C3_slice4-Ort.czi,old,pomc,upper
35,37.0,30.135135135135137,1115.0,B465_ARC _C3_slice4-Ort.czi,old,pomc,upper
36,32.0,23.5625,754.0,B465_ARC _C3_slice4-Ort.czi,old,pomc,upper
37,3.0,24.0,72.0,B465_ARC _C3_slice4-Ort.czi,old,pomc,upper
38,6.0,21.5,129.0,B465_ARC _C3_slice4-Ort.czi,old,pomc,upper
39,76.0,18.539473684210527,1409.0,B465_ARC _C3_slice4-Ort.czi,old,pomc,upper
40,57.0,20.05263157894737,1143.0,B465_ARC _C3_slice4-Ort.czi,old,pomc,upper
41,1.0,27.0,27.0,B465_ARC _C3_slice4-Ort.czi,old,pomc,upper
42,17.0,25.705882352941178,437.0,B465_ARC _C3_slice4-Ort.czi,old,pomc,upper
43,211.0,22.819905213270143,4815.0,B465_ARC _C3_slice4-Ort.czi,old,pomc,upper
44,47.0,20.04255319148936,942.0,B465_ARC _C3_slice4-Ort.czi,old,pomc,upper
45,939.0,22.896698615548456,21500.0,B465_ARC _C3_slice4-Ort.czi,old,pomc,upper
46,12.0,20.75,249.0,B465_ARC _C3_slice4-Ort.czi,old,pomc,upper
47,3223.0,21.40800496431896,68998.0,B465_ARC _C3_slice4-Ort.czi,old,pomc,upper
48,92.0,20.032608695652176,1843.0000000000002,B465_ARC _C3_slice4-Ort.czi,old,pomc,upper
49,7.0,29.142857142857142,204.0,B465_ARC _C3_slice4-Ort.czi,old,pomc,upper
50,136.0,21.823529411764707,2968.0,B465_ARC _C3_slice4-Ort.czi,old,pomc,upper
51,6.0,24.666666666666668,148.0,B465_ARC _C3_slice4-Ort.czi,old,pomc,upper
52,247.0,17.939271255060728,4431.0,B465_ARC _C3_slice4-Ort.czi,old,pomc,upper
53,60.0,21.533333333333335,1292.0,B465_ARC _C3_slice4-Ort.czi,old,pomc,upper
54,11.0,32.45454545454545,357.0,B465_ARC _C3_slice4-Ort.czi,old,pomc,upper
55,56.0,19.857142857142858,1112.0,B465_ARC _C3_slice4-Ort.czi,old,pomc,upper
56,885.0,18.754802259887004,16598.0,B465_ARC _C3_slice4-Ort.czi,old,pomc,upper
57,74.0,29.972972972972972,2218.0,B465_ARC _C3_slice4-Ort.czi,old,pomc,upper
58,57.0,22.789473684210527,1299.0,B465_ARC _C3_slice4-Ort.czi,old,pomc,upper
59,10.0,30.8,308.0,B465_ARC _C3_slice4-Ort.czi,old,pomc,upper
60,1.0,11.0,11.0,B465_ARC _C3_slice4-Ort.czi,old,pomc,upper
61,169.0,21.189349112426036,3581.0,B465_ARC _C3_slice4-Ort.czi,old,pomc,upper
62,319.0,20.836990595611287,6647.0,B465_ARC _C3_slice4-Ort.czi,old,pomc,upper
63,1.0,22.0,22.0,B465_ARC _C3_slice4-Ort.czi,old,pomc,upper
64,4.0,22.75,91.0,B465_ARC _C3_slice4-Ort.czi,old,pomc,upper
65,94.0,21.47872340425532,2019.0,B465_ARC _C3_slice4-Ort.czi,old,pomc,upper
66,28.0,17.964285714285715,503.0,B465_ARC _C3_slice4-Ort.czi,old,pomc,upper
67,36.0,21.86111111111111,787.0,B465_ARC _C3_slice4-Ort.czi,old,pomc,upper
68,1.0,34.0,34.0,B465_ARC _C3_slice4-Ort.czi,old,pomc,upper
69,1.0,34.0,34.0,B465_ARC _C3_slice4-Ort.czi,old,pomc,upper
70,161.0,22.925465838509318,3691.0,B465_ARC _C3_slice4-Ort.czi,old,pomc,upper
71,15.0,26.2,393.0,B465_ARC _C3_slice4-Ort.czi,old,pomc,upper
72,431.0,20.645011600928076,8898.0,B465_ARC _C3_slice4-Ort.czi,old,pomc,upper
73,7.0,21.285714285714285,149.0,B465_ARC _C3_slice4-Ort.czi,old,pomc,upper
74,189.0,21.285714285714285,4023.0,B465_ARC _C3_slice4-Ort.czi,old,pomc,upper
75,6.0,23.666666666666668,142.0,B465_ARC _C3_slice4-Ort.czi,old,pomc,upper
76,61.0,24.21311475409836,1477.0,B465_ARC _C3_slice4-Ort.czi,old,pomc,upper
77,1.0,11.0,11.0,B465_ARC _C3_slice4-Ort.czi,old,pomc,upper
78,13.0,23.307692307692307,303.0,B465_ARC _C3_slice4-Ort.czi,old,pomc,upper
79,84.0,21.976190476190474,1845.9999999999998,B465_ARC _C3_slice4-Ort.czi,old,pomc,upper
80,81.0,20.419753086419753,1654.0,B465_ARC _C3_slice4-Ort.czi,old,pomc,upper
81,1.0,21.0,21.0,B465_ARC _C3_slice4-Ort.czi,old,pomc,upper
82,41.0,20.024390243902438,821.0,B465_ARC _C3_slice4-Ort.czi,old,pomc,upper
83,3.0,20.333333333333332,61.0,B465_ARC _C3_slice4-Ort.czi,old,pomc,upper
84,12.0,20.333333333333332,244.0,B465_ARC _C3_slice4-Ort.czi,old,pomc,upper
85,78.0,19.96153846153846,1556.9999999999998,B465_ARC _C3_slice4-Ort.czi,old,pomc,upper
86,529.0,22.391304347826086,11845.0,B465_ARC _C3_slice4-Ort.czi,old,pomc,upper
87,167.0,21.934131736526947,3663.0,B465_ARC _C3_slice4-Ort.czi,old,pomc,upper
88,3.0,21.333333333333332,64.0,B465_ARC _C3_slice4-Ort.czi,old,pomc,upper
89,1.0,21.0,21.0,B465_ARC _C3_slice4-Ort.czi,old,pomc,upper
90,29.0,25.96551724137931,753.0,B465_ARC _C3_slice4-Ort.czi,old,pomc,upper
91,2.0,17.0,34.0,B465_ARC _C3_slice4-Ort.czi,old,pomc,upper
92,15.0,27.6,414.0,B465_ARC _C3_slice4-Ort.czi,old,pomc,upper
93,645.0,21.023255813953487,13559.999999999998,B465_ARC _C3_slice4-Ort.czi,old,pomc,upper
94,91.0,22.065934065934066,2008.0,B465_ARC _C3_slice4-Ort.czi,old,pomc,upper
95,1631.0,20.110361741263027,32800.0,B465_ARC _C3_slice4-Ort.czi,old,pomc,upper
96,1.0,15.0,15.0,B465_ARC _C3_slice4-Ort.czi,old,pomc,upper
97,134.0,20.753731343283583,2781.0,B465_ARC _C3_slice4-Ort.czi,old,pomc,upper
98,16.0,22.4375,359.0,B465_ARC _C3_slice4-Ort.czi,old,pomc,upper
99,217.0,21.276497695852534,4617.0,B465_ARC _C3_slice4-Ort.czi,old,pomc,upper
100,1.0,21.0,21.0,B465_ARC _C3_slice4-Ort.czi,old,pomc,upper
101,4.0,19.5,78.0,B465_ARC _C3_slice4-Ort.czi,old,pomc,upper
102,4.0,31.25,125.0,B465_ARC _C3_slice4-Ort.czi,old,pomc,upper
103,1.0,25.0,25.0,B465_ARC _C3_slice4-Ort.czi,old,pomc,upper
104,10.0,25.4,254.0,B465_ARC _C3_slice4-Ort.czi,old,pomc,upper
105,72.0,21.02777777777778,1514.0,B465_ARC _C3_slice4-Ort.czi,old,pomc,upper
106,22.0,29.727272727272727,654.0,B465_ARC _C3_slice4-Ort.czi,old,pomc,upper
107,3.0,34.666666666666664,104.0,B465_ARC _C3_slice4-Ort.czi,old,pomc,upper
108,61.0,28.62295081967213,1746.0,B465_ARC _C3_slice4-Ort.czi,old,pomc,upper
109,1.0,15.0,15.0,B465_ARC _C3_slice4-Ort.czi,old,pomc,upper
110,962.0,19.674636174636174,18927.0,B465_ARC _C3_slice4-Ort.czi,old,pomc,upper
111,1.0,34.0,34.0,B465_ARC _C3_slice4-Ort.czi,old,pomc,upper
112,23.0,30.347826086956523,698.0,B465_ARC _C3_slice4-Ort.czi,old,pomc,upper
113,2.0,51.5,103.0,B465_ARC _C3_slice4-Ort.czi,old,pomc,upper
114,1.0,17.0,17.0,B465_ARC _C3_slice4-Ort.czi,old,pomc,upper
115,1.0,12.0,12.0,B465_ARC _C3_slice4-Ort.czi,old,pomc,upper
116,33.0,20.21212121212121,667.0,B465_ARC _C3_slice4-Ort.czi,old,pomc,upper
117,3.0,33.666666666666664,101.0,B465_ARC _C3_slice4-Ort.czi,old,pomc,upper
118,15.0,20.466666666666665,307.0,B465_ARC _C3_slice4-Ort.czi,old,pomc,upper
119,86.0,20.023255813953487,1721.9999999999998,B465_ARC _C3_slice4-Ort.czi,old,pomc,upper
120,287.0,18.66898954703833,5358.000000000001,B465_ARC _C3_slice4-Ort.czi,old,pomc,upper
121,49.0,24.612244897959183,1206.0,B465_ARC _C3_slice4-Ort.czi,old,pomc,upper
122,3.0,17.0,51.0,B465_ARC _C3_slice4-Ort.czi,old,pomc,upper
123,18.0,24.944444444444443,449.0,B465_ARC _C3_slice4-Ort.czi,old,pomc,upper
124,139.0,19.446043165467625,2703.0,B465_ARC _C3_slice4-Ort.czi,old,pomc,upper
125,57.0,24.157894736842106,1377.0,B465_ARC _C3_slice4-Ort.czi,old,pomc,upper
126,1.0,19.0,19.0,B465_ARC _C3_slice4-Ort.czi,old,pomc,upper
127,7.0,20.0,140.0,B465_ARC _C3_slice4-Ort.czi,old,pomc,upper
128,44.0,27.431818181818183,1207.0,B465_ARC _C3_slice4-Ort.czi,old,pomc,upper
129,31.0,23.64516129032258,733.0,B465_ARC _C3_slice4-Ort.czi,old,pomc,upper
130,67.0,23.08955223880597,1547.0,B465_ARC _C3_slice4-Ort.czi,old,pomc,upper
131,25.0,19.32,483.0,B465_ARC _C3_slice4-Ort.czi,old,pomc,upper
132,4.0,19.0,76.0,B465_ARC _C3_slice4-Ort.czi,old,pomc,upper
133,4.0,30.25,121.0,B465_ARC _C3_slice4-Ort.czi,old,pomc,upper
134,55.0,33.36363636363637,1835.0000000000002,B465_ARC _C3_slice4-Ort.czi,old,pomc,upper
135,26.0,26.076923076923077,678.0,B465_ARC _C3_slice4-Ort.czi,old,pomc,upper
136,22.0,18.045454545454547,397.0,B465_ARC _C3_slice4-Ort.czi,old,pomc,upper
137,17.0,22.235294117647058,378.0,B465_ARC _C3_slice4-Ort.czi,old,pomc,upper
138,30.0,17.7,531.0,B465_ARC _C3_slice4-Ort.czi,old,pomc,upper
139,76.0,22.657894736842106,1722.0,B465_ARC _C3_slice4-Ort.czi,old,pomc,upper
140,33.0,24.818181818181817,819.0,B465_ARC _C3_slice4-Ort.czi,old,pomc,upper
141,12.0,25.833333333333332,310.0,B465_ARC _C3_slice4-Ort.czi,old,pomc,upper
142,39.0,27.58974358974359,1076.0,B465_ARC _C3_slice4-Ort.czi,old,pomc,upper
143,89.0,19.348314606741575,1722.0000000000002,B465_ARC _C3_slice4-Ort.czi,old,pomc,upper
144,17.0,19.58823529411765,333.0,B465_ARC _C3_slice4-Ort.czi,old,pomc,upper
145,2.0,20.5,41.0,B465_ARC _C3_slice4-Ort.czi,old,pomc,upper
146,26.0,24.192307692307693,629.0,B465_ARC _C3_slice4-Ort.czi,old,pomc,upper
147,21.0,27.666666666666668,581.0,B465_ARC _C3_slice4-Ort.czi,old,pomc,upper
148,8.0,15.5,124.0,B465_ARC _C3_slice4-Ort.czi,old,pomc,upper
149,59.0,25.83050847457627,1524.0,B465_ARC _C3_slice4-Ort.czi,old,pomc,upper
150,68.0,20.66176470588235,1405.0,B465_ARC _C3_slice4-Ort.czi,old,pomc,upper
151,17.0,21.470588235294116,365.0,B465_ARC _C3_slice4-Ort.czi,old,pomc,upper
152,5.0,27.6,138.0,B465_ARC _C3_slice4-Ort.czi,old,pomc,upper
153,1.0,40.0,40.0,B465_ARC _C3_slice4-Ort.czi,old,pomc,upper
154,148.0,23.033783783783782,3409.0,B465_ARC _C3_slice4-Ort.czi,old,pomc,upper
155,6.0,35.5,213.0,B465_ARC _C3_slice4-Ort.czi,old,pomc,upper
156,3.0,51.0,153.0,B465_ARC _C3_slice4-Ort.czi,old,pomc,upper
157,35.0,22.485714285714284,786.9999999999999,B465_ARC _C3_slice4-Ort.czi,old,pomc,upper
158,1293.0,19.629543696829078,25380.999999999996,B465_ARC _C3_slice4-Ort.czi,old,pomc,upper
159,15.0,20.933333333333334,314.0,B465_ARC _C3_slice4-Ort.czi,old,pomc,upper
160,57.0,31.789473684210527,1812.0,B465_ARC _C3_slice4-Ort.czi,old,pomc,upper
161,31.0,22.06451612903226,684.0,B465_ARC _C3_slice4-Ort.czi,old,pomc,upper
162,28.0,20.928571428571427,586.0,B465_ARC _C3_slice4-Ort.czi,old,pomc,upper
163,1.0,33.0,33.0,B465_ARC _C3_slice4-Ort.czi,old,pomc,upper
164,1.0,8.0,8.0,B465_ARC _C3_slice4-Ort.czi,old,pomc,upper
165,24.0,20.458333333333332,491.0,B465_ARC _C3_slice4-Ort.czi,old,pomc,upper
166,14.0,27.142857142857142,380.0,B465_ARC _C3_slice4-Ort.czi,old,pomc,upper
167,41.0,22.21951219512195,911.0,B465_ARC _C3_slice4-Ort.czi,old,pomc,upper
168,82.0,20.829268292682926,1708.0,B465_ARC _C3_slice4-Ort.czi,old,pomc,upper
169,284.0,20.369718309859156,5785.0,B465_ARC _C3_slice4-Ort.czi,old,pomc,upper
170,74.0,22.72972972972973,1682.0,B465_ARC _C3_slice4-Ort.czi,old,pomc,upper
171,82.0,20.524390243902438,1683.0,B465_ARC _C3_slice4-Ort.czi,old,pomc,upper
172,12.0,19.25,231.0,B465_ARC _C3_slice4-Ort.czi,old,pomc,upper
173,30.0,23.766666666666666,713.0,B465_ARC _C3_slice4-Ort.czi,old,pomc,upper
174,1.0,11.0,11.0,B465_ARC _C3_slice4-Ort.czi,old,pomc,upper
175,5.0,20.0,100.0,B465_ARC _C3_slice4-Ort.czi,old,pomc,upper
176,17.0,30.647058823529413,521.0,B465_ARC _C3_slice4-Ort.czi,old,pomc,upper
177,3.0,28.0,84.0,B465_ARC _C3_slice4-Ort.czi,old,pomc,upper
178,182.0,20.67032967032967,3762.0,B465_ARC _C3_slice4-Ort.czi,old,pomc,upper
179,31.0,24.193548387096776,750.0,B465_ARC _C3_slice4-Ort.czi,old,pomc,upper
180,45.0,21.57777777777778,971.0000000000001,B465_ARC _C3_slice4-Ort.czi,old,pomc,upper
181,13.0,25.384615384615383,330.0,B465_ARC _C3_slice4-Ort.czi,old,pomc,upper
182,1.0,27.0,27.0,B465_ARC _C3_slice4-Ort.czi,old,pomc,upper
183,26.0,22.615384615384617,588.0,B465_ARC _C3_slice4-Ort.czi,old,pomc,upper
184,8.0,15.5,124.0,B465_ARC _C3_slice4-Ort.czi,old,pomc,upper
185,11.0,17.272727272727273,190.0,B465_ARC _C3_slice4-Ort.czi,old,pomc,upper
186,43.0,19.58139534883721,842.0,B465_ARC _C3_slice4-Ort.czi,old,pomc,upper
187,4847.0,19.430369300598308,94179.0,B465_ARC _C3_slice4-Ort.czi,old,pomc,upper
188,110.0,26.4,2904.0,B465_ARC _C3_slice4-Ort.czi,old,pomc,upper
189,21.0,21.095238095238095,443.0,B465_ARC _C3_slice4-Ort.czi,old,pomc,upper
190,2.0,30.5,61.0,B465_ARC _C3_slice4-Ort.czi,old,pomc,upper
191,81.0,24.987654320987655,2024.0,B465_ARC _C3_slice4-Ort.czi,old,pomc,upper
192,2.0,12.5,25.0,B465_ARC _C3_slice4-Ort.czi,old,pomc,upper
193,36.0,26.555555555555557,956.0,B465_ARC _C3_slice4-Ort.czi,old,pomc,upper
194,4.0,18.75,75.0,B465_ARC _C3_slice4-Ort.czi,old,pomc,upper
195,18.0,20.27777777777778,365.0,B465_ARC _C3_slice4-Ort.czi,old,pomc,upper
196,7.0,25.0,175.0,B465_ARC _C3_slice4-Ort.czi,old,pomc,upper
197,15.0,22.266666666666666,334.0,B465_ARC _C3_slice4-Ort.czi,old,pomc,upper
198,40.0,21.275,851.0,B465_ARC _C3_slice4-Ort.czi,old,pomc,upper
199,2.0,23.5,47.0,B465_ARC _C3_slice4-Ort.czi,old,pomc,upper
200,26.0,20.46153846153846,532.0,B465_ARC _C3_slice4-Ort.czi,old,pomc,upper
201,393.0,21.857506361323153,8590.0,B465_ARC _C3_slice4-Ort.czi,old,pomc,upper
202,51.0,21.54901960784314,1099.0,B465_ARC _C3_slice4-Ort.czi,old,pomc,upper
203,21.0,22.952380952380953,482.0,B465_ARC _C3_slice4-Ort.czi,old,pomc,upper
204,9.0,23.0,207.0,B465_ARC _C3_slice4-Ort.czi,old,pomc,upper
205,40.0,21.4,856.0,B465_ARC _C3_slice4-Ort.czi,old,pomc,upper
206,4364.0,19.92988084326306,86974.0,B465_ARC _C3_slice4-Ort.czi,old,pomc,upper
207,29.0,24.20689655172414,702.0,B465_ARC _C3_slice4-Ort.czi,old,pomc,upper
208,6.0,22.833333333333332,137.0,B465_ARC _C3_slice4-Ort.czi,old,pomc,upper
209,23.0,24.782608695652176,570.0,B465_ARC _C3_slice4-Ort.czi,old,pomc,upper
210,23.0,26.782608695652176,616.0,B465_ARC _C3_slice4-Ort.czi,old,pomc,upper
211,46.0,22.347826086956523,1028.0,B465_ARC _C3_slice4-Ort.czi,old,pomc,upper
212,1.0,23.0,23.0,B465_ARC _C3_slice4-Ort.czi,old,pomc,upper
213,25.0,30.0,750.0,B465_ARC _C3_slice4-Ort.czi,old,pomc,upper
214,30.0,19.833333333333332,595.0,B465_ARC _C3_slice4-Ort.czi,old,pomc,upper
215,36.0,18.77777777777778,676.0,B465_ARC _C3_slice4-Ort.czi,old,pomc,upper
216,30.0,20.233333333333334,607.0,B465_ARC _C3_slice4-Ort.czi,old,pomc,upper
217,44.0,17.15909090909091,755.0,B465_ARC _C3_slice4-Ort.czi,old,pomc,upper
218,20.0,33.55,671.0,B465_ARC _C3_slice4-Ort.czi,old,pomc,upper
219,4.0,29.0,116.0,B465_ARC _C3_slice4-Ort.czi,old,pomc,upper
220,14.0,25.214285714285715,353.0,B465_ARC _C3_slice4-Ort.czi,old,pomc,upper
221,17.0,23.235294117647058,395.0,B465_ARC _C3_slice4-Ort.czi,old,pomc,upper
222,18.0,37.05555555555556,667.0,B465_ARC _C3_slice4-Ort.czi,old,pomc,upper
223,10.0,18.2,182.0,B465_ARC _C3_slice4-Ort.czi,old,pomc,upper
224,51.0,23.607843137254903,1204.0,B465_ARC _C3_slice4-Ort.czi,old,pomc,upper
225,6.0,22.833333333333332,137.0,B465_ARC _C3_slice4-Ort.czi,old,pomc,upper
226,11.0,27.09090909090909,298.0,B465_ARC _C3_slice4-Ort.czi,old,pomc,upper
227,18.0,18.833333333333332,339.0,B465_ARC _C3_slice4-Ort.czi,old,pomc,upper
228,266.0,20.112781954887218,5350.0,B465_ARC _C3_slice4-Ort.czi,old,pomc,upper
229,99.0,20.616161616161616,2041.0,B465_ARC _C3_slice4-Ort.czi,old,pomc,upper
230,11.0,21.272727272727273,234.0,B465_ARC _C3_slice4-Ort.czi,old,pomc,upper
231,32.0,23.09375,739.0,B465_ARC _C3_slice4-Ort.czi,old,pomc,upper
232,17.0,20.941176470588236,356.0,B465_ARC _C3_slice4-Ort.czi,old,pomc,upper
233,3.0,15.666666666666666,47.0,B465_ARC _C3_slice4-Ort.czi,old,pomc,upper
234,2025.0,20.382716049382715,41275.0,B465_ARC _C3_slice4-Ort.czi,old,pomc,upper
235,22.0,21.045454545454547,463.0,B465_ARC _C3_slice4-Ort.czi,old,pomc,upper
236,4.0,16.0,64.0,B465_ARC _C3_slice4-Ort.czi,old,pomc,upper
237,36.0,18.055555555555557,650.0,B465_ARC _C3_slice4-Ort.czi,old,pomc,upper
238,1.0,13.0,13.0,B465_ARC _C3_slice4-Ort.czi,old,pomc,upper
239,10.0,18.1,181.0,B465_ARC _C3_slice4-Ort.czi,old,pomc,upper
240,9.0,23.333333333333332,210.0,B465_ARC _C3_slice4-Ort.czi,old,pomc,upper
241,49.0,28.387755102040817,1391.0,B465_ARC _C3_slice4-Ort.czi,old,pomc,upper
242,19.0,23.789473684210527,452.0,B465_ARC _C3_slice4-Ort.czi,old,pomc,upper
243,16.0,26.375,422.0,B465_ARC _C3_slice4-Ort.czi,old,pomc,upper
244,19.0,19.736842105263158,375.0,B465_ARC _C3_slice4-Ort.czi,old,pomc,upper
245,10.0,36.2,362.0,B465_ARC _C3_slice4-Ort.czi,old,pomc,upper
246,1.0,10.0,10.0,B465_ARC _C3_slice4-Ort.czi,old,pomc,upper
247,29.0,41.206896551724135,1195.0,B465_ARC _C3_slice4-Ort.czi,old,pomc,upper
248,17.0,23.529411764705884,400.0,B465_ARC _C3_slice4-Ort.czi,old,pomc,upper
249,10.0,32.5,325.0,B465_ARC _C3_slice4-Ort.czi,old,pomc,upper
250,2.0,32.5,65.0,B465_ARC _C3_slice4-Ort.czi,old,pomc,upper
251,35.0,26.228571428571428,918.0,B465_ARC _C3_slice4-Ort.czi,old,pomc,upper
252,44.0,20.75,913.0,B465_ARC _C3_slice4-Ort.czi,old,pomc,upper
253,50.0,18.56,927.9999999999999,B465_ARC _C3_slice4-Ort.czi,old,pomc,upper
254,27.0,22.40740740740741,605.0,B465_ARC _C3_slice4-Ort.czi,old,pomc,upper
255,71.0,21.619718309859156,1535.0,B465_ARC _C3_slice4-Ort.czi,old,pomc,upper
256,1.0,16.0,16.0,B465_ARC _C3_slice4-Ort.czi,old,pomc,upper
257,3.0,25.0,75.0,B465_ARC _C3_slice4-Ort.czi,old,pomc,upper
258,24.0,29.791666666666668,715.0,B465_ARC _C3_slice4-Ort.czi,old,pomc,upper
259,138.0,21.76086956521739,3003.0,B465_ARC _C3_slice4-Ort.czi,old,pomc,upper
260,25.0,24.88,622.0,B465_ARC _C3_slice4-Ort.czi,old,pomc,upper
261,38.0,29.605263157894736,1125.0,B465_ARC _C3_slice4-Ort.czi,old,pomc,upper
262,79.0,19.189873417721518,1516.0,B465_ARC _C3_slice4-Ort.czi,old,pomc,upper
263,39.0,23.512820512820515,917.0000000000001,B465_ARC _C3_slice4-Ort.czi,old,pomc,upper
264,1.0,24.0,24.0,B465_ARC _C3_slice4-Ort.czi,old,pomc,upper
265,16.0,20.8125,333.0,B465_ARC _C3_slice4-Ort.czi,old,pomc,upper
266,4.0,22.75,91.0,B465_ARC _C3_slice4-Ort.czi,old,pomc,upper
267,2.0,22.0,44.0,B465_ARC _C3_slice4-Ort.czi,old,pomc,upper
268,6.0,21.333333333333332,128.0,B465_ARC _C3_slice4-Ort.czi,old,pomc,upper
269,69.0,22.44927536231884,1549.0,B465_ARC _C3_slice4-Ort.czi,old,pomc,upper
270,5.0,16.8,84.0,B465_ARC _C3_slice4-Ort.czi,old,pomc,upper
271,13.0,25.153846153846153,327.0,B465_ARC _C3_slice4-Ort.czi,old,pomc,upper
272,11.0,17.272727272727273,190.0,B465_ARC _C3_slice4-Ort.czi,old,pomc,upper
273,25.0,17.4,434.99999999999994,B465_ARC _C3_slice4-Ort.czi,old,pomc,upper
274,398.0,20.065326633165828,7985.999999999999,B465_ARC _C3_slice4-Ort.czi,old,pomc,upper
275,1.0,29.0,29.0,B465_ARC _C3_slice4-Ort.czi,old,pomc,upper
276,1.0,10.0,10.0,B465_ARC _C3_slice4-Ort.czi,old,pomc,upper
277,25.0,36.88,922.0000000000001,B465_ARC _C3_slice4-Ort.czi,old,pomc,upper
278,13.0,20.307692307692307,264.0,B465_ARC _C3_slice4-Ort.czi,old,pomc,upper
279,43.0,24.186046511627907,1040.0,B465_ARC _C3_slice4-Ort.czi,old,pomc,upper
280,140.0,24.985714285714284,3497.9999999999995,B465_ARC _C3_slice4-Ort.czi,old,pomc,upper
281,6.0,16.333333333333332,98.0,B465_ARC _C3_slice4-Ort.czi,old,pomc,upper
282,7.0,27.571428571428573,193.0,B465_ARC _C3_slice4-Ort.czi,old,pomc,upper
283,1.0,12.0,12.0,B465_ARC _C3_slice4-Ort.czi,old,pomc,upper
284,4.0,33.5,134.0,B465_ARC _C3_slice4-Ort.czi,old,pomc,upper
285,36.0,23.583333333333332,849.0,B465_ARC _C3_slice4-Ort.czi,old,pomc,upper
286,4239.0,19.058268459542344,80788.0,B465_ARC _C3_slice4-Ort.czi,old,pomc,upper
287,831.0,22.70878459687124,18871.0,B465_ARC _C3_slice4-Ort.czi,old,pomc,upper
288,11.0,21.90909090909091,241.0,B465_ARC _C3_slice4-Ort.czi,old,pomc,upper
289,15.0,23.4,351.0,B465_ARC _C3_slice4-Ort.czi,old,pomc,upper
290,42.0,20.952380952380953,880.0,B465_ARC _C3_slice4-Ort.czi,old,pomc,upper
291,83.0,25.57831325301205,2123.0,B465_ARC _C3_slice4-Ort.czi,old,pomc,upper
292,137.0,22.386861313868614,3067.0,B465_ARC _C3_slice4-Ort.czi,old,pomc,upper
293,88.0,18.681818181818183,1644.0000000000002,B465_ARC _C3_slice4-Ort.czi,old,pomc,upper
294,198.0,21.661616161616163,4289.0,B465_ARC _C3_slice4-Ort.czi,old,pomc,upper
295,29.0,20.137931034482758,584.0,B465_ARC _C3_slice4-Ort.czi,old,pomc,upper
296,2.0,19.0,38.0,B465_ARC _C3_slice4-Ort.czi,old,pomc,upper
297,15.0,18.733333333333334,281.0,B465_ARC _C3_slice4-Ort.czi,old,pomc,upper
298,6.0,22.666666666666668,136.0,B465_ARC _C3_slice4-Ort.czi,old,pomc,upper
299,106.0,22.339622641509433,2368.0,B465_ARC _C3_slice4-Ort.czi,old,pomc,upper
300,58.0,24.53448275862069,1423.0,B465_ARC _C3_slice4-Ort.czi,old,pomc,upper
301,1.0,19.0,19.0,B465_ARC _C3_slice4-Ort.czi,old,pomc,upper
302,64.0,19.03125,1218.0,B465_ARC _C3_slice4-Ort.czi,old,pomc,upper
303,4.0,19.5,78.0,B465_ARC _C3_slice4-Ort.czi,old,pomc,upper
304,38.0,20.157894736842106,766.0,B465_ARC _C3_slice4-Ort.czi,old,pomc,upper
305,1.0,23.0,23.0,B465_ARC _C3_slice4-Ort.czi,old,pomc,upper
306,27.0,19.11111111111111,516.0,B465_ARC _C3_slice4-Ort.czi,old,pomc,upper
307,50.0,20.12,1006.0,B465_ARC _C3_slice4-Ort.czi,old,pomc,upper
308,117.0,21.53846153846154,2520.0,B465_ARC _C3_slice4-Ort.czi,old,pomc,upper
309,16.0,27.5625,441.0,B465_ARC _C3_slice4-Ort.czi,old,pomc,upper
310,11.0,17.0,187.0,B465_ARC _C3_slice4-Ort.czi,old,pomc,upper
311,1.0,19.0,19.0,B465_ARC _C3_slice4-Ort.czi,old,pomc,upper
312,1.0,17.0,17.0,B465_ARC _C3_slice4-Ort.czi,old,pomc,upper
313,1.0,21.0,21.0,B465_ARC _C3_slice4-Ort.czi,old,pomc,upper
314,55.0,20.472727272727273,1126.0,B465_ARC _C3_slice4-Ort.czi,old,pomc,upper
315,55.0,26.581818181818182,1462.0,B465_ARC _C3_slice4-Ort.czi,old,pomc,upper
316,28.0,26.75,749.0,B465_ARC _C3_slice4-Ort.czi,old,pomc,upper
317,16.0,16.5625,265.0,B465_ARC _C3_slice4-Ort.czi,old,pomc,upper
318,135.0,20.103703703703705,2714.0,B465_ARC _C3_slice4-Ort.czi,old,pomc,upper
319,258.0,24.124031007751938,6224.0,B465_ARC _C3_slice4-Ort.czi,old,pomc,upper
320,1.0,15.0,15.0,B465_ARC _C3_slice4-Ort.czi,old,pomc,upper
321,27.0,22.333333333333332,603.0,B465_ARC _C3_slice4-Ort.czi,old,pomc,upper
322,1.0,18.0,18.0,B465_ARC _C3_slice4-Ort.czi,old,pomc,upper
323,169.0,22.08284023668639,3732.0,B465_ARC _C3_slice4-Ort.czi,old,pomc,upper
324,1.0,34.0,34.0,B465_ARC _C3_slice4-Ort.czi,old,pomc,upper
325,2.0,17.0,34.0,B465_ARC _C3_slice4-Ort.czi,old,pomc,upper
326,6.0,23.5,141.0,B465_ARC _C3_slice4-Ort.czi,old,pomc,upper
327,91.0,28.681318681318682,2610.0,B465_ARC _C3_slice4-Ort.czi,old,pomc,upper
328,1.0,10.0,10.0,B465_ARC _C3_slice4-Ort.czi,old,pomc,upper
329,28.0,22.678571428571427,635.0,B465_ARC _C3_slice4-Ort.czi,old,pomc,upper
330,192.0,24.302083333333332,4666.0,B465_ARC _C3_slice4-Ort.czi,old,pomc,upper
331,25.0,17.72,443.0,B465_ARC _C3_slice4-Ort.czi,old,pomc,upper
332,78.0,25.935897435897434,2022.9999999999998,B465_ARC _C3_slice4-Ort.czi,old,pomc,upper
333,4.0,30.25,121.0,B465_ARC _C3_slice4-Ort.czi,old,pomc,upper
334,10.0,56.8,568.0,B465_ARC _C3_slice4-Ort.czi,old,pomc,upper
335,36.0,22.0,792.0,B465_ARC _C3_slice4-Ort.czi,old,pomc,upper
336,113.0,20.79646017699115,2350.0,B465_ARC _C3_slice4-Ort.czi,old,pomc,upper
337,1.0,19.0,19.0,B465_ARC _C3_slice4-Ort.czi,old,pomc,upper
338,46.0,28.108695652173914,1293.0,B465_ARC _C3_slice4-Ort.czi,old,pomc,upper
339,40.0,20.85,834.0,B465_ARC _C3_slice4-Ort.czi,old,pomc,upper
340,15.0,18.466666666666665,277.0,B465_ARC _C3_slice4-Ort.czi,old,pomc,upper
341,16.0,21.375,342.0,B465_ARC _C3_slice4-Ort.czi,old,pomc,upper
342,432.0,24.002314814814813,10369.0,B465_ARC _C3_slice4-Ort.czi,old,pomc,upper
343,225.0,22.524444444444445,5068.0,B465_ARC _C3_slice4-Ort.czi,old,pomc,upper
344,105.0,23.63809523809524,2482.0,B465_ARC _C3_slice4-Ort.czi,old,pomc,upper
345,38.0,23.05263157894737,876.0,B465_ARC _C3_slice4-Ort.czi,old,pomc,upper
346,5.0,15.8,79.0,B465_ARC _C3_slice4-Ort.czi,old,pomc,upper
347,1.0,23.0,23.0,B465_ARC _C3_slice4-Ort.czi,old,pomc,upper
348,20.0,20.8,416.0,B465_ARC _C3_slice4-Ort.czi,old,pomc,upper
349,1.0,11.0,11.0,B465_ARC _C3_slice4-Ort.czi,old,pomc,upper
350,3.0,28.666666666666668,86.0,B465_ARC _C3_slice4-Ort.czi,old,pomc,upper
351,5.0,21.2,106.0,B465_ARC _C3_slice4-Ort.czi,old,pomc,upper
352,107.0,22.242990654205606,2380.0,B465_ARC _C3_slice4-Ort.czi,old,pomc,upper
353,36.0,24.22222222222222,872.0,B465_ARC _C3_slice4-Ort.czi,old,pomc,upper
354,35.0,25.885714285714286,906.0,B465_ARC _C3_slice4-Ort.czi,old,pomc,upper
355,32.0,20.125,644.0,B465_ARC _C3_slice4-Ort.czi,old,pomc,upper
356,43.0,24.325581395348838,1046.0,B465_ARC _C3_slice4-Ort.czi,old,pomc,upper
357,13.0,28.307692307692307,368.0,B465_ARC _C3_slice4-Ort.czi,old,pomc,upper
358,201.0,21.497512437810947,4321.0,B465_ARC _C3_slice4-Ort.czi,old,pomc,upper
359,2.0,21.0,42.0,B465_ARC _C3_slice4-Ort.czi,old,pomc,upper
360,46.0,29.152173913043477,1341.0,B465_ARC _C3_slice4-Ort.czi,old,pomc,upper
361,16.0,35.5,568.0,B465_ARC _C3_slice4-Ort.czi,old,pomc,upper
362,121.0,22.834710743801654,2763.0,B465_ARC _C3_slice4-Ort.czi,old,pomc,upper
363,101.0,23.524752475247524,2376.0,B465_ARC _C3_slice4-Ort.czi,old,pomc,upper
364,7.0,22.714285714285715,159.0,B465_ARC _C3_slice4-Ort.czi,old,pomc,upper
365,9.0,19.555555555555557,176.0,B465_ARC _C3_slice4-Ort.czi,old,pomc,upper
366,1.0,30.0,30.0,B465_ARC _C3_slice4-Ort.czi,old,pomc,upper
367,1.0,14.0,14.0,B465_ARC _C3_slice4-Ort.czi,old,pomc,upper
368,3.0,15.333333333333334,46.0,B465_ARC _C3_slice4-Ort.czi,old,pomc,upper
369,5.0,25.6,128.0,B465_ARC _C3_slice4-Ort.czi,old,pomc,upper
370,88.0,22.852272727272727,2011.0,B465_ARC _C3_slice4-Ort.czi,old,pomc,upper
371,9.0,26.333333333333332,237.0,B465_ARC _C3_slice4-Ort.czi,old,pomc,upper
372,29.0,31.586206896551722,916.0,B465_ARC _C3_slice4-Ort.czi,old,pomc,upper
373,17.0,39.76470588235294,676.0,B465_ARC _C3_slice4-Ort.czi,old,pomc,upper
374,77.0,22.5974025974026,1740.0000000000002,B465_ARC _C3_slice4-Ort.czi,old,pomc,upper
375,51.0,24.901960784313726,1270.0,B465_ARC _C3_slice4-Ort.czi,old,pomc,upper
376,13.0,24.923076923076923,324.0,B465_ARC _C3_slice4-Ort.czi,old,pomc,upper
377,39.0,20.923076923076923,816.0,B465_ARC _C3_slice4-Ort.czi,old,pomc,upper
378,15.0,25.333333333333332,380.0,B465_ARC _C3_slice4-Ort.czi,old,pomc,upper
379,51.0,27.254901960784313,1390.0,B465_ARC _C3_slice4-Ort.czi,old,pomc,upper
380,1.0,14.0,14.0,B465_ARC _C3_slice4-Ort.czi,old,pomc,upper
381,91.0,26.703296703296704,2430.0,B465_ARC _C3_slice4-Ort.czi,old,pomc,upper
382,20.0,21.4,428.0,B465_ARC _C3_slice4-Ort.czi,old,pomc,upper
383,3.0,23.333333333333332,70.0,B465_ARC _C3_slice4-Ort.czi,old,pomc,upper
384,44.0,25.09090909090909,1104.0,B465_ARC _C3_slice4-Ort.czi,old,pomc,upper
385,8.0,48.625,389.0,B465_ARC _C3_slice4-Ort.czi,old,pomc,upper
386,8.0,21.375,171.0,B465_ARC _C3_slice4-Ort.czi,old,pomc,upper
387,92.0,20.869565217391305,1920.0,B465_ARC _C3_slice4-Ort.czi,old,pomc,upper
388,1.0,27.0,27.0,B465_ARC _C3_slice4-Ort.czi,old,pomc,upper
389,26.0,20.692307692307693,538.0,B465_ARC _C3_slice4-Ort.czi,old,pomc,upper
390,1.0,21.0,21.0,B465_ARC _C3_slice4-Ort.czi,old,pomc,upper
391,1.0,34.0,34.0,B465_ARC _C3_slice4-Ort.czi,old,pomc,upper
392,35.0,27.485714285714284,961.9999999999999,B465_ARC _C3_slice4-Ort.czi,old,pomc,upper
393,9.0,21.11111111111111,190.0,B465_ARC _C3_slice4-Ort.czi,old,pomc,upper
394,155.0,20.83225806451613,3229.0,B465_ARC _C3_slice4-Ort.czi,old,pomc,upper
395,1.0,7.0,7.0,B465_ARC _C3_slice4-Ort.czi,old,pomc,upper
396,64.0,25.109375,1607.0,B465_ARC _C3_slice4-Ort.czi,old,pomc,upper
397,1.0,29.0,29.0,B465_ARC _C3_slice4-Ort.czi,old,pomc,upper
398,2548.0,19.77668759811617,50391.0,B465_ARC _C3_slice4-Ort.czi,old,pomc,upper
399,29.0,29.03448275862069,842.0,B465_ARC _C3_slice4-Ort.czi,old,pomc,upper
400,39.0,19.28205128205128,752.0,B465_ARC _C3_slice4-Ort.czi,old,pomc,upper
401,8.0,21.5,172.0,B465_ARC _C3_slice4-Ort.czi,old,pomc,upper
402,13.0,21.46153846153846,279.0,B465_ARC _C3_slice4-Ort.czi,old,pomc,upper
403,63.0,32.41269841269841,2042.0,B465_ARC _C3_slice4-Ort.czi,old,pomc,upper
404,12.0,27.583333333333332,331.0,B465_ARC _C3_slice4-Ort.czi,old,pomc,upper
405,18.0,29.555555555555557,532.0,B465_ARC _C3_slice4-Ort.czi,old,pomc,upper
406,2.0,24.5,49.0,B465_ARC _C3_slice4-Ort.czi,old,pomc,upper
407,4811.0,20.009561421741843,96266.0,B465_ARC _C3_slice4-Ort.czi,old,pomc,upper
408,64.0,23.109375,1479.0,B465_ARC _C3_slice4-Ort.czi,old,pomc,upper
409,1.0,14.0,14.0,B465_ARC _C3_slice4-Ort.czi,old,pomc,upper
410,9.0,25.88888888888889,233.0,B465_ARC _C3_slice4-Ort.czi,old,pomc,upper
411,5.0,14.8,74.0,B465_ARC _C3_slice4-Ort.czi,old,pomc,upper
412,19.0,31.42105263157895,597.0,B465_ARC _C3_slice4-Ort.czi,old,pomc,upper
413,29.0,18.896551724137932,548.0,B465_ARC _C3_slice4-Ort.czi,old,pomc,upper
414,166.0,21.012048192771083,3487.9999999999995,B465_ARC _C3_slice4-Ort.czi,old,pomc,upper
415,1.0,13.0,13.0,B465_ARC _C3_slice4-Ort.czi,old,pomc,upper
416,16.0,23.75,380.0,B465_ARC _C3_slice4-Ort.czi,old,pomc,upper
417,8.0,19.375,155.0,B465_ARC _C3_slice4-Ort.czi,old,pomc,upper
418,2.0,15.0,30.0,B465_ARC _C3_slice4-Ort.czi,old,pomc,upper
419,4.0,21.0,84.0,B465_ARC _C3_slice4-Ort.czi,old,pomc,upper
420,12.0,29.666666666666668,356.0,B465_ARC _C3_slice4-Ort.czi,old,pomc,upper
421,13.0,21.307692307692307,277.0,B465_ARC _C3_slice4-Ort.czi,old,pomc,upper
422,73.0,20.575342465753426,1502.0,B465_ARC _C3_slice4-Ort.czi,old,pomc,upper
423,7.0,17.285714285714285,121.0,B465_ARC _C3_slice4-Ort.czi,old,pomc,upper
424,196.0,23.081632653061224,4524.0,B465_ARC _C3_slice4-Ort.czi,old,pomc,upper
425,1.0,20.0,20.0,B465_ARC _C3_slice4-Ort.czi,old,pomc,upper
426,1.0,18.0,18.0,B465_ARC _C3_slice4-Ort.czi,old,pomc,upper
427,16.0,22.3125,357.0,B465_ARC _C3_slice4-Ort.czi,old,pomc,upper
428,10.0,18.7,187.0,B465_ARC _C3_slice4-Ort.czi,old,pomc,upper
429,80.0,18.3625,1469.0,B465_ARC _C3_slice4-Ort.czi,old,pomc,upper
430,7.0,29.714285714285715,208.0,B465_ARC _C3_slice4-Ort.czi,old,pomc,upper
431,6.0,22.833333333333332,137.0,B465_ARC _C3_slice4-Ort.czi,old,pomc,upper
432,22.0,17.727272727272727,390.0,B465_ARC _C3_slice4-Ort.czi,old,pomc,upper
433,98.0,19.43877551020408,1905.0,B465_ARC _C3_slice4-Ort.czi,old,pomc,upper
434,10.0,37.5,375.0,B465_ARC _C3_slice4-Ort.czi,old,pomc,upper
435,75.0,24.453333333333333,1834.0,B465_ARC _C3_slice4-Ort.czi,old,pomc,upper
436,30.0,18.566666666666666,557.0,B465_ARC _C3_slice4-Ort.czi,old,pomc,upper
437,1.0,29.0,29.0,B465_ARC _C3_slice4-Ort.czi,old,pomc,upper
438,20.0,21.05,421.0,B465_ARC _C3_slice4-Ort.czi,old,pomc,upper
439,210.0,19.866666666666667,4172.0,B465_ARC _C3_slice4-Ort.czi,old,pomc,upper
440,4.0,18.75,75.0,B465_ARC _C3_slice4-Ort.czi,old,pomc,upper
441,164.0,18.335365853658537,3007.0,B465_ARC _C3_slice4-Ort.czi,old,pomc,upper
442,23.0,20.782608695652176,478.00000000000006,B465_ARC _C3_slice4-Ort.czi,old,pomc,upper
443,24.0,20.041666666666668,481.0,B465_ARC _C3_slice4-Ort.czi,old,pomc,upper
444,1.0,20.0,20.0,B465_ARC _C3_slice4-Ort.czi,old,pomc,upper
445,60.0,22.816666666666666,1369.0,B465_ARC _C3_slice4-Ort.czi,old,pomc,upper
446,4.0,34.25,137.0,B465_ARC _C3_slice4-Ort.czi,old,pomc,upper
447,36.0,18.944444444444443,682.0,B465_ARC _C3_slice4-Ort.czi,old,pomc,upper
448,32.0,33.0625,1058.0,B465_ARC _C3_slice4-Ort.czi,old,pomc,upper
449,49.0,18.571428571428573,910.0000000000001,B465_ARC _C3_slice4-Ort.czi,old,pomc,upper
450,32.0,18.875,604.0,B465_ARC _C3_slice4-Ort.czi,old,pomc,upper
451,2.0,25.0,50.0,B465_ARC _C3_slice4-Ort.czi,old,pomc,upper
452,1.0,21.0,21.0,B465_ARC _C3_slice4-Ort.czi,old,pomc,upper
453,63.0,21.6984126984127,1367.0,B465_ARC _C3_slice4-Ort.czi,old,pomc,upper
454,13.0,19.23076923076923,250.0,B465_ARC _C3_slice4-Ort.czi,old,pomc,upper
455,4.0,17.5,70.0,B465_ARC _C3_slice4-Ort.czi,old,pomc,upper
456,31.0,17.612903225806452,546.0,B465_ARC _C3_slice4-Ort.czi,old,pomc,upper
457,53.0,24.471698113207548,1297.0,B465_ARC _C3_slice4-Ort.czi,old,pomc,upper
458,176.0,23.039772727272727,4055.0,B465_ARC _C3_slice4-Ort.czi,old,pomc,upper
459,5.0,24.8,124.0,B465_ARC _C3_slice4-Ort.czi,old,pomc,upper
460,4.0,29.0,116.0,B465_ARC _C3_slice4-Ort.czi,old,pomc,upper
461,14.0,19.5,273.0,B465_ARC _C3_slice4-Ort.czi,old,pomc,upper
462,314.0,20.111464968152866,6315.0,B465_ARC _C3_slice4-Ort.czi,old,pomc,upper
463,24.0,19.458333333333332,467.0,B465_ARC _C3_slice4-Ort.czi,old,pomc,upper
464,1.0,15.0,15.0,B465_ARC _C3_slice4-Ort.czi,old,pomc,upper
465,23.0,19.565217391304348,450.0,B465_ARC _C3_slice4-Ort.czi,old,pomc,upper
466,76.0,17.894736842105264,1360.0,B465_ARC _C3_slice4-Ort.czi,old,pomc,upper
467,24.0,25.125,603.0,B465_ARC _C3_slice4-Ort.czi,old,pomc,upper
468,107.0,23.42056074766355,2506.0,B465_ARC _C3_slice4-Ort.czi,old,pomc,upper
469,103.0,21.0,2163.0,B465_ARC _C3_slice4-Ort.czi,old,pomc,upper
470,20.0,26.4,528.0,B465_ARC _C3_slice4-Ort.czi,old,pomc,upper
471,51.0,28.176470588235293,1437.0,B465_ARC _C3_slice4-Ort.czi,old,pomc,upper
472,77.0,19.493506493506494,1501.0,B465_ARC _C3_slice4-Ort.czi,old,pomc,upper
473,1.0,30.0,30.0,B465_ARC _C3_slice4-Ort.czi,old,pomc,upper
474,81.0,18.666666666666668,1512.0,B465_ARC _C3_slice4-Ort.czi,old,pomc,upper
475,1.0,16.0,16.0,B465_ARC _C3_slice4-Ort.czi,old,pomc,upper
476,9.0,17.333333333333332,156.0,B465_ARC _C3_slice4-Ort.czi,old,pomc,upper
477,5.0,21.8,109.0,B465_ARC _C3_slice4-Ort.czi,old,pomc,upper
478,5.0,15.8,79.0,B465_ARC _C3_slice4-Ort.czi,old,pomc,upper
479,34.0,21.176470588235293,720.0,B465_ARC _C3_slice4-Ort.czi,old,pomc,upper
480,2.0,15.0,30.0,B465_ARC _C3_slice4-Ort.czi,old,pomc,upper
481,36.0,19.38888888888889,698.0,B465_ARC _C3_slice4-Ort.czi,old,pomc,upper
482,1.0,21.0,21.0,B465_ARC _C3_slice4-Ort.czi,old,pomc,upper
483,148.0,20.12837837837838,2979.0,B465_ARC _C3_slice4-Ort.czi,old,pomc,upper
484,114.0,21.780701754385966,2483.0,B465_ARC _C3_slice4-Ort.czi,old,pomc,upper
485,40.0,24.475,979.0,B465_ARC _C3_slice4-Ort.czi,old,pomc,upper
486,53.0,21.71698113207547,1151.0,B465_ARC _C3_slice4-Ort.czi,old,pomc,upper
487,115.0,21.008695652173913,2416.0,B465_ARC _C3_slice4-Ort.czi,old,pomc,upper
488,15.0,24.0,360.0,B465_ARC _C3_slice4-Ort.czi,old,pomc,upper
489,51.0,18.862745098039216,962.0,B465_ARC _C3_slice4-Ort.czi,old,pomc,upper
490,77.0,21.623376623376622,1664.9999999999998,B465_ARC _C3_slice4-Ort.czi,old,pomc,upper
491,1.0,22.0,22.0,B465_ARC _C3_slice4-Ort.czi,old,pomc,upper
492,47.0,23.51063829787234,1105.0,B465_ARC _C3_slice4-Ort.czi,old,pomc,upper
493,47.0,18.29787234042553,860.0,B465_ARC _C3_slice4-Ort.czi,old,pomc,upper
494,130.0,22.73076923076923,2955.0,B465_ARC _C3_slice4-Ort.czi,old,pomc,upper
495,4.0,14.25,57.0,B465_ARC _C3_slice4-Ort.czi,old,pomc,upper
496,94.0,25.95744680851064,2440.0,B465_ARC _C3_slice4-Ort.czi,old,pomc,upper
497,31.0,23.93548387096774,742.0,B465_ARC _C3_slice4-Ort.czi,old,pomc,upper
498,133.0,26.075187969924812,3468.0,B465_ARC _C3_slice4-Ort.czi,old,pomc,upper
499,2.0,15.0,30.0,B465_ARC _C3_slice4-Ort.czi,old,pomc,upper
500,107.0,23.8411214953271,2551.0,B465_ARC _C3_slice4-Ort.czi,old,pomc,upper
501,51.0,17.764705882352942,906.0,B465_ARC _C3_slice4-Ort.czi,old,pomc,upper
502,36.0,25.27777777777778,910.0,B465_ARC _C3_slice4-Ort.czi,old,pomc,upper
503,19.0,26.210526315789473,498.0,B465_ARC _C3_slice4-Ort.czi,old,pomc,upper
504,52.0,19.192307692307693,998.0,B465_ARC _C3_slice4-Ort.czi,old,pomc,upper
505,35.0,25.37142857142857,888.0,B465_ARC _C3_slice4-Ort.czi,old,pomc,upper
506,33.0,20.151515151515152,665.0,B465_ARC _C3_slice4-Ort.czi,old,pomc,upper
507,132.0,29.25,3861.0,B465_ARC _C3_slice4-Ort.czi,old,pomc,upper
508,82.0,17.51219512195122,1436.0,B465_ARC _C3_slice4-Ort.czi,old,pomc,upper
509,1.0,19.0,19.0,B465_ARC _C3_slice4-Ort.czi,old,pomc,upper
510,66.0,19.954545454545453,1317.0,B465_ARC _C3_slice4-Ort.czi,old,pomc,upper
511,6.0,25.333333333333332,152.0,B465_ARC _C3_slice4-Ort.czi,old,pomc,upper
512,21.0,26.523809523809526,557.0,B465_ARC _C3_slice4-Ort.czi,old,pomc,upper
513,11.0,20.545454545454547,226.0,B465_ARC _C3_slice4-Ort.czi,old,pomc,upper
514,151.0,24.781456953642383,3742.0,B465_ARC _C3_slice4-Ort.czi,old,pomc,upper
515,102.0,21.19607843137255,2162.0,B465_ARC _C3_slice4-Ort.czi,old,pomc,upper
516,3.0,26.0,78.0,B465_ARC _C3_slice4-Ort.czi,old,pomc,upper
517,124.0,20.233870967741936,2509.0,B465_ARC _C3_slice4-Ort.czi,old,pomc,upper
518,412.0,30.16990291262136,12430.0,B465_ARC _C3_slice4-Ort.czi,old,pomc,upper
519,8.0,25.5,204.0,B465_ARC _C3_slice4-Ort.czi,old,pomc,upper
520,30.0,23.133333333333333,694.0,B465_ARC _C3_slice4-Ort.czi,old,pomc,upper
521,81.0,20.469135802469136,1658.0,B465_ARC _C3_slice4-Ort.czi,old,pomc,upper
522,5.0,20.0,100.0,B465_ARC _C3_slice4-Ort.czi,old,pomc,upper
523,181.0,19.640883977900554,3555.0000000000005,B465_ARC _C3_slice4-Ort.czi,old,pomc,upper
524,83.0,20.180722891566266,1675.0,B465_ARC _C3_slice4-Ort.czi,old,pomc,upper
525,11.0,22.09090909090909,243.0,B465_ARC _C3_slice4-Ort.czi,old,pomc,upper
526,7.0,27.428571428571427,192.0,B465_ARC _C3_slice4-Ort.czi,old,pomc,upper
527,54.0,25.5,1377.0,B465_ARC _C3_slice4-Ort.czi,old,pomc,upper
528,307.0,18.9185667752443,5808.0,B465_ARC _C3_slice4-Ort.czi,old,pomc,upper
529,57.0,27.31578947368421,1557.0,B465_ARC _C3_slice4-Ort.czi,old,pomc,upper
530,62.0,20.693548387096776,1283.0,B465_ARC _C3_slice4-Ort.czi,old,pomc,upper
531,45.0,24.977777777777778,1124.0,B465_ARC _C3_slice4-Ort.czi,old,pomc,upper
532,25.0,32.6,815.0,B465_ARC _C3_slice4-Ort.czi,old,pomc,upper
533,15.0,19.333333333333332,290.0,B465_ARC _C3_slice4-Ort.czi,old,pomc,upper
534,93.0,29.741935483870968,2766.0,B465_ARC _C3_slice4-Ort.czi,old,pomc,upper
535,19.0,23.94736842105263,455.0,B465_ARC _C3_slice4-Ort.czi,old,pomc,upper
536,1.0,20.0,20.0,B465_ARC _C3_slice4-Ort.czi,old,pomc,upper
537,1.0,19.0,19.0,B465_ARC _C3_slice4-Ort.czi,old,pomc,upper
538,75.0,19.04,1428.0,B465_ARC _C3_slice4-Ort.czi,old,pomc,upper
539,417.0,20.73860911270983,8648.0,B465_ARC _C3_slice4-Ort.czi,old,pomc,upper
540,11.0,23.0,253.0,B465_ARC _C3_slice4-Ort.czi,old,pomc,upper
541,350.0,19.882857142857144,6959.000000000001,B465_ARC _C3_slice4-Ort.czi,old,pomc,upper
542,4.0,24.0,96.0,B465_ARC _C3_slice4-Ort.czi,old,pomc,upper
543,188.0,27.670212765957448,5202.0,B465_ARC _C3_slice4-Ort.czi,old,pomc,upper
544,1.0,25.0,25.0,B465_ARC _C3_slice4-Ort.czi,old,pomc,upper
545,39.0,19.615384615384617,765.0,B465_ARC _C3_slice4-Ort.czi,old,pomc,upper
546,3.0,19.0,57.0,B465_ARC _C3_slice4-Ort.czi,old,pomc,upper
547,88.0,18.306818181818183,1611.0000000000002,B465_ARC _C3_slice4-Ort.czi,old,pomc,upper
548,63.0,23.904761904761905,1506.0,B465_ARC _C3_slice4-Ort.czi,old,pomc,upper
549,73.0,19.52054794520548,1425.0,B465_ARC _C3_slice4-Ort.czi,old,pomc,upper
550,47.0,22.404255319148938,1053.0,B465_ARC _C3_slice4-Ort.czi,old,pomc,upper
551,22.0,23.636363636363637,520.0,B465_ARC _C3_slice4-Ort.czi,old,pomc,upper
552,45.0,21.444444444444443,964.9999999999999,B465_ARC _C3_slice4-Ort.czi,old,pomc,upper
553,9.0,25.666666666666668,231.0,B465_ARC _C3_slice4-Ort.czi,old,pomc,upper
554,63.0,26.53968253968254,1672.0,B465_ARC _C3_slice4-Ort.czi,old,pomc,upper
555,42.0,19.738095238095237,829.0,B465_ARC _C3_slice4-Ort.czi,old,pomc,upper
556,15.0,27.2,408.0,B465_ARC _C3_slice4-Ort.czi,old,pomc,upper
557,39.0,23.435897435897434,913.9999999999999,B465_ARC _C3_slice4-Ort.czi,old,pomc,upper
558,10.0,19.9,199.0,B465_ARC _C3_slice4-Ort.czi,old,pomc,upper
559,7.0,20.428571428571427,143.0,B465_ARC _C3_slice4-Ort.czi,old,pomc,upper
560,8.0,16.375,131.0,B465_ARC _C3_slice4-Ort.czi,old,pomc,upper
561,156.0,21.134615384615383,3297.0,B465_ARC _C3_slice4-Ort.czi,old,pomc,upper
562,375.0,22.64,8490.0,B465_ARC _C3_slice4-Ort.czi,old,pomc,upper
563,61.0,26.360655737704917,1608.0,B465_ARC _C3_slice4-Ort.czi,old,pomc,upper
564,65.0,22.015384615384615,1431.0,B465_ARC _C3_slice4-Ort.czi,old,pomc,upper
565,20.0,22.35,447.0,B465_ARC _C3_slice4-Ort.czi,old,pomc,upper
566,2.0,23.0,46.0,B465_ARC _C3_slice4-Ort.czi,old,pomc,upper
567,6.0,18.166666666666668,109.0,B465_ARC _C3_slice4-Ort.czi,old,pomc,upper
568,46.0,31.5,1449.0,B465_ARC _C3_slice4-Ort.czi,old,pomc,upper
569,14.0,17.571428571428573,246.00000000000003,B465_ARC _C3_slice4-Ort.czi,old,pomc,upper
570,1.0,25.0,25.0,B465_ARC _C3_slice4-Ort.czi,old,pomc,upper
571,172.0,18.546511627906977,3190.0,B465_ARC _C3_slice4-Ort.czi,old,pomc,upper
572,35.0,17.62857142857143,617.0,B465_ARC _C3_slice4-Ort.czi,old,pomc,upper
573,8.0,51.5,412.0,B465_ARC _C3_slice4-Ort.czi,old,pomc,upper
574,60.0,19.966666666666665,1198.0,B465_ARC _C3_slice4-Ort.czi,old,pomc,upper
575,1.0,27.0,27.0,B465_ARC _C3_slice4-Ort.czi,old,pomc,upper
576,60.0,18.133333333333333,1088.0,B465_ARC _C3_slice4-Ort.czi,old,pomc,upper
577,299.0,25.91638795986622,7749.0,B465_ARC _C3_slice4-Ort.czi,old,pomc,upper
578,112.0,27.455357142857142,3075.0,B465_ARC _C3_slice4-Ort.czi,old,pomc,upper
579,77.0,19.454545454545453,1498.0,B465_ARC _C3_slice4-Ort.czi,old,pomc,upper
580,10.0,20.7,207.0,B465_ARC _C3_slice4-Ort.czi,old,pomc,upper
581,52.0,20.692307692307693,1076.0,B465_ARC _C3_slice4-Ort.czi,old,pomc,upper
582,9.0,26.77777777777778,241.0,B465_ARC _C3_slice4-Ort.czi,old,pomc,upper
583,7.0,21.857142857142858,153.0,B465_ARC _C3_slice4-Ort.czi,old,pomc,upper
584,10.0,20.3,203.0,B465_ARC _C3_slice4-Ort.czi,old,pomc,upper
585,36.0,27.63888888888889,995.0,B465_ARC _C3_slice4-Ort.czi,old,pomc,upper
586,48.0,21.895833333333332,1051.0,B465_ARC _C3_slice4-Ort.czi,old,pomc,upper
587,5.0,18.8,94.0,B465_ARC _C3_slice4-Ort.czi,old,pomc,upper
588,111.0,23.882882882882882,2651.0,B465_ARC _C3_slice4-Ort.czi,old,pomc,upper
589,13.0,21.23076923076923,276.0,B465_ARC _C3_slice4-Ort.czi,old,pomc,upper
590,182.0,18.406593406593405,3349.9999999999995,B465_ARC _C3_slice4-Ort.czi,old,pomc,upper
591,38675.0,20.07405300581771,776363.9999999999,B465_ARC _C3_slice4-Ort.czi,old,pomc,upper
592,3.0,11.666666666666666,35.0,B465_ARC _C3_slice4-Ort.czi,old,pomc,upper
593,2.0,24.0,48.0,B465_ARC _C3_slice4-Ort.czi,old,pomc,upper
594,332.0,25.379518072289155,8426.0,B465_ARC _C3_slice4-Ort.czi,old,pomc,upper
595,2.0,17.0,34.0,B465_ARC _C3_slice4-Ort.czi,old,pomc,upper
596,37.0,19.45945945945946,720.0,B465_ARC _C3_slice4-Ort.czi,old,pomc,upper
597,43.0,21.023255813953487,903.9999999999999,B465_ARC _C3_slice4-Ort.czi,old,pomc,upper
598,12.0,21.25,255.0,B465_ARC _C3_slice4-Ort.czi,old,pomc,upper
599,298.0,20.711409395973153,6171.999999999999,B465_ARC _C3_slice4-Ort.czi,old,pomc,upper
600,84.0,20.678571428571427,1736.9999999999998,B465_ARC _C3_slice4-Ort.czi,old,pomc,upper
601,1.0,19.0,19.0,B465_ARC _C3_slice4-Ort.czi,old,pomc,upper
602,48.0,21.479166666666668,1031.0,B465_ARC _C3_slice4-Ort.czi,old,pomc,upper
603,5.0,17.8,89.0,B465_ARC _C3_slice4-Ort.czi,old,pomc,upper
604,95.0,22.11578947368421,2101.0,B465_ARC _C3_slice4-Ort.czi,old,pomc,upper
605,17.0,18.058823529411764,307.0,B465_ARC _C3_slice4-Ort.czi,old,pomc,upper
606,125.0,29.952,3744.0,B465_ARC _C3_slice4-Ort.czi,old,pomc,upper
607,38.0,21.13157894736842,803.0,B465_ARC _C3_slice4-Ort.czi,old,pomc,upper
608,520.0,24.71153846153846,12850.0,B465_ARC _C3_slice4-Ort.czi,old,pomc,upper
609,7.0,17.714285714285715,124.0,B465_ARC _C3_slice4-Ort.czi,old,pomc,upper
610,74.0,20.716216216216218,1533.0,B465_ARC _C3_slice4-Ort.czi,old,pomc,upper
611,11.0,17.454545454545453,192.0,B465_ARC _C3_slice4-Ort.czi,old,pomc,upper
612,41.0,20.926829268292682,858.0,B465_ARC _C3_slice4-Ort.czi,old,pomc,upper
613,2428.0,21.158978583196046,51374.0,B465_ARC _C3_slice4-Ort.czi,old,pomc,upper
614,17.0,28.176470588235293,479.0,B465_ARC _C3_slice4-Ort.czi,old,pomc,upper
615,45.0,24.644444444444446,1109.0,B465_ARC _C3_slice4-Ort.czi,old,pomc,upper
616,164.0,22.408536585365855,3675.0000000000005,B465_ARC _C3_slice4-Ort.czi,old,pomc,upper
617,1.0,26.0,26.0,B465_ARC _C3_slice4-Ort.czi,old,pomc,upper
618,94.0,19.329787234042552,1817.0,B465_ARC _C3_slice4-Ort.czi,old,pomc,upper
619,95.0,21.294736842105262,2023.0,B465_ARC _C3_slice4-Ort.czi,old,pomc,upper
620,11.0,19.636363636363637,216.0,B465_ARC _C3_slice4-Ort.czi,old,pomc,upper
621,35.0,21.057142857142857,737.0,B465_ARC _C3_slice4-Ort.czi,old,pomc,upper
622,36.0,22.02777777777778,793.0,B465_ARC _C3_slice4-Ort.czi,old,pomc,upper
623,30.0,25.633333333333333,769.0,B465_ARC _C3_slice4-Ort.czi,old,pomc,upper
624,411.0,21.255474452554743,8736.0,B465_ARC _C3_slice4-Ort.czi,old,pomc,upper
625,16.0,22.8125,365.0,B465_ARC _C3_slice4-Ort.czi,old,pomc,upper
626,159.0,19.48427672955975,3098.0,B465_ARC _C3_slice4-Ort.czi,old,pomc,upper
627,171.0,21.426900584795323,3664.0000000000005,B465_ARC _C3_slice4-Ort.czi,old,pomc,upper
628,40.0,22.275,891.0,B465_ARC _C3_slice4-Ort.czi,old,pomc,upper
629,43.0,25.11627906976744,1080.0,B465_ARC _C3_slice4-Ort.czi,old,pomc,upper
630,40.0,23.825,953.0,B465_ARC _C3_slice4-Ort.czi,old,pomc,upper
631,54.0,27.425925925925927,1481.0,B465_ARC _C3_slice4-Ort.czi,old,pomc,upper
632,23.0,21.608695652173914,497.0,B465_ARC _C3_slice4-Ort.czi,old,pomc,upper
633,43.0,16.74418604651163,720.0,B465_ARC _C3_slice4-Ort.czi,old,pomc,upper
634,78.0,23.487179487179485,1831.9999999999998,B465_ARC _C3_slice4-Ort.czi,old,pomc,upper
635,21.0,23.904761904761905,502.0,B465_ARC _C3_slice4-Ort.czi,old,pomc,upper
636,24.0,25.541666666666668,613.0,B465_ARC _C3_slice4-Ort.czi,old,pomc,upper
637,2.0,18.5,37.0,B465_ARC _C3_slice4-Ort.czi,old,pomc,upper
638,61.0,29.18032786885246,1780.0,B465_ARC _C3_slice4-Ort.czi,old,pomc,upper
639,2.0,22.5,45.0,B465_ARC _C3_slice4-Ort.czi,old,pomc,upper
640,123.0,22.317073170731707,2745.0,B465_ARC _C3_slice4-Ort.czi,old,pomc,upper
641,32.0,25.625,820.0,B465_ARC _C3_slice4-Ort.czi,old,pomc,upper
642,130.0,22.076923076923077,2870.0,B465_ARC _C3_slice4-Ort.czi,old,pomc,upper
643,44.0,18.386363636363637,809.0,B465_ARC _C3_slice4-Ort.czi,old,pomc,upper
644,116.0,20.974137931034484,2433.0,B465_ARC _C3_slice4-Ort.czi,old,pomc,upper
645,60.0,18.033333333333335,1082.0,B465_ARC _C3_slice4-Ort.czi,old,pomc,upper
646,11.0,19.454545454545453,214.0,B465_ARC _C3_slice4-Ort.czi,old,pomc,upper
647,1.0,17.0,17.0,B465_ARC _C3_slice4-Ort.czi,old,pomc,upper
648,47.0,25.340425531914892,1191.0,B465_ARC _C3_slice4-Ort.czi,old,pomc,upper
649,65.0,21.46153846153846,1395.0,B465_ARC _C3_slice4-Ort.czi,old,pomc,upper
650,17.0,33.1764705882353,564.0,B465_ARC _C3_slice4-Ort.czi,old,pomc,upper
651,1.0,24.0,24.0,B465_ARC _C3_slice4-Ort.czi,old,pomc,upper
652,8.0,17.0,136.0,B465_ARC _C3_slice4-Ort.czi,old,pomc,upper
653,8.0,68.25,546.0,B465_ARC _C3_slice4-Ort.czi,old,pomc,upper
654,58.0,19.396551724137932,1125.0,B465_ARC _C3_slice4-Ort.czi,old,pomc,upper
655,123.0,22.121951219512194,2721.0,B465_ARC _C3_slice4-Ort.czi,old,pomc,upper
656,23.0,18.956521739130434,436.0,B465_ARC _C3_slice4-Ort.czi,old,pomc,upper
657,135.0,27.466666666666665,3708.0,B465_ARC _C3_slice4-Ort.czi,old,pomc,upper
658,15.0,26.466666666666665,397.0,B465_ARC _C3_slice4-Ort.czi,old,pomc,upper
659,48672.0,21.034434582511505,1023788.0,B465_ARC _C3_slice4-Ort.czi,old,pomc,upper
660,12.0,17.583333333333332,211.0,B465_ARC _C3_slice4-Ort.czi,old,pomc,upper
661,31.0,20.06451612903226,622.0,B465_ARC _C3_slice4-Ort.czi,old,pomc,upper
662,17.0,18.235294117647058,310.0,B465_ARC _C3_slice4-Ort.czi,old,pomc,upper
663,10.0,17.2,172.0,B465_ARC _C3_slice4-Ort.czi,old,pomc,upper
664,10.0,19.9,199.0,B465_ARC _C3_slice4-Ort.czi,old,pomc,upper
665,66.0,20.015151515151516,1321.0,B465_ARC _C3_slice4-Ort.czi,old,pomc,upper
666,253.0,20.051383399209485,5073.0,B465_ARC _C3_slice4-Ort.czi,old,pomc,upper
667,49.0,28.408163265306122,1392.0,B465_ARC _C3_slice4-Ort.czi,old,pomc,upper
668,120.0,19.225,2307.0,B465_ARC _C3_slice4-Ort.czi,old,pomc,upper
669,263.0,19.809885931558934,5210.0,B465_ARC _C3_slice4-Ort.czi,old,pomc,upper
670,23.0,22.130434782608695,509.0,B465_ARC _C3_slice4-Ort.czi,old,pomc,upper
671,982.0,22.30753564154786,21906.0,B465_ARC _C3_slice4-Ort.czi,old,pomc,upper
672,35.0,20.62857142857143,722.0,B465_ARC _C3_slice4-Ort.czi,old,pomc,upper
673,89.0,23.573033707865168,2098.0,B465_ARC _C3_slice4-Ort.czi,old,pomc,upper
674,151.0,25.05298013245033,3783.0,B465_ARC _C3_slice4-Ort.czi,old,pomc,upper
675,132.0,21.325757575757574,2815.0,B465_ARC _C3_slice4-Ort.czi,old,pomc,upper
676,166.0,20.126506024096386,3341.0,B465_ARC _C3_slice4-Ort.czi,old,pomc,upper
677,17.0,24.058823529411764,409.0,B465_ARC _C3_slice4-Ort.czi,old,pomc,upper
678,2.0,15.0,30.0,B465_ARC _C3_slice4-Ort.czi,old,pomc,upper
679,209.0,23.267942583732058,4863.0,B465_ARC _C3_slice4-Ort.czi,old,pomc,upper
680,284.0,20.683098591549296,5874.0,B465_ARC _C3_slice4-Ort.czi,old,pomc,upper
681,45.0,23.266666666666666,1047.0,B465_ARC _C3_slice4-Ort.czi,old,pomc,upper
682,10.0,25.7,257.0,B465_ARC _C3_slice4-Ort.czi,old,pomc,upper
683,240.0,19.795833333333334,4751.0,B465_ARC _C3_slice4-Ort.czi,old,pomc,upper
684,18.0,17.666666666666668,318.0,B465_ARC _C3_slice4-Ort.czi,old,pomc,upper
685,82.0,24.01219512195122,1969.0,B465_ARC _C3_slice4-Ort.czi,old,pomc,upper
686,88.0,23.181818181818183,2040.0000000000002,B465_ARC _C3_slice4-Ort.czi,old,pomc,upper
687,108.0,20.194444444444443,2181.0,B465_ARC _C3_slice4-Ort.czi,old,pomc,upper
688,17.0,29.058823529411764,494.0,B465_ARC _C3_slice4-Ort.czi,old,pomc,upper
689,88.0,20.84090909090909,1834.0,B465_ARC _C3_slice4-Ort.czi,old,pomc,upper
690,16.0,22.1875,355.0,B465_ARC _C3_slice4-Ort.czi,old,pomc,upper
691,106.0,19.27358490566038,2043.0,B465_ARC _C3_slice4-Ort.czi,old,pomc,upper
692,38.0,26.42105263157895,1004.0,B465_ARC _C3_slice4-Ort.czi,old,pomc,upper
693,61.0,20.65573770491803,1260.0,B465_ARC _C3_slice4-Ort.czi,old,pomc,upper
694,79.0,27.759493670886076,2193.0,B465_ARC _C3_slice4-Ort.czi,old,pomc,upper
695,10.0,33.9,339.0,B465_ARC _C3_slice4-Ort.czi,old,pomc,upper
696,1.0,23.0,23.0,B465_ARC _C3_slice4-Ort.czi,old,pomc,upper
697,24.0,26.0,624.0,B465_ARC _C3_slice4-Ort.czi,old,pomc,upper
698,113.0,23.805309734513273,2690.0,B465_ARC _C3_slice4-Ort.czi,old,pomc,upper
699,8.0,22.75,182.0,B465_ARC _C3_slice4-Ort.czi,old,pomc,upper
700,24.0,18.708333333333332,449.0,B465_ARC _C3_slice4-Ort.czi,old,pomc,upper
701,36.0,22.52777777777778,811.0,B465_ARC _C3_slice4-Ort.czi,old,pomc,upper
702,9.0,21.0,189.0,B465_ARC _C3_slice4-Ort.czi,old,pomc,upper
703,63.0,25.6984126984127,1619.0,B465_ARC _C3_slice4-Ort.czi,old,pomc,upper
704,29.0,21.482758620689655,623.0,B465_ARC _C3_slice4-Ort.czi,old,pomc,upper
705,2.0,18.5,37.0,B465_ARC _C3_slice4-Ort.czi,old,pomc,upper
706,464.0,23.64439655172414,10971.0,B465_ARC _C3_slice4-Ort.czi,old,pomc,upper
707,58.0,18.637931034482758,1081.0,B465_ARC _C3_slice4-Ort.czi,old,pomc,upper
708,37.0,23.864864864864863,882.9999999999999,B465_ARC _C3_slice4-Ort.czi,old,pomc,upper
709,62.0,22.5,1395.0,B465_ARC _C3_slice4-Ort.czi,old,pomc,upper
710,25.0,18.36,459.0,B465_ARC _C3_slice4-Ort.czi,old,pomc,upper
711,344.0,21.90406976744186,7535.0,B465_ARC _C3_slice4-Ort.czi,old,pomc,upper
712,50.0,23.62,1181.0,B465_ARC _C3_slice4-Ort.czi,old,pomc,upper
713,3.0,28.333333333333332,85.0,B465_ARC _C3_slice4-Ort.czi,old,pomc,upper
714,79.0,18.430379746835442,1456.0,B465_ARC _C3_slice4-Ort.czi,old,pomc,upper
715,39.0,24.53846153846154,957.0000000000001,B465_ARC _C3_slice4-Ort.czi,old,pomc,upper
716,47.0,21.4468085106383,1008.0,B465_ARC _C3_slice4-Ort.czi,old,pomc,upper
717,46.0,28.456521739130434,1309.0,B465_ARC _C3_slice4-Ort.czi,old,pomc,upper
718,1.0,34.0,34.0,B465_ARC _C3_slice4-Ort.czi,old,pomc,upper
719,2.0,19.0,38.0,B465_ARC _C3_slice4-Ort.czi,old,pomc,upper
720,196.0,21.025510204081634,4121.0,B465_ARC _C3_slice4-Ort.czi,old,pomc,upper
721,38.0,26.86842105263158,1021.0,B465_ARC _C3_slice4-Ort.czi,old,pomc,upper
722,17.0,27.41176470588235,466.0,B465_ARC _C3_slice4-Ort.czi,old,pomc,upper
723,137.0,22.934306569343065,3142.0,B465_ARC _C3_slice4-Ort.czi,old,pomc,upper
724,52.0,26.21153846153846,1363.0,B465_ARC _C3_slice4-Ort.czi,old,pomc,upper
725,56.0,24.089285714285715,1349.0,B465_ARC _C3_slice4-Ort.czi,old,pomc,upper
726,66.0,19.272727272727273,1272.0,B465_ARC _C3_slice4-Ort.czi,old,pomc,upper
727,1.0,13.0,13.0,B465_ARC _C3_slice4-Ort.czi,old,pomc,upper
728,180.0,20.927777777777777,3767.0,B465_ARC _C3_slice4-Ort.czi,old,pomc,upper
729,13.0,28.076923076923077,365.0,B465_ARC _C3_slice4-Ort.czi,old,pomc,upper
730,66.0,20.196969696969695,1333.0,B465_ARC _C3_slice4-Ort.czi,old,pomc,upper
731,5.0,17.2,86.0,B465_ARC _C3_slice4-Ort.czi,old,pomc,upper
732,14.0,25.428571428571427,356.0,B465_ARC _C3_slice4-Ort.czi,old,pomc,upper
733,75.0,23.786666666666665,1784.0,B465_ARC _C3_slice4-Ort.czi,old,pomc,upper
734,133.0,22.458646616541355,2987.0,B465_ARC _C3_slice4-Ort.czi,old,pomc,upper
735,69.0,22.17391304347826,1530.0,B465_ARC _C3_slice4-Ort.czi,old,pomc,upper
736,1.0,21.0,21.0,B465_ARC _C3_slice4-Ort.czi,old,pomc,upper
737,38.0,27.394736842105264,1041.0,B465_ARC _C3_slice4-Ort.czi,old,pomc,upper
738,219.0,20.38812785388128,4465.0,B465_ARC _C3_slice4-Ort.czi,old,pomc,upper
739,41.0,24.4390243902439,1002.0,B465_ARC _C3_slice4-Ort.czi,old,pomc,upper
740,26.0,34.88461538461539,907.0,B465_ARC _C3_slice4-Ort.czi,old,pomc,upper
741,2.0,20.5,41.0,B465_ARC _C3_slice4-Ort.czi,old,pomc,upper
742,16.0,29.375,470.0,B465_ARC _C3_slice4-Ort.czi,old,pomc,upper
743,93.0,21.612903225806452,2010.0,B465_ARC _C3_slice4-Ort.czi,old,pomc,upper
744,185.0,21.194594594594594,3921.0,B465_ARC _C3_slice4-Ort.czi,old,pomc,upper
745,1.0,8.0,8.0,B465_ARC _C3_slice4-Ort.czi,old,pomc,upper
746,48.0,22.395833333333332,1075.0,B465_ARC _C3_slice4-Ort.czi,old,pomc,upper
747,66.0,23.818181818181817,1572.0,B465_ARC _C3_slice4-Ort.czi,old,pomc,upper
748,1.0,18.0,18.0,B465_ARC _C3_slice4-Ort.czi,old,pomc,upper
749,45.0,18.155555555555555,817.0,B465_ARC _C3_slice4-Ort.czi,old,pomc,upper
750,18.0,24.833333333333332,447.0,B465_ARC _C3_slice4-Ort.czi,old,pomc,upper
751,1.0,13.0,13.0,B465_ARC _C3_slice4-Ort.czi,old,pomc,upper
752,20.0,21.1,422.0,B465_ARC _C3_slice4-Ort.czi,old,pomc,upper
753,105.0,23.409523809523808,2458.0,B465_ARC _C3_slice4-Ort.czi,old,pomc,upper
754,75.0,21.76,1632.0000000000002,B465_ARC _C3_slice4-Ort.czi,old,pomc,upper
755,10.0,34.8,348.0,B465_ARC _C3_slice4-Ort.czi,old,pomc,upper
756,129.0,20.333333333333332,2623.0,B465_ARC _C3_slice4-Ort.czi,old,pomc,upper
757,77.0,21.16883116883117,1630.0,B465_ARC _C3_slice4-Ort.czi,old,pomc,upper
758,10.0,20.6,206.0,B465_ARC _C3_slice4-Ort.czi,old,pomc,upper
759,57.0,19.087719298245613,1088.0,B465_ARC _C3_slice4-Ort.czi,old,pomc,upper
760,50.0,22.74,1137.0,B465_ARC _C3_slice4-Ort.czi,old,pomc,upper
761,494.0,21.84008097165992,10789.0,B465_ARC _C3_slice4-Ort.czi,old,pomc,upper
762,338.0,18.06508875739645,6106.0,B465_ARC _C3_slice4-Ort.czi,old,pomc,upper
763,1.0,0.0,0.0,B465_ARC _C3_slice4-Ort.czi,old,pomc,upper
764,92.0,22.902173913043477,2107.0,B465_ARC _C3_slice4-Ort.czi,old,pomc,upper
765,36.0,26.694444444444443,961.0,B465_ARC _C3_slice4-Ort.czi,old,pomc,upper
766,62.0,21.919354838709676,1359.0,B465_ARC _C3_slice4-Ort.czi,old,pomc,upper
767,45.0,23.955555555555556,1078.0,B465_ARC _C3_slice4-Ort.czi,old,pomc,upper
768,165.0,20.915151515151514,3451.0,B465_ARC _C3_slice4-Ort.czi,old,pomc,upper
769,1.0,14.0,14.0,B465_ARC _C3_slice4-Ort.czi,old,pomc,upper
770,62.0,20.306451612903224,1259.0,B465_ARC _C3_slice4-Ort.czi,old,pomc,upper
771,901.0,21.09211986681465,19004.0,B465_ARC _C3_slice4-Ort.czi,old,pomc,upper
772,110.0,28.727272727272727,3160.0,B465_ARC _C3_slice4-Ort.czi,old,pomc,upper
773,1.0,15.0,15.0,B465_ARC _C3_slice4-Ort.czi,old,pomc,upper
774,32.0,23.46875,751.0,B465_ARC _C3_slice4-Ort.czi,old,pomc,upper
775,27.0,23.88888888888889,645.0,B465_ARC _C3_slice4-Ort.czi,old,pomc,upper
776,830.0,18.920481927710842,15703.999999999998,B465_ARC _C3_slice4-Ort.czi,old,pomc,upper
777,69.0,19.82608695652174,1368.0,B465_ARC _C3_slice4-Ort.czi,old,pomc,upper
778,140.0,23.985714285714284,3357.9999999999995,B465_ARC _C3_slice4-Ort.czi,old,pomc,upper
779,30.0,19.6,588.0,B465_ARC _C3_slice4-Ort.czi,old,pomc,upper
780,88.0,20.579545454545453,1811.0,B465_ARC _C3_slice4-Ort.czi,old,pomc,upper
781,107.0,24.626168224299064,2635.0,B465_ARC _C3_slice4-Ort.czi,old,pomc,upper
782,122.0,21.524590163934427,2626.0,B465_ARC _C3_slice4-Ort.czi,old,pomc,upper
783,2185.0,19.79908466819222,43261.0,B465_ARC _C3_slice4-Ort.czi,old,pomc,upper
784,3319.0,20.15697499246761,66901.0,B465_ARC _C3_slice4-Ort.czi,old,pomc,upper
785,1.0,16.0,16.0,B465_ARC _C3_slice4-Ort.czi,old,pomc,upper
786,54.0,21.444444444444443,1158.0,B465_ARC _C3_slice4-Ort.czi,old,pomc,upper
787,20.0,24.25,485.0,B465_ARC _C3_slice4-Ort.czi,old,pomc,upper
788,1.0,20.0,20.0,B465_ARC _C3_slice4-Ort.czi,old,pomc,upper
789,1.0,12.0,12.0,B465_ARC _C3_slice4-Ort.czi,old,pomc,upper
790,1.0,17.0,17.0,B465_ARC _C3_slice4-Ort.czi,old,pomc,upper
791,27.0,26.666666666666668,720.0,B465_ARC _C3_slice4-Ort.czi,old,pomc,upper
792,101.0,25.247524752475247,2550.0,B465_ARC _C3_slice4-Ort.czi,old,pomc,upper
793,58.0,22.75862068965517,1320.0,B465_ARC _C3_slice4-Ort.czi,old,pomc,upper
794,302.0,20.52980132450331,6200.0,B465_ARC _C3_slice4-Ort.czi,old,pomc,upper
795,169.0,25.19526627218935,4258.0,B465_ARC _C3_slice4-Ort.czi,old,pomc,upper
796,157.0,19.50955414012739,3063.0,B465_ARC _C3_slice4-Ort.czi,old,pomc,upper
797,112.0,23.508928571428573,2633.0,B465_ARC _C3_slice4-Ort.czi,old,pomc,upper
798,15.0,18.666666666666668,280.0,B465_ARC _C3_slice4-Ort.czi,old,pomc,upper
799,1.0,31.0,31.0,B465_ARC _C3_slice4-Ort.czi,old,pomc,upper
800,50.0,21.48,1074.0,B465_ARC _C3_slice4-Ort.czi,old,pomc,upper
801,66.0,17.545454545454547,1158.0,B465_ARC _C3_slice4-Ort.czi,old,pomc,upper
802,443.0,18.33860045146727,8124.0,B465_ARC _C3_slice4-Ort.czi,old,pomc,upper
803,497.0,21.42655935613682,10649.0,B465_ARC _C3_slice4-Ort.czi,old,pomc,upper
804,1.0,29.0,29.0,B465_ARC _C3_slice4-Ort.czi,old,pomc,upper
805,88.0,25.704545454545453,2262.0,B465_ARC _C3_slice4-Ort.czi,old,pomc,upper
806,115.0,20.591304347826085,2368.0,B465_ARC _C3_slice4-Ort.czi,old,pomc,upper
807,152.0,24.55921052631579,3733.0000000000005,B465_ARC _C3_slice4-Ort.czi,old,pomc,upper
808,1.0,21.0,21.0,B465_ARC _C3_slice4-Ort.czi,old,pomc,upper
809,134.0,21.58955223880597,2893.0,B465_ARC _C3_slice4-Ort.czi,old,pomc,upper
810,23.0,19.043478260869566,438.0,B465_ARC _C3_slice4-Ort.czi,old,pomc,upper
811,7.0,31.142857142857142,218.0,B465_ARC _C3_slice4-Ort.czi,old,pomc,upper
812,988.0,20.35425101214575,20110.0,B465_ARC _C3_slice4-Ort.czi,old,pomc,upper
813,56.0,18.821428571428573,1054.0,B465_ARC _C3_slice4-Ort.czi,old,pomc,upper
814,1.0,25.0,25.0,B465_ARC _C3_slice4-Ort.czi,old,pomc,upper
815,11.0,17.636363636363637,194.0,B465_ARC _C3_slice4-Ort.czi,old,pomc,upper
816,191.0,18.083769633507853,3454.0,B465_ARC _C3_slice4-Ort.czi,old,pomc,upper
817,258.0,23.11627906976744,5964.0,B465_ARC _C3_slice4-Ort.czi,old,pomc,upper
818,3.0,26.0,78.0,B465_ARC _C3_slice4-Ort.czi,old,pomc,upper
819,144.0,25.34722222222222,3650.0,B465_ARC _C3_slice4-Ort.czi,old,pomc,upper
820,180.0,19.516666666666666,3513.0,B465_ARC _C3_slice4-Ort.czi,old,pomc,upper
821,61.0,24.131147540983605,1472.0,B465_ARC _C3_slice4-Ort.czi,old,pomc,upper
822,317.0,21.813880126182966,6915.0,B465_ARC _C3_slice4-Ort.czi,old,pomc,upper
823,40.0,25.575,1023.0,B465_ARC _C3_slice4-Ort.czi,old,pomc,upper
824,18.0,24.055555555555557,433.0,B465_ARC _C3_slice4-Ort.czi,old,pomc,upper
825,80.0,21.625,1730.0,B465_ARC _C3_slice4-Ort.czi,old,pomc,upper
826,801.0,25.645443196004994,20542.0,B465_ARC _C3_slice4-Ort.czi,old,pomc,upper
827,193.0,21.22279792746114,4096.0,B465_ARC _C3_slice4-Ort.czi,old,pomc,upper
828,538.0,21.178438661710036,11394.0,B465_ARC _C3_slice4-Ort.czi,old,pomc,upper
829,51.0,27.313725490196077,1393.0,B465_ARC _C3_slice4-Ort.czi,old,pomc,upper
830,907.0,21.03858875413451,19082.0,B465_ARC _C3_slice4-Ort.czi,old,pomc,upper
831,175.0,19.97142857142857,3495.0,B465_ARC _C3_slice4-Ort.czi,old,pomc,upper
832,2.0,23.0,46.0,B465_ARC _C3_slice4-Ort.czi,old,pomc,upper
833,537.0,21.366852886405958,11474.0,B465_ARC _C3_slice4-Ort.czi,old,pomc,upper
834,1145.0,20.43755458515284,23401.0,B465_ARC _C3_slice4-Ort.czi,old,pomc,upper
835,15.0,17.533333333333335,263.0,B465_ARC _C3_slice4-Ort.czi,old,pomc,upper
836,1.0,33.0,33.0,B465_ARC _C3_slice4-Ort.czi,old,pomc,upper
837,50.0,21.82,1091.0,B465_ARC _C3_slice4-Ort.czi,old,pomc,upper
838,17.0,25.058823529411764,426.0,B465_ARC _C3_slice4-Ort.czi,old,pomc,upper
839,81.0,20.691358024691358,1676.0,B465_ARC _C3_slice4-Ort.czi,old,pomc,upper
840,164.0,21.298780487804876,3492.9999999999995,B465_ARC _C3_slice4-Ort.czi,old,pomc,upper
841,8.0,25.75,206.0,B465_ARC _C3_slice4-Ort.czi,old,pomc,upper
842,83.0,21.93975903614458,1821.0,B465_ARC _C3_slice4-Ort.czi,old,pomc,upper
843,30.0,19.8,594.0,B465_ARC _C3_slice4-Ort.czi,old,pomc,upper
844,64.0,22.390625,1433.0,B465_ARC _C3_slice4-Ort.czi,old,pomc,upper
845,24.0,25.833333333333332,620.0,B465_ARC _C3_slice4-Ort.czi,old,pomc,upper
846,75.0,20.213333333333335,1516.0,B465_ARC _C3_slice4-Ort.czi,old,pomc,upper
847,225.0,21.657777777777778,4873.0,B465_ARC _C3_slice4-Ort.czi,old,pomc,upper
848,389.0,20.858611825192803,8114.0,B465_ARC _C3_slice4-Ort.czi,old,pomc,upper
849,286.0,21.716783216783217,6211.0,B465_ARC _C3_slice4-Ort.czi,old,pomc,upper
850,18.0,18.444444444444443,332.0,B465_ARC _C3_slice4-Ort.czi,old,pomc,upper
851,182.0,21.186813186813186,3856.0,B465_ARC _C3_slice4-Ort.czi,old,pomc,upper
852,148.0,21.43918918918919,3173.0,B465_ARC _C3_slice4-Ort.czi,old,pomc,upper
853,79.0,23.189873417721518,1832.0,B465_ARC _C3_slice4-Ort.czi,old,pomc,upper
