label,area,mean_intensity,integrated_density,filename,age,channel,region
1,188.0,242.17021276595744,45528.0,F656_ARC _B3_slice3-Ort.czi,old,pomc,lower
2,173.0,247.39306358381504,42799.0,F656_ARC _B3_slice3-Ort.czi,old,pomc,lower
3,100.0,249.03,24903.0,F656_ARC _B3_slice3-Ort.czi,old,pomc,lower
4,125.0,237.92,29740.0,F656_ARC _B3_slice3-Ort.czi,old,pomc,lower
5,153.0,242.8562091503268,37157.0,F656_ARC _B3_slice3-Ort.czi,old,pomc,lower
6,75.0,184.81333333333333,13861.0,F656_ARC _B3_slice3-Ort.czi,old,pomc,lower
7,11.0,255.0,2805.0,F656_ARC _B3_slice3-Ort.czi,old,pomc,lower
8,80.0,238.0125,19041.0,F656_ARC _B3_slice3-Ort.czi,old,pomc,lower
9,212.0,235.94811320754718,50021.0,F656_ARC _B3_slice3-Ort.czi,old,pomc,lower
10,40.0,195.5,7820.0,F656_ARC _B3_slice3-Ort.czi,old,pomc,lower
11,280.0,241.39285714285714,67590.0,F656_ARC _B3_slice3-Ort.czi,old,pomc,lower
12,120.0,244.625,29355.0,F656_ARC _B3_slice3-Ort.czi,old,pomc,lower
13,103.0,241.28155339805826,24852.0,F656_ARC _B3_slice3-Ort.czi,old,pomc,lower
14,198.0,245.54545454545453,48618.0,F656_ARC _B3_slice3-Ort.czi,old,pomc,lower
15,26.0,243.0,6318.0,F656_ARC _B3_slice3-Ort.czi,old,pomc,lower
16,35.0,246.68571428571428,8634.0,F656_ARC _B3_slice3-Ort.czi,old,pomc,lower
17,90.0,248.15555555555557,22334.0,F656_ARC _B3_slice3-Ort.czi,old,pomc,lower
18,21.0,239.76190476190476,5035.0,F656_ARC _B3_slice3-Ort.czi,old,pomc,lower
19,92.0,247.2391304347826,22746.0,F656_ARC _B3_slice3-Ort.czi,old,pomc,lower
20,36.0,182.05555555555554,6554.0,F656_ARC _B3_slice3-Ort.czi,old,pomc,lower
21,93.0,238.32258064516128,22164.0,F656_ARC _B3_slice3-Ort.czi,old,pomc,lower
22,105.0,240.17142857142858,25218.0,F656_ARC _B3_slice3-Ort.czi,old,pomc,lower
23,141.0,239.93617021276594,33831.0,F656_ARC _B3_slice3-Ort.czi,old,pomc,lower
24,120.0,240.975,28917.0,F656_ARC _B3_slice3-Ort.czi,old,pomc,lower
25,179.0,240.75977653631284,43096.0,F656_ARC _B3_slice3-Ort.czi,old,pomc,lower
26,171.0,245.53801169590642,41987.0,F656_ARC _B3_slice3-Ort.czi,old,pomc,lower
27,156.0,234.57692307692307,36594.0,F656_ARC _B3_slice3-Ort.czi,old,pomc,lower
28,106.0,217.39622641509433,23044.0,F656_ARC _B3_slice3-Ort.czi,old,pomc,lower
29,57.0,234.73684210526315,13380.0,F656_ARC _B3_slice3-Ort.czi,old,pomc,lower
30,111.0,251.7117117117117,27940.0,F656_ARC _B3_slice3-Ort.czi,old,pomc,lower
31,155.0,243.6451612903226,37765.0,F656_ARC _B3_slice3-Ort.czi,old,pomc,lower
32,169.0,248.2662721893491,41957.0,F656_ARC _B3_slice3-Ort.czi,old,pomc,lower
33,192.0,246.44270833333334,47317.0,F656_ARC _B3_slice3-Ort.czi,old,pomc,lower
34,324.0,243.10802469135803,78767.0,F656_ARC _B3_slice3-Ort.czi,old,pomc,lower
35,38.0,236.92105263157896,9003.0,F656_ARC _B3_slice3-Ort.czi,old,pomc,lower
36,35.0,249.17142857142858,8721.0,F656_ARC _B3_slice3-Ort.czi,old,pomc,lower
37,68.0,223.9558823529412,15229.0,F656_ARC _B3_slice3-Ort.czi,old,pomc,lower
38,92.0,244.0326086956522,22451.0,F656_ARC _B3_slice3-Ort.czi,old,pomc,lower
39,167.0,247.2754491017964,41295.0,F656_ARC _B3_slice3-Ort.czi,old,pomc,lower
40,210.0,241.57142857142858,50730.0,F656_ARC _B3_slice3-Ort.czi,old,pomc,lower
41,45.0,248.53333333333333,11184.0,F656_ARC _B3_slice3-Ort.czi,old,pomc,lower
42,179.0,244.9441340782123,43845.0,F656_ARC _B3_slice3-Ort.czi,old,pomc,lower
43,145.0,247.58620689655172,35900.0,F656_ARC _B3_slice3-Ort.czi,old,pomc,lower
44,61.0,244.45901639344262,14912.0,F656_ARC _B3_slice3-Ort.czi,old,pomc,lower
45,174.0,247.32183908045977,43034.0,F656_ARC _B3_slice3-Ort.czi,old,pomc,lower
46,54.0,243.33333333333334,13140.0,F656_ARC _B3_slice3-Ort.czi,old,pomc,lower
47,91.0,211.86813186813185,19280.0,F656_ARC _B3_slice3-Ort.czi,old,pomc,lower
48,37.0,233.1081081081081,8625.0,F656_ARC _B3_slice3-Ort.czi,old,pomc,lower
49,154.0,240.0194805194805,36963.0,F656_ARC _B3_slice3-Ort.czi,old,pomc,lower
50,139.0,249.9928057553957,34749.0,F656_ARC _B3_slice3-Ort.czi,old,pomc,lower
51,95.0,246.38947368421051,23407.0,F656_ARC _B3_slice3-Ort.czi,old,pomc,lower
52,208.0,248.0625,51597.0,F656_ARC _B3_slice3-Ort.czi,old,pomc,lower
53,344.0,237.00290697674419,81529.0,F656_ARC _B3_slice3-Ort.czi,old,pomc,lower
54,338.0,241.18639053254438,81521.0,F656_ARC _B3_slice3-Ort.czi,old,pomc,lower
55,114.0,245.16666666666666,27949.0,F656_ARC _B3_slice3-Ort.czi,old,pomc,lower
56,284.0,232.5,66030.0,F656_ARC _B3_slice3-Ort.czi,old,pomc,lower
57,181.0,242.06629834254144,43814.0,F656_ARC _B3_slice3-Ort.czi,old,pomc,lower
58,18.0,239.5,4311.0,F656_ARC _B3_slice3-Ort.czi,old,pomc,lower
59,214.0,243.97196261682242,52210.0,F656_ARC _B3_slice3-Ort.czi,old,pomc,lower
60,46.0,230.08695652173913,10584.0,F656_ARC _B3_slice3-Ort.czi,old,pomc,lower
61,63.0,199.25396825396825,12553.0,F656_ARC _B3_slice3-Ort.czi,old,pomc,lower
62,244.0,241.0737704918033,58822.0,F656_ARC _B3_slice3-Ort.czi,old,pomc,lower
63,9.0,218.77777777777777,1969.0,F656_ARC _B3_slice3-Ort.czi,old,pomc,lower
64,125.0,239.176,29897.0,F656_ARC _B3_slice3-Ort.czi,old,pomc,lower
65,34.0,228.8235294117647,7780.0,F656_ARC _B3_slice3-Ort.czi,old,pomc,lower
66,38.0,212.76315789473685,8085.0,F656_ARC _B3_slice3-Ort.czi,old,pomc,lower
67,88.0,241.4318181818182,21246.0,F656_ARC _B3_slice3-Ort.czi,old,pomc,lower
68,178.0,236.06179775280899,42019.0,F656_ARC _B3_slice3-Ort.czi,old,pomc,lower
69,206.0,238.25728155339806,49081.0,F656_ARC _B3_slice3-Ort.czi,old,pomc,lower
70,60.0,249.53333333333333,14972.0,F656_ARC _B3_slice3-Ort.czi,old,pomc,lower
71,115.0,246.3217391304348,28327.0,F656_ARC _B3_slice3-Ort.czi,old,pomc,lower
72,129.0,246.45736434108528,31793.0,F656_ARC _B3_slice3-Ort.czi,old,pomc,lower
73,19.0,206.0,3914.0,F656_ARC _B3_slice3-Ort.czi,old,pomc,lower
74,175.0,241.06285714285715,42186.0,F656_ARC _B3_slice3-Ort.czi,old,pomc,lower
75,30.0,249.9,7497.0,F656_ARC _B3_slice3-Ort.czi,old,pomc,lower
76,6.0,222.5,1335.0,F656_ARC _B3_slice3-Ort.czi,old,pomc,lower
77,328.0,245.5579268292683,80543.0,F656_ARC _B3_slice3-Ort.czi,old,pomc,lower
78,103.0,244.85436893203882,25220.0,F656_ARC _B3_slice3-Ort.czi,old,pomc,lower
79,96.0,234.25,22488.0,F656_ARC _B3_slice3-Ort.czi,old,pomc,lower
80,210.0,242.48095238095237,50921.0,F656_ARC _B3_slice3-Ort.czi,old,pomc,lower
81,178.0,233.26404494382024,41521.0,F656_ARC _B3_slice3-Ort.czi,old,pomc,lower
82,95.0,197.94736842105263,18805.0,F656_ARC _B3_slice3-Ort.czi,old,pomc,lower
83,176.0,243.48863636363637,42854.0,F656_ARC _B3_slice3-Ort.czi,old,pomc,lower
84,310.0,232.33870967741936,72025.0,F656_ARC _B3_slice3-Ort.czi,old,pomc,lower
85,68.0,244.02941176470588,16594.0,F656_ARC _B3_slice3-Ort.czi,old,pomc,lower
86,113.0,244.24778761061947,27600.0,F656_ARC _B3_slice3-Ort.czi,old,pomc,lower
87,50.0,231.62,11581.0,F656_ARC _B3_slice3-Ort.czi,old,pomc,lower
88,247.0,237.71255060728745,58715.0,F656_ARC _B3_slice3-Ort.czi,old,pomc,lower
89,245.0,239.73061224489797,58734.0,F656_ARC _B3_slice3-Ort.czi,old,pomc,lower
90,83.0,240.87951807228916,19993.0,F656_ARC _B3_slice3-Ort.czi,old,pomc,lower
91,268.0,246.36194029850745,66025.0,F656_ARC _B3_slice3-Ort.czi,old,pomc,lower
92,107.0,244.53271028037383,26165.0,F656_ARC _B3_slice3-Ort.czi,old,pomc,lower
93,57.0,234.21052631578948,13350.0,F656_ARC _B3_slice3-Ort.czi,old,pomc,lower
94,214.0,235.3785046728972,50371.0,F656_ARC _B3_slice3-Ort.czi,old,pomc,lower
95,184.0,239.34782608695653,44040.0,F656_ARC _B3_slice3-Ort.czi,old,pomc,lower
96,187.0,248.6951871657754,46506.0,F656_ARC _B3_slice3-Ort.czi,old,pomc,lower
97,202.0,247.23267326732673,49941.0,F656_ARC _B3_slice3-Ort.czi,old,pomc,lower
98,81.0,230.50617283950618,18671.0,F656_ARC _B3_slice3-Ort.czi,old,pomc,lower
99,123.0,244.2520325203252,30043.0,F656_ARC _B3_slice3-Ort.czi,old,pomc,lower
100,187.0,239.9090909090909,44863.0,F656_ARC _B3_slice3-Ort.czi,old,pomc,lower
101,13.0,252.76923076923077,3286.0,F656_ARC _B3_slice3-Ort.czi,old,pomc,lower
102,116.0,247.8793103448276,28754.0,F656_ARC _B3_slice3-Ort.czi,old,pomc,lower
103,193.0,247.87046632124353,47839.0,F656_ARC _B3_slice3-Ort.czi,old,pomc,lower
104,73.0,238.12328767123287,17383.0,F656_ARC _B3_slice3-Ort.czi,old,pomc,lower
105,244.0,232.5327868852459,56738.0,F656_ARC _B3_slice3-Ort.czi,old,pomc,lower
106,106.0,220.5188679245283,23375.0,F656_ARC _B3_slice3-Ort.czi,old,pomc,lower
107,166.0,239.04819277108433,39682.0,F656_ARC _B3_slice3-Ort.czi,old,pomc,lower
108,65.0,246.47692307692307,16021.0,F656_ARC _B3_slice3-Ort.czi,old,pomc,lower
109,173.0,242.07514450867052,41879.0,F656_ARC _B3_slice3-Ort.czi,old,pomc,lower
110,54.0,244.72222222222223,13215.0,F656_ARC _B3_slice3-Ort.czi,old,pomc,lower
111,51.0,229.7058823529412,11715.0,F656_ARC _B3_slice3-Ort.czi,old,pomc,lower
112,104.0,249.60576923076923,25959.0,F656_ARC _B3_slice3-Ort.czi,old,pomc,lower
113,172.0,246.9825581395349,42481.0,F656_ARC _B3_slice3-Ort.czi,old,pomc,lower
114,134.0,216.044776119403,28950.0,F656_ARC _B3_slice3-Ort.czi,old,pomc,lower
115,69.0,218.6231884057971,15085.0,F656_ARC _B3_slice3-Ort.czi,old,pomc,lower
116,133.0,222.05263157894737,29533.0,F656_ARC _B3_slice3-Ort.czi,old,pomc,lower
117,101.0,239.32673267326732,24172.0,F656_ARC _B3_slice3-Ort.czi,old,pomc,lower
1,59.0,244.84745762711864,14446.0,B489_ARC_xxx_slice2-Ort.czi,old,pomc,lower
2,36.0,156.72222222222223,5642.0,B489_ARC_xxx_slice2-Ort.czi,old,pomc,lower
3,168.0,241.57142857142858,40584.0,B489_ARC_xxx_slice2-Ort.czi,old,pomc,lower
4,59.0,246.1864406779661,14525.0,B489_ARC_xxx_slice2-Ort.czi,old,pomc,lower
5,12.0,140.5,1686.0,B489_ARC_xxx_slice2-Ort.czi,old,pomc,lower
6,9.0,147.77777777777777,1330.0,B489_ARC_xxx_slice2-Ort.czi,old,pomc,lower
7,34.0,162.26470588235293,5517.0,B489_ARC_xxx_slice2-Ort.czi,old,pomc,lower
8,48.0,243.66666666666666,11696.0,B489_ARC_xxx_slice2-Ort.czi,old,pomc,lower
9,85.0,175.04705882352943,14879.000000000002,B489_ARC_xxx_slice2-Ort.czi,old,pomc,lower
10,94.0,248.64893617021278,23373.0,B489_ARC_xxx_slice2-Ort.czi,old,pomc,lower
11,81.0,242.14814814814815,19614.0,B489_ARC_xxx_slice2-Ort.czi,old,pomc,lower
12,107.0,201.14953271028037,21523.0,B489_ARC_xxx_slice2-Ort.czi,old,pomc,lower
13,79.0,234.77215189873417,18547.0,B489_ARC_xxx_slice2-Ort.czi,old,pomc,lower
14,108.0,234.47222222222223,25323.0,B489_ARC_xxx_slice2-Ort.czi,old,pomc,lower
15,172.0,247.22093023255815,42522.0,B489_ARC_xxx_slice2-Ort.czi,old,pomc,lower
16,73.0,203.21917808219177,14835.0,B489_ARC_xxx_slice2-Ort.czi,old,pomc,lower
17,130.0,244.97692307692307,31847.0,B489_ARC_xxx_slice2-Ort.czi,old,pomc,lower
18,51.0,222.54901960784315,11350.0,B489_ARC_xxx_slice2-Ort.czi,old,pomc,lower
19,76.0,201.76315789473685,15334.0,B489_ARC_xxx_slice2-Ort.czi,old,pomc,lower
20,143.0,250.5734265734266,35832.0,B489_ARC_xxx_slice2-Ort.czi,old,pomc,lower
21,45.0,191.0888888888889,8599.0,B489_ARC_xxx_slice2-Ort.czi,old,pomc,lower
22,140.0,235.0142857142857,32902.0,B489_ARC_xxx_slice2-Ort.czi,old,pomc,lower
23,15.0,167.13333333333333,2507.0,B489_ARC_xxx_slice2-Ort.czi,old,pomc,lower
24,44.0,202.45454545454547,8908.0,B489_ARC_xxx_slice2-Ort.czi,old,pomc,lower
25,47.0,185.31914893617022,8710.0,B489_ARC_xxx_slice2-Ort.czi,old,pomc,lower
26,41.0,233.4390243902439,9571.0,B489_ARC_xxx_slice2-Ort.czi,old,pomc,lower
27,180.0,247.05555555555554,44470.0,B489_ARC_xxx_slice2-Ort.czi,old,pomc,lower
28,125.0,242.28,30285.0,B489_ARC_xxx_slice2-Ort.czi,old,pomc,lower
29,72.0,247.26388888888889,17803.0,B489_ARC_xxx_slice2-Ort.czi,old,pomc,lower
30,68.0,184.14705882352942,12522.0,B489_ARC_xxx_slice2-Ort.czi,old,pomc,lower
31,238.0,246.3235294117647,58625.0,B489_ARC_xxx_slice2-Ort.czi,old,pomc,lower
32,80.0,190.2,15216.0,B489_ARC_xxx_slice2-Ort.czi,old,pomc,lower
33,88.0,202.1818181818182,17792.0,B489_ARC_xxx_slice2-Ort.czi,old,pomc,lower
34,93.0,252.36559139784947,23470.0,B489_ARC_xxx_slice2-Ort.czi,old,pomc,lower
35,9.0,205.0,1845.0,B489_ARC_xxx_slice2-Ort.czi,old,pomc,lower
36,115.0,250.09565217391304,28761.0,B489_ARC_xxx_slice2-Ort.czi,old,pomc,lower
37,159.0,229.32075471698113,36462.0,B489_ARC_xxx_slice2-Ort.czi,old,pomc,lower
38,44.0,199.02272727272728,8757.0,B489_ARC_xxx_slice2-Ort.czi,old,pomc,lower
39,133.0,245.82706766917292,32695.0,B489_ARC_xxx_slice2-Ort.czi,old,pomc,lower
40,76.0,194.93421052631578,14815.0,B489_ARC_xxx_slice2-Ort.czi,old,pomc,lower
41,173.0,236.27745664739885,40876.0,B489_ARC_xxx_slice2-Ort.czi,old,pomc,lower
42,50.0,234.78,11739.0,B489_ARC_xxx_slice2-Ort.czi,old,pomc,lower
43,105.0,227.26666666666668,23863.0,B489_ARC_xxx_slice2-Ort.czi,old,pomc,lower
44,166.0,246.1144578313253,40855.0,B489_ARC_xxx_slice2-Ort.czi,old,pomc,lower
45,129.0,232.9922480620155,30056.0,B489_ARC_xxx_slice2-Ort.czi,old,pomc,lower
46,125.0,250.896,31362.0,B489_ARC_xxx_slice2-Ort.czi,old,pomc,lower
47,65.0,245.7846153846154,15976.0,B489_ARC_xxx_slice2-Ort.czi,old,pomc,lower
48,45.0,215.86666666666667,9714.0,B489_ARC_xxx_slice2-Ort.czi,old,pomc,lower
49,142.0,236.77464788732394,33622.0,B489_ARC_xxx_slice2-Ort.czi,old,pomc,lower
50,65.0,204.63076923076923,13301.0,B489_ARC_xxx_slice2-Ort.czi,old,pomc,lower
51,170.0,183.22941176470587,31149.0,B489_ARC_xxx_slice2-Ort.czi,old,pomc,lower
52,60.0,184.53333333333333,11072.0,B489_ARC_xxx_slice2-Ort.czi,old,pomc,lower
53,132.0,249.57575757575756,32944.0,B489_ARC_xxx_slice2-Ort.czi,old,pomc,lower
54,87.0,242.35632183908046,21085.0,B489_ARC_xxx_slice2-Ort.czi,old,pomc,lower
55,48.0,233.29166666666666,11198.0,B489_ARC_xxx_slice2-Ort.czi,old,pomc,lower
56,43.0,220.2325581395349,9470.0,B489_ARC_xxx_slice2-Ort.czi,old,pomc,lower
57,129.0,247.12403100775194,31879.0,B489_ARC_xxx_slice2-Ort.czi,old,pomc,lower
58,57.0,179.9298245614035,10256.0,B489_ARC_xxx_slice2-Ort.czi,old,pomc,lower
59,25.0,174.36,4359.0,B489_ARC_xxx_slice2-Ort.czi,old,pomc,lower
60,73.0,228.16438356164383,16656.0,B489_ARC_xxx_slice2-Ort.czi,old,pomc,lower
61,136.0,242.38235294117646,32964.0,B489_ARC_xxx_slice2-Ort.czi,old,pomc,lower
62,114.0,238.3684210526316,27174.0,B489_ARC_xxx_slice2-Ort.czi,old,pomc,lower
63,410.0,228.0829268292683,93514.0,B489_ARC_xxx_slice2-Ort.czi,old,pomc,lower
64,86.0,237.36046511627907,20413.0,B489_ARC_xxx_slice2-Ort.czi,old,pomc,lower
65,180.0,238.73333333333332,42972.0,B489_ARC_xxx_slice2-Ort.czi,old,pomc,lower
66,14.0,215.64285714285714,3019.0,B489_ARC_xxx_slice2-Ort.czi,old,pomc,lower
67,113.0,192.30973451327435,21731.0,B489_ARC_xxx_slice2-Ort.czi,old,pomc,lower
68,18.0,214.0,3852.0,B489_ARC_xxx_slice2-Ort.czi,old,pomc,lower
69,50.0,246.58,12329.0,B489_ARC_xxx_slice2-Ort.czi,old,pomc,lower
70,29.0,222.17241379310346,6443.0,B489_ARC_xxx_slice2-Ort.czi,old,pomc,lower
71,192.0,246.46875,47322.0,B489_ARC_xxx_slice2-Ort.czi,old,pomc,lower
72,57.0,157.89473684210526,9000.0,B489_ARC_xxx_slice2-Ort.czi,old,pomc,lower
73,7.0,121.85714285714286,853.0,B489_ARC_xxx_slice2-Ort.czi,old,pomc,lower
74,108.0,229.25,24759.0,B489_ARC_xxx_slice2-Ort.czi,old,pomc,lower
75,97.0,235.95876288659792,22888.0,B489_ARC_xxx_slice2-Ort.czi,old,pomc,lower
76,31.0,203.2258064516129,6300.0,B489_ARC_xxx_slice2-Ort.czi,old,pomc,lower
77,45.0,236.26666666666668,10632.0,B489_ARC_xxx_slice2-Ort.czi,old,pomc,lower
78,257.0,227.49027237354085,58465.0,B489_ARC_xxx_slice2-Ort.czi,old,pomc,lower
79,82.0,245.109756097561,20099.0,B489_ARC_xxx_slice2-Ort.czi,old,pomc,lower
80,39.0,204.4102564102564,7972.0,B489_ARC_xxx_slice2-Ort.czi,old,pomc,lower
81,79.0,230.46835443037975,18207.0,B489_ARC_xxx_slice2-Ort.czi,old,pomc,lower
82,113.0,207.9646017699115,23500.0,B489_ARC_xxx_slice2-Ort.czi,old,pomc,lower
83,17.0,178.7058823529412,3038.0,B489_ARC_xxx_slice2-Ort.czi,old,pomc,lower
84,98.0,253.0,24794.0,B489_ARC_xxx_slice2-Ort.czi,old,pomc,lower
85,186.0,247.7258064516129,46077.0,B489_ARC_xxx_slice2-Ort.czi,old,pomc,lower
86,22.0,202.3181818181818,4451.0,B489_ARC_xxx_slice2-Ort.czi,old,pomc,lower
87,27.0,235.92592592592592,6370.0,B489_ARC_xxx_slice2-Ort.czi,old,pomc,lower
88,176.0,226.36363636363637,39840.0,B489_ARC_xxx_slice2-Ort.czi,old,pomc,lower
89,45.0,215.48888888888888,9697.0,B489_ARC_xxx_slice2-Ort.czi,old,pomc,lower
90,7.0,143.0,1001.0,B489_ARC_xxx_slice2-Ort.czi,old,pomc,lower
91,101.0,216.4950495049505,21866.0,B489_ARC_xxx_slice2-Ort.czi,old,pomc,lower
92,123.0,248.15447154471545,30523.0,B489_ARC_xxx_slice2-Ort.czi,old,pomc,lower
93,132.0,237.5151515151515,31352.0,B489_ARC_xxx_slice2-Ort.czi,old,pomc,lower
94,232.0,247.4956896551724,57419.0,B489_ARC_xxx_slice2-Ort.czi,old,pomc,lower
95,14.0,158.57142857142858,2220.0,B489_ARC_xxx_slice2-Ort.czi,old,pomc,lower
96,38.0,207.3421052631579,7879.0,B489_ARC_xxx_slice2-Ort.czi,old,pomc,lower
97,25.0,193.8,4845.0,B489_ARC_xxx_slice2-Ort.czi,old,pomc,lower
98,287.0,204.3658536585366,58653.0,B489_ARC_xxx_slice2-Ort.czi,old,pomc,lower
99,216.0,236.03240740740742,50983.0,B489_ARC_xxx_slice2-Ort.czi,old,pomc,lower
100,14.0,198.78571428571428,2783.0,B489_ARC_xxx_slice2-Ort.czi,old,pomc,lower
101,60.0,178.23333333333332,10694.0,B489_ARC_xxx_slice2-Ort.czi,old,pomc,lower
102,78.0,230.9102564102564,18011.0,B489_ARC_xxx_slice2-Ort.czi,old,pomc,lower
103,53.0,176.39622641509433,9349.0,B489_ARC_xxx_slice2-Ort.czi,old,pomc,lower
104,133.0,209.90225563909775,27917.0,B489_ARC_xxx_slice2-Ort.czi,old,pomc,lower
105,51.0,156.37254901960785,7975.0,B489_ARC_xxx_slice2-Ort.czi,old,pomc,lower
106,78.0,205.14102564102564,16001.0,B489_ARC_xxx_slice2-Ort.czi,old,pomc,lower
107,2.0,95.0,190.0,B489_ARC_xxx_slice2-Ort.czi,old,pomc,lower
108,139.0,230.79136690647482,32080.0,B489_ARC_xxx_slice2-Ort.czi,old,pomc,lower
109,12.0,188.33333333333334,2260.0,B489_ARC_xxx_slice2-Ort.czi,old,pomc,lower
110,65.0,182.83076923076922,11884.0,B489_ARC_xxx_slice2-Ort.czi,old,pomc,lower
111,106.0,194.97169811320754,20667.0,B489_ARC_xxx_slice2-Ort.czi,old,pomc,lower
112,63.0,194.20634920634922,12235.0,B489_ARC_xxx_slice2-Ort.czi,old,pomc,lower
113,25.0,198.48,4962.0,B489_ARC_xxx_slice2-Ort.czi,old,pomc,lower
114,14.0,135.92857142857142,1902.9999999999998,B489_ARC_xxx_slice2-Ort.czi,old,pomc,lower
115,8.0,191.875,1535.0,B489_ARC_xxx_slice2-Ort.czi,old,pomc,lower
1,102.0,238.85294117647058,24363.0,B482_ARC _B3_slice6-Ort.czi,old,pomc,lower
2,132.0,218.0151515151515,28778.0,B482_ARC _B3_slice6-Ort.czi,old,pomc,lower
3,17.0,151.35294117647058,2573.0,B482_ARC _B3_slice6-Ort.czi,old,pomc,lower
4,195.0,239.34871794871796,46673.0,B482_ARC _B3_slice6-Ort.czi,old,pomc,lower
5,56.0,236.69642857142858,13255.0,B482_ARC _B3_slice6-Ort.czi,old,pomc,lower
6,89.0,238.64044943820224,21239.0,B482_ARC _B3_slice6-Ort.czi,old,pomc,lower
7,51.0,210.3921568627451,10730.0,B482_ARC _B3_slice6-Ort.czi,old,pomc,lower
8,82.0,244.5,20049.0,B482_ARC _B3_slice6-Ort.czi,old,pomc,lower
9,62.0,225.32258064516128,13970.0,B482_ARC _B3_slice6-Ort.czi,old,pomc,lower
10,78.0,223.43589743589743,17428.0,B482_ARC _B3_slice6-Ort.czi,old,pomc,lower
11,24.0,183.0,4392.0,B482_ARC _B3_slice6-Ort.czi,old,pomc,lower
12,102.0,212.52941176470588,21678.0,B482_ARC _B3_slice6-Ort.czi,old,pomc,lower
13,70.0,203.85714285714286,14270.0,B482_ARC _B3_slice6-Ort.czi,old,pomc,lower
14,7.0,189.14285714285714,1324.0,B482_ARC _B3_slice6-Ort.czi,old,pomc,lower
15,301.0,236.80066445182723,71277.0,B482_ARC _B3_slice6-Ort.czi,old,pomc,lower
16,26.0,231.46153846153845,6018.0,B482_ARC _B3_slice6-Ort.czi,old,pomc,lower
17,185.0,242.69189189189188,44898.0,B482_ARC _B3_slice6-Ort.czi,old,pomc,lower
18,122.0,231.29508196721312,28218.0,B482_ARC _B3_slice6-Ort.czi,old,pomc,lower
19,2.0,150.0,300.0,B482_ARC _B3_slice6-Ort.czi,old,pomc,lower
20,15.0,224.2,3363.0,B482_ARC _B3_slice6-Ort.czi,old,pomc,lower
21,104.0,225.3653846153846,23438.0,B482_ARC _B3_slice6-Ort.czi,old,pomc,lower
22,27.0,149.4814814814815,4036.0000000000005,B482_ARC _B3_slice6-Ort.czi,old,pomc,lower
23,244.0,235.62295081967213,57492.0,B482_ARC _B3_slice6-Ort.czi,old,pomc,lower
24,112.0,236.10714285714286,26444.0,B482_ARC _B3_slice6-Ort.czi,old,pomc,lower
25,106.0,231.6320754716981,24553.0,B482_ARC _B3_slice6-Ort.czi,old,pomc,lower
26,79.0,225.9873417721519,17853.0,B482_ARC _B3_slice6-Ort.czi,old,pomc,lower
27,193.0,244.34715025906735,47159.0,B482_ARC _B3_slice6-Ort.czi,old,pomc,lower
28,16.0,216.3125,3461.0,B482_ARC _B3_slice6-Ort.czi,old,pomc,lower
29,198.0,237.77272727272728,47079.0,B482_ARC _B3_slice6-Ort.czi,old,pomc,lower
30,84.0,236.54761904761904,19870.0,B482_ARC _B3_slice6-Ort.czi,old,pomc,lower
31,26.0,134.23076923076923,3490.0,B482_ARC _B3_slice6-Ort.czi,old,pomc,lower
32,14.0,115.21428571428571,1613.0,B482_ARC _B3_slice6-Ort.czi,old,pomc,lower
33,31.0,220.61290322580646,6839.0,B482_ARC _B3_slice6-Ort.czi,old,pomc,lower
34,12.0,244.66666666666666,2936.0,B482_ARC _B3_slice6-Ort.czi,old,pomc,lower
35,36.0,245.22222222222223,8828.0,B482_ARC _B3_slice6-Ort.czi,old,pomc,lower
36,27.0,246.2962962962963,6650.0,B482_ARC _B3_slice6-Ort.czi,old,pomc,lower
37,66.0,246.24242424242425,16252.0,B482_ARC _B3_slice6-Ort.czi,old,pomc,lower
38,158.0,238.13924050632912,37626.0,B482_ARC _B3_slice6-Ort.czi,old,pomc,lower
39,83.0,228.63855421686748,18977.0,B482_ARC _B3_slice6-Ort.czi,old,pomc,lower
40,89.0,240.47191011235955,21402.0,B482_ARC _B3_slice6-Ort.czi,old,pomc,lower
41,146.0,237.986301369863,34746.0,B482_ARC _B3_slice6-Ort.czi,old,pomc,lower
42,98.0,243.03061224489795,23817.0,B482_ARC _B3_slice6-Ort.czi,old,pomc,lower
43,9.0,216.77777777777777,1951.0,B482_ARC _B3_slice6-Ort.czi,old,pomc,lower
44,2.0,160.0,320.0,B482_ARC _B3_slice6-Ort.czi,old,pomc,lower
45,184.0,241.29891304347825,44399.0,B482_ARC _B3_slice6-Ort.czi,old,pomc,lower
46,118.0,246.82203389830508,29125.0,B482_ARC _B3_slice6-Ort.czi,old,pomc,lower
47,121.0,244.54545454545453,29590.0,B482_ARC _B3_slice6-Ort.czi,old,pomc,lower
48,35.0,185.05714285714285,6477.0,B482_ARC _B3_slice6-Ort.czi,old,pomc,lower
49,42.0,223.88095238095238,9403.0,B482_ARC _B3_slice6-Ort.czi,old,pomc,lower
50,258.0,242.31782945736435,62518.0,B482_ARC _B3_slice6-Ort.czi,old,pomc,lower
51,165.0,217.64848484848486,35912.0,B482_ARC _B3_slice6-Ort.czi,old,pomc,lower
52,185.0,237.9945945945946,44029.0,B482_ARC _B3_slice6-Ort.czi,old,pomc,lower
53,173.0,236.78612716763007,40964.0,B482_ARC _B3_slice6-Ort.czi,old,pomc,lower
54,258.0,239.22868217054264,61721.0,B482_ARC _B3_slice6-Ort.czi,old,pomc,lower
55,89.0,241.93258426966293,21532.0,B482_ARC _B3_slice6-Ort.czi,old,pomc,lower
56,208.0,230.75480769230768,47997.0,B482_ARC _B3_slice6-Ort.czi,old,pomc,lower
57,157.0,235.22292993630575,36930.0,B482_ARC _B3_slice6-Ort.czi,old,pomc,lower
58,113.0,246.27433628318585,27829.0,B482_ARC _B3_slice6-Ort.czi,old,pomc,lower
59,7.0,250.28571428571428,1752.0,B482_ARC _B3_slice6-Ort.czi,old,pomc,lower
60,13.0,251.0,3263.0,B482_ARC _B3_slice6-Ort.czi,old,pomc,lower
61,174.0,247.8505747126437,43126.0,B482_ARC _B3_slice6-Ort.czi,old,pomc,lower
62,31.0,216.32258064516128,6706.0,B482_ARC _B3_slice6-Ort.czi,old,pomc,lower
63,142.0,234.29577464788733,33270.0,B482_ARC _B3_slice6-Ort.czi,old,pomc,lower
64,2.0,80.0,160.0,B482_ARC _B3_slice6-Ort.czi,old,pomc,lower
65,6.0,255.0,1530.0,B482_ARC _B3_slice6-Ort.czi,old,pomc,lower
66,68.0,242.76470588235293,16508.0,B482_ARC _B3_slice6-Ort.czi,old,pomc,lower
67,25.0,202.44,5061.0,B482_ARC _B3_slice6-Ort.czi,old,pomc,lower
68,182.0,236.76373626373626,43091.0,B482_ARC _B3_slice6-Ort.czi,old,pomc,lower
69,163.0,242.57668711656441,39540.0,B482_ARC _B3_slice6-Ort.czi,old,pomc,lower
70,80.0,240.4875,19239.0,B482_ARC _B3_slice6-Ort.czi,old,pomc,lower
71,216.0,232.89814814814815,50306.0,B482_ARC _B3_slice6-Ort.czi,old,pomc,lower
72,68.0,215.14705882352942,14630.0,B482_ARC _B3_slice6-Ort.czi,old,pomc,lower
73,57.0,211.78947368421052,12072.0,B482_ARC _B3_slice6-Ort.czi,old,pomc,lower
74,16.0,200.5625,3209.0,B482_ARC _B3_slice6-Ort.czi,old,pomc,lower
75,92.0,247.33695652173913,22755.0,B482_ARC _B3_slice6-Ort.czi,old,pomc,lower
76,401.0,228.9501246882793,91809.0,B482_ARC _B3_slice6-Ort.czi,old,pomc,lower
77,23.0,233.56521739130434,5372.0,B482_ARC _B3_slice6-Ort.czi,old,pomc,lower
78,112.0,241.10714285714286,27004.0,B482_ARC _B3_slice6-Ort.czi,old,pomc,lower
79,61.0,223.37704918032787,13626.0,B482_ARC _B3_slice6-Ort.czi,old,pomc,lower
80,337.0,189.01186943620178,63697.0,B482_ARC _B3_slice6-Ort.czi,old,pomc,lower
81,151.0,241.52317880794703,36470.0,B482_ARC _B3_slice6-Ort.czi,old,pomc,lower
82,12.0,217.83333333333334,2614.0,B482_ARC _B3_slice6-Ort.czi,old,pomc,lower
83,141.0,231.43971631205673,32633.0,B482_ARC _B3_slice6-Ort.czi,old,pomc,lower
84,126.0,230.73015873015873,29072.0,B482_ARC _B3_slice6-Ort.czi,old,pomc,lower
85,141.0,235.0212765957447,33138.0,B482_ARC _B3_slice6-Ort.czi,old,pomc,lower
86,58.0,220.67241379310346,12799.0,B482_ARC _B3_slice6-Ort.czi,old,pomc,lower
87,58.0,243.56896551724137,14127.0,B482_ARC _B3_slice6-Ort.czi,old,pomc,lower
88,235.0,238.74893617021277,56106.0,B482_ARC _B3_slice6-Ort.czi,old,pomc,lower
89,70.0,225.97142857142856,15818.0,B482_ARC _B3_slice6-Ort.czi,old,pomc,lower
90,376.0,228.57978723404256,85946.0,B482_ARC _B3_slice6-Ort.czi,old,pomc,lower
91,7.0,249.85714285714286,1749.0,B482_ARC _B3_slice6-Ort.czi,old,pomc,lower
92,194.0,228.85051546391753,44397.0,B482_ARC _B3_slice6-Ort.czi,old,pomc,lower
93,8.0,228.375,1827.0,B482_ARC _B3_slice6-Ort.czi,old,pomc,lower
94,272.0,240.8308823529412,65506.0,B482_ARC _B3_slice6-Ort.czi,old,pomc,lower
95,237.0,233.61181434599155,55366.0,B482_ARC _B3_slice6-Ort.czi,old,pomc,lower
96,188.0,242.0,45496.0,B482_ARC _B3_slice6-Ort.czi,old,pomc,lower
97,188.0,233.4255319148936,43884.0,B482_ARC _B3_slice6-Ort.czi,old,pomc,lower
98,281.0,232.98932384341637,65470.0,B482_ARC _B3_slice6-Ort.czi,old,pomc,lower
99,131.0,244.12977099236642,31981.0,B482_ARC _B3_slice6-Ort.czi,old,pomc,lower
100,391.0,223.923273657289,87554.0,B482_ARC _B3_slice6-Ort.czi,old,pomc,lower
101,292.0,237.59931506849315,69379.0,B482_ARC _B3_slice6-Ort.czi,old,pomc,lower
102,178.0,232.7808988764045,41435.0,B482_ARC _B3_slice6-Ort.czi,old,pomc,lower
103,83.0,233.72289156626505,19399.0,B482_ARC _B3_slice6-Ort.czi,old,pomc,lower
104,126.0,246.17460317460316,31018.0,B482_ARC _B3_slice6-Ort.czi,old,pomc,lower
105,288.0,230.59722222222223,66412.0,B482_ARC _B3_slice6-Ort.czi,old,pomc,lower
106,168.0,229.9702380952381,38635.0,B482_ARC _B3_slice6-Ort.czi,old,pomc,lower
107,48.0,236.125,11334.0,B482_ARC _B3_slice6-Ort.czi,old,pomc,lower
108,131.0,223.1679389312977,29235.0,B482_ARC _B3_slice6-Ort.czi,old,pomc,lower
109,144.0,234.27083333333334,33735.0,B482_ARC _B3_slice6-Ort.czi,old,pomc,lower
110,114.0,232.7982456140351,26539.0,B482_ARC _B3_slice6-Ort.czi,old,pomc,lower
111,143.0,243.5944055944056,34834.0,B482_ARC _B3_slice6-Ort.czi,old,pomc,lower
112,620.0,228.46612903225807,141649.0,B482_ARC _B3_slice6-Ort.czi,old,pomc,lower
113,40.0,249.6,9984.0,B482_ARC _B3_slice6-Ort.czi,old,pomc,lower
114,180.0,239.45,43101.0,B482_ARC _B3_slice6-Ort.czi,old,pomc,lower
115,131.0,213.51908396946564,27971.0,B482_ARC _B3_slice6-Ort.czi,old,pomc,lower
116,1.0,248.0,248.0,B482_ARC _B3_slice6-Ort.czi,old,pomc,lower
117,61.0,227.40983606557376,13872.0,B482_ARC _B3_slice6-Ort.czi,old,pomc,lower
118,30.0,222.5,6675.0,B482_ARC _B3_slice6-Ort.czi,old,pomc,lower
119,103.0,219.80582524271844,22640.0,B482_ARC _B3_slice6-Ort.czi,old,pomc,lower
120,117.0,240.77777777777777,28171.0,B482_ARC _B3_slice6-Ort.czi,old,pomc,lower
121,88.0,229.0,20152.0,B482_ARC _B3_slice6-Ort.czi,old,pomc,lower
122,26.0,232.76923076923077,6052.0,B482_ARC _B3_slice6-Ort.czi,old,pomc,lower
123,133.0,185.2330827067669,24636.0,B482_ARC _B3_slice6-Ort.czi,old,pomc,lower
124,86.0,247.12790697674419,21253.0,B482_ARC _B3_slice6-Ort.czi,old,pomc,lower
125,154.0,239.47402597402598,36879.0,B482_ARC _B3_slice6-Ort.czi,old,pomc,lower
126,1.0,140.0,140.0,B482_ARC _B3_slice6-Ort.czi,old,pomc,lower
127,2.0,87.5,175.0,B482_ARC _B3_slice6-Ort.czi,old,pomc,lower
128,4.0,244.75,979.0,B482_ARC _B3_slice6-Ort.czi,old,pomc,lower
129,104.0,236.75,24622.0,B482_ARC _B3_slice6-Ort.czi,old,pomc,lower
130,55.0,137.5090909090909,7563.0,B482_ARC _B3_slice6-Ort.czi,old,pomc,lower
131,118.0,133.98305084745763,15810.0,B482_ARC _B3_slice6-Ort.czi,old,pomc,lower
132,20.0,173.5,3470.0,B482_ARC _B3_slice6-Ort.czi,old,pomc,lower
133,1.0,106.0,106.0,B482_ARC _B3_slice6-Ort.czi,old,pomc,lower
134,193.0,135.5699481865285,26165.0,B482_ARC _B3_slice6-Ort.czi,old,pomc,lower
135,104.0,133.71153846153845,13906.0,B482_ARC _B3_slice6-Ort.czi,old,pomc,lower
136,102.0,126.22549019607843,12875.0,B482_ARC _B3_slice6-Ort.czi,old,pomc,lower
137,181.0,181.34254143646407,32823.0,B482_ARC _B3_slice6-Ort.czi,old,pomc,lower
138,67.0,185.5820895522388,12434.0,B482_ARC _B3_slice6-Ort.czi,old,pomc,lower
139,19.0,188.68421052631578,3585.0,B482_ARC _B3_slice6-Ort.czi,old,pomc,lower
140,41.0,154.390243902439,6329.999999999999,B482_ARC _B3_slice6-Ort.czi,old,pomc,lower
141,43.0,184.25581395348837,7923.0,B482_ARC _B3_slice6-Ort.czi,old,pomc,lower
142,14.0,180.0,2520.0,B482_ARC _B3_slice6-Ort.czi,old,pomc,lower
143,27.0,183.92592592592592,4966.0,B482_ARC _B3_slice6-Ort.czi,old,pomc,lower
144,3.0,128.0,384.0,B482_ARC _B3_slice6-Ort.czi,old,pomc,lower
1,101.0,210.73267326732673,21284.0,F656_ARC _B3_slice8-Ort.czi,old,pomc,lower
2,225.0,234.88,52848.0,F656_ARC _B3_slice8-Ort.czi,old,pomc,lower
3,263.0,240.13307984790873,63155.0,F656_ARC _B3_slice8-Ort.czi,old,pomc,lower
4,75.0,244.50666666666666,18338.0,F656_ARC _B3_slice8-Ort.czi,old,pomc,lower
5,2.0,114.0,228.0,F656_ARC _B3_slice8-Ort.czi,old,pomc,lower
6,84.0,188.82142857142858,15861.000000000002,F656_ARC _B3_slice8-Ort.czi,old,pomc,lower
7,172.0,242.26162790697674,41669.0,F656_ARC _B3_slice8-Ort.czi,old,pomc,lower
8,74.0,222.82432432432432,16489.0,F656_ARC _B3_slice8-Ort.czi,old,pomc,lower
9,71.0,233.83098591549296,16602.0,F656_ARC _B3_slice8-Ort.czi,old,pomc,lower
10,67.0,218.40298507462686,14633.0,F656_ARC _B3_slice8-Ort.czi,old,pomc,lower
11,160.0,221.8625,35498.0,F656_ARC _B3_slice8-Ort.czi,old,pomc,lower
12,222.0,214.96396396396398,47722.0,F656_ARC _B3_slice8-Ort.czi,old,pomc,lower
13,155.0,232.70967741935485,36070.0,F656_ARC _B3_slice8-Ort.czi,old,pomc,lower
14,208.0,242.97596153846155,50539.0,F656_ARC _B3_slice8-Ort.czi,old,pomc,lower
15,465.0,210.09462365591398,97694.0,F656_ARC _B3_slice8-Ort.czi,old,pomc,lower
16,66.0,244.16666666666666,16115.0,F656_ARC _B3_slice8-Ort.czi,old,pomc,lower
17,109.0,218.0,23762.0,F656_ARC _B3_slice8-Ort.czi,old,pomc,lower
18,240.0,234.05416666666667,56173.0,F656_ARC _B3_slice8-Ort.czi,old,pomc,lower
19,304.0,222.26315789473685,67568.0,F656_ARC _B3_slice8-Ort.czi,old,pomc,lower
20,296.0,222.59121621621622,65887.0,F656_ARC _B3_slice8-Ort.czi,old,pomc,lower
21,71.0,226.4788732394366,16080.0,F656_ARC _B3_slice8-Ort.czi,old,pomc,lower
22,125.0,174.56,21820.0,F656_ARC _B3_slice8-Ort.czi,old,pomc,lower
23,4.0,186.75,747.0,F656_ARC _B3_slice8-Ort.czi,old,pomc,lower
24,211.0,237.82938388625593,50182.0,F656_ARC _B3_slice8-Ort.czi,old,pomc,lower
25,24.0,222.33333333333334,5336.0,F656_ARC _B3_slice8-Ort.czi,old,pomc,lower
26,146.0,232.34931506849315,33923.0,F656_ARC _B3_slice8-Ort.czi,old,pomc,lower
27,6.0,218.33333333333334,1310.0,F656_ARC _B3_slice8-Ort.czi,old,pomc,lower
28,37.0,158.24324324324326,5855.000000000001,F656_ARC _B3_slice8-Ort.czi,old,pomc,lower
29,144.0,223.20833333333334,32142.0,F656_ARC _B3_slice8-Ort.czi,old,pomc,lower
30,49.0,229.51020408163265,11246.0,F656_ARC _B3_slice8-Ort.czi,old,pomc,lower
31,36.0,192.75,6939.0,F656_ARC _B3_slice8-Ort.czi,old,pomc,lower
32,446.0,232.10762331838566,103520.0,F656_ARC _B3_slice8-Ort.czi,old,pomc,lower
33,187.0,192.22994652406416,35947.0,F656_ARC _B3_slice8-Ort.czi,old,pomc,lower
34,244.0,238.45081967213116,58182.0,F656_ARC _B3_slice8-Ort.czi,old,pomc,lower
35,186.0,244.1021505376344,45403.0,F656_ARC _B3_slice8-Ort.czi,old,pomc,lower
36,2.0,171.0,342.0,F656_ARC _B3_slice8-Ort.czi,old,pomc,lower
37,187.0,229.048128342246,42832.0,F656_ARC _B3_slice8-Ort.czi,old,pomc,lower
38,174.0,218.48275862068965,38016.0,F656_ARC _B3_slice8-Ort.czi,old,pomc,lower
39,173.0,232.97687861271677,40305.0,F656_ARC _B3_slice8-Ort.czi,old,pomc,lower
40,84.0,213.10714285714286,17901.0,F656_ARC _B3_slice8-Ort.czi,old,pomc,lower
41,540.0,240.15185185185186,129682.0,F656_ARC _B3_slice8-Ort.czi,old,pomc,lower
42,156.0,244.33333333333334,38116.0,F656_ARC _B3_slice8-Ort.czi,old,pomc,lower
43,179.0,212.35195530726256,38011.0,F656_ARC _B3_slice8-Ort.czi,old,pomc,lower
44,40.0,248.925,9957.0,F656_ARC _B3_slice8-Ort.czi,old,pomc,lower
45,170.0,234.04705882352943,39788.0,F656_ARC _B3_slice8-Ort.czi,old,pomc,lower
46,122.0,239.5,29219.0,F656_ARC _B3_slice8-Ort.czi,old,pomc,lower
47,54.0,197.09259259259258,10643.0,F656_ARC _B3_slice8-Ort.czi,old,pomc,lower
48,200.0,229.33,45866.0,F656_ARC _B3_slice8-Ort.czi,old,pomc,lower
49,110.0,230.0909090909091,25310.0,F656_ARC _B3_slice8-Ort.czi,old,pomc,lower
50,202.0,227.96534653465346,46049.0,F656_ARC _B3_slice8-Ort.czi,old,pomc,lower
51,94.0,191.24468085106383,17977.0,F656_ARC _B3_slice8-Ort.czi,old,pomc,lower
52,158.0,237.9240506329114,37592.0,F656_ARC _B3_slice8-Ort.czi,old,pomc,lower
53,315.0,226.01904761904763,71196.0,F656_ARC _B3_slice8-Ort.czi,old,pomc,lower
54,102.0,202.2843137254902,20633.0,F656_ARC _B3_slice8-Ort.czi,old,pomc,lower
55,191.0,215.73821989528795,41206.0,F656_ARC _B3_slice8-Ort.czi,old,pomc,lower
56,165.0,193.77575757575758,31973.0,F656_ARC _B3_slice8-Ort.czi,old,pomc,lower
57,48.0,250.16666666666666,12008.0,F656_ARC _B3_slice8-Ort.czi,old,pomc,lower
58,3.0,223.66666666666666,671.0,F656_ARC _B3_slice8-Ort.czi,old,pomc,lower
59,169.0,211.92307692307693,35815.0,F656_ARC _B3_slice8-Ort.czi,old,pomc,lower
60,52.0,169.1346153846154,8795.0,F656_ARC _B3_slice8-Ort.czi,old,pomc,lower
61,2.0,126.5,253.0,F656_ARC _B3_slice8-Ort.czi,old,pomc,lower
62,224.0,219.95089285714286,49269.0,F656_ARC _B3_slice8-Ort.czi,old,pomc,lower
63,79.0,205.1012658227848,16202.999999999998,F656_ARC _B3_slice8-Ort.czi,old,pomc,lower
64,65.0,186.06153846153848,12094.0,F656_ARC _B3_slice8-Ort.czi,old,pomc,lower
65,252.0,203.36111111111111,51247.0,F656_ARC _B3_slice8-Ort.czi,old,pomc,lower
66,150.0,247.82666666666665,37174.0,F656_ARC _B3_slice8-Ort.czi,old,pomc,lower
1,4.0,113.5,454.0,B482_ARC _B3_slice7-Ort.czi,old,pomc,lower
2,246.0,224.40243902439025,55203.0,B482_ARC _B3_slice7-Ort.czi,old,pomc,lower
3,1.0,101.0,101.0,B482_ARC _B3_slice7-Ort.czi,old,pomc,lower
4,5.0,165.0,825.0,B482_ARC _B3_slice7-Ort.czi,old,pomc,lower
5,54.0,215.61111111111111,11643.0,B482_ARC _B3_slice7-Ort.czi,old,pomc,lower
6,2.0,71.5,143.0,B482_ARC _B3_slice7-Ort.czi,old,pomc,lower
7,12.0,120.75,1449.0,B482_ARC _B3_slice7-Ort.czi,old,pomc,lower
8,204.0,231.14705882352942,47154.0,B482_ARC _B3_slice7-Ort.czi,old,pomc,lower
9,68.0,163.77941176470588,11137.0,B482_ARC _B3_slice7-Ort.czi,old,pomc,lower
10,89.0,236.91011235955057,21085.0,B482_ARC _B3_slice7-Ort.czi,old,pomc,lower
11,173.0,167.72254335260115,29016.0,B482_ARC _B3_slice7-Ort.czi,old,pomc,lower
12,217.0,236.10138248847926,51234.0,B482_ARC _B3_slice7-Ort.czi,old,pomc,lower
13,1.0,112.0,112.0,B482_ARC _B3_slice7-Ort.czi,old,pomc,lower
14,28.0,118.82142857142857,3327.0,B482_ARC _B3_slice7-Ort.czi,old,pomc,lower
15,28.0,120.21428571428571,3366.0,B482_ARC _B3_slice7-Ort.czi,old,pomc,lower
16,31.0,200.5483870967742,6217.0,B482_ARC _B3_slice7-Ort.czi,old,pomc,lower
17,7.0,168.14285714285714,1177.0,B482_ARC _B3_slice7-Ort.czi,old,pomc,lower
18,195.0,192.45128205128205,37528.0,B482_ARC _B3_slice7-Ort.czi,old,pomc,lower
19,8.0,160.25,1282.0,B482_ARC _B3_slice7-Ort.czi,old,pomc,lower
20,55.0,177.47272727272727,9761.0,B482_ARC _B3_slice7-Ort.czi,old,pomc,lower
21,239.0,218.0460251046025,52113.0,B482_ARC _B3_slice7-Ort.czi,old,pomc,lower
22,60.0,178.85,10731.0,B482_ARC _B3_slice7-Ort.czi,old,pomc,lower
23,26.0,228.92307692307693,5952.0,B482_ARC _B3_slice7-Ort.czi,old,pomc,lower
24,35.0,196.71428571428572,6885.0,B482_ARC _B3_slice7-Ort.czi,old,pomc,lower
25,267.0,190.58052434456928,50885.0,B482_ARC _B3_slice7-Ort.czi,old,pomc,lower
26,161.0,157.6273291925466,25378.000000000004,B482_ARC _B3_slice7-Ort.czi,old,pomc,lower
27,78.0,219.4102564102564,17114.0,B482_ARC _B3_slice7-Ort.czi,old,pomc,lower
28,27.0,107.07407407407408,2891.0,B482_ARC _B3_slice7-Ort.czi,old,pomc,lower
29,45.0,182.44444444444446,8210.0,B482_ARC _B3_slice7-Ort.czi,old,pomc,lower
30,143.0,127.38461538461539,18216.0,B482_ARC _B3_slice7-Ort.czi,old,pomc,lower
31,8.0,85.25,682.0,B482_ARC _B3_slice7-Ort.czi,old,pomc,lower
32,13.0,204.3846153846154,2657.0,B482_ARC _B3_slice7-Ort.czi,old,pomc,lower
33,111.0,148.11711711711712,16441.0,B482_ARC _B3_slice7-Ort.czi,old,pomc,lower
34,211.0,205.218009478673,43301.0,B482_ARC _B3_slice7-Ort.czi,old,pomc,lower
35,124.0,219.3548387096774,27200.0,B482_ARC _B3_slice7-Ort.czi,old,pomc,lower
36,2.0,58.0,116.0,B482_ARC _B3_slice7-Ort.czi,old,pomc,lower
37,58.0,91.87931034482759,5329.0,B482_ARC _B3_slice7-Ort.czi,old,pomc,lower
38,199.0,131.23115577889448,26115.0,B482_ARC _B3_slice7-Ort.czi,old,pomc,lower
39,14.0,180.0,2520.0,B482_ARC _B3_slice7-Ort.czi,old,pomc,lower
40,13.0,122.92307692307692,1598.0,B482_ARC _B3_slice7-Ort.czi,old,pomc,lower
41,1.0,98.0,98.0,B482_ARC _B3_slice7-Ort.czi,old,pomc,lower
42,1.0,85.0,85.0,B482_ARC _B3_slice7-Ort.czi,old,pomc,lower
43,14.0,78.64285714285714,1101.0,B482_ARC _B3_slice7-Ort.czi,old,pomc,lower
44,160.0,152.30625,24369.0,B482_ARC _B3_slice7-Ort.czi,old,pomc,lower
45,45.0,117.95555555555555,5308.0,B482_ARC _B3_slice7-Ort.czi,old,pomc,lower
46,397.0,223.9647355163728,88914.0,B482_ARC _B3_slice7-Ort.czi,old,pomc,lower
47,158.0,229.08860759493672,36196.0,B482_ARC _B3_slice7-Ort.czi,old,pomc,lower
48,269.0,239.27509293680296,64365.0,B482_ARC _B3_slice7-Ort.czi,old,pomc,lower
49,48.0,139.35416666666666,6689.0,B482_ARC _B3_slice7-Ort.czi,old,pomc,lower
50,195.0,180.35897435897436,35170.0,B482_ARC _B3_slice7-Ort.czi,old,pomc,lower
51,6.0,128.83333333333334,773.0,B482_ARC _B3_slice7-Ort.czi,old,pomc,lower
52,1.0,249.0,249.0,B482_ARC _B3_slice7-Ort.czi,old,pomc,lower
53,123.0,231.70731707317074,28500.0,B482_ARC _B3_slice7-Ort.czi,old,pomc,lower
54,1.0,100.0,100.0,B482_ARC _B3_slice7-Ort.czi,old,pomc,lower
55,11.0,89.9090909090909,989.0,B482_ARC _B3_slice7-Ort.czi,old,pomc,lower
56,59.0,148.4406779661017,8758.0,B482_ARC _B3_slice7-Ort.czi,old,pomc,lower
57,111.0,220.99099099099098,24530.0,B482_ARC _B3_slice7-Ort.czi,old,pomc,lower
58,170.0,222.87058823529412,37888.0,B482_ARC _B3_slice7-Ort.czi,old,pomc,lower
59,53.0,221.24528301886792,11726.0,B482_ARC _B3_slice7-Ort.czi,old,pomc,lower
60,269.0,210.26765799256506,56562.0,B482_ARC _B3_slice7-Ort.czi,old,pomc,lower
61,14.0,98.35714285714286,1377.0,B482_ARC _B3_slice7-Ort.czi,old,pomc,lower
62,5.0,78.8,394.0,B482_ARC _B3_slice7-Ort.czi,old,pomc,lower
63,19.0,143.42105263157896,2725.0,B482_ARC _B3_slice7-Ort.czi,old,pomc,lower
64,68.0,137.6764705882353,9362.0,B482_ARC _B3_slice7-Ort.czi,old,pomc,lower
65,189.0,146.58201058201058,27704.0,B482_ARC _B3_slice7-Ort.czi,old,pomc,lower
66,3.0,97.33333333333333,292.0,B482_ARC _B3_slice7-Ort.czi,old,pomc,lower
67,265.0,175.19245283018867,46426.0,B482_ARC _B3_slice7-Ort.czi,old,pomc,lower
68,132.0,186.99242424242425,24683.0,B482_ARC _B3_slice7-Ort.czi,old,pomc,lower
69,227.0,187.79295154185021,42629.0,B482_ARC _B3_slice7-Ort.czi,old,pomc,lower
70,10.0,94.4,944.0,B482_ARC _B3_slice7-Ort.czi,old,pomc,lower
71,8.0,102.125,817.0,B482_ARC _B3_slice7-Ort.czi,old,pomc,lower
72,14.0,137.85714285714286,1930.0,B482_ARC _B3_slice7-Ort.czi,old,pomc,lower
73,101.0,163.41584158415841,16505.0,B482_ARC _B3_slice7-Ort.czi,old,pomc,lower
74,80.0,111.525,8922.0,B482_ARC _B3_slice7-Ort.czi,old,pomc,lower
75,376.0,195.6781914893617,73575.0,B482_ARC _B3_slice7-Ort.czi,old,pomc,lower
76,1.0,238.0,238.0,B482_ARC _B3_slice7-Ort.czi,old,pomc,lower
77,5.0,85.4,427.0,B482_ARC _B3_slice7-Ort.czi,old,pomc,lower
78,8.0,150.75,1206.0,B482_ARC _B3_slice7-Ort.czi,old,pomc,lower
79,154.0,109.13636363636364,16807.0,B482_ARC _B3_slice7-Ort.czi,old,pomc,lower
80,234.0,119.11538461538461,27873.0,B482_ARC _B3_slice7-Ort.czi,old,pomc,lower
81,56.0,116.23214285714286,6509.0,B482_ARC _B3_slice7-Ort.czi,old,pomc,lower
82,28.0,106.96428571428571,2995.0,B482_ARC _B3_slice7-Ort.czi,old,pomc,lower
83,24.0,117.04166666666667,2809.0,B482_ARC _B3_slice7-Ort.czi,old,pomc,lower
84,25.0,202.96,5074.0,B482_ARC _B3_slice7-Ort.czi,old,pomc,lower
85,134.0,139.5597014925373,18701.0,B482_ARC _B3_slice7-Ort.czi,old,pomc,lower
86,17.0,91.3529411764706,1553.0,B482_ARC _B3_slice7-Ort.czi,old,pomc,lower
87,44.0,92.04545454545455,4050.0,B482_ARC _B3_slice7-Ort.czi,old,pomc,lower
88,24.0,118.75,2850.0,B482_ARC _B3_slice7-Ort.czi,old,pomc,lower
89,16.0,217.125,3474.0,B482_ARC _B3_slice7-Ort.czi,old,pomc,lower
90,8.0,146.625,1173.0,B482_ARC _B3_slice7-Ort.czi,old,pomc,lower
91,3.0,92.0,276.0,B482_ARC _B3_slice7-Ort.czi,old,pomc,lower
92,17.0,208.0,3536.0,B482_ARC _B3_slice7-Ort.czi,old,pomc,lower
93,31.0,95.7741935483871,2969.0,B482_ARC _B3_slice7-Ort.czi,old,pomc,lower
94,61.0,104.93442622950819,6401.0,B482_ARC _B3_slice7-Ort.czi,old,pomc,lower
95,137.0,94.95620437956204,13009.0,B482_ARC _B3_slice7-Ort.czi,old,pomc,lower
96,1.0,94.0,94.0,B482_ARC _B3_slice7-Ort.czi,old,pomc,lower
97,788.0,118.44543147208122,93335.0,B482_ARC _B3_slice7-Ort.czi,old,pomc,lower
98,155.0,94.43225806451613,14637.0,B482_ARC _B3_slice7-Ort.czi,old,pomc,lower
99,1051.0,114.84586108468126,120703.0,B482_ARC _B3_slice7-Ort.czi,old,pomc,lower
100,3.0,98.33333333333333,295.0,B482_ARC _B3_slice7-Ort.czi,old,pomc,lower
101,81.0,103.19753086419753,8359.0,B482_ARC _B3_slice7-Ort.czi,old,pomc,lower
102,177.0,100.63841807909604,17813.0,B482_ARC _B3_slice7-Ort.czi,old,pomc,lower
103,21.0,94.23809523809524,1979.0,B482_ARC _B3_slice7-Ort.czi,old,pomc,lower
104,126.0,99.41269841269842,12526.0,B482_ARC _B3_slice7-Ort.czi,old,pomc,lower
105,87.0,103.10344827586206,8970.0,B482_ARC _B3_slice7-Ort.czi,old,pomc,lower
106,1.0,76.0,76.0,B482_ARC _B3_slice7-Ort.czi,old,pomc,lower
107,46.0,92.93478260869566,4275.0,B482_ARC _B3_slice7-Ort.czi,old,pomc,lower
108,21.0,108.42857142857143,2277.0,B482_ARC _B3_slice7-Ort.czi,old,pomc,lower
109,8.0,119.625,957.0,B482_ARC _B3_slice7-Ort.czi,old,pomc,lower
110,262.0,125.70610687022901,32935.0,B482_ARC _B3_slice7-Ort.czi,old,pomc,lower
111,59.0,124.8135593220339,7364.0,B482_ARC _B3_slice7-Ort.czi,old,pomc,lower
1,39.0,247.69230769230768,9660.0,F656_ARC _B3_slice4-Ort.czi,old,pomc,lower
2,35.0,214.37142857142857,7503.0,F656_ARC _B3_slice4-Ort.czi,old,pomc,lower
3,191.0,246.60732984293193,47102.0,F656_ARC _B3_slice4-Ort.czi,old,pomc,lower
4,106.0,246.85849056603774,26167.0,F656_ARC _B3_slice4-Ort.czi,old,pomc,lower
5,137.0,236.90510948905109,32456.0,F656_ARC _B3_slice4-Ort.czi,old,pomc,lower
6,42.0,244.16666666666666,10255.0,F656_ARC _B3_slice4-Ort.czi,old,pomc,lower
7,244.0,247.29098360655738,60339.0,F656_ARC _B3_slice4-Ort.czi,old,pomc,lower
8,190.0,245.21052631578948,46590.0,F656_ARC _B3_slice4-Ort.czi,old,pomc,lower
9,215.0,240.9953488372093,51814.0,F656_ARC _B3_slice4-Ort.czi,old,pomc,lower
10,187.0,242.23529411764707,45298.0,F656_ARC _B3_slice4-Ort.czi,old,pomc,lower
11,150.0,247.07333333333332,37061.0,F656_ARC _B3_slice4-Ort.czi,old,pomc,lower
12,99.0,223.88888888888889,22165.0,F656_ARC _B3_slice4-Ort.czi,old,pomc,lower
13,100.0,234.91,23491.0,F656_ARC _B3_slice4-Ort.czi,old,pomc,lower
14,72.0,246.125,17721.0,F656_ARC _B3_slice4-Ort.czi,old,pomc,lower
15,287.0,242.74216027874564,69667.0,F656_ARC _B3_slice4-Ort.czi,old,pomc,lower
16,105.0,242.58095238095237,25471.0,F656_ARC _B3_slice4-Ort.czi,old,pomc,lower
17,142.0,245.31690140845072,34835.0,F656_ARC _B3_slice4-Ort.czi,old,pomc,lower
18,231.0,245.75757575757575,56770.0,F656_ARC _B3_slice4-Ort.czi,old,pomc,lower
19,162.0,246.3148148148148,39903.0,F656_ARC _B3_slice4-Ort.czi,old,pomc,lower
20,83.0,223.49397590361446,18550.0,F656_ARC _B3_slice4-Ort.czi,old,pomc,lower
21,115.0,247.4608695652174,28458.0,F656_ARC _B3_slice4-Ort.czi,old,pomc,lower
22,154.0,245.75974025974025,37847.0,F656_ARC _B3_slice4-Ort.czi,old,pomc,lower
23,196.0,239.59183673469389,46960.0,F656_ARC _B3_slice4-Ort.czi,old,pomc,lower
24,76.0,198.72368421052633,15103.000000000002,F656_ARC _B3_slice4-Ort.czi,old,pomc,lower
25,246.0,238.4512195121951,58659.0,F656_ARC _B3_slice4-Ort.czi,old,pomc,lower
26,275.0,237.34181818181818,65269.0,F656_ARC _B3_slice4-Ort.czi,old,pomc,lower
27,277.0,230.60649819494586,63878.0,F656_ARC _B3_slice4-Ort.czi,old,pomc,lower
28,117.0,240.43589743589743,28131.0,F656_ARC _B3_slice4-Ort.czi,old,pomc,lower
29,195.0,234.93333333333334,45812.0,F656_ARC _B3_slice4-Ort.czi,old,pomc,lower
30,78.0,241.96153846153845,18873.0,F656_ARC _B3_slice4-Ort.czi,old,pomc,lower
31,192.0,244.88541666666666,47018.0,F656_ARC _B3_slice4-Ort.czi,old,pomc,lower
32,138.0,244.8985507246377,33796.0,F656_ARC _B3_slice4-Ort.czi,old,pomc,lower
33,115.0,243.51304347826087,28004.0,F656_ARC _B3_slice4-Ort.czi,old,pomc,lower
34,130.0,242.08461538461538,31471.0,F656_ARC _B3_slice4-Ort.czi,old,pomc,lower
35,184.0,236.97826086956522,43604.0,F656_ARC _B3_slice4-Ort.czi,old,pomc,lower
36,121.0,251.61157024793388,30445.0,F656_ARC _B3_slice4-Ort.czi,old,pomc,lower
37,686.0,241.5932944606414,165733.0,F656_ARC _B3_slice4-Ort.czi,old,pomc,lower
38,43.0,247.88372093023256,10659.0,F656_ARC _B3_slice4-Ort.czi,old,pomc,lower
39,17.0,245.7058823529412,4177.0,F656_ARC _B3_slice4-Ort.czi,old,pomc,lower
40,171.0,242.859649122807,41529.0,F656_ARC _B3_slice4-Ort.czi,old,pomc,lower
41,58.0,221.79310344827587,12864.0,F656_ARC _B3_slice4-Ort.czi,old,pomc,lower
42,221.0,242.2443438914027,53536.0,F656_ARC _B3_slice4-Ort.czi,old,pomc,lower
43,54.0,250.53703703703704,13529.0,F656_ARC _B3_slice4-Ort.czi,old,pomc,lower
44,179.0,235.07262569832403,42078.0,F656_ARC _B3_slice4-Ort.czi,old,pomc,lower
45,184.0,243.2391304347826,44756.0,F656_ARC _B3_slice4-Ort.czi,old,pomc,lower
46,275.0,245.0290909090909,67383.0,F656_ARC _B3_slice4-Ort.czi,old,pomc,lower
47,221.0,242.35294117647058,53560.0,F656_ARC _B3_slice4-Ort.czi,old,pomc,lower
48,165.0,242.36363636363637,39990.0,F656_ARC _B3_slice4-Ort.czi,old,pomc,lower
49,63.0,235.5079365079365,14837.0,F656_ARC _B3_slice4-Ort.czi,old,pomc,lower
50,315.0,240.46984126984128,75748.0,F656_ARC _B3_slice4-Ort.czi,old,pomc,lower
51,147.0,243.2312925170068,35755.0,F656_ARC _B3_slice4-Ort.czi,old,pomc,lower
52,86.0,248.46511627906978,21368.0,F656_ARC _B3_slice4-Ort.czi,old,pomc,lower
53,199.0,238.7788944723618,47517.0,F656_ARC _B3_slice4-Ort.czi,old,pomc,lower
54,105.0,250.27619047619046,26279.0,F656_ARC _B3_slice4-Ort.czi,old,pomc,lower
55,218.0,246.53669724770643,53745.0,F656_ARC _B3_slice4-Ort.czi,old,pomc,lower
56,235.0,240.27659574468086,56465.0,F656_ARC _B3_slice4-Ort.czi,old,pomc,lower
57,376.0,245.1622340425532,92181.0,F656_ARC _B3_slice4-Ort.czi,old,pomc,lower
58,7.0,233.85714285714286,1637.0,F656_ARC _B3_slice4-Ort.czi,old,pomc,lower
59,113.0,238.50442477876106,26951.0,F656_ARC _B3_slice4-Ort.czi,old,pomc,lower
60,145.0,244.18620689655174,35407.0,F656_ARC _B3_slice4-Ort.czi,old,pomc,lower
61,140.0,246.52857142857144,34514.0,F656_ARC _B3_slice4-Ort.czi,old,pomc,lower
62,177.0,239.38983050847457,42372.0,F656_ARC _B3_slice4-Ort.czi,old,pomc,lower
63,170.0,246.45294117647057,41897.0,F656_ARC _B3_slice4-Ort.czi,old,pomc,lower
64,87.0,229.22988505747125,19943.0,F656_ARC _B3_slice4-Ort.czi,old,pomc,lower
65,178.0,236.86516853932585,42162.0,F656_ARC _B3_slice4-Ort.czi,old,pomc,lower
66,212.0,247.75943396226415,52525.0,F656_ARC _B3_slice4-Ort.czi,old,pomc,lower
67,35.0,187.5142857142857,6563.0,F656_ARC _B3_slice4-Ort.czi,old,pomc,lower
68,9.0,245.33333333333334,2208.0,F656_ARC _B3_slice4-Ort.czi,old,pomc,lower
69,109.0,241.05504587155963,26275.0,F656_ARC _B3_slice4-Ort.czi,old,pomc,lower
70,152.0,245.1184210526316,37258.0,F656_ARC _B3_slice4-Ort.czi,old,pomc,lower
71,3.0,138.0,414.0,F656_ARC _B3_slice4-Ort.czi,old,pomc,lower
72,121.0,244.21487603305786,29550.0,F656_ARC _B3_slice4-Ort.czi,old,pomc,lower
73,237.0,242.42194092827003,57454.0,F656_ARC _B3_slice4-Ort.czi,old,pomc,lower
74,26.0,247.92307692307693,6446.0,F656_ARC _B3_slice4-Ort.czi,old,pomc,lower
75,43.0,233.86046511627907,10056.0,F656_ARC _B3_slice4-Ort.czi,old,pomc,lower
76,13.0,224.84615384615384,2923.0,F656_ARC _B3_slice4-Ort.czi,old,pomc,lower
77,417.0,237.40767386091127,98999.0,F656_ARC _B3_slice4-Ort.czi,old,pomc,lower
78,101.0,247.13861386138615,24961.0,F656_ARC _B3_slice4-Ort.czi,old,pomc,lower
79,124.0,231.24193548387098,28674.0,F656_ARC _B3_slice4-Ort.czi,old,pomc,lower
80,257.0,245.17509727626458,63010.0,F656_ARC _B3_slice4-Ort.czi,old,pomc,lower
81,663.0,244.06485671191552,161815.0,F656_ARC _B3_slice4-Ort.czi,old,pomc,lower
82,84.0,204.16666666666666,17150.0,F656_ARC _B3_slice4-Ort.czi,old,pomc,lower
83,104.0,244.51923076923077,25430.0,F656_ARC _B3_slice4-Ort.czi,old,pomc,lower
84,64.0,243.0,15552.0,F656_ARC _B3_slice4-Ort.czi,old,pomc,lower
85,130.0,229.53846153846155,29840.0,F656_ARC _B3_slice4-Ort.czi,old,pomc,lower
86,295.0,233.87457627118644,68993.0,F656_ARC _B3_slice4-Ort.czi,old,pomc,lower
87,76.0,235.8421052631579,17924.0,F656_ARC _B3_slice4-Ort.czi,old,pomc,lower
88,160.0,250.1625,40026.0,F656_ARC _B3_slice4-Ort.czi,old,pomc,lower
89,132.0,240.42424242424244,31736.0,F656_ARC _B3_slice4-Ort.czi,old,pomc,lower
90,191.0,247.7434554973822,47319.0,F656_ARC _B3_slice4-Ort.czi,old,pomc,lower
91,86.0,215.56976744186048,18539.0,F656_ARC _B3_slice4-Ort.czi,old,pomc,lower
92,85.0,249.18823529411765,21181.0,F656_ARC _B3_slice4-Ort.czi,old,pomc,lower
93,22.0,239.45454545454547,5268.0,F656_ARC _B3_slice4-Ort.czi,old,pomc,lower
94,102.0,239.48039215686273,24427.0,F656_ARC _B3_slice4-Ort.czi,old,pomc,lower
95,15.0,219.33333333333334,3290.0,F656_ARC _B3_slice4-Ort.czi,old,pomc,lower
96,374.0,233.15508021390374,87200.0,F656_ARC _B3_slice4-Ort.czi,old,pomc,lower
97,182.0,226.23626373626374,41175.0,F656_ARC _B3_slice4-Ort.czi,old,pomc,lower
98,253.0,241.09486166007906,60997.0,F656_ARC _B3_slice4-Ort.czi,old,pomc,lower
99,121.0,232.67768595041323,28154.0,F656_ARC _B3_slice4-Ort.czi,old,pomc,lower
100,255.0,243.39607843137256,62066.0,F656_ARC _B3_slice4-Ort.czi,old,pomc,lower
101,179.0,244.12290502793297,43698.0,F656_ARC _B3_slice4-Ort.czi,old,pomc,lower
102,125.0,247.656,30957.0,F656_ARC _B3_slice4-Ort.czi,old,pomc,lower
103,231.0,241.74458874458875,55843.0,F656_ARC _B3_slice4-Ort.czi,old,pomc,lower
104,51.0,209.41176470588235,10680.0,F656_ARC _B3_slice4-Ort.czi,old,pomc,lower
105,165.0,241.55151515151516,39856.0,F656_ARC _B3_slice4-Ort.czi,old,pomc,lower
106,110.0,241.12727272727273,26524.0,F656_ARC _B3_slice4-Ort.czi,old,pomc,lower
107,110.0,230.95454545454547,25405.0,F656_ARC _B3_slice4-Ort.czi,old,pomc,lower
108,624.0,239.12339743589743,149213.0,F656_ARC _B3_slice4-Ort.czi,old,pomc,lower
109,90.0,245.64444444444445,22108.0,F656_ARC _B3_slice4-Ort.czi,old,pomc,lower
110,19.0,250.57894736842104,4761.0,F656_ARC _B3_slice4-Ort.czi,old,pomc,lower
111,127.0,239.90551181102362,30468.0,F656_ARC _B3_slice4-Ort.czi,old,pomc,lower
112,81.0,208.8641975308642,16918.0,F656_ARC _B3_slice4-Ort.czi,old,pomc,lower
113,408.0,242.45098039215685,98920.0,F656_ARC _B3_slice4-Ort.czi,old,pomc,lower
114,138.0,234.9927536231884,32429.0,F656_ARC _B3_slice4-Ort.czi,old,pomc,lower
115,130.0,246.7076923076923,32072.0,F656_ARC _B3_slice4-Ort.czi,old,pomc,lower
116,230.0,238.40869565217392,54834.0,F656_ARC _B3_slice4-Ort.czi,old,pomc,lower
117,185.0,241.42162162162163,44663.0,F656_ARC _B3_slice4-Ort.czi,old,pomc,lower
118,70.0,250.44285714285715,17531.0,F656_ARC _B3_slice4-Ort.czi,old,pomc,lower
119,162.0,247.0185185185185,40017.0,F656_ARC _B3_slice4-Ort.czi,old,pomc,lower
120,325.0,233.07076923076923,75748.0,F656_ARC _B3_slice4-Ort.czi,old,pomc,lower
121,120.0,249.4,29928.0,F656_ARC _B3_slice4-Ort.czi,old,pomc,lower
122,123.0,223.7479674796748,27521.0,F656_ARC _B3_slice4-Ort.czi,old,pomc,lower
123,314.0,236.5828025477707,74287.0,F656_ARC _B3_slice4-Ort.czi,old,pomc,lower
124,182.0,239.13186813186815,43522.0,F656_ARC _B3_slice4-Ort.czi,old,pomc,lower
125,143.0,240.74125874125875,34426.0,F656_ARC _B3_slice4-Ort.czi,old,pomc,lower
126,96.0,247.9375,23802.0,F656_ARC _B3_slice4-Ort.czi,old,pomc,lower
127,97.0,231.57731958762886,22463.0,F656_ARC _B3_slice4-Ort.czi,old,pomc,lower
128,106.0,247.20754716981133,26204.0,F656_ARC _B3_slice4-Ort.czi,old,pomc,lower
129,30.0,208.4,6252.0,F656_ARC _B3_slice4-Ort.czi,old,pomc,lower
130,116.0,239.92241379310346,27831.0,F656_ARC _B3_slice4-Ort.czi,old,pomc,lower
131,304.0,225.89802631578948,68673.0,F656_ARC _B3_slice4-Ort.czi,old,pomc,lower
132,66.0,237.1818181818182,15654.0,F656_ARC _B3_slice4-Ort.czi,old,pomc,lower
133,130.0,246.27692307692308,32016.0,F656_ARC _B3_slice4-Ort.czi,old,pomc,lower
134,26.0,178.07692307692307,4630.0,F656_ARC _B3_slice4-Ort.czi,old,pomc,lower
135,311.0,240.032154340836,74650.0,F656_ARC _B3_slice4-Ort.czi,old,pomc,lower
136,149.0,247.91946308724832,36940.0,F656_ARC _B3_slice4-Ort.czi,old,pomc,lower
137,98.0,250.66326530612244,24565.0,F656_ARC _B3_slice4-Ort.czi,old,pomc,lower
138,1008.0,239.76984126984127,241688.0,F656_ARC _B3_slice4-Ort.czi,old,pomc,lower
139,63.0,215.85714285714286,13599.0,F656_ARC _B3_slice4-Ort.czi,old,pomc,lower
140,181.0,233.78453038674033,42315.0,F656_ARC _B3_slice4-Ort.czi,old,pomc,lower
141,107.0,244.52336448598132,26164.0,F656_ARC _B3_slice4-Ort.czi,old,pomc,lower
142,140.0,243.44285714285715,34082.0,F656_ARC _B3_slice4-Ort.czi,old,pomc,lower
143,131.0,245.0381679389313,32100.0,F656_ARC _B3_slice4-Ort.czi,old,pomc,lower
144,163.0,237.66257668711657,38739.0,F656_ARC _B3_slice4-Ort.czi,old,pomc,lower
145,1.0,255.0,255.0,F656_ARC _B3_slice4-Ort.czi,old,pomc,lower
146,276.0,237.9963768115942,65687.0,F656_ARC _B3_slice4-Ort.czi,old,pomc,lower
147,290.0,240.01379310344828,69604.0,F656_ARC _B3_slice4-Ort.czi,old,pomc,lower
148,81.0,249.08641975308643,20176.0,F656_ARC _B3_slice4-Ort.czi,old,pomc,lower
149,147.0,230.72108843537416,33916.0,F656_ARC _B3_slice4-Ort.czi,old,pomc,lower
150,239.0,240.8828451882845,57571.0,F656_ARC _B3_slice4-Ort.czi,old,pomc,lower
151,59.0,225.67796610169492,13315.0,F656_ARC _B3_slice4-Ort.czi,old,pomc,lower
152,142.0,244.6338028169014,34738.0,F656_ARC _B3_slice4-Ort.czi,old,pomc,lower
1,135.0,242.5185185185185,32739.999999999996,B465_ARC _C3_slice6-Ort.czi,old,pomc,lower
2,11.0,202.54545454545453,2228.0,B465_ARC _C3_slice6-Ort.czi,old,pomc,lower
3,117.0,244.87179487179486,28650.0,B465_ARC _C3_slice6-Ort.czi,old,pomc,lower
4,114.0,243.7719298245614,27790.0,B465_ARC _C3_slice6-Ort.czi,old,pomc,lower
5,24.0,227.70833333333334,5465.0,B465_ARC _C3_slice6-Ort.czi,old,pomc,lower
6,134.0,237.23134328358208,31789.0,B465_ARC _C3_slice6-Ort.czi,old,pomc,lower
7,34.0,184.41176470588235,6270.0,B465_ARC _C3_slice6-Ort.czi,old,pomc,lower
8,58.0,237.22413793103448,13759.0,B465_ARC _C3_slice6-Ort.czi,old,pomc,lower
9,7.0,224.42857142857142,1571.0,B465_ARC _C3_slice6-Ort.czi,old,pomc,lower
10,132.0,244.7651515151515,32309.0,B465_ARC _C3_slice6-Ort.czi,old,pomc,lower
11,313.0,224.29392971246006,70204.0,B465_ARC _C3_slice6-Ort.czi,old,pomc,lower
12,159.0,241.51572327044025,38401.0,B465_ARC _C3_slice6-Ort.czi,old,pomc,lower
13,194.0,243.18041237113403,47177.0,B465_ARC _C3_slice6-Ort.czi,old,pomc,lower
14,195.0,244.17948717948718,47615.0,B465_ARC _C3_slice6-Ort.czi,old,pomc,lower
15,164.0,241.4451219512195,39597.0,B465_ARC _C3_slice6-Ort.czi,old,pomc,lower
16,156.0,241.57692307692307,37686.0,B465_ARC _C3_slice6-Ort.czi,old,pomc,lower
17,128.0,245.5546875,31431.0,B465_ARC _C3_slice6-Ort.czi,old,pomc,lower
18,208.0,244.45192307692307,50846.0,B465_ARC _C3_slice6-Ort.czi,old,pomc,lower
19,206.0,240.97087378640776,49640.0,B465_ARC _C3_slice6-Ort.czi,old,pomc,lower
20,169.0,244.55029585798817,41329.0,B465_ARC _C3_slice6-Ort.czi,old,pomc,lower
21,115.0,243.42608695652174,27994.0,B465_ARC _C3_slice6-Ort.czi,old,pomc,lower
22,364.0,234.04945054945054,85194.0,B465_ARC _C3_slice6-Ort.czi,old,pomc,lower
23,182.0,240.5934065934066,43788.0,B465_ARC _C3_slice6-Ort.czi,old,pomc,lower
24,8.0,236.625,1893.0,B465_ARC _C3_slice6-Ort.czi,old,pomc,lower
25,69.0,241.15942028985506,16640.0,B465_ARC _C3_slice6-Ort.czi,old,pomc,lower
26,39.0,224.82051282051282,8768.0,B465_ARC _C3_slice6-Ort.czi,old,pomc,lower
27,83.0,238.96385542168676,19834.0,B465_ARC _C3_slice6-Ort.czi,old,pomc,lower
28,135.0,246.3925925925926,33263.0,B465_ARC _C3_slice6-Ort.czi,old,pomc,lower
29,289.0,243.88581314878894,70483.0,B465_ARC _C3_slice6-Ort.czi,old,pomc,lower
30,258.0,244.18217054263565,62999.0,B465_ARC _C3_slice6-Ort.czi,old,pomc,lower
31,34.0,248.88235294117646,8462.0,B465_ARC _C3_slice6-Ort.czi,old,pomc,lower
32,59.0,242.05084745762713,14281.0,B465_ARC _C3_slice6-Ort.czi,old,pomc,lower
33,180.0,236.73333333333332,42612.0,B465_ARC _C3_slice6-Ort.czi,old,pomc,lower
34,360.0,242.4111111111111,87268.0,B465_ARC _C3_slice6-Ort.czi,old,pomc,lower
35,149.0,243.2214765100671,36240.0,B465_ARC _C3_slice6-Ort.czi,old,pomc,lower
36,41.0,229.70731707317074,9418.0,B465_ARC _C3_slice6-Ort.czi,old,pomc,lower
37,201.0,242.8855721393035,48820.0,B465_ARC _C3_slice6-Ort.czi,old,pomc,lower
38,117.0,244.53846153846155,28611.0,B465_ARC _C3_slice6-Ort.czi,old,pomc,lower
39,108.0,241.2037037037037,26050.0,B465_ARC _C3_slice6-Ort.czi,old,pomc,lower
40,35.0,221.31428571428572,7746.0,B465_ARC _C3_slice6-Ort.czi,old,pomc,lower
41,219.0,244.0365296803653,53444.0,B465_ARC _C3_slice6-Ort.czi,old,pomc,lower
42,239.0,244.26359832635984,58379.0,B465_ARC _C3_slice6-Ort.czi,old,pomc,lower
43,100.0,245.93,24593.0,B465_ARC _C3_slice6-Ort.czi,old,pomc,lower
44,313.0,241.629392971246,75630.0,B465_ARC _C3_slice6-Ort.czi,old,pomc,lower
45,150.0,246.21333333333334,36932.0,B465_ARC _C3_slice6-Ort.czi,old,pomc,lower
46,157.0,233.55414012738854,36668.0,B465_ARC _C3_slice6-Ort.czi,old,pomc,lower
47,143.0,244.32867132867133,34939.0,B465_ARC _C3_slice6-Ort.czi,old,pomc,lower
48,74.0,240.1081081081081,17768.0,B465_ARC _C3_slice6-Ort.czi,old,pomc,lower
49,136.0,223.16176470588235,30350.0,B465_ARC _C3_slice6-Ort.czi,old,pomc,lower
50,152.0,245.5065789473684,37317.0,B465_ARC _C3_slice6-Ort.czi,old,pomc,lower
51,136.0,245.63970588235293,33407.0,B465_ARC _C3_slice6-Ort.czi,old,pomc,lower
52,111.0,238.2882882882883,26450.0,B465_ARC _C3_slice6-Ort.czi,old,pomc,lower
53,140.0,227.55714285714285,31858.0,B465_ARC _C3_slice6-Ort.czi,old,pomc,lower
54,111.0,242.0,26862.0,B465_ARC _C3_slice6-Ort.czi,old,pomc,lower
55,155.0,243.4516129032258,37735.0,B465_ARC _C3_slice6-Ort.czi,old,pomc,lower
56,70.0,239.71428571428572,16780.0,B465_ARC _C3_slice6-Ort.czi,old,pomc,lower
57,89.0,222.52808988764045,19805.0,B465_ARC _C3_slice6-Ort.czi,old,pomc,lower
58,124.0,242.54032258064515,30075.0,B465_ARC _C3_slice6-Ort.czi,old,pomc,lower
59,94.0,246.3404255319149,23156.0,B465_ARC _C3_slice6-Ort.czi,old,pomc,lower
60,306.0,247.1143790849673,75617.0,B465_ARC _C3_slice6-Ort.czi,old,pomc,lower
61,67.0,225.91044776119404,15136.0,B465_ARC _C3_slice6-Ort.czi,old,pomc,lower
62,96.0,246.35416666666666,23650.0,B465_ARC _C3_slice6-Ort.czi,old,pomc,lower
63,78.0,232.84615384615384,18162.0,B465_ARC _C3_slice6-Ort.czi,old,pomc,lower
64,99.0,243.2020202020202,24077.0,B465_ARC _C3_slice6-Ort.czi,old,pomc,lower
65,183.0,238.50273224043715,43646.0,B465_ARC _C3_slice6-Ort.czi,old,pomc,lower
66,147.0,245.50340136054422,36089.0,B465_ARC _C3_slice6-Ort.czi,old,pomc,lower
67,223.0,245.3677130044843,54717.0,B465_ARC _C3_slice6-Ort.czi,old,pomc,lower
68,137.0,246.64963503649636,33791.0,B465_ARC _C3_slice6-Ort.czi,old,pomc,lower
69,132.0,240.0909090909091,31692.0,B465_ARC _C3_slice6-Ort.czi,old,pomc,lower
70,717.0,234.34170153417014,168023.0,B465_ARC _C3_slice6-Ort.czi,old,pomc,lower
71,196.0,246.27551020408163,48270.0,B465_ARC _C3_slice6-Ort.czi,old,pomc,lower
72,17.0,242.76470588235293,4127.0,B465_ARC _C3_slice6-Ort.czi,old,pomc,lower
73,261.0,243.367816091954,63519.0,B465_ARC _C3_slice6-Ort.czi,old,pomc,lower
74,265.0,240.84528301886792,63824.0,B465_ARC _C3_slice6-Ort.czi,old,pomc,lower
75,206.0,243.32038834951456,50124.0,B465_ARC _C3_slice6-Ort.czi,old,pomc,lower
76,592.0,242.3310810810811,143460.0,B465_ARC _C3_slice6-Ort.czi,old,pomc,lower
77,255.0,243.90588235294118,62196.0,B465_ARC _C3_slice6-Ort.czi,old,pomc,lower
78,20.0,231.65,4633.0,B465_ARC _C3_slice6-Ort.czi,old,pomc,lower
79,168.0,244.19642857142858,41025.0,B465_ARC _C3_slice6-Ort.czi,old,pomc,lower
80,193.0,240.51295336787564,46419.0,B465_ARC _C3_slice6-Ort.czi,old,pomc,lower
81,353.0,231.88668555240793,81856.0,B465_ARC _C3_slice6-Ort.czi,old,pomc,lower
82,18.0,209.38888888888889,3769.0,B465_ARC _C3_slice6-Ort.czi,old,pomc,lower
83,19.0,240.89473684210526,4577.0,B465_ARC _C3_slice6-Ort.czi,old,pomc,lower
84,13.0,242.92307692307693,3158.0,B465_ARC _C3_slice6-Ort.czi,old,pomc,lower
85,122.0,236.98360655737704,28912.0,B465_ARC _C3_slice6-Ort.czi,old,pomc,lower
86,100.0,234.56,23456.0,B465_ARC _C3_slice6-Ort.czi,old,pomc,lower
87,124.0,232.1209677419355,28783.0,B465_ARC _C3_slice6-Ort.czi,old,pomc,lower
88,102.0,223.90196078431373,22838.0,B465_ARC _C3_slice6-Ort.czi,old,pomc,lower
89,28.0,250.46428571428572,7013.0,B465_ARC _C3_slice6-Ort.czi,old,pomc,lower
90,202.0,243.35643564356437,49158.0,B465_ARC _C3_slice6-Ort.czi,old,pomc,lower
91,191.0,231.58638743455498,44233.0,B465_ARC _C3_slice6-Ort.czi,old,pomc,lower
92,10.0,242.2,2422.0,B465_ARC _C3_slice6-Ort.czi,old,pomc,lower
93,53.0,207.73584905660377,11010.0,B465_ARC _C3_slice6-Ort.czi,old,pomc,lower
94,160.0,244.975,39196.0,B465_ARC _C3_slice6-Ort.czi,old,pomc,lower
95,145.0,236.68275862068967,34319.0,B465_ARC _C3_slice6-Ort.czi,old,pomc,lower
96,141.0,232.24822695035462,32747.0,B465_ARC _C3_slice6-Ort.czi,old,pomc,lower
97,127.0,230.3228346456693,29251.0,B465_ARC _C3_slice6-Ort.czi,old,pomc,lower
98,96.0,210.5,20208.0,B465_ARC _C3_slice6-Ort.czi,old,pomc,lower
99,101.0,244.7128712871287,24716.0,B465_ARC _C3_slice6-Ort.czi,old,pomc,lower
100,268.0,229.13805970149255,61409.00000000001,B465_ARC _C3_slice6-Ort.czi,old,pomc,lower
101,15.0,217.93333333333334,3269.0,B465_ARC _C3_slice6-Ort.czi,old,pomc,lower
102,121.0,239.2479338842975,28949.0,B465_ARC _C3_slice6-Ort.czi,old,pomc,lower
103,85.0,232.57647058823528,19769.0,B465_ARC _C3_slice6-Ort.czi,old,pomc,lower
104,128.0,236.9609375,30331.0,B465_ARC _C3_slice6-Ort.czi,old,pomc,lower
105,66.0,214.43939393939394,14153.0,B465_ARC _C3_slice6-Ort.czi,old,pomc,lower
106,48.0,222.10416666666666,10661.0,B465_ARC _C3_slice6-Ort.czi,old,pomc,lower
107,249.0,238.15662650602408,59301.0,B465_ARC _C3_slice6-Ort.czi,old,pomc,lower
108,63.0,234.15873015873015,14752.0,B465_ARC _C3_slice6-Ort.czi,old,pomc,lower
109,103.0,246.62135922330097,25402.0,B465_ARC _C3_slice6-Ort.czi,old,pomc,lower
110,95.0,240.30526315789473,22829.0,B465_ARC _C3_slice6-Ort.czi,old,pomc,lower
111,359.0,240.95821727019498,86504.0,B465_ARC _C3_slice6-Ort.czi,old,pomc,lower
112,107.0,224.02803738317758,23971.0,B465_ARC _C3_slice6-Ort.czi,old,pomc,lower
113,234.0,225.92307692307693,52866.0,B465_ARC _C3_slice6-Ort.czi,old,pomc,lower
114,168.0,229.83928571428572,38613.0,B465_ARC _C3_slice6-Ort.czi,old,pomc,lower
115,190.0,232.32631578947368,44142.0,B465_ARC _C3_slice6-Ort.czi,old,pomc,lower
116,419.0,222.50835322195704,93231.0,B465_ARC _C3_slice6-Ort.czi,old,pomc,lower
117,150.0,241.60666666666665,36241.0,B465_ARC _C3_slice6-Ort.czi,old,pomc,lower
118,233.0,238.81115879828326,55643.0,B465_ARC _C3_slice6-Ort.czi,old,pomc,lower
119,74.0,201.44594594594594,14907.0,B465_ARC _C3_slice6-Ort.czi,old,pomc,lower
120,201.0,240.89054726368158,48419.0,B465_ARC _C3_slice6-Ort.czi,old,pomc,lower
121,107.0,244.7663551401869,26190.0,B465_ARC _C3_slice6-Ort.czi,old,pomc,lower
122,168.0,243.49404761904762,40907.0,B465_ARC _C3_slice6-Ort.czi,old,pomc,lower
123,107.0,237.97196261682242,25463.0,B465_ARC _C3_slice6-Ort.czi,old,pomc,lower
124,83.0,243.55421686746988,20215.0,B465_ARC _C3_slice6-Ort.czi,old,pomc,lower
125,95.0,238.3578947368421,22644.0,B465_ARC _C3_slice6-Ort.czi,old,pomc,lower
126,36.0,217.44444444444446,7828.0,B465_ARC _C3_slice6-Ort.czi,old,pomc,lower
127,82.0,245.2560975609756,20111.0,B465_ARC _C3_slice6-Ort.czi,old,pomc,lower
128,23.0,247.2173913043478,5686.0,B465_ARC _C3_slice6-Ort.czi,old,pomc,lower
129,102.0,237.11764705882354,24186.0,B465_ARC _C3_slice6-Ort.czi,old,pomc,lower
130,8.0,249.125,1993.0,B465_ARC _C3_slice6-Ort.czi,old,pomc,lower
1,106.0,248.78301886792454,26371.0,B465_ARC _C3_slice7-Ort.czi,old,pomc,lower
2,145.0,239.84827586206896,34778.0,B465_ARC _C3_slice7-Ort.czi,old,pomc,lower
3,116.0,247.5948275862069,28721.0,B465_ARC _C3_slice7-Ort.czi,old,pomc,lower
4,82.0,239.09756097560975,19606.0,B465_ARC _C3_slice7-Ort.czi,old,pomc,lower
5,188.0,237.93617021276594,44732.0,B465_ARC _C3_slice7-Ort.czi,old,pomc,lower
6,143.0,239.0979020979021,34191.0,B465_ARC _C3_slice7-Ort.czi,old,pomc,lower
7,139.0,241.92805755395685,33628.0,B465_ARC _C3_slice7-Ort.czi,old,pomc,lower
8,40.0,249.425,9977.0,B465_ARC _C3_slice7-Ort.czi,old,pomc,lower
9,152.0,249.68421052631578,37952.0,B465_ARC _C3_slice7-Ort.czi,old,pomc,lower
10,126.0,246.4126984126984,31048.0,B465_ARC _C3_slice7-Ort.czi,old,pomc,lower
11,160.0,244.18125,39069.0,B465_ARC _C3_slice7-Ort.czi,old,pomc,lower
12,224.0,240.02232142857142,53765.0,B465_ARC _C3_slice7-Ort.czi,old,pomc,lower
13,151.0,243.98675496688742,36842.0,B465_ARC _C3_slice7-Ort.czi,old,pomc,lower
14,240.0,239.625,57510.0,B465_ARC _C3_slice7-Ort.czi,old,pomc,lower
15,92.0,244.7608695652174,22518.0,B465_ARC _C3_slice7-Ort.czi,old,pomc,lower
16,48.0,244.8125,11751.0,B465_ARC _C3_slice7-Ort.czi,old,pomc,lower
17,214.0,244.93457943925233,52416.0,B465_ARC _C3_slice7-Ort.czi,old,pomc,lower
18,42.0,239.6904761904762,10067.0,B465_ARC _C3_slice7-Ort.czi,old,pomc,lower
19,179.0,235.35754189944134,42129.0,B465_ARC _C3_slice7-Ort.czi,old,pomc,lower
20,34.0,210.8235294117647,7168.0,B465_ARC _C3_slice7-Ort.czi,old,pomc,lower
21,139.0,242.76258992805757,33744.0,B465_ARC _C3_slice7-Ort.czi,old,pomc,lower
22,116.0,244.43103448275863,28354.0,B465_ARC _C3_slice7-Ort.czi,old,pomc,lower
23,132.0,243.20454545454547,32103.0,B465_ARC _C3_slice7-Ort.czi,old,pomc,lower
24,137.0,243.45255474452554,33353.0,B465_ARC _C3_slice7-Ort.czi,old,pomc,lower
25,118.0,245.96610169491527,29024.0,B465_ARC _C3_slice7-Ort.czi,old,pomc,lower
26,22.0,254.6818181818182,5603.0,B465_ARC _C3_slice7-Ort.czi,old,pomc,lower
27,210.0,240.45714285714286,50496.0,B465_ARC _C3_slice7-Ort.czi,old,pomc,lower
28,139.0,242.5107913669065,33709.0,B465_ARC _C3_slice7-Ort.czi,old,pomc,lower
29,139.0,237.41726618705036,33001.0,B465_ARC _C3_slice7-Ort.czi,old,pomc,lower
30,159.0,240.55345911949686,38248.0,B465_ARC _C3_slice7-Ort.czi,old,pomc,lower
31,110.0,243.15454545454546,26747.0,B465_ARC _C3_slice7-Ort.czi,old,pomc,lower
32,72.0,240.41666666666666,17310.0,B465_ARC _C3_slice7-Ort.czi,old,pomc,lower
33,199.0,238.40201005025125,47442.0,B465_ARC _C3_slice7-Ort.czi,old,pomc,lower
34,44.0,199.0909090909091,8760.0,B465_ARC _C3_slice7-Ort.czi,old,pomc,lower
35,145.0,241.13793103448276,34965.0,B465_ARC _C3_slice7-Ort.czi,old,pomc,lower
36,280.0,239.075,66941.0,B465_ARC _C3_slice7-Ort.czi,old,pomc,lower
37,137.0,244.01459854014598,33430.0,B465_ARC _C3_slice7-Ort.czi,old,pomc,lower
38,121.0,243.0495867768595,29409.0,B465_ARC _C3_slice7-Ort.czi,old,pomc,lower
39,138.0,241.52173913043478,33330.0,B465_ARC _C3_slice7-Ort.czi,old,pomc,lower
40,128.0,240.40625,30772.0,B465_ARC _C3_slice7-Ort.czi,old,pomc,lower
41,40.0,241.45,9658.0,B465_ARC _C3_slice7-Ort.czi,old,pomc,lower
42,163.0,242.4723926380368,39523.0,B465_ARC _C3_slice7-Ort.czi,old,pomc,lower
43,100.0,247.03,24703.0,B465_ARC _C3_slice7-Ort.czi,old,pomc,lower
44,452.0,239.2367256637168,108135.0,B465_ARC _C3_slice7-Ort.czi,old,pomc,lower
45,104.0,244.5096153846154,25429.0,B465_ARC _C3_slice7-Ort.czi,old,pomc,lower
46,126.0,225.62698412698413,28429.0,B465_ARC _C3_slice7-Ort.czi,old,pomc,lower
47,145.0,239.86206896551724,34780.0,B465_ARC _C3_slice7-Ort.czi,old,pomc,lower
48,79.0,240.31645569620252,18985.0,B465_ARC _C3_slice7-Ort.czi,old,pomc,lower
49,104.0,246.7596153846154,25663.0,B465_ARC _C3_slice7-Ort.czi,old,pomc,lower
50,80.0,235.35,18828.0,B465_ARC _C3_slice7-Ort.czi,old,pomc,lower
51,36.0,250.25,9009.0,B465_ARC _C3_slice7-Ort.czi,old,pomc,lower
52,146.0,240.986301369863,35184.0,B465_ARC _C3_slice7-Ort.czi,old,pomc,lower
53,153.0,233.49019607843138,35724.0,B465_ARC _C3_slice7-Ort.czi,old,pomc,lower
54,125.0,236.128,29516.0,B465_ARC _C3_slice7-Ort.czi,old,pomc,lower
55,13.0,234.3846153846154,3047.0,B465_ARC _C3_slice7-Ort.czi,old,pomc,lower
56,17.0,252.88235294117646,4299.0,B465_ARC _C3_slice7-Ort.czi,old,pomc,lower
57,106.0,245.91509433962264,26067.0,B465_ARC _C3_slice7-Ort.czi,old,pomc,lower
58,75.0,230.68,17301.0,B465_ARC _C3_slice7-Ort.czi,old,pomc,lower
59,21.0,250.14285714285714,5253.0,B465_ARC _C3_slice7-Ort.czi,old,pomc,lower
60,100.0,235.61,23561.0,B465_ARC _C3_slice7-Ort.czi,old,pomc,lower
61,86.0,231.38372093023256,19899.0,B465_ARC _C3_slice7-Ort.czi,old,pomc,lower
62,145.0,230.5448275862069,33429.0,B465_ARC _C3_slice7-Ort.czi,old,pomc,lower
63,150.0,235.2,35280.0,B465_ARC _C3_slice7-Ort.czi,old,pomc,lower
64,1.0,180.0,180.0,B465_ARC _C3_slice7-Ort.czi,old,pomc,lower
65,116.0,237.3706896551724,27535.0,B465_ARC _C3_slice7-Ort.czi,old,pomc,lower
66,110.0,219.92727272727274,24192.0,B465_ARC _C3_slice7-Ort.czi,old,pomc,lower
67,106.0,233.14150943396226,24713.0,B465_ARC _C3_slice7-Ort.czi,old,pomc,lower
68,157.0,229.63694267515925,36053.0,B465_ARC _C3_slice7-Ort.czi,old,pomc,lower
69,244.0,239.80327868852459,58512.0,B465_ARC _C3_slice7-Ort.czi,old,pomc,lower
70,108.0,230.89814814814815,24937.0,B465_ARC _C3_slice7-Ort.czi,old,pomc,lower
71,175.0,218.22857142857143,38190.0,B465_ARC _C3_slice7-Ort.czi,old,pomc,lower
72,10.0,209.9,2099.0,B465_ARC _C3_slice7-Ort.czi,old,pomc,lower
73,129.0,245.6124031007752,31684.0,B465_ARC _C3_slice7-Ort.czi,old,pomc,lower
74,188.0,235.05851063829786,44191.0,B465_ARC _C3_slice7-Ort.czi,old,pomc,lower
75,173.0,241.02890173410404,41698.0,B465_ARC _C3_slice7-Ort.czi,old,pomc,lower
76,124.0,243.5483870967742,30200.0,B465_ARC _C3_slice7-Ort.czi,old,pomc,lower
77,81.0,226.90123456790124,18379.0,B465_ARC _C3_slice7-Ort.czi,old,pomc,lower
78,90.0,233.76666666666668,21039.0,B465_ARC _C3_slice7-Ort.czi,old,pomc,lower
79,43.0,246.5581395348837,10602.0,B465_ARC _C3_slice7-Ort.czi,old,pomc,lower
80,158.0,234.29113924050634,37018.0,B465_ARC _C3_slice7-Ort.czi,old,pomc,lower
81,128.0,245.75,31456.0,B465_ARC _C3_slice7-Ort.czi,old,pomc,lower
82,106.0,243.75471698113208,25838.0,B465_ARC _C3_slice7-Ort.czi,old,pomc,lower
83,209.0,236.80861244019138,49493.0,B465_ARC _C3_slice7-Ort.czi,old,pomc,lower
84,172.0,235.02325581395348,40424.0,B465_ARC _C3_slice7-Ort.czi,old,pomc,lower
85,65.0,250.3846153846154,16275.0,B465_ARC _C3_slice7-Ort.czi,old,pomc,lower
86,16.0,248.125,3970.0,B465_ARC _C3_slice7-Ort.czi,old,pomc,lower
87,98.0,233.98979591836735,22931.0,B465_ARC _C3_slice7-Ort.czi,old,pomc,lower
88,399.0,235.18045112781954,93837.0,B465_ARC _C3_slice7-Ort.czi,old,pomc,lower
89,27.0,216.62962962962962,5849.0,B465_ARC _C3_slice7-Ort.czi,old,pomc,lower
90,51.0,209.09803921568627,10664.0,B465_ARC _C3_slice7-Ort.czi,old,pomc,lower
91,173.0,240.17919075144508,41551.0,B465_ARC _C3_slice7-Ort.czi,old,pomc,lower
92,149.0,210.38255033557047,31347.0,B465_ARC _C3_slice7-Ort.czi,old,pomc,lower
93,32.0,219.21875,7015.0,B465_ARC _C3_slice7-Ort.czi,old,pomc,lower
94,304.0,244.63486842105263,74369.0,B465_ARC _C3_slice7-Ort.czi,old,pomc,lower
95,24.0,237.08333333333334,5690.0,B465_ARC _C3_slice7-Ort.czi,old,pomc,lower
96,67.0,207.4179104477612,13897.0,B465_ARC _C3_slice7-Ort.czi,old,pomc,lower
97,48.0,236.97916666666666,11375.0,B465_ARC _C3_slice7-Ort.czi,old,pomc,lower
98,68.0,238.85294117647058,16242.0,B465_ARC _C3_slice7-Ort.czi,old,pomc,lower
99,231.0,240.6883116883117,55599.0,B465_ARC _C3_slice7-Ort.czi,old,pomc,lower
100,147.0,237.64625850340136,34934.0,B465_ARC _C3_slice7-Ort.czi,old,pomc,lower
101,150.0,245.48,36822.0,B465_ARC _C3_slice7-Ort.czi,old,pomc,lower
102,112.0,239.15178571428572,26785.0,B465_ARC _C3_slice7-Ort.czi,old,pomc,lower
103,248.0,234.80241935483872,58231.0,B465_ARC _C3_slice7-Ort.czi,old,pomc,lower
104,131.0,238.55725190839695,31251.0,B465_ARC _C3_slice7-Ort.czi,old,pomc,lower
105,107.0,247.16822429906543,26447.0,B465_ARC _C3_slice7-Ort.czi,old,pomc,lower
106,148.0,240.47972972972974,35591.0,B465_ARC _C3_slice7-Ort.czi,old,pomc,lower
107,101.0,235.62376237623764,23798.0,B465_ARC _C3_slice7-Ort.czi,old,pomc,lower
108,80.0,245.525,19642.0,B465_ARC _C3_slice7-Ort.czi,old,pomc,lower
109,40.0,249.15,9966.0,B465_ARC _C3_slice7-Ort.czi,old,pomc,lower
110,537.0,239.2979515828678,128503.0,B465_ARC _C3_slice7-Ort.czi,old,pomc,lower
111,33.0,172.45454545454547,5691.0,B465_ARC _C3_slice7-Ort.czi,old,pomc,lower
112,210.0,235.28095238095239,49409.0,B465_ARC _C3_slice7-Ort.czi,old,pomc,lower
113,187.0,221.6577540106952,41450.0,B465_ARC _C3_slice7-Ort.czi,old,pomc,lower
114,245.0,239.5387755102041,58687.0,B465_ARC _C3_slice7-Ort.czi,old,pomc,lower
115,125.0,236.384,29548.0,B465_ARC _C3_slice7-Ort.czi,old,pomc,lower
116,130.0,245.7153846153846,31943.0,B465_ARC _C3_slice7-Ort.czi,old,pomc,lower
117,133.0,223.1578947368421,29680.0,B465_ARC _C3_slice7-Ort.czi,old,pomc,lower
118,134.0,244.50746268656715,32764.0,B465_ARC _C3_slice7-Ort.czi,old,pomc,lower
119,138.0,241.35507246376812,33307.0,B465_ARC _C3_slice7-Ort.czi,old,pomc,lower
120,42.0,213.85714285714286,8982.0,B465_ARC _C3_slice7-Ort.czi,old,pomc,lower
121,100.0,247.58,24758.0,B465_ARC _C3_slice7-Ort.czi,old,pomc,lower
122,151.0,218.03311258278146,32923.0,B465_ARC _C3_slice7-Ort.czi,old,pomc,lower
123,110.0,225.78181818181818,24836.0,B465_ARC _C3_slice7-Ort.czi,old,pomc,lower
124,113.0,243.7079646017699,27539.0,B465_ARC _C3_slice7-Ort.czi,old,pomc,lower
125,84.0,249.75,20979.0,B465_ARC _C3_slice7-Ort.czi,old,pomc,lower
126,97.0,224.11340206185568,21739.0,B465_ARC _C3_slice7-Ort.czi,old,pomc,lower
127,106.0,239.49056603773585,25386.0,B465_ARC _C3_slice7-Ort.czi,old,pomc,lower
128,72.0,231.63888888888889,16678.0,B465_ARC _C3_slice7-Ort.czi,old,pomc,lower
129,90.0,244.57777777777778,22012.0,B465_ARC _C3_slice7-Ort.czi,old,pomc,lower
130,52.0,228.15384615384616,11864.0,B465_ARC _C3_slice7-Ort.czi,old,pomc,lower
131,83.0,226.65060240963857,18812.0,B465_ARC _C3_slice7-Ort.czi,old,pomc,lower
132,90.0,233.9111111111111,21052.0,B465_ARC _C3_slice7-Ort.czi,old,pomc,lower
1,68.0,219.26470588235293,14910.0,B489_ARC_xxx_slice5-Ort.czi,old,pomc,lower
2,97.0,243.20618556701032,23591.0,B489_ARC_xxx_slice5-Ort.czi,old,pomc,lower
3,104.0,248.20192307692307,25813.0,B489_ARC_xxx_slice5-Ort.czi,old,pomc,lower
4,14.0,230.28571428571428,3224.0,B489_ARC_xxx_slice5-Ort.czi,old,pomc,lower
5,45.0,196.84444444444443,8858.0,B489_ARC_xxx_slice5-Ort.czi,old,pomc,lower
6,78.0,205.85897435897436,16057.0,B489_ARC_xxx_slice5-Ort.czi,old,pomc,lower
7,87.0,244.72413793103448,21291.0,B489_ARC_xxx_slice5-Ort.czi,old,pomc,lower
8,81.0,244.85185185185185,19833.0,B489_ARC_xxx_slice5-Ort.czi,old,pomc,lower
9,31.0,173.58064516129033,5381.0,B489_ARC_xxx_slice5-Ort.czi,old,pomc,lower
10,70.0,214.84285714285716,15039.0,B489_ARC_xxx_slice5-Ort.czi,old,pomc,lower
11,97.0,245.5257731958763,23816.0,B489_ARC_xxx_slice5-Ort.czi,old,pomc,lower
12,102.0,248.66666666666666,25364.0,B489_ARC_xxx_slice5-Ort.czi,old,pomc,lower
13,29.0,229.20689655172413,6647.0,B489_ARC_xxx_slice5-Ort.czi,old,pomc,lower
14,136.0,234.60294117647058,31906.0,B489_ARC_xxx_slice5-Ort.czi,old,pomc,lower
15,41.0,198.9268292682927,8156.0,B489_ARC_xxx_slice5-Ort.czi,old,pomc,lower
16,107.0,231.78504672897196,24801.0,B489_ARC_xxx_slice5-Ort.czi,old,pomc,lower
17,52.0,153.6346153846154,7989.0,B489_ARC_xxx_slice5-Ort.czi,old,pomc,lower
18,22.0,203.5,4477.0,B489_ARC_xxx_slice5-Ort.czi,old,pomc,lower
19,67.0,196.16417910447763,13143.0,B489_ARC_xxx_slice5-Ort.czi,old,pomc,lower
20,74.0,195.52702702702703,14469.0,B489_ARC_xxx_slice5-Ort.czi,old,pomc,lower
21,79.0,246.16455696202533,19447.0,B489_ARC_xxx_slice5-Ort.czi,old,pomc,lower
22,105.0,239.17142857142858,25113.0,B489_ARC_xxx_slice5-Ort.czi,old,pomc,lower
23,14.0,161.57142857142858,2262.0,B489_ARC_xxx_slice5-Ort.czi,old,pomc,lower
24,118.0,245.17796610169492,28931.0,B489_ARC_xxx_slice5-Ort.czi,old,pomc,lower
25,44.0,238.4090909090909,10490.0,B489_ARC_xxx_slice5-Ort.czi,old,pomc,lower
26,21.0,178.47619047619048,3748.0,B489_ARC_xxx_slice5-Ort.czi,old,pomc,lower
27,15.0,192.06666666666666,2881.0,B489_ARC_xxx_slice5-Ort.czi,old,pomc,lower
28,154.0,249.30519480519482,38393.0,B489_ARC_xxx_slice5-Ort.czi,old,pomc,lower
29,75.0,237.73333333333332,17830.0,B489_ARC_xxx_slice5-Ort.czi,old,pomc,lower
30,20.0,224.45,4489.0,B489_ARC_xxx_slice5-Ort.czi,old,pomc,lower
31,108.0,246.96296296296296,26672.0,B489_ARC_xxx_slice5-Ort.czi,old,pomc,lower
32,29.0,175.82758620689654,5099.0,B489_ARC_xxx_slice5-Ort.czi,old,pomc,lower
33,54.0,199.38888888888889,10767.0,B489_ARC_xxx_slice5-Ort.czi,old,pomc,lower
34,49.0,173.59183673469389,8506.0,B489_ARC_xxx_slice5-Ort.czi,old,pomc,lower
35,100.0,224.35,22435.0,B489_ARC_xxx_slice5-Ort.czi,old,pomc,lower
36,65.0,235.7076923076923,15321.0,B489_ARC_xxx_slice5-Ort.czi,old,pomc,lower
37,2.0,255.0,510.0,B489_ARC_xxx_slice5-Ort.czi,old,pomc,lower
38,44.0,207.38636363636363,9125.0,B489_ARC_xxx_slice5-Ort.czi,old,pomc,lower
39,44.0,188.6818181818182,8302.0,B489_ARC_xxx_slice5-Ort.czi,old,pomc,lower
40,8.0,183.625,1469.0,B489_ARC_xxx_slice5-Ort.czi,old,pomc,lower
41,113.0,231.89380530973452,26204.0,B489_ARC_xxx_slice5-Ort.czi,old,pomc,lower
42,89.0,253.20224719101122,22535.0,B489_ARC_xxx_slice5-Ort.czi,old,pomc,lower
43,195.0,244.44615384615383,47667.0,B489_ARC_xxx_slice5-Ort.czi,old,pomc,lower
44,78.0,223.98717948717947,17471.0,B489_ARC_xxx_slice5-Ort.czi,old,pomc,lower
45,27.0,186.74074074074073,5042.0,B489_ARC_xxx_slice5-Ort.czi,old,pomc,lower
46,15.0,236.6,3549.0,B489_ARC_xxx_slice5-Ort.czi,old,pomc,lower
47,66.0,196.6060606060606,12976.0,B489_ARC_xxx_slice5-Ort.czi,old,pomc,lower
48,166.0,238.90963855421685,39659.0,B489_ARC_xxx_slice5-Ort.czi,old,pomc,lower
49,44.0,213.70454545454547,9403.0,B489_ARC_xxx_slice5-Ort.czi,old,pomc,lower
50,106.0,234.78301886792454,24887.0,B489_ARC_xxx_slice5-Ort.czi,old,pomc,lower
51,108.0,248.88888888888889,26880.0,B489_ARC_xxx_slice5-Ort.czi,old,pomc,lower
52,119.0,246.9579831932773,29388.0,B489_ARC_xxx_slice5-Ort.czi,old,pomc,lower
53,87.0,252.632183908046,21979.0,B489_ARC_xxx_slice5-Ort.czi,old,pomc,lower
54,133.0,202.2330827067669,26897.0,B489_ARC_xxx_slice5-Ort.czi,old,pomc,lower
55,71.0,219.42253521126761,15579.0,B489_ARC_xxx_slice5-Ort.czi,old,pomc,lower
56,104.0,240.52884615384616,25015.0,B489_ARC_xxx_slice5-Ort.czi,old,pomc,lower
57,15.0,239.0,3585.0,B489_ARC_xxx_slice5-Ort.czi,old,pomc,lower
58,55.0,200.5090909090909,11028.0,B489_ARC_xxx_slice5-Ort.czi,old,pomc,lower
59,102.0,232.69607843137254,23735.0,B489_ARC_xxx_slice5-Ort.czi,old,pomc,lower
60,30.0,210.46666666666667,6314.0,B489_ARC_xxx_slice5-Ort.czi,old,pomc,lower
61,25.0,200.04,5001.0,B489_ARC_xxx_slice5-Ort.czi,old,pomc,lower
62,18.0,169.72222222222223,3055.0,B489_ARC_xxx_slice5-Ort.czi,old,pomc,lower
63,140.0,240.42857142857142,33660.0,B489_ARC_xxx_slice5-Ort.czi,old,pomc,lower
64,1.0,113.0,113.0,B489_ARC_xxx_slice5-Ort.czi,old,pomc,lower
65,21.0,243.42857142857142,5112.0,B489_ARC_xxx_slice5-Ort.czi,old,pomc,lower
66,79.0,211.41772151898735,16702.0,B489_ARC_xxx_slice5-Ort.czi,old,pomc,lower
67,8.0,165.375,1323.0,B489_ARC_xxx_slice5-Ort.czi,old,pomc,lower
68,66.0,226.6060606060606,14956.0,B489_ARC_xxx_slice5-Ort.czi,old,pomc,lower
69,94.0,211.10638297872342,19844.0,B489_ARC_xxx_slice5-Ort.czi,old,pomc,lower
70,18.0,221.83333333333334,3993.0,B489_ARC_xxx_slice5-Ort.czi,old,pomc,lower
71,133.0,238.406015037594,31708.0,B489_ARC_xxx_slice5-Ort.czi,old,pomc,lower
72,41.0,226.6829268292683,9294.0,B489_ARC_xxx_slice5-Ort.czi,old,pomc,lower
73,64.0,227.828125,14581.0,B489_ARC_xxx_slice5-Ort.czi,old,pomc,lower
74,100.0,238.4,23840.0,B489_ARC_xxx_slice5-Ort.czi,old,pomc,lower
75,197.0,239.9035532994924,47261.0,B489_ARC_xxx_slice5-Ort.czi,old,pomc,lower
76,1.0,113.0,113.0,B489_ARC_xxx_slice5-Ort.czi,old,pomc,lower
77,27.0,224.77777777777777,6069.0,B489_ARC_xxx_slice5-Ort.czi,old,pomc,lower
78,83.0,250.19277108433735,20766.0,B489_ARC_xxx_slice5-Ort.czi,old,pomc,lower
79,9.0,205.0,1845.0,B489_ARC_xxx_slice5-Ort.czi,old,pomc,lower
80,27.0,204.11111111111111,5511.0,B489_ARC_xxx_slice5-Ort.czi,old,pomc,lower
81,26.0,144.30769230769232,3752.0000000000005,B489_ARC_xxx_slice5-Ort.czi,old,pomc,lower
82,31.0,182.38709677419354,5654.0,B489_ARC_xxx_slice5-Ort.czi,old,pomc,lower
83,14.0,214.0,2996.0,B489_ARC_xxx_slice5-Ort.czi,old,pomc,lower
84,68.0,243.72058823529412,16573.0,B489_ARC_xxx_slice5-Ort.czi,old,pomc,lower
1,174.0,246.90804597701148,42962.0,F656_ARC _B3_slice5-Ort.czi,old,pomc,lower
2,102.0,236.6078431372549,24134.0,F656_ARC _B3_slice5-Ort.czi,old,pomc,lower
3,104.0,241.94230769230768,25162.0,F656_ARC _B3_slice5-Ort.czi,old,pomc,lower
4,175.0,249.4857142857143,43660.0,F656_ARC _B3_slice5-Ort.czi,old,pomc,lower
5,152.0,248.625,37791.0,F656_ARC _B3_slice5-Ort.czi,old,pomc,lower
6,12.0,210.83333333333334,2530.0,F656_ARC _B3_slice5-Ort.czi,old,pomc,lower
7,172.0,244.06976744186048,41980.0,F656_ARC _B3_slice5-Ort.czi,old,pomc,lower
8,126.0,243.29365079365078,30655.0,F656_ARC _B3_slice5-Ort.czi,old,pomc,lower
9,132.0,231.58333333333334,30569.0,F656_ARC _B3_slice5-Ort.czi,old,pomc,lower
10,146.0,229.84246575342465,33557.0,F656_ARC _B3_slice5-Ort.czi,old,pomc,lower
11,161.0,233.3167701863354,37564.0,F656_ARC _B3_slice5-Ort.czi,old,pomc,lower
12,174.0,247.3448275862069,43038.0,F656_ARC _B3_slice5-Ort.czi,old,pomc,lower
13,27.0,238.11111111111111,6429.0,F656_ARC _B3_slice5-Ort.czi,old,pomc,lower
14,199.0,247.80904522613065,49314.0,F656_ARC _B3_slice5-Ort.czi,old,pomc,lower
15,129.0,234.31007751937983,30226.0,F656_ARC _B3_slice5-Ort.czi,old,pomc,lower
16,178.0,244.1011235955056,43450.0,F656_ARC _B3_slice5-Ort.czi,old,pomc,lower
17,86.0,246.80232558139534,21225.0,F656_ARC _B3_slice5-Ort.czi,old,pomc,lower
18,172.0,237.90116279069767,40919.0,F656_ARC _B3_slice5-Ort.czi,old,pomc,lower
19,159.0,252.0691823899371,40079.0,F656_ARC _B3_slice5-Ort.czi,old,pomc,lower
20,125.0,244.992,30624.0,F656_ARC _B3_slice5-Ort.czi,old,pomc,lower
21,182.0,238.86263736263737,43473.0,F656_ARC _B3_slice5-Ort.czi,old,pomc,lower
22,139.0,248.3956834532374,34527.0,F656_ARC _B3_slice5-Ort.czi,old,pomc,lower
23,151.0,248.2913907284768,37492.0,F656_ARC _B3_slice5-Ort.czi,old,pomc,lower
24,116.0,207.3448275862069,24052.0,F656_ARC _B3_slice5-Ort.czi,old,pomc,lower
25,189.0,248.97354497354496,47056.0,F656_ARC _B3_slice5-Ort.czi,old,pomc,lower
26,154.0,245.14935064935065,37753.0,F656_ARC _B3_slice5-Ort.czi,old,pomc,lower
27,218.0,246.03669724770643,53636.0,F656_ARC _B3_slice5-Ort.czi,old,pomc,lower
28,66.0,238.93939393939394,15770.0,F656_ARC _B3_slice5-Ort.czi,old,pomc,lower
29,53.0,149.30188679245282,7912.999999999999,F656_ARC _B3_slice5-Ort.czi,old,pomc,lower
30,15.0,144.6,2169.0,F656_ARC _B3_slice5-Ort.czi,old,pomc,lower
31,149.0,250.00671140939596,37251.0,F656_ARC _B3_slice5-Ort.czi,old,pomc,lower
32,64.0,220.921875,14139.0,F656_ARC _B3_slice5-Ort.czi,old,pomc,lower
33,164.0,234.70731707317074,38492.0,F656_ARC _B3_slice5-Ort.czi,old,pomc,lower
34,108.0,228.5,24678.0,F656_ARC _B3_slice5-Ort.czi,old,pomc,lower
35,2.0,108.0,216.0,F656_ARC _B3_slice5-Ort.czi,old,pomc,lower
36,233.0,246.80257510729615,57505.0,F656_ARC _B3_slice5-Ort.czi,old,pomc,lower
37,199.0,243.7788944723618,48512.0,F656_ARC _B3_slice5-Ort.czi,old,pomc,lower
38,259.0,243.55984555984557,63082.0,F656_ARC _B3_slice5-Ort.czi,old,pomc,lower
39,220.0,245.99545454545455,54119.0,F656_ARC _B3_slice5-Ort.czi,old,pomc,lower
40,151.0,248.39735099337747,37508.0,F656_ARC _B3_slice5-Ort.czi,old,pomc,lower
41,198.0,246.46969696969697,48801.0,F656_ARC _B3_slice5-Ort.czi,old,pomc,lower
42,11.0,244.63636363636363,2691.0,F656_ARC _B3_slice5-Ort.czi,old,pomc,lower
43,1.0,146.0,146.0,F656_ARC _B3_slice5-Ort.czi,old,pomc,lower
44,168.0,245.5595238095238,41254.0,F656_ARC _B3_slice5-Ort.czi,old,pomc,lower
45,70.0,204.81428571428572,14337.0,F656_ARC _B3_slice5-Ort.czi,old,pomc,lower
46,67.0,144.044776119403,9651.0,F656_ARC _B3_slice5-Ort.czi,old,pomc,lower
47,148.0,246.89864864864865,36541.0,F656_ARC _B3_slice5-Ort.czi,old,pomc,lower
48,102.0,250.5,25551.0,F656_ARC _B3_slice5-Ort.czi,old,pomc,lower
49,134.0,247.0597014925373,33106.0,F656_ARC _B3_slice5-Ort.czi,old,pomc,lower
50,195.0,247.86666666666667,48334.0,F656_ARC _B3_slice5-Ort.czi,old,pomc,lower
51,258.0,239.6627906976744,61833.0,F656_ARC _B3_slice5-Ort.czi,old,pomc,lower
52,156.0,247.25641025641025,38572.0,F656_ARC _B3_slice5-Ort.czi,old,pomc,lower
53,213.0,242.99530516431926,51758.0,F656_ARC _B3_slice5-Ort.czi,old,pomc,lower
54,140.0,246.72857142857143,34542.0,F656_ARC _B3_slice5-Ort.czi,old,pomc,lower
55,90.0,241.76666666666668,21759.0,F656_ARC _B3_slice5-Ort.czi,old,pomc,lower
56,192.0,247.90104166666666,47597.0,F656_ARC _B3_slice5-Ort.czi,old,pomc,lower
57,187.0,238.8288770053476,44661.0,F656_ARC _B3_slice5-Ort.czi,old,pomc,lower
58,67.0,245.08955223880596,16421.0,F656_ARC _B3_slice5-Ort.czi,old,pomc,lower
59,148.0,247.58783783783784,36643.0,F656_ARC _B3_slice5-Ort.czi,old,pomc,lower
60,240.0,237.3625,56967.0,F656_ARC _B3_slice5-Ort.czi,old,pomc,lower
61,43.0,216.37209302325581,9304.0,F656_ARC _B3_slice5-Ort.czi,old,pomc,lower
62,180.0,244.96666666666667,44094.0,F656_ARC _B3_slice5-Ort.czi,old,pomc,lower
63,226.0,246.5,55709.0,F656_ARC _B3_slice5-Ort.czi,old,pomc,lower
64,319.0,238.6426332288401,76127.0,F656_ARC _B3_slice5-Ort.czi,old,pomc,lower
65,86.0,244.75581395348837,21049.0,F656_ARC _B3_slice5-Ort.czi,old,pomc,lower
66,158.0,245.63291139240508,38810.0,F656_ARC _B3_slice5-Ort.czi,old,pomc,lower
67,138.0,241.6086956521739,33342.0,F656_ARC _B3_slice5-Ort.czi,old,pomc,lower
68,235.0,239.60851063829787,56308.0,F656_ARC _B3_slice5-Ort.czi,old,pomc,lower
69,113.0,240.9646017699115,27229.0,F656_ARC _B3_slice5-Ort.czi,old,pomc,lower
70,183.0,241.65573770491804,44223.0,F656_ARC _B3_slice5-Ort.czi,old,pomc,lower
71,110.0,239.4090909090909,26335.0,F656_ARC _B3_slice5-Ort.czi,old,pomc,lower
72,117.0,245.35897435897436,28707.0,F656_ARC _B3_slice5-Ort.czi,old,pomc,lower
73,697.0,235.47345767575322,164125.0,F656_ARC _B3_slice5-Ort.czi,old,pomc,lower
74,430.0,238.64418604651163,102617.0,F656_ARC _B3_slice5-Ort.czi,old,pomc,lower
75,33.0,252.66666666666666,8338.0,F656_ARC _B3_slice5-Ort.czi,old,pomc,lower
76,128.0,232.984375,29822.0,F656_ARC _B3_slice5-Ort.czi,old,pomc,lower
77,139.0,246.42446043165467,34253.0,F656_ARC _B3_slice5-Ort.czi,old,pomc,lower
78,13.0,231.3846153846154,3008.0,F656_ARC _B3_slice5-Ort.czi,old,pomc,lower
79,172.0,246.44767441860466,42389.0,F656_ARC _B3_slice5-Ort.czi,old,pomc,lower
80,155.0,248.03225806451613,38445.0,F656_ARC _B3_slice5-Ort.czi,old,pomc,lower
81,19.0,180.1578947368421,3423.0,F656_ARC _B3_slice5-Ort.czi,old,pomc,lower
82,133.0,246.68421052631578,32809.0,F656_ARC _B3_slice5-Ort.czi,old,pomc,lower
83,188.0,248.89361702127658,46792.0,F656_ARC _B3_slice5-Ort.czi,old,pomc,lower
84,154.0,247.26623376623377,38079.0,F656_ARC _B3_slice5-Ort.czi,old,pomc,lower
85,67.0,220.08955223880596,14746.0,F656_ARC _B3_slice5-Ort.czi,old,pomc,lower
86,231.0,232.4025974025974,53685.0,F656_ARC _B3_slice5-Ort.czi,old,pomc,lower
87,171.0,239.57309941520467,40967.0,F656_ARC _B3_slice5-Ort.czi,old,pomc,lower
88,86.0,215.08139534883722,18497.0,F656_ARC _B3_slice5-Ort.czi,old,pomc,lower
89,132.0,241.70454545454547,31905.0,F656_ARC _B3_slice5-Ort.czi,old,pomc,lower
90,69.0,196.92753623188406,13588.0,F656_ARC _B3_slice5-Ort.czi,old,pomc,lower
91,258.0,244.58139534883722,63102.0,F656_ARC _B3_slice5-Ort.czi,old,pomc,lower
92,82.0,179.4390243902439,14714.0,F656_ARC _B3_slice5-Ort.czi,old,pomc,lower
93,61.0,235.29508196721312,14353.0,F656_ARC _B3_slice5-Ort.czi,old,pomc,lower
94,229.0,239.90829694323145,54939.0,F656_ARC _B3_slice5-Ort.czi,old,pomc,lower
95,217.0,236.64976958525347,51353.0,F656_ARC _B3_slice5-Ort.czi,old,pomc,lower
96,154.0,238.52597402597402,36733.0,F656_ARC _B3_slice5-Ort.czi,old,pomc,lower
97,151.0,243.12582781456953,36712.0,F656_ARC _B3_slice5-Ort.czi,old,pomc,lower
98,8.0,255.0,2040.0,F656_ARC _B3_slice5-Ort.czi,old,pomc,lower
99,46.0,251.7391304347826,11580.0,F656_ARC _B3_slice5-Ort.czi,old,pomc,lower
100,133.0,242.93984962406014,32311.0,F656_ARC _B3_slice5-Ort.czi,old,pomc,lower
101,87.0,244.13793103448276,21240.0,F656_ARC _B3_slice5-Ort.czi,old,pomc,lower
102,491.0,246.44602851323828,121005.0,F656_ARC _B3_slice5-Ort.czi,old,pomc,lower
103,151.0,243.43708609271522,36759.0,F656_ARC _B3_slice5-Ort.czi,old,pomc,lower
104,69.0,241.6086956521739,16671.0,F656_ARC _B3_slice5-Ort.czi,old,pomc,lower
105,81.0,235.44444444444446,19071.0,F656_ARC _B3_slice5-Ort.czi,old,pomc,lower
106,1.0,98.0,98.0,F656_ARC _B3_slice5-Ort.czi,old,pomc,lower
107,249.0,240.93975903614458,59994.0,F656_ARC _B3_slice5-Ort.czi,old,pomc,lower
108,95.0,246.9157894736842,23457.0,F656_ARC _B3_slice5-Ort.czi,old,pomc,lower
109,118.0,242.65254237288136,28633.0,F656_ARC _B3_slice5-Ort.czi,old,pomc,lower
110,163.0,250.69325153374234,40863.0,F656_ARC _B3_slice5-Ort.czi,old,pomc,lower
111,324.0,244.79320987654322,79313.0,F656_ARC _B3_slice5-Ort.czi,old,pomc,lower
112,69.0,250.63768115942028,17294.0,F656_ARC _B3_slice5-Ort.czi,old,pomc,lower
113,24.0,220.75,5298.0,F656_ARC _B3_slice5-Ort.czi,old,pomc,lower
114,170.0,243.00588235294117,41311.0,F656_ARC _B3_slice5-Ort.czi,old,pomc,lower
115,135.0,242.5851851851852,32749.0,F656_ARC _B3_slice5-Ort.czi,old,pomc,lower
116,102.0,241.36274509803923,24619.0,F656_ARC _B3_slice5-Ort.czi,old,pomc,lower
117,103.0,236.3495145631068,24344.0,F656_ARC _B3_slice5-Ort.czi,old,pomc,lower
118,189.0,247.5185185185185,46781.0,F656_ARC _B3_slice5-Ort.czi,old,pomc,lower
1,126.0,247.984126984127,31246.0,B465_ARC _C3_slice5-Ort.czi,old,pomc,lower
2,31.0,247.29032258064515,7666.0,B465_ARC _C3_slice5-Ort.czi,old,pomc,lower
3,113.0,241.3362831858407,27271.0,B465_ARC _C3_slice5-Ort.czi,old,pomc,lower
4,102.0,246.88235294117646,25182.0,B465_ARC _C3_slice5-Ort.czi,old,pomc,lower
5,124.0,222.61290322580646,27604.0,B465_ARC _C3_slice5-Ort.czi,old,pomc,lower
6,157.0,243.0764331210191,38163.0,B465_ARC _C3_slice5-Ort.czi,old,pomc,lower
7,172.0,240.11046511627907,41299.0,B465_ARC _C3_slice5-Ort.czi,old,pomc,lower
8,114.0,240.3859649122807,27404.0,B465_ARC _C3_slice5-Ort.czi,old,pomc,lower
9,209.0,237.66507177033492,49672.0,B465_ARC _C3_slice5-Ort.czi,old,pomc,lower
10,183.0,235.28415300546447,43057.0,B465_ARC _C3_slice5-Ort.czi,old,pomc,lower
11,169.0,234.28402366863907,39594.0,B465_ARC _C3_slice5-Ort.czi,old,pomc,lower
12,133.0,242.62406015037595,32269.0,B465_ARC _C3_slice5-Ort.czi,old,pomc,lower
13,161.0,247.22981366459626,39804.0,B465_ARC _C3_slice5-Ort.czi,old,pomc,lower
14,12.0,246.66666666666666,2960.0,B465_ARC _C3_slice5-Ort.czi,old,pomc,lower
15,176.0,239.3693181818182,42129.0,B465_ARC _C3_slice5-Ort.czi,old,pomc,lower
16,140.0,244.8,34272.0,B465_ARC _C3_slice5-Ort.czi,old,pomc,lower
17,162.0,240.87037037037038,39021.0,B465_ARC _C3_slice5-Ort.czi,old,pomc,lower
18,139.0,245.5251798561151,34128.0,B465_ARC _C3_slice5-Ort.czi,old,pomc,lower
19,210.0,241.56666666666666,50729.0,B465_ARC _C3_slice5-Ort.czi,old,pomc,lower
20,139.0,243.28776978417267,33817.0,B465_ARC _C3_slice5-Ort.czi,old,pomc,lower
21,31.0,234.80645161290323,7279.0,B465_ARC _C3_slice5-Ort.czi,old,pomc,lower
22,87.0,210.97701149425288,18355.0,B465_ARC _C3_slice5-Ort.czi,old,pomc,lower
23,142.0,223.76760563380282,31775.0,B465_ARC _C3_slice5-Ort.czi,old,pomc,lower
24,268.0,232.11194029850745,62205.99999999999,B465_ARC _C3_slice5-Ort.czi,old,pomc,lower
25,180.0,243.07222222222222,43753.0,B465_ARC _C3_slice5-Ort.czi,old,pomc,lower
26,267.0,238.5056179775281,63681.0,B465_ARC _C3_slice5-Ort.czi,old,pomc,lower
27,216.0,245.51388888888889,53031.0,B465_ARC _C3_slice5-Ort.czi,old,pomc,lower
28,136.0,247.97794117647058,33725.0,B465_ARC _C3_slice5-Ort.czi,old,pomc,lower
29,58.0,237.1551724137931,13755.0,B465_ARC _C3_slice5-Ort.czi,old,pomc,lower
30,82.0,239.21951219512195,19616.0,B465_ARC _C3_slice5-Ort.czi,old,pomc,lower
31,129.0,232.63565891472868,30010.0,B465_ARC _C3_slice5-Ort.czi,old,pomc,lower
32,201.0,225.01492537313433,45228.0,B465_ARC _C3_slice5-Ort.czi,old,pomc,lower
33,280.0,235.74285714285713,66008.0,B465_ARC _C3_slice5-Ort.czi,old,pomc,lower
34,283.0,231.42756183745584,65494.0,B465_ARC _C3_slice5-Ort.czi,old,pomc,lower
35,136.0,236.03676470588235,32101.0,B465_ARC _C3_slice5-Ort.czi,old,pomc,lower
36,142.0,244.7394366197183,34753.0,B465_ARC _C3_slice5-Ort.czi,old,pomc,lower
37,133.0,247.35338345864662,32898.0,B465_ARC _C3_slice5-Ort.czi,old,pomc,lower
38,5.0,240.0,1200.0,B465_ARC _C3_slice5-Ort.czi,old,pomc,lower
39,147.0,235.44897959183675,34611.0,B465_ARC _C3_slice5-Ort.czi,old,pomc,lower
40,33.0,176.6060606060606,5828.0,B465_ARC _C3_slice5-Ort.czi,old,pomc,lower
41,7.0,250.42857142857142,1753.0,B465_ARC _C3_slice5-Ort.czi,old,pomc,lower
42,30.0,181.46666666666667,5444.0,B465_ARC _C3_slice5-Ort.czi,old,pomc,lower
43,38.0,239.1315789473684,9087.0,B465_ARC _C3_slice5-Ort.czi,old,pomc,lower
44,105.0,240.15238095238095,25216.0,B465_ARC _C3_slice5-Ort.czi,old,pomc,lower
45,9.0,169.33333333333334,1524.0,B465_ARC _C3_slice5-Ort.czi,old,pomc,lower
46,66.0,246.66666666666666,16280.0,B465_ARC _C3_slice5-Ort.czi,old,pomc,lower
47,213.0,232.6244131455399,49549.0,B465_ARC _C3_slice5-Ort.czi,old,pomc,lower
48,172.0,243.56976744186048,41894.0,B465_ARC _C3_slice5-Ort.czi,old,pomc,lower
49,124.0,249.16129032258064,30896.0,B465_ARC _C3_slice5-Ort.czi,old,pomc,lower
50,128.0,245.625,31440.0,B465_ARC _C3_slice5-Ort.czi,old,pomc,lower
51,88.0,245.0681818181818,21566.0,B465_ARC _C3_slice5-Ort.czi,old,pomc,lower
52,33.0,177.0909090909091,5844.0,B465_ARC _C3_slice5-Ort.czi,old,pomc,lower
53,168.0,240.61309523809524,40423.0,B465_ARC _C3_slice5-Ort.czi,old,pomc,lower
54,102.0,240.80392156862746,24562.0,B465_ARC _C3_slice5-Ort.czi,old,pomc,lower
55,164.0,249.29268292682926,40884.0,B465_ARC _C3_slice5-Ort.czi,old,pomc,lower
56,83.0,231.46987951807228,19212.0,B465_ARC _C3_slice5-Ort.czi,old,pomc,lower
57,23.0,226.3913043478261,5207.0,B465_ARC _C3_slice5-Ort.czi,old,pomc,lower
58,222.0,233.80180180180182,51904.0,B465_ARC _C3_slice5-Ort.czi,old,pomc,lower
59,115.0,241.51304347826087,27774.0,B465_ARC _C3_slice5-Ort.czi,old,pomc,lower
60,111.0,248.56756756756758,27591.0,B465_ARC _C3_slice5-Ort.czi,old,pomc,lower
61,88.0,244.14772727272728,21485.0,B465_ARC _C3_slice5-Ort.czi,old,pomc,lower
62,197.0,227.1776649746193,44754.0,B465_ARC _C3_slice5-Ort.czi,old,pomc,lower
63,9.0,230.77777777777777,2077.0,B465_ARC _C3_slice5-Ort.czi,old,pomc,lower
64,10.0,255.0,2550.0,B465_ARC _C3_slice5-Ort.czi,old,pomc,lower
65,112.0,242.84821428571428,27199.0,B465_ARC _C3_slice5-Ort.czi,old,pomc,lower
66,112.0,239.32142857142858,26804.0,B465_ARC _C3_slice5-Ort.czi,old,pomc,lower
67,70.0,246.18571428571428,17233.0,B465_ARC _C3_slice5-Ort.czi,old,pomc,lower
68,211.0,239.65402843601896,50567.0,B465_ARC _C3_slice5-Ort.czi,old,pomc,lower
69,221.0,216.4660633484163,47839.0,B465_ARC _C3_slice5-Ort.czi,old,pomc,lower
70,49.0,226.3673469387755,11092.0,B465_ARC _C3_slice5-Ort.czi,old,pomc,lower
71,202.0,225.2029702970297,45491.0,B465_ARC _C3_slice5-Ort.czi,old,pomc,lower
72,287.0,247.09059233449477,70915.0,B465_ARC _C3_slice5-Ort.czi,old,pomc,lower
73,116.0,222.67241379310346,25830.0,B465_ARC _C3_slice5-Ort.czi,old,pomc,lower
74,124.0,244.3709677419355,30302.0,B465_ARC _C3_slice5-Ort.czi,old,pomc,lower
75,39.0,248.15384615384616,9678.0,B465_ARC _C3_slice5-Ort.czi,old,pomc,lower
76,132.0,246.1590909090909,32493.0,B465_ARC _C3_slice5-Ort.czi,old,pomc,lower
77,163.0,242.88957055214723,39591.0,B465_ARC _C3_slice5-Ort.czi,old,pomc,lower
78,164.0,243.42073170731706,39921.0,B465_ARC _C3_slice5-Ort.czi,old,pomc,lower
79,130.0,227.08461538461538,29521.0,B465_ARC _C3_slice5-Ort.czi,old,pomc,lower
80,186.0,244.8763440860215,45547.0,B465_ARC _C3_slice5-Ort.czi,old,pomc,lower
81,148.0,241.3581081081081,35721.0,B465_ARC _C3_slice5-Ort.czi,old,pomc,lower
82,75.0,240.26666666666668,18020.0,B465_ARC _C3_slice5-Ort.czi,old,pomc,lower
83,121.0,235.60330578512398,28508.0,B465_ARC _C3_slice5-Ort.czi,old,pomc,lower
84,119.0,246.01680672268907,29276.0,B465_ARC _C3_slice5-Ort.czi,old,pomc,lower
85,100.0,229.97,22997.0,B465_ARC _C3_slice5-Ort.czi,old,pomc,lower
86,259.0,241.56370656370657,62565.0,B465_ARC _C3_slice5-Ort.czi,old,pomc,lower
87,131.0,227.1908396946565,29762.0,B465_ARC _C3_slice5-Ort.czi,old,pomc,lower
88,185.0,235.03243243243244,43481.0,B465_ARC _C3_slice5-Ort.czi,old,pomc,lower
89,146.0,234.3835616438356,34220.0,B465_ARC _C3_slice5-Ort.czi,old,pomc,lower
90,123.0,229.2357723577236,28196.0,B465_ARC _C3_slice5-Ort.czi,old,pomc,lower
91,232.0,239.3448275862069,55528.0,B465_ARC _C3_slice5-Ort.czi,old,pomc,lower
92,241.0,239.91701244813277,57820.0,B465_ARC _C3_slice5-Ort.czi,old,pomc,lower
93,155.0,243.0193548387097,37668.0,B465_ARC _C3_slice5-Ort.czi,old,pomc,lower
94,53.0,235.9056603773585,12503.0,B465_ARC _C3_slice5-Ort.czi,old,pomc,lower
95,94.0,237.85106382978722,22358.0,B465_ARC _C3_slice5-Ort.czi,old,pomc,lower
96,109.0,241.651376146789,26340.0,B465_ARC _C3_slice5-Ort.czi,old,pomc,lower
97,54.0,246.92592592592592,13334.0,B465_ARC _C3_slice5-Ort.czi,old,pomc,lower
98,124.0,235.6451612903226,29220.0,B465_ARC _C3_slice5-Ort.czi,old,pomc,lower
99,113.0,240.30973451327435,27155.0,B465_ARC _C3_slice5-Ort.czi,old,pomc,lower
100,138.0,229.78985507246378,31711.0,B465_ARC _C3_slice5-Ort.czi,old,pomc,lower
101,242.0,242.8801652892562,58777.0,B465_ARC _C3_slice5-Ort.czi,old,pomc,lower
102,167.0,249.7305389221557,41705.0,B465_ARC _C3_slice5-Ort.czi,old,pomc,lower
103,32.0,201.09375,6435.0,B465_ARC _C3_slice5-Ort.czi,old,pomc,lower
104,157.0,241.51592356687897,37918.0,B465_ARC _C3_slice5-Ort.czi,old,pomc,lower
105,187.0,241.58823529411765,45177.0,B465_ARC _C3_slice5-Ort.czi,old,pomc,lower
106,214.0,243.2429906542056,52054.0,B465_ARC _C3_slice5-Ort.czi,old,pomc,lower
107,87.0,234.01149425287358,20359.0,B465_ARC _C3_slice5-Ort.czi,old,pomc,lower
108,131.0,237.58778625954199,31124.0,B465_ARC _C3_slice5-Ort.czi,old,pomc,lower
109,172.0,232.95348837209303,40068.0,B465_ARC _C3_slice5-Ort.czi,old,pomc,lower
110,135.0,237.33333333333334,32040.0,B465_ARC _C3_slice5-Ort.czi,old,pomc,lower
111,70.0,234.8,16436.0,B465_ARC _C3_slice5-Ort.czi,old,pomc,lower
112,30.0,244.96666666666667,7349.0,B465_ARC _C3_slice5-Ort.czi,old,pomc,lower
113,207.0,236.36231884057972,48927.0,B465_ARC _C3_slice5-Ort.czi,old,pomc,lower
114,360.0,238.44444444444446,85840.0,B465_ARC _C3_slice5-Ort.czi,old,pomc,lower
115,135.0,243.54814814814816,32879.0,B465_ARC _C3_slice5-Ort.czi,old,pomc,lower
116,177.0,235.96610169491527,41766.0,B465_ARC _C3_slice5-Ort.czi,old,pomc,lower
117,226.0,244.84070796460176,55334.0,B465_ARC _C3_slice5-Ort.czi,old,pomc,lower
118,75.0,242.64,18198.0,B465_ARC _C3_slice5-Ort.czi,old,pomc,lower
119,129.0,244.73643410852713,31571.0,B465_ARC _C3_slice5-Ort.czi,old,pomc,lower
120,129.0,245.1705426356589,31627.0,B465_ARC _C3_slice5-Ort.czi,old,pomc,lower
121,45.0,241.75555555555556,10879.0,B465_ARC _C3_slice5-Ort.czi,old,pomc,lower
122,233.0,240.33476394849785,55998.0,B465_ARC _C3_slice5-Ort.czi,old,pomc,lower
123,159.0,244.28301886792454,38841.0,B465_ARC _C3_slice5-Ort.czi,old,pomc,lower
124,266.0,242.69924812030075,64558.0,B465_ARC _C3_slice5-Ort.czi,old,pomc,lower
125,200.0,242.695,48539.0,B465_ARC _C3_slice5-Ort.czi,old,pomc,lower
126,139.0,240.37410071942446,33412.0,B465_ARC _C3_slice5-Ort.czi,old,pomc,lower
127,103.0,245.02912621359224,25238.0,B465_ARC _C3_slice5-Ort.czi,old,pomc,lower
128,17.0,249.7058823529412,4245.0,B465_ARC _C3_slice5-Ort.czi,old,pomc,lower
129,129.0,232.07751937984497,29938.0,B465_ARC _C3_slice5-Ort.czi,old,pomc,lower
130,380.0,233.6,88768.0,B465_ARC _C3_slice5-Ort.czi,old,pomc,lower
131,173.0,241.39306358381504,41761.0,B465_ARC _C3_slice5-Ort.czi,old,pomc,lower
132,158.0,241.1012658227848,38094.0,B465_ARC _C3_slice5-Ort.czi,old,pomc,lower
133,57.0,232.5438596491228,13255.0,B465_ARC _C3_slice5-Ort.czi,old,pomc,lower
134,156.0,235.94871794871796,36808.0,B465_ARC _C3_slice5-Ort.czi,old,pomc,lower
135,194.0,238.39690721649484,46249.0,B465_ARC _C3_slice5-Ort.czi,old,pomc,lower
136,39.0,229.3846153846154,8946.0,B465_ARC _C3_slice5-Ort.czi,old,pomc,lower
137,123.0,243.28455284552845,29924.0,B465_ARC _C3_slice5-Ort.czi,old,pomc,lower
138,111.0,244.6216216216216,27153.0,B465_ARC _C3_slice5-Ort.czi,old,pomc,lower
139,143.0,240.44755244755245,34384.0,B465_ARC _C3_slice5-Ort.czi,old,pomc,lower
140,33.0,189.75757575757575,6262.0,B465_ARC _C3_slice5-Ort.czi,old,pomc,lower
141,35.0,234.31428571428572,8201.0,B465_ARC _C3_slice5-Ort.czi,old,pomc,lower
142,81.0,201.9506172839506,16358.0,B465_ARC _C3_slice5-Ort.czi,old,pomc,lower
143,91.0,233.4835164835165,21247.0,B465_ARC _C3_slice5-Ort.czi,old,pomc,lower
144,73.0,247.73972602739727,18085.0,B465_ARC _C3_slice5-Ort.czi,old,pomc,lower
145,13.0,178.15384615384616,2316.0,B465_ARC _C3_slice5-Ort.czi,old,pomc,lower
146,108.0,233.55555555555554,25224.0,B465_ARC _C3_slice5-Ort.czi,old,pomc,lower
147,188.0,241.5904255319149,45419.0,B465_ARC _C3_slice5-Ort.czi,old,pomc,lower
148,106.0,240.58490566037736,25502.0,B465_ARC _C3_slice5-Ort.czi,old,pomc,lower
149,19.0,249.1578947368421,4734.0,B465_ARC _C3_slice5-Ort.czi,old,pomc,lower
150,238.0,239.62605042016807,57031.0,B465_ARC _C3_slice5-Ort.czi,old,pomc,lower
151,111.0,237.95495495495496,26413.0,B465_ARC _C3_slice5-Ort.czi,old,pomc,lower
152,92.0,240.0326086956522,22083.0,B465_ARC _C3_slice5-Ort.czi,old,pomc,lower
153,247.0,229.66396761133603,56727.0,B465_ARC _C3_slice5-Ort.czi,old,pomc,lower
154,142.0,236.49295774647888,33582.0,B465_ARC _C3_slice5-Ort.czi,old,pomc,lower
155,132.0,244.9318181818182,32331.0,B465_ARC _C3_slice5-Ort.czi,old,pomc,lower
156,136.0,217.6764705882353,29604.0,B465_ARC _C3_slice5-Ort.czi,old,pomc,lower
157,120.0,219.65833333333333,26359.0,B465_ARC _C3_slice5-Ort.czi,old,pomc,lower
158,252.0,237.15079365079364,59762.0,B465_ARC _C3_slice5-Ort.czi,old,pomc,lower
159,113.0,228.2920353982301,25797.0,B465_ARC _C3_slice5-Ort.czi,old,pomc,lower
160,246.0,234.91056910569105,57788.0,B465_ARC _C3_slice5-Ort.czi,old,pomc,lower
161,102.0,209.38235294117646,21357.0,B465_ARC _C3_slice5-Ort.czi,old,pomc,lower
162,91.0,230.02197802197801,20932.0,B465_ARC _C3_slice5-Ort.czi,old,pomc,lower
163,321.0,245.74766355140187,78885.0,B465_ARC _C3_slice5-Ort.czi,old,pomc,lower
164,58.0,248.58620689655172,14418.0,B465_ARC _C3_slice5-Ort.czi,old,pomc,lower
165,98.0,205.5612244897959,20145.0,B465_ARC _C3_slice5-Ort.czi,old,pomc,lower
166,43.0,197.86046511627907,8508.0,B465_ARC _C3_slice5-Ort.czi,old,pomc,lower
167,17.0,239.35294117647058,4069.0,B465_ARC _C3_slice5-Ort.czi,old,pomc,lower
168,189.0,219.3015873015873,41448.0,B465_ARC _C3_slice5-Ort.czi,old,pomc,lower
169,25.0,195.16,4879.0,B465_ARC _C3_slice5-Ort.czi,old,pomc,lower
170,34.0,251.35294117647058,8546.0,B465_ARC _C3_slice5-Ort.czi,old,pomc,lower
171,77.0,242.4025974025974,18665.0,B465_ARC _C3_slice5-Ort.czi,old,pomc,lower
172,198.0,238.23737373737373,47171.0,B465_ARC _C3_slice5-Ort.czi,old,pomc,lower
173,95.0,250.2421052631579,23773.0,B465_ARC _C3_slice5-Ort.czi,old,pomc,lower
1,16.0,237.125,3794.0,B489_ARC_xxx_slice7-Ort.czi,old,pomc,lower
2,70.0,234.62857142857143,16424.0,B489_ARC_xxx_slice7-Ort.czi,old,pomc,lower
3,8.0,168.375,1347.0,B489_ARC_xxx_slice7-Ort.czi,old,pomc,lower
4,118.0,238.4915254237288,28142.0,B489_ARC_xxx_slice7-Ort.czi,old,pomc,lower
5,17.0,234.64705882352942,3989.0,B489_ARC_xxx_slice7-Ort.czi,old,pomc,lower
6,74.0,199.55405405405406,14767.0,B489_ARC_xxx_slice7-Ort.czi,old,pomc,lower
7,37.0,181.59459459459458,6719.0,B489_ARC_xxx_slice7-Ort.czi,old,pomc,lower
8,44.0,195.63636363636363,8608.0,B489_ARC_xxx_slice7-Ort.czi,old,pomc,lower
9,97.0,241.37113402061857,23413.0,B489_ARC_xxx_slice7-Ort.czi,old,pomc,lower
10,64.0,205.484375,13151.0,B489_ARC_xxx_slice7-Ort.czi,old,pomc,lower
11,64.0,213.734375,13679.0,B489_ARC_xxx_slice7-Ort.czi,old,pomc,lower
12,46.0,202.1086956521739,9297.0,B489_ARC_xxx_slice7-Ort.czi,old,pomc,lower
13,105.0,236.77142857142857,24861.0,B489_ARC_xxx_slice7-Ort.czi,old,pomc,lower
14,58.0,229.5,13311.0,B489_ARC_xxx_slice7-Ort.czi,old,pomc,lower
15,34.0,201.47058823529412,6850.0,B489_ARC_xxx_slice7-Ort.czi,old,pomc,lower
16,82.0,251.5,20623.0,B489_ARC_xxx_slice7-Ort.czi,old,pomc,lower
17,9.0,233.11111111111111,2098.0,B489_ARC_xxx_slice7-Ort.czi,old,pomc,lower
18,88.0,228.72727272727272,20128.0,B489_ARC_xxx_slice7-Ort.czi,old,pomc,lower
19,41.0,180.0487804878049,7382.000000000001,B489_ARC_xxx_slice7-Ort.czi,old,pomc,lower
20,42.0,205.42857142857142,8628.0,B489_ARC_xxx_slice7-Ort.czi,old,pomc,lower
21,48.0,214.4375,10293.0,B489_ARC_xxx_slice7-Ort.czi,old,pomc,lower
22,2.0,193.0,386.0,B489_ARC_xxx_slice7-Ort.czi,old,pomc,lower
23,17.0,177.64705882352942,3020.0,B489_ARC_xxx_slice7-Ort.czi,old,pomc,lower
24,88.0,251.89772727272728,22167.0,B489_ARC_xxx_slice7-Ort.czi,old,pomc,lower
25,112.0,247.70535714285714,27743.0,B489_ARC_xxx_slice7-Ort.czi,old,pomc,lower
26,66.0,220.57575757575756,14558.0,B489_ARC_xxx_slice7-Ort.czi,old,pomc,lower
27,39.0,230.43589743589743,8987.0,B489_ARC_xxx_slice7-Ort.czi,old,pomc,lower
28,51.0,247.52941176470588,12624.0,B489_ARC_xxx_slice7-Ort.czi,old,pomc,lower
29,62.0,206.41935483870967,12798.0,B489_ARC_xxx_slice7-Ort.czi,old,pomc,lower
30,98.0,250.1530612244898,24515.0,B489_ARC_xxx_slice7-Ort.czi,old,pomc,lower
31,3.0,223.66666666666666,671.0,B489_ARC_xxx_slice7-Ort.czi,old,pomc,lower
32,8.0,222.75,1782.0,B489_ARC_xxx_slice7-Ort.czi,old,pomc,lower
33,4.0,115.75,463.0,B489_ARC_xxx_slice7-Ort.czi,old,pomc,lower
34,11.0,142.36363636363637,1566.0,B489_ARC_xxx_slice7-Ort.czi,old,pomc,lower
35,16.0,196.5625,3145.0,B489_ARC_xxx_slice7-Ort.czi,old,pomc,lower
36,43.0,222.25581395348837,9557.0,B489_ARC_xxx_slice7-Ort.czi,old,pomc,lower
1,71.0,207.46478873239437,14730.0,F656_ARC _B3_slice7-Ort.czi,old,pomc,lower
2,185.0,247.34594594594594,45759.0,F656_ARC _B3_slice7-Ort.czi,old,pomc,lower
3,33.0,180.0909090909091,5943.0,F656_ARC _B3_slice7-Ort.czi,old,pomc,lower
4,139.0,247.94244604316546,34464.0,F656_ARC _B3_slice7-Ort.czi,old,pomc,lower
5,74.0,242.97297297297297,17980.0,F656_ARC _B3_slice7-Ort.czi,old,pomc,lower
6,106.0,234.12264150943398,24817.0,F656_ARC _B3_slice7-Ort.czi,old,pomc,lower
7,30.0,201.43333333333334,6043.0,F656_ARC _B3_slice7-Ort.czi,old,pomc,lower
8,142.0,241.05633802816902,34230.0,F656_ARC _B3_slice7-Ort.czi,old,pomc,lower
9,17.0,218.88235294117646,3721.0,F656_ARC _B3_slice7-Ort.czi,old,pomc,lower
10,124.0,250.99193548387098,31123.0,F656_ARC _B3_slice7-Ort.czi,old,pomc,lower
11,18.0,206.33333333333334,3714.0,F656_ARC _B3_slice7-Ort.czi,old,pomc,lower
12,13.0,216.07692307692307,2809.0,F656_ARC _B3_slice7-Ort.czi,old,pomc,lower
13,177.0,243.14689265536722,43037.0,F656_ARC _B3_slice7-Ort.czi,old,pomc,lower
14,31.0,215.09677419354838,6668.0,F656_ARC _B3_slice7-Ort.czi,old,pomc,lower
15,150.0,246.79333333333332,37019.0,F656_ARC _B3_slice7-Ort.czi,old,pomc,lower
16,63.0,210.984126984127,13292.0,F656_ARC _B3_slice7-Ort.czi,old,pomc,lower
17,70.0,242.32857142857142,16963.0,F656_ARC _B3_slice7-Ort.czi,old,pomc,lower
18,178.0,246.17415730337078,43819.0,F656_ARC _B3_slice7-Ort.czi,old,pomc,lower
19,60.0,241.48333333333332,14489.0,F656_ARC _B3_slice7-Ort.czi,old,pomc,lower
20,56.0,231.0,12936.0,F656_ARC _B3_slice7-Ort.czi,old,pomc,lower
21,26.0,250.03846153846155,6501.0,F656_ARC _B3_slice7-Ort.czi,old,pomc,lower
22,6.0,204.5,1227.0,F656_ARC _B3_slice7-Ort.czi,old,pomc,lower
23,27.0,211.74074074074073,5717.0,F656_ARC _B3_slice7-Ort.czi,old,pomc,lower
24,96.0,237.72916666666666,22822.0,F656_ARC _B3_slice7-Ort.czi,old,pomc,lower
25,104.0,237.51923076923077,24702.0,F656_ARC _B3_slice7-Ort.czi,old,pomc,lower
26,142.0,249.16197183098592,35381.0,F656_ARC _B3_slice7-Ort.czi,old,pomc,lower
27,119.0,239.6638655462185,28520.0,F656_ARC _B3_slice7-Ort.czi,old,pomc,lower
28,102.0,242.7450980392157,24760.0,F656_ARC _B3_slice7-Ort.czi,old,pomc,lower
29,256.0,241.49609375,61823.0,F656_ARC _B3_slice7-Ort.czi,old,pomc,lower
30,27.0,251.37037037037038,6787.0,F656_ARC _B3_slice7-Ort.czi,old,pomc,lower
31,94.0,233.10638297872342,21912.0,F656_ARC _B3_slice7-Ort.czi,old,pomc,lower
32,94.0,237.5744680851064,22332.0,F656_ARC _B3_slice7-Ort.czi,old,pomc,lower
33,140.0,239.94285714285715,33592.0,F656_ARC _B3_slice7-Ort.czi,old,pomc,lower
34,42.0,237.16666666666666,9961.0,F656_ARC _B3_slice7-Ort.czi,old,pomc,lower
35,138.0,247.8768115942029,34207.0,F656_ARC _B3_slice7-Ort.czi,old,pomc,lower
36,51.0,241.47058823529412,12315.0,F656_ARC _B3_slice7-Ort.czi,old,pomc,lower
37,43.0,226.41860465116278,9736.0,F656_ARC _B3_slice7-Ort.czi,old,pomc,lower
38,99.0,237.11111111111111,23474.0,F656_ARC _B3_slice7-Ort.czi,old,pomc,lower
39,69.0,221.1014492753623,15256.0,F656_ARC _B3_slice7-Ort.czi,old,pomc,lower
40,5.0,191.4,957.0,F656_ARC _B3_slice7-Ort.czi,old,pomc,lower
41,78.0,225.21794871794873,17567.0,F656_ARC _B3_slice7-Ort.czi,old,pomc,lower
42,2.0,181.5,363.0,F656_ARC _B3_slice7-Ort.czi,old,pomc,lower
43,21.0,205.28571428571428,4311.0,F656_ARC _B3_slice7-Ort.czi,old,pomc,lower
44,124.0,240.56451612903226,29830.0,F656_ARC _B3_slice7-Ort.czi,old,pomc,lower
45,188.0,247.43617021276594,46518.0,F656_ARC _B3_slice7-Ort.czi,old,pomc,lower
46,110.0,223.4181818181818,24576.0,F656_ARC _B3_slice7-Ort.czi,old,pomc,lower
47,121.0,236.95867768595042,28672.0,F656_ARC _B3_slice7-Ort.czi,old,pomc,lower
48,102.0,244.48039215686273,24937.0,F656_ARC _B3_slice7-Ort.czi,old,pomc,lower
49,133.0,244.78195488721803,32556.0,F656_ARC _B3_slice7-Ort.czi,old,pomc,lower
50,242.0,237.19421487603304,57401.0,F656_ARC _B3_slice7-Ort.czi,old,pomc,lower
51,185.0,231.6972972972973,42864.0,F656_ARC _B3_slice7-Ort.czi,old,pomc,lower
52,105.0,246.36190476190475,25868.0,F656_ARC _B3_slice7-Ort.czi,old,pomc,lower
53,34.0,250.94117647058823,8532.0,F656_ARC _B3_slice7-Ort.czi,old,pomc,lower
54,140.0,246.85714285714286,34560.0,F656_ARC _B3_slice7-Ort.czi,old,pomc,lower
55,199.0,245.32663316582915,48820.0,F656_ARC _B3_slice7-Ort.czi,old,pomc,lower
56,63.0,238.79365079365078,15044.0,F656_ARC _B3_slice7-Ort.czi,old,pomc,lower
57,66.0,230.93939393939394,15242.0,F656_ARC _B3_slice7-Ort.czi,old,pomc,lower
58,46.0,221.0,10166.0,F656_ARC _B3_slice7-Ort.czi,old,pomc,lower
59,5.0,247.8,1239.0,F656_ARC _B3_slice7-Ort.czi,old,pomc,lower
60,98.0,241.8265306122449,23699.0,F656_ARC _B3_slice7-Ort.czi,old,pomc,lower
61,8.0,164.375,1315.0,F656_ARC _B3_slice7-Ort.czi,old,pomc,lower
62,108.0,250.00925925925927,27001.0,F656_ARC _B3_slice7-Ort.czi,old,pomc,lower
63,77.0,233.35064935064935,17968.0,F656_ARC _B3_slice7-Ort.czi,old,pomc,lower
64,84.0,240.27380952380952,20183.0,F656_ARC _B3_slice7-Ort.czi,old,pomc,lower
65,34.0,239.02941176470588,8127.0,F656_ARC _B3_slice7-Ort.czi,old,pomc,lower
66,62.0,235.88709677419354,14625.0,F656_ARC _B3_slice7-Ort.czi,old,pomc,lower
67,117.0,248.17094017094018,29036.0,F656_ARC _B3_slice7-Ort.czi,old,pomc,lower
68,112.0,246.1875,27573.0,F656_ARC _B3_slice7-Ort.czi,old,pomc,lower
69,150.0,240.58,36087.0,F656_ARC _B3_slice7-Ort.czi,old,pomc,lower
70,68.0,221.80882352941177,15083.0,F656_ARC _B3_slice7-Ort.czi,old,pomc,lower
71,119.0,241.0672268907563,28687.0,F656_ARC _B3_slice7-Ort.czi,old,pomc,lower
72,123.0,248.97560975609755,30624.0,F656_ARC _B3_slice7-Ort.czi,old,pomc,lower
73,30.0,232.8,6984.0,F656_ARC _B3_slice7-Ort.czi,old,pomc,lower
74,30.0,221.5,6645.0,F656_ARC _B3_slice7-Ort.czi,old,pomc,lower
75,75.0,244.54666666666665,18341.0,F656_ARC _B3_slice7-Ort.czi,old,pomc,lower
76,76.0,246.4078947368421,18727.0,F656_ARC _B3_slice7-Ort.czi,old,pomc,lower
77,67.0,213.59701492537314,14311.0,F656_ARC _B3_slice7-Ort.czi,old,pomc,lower
78,170.0,244.97058823529412,41645.0,F656_ARC _B3_slice7-Ort.czi,old,pomc,lower
79,143.0,242.86713286713288,34730.0,F656_ARC _B3_slice7-Ort.czi,old,pomc,lower
80,73.0,244.21917808219177,17828.0,F656_ARC _B3_slice7-Ort.czi,old,pomc,lower
81,116.0,244.18965517241378,28326.0,F656_ARC _B3_slice7-Ort.czi,old,pomc,lower
82,53.0,232.0943396226415,12301.0,F656_ARC _B3_slice7-Ort.czi,old,pomc,lower
83,194.0,227.03092783505156,44044.0,F656_ARC _B3_slice7-Ort.czi,old,pomc,lower
84,122.0,239.41803278688525,29209.0,F656_ARC _B3_slice7-Ort.czi,old,pomc,lower
85,83.0,197.3012048192771,16376.0,F656_ARC _B3_slice7-Ort.czi,old,pomc,lower
86,138.0,242.67391304347825,33489.0,F656_ARC _B3_slice7-Ort.czi,old,pomc,lower
87,109.0,237.8165137614679,25922.0,F656_ARC _B3_slice7-Ort.czi,old,pomc,lower
88,136.0,236.06617647058823,32105.0,F656_ARC _B3_slice7-Ort.czi,old,pomc,lower
89,80.0,252.1375,20171.0,F656_ARC _B3_slice7-Ort.czi,old,pomc,lower
90,149.0,245.65771812080536,36603.0,F656_ARC _B3_slice7-Ort.czi,old,pomc,lower
91,13.0,243.3846153846154,3164.0,F656_ARC _B3_slice7-Ort.czi,old,pomc,lower
92,136.0,226.97794117647058,30869.0,F656_ARC _B3_slice7-Ort.czi,old,pomc,lower
93,75.0,210.57333333333332,15793.0,F656_ARC _B3_slice7-Ort.czi,old,pomc,lower
94,80.0,241.525,19322.0,F656_ARC _B3_slice7-Ort.czi,old,pomc,lower
95,180.0,206.2,37116.0,F656_ARC _B3_slice7-Ort.czi,old,pomc,lower
96,134.0,248.23134328358208,33263.0,F656_ARC _B3_slice7-Ort.czi,old,pomc,lower
97,55.0,215.43636363636364,11849.0,F656_ARC _B3_slice7-Ort.czi,old,pomc,lower
98,31.0,220.8709677419355,6847.0,F656_ARC _B3_slice7-Ort.czi,old,pomc,lower
99,1.0,255.0,255.0,F656_ARC _B3_slice7-Ort.czi,old,pomc,lower
100,126.0,248.96825396825398,31370.0,F656_ARC _B3_slice7-Ort.czi,old,pomc,lower
101,231.0,235.32467532467533,54360.0,F656_ARC _B3_slice7-Ort.czi,old,pomc,lower
102,133.0,247.09774436090225,32864.0,F656_ARC _B3_slice7-Ort.czi,old,pomc,lower
103,144.0,246.82638888888889,35543.0,F656_ARC _B3_slice7-Ort.czi,old,pomc,lower
104,43.0,249.02325581395348,10708.0,F656_ARC _B3_slice7-Ort.czi,old,pomc,lower
105,5.0,232.2,1161.0,F656_ARC _B3_slice7-Ort.czi,old,pomc,lower
106,72.0,230.86111111111111,16622.0,F656_ARC _B3_slice7-Ort.czi,old,pomc,lower
107,131.0,238.9236641221374,31299.0,F656_ARC _B3_slice7-Ort.czi,old,pomc,lower
108,20.0,241.0,4820.0,F656_ARC _B3_slice7-Ort.czi,old,pomc,lower
109,56.0,205.98214285714286,11535.0,F656_ARC _B3_slice7-Ort.czi,old,pomc,lower
110,75.0,192.44,14433.0,F656_ARC _B3_slice7-Ort.czi,old,pomc,lower
111,38.0,242.05263157894737,9198.0,F656_ARC _B3_slice7-Ort.czi,old,pomc,lower
112,36.0,238.02777777777777,8569.0,F656_ARC _B3_slice7-Ort.czi,old,pomc,lower
113,60.0,209.33333333333334,12560.0,F656_ARC _B3_slice7-Ort.czi,old,pomc,lower
114,35.0,203.14285714285714,7110.0,F656_ARC _B3_slice7-Ort.czi,old,pomc,lower
115,189.0,206.85714285714286,39096.0,F656_ARC _B3_slice7-Ort.czi,old,pomc,lower
116,20.0,169.65,3393.0,F656_ARC _B3_slice7-Ort.czi,old,pomc,lower
117,15.0,199.8,2997.0,F656_ARC _B3_slice7-Ort.czi,old,pomc,lower
118,9.0,192.55555555555554,1733.0,F656_ARC _B3_slice7-Ort.czi,old,pomc,lower
119,16.0,171.8125,2749.0,F656_ARC _B3_slice7-Ort.czi,old,pomc,lower
120,4.0,226.25,905.0,F656_ARC _B3_slice7-Ort.czi,old,pomc,lower
121,95.0,186.1578947368421,17685.0,F656_ARC _B3_slice7-Ort.czi,old,pomc,lower
122,45.0,169.77777777777777,7640.0,F656_ARC _B3_slice7-Ort.czi,old,pomc,lower
123,34.0,190.6764705882353,6483.0,F656_ARC _B3_slice7-Ort.czi,old,pomc,lower
124,6.0,209.0,1254.0,F656_ARC _B3_slice7-Ort.czi,old,pomc,lower
125,1.0,143.0,143.0,F656_ARC _B3_slice7-Ort.czi,old,pomc,lower
1,120.0,236.60833333333332,28393.0,B489_ARC_xxx_slice6-Ort.czi,old,pomc,lower
2,29.0,213.6206896551724,6195.0,B489_ARC_xxx_slice6-Ort.czi,old,pomc,lower
3,21.0,249.95238095238096,5249.0,B489_ARC_xxx_slice6-Ort.czi,old,pomc,lower
4,27.0,185.2962962962963,5003.0,B489_ARC_xxx_slice6-Ort.czi,old,pomc,lower
5,73.0,236.34246575342465,17253.0,B489_ARC_xxx_slice6-Ort.czi,old,pomc,lower
6,52.0,160.3653846153846,8339.0,B489_ARC_xxx_slice6-Ort.czi,old,pomc,lower
7,4.0,212.0,848.0,B489_ARC_xxx_slice6-Ort.czi,old,pomc,lower
8,54.0,245.5185185185185,13258.0,B489_ARC_xxx_slice6-Ort.czi,old,pomc,lower
9,20.0,219.3,4386.0,B489_ARC_xxx_slice6-Ort.czi,old,pomc,lower
10,100.0,244.71,24471.0,B489_ARC_xxx_slice6-Ort.czi,old,pomc,lower
11,41.0,190.09756097560975,7794.0,B489_ARC_xxx_slice6-Ort.czi,old,pomc,lower
12,96.0,237.86458333333334,22835.0,B489_ARC_xxx_slice6-Ort.czi,old,pomc,lower
13,47.0,217.6595744680851,10230.0,B489_ARC_xxx_slice6-Ort.czi,old,pomc,lower
14,65.0,226.35384615384615,14713.0,B489_ARC_xxx_slice6-Ort.czi,old,pomc,lower
15,51.0,212.23529411764707,10824.0,B489_ARC_xxx_slice6-Ort.czi,old,pomc,lower
16,33.0,178.5151515151515,5891.0,B489_ARC_xxx_slice6-Ort.czi,old,pomc,lower
17,156.0,203.42307692307693,31734.0,B489_ARC_xxx_slice6-Ort.czi,old,pomc,lower
18,168.0,226.88095238095238,38116.0,B489_ARC_xxx_slice6-Ort.czi,old,pomc,lower
19,47.0,229.51063829787233,10787.0,B489_ARC_xxx_slice6-Ort.czi,old,pomc,lower
20,163.0,202.43558282208588,32997.0,B489_ARC_xxx_slice6-Ort.czi,old,pomc,lower
21,27.0,204.62962962962962,5525.0,B489_ARC_xxx_slice6-Ort.czi,old,pomc,lower
22,39.0,224.74358974358975,8765.0,B489_ARC_xxx_slice6-Ort.czi,old,pomc,lower
23,62.0,206.06451612903226,12776.0,B489_ARC_xxx_slice6-Ort.czi,old,pomc,lower
24,40.0,209.35,8374.0,B489_ARC_xxx_slice6-Ort.czi,old,pomc,lower
25,110.0,251.48181818181817,27663.0,B489_ARC_xxx_slice6-Ort.czi,old,pomc,lower
26,34.0,224.8235294117647,7644.0,B489_ARC_xxx_slice6-Ort.czi,old,pomc,lower
27,10.0,231.6,2316.0,B489_ARC_xxx_slice6-Ort.czi,old,pomc,lower
28,96.0,237.63541666666666,22813.0,B489_ARC_xxx_slice6-Ort.czi,old,pomc,lower
29,91.0,222.86813186813185,20281.0,B489_ARC_xxx_slice6-Ort.czi,old,pomc,lower
30,14.0,220.5,3087.0,B489_ARC_xxx_slice6-Ort.czi,old,pomc,lower
31,10.0,191.7,1917.0,B489_ARC_xxx_slice6-Ort.czi,old,pomc,lower
32,124.0,243.0,30132.0,B489_ARC_xxx_slice6-Ort.czi,old,pomc,lower
33,40.0,219.675,8787.0,B489_ARC_xxx_slice6-Ort.czi,old,pomc,lower
34,98.0,246.09183673469389,24117.0,B489_ARC_xxx_slice6-Ort.czi,old,pomc,lower
35,67.0,218.62686567164178,14648.0,B489_ARC_xxx_slice6-Ort.czi,old,pomc,lower
36,45.0,181.42222222222222,8164.0,B489_ARC_xxx_slice6-Ort.czi,old,pomc,lower
37,17.0,128.7058823529412,2188.0,B489_ARC_xxx_slice6-Ort.czi,old,pomc,lower
38,82.0,231.9512195121951,19020.0,B489_ARC_xxx_slice6-Ort.czi,old,pomc,lower
39,104.0,249.18269230769232,25915.0,B489_ARC_xxx_slice6-Ort.czi,old,pomc,lower
40,147.0,230.0,33810.0,B489_ARC_xxx_slice6-Ort.czi,old,pomc,lower
41,93.0,249.8279569892473,23234.0,B489_ARC_xxx_slice6-Ort.czi,old,pomc,lower
42,157.0,230.63057324840764,36209.0,B489_ARC_xxx_slice6-Ort.czi,old,pomc,lower
43,80.0,246.4125,19713.0,B489_ARC_xxx_slice6-Ort.czi,old,pomc,lower
44,88.0,230.9318181818182,20322.0,B489_ARC_xxx_slice6-Ort.czi,old,pomc,lower
45,104.0,232.23076923076923,24152.0,B489_ARC_xxx_slice6-Ort.czi,old,pomc,lower
46,109.0,249.44036697247705,27189.0,B489_ARC_xxx_slice6-Ort.czi,old,pomc,lower
47,65.0,230.8153846153846,15003.0,B489_ARC_xxx_slice6-Ort.czi,old,pomc,lower
48,89.0,246.52808988764045,21941.0,B489_ARC_xxx_slice6-Ort.czi,old,pomc,lower
49,69.0,238.9855072463768,16490.0,B489_ARC_xxx_slice6-Ort.czi,old,pomc,lower
1,167.0,240.79640718562874,40213.0,F656_ARC _B3_slice6-Ort.czi,old,pomc,lower
2,126.0,244.64285714285714,30825.0,F656_ARC _B3_slice6-Ort.czi,old,pomc,lower
3,5.0,211.2,1056.0,F656_ARC _B3_slice6-Ort.czi,old,pomc,lower
4,74.0,235.6216216216216,17436.0,F656_ARC _B3_slice6-Ort.czi,old,pomc,lower
5,163.0,242.20245398773005,39479.0,F656_ARC _B3_slice6-Ort.czi,old,pomc,lower
6,156.0,236.3846153846154,36876.0,F656_ARC _B3_slice6-Ort.czi,old,pomc,lower
7,47.0,180.53191489361703,8485.0,F656_ARC _B3_slice6-Ort.czi,old,pomc,lower
8,30.0,253.43333333333334,7603.0,F656_ARC _B3_slice6-Ort.czi,old,pomc,lower
9,69.0,227.7536231884058,15715.000000000002,F656_ARC _B3_slice6-Ort.czi,old,pomc,lower
10,158.0,242.18354430379748,38265.0,F656_ARC _B3_slice6-Ort.czi,old,pomc,lower
11,30.0,200.4,6012.0,F656_ARC _B3_slice6-Ort.czi,old,pomc,lower
12,42.0,238.21428571428572,10005.0,F656_ARC _B3_slice6-Ort.czi,old,pomc,lower
13,116.0,231.02586206896552,26799.0,F656_ARC _B3_slice6-Ort.czi,old,pomc,lower
14,187.0,242.475935828877,45343.0,F656_ARC _B3_slice6-Ort.czi,old,pomc,lower
15,40.0,176.575,7063.0,F656_ARC _B3_slice6-Ort.czi,old,pomc,lower
16,193.0,244.98445595854923,47282.0,F656_ARC _B3_slice6-Ort.czi,old,pomc,lower
17,198.0,243.87373737373738,48287.0,F656_ARC _B3_slice6-Ort.czi,old,pomc,lower
18,8.0,147.875,1183.0,F656_ARC _B3_slice6-Ort.czi,old,pomc,lower
19,11.0,204.0909090909091,2245.0,F656_ARC _B3_slice6-Ort.czi,old,pomc,lower
20,137.0,239.14598540145985,32763.0,F656_ARC _B3_slice6-Ort.czi,old,pomc,lower
21,46.0,226.58695652173913,10423.0,F656_ARC _B3_slice6-Ort.czi,old,pomc,lower
22,6.0,218.66666666666666,1312.0,F656_ARC _B3_slice6-Ort.czi,old,pomc,lower
23,26.0,186.07692307692307,4838.0,F656_ARC _B3_slice6-Ort.czi,old,pomc,lower
24,243.0,244.68312757201647,59458.0,F656_ARC _B3_slice6-Ort.czi,old,pomc,lower
25,174.0,221.93103448275863,38616.0,F656_ARC _B3_slice6-Ort.czi,old,pomc,lower
26,89.0,223.76404494382024,19915.0,F656_ARC _B3_slice6-Ort.czi,old,pomc,lower
27,49.0,214.44897959183675,10508.0,F656_ARC _B3_slice6-Ort.czi,old,pomc,lower
28,93.0,245.1290322580645,22797.0,F656_ARC _B3_slice6-Ort.czi,old,pomc,lower
29,189.0,238.4920634920635,45075.0,F656_ARC _B3_slice6-Ort.czi,old,pomc,lower
30,104.0,240.0,24960.0,F656_ARC _B3_slice6-Ort.czi,old,pomc,lower
31,115.0,245.1304347826087,28190.0,F656_ARC _B3_slice6-Ort.czi,old,pomc,lower
32,119.0,235.41176470588235,28014.0,F656_ARC _B3_slice6-Ort.czi,old,pomc,lower
33,69.0,248.94202898550725,17177.0,F656_ARC _B3_slice6-Ort.czi,old,pomc,lower
34,116.0,236.79310344827587,27468.0,F656_ARC _B3_slice6-Ort.czi,old,pomc,lower
35,165.0,233.35757575757575,38504.0,F656_ARC _B3_slice6-Ort.czi,old,pomc,lower
36,31.0,175.09677419354838,5428.0,F656_ARC _B3_slice6-Ort.czi,old,pomc,lower
37,248.0,242.82258064516128,60220.0,F656_ARC _B3_slice6-Ort.czi,old,pomc,lower
38,96.0,229.84375,22065.0,F656_ARC _B3_slice6-Ort.czi,old,pomc,lower
39,12.0,241.0,2892.0,F656_ARC _B3_slice6-Ort.czi,old,pomc,lower
40,84.0,212.38095238095238,17840.0,F656_ARC _B3_slice6-Ort.czi,old,pomc,lower
41,89.0,211.1573033707865,18793.0,F656_ARC _B3_slice6-Ort.czi,old,pomc,lower
42,70.0,195.4,13678.0,F656_ARC _B3_slice6-Ort.czi,old,pomc,lower
43,19.0,220.78947368421052,4195.0,F656_ARC _B3_slice6-Ort.czi,old,pomc,lower
44,95.0,233.9157894736842,22222.0,F656_ARC _B3_slice6-Ort.czi,old,pomc,lower
45,114.0,220.80701754385964,25172.0,F656_ARC _B3_slice6-Ort.czi,old,pomc,lower
46,111.0,223.4144144144144,24799.0,F656_ARC _B3_slice6-Ort.czi,old,pomc,lower
47,108.0,212.90740740740742,22994.0,F656_ARC _B3_slice6-Ort.czi,old,pomc,lower
48,78.0,240.7051282051282,18775.0,F656_ARC _B3_slice6-Ort.czi,old,pomc,lower
49,146.0,239.6917808219178,34995.0,F656_ARC _B3_slice6-Ort.czi,old,pomc,lower
50,173.0,244.10404624277456,42230.0,F656_ARC _B3_slice6-Ort.czi,old,pomc,lower
51,11.0,235.9090909090909,2595.0,F656_ARC _B3_slice6-Ort.czi,old,pomc,lower
52,44.0,208.45454545454547,9172.0,F656_ARC _B3_slice6-Ort.czi,old,pomc,lower
53,141.0,242.98581560283688,34261.0,F656_ARC _B3_slice6-Ort.czi,old,pomc,lower
54,122.0,241.28688524590163,29437.0,F656_ARC _B3_slice6-Ort.czi,old,pomc,lower
55,41.0,221.5121951219512,9082.0,F656_ARC _B3_slice6-Ort.czi,old,pomc,lower
56,64.0,234.46875,15006.0,F656_ARC _B3_slice6-Ort.czi,old,pomc,lower
57,201.0,239.4228855721393,48124.0,F656_ARC _B3_slice6-Ort.czi,old,pomc,lower
58,186.0,249.31720430107526,46373.0,F656_ARC _B3_slice6-Ort.czi,old,pomc,lower
59,111.0,221.981981981982,24640.0,F656_ARC _B3_slice6-Ort.czi,old,pomc,lower
60,101.0,236.23762376237624,23860.0,F656_ARC _B3_slice6-Ort.czi,old,pomc,lower
61,180.0,231.8111111111111,41726.0,F656_ARC _B3_slice6-Ort.czi,old,pomc,lower
62,182.0,246.06043956043956,44783.0,F656_ARC _B3_slice6-Ort.czi,old,pomc,lower
63,41.0,160.5121951219512,6581.0,F656_ARC _B3_slice6-Ort.czi,old,pomc,lower
64,1.0,213.0,213.0,F656_ARC _B3_slice6-Ort.czi,old,pomc,lower
65,157.0,241.4140127388535,37902.0,F656_ARC _B3_slice6-Ort.czi,old,pomc,lower
66,297.0,241.06397306397307,71596.0,F656_ARC _B3_slice6-Ort.czi,old,pomc,lower
67,158.0,245.58227848101265,38802.0,F656_ARC _B3_slice6-Ort.czi,old,pomc,lower
68,42.0,181.11904761904762,7607.0,F656_ARC _B3_slice6-Ort.czi,old,pomc,lower
69,92.0,223.34782608695653,20548.0,F656_ARC _B3_slice6-Ort.czi,old,pomc,lower
70,253.0,236.56521739130434,59851.0,F656_ARC _B3_slice6-Ort.czi,old,pomc,lower
71,1.0,203.0,203.0,F656_ARC _B3_slice6-Ort.czi,old,pomc,lower
72,11.0,143.27272727272728,1576.0,F656_ARC _B3_slice6-Ort.czi,old,pomc,lower
73,143.0,241.11888111888112,34480.0,F656_ARC _B3_slice6-Ort.czi,old,pomc,lower
74,15.0,133.8,2007.0000000000002,F656_ARC _B3_slice6-Ort.czi,old,pomc,lower
75,129.0,241.58139534883722,31164.0,F656_ARC _B3_slice6-Ort.czi,old,pomc,lower
76,261.0,241.18773946360153,62950.0,F656_ARC _B3_slice6-Ort.czi,old,pomc,lower
77,164.0,245.53658536585365,40268.0,F656_ARC _B3_slice6-Ort.czi,old,pomc,lower
78,115.0,233.35652173913044,26836.0,F656_ARC _B3_slice6-Ort.czi,old,pomc,lower
79,56.0,210.08928571428572,11765.0,F656_ARC _B3_slice6-Ort.czi,old,pomc,lower
80,30.0,246.03333333333333,7381.0,F656_ARC _B3_slice6-Ort.czi,old,pomc,lower
81,183.0,227.02732240437157,41546.0,F656_ARC _B3_slice6-Ort.czi,old,pomc,lower
82,102.0,238.04901960784315,24281.0,F656_ARC _B3_slice6-Ort.czi,old,pomc,lower
83,111.0,232.23423423423424,25778.0,F656_ARC _B3_slice6-Ort.czi,old,pomc,lower
84,43.0,239.02325581395348,10278.0,F656_ARC _B3_slice6-Ort.czi,old,pomc,lower
85,40.0,240.825,9633.0,F656_ARC _B3_slice6-Ort.czi,old,pomc,lower
86,90.0,205.2111111111111,18469.0,F656_ARC _B3_slice6-Ort.czi,old,pomc,lower
87,77.0,236.3896103896104,18202.0,F656_ARC _B3_slice6-Ort.czi,old,pomc,lower
88,18.0,229.0,4122.0,F656_ARC _B3_slice6-Ort.czi,old,pomc,lower
89,177.0,240.70621468926555,42605.0,F656_ARC _B3_slice6-Ort.czi,old,pomc,lower
90,67.0,186.52238805970148,12497.0,F656_ARC _B3_slice6-Ort.czi,old,pomc,lower
91,105.0,229.1904761904762,24065.0,F656_ARC _B3_slice6-Ort.czi,old,pomc,lower
92,197.0,243.30964467005077,47932.0,F656_ARC _B3_slice6-Ort.czi,old,pomc,lower
93,134.0,243.41044776119404,32617.0,F656_ARC _B3_slice6-Ort.czi,old,pomc,lower
94,128.0,241.8984375,30963.0,F656_ARC _B3_slice6-Ort.czi,old,pomc,lower
95,177.0,233.3954802259887,41311.0,F656_ARC _B3_slice6-Ort.czi,old,pomc,lower
96,94.0,243.0744680851064,22849.0,F656_ARC _B3_slice6-Ort.czi,old,pomc,lower
97,78.0,228.98717948717947,17861.0,F656_ARC _B3_slice6-Ort.czi,old,pomc,lower
98,216.0,239.30092592592592,51689.0,F656_ARC _B3_slice6-Ort.czi,old,pomc,lower
99,233.0,244.931330472103,57069.0,F656_ARC _B3_slice6-Ort.czi,old,pomc,lower
100,68.0,245.19117647058823,16673.0,F656_ARC _B3_slice6-Ort.czi,old,pomc,lower
101,166.0,244.6024096385542,40604.0,F656_ARC _B3_slice6-Ort.czi,old,pomc,lower
102,161.0,240.2111801242236,38674.0,F656_ARC _B3_slice6-Ort.czi,old,pomc,lower
103,61.0,244.11475409836066,14891.0,F656_ARC _B3_slice6-Ort.czi,old,pomc,lower
104,174.0,234.82183908045977,40859.0,F656_ARC _B3_slice6-Ort.czi,old,pomc,lower
105,66.0,208.75757575757575,13778.0,F656_ARC _B3_slice6-Ort.czi,old,pomc,lower
106,174.0,224.63793103448276,39087.0,F656_ARC _B3_slice6-Ort.czi,old,pomc,lower
107,161.0,246.1863354037267,39636.0,F656_ARC _B3_slice6-Ort.czi,old,pomc,lower
108,54.0,212.35185185185185,11467.0,F656_ARC _B3_slice6-Ort.czi,old,pomc,lower
109,74.0,242.77027027027026,17965.0,F656_ARC _B3_slice6-Ort.czi,old,pomc,lower
110,238.0,241.96638655462183,57588.0,F656_ARC _B3_slice6-Ort.czi,old,pomc,lower
111,121.0,216.16528925619835,26156.0,F656_ARC _B3_slice6-Ort.czi,old,pomc,lower
112,150.0,245.92,36888.0,F656_ARC _B3_slice6-Ort.czi,old,pomc,lower
113,101.0,245.05940594059405,24751.0,F656_ARC _B3_slice6-Ort.czi,old,pomc,lower
114,291.0,231.8109965635739,67457.0,F656_ARC _B3_slice6-Ort.czi,old,pomc,lower
115,82.0,238.109756097561,19525.0,F656_ARC _B3_slice6-Ort.czi,old,pomc,lower
116,118.0,248.4322033898305,29315.0,F656_ARC _B3_slice6-Ort.czi,old,pomc,lower
117,180.0,217.2,39096.0,F656_ARC _B3_slice6-Ort.czi,old,pomc,lower
118,110.0,228.70909090909092,25158.0,F656_ARC _B3_slice6-Ort.czi,old,pomc,lower
119,25.0,195.28,4882.0,F656_ARC _B3_slice6-Ort.czi,old,pomc,lower
120,130.0,242.73076923076923,31555.0,F656_ARC _B3_slice6-Ort.czi,old,pomc,lower
121,120.0,245.83333333333334,29500.0,F656_ARC _B3_slice6-Ort.czi,old,pomc,lower
122,149.0,246.21476510067114,36686.0,F656_ARC _B3_slice6-Ort.czi,old,pomc,lower
123,95.0,222.98947368421054,21184.0,F656_ARC _B3_slice6-Ort.czi,old,pomc,lower
124,116.0,226.93965517241378,26325.0,F656_ARC _B3_slice6-Ort.czi,old,pomc,lower
125,60.0,192.11666666666667,11527.0,F656_ARC _B3_slice6-Ort.czi,old,pomc,lower
126,68.0,212.5,14450.0,F656_ARC _B3_slice6-Ort.czi,old,pomc,lower
127,31.0,252.51612903225808,7828.0,F656_ARC _B3_slice6-Ort.czi,old,pomc,lower
128,174.0,236.35632183908046,41126.0,F656_ARC _B3_slice6-Ort.czi,old,pomc,lower
129,7.0,168.28571428571428,1178.0,F656_ARC _B3_slice6-Ort.czi,old,pomc,lower
130,112.0,211.04464285714286,23637.0,F656_ARC _B3_slice6-Ort.czi,old,pomc,lower
131,8.0,224.625,1797.0,F656_ARC _B3_slice6-Ort.czi,old,pomc,lower
132,71.0,224.01408450704224,15905.0,F656_ARC _B3_slice6-Ort.czi,old,pomc,lower
133,46.0,244.3695652173913,11241.0,F656_ARC _B3_slice6-Ort.czi,old,pomc,lower
134,162.0,228.0679012345679,36947.0,F656_ARC _B3_slice6-Ort.czi,old,pomc,lower
1,110.0,243.73636363636365,26811.0,B465_ARC _C3_slice4-Ort.czi,old,pomc,lower
2,123.0,238.0487804878049,29280.0,B465_ARC _C3_slice4-Ort.czi,old,pomc,lower
3,121.0,233.2396694214876,28222.0,B465_ARC _C3_slice4-Ort.czi,old,pomc,lower
4,123.0,231.1382113821138,28430.0,B465_ARC _C3_slice4-Ort.czi,old,pomc,lower
5,100.0,250.76,25076.0,B465_ARC _C3_slice4-Ort.czi,old,pomc,lower
6,157.0,240.77707006369425,37802.0,B465_ARC _C3_slice4-Ort.czi,old,pomc,lower
7,14.0,170.0,2380.0,B465_ARC _C3_slice4-Ort.czi,old,pomc,lower
8,69.0,247.8985507246377,17105.0,B465_ARC _C3_slice4-Ort.czi,old,pomc,lower
9,106.0,188.30188679245282,19960.0,B465_ARC _C3_slice4-Ort.czi,old,pomc,lower
10,83.0,245.81927710843374,20403.0,B465_ARC _C3_slice4-Ort.czi,old,pomc,lower
11,207.0,237.8695652173913,49239.0,B465_ARC _C3_slice4-Ort.czi,old,pomc,lower
12,108.0,243.03703703703704,26248.0,B465_ARC _C3_slice4-Ort.czi,old,pomc,lower
13,90.0,247.42222222222222,22268.0,B465_ARC _C3_slice4-Ort.czi,old,pomc,lower
14,85.0,240.74117647058824,20463.0,B465_ARC _C3_slice4-Ort.czi,old,pomc,lower
15,227.0,243.51101321585904,55277.0,B465_ARC _C3_slice4-Ort.czi,old,pomc,lower
16,119.0,245.0420168067227,29160.0,B465_ARC _C3_slice4-Ort.czi,old,pomc,lower
17,84.0,236.64285714285714,19878.0,B465_ARC _C3_slice4-Ort.czi,old,pomc,lower
18,71.0,225.04225352112675,15978.0,B465_ARC _C3_slice4-Ort.czi,old,pomc,lower
19,121.0,237.68595041322314,28760.0,B465_ARC _C3_slice4-Ort.czi,old,pomc,lower
20,143.0,243.3146853146853,34794.0,B465_ARC _C3_slice4-Ort.czi,old,pomc,lower
21,149.0,243.56375838926175,36291.0,B465_ARC _C3_slice4-Ort.czi,old,pomc,lower
22,107.0,247.61682242990653,26495.0,B465_ARC _C3_slice4-Ort.czi,old,pomc,lower
23,205.0,242.32682926829267,49677.0,B465_ARC _C3_slice4-Ort.czi,old,pomc,lower
24,185.0,244.43243243243242,45220.0,B465_ARC _C3_slice4-Ort.czi,old,pomc,lower
25,94.0,236.7127659574468,22251.0,B465_ARC _C3_slice4-Ort.czi,old,pomc,lower
26,96.0,248.39583333333334,23846.0,B465_ARC _C3_slice4-Ort.czi,old,pomc,lower
27,30.0,181.1,5433.0,B465_ARC _C3_slice4-Ort.czi,old,pomc,lower
28,39.0,231.71794871794873,9037.0,B465_ARC _C3_slice4-Ort.czi,old,pomc,lower
29,157.0,234.12101910828025,36757.0,B465_ARC _C3_slice4-Ort.czi,old,pomc,lower
30,76.0,226.18421052631578,17190.0,B465_ARC _C3_slice4-Ort.czi,old,pomc,lower
31,145.0,242.02758620689656,35094.0,B465_ARC _C3_slice4-Ort.czi,old,pomc,lower
32,132.0,246.56060606060606,32546.0,B465_ARC _C3_slice4-Ort.czi,old,pomc,lower
33,113.0,223.26548672566372,25229.0,B465_ARC _C3_slice4-Ort.czi,old,pomc,lower
34,109.0,243.06422018348624,26494.0,B465_ARC _C3_slice4-Ort.czi,old,pomc,lower
35,17.0,204.35294117647058,3474.0,B465_ARC _C3_slice4-Ort.czi,old,pomc,lower
36,193.0,244.03626943005182,47099.0,B465_ARC _C3_slice4-Ort.czi,old,pomc,lower
37,16.0,245.125,3922.0,B465_ARC _C3_slice4-Ort.czi,old,pomc,lower
38,99.0,243.15151515151516,24072.0,B465_ARC _C3_slice4-Ort.czi,old,pomc,lower
39,47.0,247.0212765957447,11610.0,B465_ARC _C3_slice4-Ort.czi,old,pomc,lower
40,217.0,232.80645161290323,50519.0,B465_ARC _C3_slice4-Ort.czi,old,pomc,lower
41,7.0,204.85714285714286,1434.0,B465_ARC _C3_slice4-Ort.czi,old,pomc,lower
42,400.0,239.305,95722.0,B465_ARC _C3_slice4-Ort.czi,old,pomc,lower
43,114.0,245.30701754385964,27965.0,B465_ARC _C3_slice4-Ort.czi,old,pomc,lower
44,33.0,244.93939393939394,8083.0,B465_ARC _C3_slice4-Ort.czi,old,pomc,lower
45,118.0,242.60169491525423,28627.0,B465_ARC _C3_slice4-Ort.czi,old,pomc,lower
46,292.0,243.45890410958904,71090.0,B465_ARC _C3_slice4-Ort.czi,old,pomc,lower
47,198.0,246.83838383838383,48874.0,B465_ARC _C3_slice4-Ort.czi,old,pomc,lower
48,149.0,249.8255033557047,37224.0,B465_ARC _C3_slice4-Ort.czi,old,pomc,lower
49,250.0,239.156,59789.0,B465_ARC _C3_slice4-Ort.czi,old,pomc,lower
50,19.0,248.52631578947367,4722.0,B465_ARC _C3_slice4-Ort.czi,old,pomc,lower
51,63.0,245.17460317460316,15446.0,B465_ARC _C3_slice4-Ort.czi,old,pomc,lower
52,44.0,249.70454545454547,10987.0,B465_ARC _C3_slice4-Ort.czi,old,pomc,lower
53,48.0,231.54166666666666,11114.0,B465_ARC _C3_slice4-Ort.czi,old,pomc,lower
54,73.0,245.986301369863,17957.0,B465_ARC _C3_slice4-Ort.czi,old,pomc,lower
55,138.0,248.1086956521739,34239.0,B465_ARC _C3_slice4-Ort.czi,old,pomc,lower
56,53.0,217.0,11501.0,B465_ARC _C3_slice4-Ort.czi,old,pomc,lower
57,210.0,243.72857142857143,51183.0,B465_ARC _C3_slice4-Ort.czi,old,pomc,lower
58,132.0,227.8181818181818,30072.0,B465_ARC _C3_slice4-Ort.czi,old,pomc,lower
59,155.0,244.2258064516129,37855.0,B465_ARC _C3_slice4-Ort.czi,old,pomc,lower
60,131.0,246.2824427480916,32263.0,B465_ARC _C3_slice4-Ort.czi,old,pomc,lower
61,245.0,241.35510204081632,59132.0,B465_ARC _C3_slice4-Ort.czi,old,pomc,lower
62,104.0,237.1153846153846,24660.0,B465_ARC _C3_slice4-Ort.czi,old,pomc,lower
63,77.0,240.80519480519482,18542.0,B465_ARC _C3_slice4-Ort.czi,old,pomc,lower
64,114.0,226.35087719298247,25804.0,B465_ARC _C3_slice4-Ort.czi,old,pomc,lower
65,28.0,219.89285714285714,6157.0,B465_ARC _C3_slice4-Ort.czi,old,pomc,lower
66,18.0,160.55555555555554,2890.0,B465_ARC _C3_slice4-Ort.czi,old,pomc,lower
67,327.0,233.10703363914374,76226.0,B465_ARC _C3_slice4-Ort.czi,old,pomc,lower
68,79.0,242.46835443037975,19155.0,B465_ARC _C3_slice4-Ort.czi,old,pomc,lower
69,189.0,244.45502645502646,46202.0,B465_ARC _C3_slice4-Ort.czi,old,pomc,lower
70,186.0,244.75806451612902,45525.0,B465_ARC _C3_slice4-Ort.czi,old,pomc,lower
71,43.0,226.95348837209303,9759.0,B465_ARC _C3_slice4-Ort.czi,old,pomc,lower
72,51.0,219.07843137254903,11173.0,B465_ARC _C3_slice4-Ort.czi,old,pomc,lower
73,145.0,244.64827586206897,35474.0,B465_ARC _C3_slice4-Ort.czi,old,pomc,lower
74,186.0,239.95698924731184,44632.0,B465_ARC _C3_slice4-Ort.czi,old,pomc,lower
75,192.0,239.81770833333334,46045.0,B465_ARC _C3_slice4-Ort.czi,old,pomc,lower
76,170.0,241.27058823529413,41016.0,B465_ARC _C3_slice4-Ort.czi,old,pomc,lower
77,162.0,245.46913580246914,39766.0,B465_ARC _C3_slice4-Ort.czi,old,pomc,lower
78,265.0,237.988679245283,63067.0,B465_ARC _C3_slice4-Ort.czi,old,pomc,lower
79,113.0,245.09734513274336,27696.0,B465_ARC _C3_slice4-Ort.czi,old,pomc,lower
80,249.0,242.04819277108433,60270.0,B465_ARC _C3_slice4-Ort.czi,old,pomc,lower
81,194.0,239.56185567010309,46475.0,B465_ARC _C3_slice4-Ort.czi,old,pomc,lower
82,70.0,248.75714285714287,17413.0,B465_ARC _C3_slice4-Ort.czi,old,pomc,lower
83,105.0,223.3904761904762,23456.0,B465_ARC _C3_slice4-Ort.czi,old,pomc,lower
84,11.0,209.9090909090909,2309.0,B465_ARC _C3_slice4-Ort.czi,old,pomc,lower
85,99.0,244.1010101010101,24166.0,B465_ARC _C3_slice4-Ort.czi,old,pomc,lower
86,162.0,244.00617283950618,39529.0,B465_ARC _C3_slice4-Ort.czi,old,pomc,lower
87,67.0,211.0,14137.0,B465_ARC _C3_slice4-Ort.czi,old,pomc,lower
88,81.0,245.19753086419752,19861.0,B465_ARC _C3_slice4-Ort.czi,old,pomc,lower
89,57.0,218.56140350877192,12458.0,B465_ARC _C3_slice4-Ort.czi,old,pomc,lower
90,185.0,238.7945945945946,44177.0,B465_ARC _C3_slice4-Ort.czi,old,pomc,lower
91,63.0,239.88888888888889,15113.0,B465_ARC _C3_slice4-Ort.czi,old,pomc,lower
92,191.0,237.74869109947645,45410.0,B465_ARC _C3_slice4-Ort.czi,old,pomc,lower
93,60.0,241.61666666666667,14497.0,B465_ARC _C3_slice4-Ort.czi,old,pomc,lower
94,94.0,248.19148936170214,23330.0,B465_ARC _C3_slice4-Ort.czi,old,pomc,lower
95,67.0,218.55223880597015,14643.0,B465_ARC _C3_slice4-Ort.czi,old,pomc,lower
96,13.0,254.53846153846155,3309.0,B465_ARC _C3_slice4-Ort.czi,old,pomc,lower
97,205.0,245.34146341463415,50295.0,B465_ARC _C3_slice4-Ort.czi,old,pomc,lower
98,171.0,223.140350877193,38157.0,B465_ARC _C3_slice4-Ort.czi,old,pomc,lower
99,87.0,245.86206896551724,21390.0,B465_ARC _C3_slice4-Ort.czi,old,pomc,lower
100,152.0,233.85526315789474,35546.0,B465_ARC _C3_slice4-Ort.czi,old,pomc,lower
101,139.0,245.9208633093525,34183.0,B465_ARC _C3_slice4-Ort.czi,old,pomc,lower
102,38.0,245.78947368421052,9340.0,B465_ARC _C3_slice4-Ort.czi,old,pomc,lower
103,52.0,245.25,12753.0,B465_ARC _C3_slice4-Ort.czi,old,pomc,lower
104,116.0,245.8706896551724,28521.0,B465_ARC _C3_slice4-Ort.czi,old,pomc,lower
105,246.0,238.4959349593496,58670.0,B465_ARC _C3_slice4-Ort.czi,old,pomc,lower
106,147.0,237.60544217687075,34928.0,B465_ARC _C3_slice4-Ort.czi,old,pomc,lower
107,144.0,245.375,35334.0,B465_ARC _C3_slice4-Ort.czi,old,pomc,lower
108,79.0,241.26582278481013,19060.0,B465_ARC _C3_slice4-Ort.czi,old,pomc,lower
109,39.0,244.4102564102564,9532.0,B465_ARC _C3_slice4-Ort.czi,old,pomc,lower
110,185.0,211.18378378378378,39069.0,B465_ARC _C3_slice4-Ort.czi,old,pomc,lower
111,12.0,251.5,3018.0,B465_ARC _C3_slice4-Ort.czi,old,pomc,lower
112,125.0,234.736,29342.0,B465_ARC _C3_slice4-Ort.czi,old,pomc,lower
113,303.0,239.14191419141915,72460.0,B465_ARC _C3_slice4-Ort.czi,old,pomc,lower
114,155.0,238.4774193548387,36964.0,B465_ARC _C3_slice4-Ort.czi,old,pomc,lower
115,163.0,235.55828220858896,38396.0,B465_ARC _C3_slice4-Ort.czi,old,pomc,lower
116,151.0,246.96688741721854,37292.0,B465_ARC _C3_slice4-Ort.czi,old,pomc,lower
117,167.0,241.33532934131736,40303.0,B465_ARC _C3_slice4-Ort.czi,old,pomc,lower
118,94.0,245.08510638297872,23038.0,B465_ARC _C3_slice4-Ort.czi,old,pomc,lower
119,117.0,247.12820512820514,28914.0,B465_ARC _C3_slice4-Ort.czi,old,pomc,lower
120,114.0,245.80701754385964,28022.0,B465_ARC _C3_slice4-Ort.czi,old,pomc,lower
121,28.0,224.57142857142858,6288.0,B465_ARC _C3_slice4-Ort.czi,old,pomc,lower
122,79.0,246.9240506329114,19507.0,B465_ARC _C3_slice4-Ort.czi,old,pomc,lower
