label,area,mean_intensity,integrated_density,filename,age,channel,region
1,10.0,239.8,2398.0,F656_ARC _B3_slice3-Ort.czi,old,gal,upper
2,37.0,219.40540540540542,8118.0,F656_ARC _B3_slice3-Ort.czi,old,gal,upper
3,20.0,143.8,2876.0,F656_ARC _B3_slice3-Ort.czi,old,gal,upper
4,3.0,176.33333333333334,529.0,F656_ARC _B3_slice3-Ort.czi,old,gal,upper
5,1.0,131.0,131.0,F656_ARC _B3_slice3-Ort.czi,old,gal,upper
6,96.0,206.44791666666666,19819.0,F656_ARC _B3_slice3-Ort.czi,old,gal,upper
7,102.0,238.42156862745097,24319.0,F656_ARC _B3_slice3-Ort.czi,old,gal,upper
8,77.0,217.87012987012986,16776.0,F656_ARC _B3_slice3-Ort.czi,old,gal,upper
1,131.0,235.74045801526717,30882.0,B489_ARC_xxx_slice2-Ort.czi,old,gal,upper
2,47.0,203.74468085106383,9576.0,B489_ARC_xxx_slice2-Ort.czi,old,gal,upper
3,88.0,225.4431818181818,19839.0,B489_ARC_xxx_slice2-Ort.czi,old,gal,upper
4,20.0,174.5,3490.0,B489_ARC_xxx_slice2-Ort.czi,old,gal,upper
5,36.0,226.11111111111111,8140.0,B489_ARC_xxx_slice2-Ort.czi,old,gal,upper
6,2.0,141.0,282.0,B489_ARC_xxx_slice2-Ort.czi,old,gal,upper
7,37.0,248.56756756756758,9197.0,B489_ARC_xxx_slice2-Ort.czi,old,gal,upper
8,125.0,202.864,25358.0,B489_ARC_xxx_slice2-Ort.czi,old,gal,upper
9,11.0,157.27272727272728,1730.0,B489_ARC_xxx_slice2-Ort.czi,old,gal,upper
10,26.0,222.34615384615384,5781.0,B489_ARC_xxx_slice2-Ort.czi,old,gal,upper
11,116.0,239.86206896551724,27824.0,B489_ARC_xxx_slice2-Ort.czi,old,gal,upper
12,91.0,239.9120879120879,21832.0,B489_ARC_xxx_slice2-Ort.czi,old,gal,upper
13,65.0,222.41538461538462,14457.0,B489_ARC_xxx_slice2-Ort.czi,old,gal,upper
14,127.0,242.06299212598427,30742.0,B489_ARC_xxx_slice2-Ort.czi,old,gal,upper
15,11.0,176.27272727272728,1939.0,B489_ARC_xxx_slice2-Ort.czi,old,gal,upper
16,88.0,243.14772727272728,21397.0,B489_ARC_xxx_slice2-Ort.czi,old,gal,upper
17,104.0,234.2596153846154,24363.0,B489_ARC_xxx_slice2-Ort.czi,old,gal,upper
18,63.0,239.3015873015873,15076.0,B489_ARC_xxx_slice2-Ort.czi,old,gal,upper
19,6.0,204.5,1227.0,B489_ARC_xxx_slice2-Ort.czi,old,gal,upper
20,146.0,235.9041095890411,34442.0,B489_ARC_xxx_slice2-Ort.czi,old,gal,upper
21,105.0,233.25714285714287,24492.0,B489_ARC_xxx_slice2-Ort.czi,old,gal,upper
22,1.0,178.0,178.0,B489_ARC_xxx_slice2-Ort.czi,old,gal,upper
23,118.0,242.42372881355934,28606.0,B489_ARC_xxx_slice2-Ort.czi,old,gal,upper
24,103.0,220.3495145631068,22696.0,B489_ARC_xxx_slice2-Ort.czi,old,gal,upper
25,7.0,215.42857142857142,1508.0,B489_ARC_xxx_slice2-Ort.czi,old,gal,upper
26,38.0,224.42105263157896,8528.0,B489_ARC_xxx_slice2-Ort.czi,old,gal,upper
27,138.0,233.84782608695653,32271.0,B489_ARC_xxx_slice2-Ort.czi,old,gal,upper
28,136.0,240.7058823529412,32736.0,B489_ARC_xxx_slice2-Ort.czi,old,gal,upper
29,206.0,243.21844660194174,50103.0,B489_ARC_xxx_slice2-Ort.czi,old,gal,upper
30,3.0,173.33333333333334,520.0,B489_ARC_xxx_slice2-Ort.czi,old,gal,upper
31,99.0,242.5151515151515,24009.0,B489_ARC_xxx_slice2-Ort.czi,old,gal,upper
32,111.0,239.83783783783784,26622.0,B489_ARC_xxx_slice2-Ort.czi,old,gal,upper
33,160.0,237.35,37976.0,B489_ARC_xxx_slice2-Ort.czi,old,gal,upper
34,123.0,238.78048780487805,29370.0,B489_ARC_xxx_slice2-Ort.czi,old,gal,upper
35,57.0,239.1578947368421,13632.0,B489_ARC_xxx_slice2-Ort.czi,old,gal,upper
36,183.0,238.04371584699453,43562.0,B489_ARC_xxx_slice2-Ort.czi,old,gal,upper
37,188.0,169.85106382978722,31931.999999999996,B489_ARC_xxx_slice2-Ort.czi,old,gal,upper
38,120.0,237.45833333333334,28495.0,B489_ARC_xxx_slice2-Ort.czi,old,gal,upper
39,5.0,120.0,600.0,B489_ARC_xxx_slice2-Ort.czi,old,gal,upper
40,10.0,136.3,1363.0,B489_ARC_xxx_slice2-Ort.czi,old,gal,upper
41,135.0,237.8074074074074,32104.0,B489_ARC_xxx_slice2-Ort.czi,old,gal,upper
42,19.0,231.10526315789474,4391.0,B489_ARC_xxx_slice2-Ort.czi,old,gal,upper
43,97.0,235.16494845360825,22811.0,B489_ARC_xxx_slice2-Ort.czi,old,gal,upper
44,18.0,212.94444444444446,3833.0,B489_ARC_xxx_slice2-Ort.czi,old,gal,upper
45,101.0,243.22772277227722,24566.0,B489_ARC_xxx_slice2-Ort.czi,old,gal,upper
46,2.0,197.5,395.0,B489_ARC_xxx_slice2-Ort.czi,old,gal,upper
47,151.0,233.35761589403972,35237.0,B489_ARC_xxx_slice2-Ort.czi,old,gal,upper
48,71.0,225.30985915492957,15997.0,B489_ARC_xxx_slice2-Ort.czi,old,gal,upper
49,1.0,231.0,231.0,B489_ARC_xxx_slice2-Ort.czi,old,gal,upper
50,9.0,210.33333333333334,1893.0,B489_ARC_xxx_slice2-Ort.czi,old,gal,upper
51,33.0,222.75757575757575,7351.0,B489_ARC_xxx_slice2-Ort.czi,old,gal,upper
52,8.0,168.0,1344.0,B489_ARC_xxx_slice2-Ort.czi,old,gal,upper
53,113.0,240.02654867256638,27123.0,B489_ARC_xxx_slice2-Ort.czi,old,gal,upper
54,172.0,233.6860465116279,40194.0,B489_ARC_xxx_slice2-Ort.czi,old,gal,upper
55,1.0,131.0,131.0,B489_ARC_xxx_slice2-Ort.czi,old,gal,upper
56,2.0,112.0,224.0,B489_ARC_xxx_slice2-Ort.czi,old,gal,upper
57,94.0,225.1595744680851,21165.0,B489_ARC_xxx_slice2-Ort.czi,old,gal,upper
58,8.0,197.375,1579.0,B489_ARC_xxx_slice2-Ort.czi,old,gal,upper
59,99.0,203.86868686868686,20183.0,B489_ARC_xxx_slice2-Ort.czi,old,gal,upper
60,132.0,238.81060606060606,31523.0,B489_ARC_xxx_slice2-Ort.czi,old,gal,upper
61,36.0,199.5,7182.0,B489_ARC_xxx_slice2-Ort.czi,old,gal,upper
62,18.0,186.83333333333334,3363.0,B489_ARC_xxx_slice2-Ort.czi,old,gal,upper
63,5.0,176.2,881.0,B489_ARC_xxx_slice2-Ort.czi,old,gal,upper
64,1.0,163.0,163.0,B489_ARC_xxx_slice2-Ort.czi,old,gal,upper
65,29.0,141.3448275862069,4099.0,B489_ARC_xxx_slice2-Ort.czi,old,gal,upper
1,66.0,199.8939393939394,13193.0,B482_ARC _B3_slice6-Ort.czi,old,gal,upper
2,159.0,197.86163522012578,31460.0,B482_ARC _B3_slice6-Ort.czi,old,gal,upper
3,143.0,228.41958041958043,32664.0,B482_ARC _B3_slice6-Ort.czi,old,gal,upper
4,152.0,229.84868421052633,34937.0,B482_ARC _B3_slice6-Ort.czi,old,gal,upper
5,50.0,140.7,7034.999999999999,B482_ARC _B3_slice6-Ort.czi,old,gal,upper
6,9.0,142.77777777777777,1285.0,B482_ARC _B3_slice6-Ort.czi,old,gal,upper
7,81.0,185.46913580246914,15023.0,B482_ARC _B3_slice6-Ort.czi,old,gal,upper
8,6.0,193.83333333333334,1163.0,B482_ARC _B3_slice6-Ort.czi,old,gal,upper
9,10.0,190.3,1903.0,B482_ARC _B3_slice6-Ort.czi,old,gal,upper
10,4.0,165.5,662.0,B482_ARC _B3_slice6-Ort.czi,old,gal,upper
11,220.0,213.8090909090909,47038.0,B482_ARC _B3_slice6-Ort.czi,old,gal,upper
12,4.0,124.5,498.0,B482_ARC _B3_slice6-Ort.czi,old,gal,upper
13,53.0,223.83018867924528,11863.0,B482_ARC _B3_slice6-Ort.czi,old,gal,upper
14,7.0,156.71428571428572,1097.0,B482_ARC _B3_slice6-Ort.czi,old,gal,upper
15,1.0,156.0,156.0,B482_ARC _B3_slice6-Ort.czi,old,gal,upper
16,128.0,240.4375,30776.0,B482_ARC _B3_slice6-Ort.czi,old,gal,upper
17,62.0,201.90322580645162,12518.0,B482_ARC _B3_slice6-Ort.czi,old,gal,upper
18,11.0,183.72727272727272,2021.0,B482_ARC _B3_slice6-Ort.czi,old,gal,upper
19,8.0,206.5,1652.0,B482_ARC _B3_slice6-Ort.czi,old,gal,upper
20,8.0,179.0,1432.0,B482_ARC _B3_slice6-Ort.czi,old,gal,upper
21,18.0,176.5,3177.0,B482_ARC _B3_slice6-Ort.czi,old,gal,upper
22,118.0,213.27118644067798,25166.0,B482_ARC _B3_slice6-Ort.czi,old,gal,upper
23,38.0,186.02631578947367,7068.999999999999,B482_ARC _B3_slice6-Ort.czi,old,gal,upper
24,17.0,150.11764705882354,2552.0,B482_ARC _B3_slice6-Ort.czi,old,gal,upper
25,37.0,163.78378378378378,6060.0,B482_ARC _B3_slice6-Ort.czi,old,gal,upper
26,41.0,190.0487804878049,7792.000000000001,B482_ARC _B3_slice6-Ort.czi,old,gal,upper
27,53.0,199.0,10547.0,B482_ARC _B3_slice6-Ort.czi,old,gal,upper
28,14.0,190.5,2667.0,B482_ARC _B3_slice6-Ort.czi,old,gal,upper
29,193.0,232.8341968911917,44937.0,B482_ARC _B3_slice6-Ort.czi,old,gal,upper
30,7.0,172.28571428571428,1206.0,B482_ARC _B3_slice6-Ort.czi,old,gal,upper
31,17.0,172.47058823529412,2932.0,B482_ARC _B3_slice6-Ort.czi,old,gal,upper
32,156.0,199.6153846153846,31140.0,B482_ARC _B3_slice6-Ort.czi,old,gal,upper
33,7.0,163.42857142857142,1144.0,B482_ARC _B3_slice6-Ort.czi,old,gal,upper
34,87.0,192.88505747126436,16781.0,B482_ARC _B3_slice6-Ort.czi,old,gal,upper
35,12.0,121.91666666666667,1463.0,B482_ARC _B3_slice6-Ort.czi,old,gal,upper
36,39.0,207.10256410256412,8077.000000000001,B482_ARC _B3_slice6-Ort.czi,old,gal,upper
37,48.0,194.3125,9327.0,B482_ARC _B3_slice6-Ort.czi,old,gal,upper
38,7.0,171.28571428571428,1199.0,B482_ARC _B3_slice6-Ort.czi,old,gal,upper
39,79.0,213.83544303797467,16893.0,B482_ARC _B3_slice6-Ort.czi,old,gal,upper
40,39.0,229.6153846153846,8955.0,B482_ARC _B3_slice6-Ort.czi,old,gal,upper
41,69.0,215.07246376811594,14840.0,B482_ARC _B3_slice6-Ort.czi,old,gal,upper
42,13.0,203.3846153846154,2644.0,B482_ARC _B3_slice6-Ort.czi,old,gal,upper
43,172.0,229.09883720930233,39405.0,B482_ARC _B3_slice6-Ort.czi,old,gal,upper
44,209.0,202.21052631578948,42262.0,B482_ARC _B3_slice6-Ort.czi,old,gal,upper
45,16.0,176.0,2816.0,B482_ARC _B3_slice6-Ort.czi,old,gal,upper
46,10.0,162.5,1625.0,B482_ARC _B3_slice6-Ort.czi,old,gal,upper
47,2.0,135.5,271.0,B482_ARC _B3_slice6-Ort.czi,old,gal,upper
48,5.0,242.0,1210.0,B482_ARC _B3_slice6-Ort.czi,old,gal,upper
49,8.0,138.375,1107.0,B482_ARC _B3_slice6-Ort.czi,old,gal,upper
50,43.0,196.2325581395349,8438.0,B482_ARC _B3_slice6-Ort.czi,old,gal,upper
51,33.0,181.45454545454547,5988.0,B482_ARC _B3_slice6-Ort.czi,old,gal,upper
52,115.0,216.84347826086957,24937.0,B482_ARC _B3_slice6-Ort.czi,old,gal,upper
53,84.0,216.88095238095238,18218.0,B482_ARC _B3_slice6-Ort.czi,old,gal,upper
54,105.0,229.82857142857142,24132.0,B482_ARC _B3_slice6-Ort.czi,old,gal,upper
55,115.0,220.2608695652174,25330.0,B482_ARC _B3_slice6-Ort.czi,old,gal,upper
56,126.0,215.88888888888889,27202.0,B482_ARC _B3_slice6-Ort.czi,old,gal,upper
57,86.0,219.47674418604652,18875.0,B482_ARC _B3_slice6-Ort.czi,old,gal,upper
58,47.0,210.0,9870.0,B482_ARC _B3_slice6-Ort.czi,old,gal,upper
59,29.0,202.3448275862069,5868.0,B482_ARC _B3_slice6-Ort.czi,old,gal,upper
60,28.0,199.39285714285714,5583.0,B482_ARC _B3_slice6-Ort.czi,old,gal,upper
61,89.0,242.58426966292134,21590.0,B482_ARC _B3_slice6-Ort.czi,old,gal,upper
62,101.0,213.03960396039605,21517.0,B482_ARC _B3_slice6-Ort.czi,old,gal,upper
63,24.0,154.79166666666666,3715.0,B482_ARC _B3_slice6-Ort.czi,old,gal,upper
64,86.0,222.01162790697674,19093.0,B482_ARC _B3_slice6-Ort.czi,old,gal,upper
65,21.0,188.1904761904762,3952.0000000000005,B482_ARC _B3_slice6-Ort.czi,old,gal,upper
66,20.0,150.55,3011.0,B482_ARC _B3_slice6-Ort.czi,old,gal,upper
67,146.0,215.87671232876713,31518.0,B482_ARC _B3_slice6-Ort.czi,old,gal,upper
68,99.0,187.9090909090909,18603.0,B482_ARC _B3_slice6-Ort.czi,old,gal,upper
69,13.0,173.0,2249.0,B482_ARC _B3_slice6-Ort.czi,old,gal,upper
70,30.0,194.76666666666668,5843.0,B482_ARC _B3_slice6-Ort.czi,old,gal,upper
71,3.0,171.33333333333334,514.0,B482_ARC _B3_slice6-Ort.czi,old,gal,upper
72,120.0,236.2,28344.0,B482_ARC _B3_slice6-Ort.czi,old,gal,upper
73,118.0,237.9915254237288,28083.0,B482_ARC _B3_slice6-Ort.czi,old,gal,upper
74,83.0,184.83132530120483,15341.0,B482_ARC _B3_slice6-Ort.czi,old,gal,upper
75,99.0,219.25252525252526,21706.0,B482_ARC _B3_slice6-Ort.czi,old,gal,upper
76,186.0,239.98924731182797,44638.0,B482_ARC _B3_slice6-Ort.czi,old,gal,upper
77,14.0,237.85714285714286,3330.0,B482_ARC _B3_slice6-Ort.czi,old,gal,upper
78,119.0,215.92436974789916,25695.0,B482_ARC _B3_slice6-Ort.czi,old,gal,upper
79,39.0,206.71794871794873,8062.0,B482_ARC _B3_slice6-Ort.czi,old,gal,upper
80,5.0,240.2,1201.0,B482_ARC _B3_slice6-Ort.czi,old,gal,upper
81,5.0,182.4,912.0,B482_ARC _B3_slice6-Ort.czi,old,gal,upper
82,172.0,211.83139534883722,36435.0,B482_ARC _B3_slice6-Ort.czi,old,gal,upper
83,34.0,211.8235294117647,7202.0,B482_ARC _B3_slice6-Ort.czi,old,gal,upper
84,6.0,157.33333333333334,944.0,B482_ARC _B3_slice6-Ort.czi,old,gal,upper
85,3.0,200.33333333333334,601.0,B482_ARC _B3_slice6-Ort.czi,old,gal,upper
86,44.0,199.13636363636363,8762.0,B482_ARC _B3_slice6-Ort.czi,old,gal,upper
87,53.0,199.20754716981133,10558.0,B482_ARC _B3_slice6-Ort.czi,old,gal,upper
88,44.0,171.52272727272728,7547.0,B482_ARC _B3_slice6-Ort.czi,old,gal,upper
89,57.0,207.56140350877192,11831.0,B482_ARC _B3_slice6-Ort.czi,old,gal,upper
90,28.0,193.32142857142858,5413.0,B482_ARC _B3_slice6-Ort.czi,old,gal,upper
91,59.0,164.135593220339,9684.0,B482_ARC _B3_slice6-Ort.czi,old,gal,upper
92,21.0,165.47619047619048,3475.0,B482_ARC _B3_slice6-Ort.czi,old,gal,upper
93,48.0,200.14583333333334,9607.0,B482_ARC _B3_slice6-Ort.czi,old,gal,upper
94,38.0,216.6578947368421,8233.0,B482_ARC _B3_slice6-Ort.czi,old,gal,upper
95,16.0,169.25,2708.0,B482_ARC _B3_slice6-Ort.czi,old,gal,upper
96,6.0,143.66666666666666,862.0,B482_ARC _B3_slice6-Ort.czi,old,gal,upper
97,68.0,192.7058823529412,13104.0,B482_ARC _B3_slice6-Ort.czi,old,gal,upper
98,17.0,176.2941176470588,2997.0,B482_ARC _B3_slice6-Ort.czi,old,gal,upper
99,4.0,182.75,731.0,B482_ARC _B3_slice6-Ort.czi,old,gal,upper
100,109.0,187.13761467889907,20398.0,B482_ARC _B3_slice6-Ort.czi,old,gal,upper
101,148.0,233.95945945945945,34626.0,B482_ARC _B3_slice6-Ort.czi,old,gal,upper
102,57.0,189.35087719298247,10793.0,B482_ARC _B3_slice6-Ort.czi,old,gal,upper
103,127.0,199.84251968503938,25380.0,B482_ARC _B3_slice6-Ort.czi,old,gal,upper
104,65.0,195.4923076923077,12707.0,B482_ARC _B3_slice6-Ort.czi,old,gal,upper
105,60.0,241.88333333333333,14513.0,B482_ARC _B3_slice6-Ort.czi,old,gal,upper
106,25.0,194.8,4870.0,B482_ARC _B3_slice6-Ort.czi,old,gal,upper
107,17.0,162.1764705882353,2757.0,B482_ARC _B3_slice6-Ort.czi,old,gal,upper
108,14.0,164.07142857142858,2297.0,B482_ARC _B3_slice6-Ort.czi,old,gal,upper
109,36.0,215.86111111111111,7771.0,B482_ARC _B3_slice6-Ort.czi,old,gal,upper
110,78.0,200.46153846153845,15636.0,B482_ARC _B3_slice6-Ort.czi,old,gal,upper
111,98.0,200.4387755102041,19643.0,B482_ARC _B3_slice6-Ort.czi,old,gal,upper
112,75.0,206.44,15483.0,B482_ARC _B3_slice6-Ort.czi,old,gal,upper
113,32.0,192.28125,6153.0,B482_ARC _B3_slice6-Ort.czi,old,gal,upper
114,11.0,168.72727272727272,1856.0,B482_ARC _B3_slice6-Ort.czi,old,gal,upper
115,4.0,185.0,740.0,B482_ARC _B3_slice6-Ort.czi,old,gal,upper
116,23.0,176.3913043478261,4057.0,B482_ARC _B3_slice6-Ort.czi,old,gal,upper
117,17.0,163.11764705882354,2773.0,B482_ARC _B3_slice6-Ort.czi,old,gal,upper
118,102.0,227.5686274509804,23212.0,B482_ARC _B3_slice6-Ort.czi,old,gal,upper
119,87.0,208.4022988505747,18131.0,B482_ARC _B3_slice6-Ort.czi,old,gal,upper
120,101.0,229.03960396039605,23133.0,B482_ARC _B3_slice6-Ort.czi,old,gal,upper
121,9.0,202.88888888888889,1826.0,B482_ARC _B3_slice6-Ort.czi,old,gal,upper
122,110.0,222.79090909090908,24507.0,B482_ARC _B3_slice6-Ort.czi,old,gal,upper
123,142.0,223.7605633802817,31774.0,B482_ARC _B3_slice6-Ort.czi,old,gal,upper
124,24.0,203.08333333333334,4874.0,B482_ARC _B3_slice6-Ort.czi,old,gal,upper
125,33.0,157.06060606060606,5183.0,B482_ARC _B3_slice6-Ort.czi,old,gal,upper
126,55.0,163.61818181818182,8999.0,B482_ARC _B3_slice6-Ort.czi,old,gal,upper
127,24.0,224.79166666666666,5395.0,B482_ARC _B3_slice6-Ort.czi,old,gal,upper
128,36.0,163.11111111111111,5872.0,B482_ARC _B3_slice6-Ort.czi,old,gal,upper
129,6.0,151.0,906.0,B482_ARC _B3_slice6-Ort.czi,old,gal,upper
130,69.0,222.2753623188406,15337.0,B482_ARC _B3_slice6-Ort.czi,old,gal,upper
131,10.0,162.6,1626.0,B482_ARC _B3_slice6-Ort.czi,old,gal,upper
132,6.0,148.66666666666666,892.0,B482_ARC _B3_slice6-Ort.czi,old,gal,upper
133,94.0,238.22340425531914,22393.0,B482_ARC _B3_slice6-Ort.czi,old,gal,upper
134,47.0,210.5744680851064,9897.0,B482_ARC _B3_slice6-Ort.czi,old,gal,upper
135,51.0,221.2549019607843,11284.0,B482_ARC _B3_slice6-Ort.czi,old,gal,upper
136,97.0,200.70103092783506,19468.0,B482_ARC _B3_slice6-Ort.czi,old,gal,upper
137,9.0,202.0,1818.0,B482_ARC _B3_slice6-Ort.czi,old,gal,upper
138,5.0,232.0,1160.0,B482_ARC _B3_slice6-Ort.czi,old,gal,upper
139,111.0,204.33333333333334,22681.0,B482_ARC _B3_slice6-Ort.czi,old,gal,upper
140,45.0,210.24444444444444,9461.0,B482_ARC _B3_slice6-Ort.czi,old,gal,upper
141,14.0,171.42857142857142,2400.0,B482_ARC _B3_slice6-Ort.czi,old,gal,upper
142,39.0,206.82051282051282,8066.0,B482_ARC _B3_slice6-Ort.czi,old,gal,upper
143,76.0,223.17105263157896,16961.0,B482_ARC _B3_slice6-Ort.czi,old,gal,upper
144,97.0,192.5257731958763,18675.0,B482_ARC _B3_slice6-Ort.czi,old,gal,upper
145,3.0,223.33333333333334,670.0,B482_ARC _B3_slice6-Ort.czi,old,gal,upper
146,43.0,200.86046511627907,8637.0,B482_ARC _B3_slice6-Ort.czi,old,gal,upper
147,31.0,210.48387096774192,6525.0,B482_ARC _B3_slice6-Ort.czi,old,gal,upper
148,31.0,173.38709677419354,5375.0,B482_ARC _B3_slice6-Ort.czi,old,gal,upper
149,43.0,197.27906976744185,8483.0,B482_ARC _B3_slice6-Ort.czi,old,gal,upper
150,1.0,52.0,52.0,B482_ARC _B3_slice6-Ort.czi,old,gal,upper
151,24.0,194.75,4674.0,B482_ARC _B3_slice6-Ort.czi,old,gal,upper
152,27.0,183.5185185185185,4955.0,B482_ARC _B3_slice6-Ort.czi,old,gal,upper
153,4.0,174.25,697.0,B482_ARC _B3_slice6-Ort.czi,old,gal,upper
154,91.0,187.2087912087912,17036.0,B482_ARC _B3_slice6-Ort.czi,old,gal,upper
155,97.0,238.08247422680412,23094.0,B482_ARC _B3_slice6-Ort.czi,old,gal,upper
156,97.0,230.82474226804123,22390.0,B482_ARC _B3_slice6-Ort.czi,old,gal,upper
157,25.0,170.2,4255.0,B482_ARC _B3_slice6-Ort.czi,old,gal,upper
158,60.0,172.18333333333334,10331.0,B482_ARC _B3_slice6-Ort.czi,old,gal,upper
159,2.0,181.5,363.0,B482_ARC _B3_slice6-Ort.czi,old,gal,upper
160,82.0,206.17073170731706,16906.0,B482_ARC _B3_slice6-Ort.czi,old,gal,upper
161,52.0,219.3846153846154,11408.0,B482_ARC _B3_slice6-Ort.czi,old,gal,upper
162,98.0,198.1326530612245,19417.0,B482_ARC _B3_slice6-Ort.czi,old,gal,upper
163,42.0,219.76190476190476,9230.0,B482_ARC _B3_slice6-Ort.czi,old,gal,upper
164,102.0,192.36274509803923,19621.0,B482_ARC _B3_slice6-Ort.czi,old,gal,upper
165,9.0,125.0,1125.0,B482_ARC _B3_slice6-Ort.czi,old,gal,upper
166,67.0,197.2089552238806,13213.0,B482_ARC _B3_slice6-Ort.czi,old,gal,upper
167,2.0,153.0,306.0,B482_ARC _B3_slice6-Ort.czi,old,gal,upper
168,25.0,247.76,6194.0,B482_ARC _B3_slice6-Ort.czi,old,gal,upper
169,19.0,148.73684210526315,2826.0,B482_ARC _B3_slice6-Ort.czi,old,gal,upper
170,21.0,177.0,3717.0,B482_ARC _B3_slice6-Ort.czi,old,gal,upper
171,15.0,125.06666666666666,1876.0,B482_ARC _B3_slice6-Ort.czi,old,gal,upper
172,43.0,204.09302325581396,8776.0,B482_ARC _B3_slice6-Ort.czi,old,gal,upper
173,88.0,209.27272727272728,18416.0,B482_ARC _B3_slice6-Ort.czi,old,gal,upper
174,13.0,157.69230769230768,2050.0,B482_ARC _B3_slice6-Ort.czi,old,gal,upper
175,112.0,210.26785714285714,23550.0,B482_ARC _B3_slice6-Ort.czi,old,gal,upper
176,56.0,188.51785714285714,10557.0,B482_ARC _B3_slice6-Ort.czi,old,gal,upper
177,13.0,132.92307692307693,1728.0000000000002,B482_ARC _B3_slice6-Ort.czi,old,gal,upper
178,15.0,178.53333333333333,2678.0,B482_ARC _B3_slice6-Ort.czi,old,gal,upper
179,25.0,148.0,3700.0,B482_ARC _B3_slice6-Ort.czi,old,gal,upper
180,18.0,141.38888888888889,2545.0,B482_ARC _B3_slice6-Ort.czi,old,gal,upper
181,63.0,221.0,13923.0,B482_ARC _B3_slice6-Ort.czi,old,gal,upper
182,87.0,208.94252873563218,18178.0,B482_ARC _B3_slice6-Ort.czi,old,gal,upper
183,34.0,170.88235294117646,5810.0,B482_ARC _B3_slice6-Ort.czi,old,gal,upper
184,22.0,188.3181818181818,4143.0,B482_ARC _B3_slice6-Ort.czi,old,gal,upper
185,1.0,71.0,71.0,B482_ARC _B3_slice6-Ort.czi,old,gal,upper
186,70.0,214.3,15001.0,B482_ARC _B3_slice6-Ort.czi,old,gal,upper
187,46.0,217.7391304347826,10016.0,B482_ARC _B3_slice6-Ort.czi,old,gal,upper
188,33.0,189.66666666666666,6259.0,B482_ARC _B3_slice6-Ort.czi,old,gal,upper
189,7.0,171.14285714285714,1198.0,B482_ARC _B3_slice6-Ort.czi,old,gal,upper
190,32.0,215.15625,6885.0,B482_ARC _B3_slice6-Ort.czi,old,gal,upper
191,8.0,181.5,1452.0,B482_ARC _B3_slice6-Ort.czi,old,gal,upper
192,70.0,185.12857142857143,12959.0,B482_ARC _B3_slice6-Ort.czi,old,gal,upper
193,4.0,186.25,745.0,B482_ARC _B3_slice6-Ort.czi,old,gal,upper
194,80.0,221.9625,17757.0,B482_ARC _B3_slice6-Ort.czi,old,gal,upper
195,118.0,233.22881355932202,27521.0,B482_ARC _B3_slice6-Ort.czi,old,gal,upper
196,5.0,224.6,1123.0,B482_ARC _B3_slice6-Ort.czi,old,gal,upper
197,22.0,171.4090909090909,3771.0,B482_ARC _B3_slice6-Ort.czi,old,gal,upper
198,12.0,198.58333333333334,2383.0,B482_ARC _B3_slice6-Ort.czi,old,gal,upper
199,40.0,189.35,7574.0,B482_ARC _B3_slice6-Ort.czi,old,gal,upper
200,21.0,150.95238095238096,3170.0,B482_ARC _B3_slice6-Ort.czi,old,gal,upper
201,90.0,219.32222222222222,19739.0,B482_ARC _B3_slice6-Ort.czi,old,gal,upper
202,104.0,200.79807692307693,20883.0,B482_ARC _B3_slice6-Ort.czi,old,gal,upper
203,13.0,169.3846153846154,2202.0,B482_ARC _B3_slice6-Ort.czi,old,gal,upper
204,40.0,200.1,8004.0,B482_ARC _B3_slice6-Ort.czi,old,gal,upper
205,5.0,193.2,966.0,B482_ARC _B3_slice6-Ort.czi,old,gal,upper
206,7.0,154.42857142857142,1081.0,B482_ARC _B3_slice6-Ort.czi,old,gal,upper
207,6.0,159.83333333333334,959.0,B482_ARC _B3_slice6-Ort.czi,old,gal,upper
208,20.0,112.9,2258.0,B482_ARC _B3_slice6-Ort.czi,old,gal,upper
209,129.0,235.86046511627907,30426.0,B482_ARC _B3_slice6-Ort.czi,old,gal,upper
210,7.0,255.0,1785.0,B482_ARC _B3_slice6-Ort.czi,old,gal,upper
211,85.0,219.0705882352941,18621.0,B482_ARC _B3_slice6-Ort.czi,old,gal,upper
212,20.0,213.4,4268.0,B482_ARC _B3_slice6-Ort.czi,old,gal,upper
213,32.0,186.90625,5981.0,B482_ARC _B3_slice6-Ort.czi,old,gal,upper
214,4.0,166.25,665.0,B482_ARC _B3_slice6-Ort.czi,old,gal,upper
215,15.0,194.2,2913.0,B482_ARC _B3_slice6-Ort.czi,old,gal,upper
216,4.0,203.25,813.0,B482_ARC _B3_slice6-Ort.czi,old,gal,upper
217,92.0,188.15217391304347,17310.0,B482_ARC _B3_slice6-Ort.czi,old,gal,upper
218,43.0,181.93023255813952,7822.999999999999,B482_ARC _B3_slice6-Ort.czi,old,gal,upper
219,42.0,208.61904761904762,8762.0,B482_ARC _B3_slice6-Ort.czi,old,gal,upper
220,34.0,196.44117647058823,6679.0,B482_ARC _B3_slice6-Ort.czi,old,gal,upper
221,37.0,174.1891891891892,6445.0,B482_ARC _B3_slice6-Ort.czi,old,gal,upper
222,21.0,168.38095238095238,3536.0,B482_ARC _B3_slice6-Ort.czi,old,gal,upper
223,12.0,131.08333333333334,1573.0,B482_ARC _B3_slice6-Ort.czi,old,gal,upper
224,19.0,177.31578947368422,3369.0,B482_ARC _B3_slice6-Ort.czi,old,gal,upper
225,13.0,117.23076923076923,1524.0,B482_ARC _B3_slice6-Ort.czi,old,gal,upper
226,25.0,143.36,3584.0000000000005,B482_ARC _B3_slice6-Ort.czi,old,gal,upper
227,81.0,206.55555555555554,16731.0,B482_ARC _B3_slice6-Ort.czi,old,gal,upper
228,18.0,130.61111111111111,2351.0,B482_ARC _B3_slice6-Ort.czi,old,gal,upper
229,16.0,195.875,3134.0,B482_ARC _B3_slice6-Ort.czi,old,gal,upper
230,88.0,215.51136363636363,18965.0,B482_ARC _B3_slice6-Ort.czi,old,gal,upper
231,24.0,203.25,4878.0,B482_ARC _B3_slice6-Ort.czi,old,gal,upper
232,101.0,236.86138613861385,23923.0,B482_ARC _B3_slice6-Ort.czi,old,gal,upper
233,18.0,153.33333333333334,2760.0,B482_ARC _B3_slice6-Ort.czi,old,gal,upper
234,1.0,225.0,225.0,B482_ARC _B3_slice6-Ort.czi,old,gal,upper
235,10.0,148.5,1485.0,B482_ARC _B3_slice6-Ort.czi,old,gal,upper
236,136.0,230.11764705882354,31296.0,B482_ARC _B3_slice6-Ort.czi,old,gal,upper
237,6.0,155.16666666666666,931.0,B482_ARC _B3_slice6-Ort.czi,old,gal,upper
238,4.0,170.25,681.0,B482_ARC _B3_slice6-Ort.czi,old,gal,upper
239,3.0,145.0,435.0,B482_ARC _B3_slice6-Ort.czi,old,gal,upper
240,3.0,115.33333333333333,346.0,B482_ARC _B3_slice6-Ort.czi,old,gal,upper
241,25.0,163.8,4095.0000000000005,B482_ARC _B3_slice6-Ort.czi,old,gal,upper
242,110.0,242.45454545454547,26670.0,B482_ARC _B3_slice6-Ort.czi,old,gal,upper
243,1.0,158.0,158.0,B482_ARC _B3_slice6-Ort.czi,old,gal,upper
244,46.0,210.82608695652175,9698.0,B482_ARC _B3_slice6-Ort.czi,old,gal,upper
245,52.0,154.25,8021.0,B482_ARC _B3_slice6-Ort.czi,old,gal,upper
246,49.0,174.51020408163265,8551.0,B482_ARC _B3_slice6-Ort.czi,old,gal,upper
247,13.0,167.76923076923077,2181.0,B482_ARC _B3_slice6-Ort.czi,old,gal,upper
248,40.0,206.725,8269.0,B482_ARC _B3_slice6-Ort.czi,old,gal,upper
249,45.0,206.35555555555555,9286.0,B482_ARC _B3_slice6-Ort.czi,old,gal,upper
250,21.0,230.38095238095238,4838.0,B482_ARC _B3_slice6-Ort.czi,old,gal,upper
251,78.0,236.32051282051282,18433.0,B482_ARC _B3_slice6-Ort.czi,old,gal,upper
252,23.0,184.30434782608697,4239.0,B482_ARC _B3_slice6-Ort.czi,old,gal,upper
253,7.0,145.71428571428572,1020.0,B482_ARC _B3_slice6-Ort.czi,old,gal,upper
254,51.0,206.54901960784315,10534.0,B482_ARC _B3_slice6-Ort.czi,old,gal,upper
255,24.0,218.45833333333334,5243.0,B482_ARC _B3_slice6-Ort.czi,old,gal,upper
256,145.0,240.62758620689655,34891.0,B482_ARC _B3_slice6-Ort.czi,old,gal,upper
257,14.0,165.35714285714286,2315.0,B482_ARC _B3_slice6-Ort.czi,old,gal,upper
258,23.0,161.8695652173913,3723.0,B482_ARC _B3_slice6-Ort.czi,old,gal,upper
259,9.0,184.88888888888889,1664.0,B482_ARC _B3_slice6-Ort.czi,old,gal,upper
260,32.0,194.875,6236.0,B482_ARC _B3_slice6-Ort.czi,old,gal,upper
261,37.0,188.56756756756758,6977.0,B482_ARC _B3_slice6-Ort.czi,old,gal,upper
262,43.0,197.97674418604652,8513.0,B482_ARC _B3_slice6-Ort.czi,old,gal,upper
263,31.0,162.29032258064515,5031.0,B482_ARC _B3_slice6-Ort.czi,old,gal,upper
264,17.0,190.64705882352942,3241.0,B482_ARC _B3_slice6-Ort.czi,old,gal,upper
265,79.0,230.41772151898735,18203.0,B482_ARC _B3_slice6-Ort.czi,old,gal,upper
266,26.0,136.03846153846155,3537.0,B482_ARC _B3_slice6-Ort.czi,old,gal,upper
267,21.0,206.71428571428572,4341.0,B482_ARC _B3_slice6-Ort.czi,old,gal,upper
268,50.0,209.7,10485.0,B482_ARC _B3_slice6-Ort.czi,old,gal,upper
269,113.0,238.5929203539823,26961.0,B482_ARC _B3_slice6-Ort.czi,old,gal,upper
270,26.0,192.80769230769232,5013.0,B482_ARC _B3_slice6-Ort.czi,old,gal,upper
271,8.0,161.875,1295.0,B482_ARC _B3_slice6-Ort.czi,old,gal,upper
272,119.0,236.2941176470588,28119.0,B482_ARC _B3_slice6-Ort.czi,old,gal,upper
273,55.0,178.43636363636364,9814.0,B482_ARC _B3_slice6-Ort.czi,old,gal,upper
274,203.0,233.71428571428572,47444.0,B482_ARC _B3_slice6-Ort.czi,old,gal,upper
275,4.0,128.5,514.0,B482_ARC _B3_slice6-Ort.czi,old,gal,upper
276,43.0,211.25581395348837,9084.0,B482_ARC _B3_slice6-Ort.czi,old,gal,upper
277,65.0,228.47692307692307,14851.0,B482_ARC _B3_slice6-Ort.czi,old,gal,upper
1,11.0,130.45454545454547,1435.0000000000002,F656_ARC _B3_slice8-Ort.czi,old,gal,upper
2,108.0,173.8148148148148,18772.0,F656_ARC _B3_slice8-Ort.czi,old,gal,upper
3,13.0,140.53846153846155,1827.0,F656_ARC _B3_slice8-Ort.czi,old,gal,upper
4,3.0,110.0,330.0,F656_ARC _B3_slice8-Ort.czi,old,gal,upper
5,45.0,147.0888888888889,6619.000000000001,F656_ARC _B3_slice8-Ort.czi,old,gal,upper
6,96.0,135.54166666666666,13012.0,F656_ARC _B3_slice8-Ort.czi,old,gal,upper
7,30.0,153.33333333333334,4600.0,F656_ARC _B3_slice8-Ort.czi,old,gal,upper
8,66.0,188.1060606060606,12415.0,F656_ARC _B3_slice8-Ort.czi,old,gal,upper
9,21.0,124.85714285714286,2622.0,F656_ARC _B3_slice8-Ort.czi,old,gal,upper
10,40.0,142.875,5715.0,F656_ARC _B3_slice8-Ort.czi,old,gal,upper
11,81.0,163.93827160493828,13279.0,F656_ARC _B3_slice8-Ort.czi,old,gal,upper
12,23.0,138.2608695652174,3180.0000000000005,F656_ARC _B3_slice8-Ort.czi,old,gal,upper
13,73.0,172.75342465753425,12611.0,F656_ARC _B3_slice8-Ort.czi,old,gal,upper
14,10.0,123.3,1233.0,F656_ARC _B3_slice8-Ort.czi,old,gal,upper
15,68.0,152.11764705882354,10344.0,F656_ARC _B3_slice8-Ort.czi,old,gal,upper
16,21.0,93.57142857142857,1965.0,F656_ARC _B3_slice8-Ort.czi,old,gal,upper
17,4.0,137.5,550.0,F656_ARC _B3_slice8-Ort.czi,old,gal,upper
18,1.0,85.0,85.0,F656_ARC _B3_slice8-Ort.czi,old,gal,upper
19,84.0,159.5952380952381,13406.0,F656_ARC _B3_slice8-Ort.czi,old,gal,upper
20,53.0,167.73584905660377,8890.0,F656_ARC _B3_slice8-Ort.czi,old,gal,upper
21,141.0,182.20567375886526,25691.0,F656_ARC _B3_slice8-Ort.czi,old,gal,upper
22,8.0,157.5,1260.0,F656_ARC _B3_slice8-Ort.czi,old,gal,upper
23,60.0,180.91666666666666,10855.0,F656_ARC _B3_slice8-Ort.czi,old,gal,upper
24,84.0,135.35714285714286,11370.0,F656_ARC _B3_slice8-Ort.czi,old,gal,upper
25,230.0,149.7086956521739,34433.0,F656_ARC _B3_slice8-Ort.czi,old,gal,upper
26,9.0,143.66666666666666,1293.0,F656_ARC _B3_slice8-Ort.czi,old,gal,upper
27,38.0,169.47368421052633,6440.000000000001,F656_ARC _B3_slice8-Ort.czi,old,gal,upper
28,65.0,147.2153846153846,9569.0,F656_ARC _B3_slice8-Ort.czi,old,gal,upper
29,46.0,149.6086956521739,6882.0,F656_ARC _B3_slice8-Ort.czi,old,gal,upper
30,99.0,157.73737373737373,15616.0,F656_ARC _B3_slice8-Ort.czi,old,gal,upper
31,48.0,164.97916666666666,7919.0,F656_ARC _B3_slice8-Ort.czi,old,gal,upper
32,6.0,122.5,735.0,F656_ARC _B3_slice8-Ort.czi,old,gal,upper
33,75.0,149.98666666666668,11249.0,F656_ARC _B3_slice8-Ort.czi,old,gal,upper
34,16.0,131.8125,2109.0,F656_ARC _B3_slice8-Ort.czi,old,gal,upper
35,5.0,99.2,496.0,F656_ARC _B3_slice8-Ort.czi,old,gal,upper
36,43.0,203.30232558139534,8742.0,F656_ARC _B3_slice8-Ort.czi,old,gal,upper
37,33.0,105.60606060606061,3485.0,F656_ARC _B3_slice8-Ort.czi,old,gal,upper
38,42.0,149.4047619047619,6275.0,F656_ARC _B3_slice8-Ort.czi,old,gal,upper
39,18.0,158.27777777777777,2849.0,F656_ARC _B3_slice8-Ort.czi,old,gal,upper
40,75.0,177.30666666666667,13298.0,F656_ARC _B3_slice8-Ort.czi,old,gal,upper
41,39.0,134.97435897435898,5264.0,F656_ARC _B3_slice8-Ort.czi,old,gal,upper
42,79.0,201.45569620253164,15915.0,F656_ARC _B3_slice8-Ort.czi,old,gal,upper
43,2.0,100.5,201.0,F656_ARC _B3_slice8-Ort.czi,old,gal,upper
44,6.0,144.66666666666666,868.0,F656_ARC _B3_slice8-Ort.czi,old,gal,upper
45,2.0,118.5,237.0,F656_ARC _B3_slice8-Ort.czi,old,gal,upper
46,26.0,160.69230769230768,4178.0,F656_ARC _B3_slice8-Ort.czi,old,gal,upper
47,3.0,97.66666666666667,293.0,F656_ARC _B3_slice8-Ort.czi,old,gal,upper
48,19.0,171.68421052631578,3262.0,F656_ARC _B3_slice8-Ort.czi,old,gal,upper
49,2.0,110.0,220.0,F656_ARC _B3_slice8-Ort.czi,old,gal,upper
50,30.0,160.23333333333332,4807.0,F656_ARC _B3_slice8-Ort.czi,old,gal,upper
51,51.0,156.4313725490196,7978.0,F656_ARC _B3_slice8-Ort.czi,old,gal,upper
52,9.0,94.44444444444444,850.0,F656_ARC _B3_slice8-Ort.czi,old,gal,upper
53,14.0,136.71428571428572,1914.0,F656_ARC _B3_slice8-Ort.czi,old,gal,upper
54,56.0,155.17857142857142,8690.0,F656_ARC _B3_slice8-Ort.czi,old,gal,upper
55,111.0,193.05405405405406,21429.0,F656_ARC _B3_slice8-Ort.czi,old,gal,upper
56,32.0,185.21875,5927.0,F656_ARC _B3_slice8-Ort.czi,old,gal,upper
57,16.0,137.5625,2201.0,F656_ARC _B3_slice8-Ort.czi,old,gal,upper
58,1.0,156.0,156.0,F656_ARC _B3_slice8-Ort.czi,old,gal,upper
59,30.0,203.03333333333333,6091.0,F656_ARC _B3_slice8-Ort.czi,old,gal,upper
60,42.0,135.73809523809524,5701.0,F656_ARC _B3_slice8-Ort.czi,old,gal,upper
61,6.0,95.0,570.0,F656_ARC _B3_slice8-Ort.czi,old,gal,upper
62,2.0,101.5,203.0,F656_ARC _B3_slice8-Ort.czi,old,gal,upper
63,7.0,136.85714285714286,958.0,F656_ARC _B3_slice8-Ort.czi,old,gal,upper
64,1.0,255.0,255.0,F656_ARC _B3_slice8-Ort.czi,old,gal,upper
65,27.0,170.77777777777777,4611.0,F656_ARC _B3_slice8-Ort.czi,old,gal,upper
66,8.0,104.5,836.0,F656_ARC _B3_slice8-Ort.czi,old,gal,upper
67,4.0,93.75,375.0,F656_ARC _B3_slice8-Ort.czi,old,gal,upper
68,56.0,154.10714285714286,8630.0,F656_ARC _B3_slice8-Ort.czi,old,gal,upper
69,22.0,157.0909090909091,3456.0,F656_ARC _B3_slice8-Ort.czi,old,gal,upper
70,40.0,121.45,4858.0,F656_ARC _B3_slice8-Ort.czi,old,gal,upper
71,5.0,147.4,737.0,F656_ARC _B3_slice8-Ort.czi,old,gal,upper
72,32.0,224.21875,7175.0,F656_ARC _B3_slice8-Ort.czi,old,gal,upper
73,51.0,137.13725490196077,6993.999999999999,F656_ARC _B3_slice8-Ort.czi,old,gal,upper
74,42.0,135.42857142857142,5687.999999999999,F656_ARC _B3_slice8-Ort.czi,old,gal,upper
75,25.0,122.56,3064.0,F656_ARC _B3_slice8-Ort.czi,old,gal,upper
76,6.0,174.33333333333334,1046.0,F656_ARC _B3_slice8-Ort.czi,old,gal,upper
77,17.0,126.23529411764706,2146.0,F656_ARC _B3_slice8-Ort.czi,old,gal,upper
78,112.0,158.91964285714286,17799.0,F656_ARC _B3_slice8-Ort.czi,old,gal,upper
79,4.0,85.25,341.0,F656_ARC _B3_slice8-Ort.czi,old,gal,upper
80,117.0,204.4102564102564,23916.0,F656_ARC _B3_slice8-Ort.czi,old,gal,upper
81,48.0,167.29166666666666,8030.0,F656_ARC _B3_slice8-Ort.czi,old,gal,upper
82,138.0,167.84782608695653,23163.0,F656_ARC _B3_slice8-Ort.czi,old,gal,upper
83,119.0,178.6890756302521,21264.0,F656_ARC _B3_slice8-Ort.czi,old,gal,upper
84,49.0,188.6326530612245,9243.0,F656_ARC _B3_slice8-Ort.czi,old,gal,upper
85,5.0,118.4,592.0,F656_ARC _B3_slice8-Ort.czi,old,gal,upper
86,69.0,161.71014492753622,11158.0,F656_ARC _B3_slice8-Ort.czi,old,gal,upper
87,161.0,172.9937888198758,27852.000000000004,F656_ARC _B3_slice8-Ort.czi,old,gal,upper
88,30.0,169.03333333333333,5071.0,F656_ARC _B3_slice8-Ort.czi,old,gal,upper
89,98.0,168.08163265306123,16472.0,F656_ARC _B3_slice8-Ort.czi,old,gal,upper
90,19.0,133.31578947368422,2533.0,F656_ARC _B3_slice8-Ort.czi,old,gal,upper
91,67.0,187.4179104477612,12557.0,F656_ARC _B3_slice8-Ort.czi,old,gal,upper
92,88.0,152.4318181818182,13414.0,F656_ARC _B3_slice8-Ort.czi,old,gal,upper
93,51.0,124.90196078431373,6370.0,F656_ARC _B3_slice8-Ort.czi,old,gal,upper
94,60.0,188.31666666666666,11299.0,F656_ARC _B3_slice8-Ort.czi,old,gal,upper
95,87.0,204.6206896551724,17802.0,F656_ARC _B3_slice8-Ort.czi,old,gal,upper
96,55.0,119.36363636363636,6565.0,F656_ARC _B3_slice8-Ort.czi,old,gal,upper
97,110.0,151.15454545454546,16627.0,F656_ARC _B3_slice8-Ort.czi,old,gal,upper
98,157.0,136.10191082802547,21368.0,F656_ARC _B3_slice8-Ort.czi,old,gal,upper
99,111.0,211.34234234234233,23459.0,F656_ARC _B3_slice8-Ort.czi,old,gal,upper
100,109.0,203.58715596330276,22191.0,F656_ARC _B3_slice8-Ort.czi,old,gal,upper
101,39.0,141.0,5499.0,F656_ARC _B3_slice8-Ort.czi,old,gal,upper
102,26.0,164.26923076923077,4271.0,F656_ARC _B3_slice8-Ort.czi,old,gal,upper
103,95.0,169.49473684210525,16102.0,F656_ARC _B3_slice8-Ort.czi,old,gal,upper
104,43.0,167.86046511627907,7218.0,F656_ARC _B3_slice8-Ort.czi,old,gal,upper
105,16.0,158.125,2530.0,F656_ARC _B3_slice8-Ort.czi,old,gal,upper
106,7.0,132.42857142857142,926.9999999999999,F656_ARC _B3_slice8-Ort.czi,old,gal,upper
107,10.0,135.7,1357.0,F656_ARC _B3_slice8-Ort.czi,old,gal,upper
108,122.0,203.58196721311475,24837.0,F656_ARC _B3_slice8-Ort.czi,old,gal,upper
109,14.0,158.85714285714286,2224.0,F656_ARC _B3_slice8-Ort.czi,old,gal,upper
110,40.0,151.325,6053.0,F656_ARC _B3_slice8-Ort.czi,old,gal,upper
111,12.0,130.16666666666666,1562.0,F656_ARC _B3_slice8-Ort.czi,old,gal,upper
112,20.0,149.05,2981.0,F656_ARC _B3_slice8-Ort.czi,old,gal,upper
113,31.0,153.80645161290323,4768.0,F656_ARC _B3_slice8-Ort.czi,old,gal,upper
114,7.0,193.28571428571428,1353.0,F656_ARC _B3_slice8-Ort.czi,old,gal,upper
115,41.0,163.41463414634146,6700.0,F656_ARC _B3_slice8-Ort.czi,old,gal,upper
116,152.0,211.13815789473685,32093.0,F656_ARC _B3_slice8-Ort.czi,old,gal,upper
117,13.0,113.3076923076923,1473.0,F656_ARC _B3_slice8-Ort.czi,old,gal,upper
118,105.0,146.4857142857143,15381.000000000002,F656_ARC _B3_slice8-Ort.czi,old,gal,upper
119,1.0,57.0,57.0,F656_ARC _B3_slice8-Ort.czi,old,gal,upper
120,5.0,171.4,857.0,F656_ARC _B3_slice8-Ort.czi,old,gal,upper
121,66.0,181.25757575757575,11963.0,F656_ARC _B3_slice8-Ort.czi,old,gal,upper
122,16.0,170.0,2720.0,F656_ARC _B3_slice8-Ort.czi,old,gal,upper
123,29.0,193.79310344827587,5620.0,F656_ARC _B3_slice8-Ort.czi,old,gal,upper
124,59.0,194.64406779661016,11484.0,F656_ARC _B3_slice8-Ort.czi,old,gal,upper
125,1.0,122.0,122.0,F656_ARC _B3_slice8-Ort.czi,old,gal,upper
126,10.0,132.8,1328.0,F656_ARC _B3_slice8-Ort.czi,old,gal,upper
127,5.0,111.8,559.0,F656_ARC _B3_slice8-Ort.czi,old,gal,upper
128,2.0,197.5,395.0,F656_ARC _B3_slice8-Ort.czi,old,gal,upper
129,4.0,120.25,481.0,F656_ARC _B3_slice8-Ort.czi,old,gal,upper
130,48.0,196.625,9438.0,F656_ARC _B3_slice8-Ort.czi,old,gal,upper
131,6.0,131.5,789.0,F656_ARC _B3_slice8-Ort.czi,old,gal,upper
132,4.0,130.5,522.0,F656_ARC _B3_slice8-Ort.czi,old,gal,upper
133,1.0,137.0,137.0,F656_ARC _B3_slice8-Ort.czi,old,gal,upper
134,95.0,198.17894736842106,18827.0,F656_ARC _B3_slice8-Ort.czi,old,gal,upper
135,12.0,132.25,1587.0,F656_ARC _B3_slice8-Ort.czi,old,gal,upper
136,87.0,174.94252873563218,15220.0,F656_ARC _B3_slice8-Ort.czi,old,gal,upper
137,133.0,158.00751879699249,21015.0,F656_ARC _B3_slice8-Ort.czi,old,gal,upper
138,60.0,132.83333333333334,7970.000000000001,F656_ARC _B3_slice8-Ort.czi,old,gal,upper
139,11.0,99.45454545454545,1094.0,F656_ARC _B3_slice8-Ort.czi,old,gal,upper
140,35.0,150.4,5264.0,F656_ARC _B3_slice8-Ort.czi,old,gal,upper
141,97.0,179.42268041237114,17404.0,F656_ARC _B3_slice8-Ort.czi,old,gal,upper
142,6.0,126.16666666666667,757.0,F656_ARC _B3_slice8-Ort.czi,old,gal,upper
143,46.0,171.6086956521739,7894.0,F656_ARC _B3_slice8-Ort.czi,old,gal,upper
144,50.0,167.14,8357.0,F656_ARC _B3_slice8-Ort.czi,old,gal,upper
145,4.0,171.75,687.0,F656_ARC _B3_slice8-Ort.czi,old,gal,upper
146,97.0,212.4020618556701,20603.0,F656_ARC _B3_slice8-Ort.czi,old,gal,upper
147,24.0,137.58333333333334,3302.0,F656_ARC _B3_slice8-Ort.czi,old,gal,upper
148,21.0,208.0952380952381,4370.0,F656_ARC _B3_slice8-Ort.czi,old,gal,upper
149,9.0,163.11111111111111,1468.0,F656_ARC _B3_slice8-Ort.czi,old,gal,upper
150,6.0,93.5,561.0,F656_ARC _B3_slice8-Ort.czi,old,gal,upper
151,16.0,185.3125,2965.0,F656_ARC _B3_slice8-Ort.czi,old,gal,upper
152,6.0,138.16666666666666,829.0,F656_ARC _B3_slice8-Ort.czi,old,gal,upper
153,52.0,170.92307692307693,8888.0,F656_ARC _B3_slice8-Ort.czi,old,gal,upper
154,12.0,137.08333333333334,1645.0,F656_ARC _B3_slice8-Ort.czi,old,gal,upper
155,31.0,154.1290322580645,4778.0,F656_ARC _B3_slice8-Ort.czi,old,gal,upper
156,16.0,108.1875,1731.0,F656_ARC _B3_slice8-Ort.czi,old,gal,upper
1,94.0,234.35106382978722,22029.0,B482_ARC _B3_slice7-Ort.czi,old,gal,upper
2,75.0,221.72,16629.0,B482_ARC _B3_slice7-Ort.czi,old,gal,upper
3,26.0,185.03846153846155,4811.0,B482_ARC _B3_slice7-Ort.czi,old,gal,upper
4,58.0,192.91379310344828,11189.0,B482_ARC _B3_slice7-Ort.czi,old,gal,upper
5,1.0,218.0,218.0,B482_ARC _B3_slice7-Ort.czi,old,gal,upper
6,291.0,218.340206185567,63537.0,B482_ARC _B3_slice7-Ort.czi,old,gal,upper
7,5.0,146.6,733.0,B482_ARC _B3_slice7-Ort.czi,old,gal,upper
8,27.0,185.4814814814815,5008.0,B482_ARC _B3_slice7-Ort.czi,old,gal,upper
9,54.0,186.5185185185185,10072.0,B482_ARC _B3_slice7-Ort.czi,old,gal,upper
10,76.0,218.26315789473685,16588.0,B482_ARC _B3_slice7-Ort.czi,old,gal,upper
11,13.0,191.30769230769232,2487.0,B482_ARC _B3_slice7-Ort.czi,old,gal,upper
12,51.0,215.6078431372549,10996.0,B482_ARC _B3_slice7-Ort.czi,old,gal,upper
13,76.0,236.43421052631578,17969.0,B482_ARC _B3_slice7-Ort.czi,old,gal,upper
14,124.0,206.33064516129033,25585.0,B482_ARC _B3_slice7-Ort.czi,old,gal,upper
15,20.0,158.6,3172.0,B482_ARC _B3_slice7-Ort.czi,old,gal,upper
16,63.0,162.26984126984127,10223.0,B482_ARC _B3_slice7-Ort.czi,old,gal,upper
17,91.0,220.56043956043956,20071.0,B482_ARC _B3_slice7-Ort.czi,old,gal,upper
18,78.0,225.0897435897436,17557.0,B482_ARC _B3_slice7-Ort.czi,old,gal,upper
19,5.0,185.4,927.0,B482_ARC _B3_slice7-Ort.czi,old,gal,upper
20,26.0,170.6153846153846,4436.0,B482_ARC _B3_slice7-Ort.czi,old,gal,upper
21,99.0,232.8181818181818,23049.0,B482_ARC _B3_slice7-Ort.czi,old,gal,upper
22,41.0,182.0487804878049,7464.000000000001,B482_ARC _B3_slice7-Ort.czi,old,gal,upper
23,174.0,230.20114942528735,40055.0,B482_ARC _B3_slice7-Ort.czi,old,gal,upper
24,28.0,147.25,4123.0,B482_ARC _B3_slice7-Ort.czi,old,gal,upper
25,21.0,193.23809523809524,4058.0,B482_ARC _B3_slice7-Ort.czi,old,gal,upper
26,59.0,229.66101694915255,13550.0,B482_ARC _B3_slice7-Ort.czi,old,gal,upper
27,33.0,200.21212121212122,6607.0,B482_ARC _B3_slice7-Ort.czi,old,gal,upper
28,26.0,177.53846153846155,4616.0,B482_ARC _B3_slice7-Ort.czi,old,gal,upper
29,6.0,222.66666666666666,1336.0,B482_ARC _B3_slice7-Ort.czi,old,gal,upper
30,1.0,53.0,53.0,B482_ARC _B3_slice7-Ort.czi,old,gal,upper
31,46.0,221.41304347826087,10185.0,B482_ARC _B3_slice7-Ort.czi,old,gal,upper
32,66.0,234.1060606060606,15451.0,B482_ARC _B3_slice7-Ort.czi,old,gal,upper
33,6.0,175.33333333333334,1052.0,B482_ARC _B3_slice7-Ort.czi,old,gal,upper
34,46.0,214.5,9867.0,B482_ARC _B3_slice7-Ort.czi,old,gal,upper
35,21.0,173.0952380952381,3635.0,B482_ARC _B3_slice7-Ort.czi,old,gal,upper
36,105.0,201.23809523809524,21130.0,B482_ARC _B3_slice7-Ort.czi,old,gal,upper
37,114.0,222.4561403508772,25360.0,B482_ARC _B3_slice7-Ort.czi,old,gal,upper
38,38.0,243.6578947368421,9259.0,B482_ARC _B3_slice7-Ort.czi,old,gal,upper
39,42.0,161.85714285714286,6798.0,B482_ARC _B3_slice7-Ort.czi,old,gal,upper
40,15.0,191.4,2871.0,B482_ARC _B3_slice7-Ort.czi,old,gal,upper
41,65.0,214.47692307692307,13941.0,B482_ARC _B3_slice7-Ort.czi,old,gal,upper
42,57.0,169.2280701754386,9646.0,B482_ARC _B3_slice7-Ort.czi,old,gal,upper
43,16.0,188.125,3010.0,B482_ARC _B3_slice7-Ort.czi,old,gal,upper
44,18.0,209.88888888888889,3778.0,B482_ARC _B3_slice7-Ort.czi,old,gal,upper
45,10.0,208.6,2086.0,B482_ARC _B3_slice7-Ort.czi,old,gal,upper
46,22.0,165.0909090909091,3632.0,B482_ARC _B3_slice7-Ort.czi,old,gal,upper
47,28.0,220.28571428571428,6168.0,B482_ARC _B3_slice7-Ort.czi,old,gal,upper
48,123.0,189.390243902439,23295.0,B482_ARC _B3_slice7-Ort.czi,old,gal,upper
49,216.0,229.31944444444446,49533.0,B482_ARC _B3_slice7-Ort.czi,old,gal,upper
50,86.0,202.7674418604651,17438.0,B482_ARC _B3_slice7-Ort.czi,old,gal,upper
51,1.0,177.0,177.0,B482_ARC _B3_slice7-Ort.czi,old,gal,upper
52,119.0,211.1764705882353,25130.0,B482_ARC _B3_slice7-Ort.czi,old,gal,upper
53,62.0,182.24193548387098,11299.0,B482_ARC _B3_slice7-Ort.czi,old,gal,upper
54,78.0,212.26923076923077,16557.0,B482_ARC _B3_slice7-Ort.czi,old,gal,upper
55,19.0,175.68421052631578,3338.0,B482_ARC _B3_slice7-Ort.czi,old,gal,upper
56,12.0,155.75,1869.0,B482_ARC _B3_slice7-Ort.czi,old,gal,upper
57,132.0,190.1439393939394,25099.0,B482_ARC _B3_slice7-Ort.czi,old,gal,upper
58,151.0,225.7019867549669,34081.0,B482_ARC _B3_slice7-Ort.czi,old,gal,upper
59,15.0,203.73333333333332,3056.0,B482_ARC _B3_slice7-Ort.czi,old,gal,upper
60,30.0,185.2,5556.0,B482_ARC _B3_slice7-Ort.czi,old,gal,upper
61,18.0,180.11111111111111,3242.0,B482_ARC _B3_slice7-Ort.czi,old,gal,upper
62,25.0,186.96,4674.0,B482_ARC _B3_slice7-Ort.czi,old,gal,upper
63,16.0,158.75,2540.0,B482_ARC _B3_slice7-Ort.czi,old,gal,upper
64,172.0,230.3139534883721,39614.0,B482_ARC _B3_slice7-Ort.czi,old,gal,upper
65,57.0,216.17543859649123,12322.0,B482_ARC _B3_slice7-Ort.czi,old,gal,upper
66,83.0,228.65060240963857,18978.0,B482_ARC _B3_slice7-Ort.czi,old,gal,upper
67,157.0,206.52866242038218,32425.0,B482_ARC _B3_slice7-Ort.czi,old,gal,upper
68,1.0,222.0,222.0,B482_ARC _B3_slice7-Ort.czi,old,gal,upper
69,35.0,167.71428571428572,5870.0,B482_ARC _B3_slice7-Ort.czi,old,gal,upper
70,40.0,192.225,7689.0,B482_ARC _B3_slice7-Ort.czi,old,gal,upper
71,50.0,216.92,10846.0,B482_ARC _B3_slice7-Ort.czi,old,gal,upper
72,7.0,237.57142857142858,1663.0,B482_ARC _B3_slice7-Ort.czi,old,gal,upper
73,5.0,229.0,1145.0,B482_ARC _B3_slice7-Ort.czi,old,gal,upper
74,30.0,170.13333333333333,5104.0,B482_ARC _B3_slice7-Ort.czi,old,gal,upper
75,79.0,206.44303797468353,16309.0,B482_ARC _B3_slice7-Ort.czi,old,gal,upper
76,1.0,100.0,100.0,B482_ARC _B3_slice7-Ort.czi,old,gal,upper
77,56.0,236.16071428571428,13225.0,B482_ARC _B3_slice7-Ort.czi,old,gal,upper
78,58.0,200.67241379310346,11639.0,B482_ARC _B3_slice7-Ort.czi,old,gal,upper
79,91.0,200.35164835164835,18232.0,B482_ARC _B3_slice7-Ort.czi,old,gal,upper
80,8.0,200.0,1600.0,B482_ARC _B3_slice7-Ort.czi,old,gal,upper
81,28.0,179.03571428571428,5013.0,B482_ARC _B3_slice7-Ort.czi,old,gal,upper
82,60.0,185.26666666666668,11116.0,B482_ARC _B3_slice7-Ort.czi,old,gal,upper
83,62.0,217.83870967741936,13506.0,B482_ARC _B3_slice7-Ort.czi,old,gal,upper
84,21.0,182.57142857142858,3834.0000000000005,B482_ARC _B3_slice7-Ort.czi,old,gal,upper
85,20.0,119.3,2386.0,B482_ARC _B3_slice7-Ort.czi,old,gal,upper
86,15.0,176.66666666666666,2650.0,B482_ARC _B3_slice7-Ort.czi,old,gal,upper
87,13.0,127.23076923076923,1654.0,B482_ARC _B3_slice7-Ort.czi,old,gal,upper
88,79.0,200.46835443037975,15837.0,B482_ARC _B3_slice7-Ort.czi,old,gal,upper
89,11.0,227.72727272727272,2505.0,B482_ARC _B3_slice7-Ort.czi,old,gal,upper
90,164.0,220.5670731707317,36173.0,B482_ARC _B3_slice7-Ort.czi,old,gal,upper
91,61.0,182.34426229508196,11123.0,B482_ARC _B3_slice7-Ort.czi,old,gal,upper
92,20.0,190.5,3810.0,B482_ARC _B3_slice7-Ort.czi,old,gal,upper
93,39.0,193.05128205128204,7529.0,B482_ARC _B3_slice7-Ort.czi,old,gal,upper
94,1.0,176.0,176.0,B482_ARC _B3_slice7-Ort.czi,old,gal,upper
95,19.0,189.3684210526316,3598.0,B482_ARC _B3_slice7-Ort.czi,old,gal,upper
96,22.0,229.72727272727272,5054.0,B482_ARC _B3_slice7-Ort.czi,old,gal,upper
97,91.0,210.67032967032966,19171.0,B482_ARC _B3_slice7-Ort.czi,old,gal,upper
98,2.0,99.0,198.0,B482_ARC _B3_slice7-Ort.czi,old,gal,upper
99,1.0,80.0,80.0,B482_ARC _B3_slice7-Ort.czi,old,gal,upper
100,28.0,159.53571428571428,4467.0,B482_ARC _B3_slice7-Ort.czi,old,gal,upper
101,69.0,185.14492753623188,12775.0,B482_ARC _B3_slice7-Ort.czi,old,gal,upper
102,74.0,165.36486486486487,12237.0,B482_ARC _B3_slice7-Ort.czi,old,gal,upper
103,12.0,182.75,2193.0,B482_ARC _B3_slice7-Ort.czi,old,gal,upper
104,19.0,166.73684210526315,3168.0,B482_ARC _B3_slice7-Ort.czi,old,gal,upper
105,1.0,255.0,255.0,B482_ARC _B3_slice7-Ort.czi,old,gal,upper
106,4.0,131.25,525.0,B482_ARC _B3_slice7-Ort.czi,old,gal,upper
107,145.0,210.5103448275862,30524.0,B482_ARC _B3_slice7-Ort.czi,old,gal,upper
108,82.0,205.73170731707316,16870.0,B482_ARC _B3_slice7-Ort.czi,old,gal,upper
109,112.0,234.3125,26243.0,B482_ARC _B3_slice7-Ort.czi,old,gal,upper
110,76.0,157.71052631578948,11986.0,B482_ARC _B3_slice7-Ort.czi,old,gal,upper
111,20.0,204.15,4083.0,B482_ARC _B3_slice7-Ort.czi,old,gal,upper
112,75.0,208.32,15624.0,B482_ARC _B3_slice7-Ort.czi,old,gal,upper
113,78.0,169.62820512820514,13231.0,B482_ARC _B3_slice7-Ort.czi,old,gal,upper
114,52.0,192.46153846153845,10008.0,B482_ARC _B3_slice7-Ort.czi,old,gal,upper
115,18.0,191.61111111111111,3449.0,B482_ARC _B3_slice7-Ort.czi,old,gal,upper
116,33.0,173.45454545454547,5724.0,B482_ARC _B3_slice7-Ort.czi,old,gal,upper
117,38.0,140.42105263157896,5336.0,B482_ARC _B3_slice7-Ort.czi,old,gal,upper
118,7.0,129.28571428571428,905.0,B482_ARC _B3_slice7-Ort.czi,old,gal,upper
119,28.0,176.17857142857142,4933.0,B482_ARC _B3_slice7-Ort.czi,old,gal,upper
120,35.0,135.9142857142857,4757.0,B482_ARC _B3_slice7-Ort.czi,old,gal,upper
121,111.0,208.15315315315314,23105.0,B482_ARC _B3_slice7-Ort.czi,old,gal,upper
122,96.0,180.69791666666666,17347.0,B482_ARC _B3_slice7-Ort.czi,old,gal,upper
123,45.0,181.62222222222223,8173.000000000001,B482_ARC _B3_slice7-Ort.czi,old,gal,upper
124,65.0,193.26153846153846,12562.0,B482_ARC _B3_slice7-Ort.czi,old,gal,upper
125,10.0,129.0,1290.0,B482_ARC _B3_slice7-Ort.czi,old,gal,upper
126,9.0,173.11111111111111,1558.0,B482_ARC _B3_slice7-Ort.czi,old,gal,upper
127,9.0,240.44444444444446,2164.0,B482_ARC _B3_slice7-Ort.czi,old,gal,upper
128,57.0,208.56140350877192,11888.0,B482_ARC _B3_slice7-Ort.czi,old,gal,upper
129,84.0,236.11904761904762,19834.0,B482_ARC _B3_slice7-Ort.czi,old,gal,upper
130,49.0,212.24489795918367,10400.0,B482_ARC _B3_slice7-Ort.czi,old,gal,upper
131,40.0,187.925,7517.0,B482_ARC _B3_slice7-Ort.czi,old,gal,upper
132,8.0,149.25,1194.0,B482_ARC _B3_slice7-Ort.czi,old,gal,upper
133,10.0,216.2,2162.0,B482_ARC _B3_slice7-Ort.czi,old,gal,upper
134,5.0,139.8,699.0,B482_ARC _B3_slice7-Ort.czi,old,gal,upper
135,17.0,177.41176470588235,3016.0,B482_ARC _B3_slice7-Ort.czi,old,gal,upper
136,15.0,223.93333333333334,3359.0,B482_ARC _B3_slice7-Ort.czi,old,gal,upper
137,38.0,220.44736842105263,8377.0,B482_ARC _B3_slice7-Ort.czi,old,gal,upper
138,31.0,209.96774193548387,6509.0,B482_ARC _B3_slice7-Ort.czi,old,gal,upper
139,52.0,143.51923076923077,7463.0,B482_ARC _B3_slice7-Ort.czi,old,gal,upper
140,71.0,181.4788732394366,12885.0,B482_ARC _B3_slice7-Ort.czi,old,gal,upper
141,1.0,255.0,255.0,B482_ARC _B3_slice7-Ort.czi,old,gal,upper
142,27.0,155.66666666666666,4203.0,B482_ARC _B3_slice7-Ort.czi,old,gal,upper
143,28.0,154.32142857142858,4321.0,B482_ARC _B3_slice7-Ort.czi,old,gal,upper
144,20.0,157.35,3147.0,B482_ARC _B3_slice7-Ort.czi,old,gal,upper
145,17.0,138.05882352941177,2347.0,B482_ARC _B3_slice7-Ort.czi,old,gal,upper
146,101.0,224.6039603960396,22685.0,B482_ARC _B3_slice7-Ort.czi,old,gal,upper
147,47.0,215.10638297872342,10110.0,B482_ARC _B3_slice7-Ort.czi,old,gal,upper
148,2.0,116.0,232.0,B482_ARC _B3_slice7-Ort.czi,old,gal,upper
149,24.0,191.08333333333334,4586.0,B482_ARC _B3_slice7-Ort.czi,old,gal,upper
150,26.0,179.23076923076923,4660.0,B482_ARC _B3_slice7-Ort.czi,old,gal,upper
151,20.0,191.9,3838.0,B482_ARC _B3_slice7-Ort.czi,old,gal,upper
152,25.0,154.88,3872.0,B482_ARC _B3_slice7-Ort.czi,old,gal,upper
153,43.0,171.1860465116279,7360.999999999999,B482_ARC _B3_slice7-Ort.czi,old,gal,upper
154,63.0,173.46031746031747,10928.0,B482_ARC _B3_slice7-Ort.czi,old,gal,upper
155,25.0,194.92,4873.0,B482_ARC _B3_slice7-Ort.czi,old,gal,upper
156,24.0,156.625,3759.0,B482_ARC _B3_slice7-Ort.czi,old,gal,upper
157,14.0,179.64285714285714,2515.0,B482_ARC _B3_slice7-Ort.czi,old,gal,upper
158,63.0,169.52380952380952,10680.0,B482_ARC _B3_slice7-Ort.czi,old,gal,upper
159,3.0,138.66666666666666,416.0,B482_ARC _B3_slice7-Ort.czi,old,gal,upper
160,5.0,196.2,981.0,B482_ARC _B3_slice7-Ort.czi,old,gal,upper
161,20.0,175.55,3511.0,B482_ARC _B3_slice7-Ort.czi,old,gal,upper
162,5.0,140.2,701.0,B482_ARC _B3_slice7-Ort.czi,old,gal,upper
163,25.0,175.84,4396.0,B482_ARC _B3_slice7-Ort.czi,old,gal,upper
164,4.0,132.25,529.0,B482_ARC _B3_slice7-Ort.czi,old,gal,upper
165,26.0,156.30769230769232,4064.0000000000005,B482_ARC _B3_slice7-Ort.czi,old,gal,upper
166,70.0,198.77142857142857,13914.0,B482_ARC _B3_slice7-Ort.czi,old,gal,upper
167,20.0,158.1,3162.0,B482_ARC _B3_slice7-Ort.czi,old,gal,upper
168,5.0,162.4,812.0,B482_ARC _B3_slice7-Ort.czi,old,gal,upper
169,56.0,180.01785714285714,10081.0,B482_ARC _B3_slice7-Ort.czi,old,gal,upper
170,47.0,197.04255319148936,9261.0,B482_ARC _B3_slice7-Ort.czi,old,gal,upper
171,45.0,151.82222222222222,6832.0,B482_ARC _B3_slice7-Ort.czi,old,gal,upper
172,28.0,198.03571428571428,5545.0,B482_ARC _B3_slice7-Ort.czi,old,gal,upper
173,17.0,217.76470588235293,3702.0,B482_ARC _B3_slice7-Ort.czi,old,gal,upper
174,5.0,120.2,601.0,B482_ARC _B3_slice7-Ort.czi,old,gal,upper
175,85.0,230.09411764705882,19558.0,B482_ARC _B3_slice7-Ort.czi,old,gal,upper
176,1.0,87.0,87.0,B482_ARC _B3_slice7-Ort.czi,old,gal,upper
177,83.0,218.16867469879517,18108.0,B482_ARC _B3_slice7-Ort.czi,old,gal,upper
178,52.0,175.05769230769232,9103.0,B482_ARC _B3_slice7-Ort.czi,old,gal,upper
179,2.0,111.5,223.0,B482_ARC _B3_slice7-Ort.czi,old,gal,upper
180,2.0,72.0,144.0,B482_ARC _B3_slice7-Ort.czi,old,gal,upper
181,105.0,176.0857142857143,18489.0,B482_ARC _B3_slice7-Ort.czi,old,gal,upper
182,46.0,182.65217391304347,8402.0,B482_ARC _B3_slice7-Ort.czi,old,gal,upper
183,1.0,145.0,145.0,B482_ARC _B3_slice7-Ort.czi,old,gal,upper
184,46.0,179.7391304347826,8268.0,B482_ARC _B3_slice7-Ort.czi,old,gal,upper
185,71.0,211.66197183098592,15028.0,B482_ARC _B3_slice7-Ort.czi,old,gal,upper
186,26.0,206.15384615384616,5360.0,B482_ARC _B3_slice7-Ort.czi,old,gal,upper
187,38.0,213.6578947368421,8119.0,B482_ARC _B3_slice7-Ort.czi,old,gal,upper
188,211.0,234.8009478672986,49543.0,B482_ARC _B3_slice7-Ort.czi,old,gal,upper
189,8.0,180.375,1443.0,B482_ARC _B3_slice7-Ort.czi,old,gal,upper
190,45.0,219.51111111111112,9878.0,B482_ARC _B3_slice7-Ort.czi,old,gal,upper
191,69.0,194.56521739130434,13425.0,B482_ARC _B3_slice7-Ort.czi,old,gal,upper
192,32.0,192.625,6164.0,B482_ARC _B3_slice7-Ort.czi,old,gal,upper
193,36.0,223.5,8046.0,B482_ARC _B3_slice7-Ort.czi,old,gal,upper
194,6.0,167.16666666666666,1003.0,B482_ARC _B3_slice7-Ort.czi,old,gal,upper
195,5.0,132.2,661.0,B482_ARC _B3_slice7-Ort.czi,old,gal,upper
196,30.0,167.46666666666667,5024.0,B482_ARC _B3_slice7-Ort.czi,old,gal,upper
197,1.0,130.0,130.0,B482_ARC _B3_slice7-Ort.czi,old,gal,upper
198,11.0,202.0909090909091,2223.0,B482_ARC _B3_slice7-Ort.czi,old,gal,upper
199,39.0,225.94871794871796,8812.0,B482_ARC _B3_slice7-Ort.czi,old,gal,upper
200,13.0,189.92307692307693,2469.0,B482_ARC _B3_slice7-Ort.czi,old,gal,upper
201,37.0,220.02702702702703,8141.0,B482_ARC _B3_slice7-Ort.czi,old,gal,upper
202,4.0,146.5,586.0,B482_ARC _B3_slice7-Ort.czi,old,gal,upper
203,7.0,138.14285714285714,967.0,B482_ARC _B3_slice7-Ort.czi,old,gal,upper
204,57.0,217.24561403508773,12383.0,B482_ARC _B3_slice7-Ort.czi,old,gal,upper
205,13.0,171.69230769230768,2232.0,B482_ARC _B3_slice7-Ort.czi,old,gal,upper
206,30.0,183.5,5505.0,B482_ARC _B3_slice7-Ort.czi,old,gal,upper
207,9.0,126.66666666666667,1140.0,B482_ARC _B3_slice7-Ort.czi,old,gal,upper
208,32.0,152.15625,4869.0,B482_ARC _B3_slice7-Ort.czi,old,gal,upper
209,4.0,255.0,1020.0,B482_ARC _B3_slice7-Ort.czi,old,gal,upper
210,13.0,130.69230769230768,1698.9999999999998,B482_ARC _B3_slice7-Ort.czi,old,gal,upper
211,81.0,202.8641975308642,16432.0,B482_ARC _B3_slice7-Ort.czi,old,gal,upper
212,196.0,186.4234693877551,36539.0,B482_ARC _B3_slice7-Ort.czi,old,gal,upper
213,17.0,142.58823529411765,2424.0,B482_ARC _B3_slice7-Ort.czi,old,gal,upper
1,36.0,150.08333333333334,5403.0,F656_ARC _B3_slice4-Ort.czi,old,gal,upper
2,48.0,131.41666666666666,6308.0,F656_ARC _B3_slice4-Ort.czi,old,gal,upper
3,42.0,146.78571428571428,6165.0,F656_ARC _B3_slice4-Ort.czi,old,gal,upper
4,41.0,174.8780487804878,7170.0,F656_ARC _B3_slice4-Ort.czi,old,gal,upper
5,63.0,214.22222222222223,13496.0,F656_ARC _B3_slice4-Ort.czi,old,gal,upper
6,42.0,126.45238095238095,5311.0,F656_ARC _B3_slice4-Ort.czi,old,gal,upper
7,2.0,176.5,353.0,F656_ARC _B3_slice4-Ort.czi,old,gal,upper
8,54.0,134.59259259259258,7267.999999999999,F656_ARC _B3_slice4-Ort.czi,old,gal,upper
9,44.0,166.63636363636363,7332.0,F656_ARC _B3_slice4-Ort.czi,old,gal,upper
10,114.0,174.26315789473685,19866.0,F656_ARC _B3_slice4-Ort.czi,old,gal,upper
11,80.0,191.1375,15291.0,F656_ARC _B3_slice4-Ort.czi,old,gal,upper
12,69.0,164.04347826086956,11319.0,F656_ARC _B3_slice4-Ort.czi,old,gal,upper
13,9.0,140.22222222222223,1262.0,F656_ARC _B3_slice4-Ort.czi,old,gal,upper
1,189.0,222.32804232804233,42020.0,B465_ARC _C3_slice6-Ort.czi,old,gal,upper
2,145.0,216.49655172413793,31392.0,B465_ARC _C3_slice6-Ort.czi,old,gal,upper
3,4.0,134.5,538.0,B465_ARC _C3_slice6-Ort.czi,old,gal,upper
4,2.0,161.5,323.0,B465_ARC _C3_slice6-Ort.czi,old,gal,upper
5,105.0,204.37142857142857,21459.0,B465_ARC _C3_slice6-Ort.czi,old,gal,upper
6,101.0,194.31683168316832,19626.0,B465_ARC _C3_slice6-Ort.czi,old,gal,upper
7,420.0,226.07619047619048,94952.0,B465_ARC _C3_slice6-Ort.czi,old,gal,upper
8,11.0,152.9090909090909,1682.0,B465_ARC _C3_slice6-Ort.czi,old,gal,upper
9,96.0,230.70833333333334,22148.0,B465_ARC _C3_slice6-Ort.czi,old,gal,upper
10,43.0,169.90697674418604,7306.0,B465_ARC _C3_slice6-Ort.czi,old,gal,upper
11,18.0,165.66666666666666,2982.0,B465_ARC _C3_slice6-Ort.czi,old,gal,upper
12,351.0,186.2934472934473,65389.0,B465_ARC _C3_slice6-Ort.czi,old,gal,upper
13,37.0,210.75675675675674,7797.999999999999,B465_ARC _C3_slice6-Ort.czi,old,gal,upper
14,125.0,229.96,28745.0,B465_ARC _C3_slice6-Ort.czi,old,gal,upper
15,105.0,220.0,23100.0,B465_ARC _C3_slice6-Ort.czi,old,gal,upper
16,143.0,231.993006993007,33175.0,B465_ARC _C3_slice6-Ort.czi,old,gal,upper
17,207.0,208.40096618357487,43139.0,B465_ARC _C3_slice6-Ort.czi,old,gal,upper
18,138.0,198.05072463768116,27331.0,B465_ARC _C3_slice6-Ort.czi,old,gal,upper
19,91.0,203.07692307692307,18480.0,B465_ARC _C3_slice6-Ort.czi,old,gal,upper
20,45.0,174.44444444444446,7850.000000000001,B465_ARC _C3_slice6-Ort.czi,old,gal,upper
21,58.0,201.3793103448276,11680.0,B465_ARC _C3_slice6-Ort.czi,old,gal,upper
22,342.0,223.58479532163742,76466.0,B465_ARC _C3_slice6-Ort.czi,old,gal,upper
23,54.0,226.38888888888889,12225.0,B465_ARC _C3_slice6-Ort.czi,old,gal,upper
24,22.0,209.22727272727272,4603.0,B465_ARC _C3_slice6-Ort.czi,old,gal,upper
25,129.0,169.49612403100775,21865.0,B465_ARC _C3_slice6-Ort.czi,old,gal,upper
26,119.0,229.42016806722688,27301.0,B465_ARC _C3_slice6-Ort.czi,old,gal,upper
27,42.0,224.85714285714286,9444.0,B465_ARC _C3_slice6-Ort.czi,old,gal,upper
28,80.0,197.2625,15781.0,B465_ARC _C3_slice6-Ort.czi,old,gal,upper
29,137.0,223.26277372262774,30587.0,B465_ARC _C3_slice6-Ort.czi,old,gal,upper
30,71.0,170.9718309859155,12139.0,B465_ARC _C3_slice6-Ort.czi,old,gal,upper
31,239.0,231.32217573221757,55286.0,B465_ARC _C3_slice6-Ort.czi,old,gal,upper
32,10.0,162.5,1625.0,B465_ARC _C3_slice6-Ort.czi,old,gal,upper
33,14.0,214.78571428571428,3007.0,B465_ARC _C3_slice6-Ort.czi,old,gal,upper
34,13.0,141.69230769230768,1841.9999999999998,B465_ARC _C3_slice6-Ort.czi,old,gal,upper
35,22.0,171.1818181818182,3766.0,B465_ARC _C3_slice6-Ort.czi,old,gal,upper
36,146.0,205.24657534246575,29966.0,B465_ARC _C3_slice6-Ort.czi,old,gal,upper
37,47.0,194.14893617021278,9125.0,B465_ARC _C3_slice6-Ort.czi,old,gal,upper
38,13.0,215.0,2795.0,B465_ARC _C3_slice6-Ort.czi,old,gal,upper
39,191.0,237.8062827225131,45421.0,B465_ARC _C3_slice6-Ort.czi,old,gal,upper
40,111.0,232.44144144144144,25801.0,B465_ARC _C3_slice6-Ort.czi,old,gal,upper
41,348.0,232.93103448275863,81060.0,B465_ARC _C3_slice6-Ort.czi,old,gal,upper
42,16.0,141.875,2270.0,B465_ARC _C3_slice6-Ort.czi,old,gal,upper
43,38.0,182.07894736842104,6919.0,B465_ARC _C3_slice6-Ort.czi,old,gal,upper
44,93.0,221.94623655913978,20641.0,B465_ARC _C3_slice6-Ort.czi,old,gal,upper
45,4.0,182.75,731.0,B465_ARC _C3_slice6-Ort.czi,old,gal,upper
46,80.0,223.2625,17861.0,B465_ARC _C3_slice6-Ort.czi,old,gal,upper
47,21.0,180.28571428571428,3786.0,B465_ARC _C3_slice6-Ort.czi,old,gal,upper
48,136.0,214.16176470588235,29126.0,B465_ARC _C3_slice6-Ort.czi,old,gal,upper
49,51.0,180.72549019607843,9217.0,B465_ARC _C3_slice6-Ort.czi,old,gal,upper
50,4.0,147.0,588.0,B465_ARC _C3_slice6-Ort.czi,old,gal,upper
51,28.0,195.53571428571428,5475.0,B465_ARC _C3_slice6-Ort.czi,old,gal,upper
52,192.0,221.14583333333334,42460.0,B465_ARC _C3_slice6-Ort.czi,old,gal,upper
53,98.0,201.40816326530611,19738.0,B465_ARC _C3_slice6-Ort.czi,old,gal,upper
54,34.0,183.08823529411765,6225.0,B465_ARC _C3_slice6-Ort.czi,old,gal,upper
55,83.0,206.5421686746988,17143.0,B465_ARC _C3_slice6-Ort.czi,old,gal,upper
56,20.0,202.85,4057.0,B465_ARC _C3_slice6-Ort.czi,old,gal,upper
57,89.0,199.8988764044944,17791.0,B465_ARC _C3_slice6-Ort.czi,old,gal,upper
58,36.0,163.0,5868.0,B465_ARC _C3_slice6-Ort.czi,old,gal,upper
59,112.0,192.04464285714286,21509.0,B465_ARC _C3_slice6-Ort.czi,old,gal,upper
60,141.0,234.46099290780143,33059.0,B465_ARC _C3_slice6-Ort.czi,old,gal,upper
61,114.0,202.6578947368421,23103.0,B465_ARC _C3_slice6-Ort.czi,old,gal,upper
62,279.0,232.67741935483872,64917.0,B465_ARC _C3_slice6-Ort.czi,old,gal,upper
63,10.0,221.7,2217.0,B465_ARC _C3_slice6-Ort.czi,old,gal,upper
64,100.0,231.4,23140.0,B465_ARC _C3_slice6-Ort.czi,old,gal,upper
65,15.0,214.46666666666667,3217.0,B465_ARC _C3_slice6-Ort.czi,old,gal,upper
66,31.0,198.6451612903226,6158.0,B465_ARC _C3_slice6-Ort.czi,old,gal,upper
67,90.0,224.05555555555554,20165.0,B465_ARC _C3_slice6-Ort.czi,old,gal,upper
68,27.0,168.62962962962962,4553.0,B465_ARC _C3_slice6-Ort.czi,old,gal,upper
69,114.0,235.71052631578948,26871.0,B465_ARC _C3_slice6-Ort.czi,old,gal,upper
70,189.0,225.1904761904762,42561.0,B465_ARC _C3_slice6-Ort.czi,old,gal,upper
71,122.0,222.7704918032787,27178.0,B465_ARC _C3_slice6-Ort.czi,old,gal,upper
72,46.0,229.32608695652175,10549.0,B465_ARC _C3_slice6-Ort.czi,old,gal,upper
73,4.0,182.25,729.0,B465_ARC _C3_slice6-Ort.czi,old,gal,upper
74,45.0,184.35555555555555,8296.0,B465_ARC _C3_slice6-Ort.czi,old,gal,upper
75,4.0,129.5,518.0,B465_ARC _C3_slice6-Ort.czi,old,gal,upper
76,1.0,171.0,171.0,B465_ARC _C3_slice6-Ort.czi,old,gal,upper
77,98.0,210.37755102040816,20617.0,B465_ARC _C3_slice6-Ort.czi,old,gal,upper
78,11.0,141.1818181818182,1553.0,B465_ARC _C3_slice6-Ort.czi,old,gal,upper
79,83.0,170.32530120481928,14137.0,B465_ARC _C3_slice6-Ort.czi,old,gal,upper
80,100.0,202.11,20211.0,B465_ARC _C3_slice6-Ort.czi,old,gal,upper
81,51.0,220.92156862745097,11267.0,B465_ARC _C3_slice6-Ort.czi,old,gal,upper
82,34.0,176.73529411764707,6009.0,B465_ARC _C3_slice6-Ort.czi,old,gal,upper
83,5.0,227.2,1136.0,B465_ARC _C3_slice6-Ort.czi,old,gal,upper
84,48.0,175.75,8436.0,B465_ARC _C3_slice6-Ort.czi,old,gal,upper
85,8.0,154.625,1237.0,B465_ARC _C3_slice6-Ort.czi,old,gal,upper
86,11.0,191.45454545454547,2106.0,B465_ARC _C3_slice6-Ort.czi,old,gal,upper
87,447.0,233.33557046979865,104301.0,B465_ARC _C3_slice6-Ort.czi,old,gal,upper
88,61.0,191.9672131147541,11710.0,B465_ARC _C3_slice6-Ort.czi,old,gal,upper
89,82.0,224.15853658536585,18381.0,B465_ARC _C3_slice6-Ort.czi,old,gal,upper
90,112.0,235.625,26390.0,B465_ARC _C3_slice6-Ort.czi,old,gal,upper
91,109.0,237.60550458715596,25899.0,B465_ARC _C3_slice6-Ort.czi,old,gal,upper
92,109.0,227.67889908256882,24817.0,B465_ARC _C3_slice6-Ort.czi,old,gal,upper
93,62.0,236.46774193548387,14661.0,B465_ARC _C3_slice6-Ort.czi,old,gal,upper
94,85.0,208.03529411764706,17683.0,B465_ARC _C3_slice6-Ort.czi,old,gal,upper
95,59.0,196.3050847457627,11582.0,B465_ARC _C3_slice6-Ort.czi,old,gal,upper
96,96.0,239.07291666666666,22951.0,B465_ARC _C3_slice6-Ort.czi,old,gal,upper
97,32.0,181.53125,5809.0,B465_ARC _C3_slice6-Ort.czi,old,gal,upper
98,116.0,227.30172413793105,26367.0,B465_ARC _C3_slice6-Ort.czi,old,gal,upper
99,55.0,230.36363636363637,12670.0,B465_ARC _C3_slice6-Ort.czi,old,gal,upper
100,25.0,198.52,4963.0,B465_ARC _C3_slice6-Ort.czi,old,gal,upper
101,89.0,226.35955056179776,20146.0,B465_ARC _C3_slice6-Ort.czi,old,gal,upper
102,235.0,219.7063829787234,51631.0,B465_ARC _C3_slice6-Ort.czi,old,gal,upper
103,46.0,219.43478260869566,10094.0,B465_ARC _C3_slice6-Ort.czi,old,gal,upper
104,74.0,198.0810810810811,14658.000000000002,B465_ARC _C3_slice6-Ort.czi,old,gal,upper
105,111.0,221.47747747747746,24584.0,B465_ARC _C3_slice6-Ort.czi,old,gal,upper
106,207.0,223.3719806763285,46238.0,B465_ARC _C3_slice6-Ort.czi,old,gal,upper
107,102.0,214.0392156862745,21832.0,B465_ARC _C3_slice6-Ort.czi,old,gal,upper
108,119.0,227.4453781512605,27066.0,B465_ARC _C3_slice6-Ort.czi,old,gal,upper
109,23.0,179.30434782608697,4124.0,B465_ARC _C3_slice6-Ort.czi,old,gal,upper
110,42.0,195.26190476190476,8201.0,B465_ARC _C3_slice6-Ort.czi,old,gal,upper
111,18.0,232.5,4185.0,B465_ARC _C3_slice6-Ort.czi,old,gal,upper
112,2.0,225.0,450.0,B465_ARC _C3_slice6-Ort.czi,old,gal,upper
113,48.0,183.77083333333334,8821.0,B465_ARC _C3_slice6-Ort.czi,old,gal,upper
114,4.0,224.75,899.0,B465_ARC _C3_slice6-Ort.czi,old,gal,upper
115,136.0,183.59558823529412,24969.0,B465_ARC _C3_slice6-Ort.czi,old,gal,upper
116,2.0,183.0,366.0,B465_ARC _C3_slice6-Ort.czi,old,gal,upper
117,37.0,174.27027027027026,6448.0,B465_ARC _C3_slice6-Ort.czi,old,gal,upper
118,29.0,154.72413793103448,4487.0,B465_ARC _C3_slice6-Ort.czi,old,gal,upper
119,103.0,207.03883495145632,21325.0,B465_ARC _C3_slice6-Ort.czi,old,gal,upper
120,105.0,221.76190476190476,23285.0,B465_ARC _C3_slice6-Ort.czi,old,gal,upper
121,130.0,233.93076923076924,30411.0,B465_ARC _C3_slice6-Ort.czi,old,gal,upper
122,93.0,187.5268817204301,17440.0,B465_ARC _C3_slice6-Ort.czi,old,gal,upper
123,34.0,175.41176470588235,5964.0,B465_ARC _C3_slice6-Ort.czi,old,gal,upper
124,79.0,190.84810126582278,15077.0,B465_ARC _C3_slice6-Ort.czi,old,gal,upper
125,98.0,202.9795918367347,19892.0,B465_ARC _C3_slice6-Ort.czi,old,gal,upper
126,19.0,168.94736842105263,3210.0,B465_ARC _C3_slice6-Ort.czi,old,gal,upper
127,32.0,149.25,4776.0,B465_ARC _C3_slice6-Ort.czi,old,gal,upper
128,115.0,214.69565217391303,24690.0,B465_ARC _C3_slice6-Ort.czi,old,gal,upper
129,104.0,229.5096153846154,23869.0,B465_ARC _C3_slice6-Ort.czi,old,gal,upper
130,115.0,224.30434782608697,25795.0,B465_ARC _C3_slice6-Ort.czi,old,gal,upper
131,81.0,203.03703703703704,16446.0,B465_ARC _C3_slice6-Ort.czi,old,gal,upper
132,97.0,232.72164948453607,22574.0,B465_ARC _C3_slice6-Ort.czi,old,gal,upper
133,45.0,186.17777777777778,8378.0,B465_ARC _C3_slice6-Ort.czi,old,gal,upper
134,81.0,221.12345679012347,17911.0,B465_ARC _C3_slice6-Ort.czi,old,gal,upper
135,97.0,165.82474226804123,16085.0,B465_ARC _C3_slice6-Ort.czi,old,gal,upper
136,169.0,180.96449704142012,30583.0,B465_ARC _C3_slice6-Ort.czi,old,gal,upper
137,83.0,186.6144578313253,15489.0,B465_ARC _C3_slice6-Ort.czi,old,gal,upper
138,70.0,182.15714285714284,12751.0,B465_ARC _C3_slice6-Ort.czi,old,gal,upper
139,96.0,176.04166666666666,16900.0,B465_ARC _C3_slice6-Ort.czi,old,gal,upper
140,115.0,219.87826086956522,25286.0,B465_ARC _C3_slice6-Ort.czi,old,gal,upper
141,40.0,186.45,7458.0,B465_ARC _C3_slice6-Ort.czi,old,gal,upper
142,131.0,190.4885496183206,24954.0,B465_ARC _C3_slice6-Ort.czi,old,gal,upper
143,237.0,205.66244725738397,48742.0,B465_ARC _C3_slice6-Ort.czi,old,gal,upper
144,116.0,202.9051724137931,23537.0,B465_ARC _C3_slice6-Ort.czi,old,gal,upper
145,110.0,203.98181818181817,22438.0,B465_ARC _C3_slice6-Ort.czi,old,gal,upper
146,20.0,181.25,3625.0,B465_ARC _C3_slice6-Ort.czi,old,gal,upper
147,11.0,149.9090909090909,1649.0,B465_ARC _C3_slice6-Ort.czi,old,gal,upper
148,16.0,166.375,2662.0,B465_ARC _C3_slice6-Ort.czi,old,gal,upper
149,1.0,96.0,96.0,B465_ARC _C3_slice6-Ort.czi,old,gal,upper
150,139.0,211.72661870503597,29430.0,B465_ARC _C3_slice6-Ort.czi,old,gal,upper
151,7.0,108.57142857142857,760.0,B465_ARC _C3_slice6-Ort.czi,old,gal,upper
152,214.0,194.28504672897196,41577.0,B465_ARC _C3_slice6-Ort.czi,old,gal,upper
153,6.0,168.66666666666666,1012.0,B465_ARC _C3_slice6-Ort.czi,old,gal,upper
154,87.0,190.11494252873564,16540.0,B465_ARC _C3_slice6-Ort.czi,old,gal,upper
155,9.0,157.55555555555554,1418.0,B465_ARC _C3_slice6-Ort.czi,old,gal,upper
156,48.0,169.1875,8121.0,B465_ARC _C3_slice6-Ort.czi,old,gal,upper
157,5.0,155.4,777.0,B465_ARC _C3_slice6-Ort.czi,old,gal,upper
158,99.0,207.8989898989899,20582.0,B465_ARC _C3_slice6-Ort.czi,old,gal,upper
159,98.0,208.37755102040816,20421.0,B465_ARC _C3_slice6-Ort.czi,old,gal,upper
160,247.0,202.40080971659918,49993.0,B465_ARC _C3_slice6-Ort.czi,old,gal,upper
161,28.0,168.92857142857142,4730.0,B465_ARC _C3_slice6-Ort.czi,old,gal,upper
162,110.0,187.63636363636363,20640.0,B465_ARC _C3_slice6-Ort.czi,old,gal,upper
163,151.0,222.68211920529802,33625.0,B465_ARC _C3_slice6-Ort.czi,old,gal,upper
164,69.0,198.2608695652174,13680.000000000002,B465_ARC _C3_slice6-Ort.czi,old,gal,upper
165,79.0,188.9367088607595,14926.0,B465_ARC _C3_slice6-Ort.czi,old,gal,upper
166,37.0,154.86486486486487,5730.0,B465_ARC _C3_slice6-Ort.czi,old,gal,upper
167,11.0,169.54545454545453,1864.9999999999998,B465_ARC _C3_slice6-Ort.czi,old,gal,upper
168,23.0,187.69565217391303,4317.0,B465_ARC _C3_slice6-Ort.czi,old,gal,upper
169,101.0,208.78217821782178,21087.0,B465_ARC _C3_slice6-Ort.czi,old,gal,upper
170,5.0,171.0,855.0,B465_ARC _C3_slice6-Ort.czi,old,gal,upper
1,107.0,218.55140186915887,23385.0,B465_ARC _C3_slice7-Ort.czi,old,gal,upper
2,151.0,229.43046357615893,34644.0,B465_ARC _C3_slice7-Ort.czi,old,gal,upper
3,129.0,235.14728682170542,30334.0,B465_ARC _C3_slice7-Ort.czi,old,gal,upper
4,132.0,223.88636363636363,29553.0,B465_ARC _C3_slice7-Ort.czi,old,gal,upper
5,4.0,208.0,832.0,B465_ARC _C3_slice7-Ort.czi,old,gal,upper
6,52.0,212.57692307692307,11054.0,B465_ARC _C3_slice7-Ort.czi,old,gal,upper
7,14.0,168.71428571428572,2362.0,B465_ARC _C3_slice7-Ort.czi,old,gal,upper
8,26.0,183.19230769230768,4763.0,B465_ARC _C3_slice7-Ort.czi,old,gal,upper
9,19.0,199.57894736842104,3792.0,B465_ARC _C3_slice7-Ort.czi,old,gal,upper
10,117.0,228.76923076923077,26766.0,B465_ARC _C3_slice7-Ort.czi,old,gal,upper
11,144.0,180.5,25992.0,B465_ARC _C3_slice7-Ort.czi,old,gal,upper
12,4.0,124.0,496.0,B465_ARC _C3_slice7-Ort.czi,old,gal,upper
13,498.0,219.5421686746988,109332.0,B465_ARC _C3_slice7-Ort.czi,old,gal,upper
14,54.0,186.0185185185185,10045.0,B465_ARC _C3_slice7-Ort.czi,old,gal,upper
15,122.0,223.70491803278688,27292.0,B465_ARC _C3_slice7-Ort.czi,old,gal,upper
16,51.0,185.86274509803923,9479.0,B465_ARC _C3_slice7-Ort.czi,old,gal,upper
17,16.0,138.875,2222.0,B465_ARC _C3_slice7-Ort.czi,old,gal,upper
18,16.0,172.25,2756.0,B465_ARC _C3_slice7-Ort.czi,old,gal,upper
19,88.0,216.39772727272728,19043.0,B465_ARC _C3_slice7-Ort.czi,old,gal,upper
20,8.0,130.625,1045.0,B465_ARC _C3_slice7-Ort.czi,old,gal,upper
21,17.0,201.47058823529412,3425.0,B465_ARC _C3_slice7-Ort.czi,old,gal,upper
22,21.0,156.0952380952381,3278.0,B465_ARC _C3_slice7-Ort.czi,old,gal,upper
23,108.0,195.4351851851852,21107.0,B465_ARC _C3_slice7-Ort.czi,old,gal,upper
24,374.0,200.83957219251337,75114.0,B465_ARC _C3_slice7-Ort.czi,old,gal,upper
25,34.0,162.7058823529412,5532.0,B465_ARC _C3_slice7-Ort.czi,old,gal,upper
26,84.0,167.78571428571428,14094.0,B465_ARC _C3_slice7-Ort.czi,old,gal,upper
27,25.0,170.72,4268.0,B465_ARC _C3_slice7-Ort.czi,old,gal,upper
28,165.0,182.76969696969698,30157.0,B465_ARC _C3_slice7-Ort.czi,old,gal,upper
29,278.0,198.73381294964028,55248.0,B465_ARC _C3_slice7-Ort.czi,old,gal,upper
30,111.0,209.73873873873873,23281.0,B465_ARC _C3_slice7-Ort.czi,old,gal,upper
31,96.0,218.5625,20982.0,B465_ARC _C3_slice7-Ort.czi,old,gal,upper
32,14.0,138.14285714285714,1934.0,B465_ARC _C3_slice7-Ort.czi,old,gal,upper
33,300.0,217.27,65181.0,B465_ARC _C3_slice7-Ort.czi,old,gal,upper
34,36.0,197.41666666666666,7107.0,B465_ARC _C3_slice7-Ort.czi,old,gal,upper
35,87.0,173.20689655172413,15069.0,B465_ARC _C3_slice7-Ort.czi,old,gal,upper
36,90.0,184.55555555555554,16610.0,B465_ARC _C3_slice7-Ort.czi,old,gal,upper
37,120.0,198.55833333333334,23827.0,B465_ARC _C3_slice7-Ort.czi,old,gal,upper
38,25.0,169.88,4247.0,B465_ARC _C3_slice7-Ort.czi,old,gal,upper
39,1.0,176.0,176.0,B465_ARC _C3_slice7-Ort.czi,old,gal,upper
40,22.0,207.4090909090909,4563.0,B465_ARC _C3_slice7-Ort.czi,old,gal,upper
41,56.0,202.76785714285714,11355.0,B465_ARC _C3_slice7-Ort.czi,old,gal,upper
42,5.0,156.2,781.0,B465_ARC _C3_slice7-Ort.czi,old,gal,upper
43,46.0,142.0,6532.0,B465_ARC _C3_slice7-Ort.czi,old,gal,upper
44,184.0,169.19021739130434,31131.0,B465_ARC _C3_slice7-Ort.czi,old,gal,upper
45,233.0,213.93991416309012,49848.0,B465_ARC _C3_slice7-Ort.czi,old,gal,upper
46,107.0,233.98130841121494,25036.0,B465_ARC _C3_slice7-Ort.czi,old,gal,upper
47,33.0,158.0909090909091,5217.0,B465_ARC _C3_slice7-Ort.czi,old,gal,upper
48,10.0,138.6,1386.0,B465_ARC _C3_slice7-Ort.czi,old,gal,upper
49,23.0,155.65217391304347,3580.0,B465_ARC _C3_slice7-Ort.czi,old,gal,upper
50,109.0,231.88990825688074,25276.0,B465_ARC _C3_slice7-Ort.czi,old,gal,upper
51,104.0,231.40384615384616,24066.0,B465_ARC _C3_slice7-Ort.czi,old,gal,upper
52,72.0,208.36111111111111,15002.0,B465_ARC _C3_slice7-Ort.czi,old,gal,upper
53,98.0,212.30612244897958,20806.0,B465_ARC _C3_slice7-Ort.czi,old,gal,upper
54,117.0,196.43589743589743,22983.0,B465_ARC _C3_slice7-Ort.czi,old,gal,upper
55,64.0,186.703125,11949.0,B465_ARC _C3_slice7-Ort.czi,old,gal,upper
56,14.0,192.42857142857142,2694.0,B465_ARC _C3_slice7-Ort.czi,old,gal,upper
57,153.0,232.32679738562092,35546.0,B465_ARC _C3_slice7-Ort.czi,old,gal,upper
58,135.0,190.22222222222223,25680.0,B465_ARC _C3_slice7-Ort.czi,old,gal,upper
59,67.0,180.44776119402985,12090.0,B465_ARC _C3_slice7-Ort.czi,old,gal,upper
60,27.0,194.66666666666666,5256.0,B465_ARC _C3_slice7-Ort.czi,old,gal,upper
61,33.0,138.6969696969697,4577.0,B465_ARC _C3_slice7-Ort.czi,old,gal,upper
62,59.0,204.45762711864407,12063.0,B465_ARC _C3_slice7-Ort.czi,old,gal,upper
63,203.0,208.99507389162562,42426.0,B465_ARC _C3_slice7-Ort.czi,old,gal,upper
64,13.0,162.6153846153846,2114.0,B465_ARC _C3_slice7-Ort.czi,old,gal,upper
65,114.0,205.10526315789474,23382.0,B465_ARC _C3_slice7-Ort.czi,old,gal,upper
66,8.0,143.0,1144.0,B465_ARC _C3_slice7-Ort.czi,old,gal,upper
67,104.0,223.3653846153846,23230.0,B465_ARC _C3_slice7-Ort.czi,old,gal,upper
68,106.0,182.81132075471697,19378.0,B465_ARC _C3_slice7-Ort.czi,old,gal,upper
69,152.0,229.97368421052633,34956.0,B465_ARC _C3_slice7-Ort.czi,old,gal,upper
70,114.0,201.21929824561403,22939.0,B465_ARC _C3_slice7-Ort.czi,old,gal,upper
71,18.0,168.83333333333334,3039.0,B465_ARC _C3_slice7-Ort.czi,old,gal,upper
72,59.0,216.38983050847457,12767.0,B465_ARC _C3_slice7-Ort.czi,old,gal,upper
73,19.0,133.52631578947367,2536.9999999999995,B465_ARC _C3_slice7-Ort.czi,old,gal,upper
74,84.0,170.45238095238096,14318.0,B465_ARC _C3_slice7-Ort.czi,old,gal,upper
75,88.0,178.4318181818182,15702.0,B465_ARC _C3_slice7-Ort.czi,old,gal,upper
76,113.0,158.69026548672565,17932.0,B465_ARC _C3_slice7-Ort.czi,old,gal,upper
77,124.0,191.33870967741936,23726.0,B465_ARC _C3_slice7-Ort.czi,old,gal,upper
78,89.0,207.9438202247191,18507.0,B465_ARC _C3_slice7-Ort.czi,old,gal,upper
79,131.0,221.91603053435114,29071.0,B465_ARC _C3_slice7-Ort.czi,old,gal,upper
80,21.0,209.14285714285714,4392.0,B465_ARC _C3_slice7-Ort.czi,old,gal,upper
81,20.0,153.25,3065.0,B465_ARC _C3_slice7-Ort.czi,old,gal,upper
82,153.0,182.69934640522877,27953.0,B465_ARC _C3_slice7-Ort.czi,old,gal,upper
83,7.0,162.0,1134.0,B465_ARC _C3_slice7-Ort.czi,old,gal,upper
84,37.0,156.86486486486487,5804.0,B465_ARC _C3_slice7-Ort.czi,old,gal,upper
85,65.0,202.2,13143.0,B465_ARC _C3_slice7-Ort.czi,old,gal,upper
86,66.0,208.3181818181818,13749.0,B465_ARC _C3_slice7-Ort.czi,old,gal,upper
87,69.0,195.79710144927537,13510.0,B465_ARC _C3_slice7-Ort.czi,old,gal,upper
88,172.0,218.63953488372093,37606.0,B465_ARC _C3_slice7-Ort.czi,old,gal,upper
89,141.0,228.6595744680851,32241.0,B465_ARC _C3_slice7-Ort.czi,old,gal,upper
90,76.0,224.69736842105263,17077.0,B465_ARC _C3_slice7-Ort.czi,old,gal,upper
91,164.0,215.33536585365854,35315.0,B465_ARC _C3_slice7-Ort.czi,old,gal,upper
92,53.0,209.47169811320754,11102.0,B465_ARC _C3_slice7-Ort.czi,old,gal,upper
93,39.0,169.46153846153845,6609.0,B465_ARC _C3_slice7-Ort.czi,old,gal,upper
94,86.0,177.8953488372093,15299.0,B465_ARC _C3_slice7-Ort.czi,old,gal,upper
95,34.0,141.02941176470588,4795.0,B465_ARC _C3_slice7-Ort.czi,old,gal,upper
96,38.0,184.26315789473685,7002.0,B465_ARC _C3_slice7-Ort.czi,old,gal,upper
97,23.0,155.6086956521739,3579.0,B465_ARC _C3_slice7-Ort.czi,old,gal,upper
98,4.0,156.75,627.0,B465_ARC _C3_slice7-Ort.czi,old,gal,upper
99,1.0,128.0,128.0,B465_ARC _C3_slice7-Ort.czi,old,gal,upper
100,21.0,148.42857142857142,3116.9999999999995,B465_ARC _C3_slice7-Ort.czi,old,gal,upper
101,8.0,155.125,1241.0,B465_ARC _C3_slice7-Ort.czi,old,gal,upper
102,101.0,191.33663366336634,19325.0,B465_ARC _C3_slice7-Ort.czi,old,gal,upper
103,99.0,207.9090909090909,20583.0,B465_ARC _C3_slice7-Ort.czi,old,gal,upper
104,52.0,229.82692307692307,11951.0,B465_ARC _C3_slice7-Ort.czi,old,gal,upper
105,258.0,220.44573643410854,56875.0,B465_ARC _C3_slice7-Ort.czi,old,gal,upper
106,148.0,184.92567567567568,27369.0,B465_ARC _C3_slice7-Ort.czi,old,gal,upper
107,73.0,178.26027397260273,13013.0,B465_ARC _C3_slice7-Ort.czi,old,gal,upper
108,136.0,189.0514705882353,25711.0,B465_ARC _C3_slice7-Ort.czi,old,gal,upper
109,94.0,189.56382978723406,17819.0,B465_ARC _C3_slice7-Ort.czi,old,gal,upper
110,64.0,195.90625,12538.0,B465_ARC _C3_slice7-Ort.czi,old,gal,upper
111,64.0,221.921875,14203.0,B465_ARC _C3_slice7-Ort.czi,old,gal,upper
112,56.0,163.58928571428572,9161.0,B465_ARC _C3_slice7-Ort.czi,old,gal,upper
113,217.0,204.61290322580646,44401.0,B465_ARC _C3_slice7-Ort.czi,old,gal,upper
114,215.0,199.69767441860466,42935.0,B465_ARC _C3_slice7-Ort.czi,old,gal,upper
115,20.0,163.85,3277.0,B465_ARC _C3_slice7-Ort.czi,old,gal,upper
116,9.0,130.11111111111111,1171.0,B465_ARC _C3_slice7-Ort.czi,old,gal,upper
117,67.0,178.65671641791045,11970.0,B465_ARC _C3_slice7-Ort.czi,old,gal,upper
118,588.0,204.31802721088437,120139.00000000001,B465_ARC _C3_slice7-Ort.czi,old,gal,upper
119,9.0,169.88888888888889,1529.0,B465_ARC _C3_slice7-Ort.czi,old,gal,upper
120,59.0,147.96610169491527,8730.0,B465_ARC _C3_slice7-Ort.czi,old,gal,upper
121,37.0,179.54054054054055,6643.0,B465_ARC _C3_slice7-Ort.czi,old,gal,upper
122,59.0,204.45762711864407,12063.0,B465_ARC _C3_slice7-Ort.czi,old,gal,upper
123,23.0,179.04347826086956,4118.0,B465_ARC _C3_slice7-Ort.czi,old,gal,upper
124,29.0,174.93103448275863,5073.0,B465_ARC _C3_slice7-Ort.czi,old,gal,upper
125,127.0,233.85826771653544,29700.0,B465_ARC _C3_slice7-Ort.czi,old,gal,upper
126,9.0,158.22222222222223,1424.0,B465_ARC _C3_slice7-Ort.czi,old,gal,upper
127,83.0,207.10843373493975,17190.0,B465_ARC _C3_slice7-Ort.czi,old,gal,upper
128,16.0,144.8125,2317.0,B465_ARC _C3_slice7-Ort.czi,old,gal,upper
129,66.0,189.46969696969697,12505.0,B465_ARC _C3_slice7-Ort.czi,old,gal,upper
130,57.0,201.68421052631578,11496.0,B465_ARC _C3_slice7-Ort.czi,old,gal,upper
131,99.0,191.64646464646464,18973.0,B465_ARC _C3_slice7-Ort.czi,old,gal,upper
132,97.0,171.2680412371134,16613.0,B465_ARC _C3_slice7-Ort.czi,old,gal,upper
133,3.0,129.0,387.0,B465_ARC _C3_slice7-Ort.czi,old,gal,upper
134,12.0,157.25,1887.0,B465_ARC _C3_slice7-Ort.czi,old,gal,upper
135,11.0,159.72727272727272,1757.0,B465_ARC _C3_slice7-Ort.czi,old,gal,upper
136,49.0,182.81632653061226,8958.0,B465_ARC _C3_slice7-Ort.czi,old,gal,upper
137,65.0,165.75384615384615,10774.0,B465_ARC _C3_slice7-Ort.czi,old,gal,upper
138,23.0,175.56521739130434,4038.0,B465_ARC _C3_slice7-Ort.czi,old,gal,upper
139,39.0,192.46153846153845,7506.0,B465_ARC _C3_slice7-Ort.czi,old,gal,upper
140,31.0,158.41935483870967,4911.0,B465_ARC _C3_slice7-Ort.czi,old,gal,upper
141,5.0,156.2,781.0,B465_ARC _C3_slice7-Ort.czi,old,gal,upper
142,23.0,168.82608695652175,3883.0,B465_ARC _C3_slice7-Ort.czi,old,gal,upper
143,26.0,212.26923076923077,5519.0,B465_ARC _C3_slice7-Ort.czi,old,gal,upper
144,17.0,156.52941176470588,2661.0,B465_ARC _C3_slice7-Ort.czi,old,gal,upper
145,31.0,151.70967741935485,4703.0,B465_ARC _C3_slice7-Ort.czi,old,gal,upper
146,51.0,218.5686274509804,11147.0,B465_ARC _C3_slice7-Ort.czi,old,gal,upper
147,64.0,210.421875,13467.0,B465_ARC _C3_slice7-Ort.czi,old,gal,upper
148,233.0,228.69098712446353,53285.0,B465_ARC _C3_slice7-Ort.czi,old,gal,upper
149,23.0,168.8695652173913,3884.0,B465_ARC _C3_slice7-Ort.czi,old,gal,upper
150,33.0,180.93939393939394,5971.0,B465_ARC _C3_slice7-Ort.czi,old,gal,upper
151,104.0,188.02884615384616,19555.0,B465_ARC _C3_slice7-Ort.czi,old,gal,upper
152,9.0,168.11111111111111,1513.0,B465_ARC _C3_slice7-Ort.czi,old,gal,upper
153,42.0,181.23809523809524,7612.0,B465_ARC _C3_slice7-Ort.czi,old,gal,upper
154,53.0,179.0754716981132,9491.0,B465_ARC _C3_slice7-Ort.czi,old,gal,upper
155,31.0,177.67741935483872,5508.0,B465_ARC _C3_slice7-Ort.czi,old,gal,upper
156,32.0,215.96875,6911.0,B465_ARC _C3_slice7-Ort.czi,old,gal,upper
157,51.0,149.0392156862745,7601.0,B465_ARC _C3_slice7-Ort.czi,old,gal,upper
158,56.0,215.08928571428572,12045.0,B465_ARC _C3_slice7-Ort.czi,old,gal,upper
159,128.0,192.9765625,24701.0,B465_ARC _C3_slice7-Ort.czi,old,gal,upper
160,120.0,163.09166666666667,19571.0,B465_ARC _C3_slice7-Ort.czi,old,gal,upper
161,164.0,218.96951219512195,35911.0,B465_ARC _C3_slice7-Ort.czi,old,gal,upper
162,8.0,169.125,1353.0,B465_ARC _C3_slice7-Ort.czi,old,gal,upper
163,58.0,194.17241379310346,11262.0,B465_ARC _C3_slice7-Ort.czi,old,gal,upper
164,49.0,164.0408163265306,8038.0,B465_ARC _C3_slice7-Ort.czi,old,gal,upper
165,107.0,211.3271028037383,22612.0,B465_ARC _C3_slice7-Ort.czi,old,gal,upper
166,38.0,148.1578947368421,5630.0,B465_ARC _C3_slice7-Ort.czi,old,gal,upper
167,70.0,168.4857142857143,11794.0,B465_ARC _C3_slice7-Ort.czi,old,gal,upper
168,1.0,113.0,113.0,B465_ARC _C3_slice7-Ort.czi,old,gal,upper
169,83.0,228.6024096385542,18974.0,B465_ARC _C3_slice7-Ort.czi,old,gal,upper
170,160.0,214.5125,34322.0,B465_ARC _C3_slice7-Ort.czi,old,gal,upper
171,26.0,153.07692307692307,3979.9999999999995,B465_ARC _C3_slice7-Ort.czi,old,gal,upper
172,16.0,122.8125,1965.0,B465_ARC _C3_slice7-Ort.czi,old,gal,upper
173,322.0,223.00310559006212,71807.0,B465_ARC _C3_slice7-Ort.czi,old,gal,upper
174,263.0,197.63498098859316,51978.0,B465_ARC _C3_slice7-Ort.czi,old,gal,upper
175,22.0,172.0909090909091,3786.0,B465_ARC _C3_slice7-Ort.czi,old,gal,upper
176,33.0,194.84848484848484,6430.0,B465_ARC _C3_slice7-Ort.czi,old,gal,upper
177,27.0,156.07407407407408,4214.0,B465_ARC _C3_slice7-Ort.czi,old,gal,upper
178,103.0,205.1359223300971,21129.0,B465_ARC _C3_slice7-Ort.czi,old,gal,upper
179,107.0,217.58878504672896,23282.0,B465_ARC _C3_slice7-Ort.czi,old,gal,upper
180,34.0,159.6764705882353,5429.0,B465_ARC _C3_slice7-Ort.czi,old,gal,upper
181,12.0,154.16666666666666,1850.0,B465_ARC _C3_slice7-Ort.czi,old,gal,upper
182,762.0,216.4711286089239,164951.0,B465_ARC _C3_slice7-Ort.czi,old,gal,upper
183,14.0,154.42857142857142,2162.0,B465_ARC _C3_slice7-Ort.czi,old,gal,upper
184,159.0,234.8490566037736,37341.0,B465_ARC _C3_slice7-Ort.czi,old,gal,upper
185,25.0,154.04,3851.0,B465_ARC _C3_slice7-Ort.czi,old,gal,upper
186,340.0,204.5529411764706,69548.0,B465_ARC _C3_slice7-Ort.czi,old,gal,upper
187,320.0,218.828125,70025.0,B465_ARC _C3_slice7-Ort.czi,old,gal,upper
188,90.0,204.6,18414.0,B465_ARC _C3_slice7-Ort.czi,old,gal,upper
189,136.0,198.7941176470588,27036.0,B465_ARC _C3_slice7-Ort.czi,old,gal,upper
190,16.0,121.6875,1947.0,B465_ARC _C3_slice7-Ort.czi,old,gal,upper
191,121.0,208.65289256198346,25247.0,B465_ARC _C3_slice7-Ort.czi,old,gal,upper
192,88.0,205.39772727272728,18075.0,B465_ARC _C3_slice7-Ort.czi,old,gal,upper
193,220.0,173.5681818181818,38185.0,B465_ARC _C3_slice7-Ort.czi,old,gal,upper
194,25.0,149.76,3744.0,B465_ARC _C3_slice7-Ort.czi,old,gal,upper
195,118.0,227.0677966101695,26794.0,B465_ARC _C3_slice7-Ort.czi,old,gal,upper
196,93.0,222.21505376344086,20666.0,B465_ARC _C3_slice7-Ort.czi,old,gal,upper
197,34.0,144.0,4896.0,B465_ARC _C3_slice7-Ort.czi,old,gal,upper
198,13.0,167.0,2171.0,B465_ARC _C3_slice7-Ort.czi,old,gal,upper
199,13.0,186.6153846153846,2426.0,B465_ARC _C3_slice7-Ort.czi,old,gal,upper
200,249.0,203.3012048192771,50622.0,B465_ARC _C3_slice7-Ort.czi,old,gal,upper
201,149.0,174.49664429530202,26000.0,B465_ARC _C3_slice7-Ort.czi,old,gal,upper
202,82.0,171.20731707317074,14039.0,B465_ARC _C3_slice7-Ort.czi,old,gal,upper
203,4.0,122.25,489.0,B465_ARC _C3_slice7-Ort.czi,old,gal,upper
204,97.0,206.31958762886597,20013.0,B465_ARC _C3_slice7-Ort.czi,old,gal,upper
205,161.0,223.54658385093168,35991.0,B465_ARC _C3_slice7-Ort.czi,old,gal,upper
206,79.0,199.58227848101265,15767.0,B465_ARC _C3_slice7-Ort.czi,old,gal,upper
207,32.0,186.03125,5953.0,B465_ARC _C3_slice7-Ort.czi,old,gal,upper
208,21.0,144.28571428571428,3030.0,B465_ARC _C3_slice7-Ort.czi,old,gal,upper
209,112.0,233.14285714285714,26112.0,B465_ARC _C3_slice7-Ort.czi,old,gal,upper
210,63.0,219.76190476190476,13845.0,B465_ARC _C3_slice7-Ort.czi,old,gal,upper
211,104.0,229.4903846153846,23867.0,B465_ARC _C3_slice7-Ort.czi,old,gal,upper
212,4.0,168.5,674.0,B465_ARC _C3_slice7-Ort.czi,old,gal,upper
213,25.0,176.0,4400.0,B465_ARC _C3_slice7-Ort.czi,old,gal,upper
214,67.0,217.8507462686567,14596.0,B465_ARC _C3_slice7-Ort.czi,old,gal,upper
215,10.0,154.7,1547.0,B465_ARC _C3_slice7-Ort.czi,old,gal,upper
216,138.0,217.8913043478261,30069.0,B465_ARC _C3_slice7-Ort.czi,old,gal,upper
217,18.0,182.22222222222223,3280.0,B465_ARC _C3_slice7-Ort.czi,old,gal,upper
218,142.0,208.0281690140845,29540.0,B465_ARC _C3_slice7-Ort.czi,old,gal,upper
219,94.0,184.43617021276594,17337.0,B465_ARC _C3_slice7-Ort.czi,old,gal,upper
220,20.0,191.6,3832.0,B465_ARC _C3_slice7-Ort.czi,old,gal,upper
221,68.0,193.30882352941177,13145.0,B465_ARC _C3_slice7-Ort.czi,old,gal,upper
222,14.0,149.85714285714286,2098.0,B465_ARC _C3_slice7-Ort.czi,old,gal,upper
223,28.0,138.21428571428572,3870.0,B465_ARC _C3_slice7-Ort.czi,old,gal,upper
224,22.0,144.5,3179.0,B465_ARC _C3_slice7-Ort.czi,old,gal,upper
225,64.0,160.015625,10241.0,B465_ARC _C3_slice7-Ort.czi,old,gal,upper
226,10.0,201.5,2015.0,B465_ARC _C3_slice7-Ort.czi,old,gal,upper
227,4.0,180.5,722.0,B465_ARC _C3_slice7-Ort.czi,old,gal,upper
228,154.0,188.2012987012987,28983.0,B465_ARC _C3_slice7-Ort.czi,old,gal,upper
229,6.0,152.83333333333334,917.0,B465_ARC _C3_slice7-Ort.czi,old,gal,upper
230,29.0,221.20689655172413,6415.0,B465_ARC _C3_slice7-Ort.czi,old,gal,upper
1,36.0,175.61111111111111,6322.0,B489_ARC_xxx_slice5-Ort.czi,old,gal,upper
2,125.0,230.656,28832.0,B489_ARC_xxx_slice5-Ort.czi,old,gal,upper
3,258.0,225.41860465116278,58158.0,B489_ARC_xxx_slice5-Ort.czi,old,gal,upper
4,12.0,202.75,2433.0,B489_ARC_xxx_slice5-Ort.czi,old,gal,upper
5,169.0,233.10059171597632,39394.0,B489_ARC_xxx_slice5-Ort.czi,old,gal,upper
6,96.0,233.29166666666666,22396.0,B489_ARC_xxx_slice5-Ort.czi,old,gal,upper
7,52.0,228.19230769230768,11866.0,B489_ARC_xxx_slice5-Ort.czi,old,gal,upper
8,147.0,239.70068027210885,35236.0,B489_ARC_xxx_slice5-Ort.czi,old,gal,upper
9,8.0,166.125,1329.0,B489_ARC_xxx_slice5-Ort.czi,old,gal,upper
10,128.0,235.078125,30090.0,B489_ARC_xxx_slice5-Ort.czi,old,gal,upper
11,63.0,218.0793650793651,13739.0,B489_ARC_xxx_slice5-Ort.czi,old,gal,upper
12,196.0,234.59183673469389,45980.0,B489_ARC_xxx_slice5-Ort.czi,old,gal,upper
13,131.0,239.0229007633588,31312.0,B489_ARC_xxx_slice5-Ort.czi,old,gal,upper
14,159.0,226.874213836478,36073.0,B489_ARC_xxx_slice5-Ort.czi,old,gal,upper
15,5.0,167.4,837.0,B489_ARC_xxx_slice5-Ort.czi,old,gal,upper
16,133.0,234.4436090225564,31181.0,B489_ARC_xxx_slice5-Ort.czi,old,gal,upper
17,86.0,227.4418604651163,19560.0,B489_ARC_xxx_slice5-Ort.czi,old,gal,upper
18,272.0,236.3235294117647,64280.0,B489_ARC_xxx_slice5-Ort.czi,old,gal,upper
19,95.0,231.52631578947367,21995.0,B489_ARC_xxx_slice5-Ort.czi,old,gal,upper
20,30.0,248.03333333333333,7441.0,B489_ARC_xxx_slice5-Ort.czi,old,gal,upper
21,789.0,236.8808618504436,186899.0,B489_ARC_xxx_slice5-Ort.czi,old,gal,upper
22,44.0,199.22727272727272,8766.0,B489_ARC_xxx_slice5-Ort.czi,old,gal,upper
23,96.0,239.625,23004.0,B489_ARC_xxx_slice5-Ort.czi,old,gal,upper
24,48.0,219.125,10518.0,B489_ARC_xxx_slice5-Ort.czi,old,gal,upper
25,6.0,195.16666666666666,1171.0,B489_ARC_xxx_slice5-Ort.czi,old,gal,upper
26,85.0,241.30588235294118,20511.0,B489_ARC_xxx_slice5-Ort.czi,old,gal,upper
27,58.0,209.0,12122.0,B489_ARC_xxx_slice5-Ort.czi,old,gal,upper
28,109.0,241.52293577981652,26326.0,B489_ARC_xxx_slice5-Ort.czi,old,gal,upper
29,614.0,223.07328990228012,136967.0,B489_ARC_xxx_slice5-Ort.czi,old,gal,upper
30,57.0,206.0701754385965,11746.0,B489_ARC_xxx_slice5-Ort.czi,old,gal,upper
31,16.0,175.9375,2815.0,B489_ARC_xxx_slice5-Ort.czi,old,gal,upper
32,20.0,180.6,3612.0,B489_ARC_xxx_slice5-Ort.czi,old,gal,upper
33,13.0,194.23076923076923,2525.0,B489_ARC_xxx_slice5-Ort.czi,old,gal,upper
34,15.0,201.13333333333333,3017.0,B489_ARC_xxx_slice5-Ort.czi,old,gal,upper
35,77.0,235.6103896103896,18142.0,B489_ARC_xxx_slice5-Ort.czi,old,gal,upper
36,388.0,234.2422680412371,90886.0,B489_ARC_xxx_slice5-Ort.czi,old,gal,upper
37,33.0,177.75757575757575,5866.0,B489_ARC_xxx_slice5-Ort.czi,old,gal,upper
38,18.0,214.11111111111111,3854.0,B489_ARC_xxx_slice5-Ort.czi,old,gal,upper
39,34.0,196.55882352941177,6683.0,B489_ARC_xxx_slice5-Ort.czi,old,gal,upper
40,534.0,238.4176029962547,127315.0,B489_ARC_xxx_slice5-Ort.czi,old,gal,upper
41,40.0,189.5,7580.0,B489_ARC_xxx_slice5-Ort.czi,old,gal,upper
42,27.0,185.92592592592592,5020.0,B489_ARC_xxx_slice5-Ort.czi,old,gal,upper
43,113.0,225.0796460176991,25434.0,B489_ARC_xxx_slice5-Ort.czi,old,gal,upper
44,1.0,153.0,153.0,B489_ARC_xxx_slice5-Ort.czi,old,gal,upper
45,141.0,238.91489361702128,33687.0,B489_ARC_xxx_slice5-Ort.czi,old,gal,upper
46,95.0,223.25263157894736,21209.0,B489_ARC_xxx_slice5-Ort.czi,old,gal,upper
47,349.0,230.79942693409743,80549.0,B489_ARC_xxx_slice5-Ort.czi,old,gal,upper
48,279.0,216.2258064516129,60327.0,B489_ARC_xxx_slice5-Ort.czi,old,gal,upper
49,191.0,243.29842931937173,46470.0,B489_ARC_xxx_slice5-Ort.czi,old,gal,upper
50,23.0,193.2608695652174,4445.0,B489_ARC_xxx_slice5-Ort.czi,old,gal,upper
51,38.0,219.57894736842104,8344.0,B489_ARC_xxx_slice5-Ort.czi,old,gal,upper
52,193.0,241.32124352331607,46575.0,B489_ARC_xxx_slice5-Ort.czi,old,gal,upper
53,72.0,235.43055555555554,16951.0,B489_ARC_xxx_slice5-Ort.czi,old,gal,upper
54,121.0,246.8099173553719,29864.0,B489_ARC_xxx_slice5-Ort.czi,old,gal,upper
55,102.0,243.92156862745097,24880.0,B489_ARC_xxx_slice5-Ort.czi,old,gal,upper
56,175.0,184.73714285714286,32329.0,B489_ARC_xxx_slice5-Ort.czi,old,gal,upper
57,19.0,191.1578947368421,3632.0,B489_ARC_xxx_slice5-Ort.czi,old,gal,upper
58,63.0,228.93650793650792,14423.0,B489_ARC_xxx_slice5-Ort.czi,old,gal,upper
59,38.0,199.78947368421052,7592.0,B489_ARC_xxx_slice5-Ort.czi,old,gal,upper
60,174.0,226.54022988505747,39418.0,B489_ARC_xxx_slice5-Ort.czi,old,gal,upper
61,165.0,224.27878787878788,37006.0,B489_ARC_xxx_slice5-Ort.czi,old,gal,upper
62,259.0,222.996138996139,57756.0,B489_ARC_xxx_slice5-Ort.czi,old,gal,upper
63,234.0,237.96153846153845,55683.0,B489_ARC_xxx_slice5-Ort.czi,old,gal,upper
64,191.0,236.5026178010471,45172.0,B489_ARC_xxx_slice5-Ort.czi,old,gal,upper
65,219.0,235.06392694063928,51479.0,B489_ARC_xxx_slice5-Ort.czi,old,gal,upper
66,21.0,216.42857142857142,4545.0,B489_ARC_xxx_slice5-Ort.czi,old,gal,upper
67,118.0,230.1271186440678,27155.0,B489_ARC_xxx_slice5-Ort.czi,old,gal,upper
68,116.0,241.38793103448276,28001.0,B489_ARC_xxx_slice5-Ort.czi,old,gal,upper
69,60.0,194.0,11640.0,B489_ARC_xxx_slice5-Ort.czi,old,gal,upper
70,136.0,243.53676470588235,33121.0,B489_ARC_xxx_slice5-Ort.czi,old,gal,upper
71,67.0,217.2537313432836,14556.0,B489_ARC_xxx_slice5-Ort.czi,old,gal,upper
72,25.0,227.32,5683.0,B489_ARC_xxx_slice5-Ort.czi,old,gal,upper
73,40.0,214.15,8566.0,B489_ARC_xxx_slice5-Ort.czi,old,gal,upper
74,16.0,168.5,2696.0,B489_ARC_xxx_slice5-Ort.czi,old,gal,upper
75,59.0,242.28813559322035,14295.0,B489_ARC_xxx_slice5-Ort.czi,old,gal,upper
76,1690.0,227.81834319526627,385013.0,B489_ARC_xxx_slice5-Ort.czi,old,gal,upper
77,148.0,246.57432432432432,36493.0,B489_ARC_xxx_slice5-Ort.czi,old,gal,upper
78,6.0,179.83333333333334,1079.0,B489_ARC_xxx_slice5-Ort.czi,old,gal,upper
79,211.0,239.40284360189574,50514.0,B489_ARC_xxx_slice5-Ort.czi,old,gal,upper
80,59.0,199.27118644067798,11757.0,B489_ARC_xxx_slice5-Ort.czi,old,gal,upper
81,3.0,219.33333333333334,658.0,B489_ARC_xxx_slice5-Ort.czi,old,gal,upper
82,93.0,233.09677419354838,21678.0,B489_ARC_xxx_slice5-Ort.czi,old,gal,upper
83,58.0,251.94827586206895,14613.0,B489_ARC_xxx_slice5-Ort.czi,old,gal,upper
84,69.0,225.46376811594203,15557.0,B489_ARC_xxx_slice5-Ort.czi,old,gal,upper
85,165.0,239.4121212121212,39503.0,B489_ARC_xxx_slice5-Ort.czi,old,gal,upper
86,190.0,242.40526315789472,46057.0,B489_ARC_xxx_slice5-Ort.czi,old,gal,upper
87,79.0,245.67088607594937,19408.0,B489_ARC_xxx_slice5-Ort.czi,old,gal,upper
88,53.0,205.54716981132074,10894.0,B489_ARC_xxx_slice5-Ort.czi,old,gal,upper
89,17.0,223.52941176470588,3800.0,B489_ARC_xxx_slice5-Ort.czi,old,gal,upper
90,46.0,208.97826086956522,9613.0,B489_ARC_xxx_slice5-Ort.czi,old,gal,upper
91,49.0,220.89795918367346,10824.0,B489_ARC_xxx_slice5-Ort.czi,old,gal,upper
92,21.0,190.0952380952381,3992.0,B489_ARC_xxx_slice5-Ort.czi,old,gal,upper
93,120.0,235.90833333333333,28309.0,B489_ARC_xxx_slice5-Ort.czi,old,gal,upper
94,136.0,243.27941176470588,33086.0,B489_ARC_xxx_slice5-Ort.czi,old,gal,upper
95,73.0,228.4794520547945,16679.0,B489_ARC_xxx_slice5-Ort.czi,old,gal,upper
96,169.0,213.28994082840237,36046.0,B489_ARC_xxx_slice5-Ort.czi,old,gal,upper
97,149.0,239.83892617449663,35736.0,B489_ARC_xxx_slice5-Ort.czi,old,gal,upper
98,166.0,221.86746987951807,36830.0,B489_ARC_xxx_slice5-Ort.czi,old,gal,upper
99,130.0,235.59230769230768,30627.0,B489_ARC_xxx_slice5-Ort.czi,old,gal,upper
100,105.0,242.93333333333334,25508.0,B489_ARC_xxx_slice5-Ort.czi,old,gal,upper
101,102.0,239.55882352941177,24435.0,B489_ARC_xxx_slice5-Ort.czi,old,gal,upper
102,59.0,217.76271186440678,12848.0,B489_ARC_xxx_slice5-Ort.czi,old,gal,upper
103,132.0,233.66666666666666,30844.0,B489_ARC_xxx_slice5-Ort.czi,old,gal,upper
104,98.0,229.57142857142858,22498.0,B489_ARC_xxx_slice5-Ort.czi,old,gal,upper
105,75.0,211.81333333333333,15886.0,B489_ARC_xxx_slice5-Ort.czi,old,gal,upper
106,150.0,238.09333333333333,35714.0,B489_ARC_xxx_slice5-Ort.czi,old,gal,upper
107,108.0,242.22222222222223,26160.0,B489_ARC_xxx_slice5-Ort.czi,old,gal,upper
108,112.0,202.16964285714286,22643.0,B489_ARC_xxx_slice5-Ort.czi,old,gal,upper
109,255.0,221.65098039215687,56521.0,B489_ARC_xxx_slice5-Ort.czi,old,gal,upper
110,106.0,233.80188679245282,24783.0,B489_ARC_xxx_slice5-Ort.czi,old,gal,upper
111,16.0,187.0,2992.0,B489_ARC_xxx_slice5-Ort.czi,old,gal,upper
112,94.0,220.10638297872342,20690.0,B489_ARC_xxx_slice5-Ort.czi,old,gal,upper
113,94.0,233.5744680851064,21956.0,B489_ARC_xxx_slice5-Ort.czi,old,gal,upper
114,51.0,191.31372549019608,9757.0,B489_ARC_xxx_slice5-Ort.czi,old,gal,upper
115,121.0,233.7603305785124,28285.0,B489_ARC_xxx_slice5-Ort.czi,old,gal,upper
116,46.0,226.65217391304347,10426.0,B489_ARC_xxx_slice5-Ort.czi,old,gal,upper
117,214.0,226.26168224299064,48420.0,B489_ARC_xxx_slice5-Ort.czi,old,gal,upper
118,93.0,179.66666666666666,16709.0,B489_ARC_xxx_slice5-Ort.czi,old,gal,upper
119,7.0,234.14285714285714,1639.0,B489_ARC_xxx_slice5-Ort.czi,old,gal,upper
120,217.0,236.0,51212.0,B489_ARC_xxx_slice5-Ort.czi,old,gal,upper
121,29.0,192.3793103448276,5579.0,B489_ARC_xxx_slice5-Ort.czi,old,gal,upper
122,12.0,245.08333333333334,2941.0,B489_ARC_xxx_slice5-Ort.czi,old,gal,upper
123,149.0,233.36912751677852,34772.0,B489_ARC_xxx_slice5-Ort.czi,old,gal,upper
124,932.0,235.29291845493563,219293.0,B489_ARC_xxx_slice5-Ort.czi,old,gal,upper
125,10.0,165.8,1658.0,B489_ARC_xxx_slice5-Ort.czi,old,gal,upper
126,426.0,225.481220657277,96055.0,B489_ARC_xxx_slice5-Ort.czi,old,gal,upper
127,73.0,232.63013698630138,16982.0,B489_ARC_xxx_slice5-Ort.czi,old,gal,upper
128,19.0,227.68421052631578,4326.0,B489_ARC_xxx_slice5-Ort.czi,old,gal,upper
129,524.0,234.82251908396947,123047.0,B489_ARC_xxx_slice5-Ort.czi,old,gal,upper
130,48.0,181.8125,8727.0,B489_ARC_xxx_slice5-Ort.czi,old,gal,upper
131,106.0,228.11320754716982,24180.0,B489_ARC_xxx_slice5-Ort.czi,old,gal,upper
132,139.0,239.46762589928056,33286.0,B489_ARC_xxx_slice5-Ort.czi,old,gal,upper
133,101.0,231.4851485148515,23380.0,B489_ARC_xxx_slice5-Ort.czi,old,gal,upper
134,112.0,226.88392857142858,25411.0,B489_ARC_xxx_slice5-Ort.czi,old,gal,upper
135,152.0,239.21052631578948,36360.0,B489_ARC_xxx_slice5-Ort.czi,old,gal,upper
136,56.0,205.30357142857142,11497.0,B489_ARC_xxx_slice5-Ort.czi,old,gal,upper
137,99.0,212.85858585858585,21073.0,B489_ARC_xxx_slice5-Ort.czi,old,gal,upper
138,148.0,238.75675675675674,35336.0,B489_ARC_xxx_slice5-Ort.czi,old,gal,upper
139,74.0,179.1891891891892,13260.0,B489_ARC_xxx_slice5-Ort.czi,old,gal,upper
140,73.0,196.65753424657535,14356.0,B489_ARC_xxx_slice5-Ort.czi,old,gal,upper
141,78.0,236.3846153846154,18438.0,B489_ARC_xxx_slice5-Ort.czi,old,gal,upper
142,79.0,236.74683544303798,18703.0,B489_ARC_xxx_slice5-Ort.czi,old,gal,upper
143,235.0,217.2340425531915,51050.0,B489_ARC_xxx_slice5-Ort.czi,old,gal,upper
144,344.0,227.0581395348837,78108.0,B489_ARC_xxx_slice5-Ort.czi,old,gal,upper
145,193.0,229.04663212435233,44206.0,B489_ARC_xxx_slice5-Ort.czi,old,gal,upper
146,12.0,176.41666666666666,2117.0,B489_ARC_xxx_slice5-Ort.czi,old,gal,upper
147,69.0,186.95652173913044,12900.0,B489_ARC_xxx_slice5-Ort.czi,old,gal,upper
148,114.0,236.5701754385965,26969.0,B489_ARC_xxx_slice5-Ort.czi,old,gal,upper
149,282.0,223.5035460992908,63028.0,B489_ARC_xxx_slice5-Ort.czi,old,gal,upper
150,85.0,221.83529411764707,18856.0,B489_ARC_xxx_slice5-Ort.czi,old,gal,upper
151,86.0,217.0581395348837,18667.0,B489_ARC_xxx_slice5-Ort.czi,old,gal,upper
152,132.0,217.93939393939394,28768.0,B489_ARC_xxx_slice5-Ort.czi,old,gal,upper
153,48.0,223.64583333333334,10735.0,B489_ARC_xxx_slice5-Ort.czi,old,gal,upper
154,111.0,229.6936936936937,25496.0,B489_ARC_xxx_slice5-Ort.czi,old,gal,upper
155,169.0,237.62721893491124,40159.0,B489_ARC_xxx_slice5-Ort.czi,old,gal,upper
156,109.0,235.22018348623854,25639.0,B489_ARC_xxx_slice5-Ort.czi,old,gal,upper
157,108.0,241.9814814814815,26134.0,B489_ARC_xxx_slice5-Ort.czi,old,gal,upper
158,225.0,226.43555555555557,50948.0,B489_ARC_xxx_slice5-Ort.czi,old,gal,upper
159,154.0,207.0974025974026,31893.0,B489_ARC_xxx_slice5-Ort.czi,old,gal,upper
160,53.0,210.54716981132074,11159.0,B489_ARC_xxx_slice5-Ort.czi,old,gal,upper
161,75.0,187.65333333333334,14074.0,B489_ARC_xxx_slice5-Ort.czi,old,gal,upper
162,87.0,240.58620689655172,20931.0,B489_ARC_xxx_slice5-Ort.czi,old,gal,upper
163,92.0,205.05434782608697,18865.0,B489_ARC_xxx_slice5-Ort.czi,old,gal,upper
164,11.0,173.54545454545453,1908.9999999999998,B489_ARC_xxx_slice5-Ort.czi,old,gal,upper
165,33.0,243.27272727272728,8028.0,B489_ARC_xxx_slice5-Ort.czi,old,gal,upper
166,31.0,245.1290322580645,7599.0,B489_ARC_xxx_slice5-Ort.czi,old,gal,upper
167,83.0,209.0843373493976,17354.0,B489_ARC_xxx_slice5-Ort.czi,old,gal,upper
168,361.0,233.07202216066483,84139.0,B489_ARC_xxx_slice5-Ort.czi,old,gal,upper
169,334.0,235.20359281437126,78558.0,B489_ARC_xxx_slice5-Ort.czi,old,gal,upper
170,83.0,193.36144578313252,16049.0,B489_ARC_xxx_slice5-Ort.czi,old,gal,upper
171,179.0,240.31843575418995,43017.0,B489_ARC_xxx_slice5-Ort.czi,old,gal,upper
172,1.0,155.0,155.0,B489_ARC_xxx_slice5-Ort.czi,old,gal,upper
173,82.0,230.02439024390245,18862.0,B489_ARC_xxx_slice5-Ort.czi,old,gal,upper
174,21.0,167.14285714285714,3510.0,B489_ARC_xxx_slice5-Ort.czi,old,gal,upper
175,114.0,234.02631578947367,26679.0,B489_ARC_xxx_slice5-Ort.czi,old,gal,upper
176,53.0,227.20754716981133,12042.0,B489_ARC_xxx_slice5-Ort.czi,old,gal,upper
177,202.0,239.009900990099,48280.0,B489_ARC_xxx_slice5-Ort.czi,old,gal,upper
178,22.0,167.8181818181818,3692.0,B489_ARC_xxx_slice5-Ort.czi,old,gal,upper
179,87.0,210.6206896551724,18324.0,B489_ARC_xxx_slice5-Ort.czi,old,gal,upper
180,94.0,237.79787234042553,22353.0,B489_ARC_xxx_slice5-Ort.czi,old,gal,upper
181,75.0,207.09333333333333,15532.0,B489_ARC_xxx_slice5-Ort.czi,old,gal,upper
182,91.0,235.7032967032967,21449.0,B489_ARC_xxx_slice5-Ort.czi,old,gal,upper
183,20.0,202.55,4051.0,B489_ARC_xxx_slice5-Ort.czi,old,gal,upper
184,202.0,234.41584158415841,47352.0,B489_ARC_xxx_slice5-Ort.czi,old,gal,upper
185,155.0,205.81935483870967,31902.0,B489_ARC_xxx_slice5-Ort.czi,old,gal,upper
186,74.0,237.48648648648648,17574.0,B489_ARC_xxx_slice5-Ort.czi,old,gal,upper
187,45.0,199.7111111111111,8987.0,B489_ARC_xxx_slice5-Ort.czi,old,gal,upper
188,94.0,223.88297872340425,21045.0,B489_ARC_xxx_slice5-Ort.czi,old,gal,upper
189,137.0,213.86861313868613,29300.0,B489_ARC_xxx_slice5-Ort.czi,old,gal,upper
190,46.0,191.91304347826087,8828.0,B489_ARC_xxx_slice5-Ort.czi,old,gal,upper
191,16.0,174.8125,2797.0,B489_ARC_xxx_slice5-Ort.czi,old,gal,upper
192,65.0,221.16923076923078,14376.0,B489_ARC_xxx_slice5-Ort.czi,old,gal,upper
193,218.0,222.9908256880734,48612.0,B489_ARC_xxx_slice5-Ort.czi,old,gal,upper
194,74.0,232.24324324324326,17186.0,B489_ARC_xxx_slice5-Ort.czi,old,gal,upper
195,202.0,216.68316831683168,43770.0,B489_ARC_xxx_slice5-Ort.czi,old,gal,upper
196,160.0,237.71875,38035.0,B489_ARC_xxx_slice5-Ort.czi,old,gal,upper
197,111.0,236.36936936936937,26237.0,B489_ARC_xxx_slice5-Ort.czi,old,gal,upper
198,78.0,214.73076923076923,16749.0,B489_ARC_xxx_slice5-Ort.czi,old,gal,upper
199,72.0,230.31944444444446,16583.0,B489_ARC_xxx_slice5-Ort.czi,old,gal,upper
200,23.0,180.30434782608697,4147.0,B489_ARC_xxx_slice5-Ort.czi,old,gal,upper
201,3.0,189.0,567.0,B489_ARC_xxx_slice5-Ort.czi,old,gal,upper
202,9.0,177.66666666666666,1599.0,B489_ARC_xxx_slice5-Ort.czi,old,gal,upper
203,23.0,153.43478260869566,3529.0,B489_ARC_xxx_slice5-Ort.czi,old,gal,upper
204,96.0,232.59375,22329.0,B489_ARC_xxx_slice5-Ort.czi,old,gal,upper
205,227.0,210.88986784140968,47872.0,B489_ARC_xxx_slice5-Ort.czi,old,gal,upper
206,30.0,219.9,6597.0,B489_ARC_xxx_slice5-Ort.czi,old,gal,upper
207,193.0,226.24870466321244,43666.0,B489_ARC_xxx_slice5-Ort.czi,old,gal,upper
208,190.0,239.42105263157896,45490.0,B489_ARC_xxx_slice5-Ort.czi,old,gal,upper
209,302.0,223.68211920529802,67552.0,B489_ARC_xxx_slice5-Ort.czi,old,gal,upper
210,28.0,196.60714285714286,5505.0,B489_ARC_xxx_slice5-Ort.czi,old,gal,upper
211,103.0,240.36893203883494,24758.0,B489_ARC_xxx_slice5-Ort.czi,old,gal,upper
212,31.0,235.19354838709677,7291.0,B489_ARC_xxx_slice5-Ort.czi,old,gal,upper
213,79.0,187.25316455696202,14793.0,B489_ARC_xxx_slice5-Ort.czi,old,gal,upper
214,121.0,240.71074380165288,29126.0,B489_ARC_xxx_slice5-Ort.czi,old,gal,upper
215,149.0,241.90604026845637,36044.0,B489_ARC_xxx_slice5-Ort.czi,old,gal,upper
216,99.0,224.64646464646464,22240.0,B489_ARC_xxx_slice5-Ort.czi,old,gal,upper
217,1.0,164.0,164.0,B489_ARC_xxx_slice5-Ort.czi,old,gal,upper
218,69.0,218.94202898550725,15107.0,B489_ARC_xxx_slice5-Ort.czi,old,gal,upper
219,90.0,215.46666666666667,19392.0,B489_ARC_xxx_slice5-Ort.czi,old,gal,upper
220,11.0,214.1818181818182,2356.0,B489_ARC_xxx_slice5-Ort.czi,old,gal,upper
221,145.0,225.42068965517242,32686.0,B489_ARC_xxx_slice5-Ort.czi,old,gal,upper
222,97.0,235.5463917525773,22848.0,B489_ARC_xxx_slice5-Ort.czi,old,gal,upper
223,156.0,222.18589743589743,34661.0,B489_ARC_xxx_slice5-Ort.czi,old,gal,upper
224,105.0,227.1809523809524,23854.0,B489_ARC_xxx_slice5-Ort.czi,old,gal,upper
225,58.0,174.06896551724137,10096.0,B489_ARC_xxx_slice5-Ort.czi,old,gal,upper
226,143.0,235.8951048951049,33733.0,B489_ARC_xxx_slice5-Ort.czi,old,gal,upper
227,16.0,245.875,3934.0,B489_ARC_xxx_slice5-Ort.czi,old,gal,upper
228,180.0,232.50555555555556,41851.0,B489_ARC_xxx_slice5-Ort.czi,old,gal,upper
229,191.0,228.5759162303665,43658.0,B489_ARC_xxx_slice5-Ort.czi,old,gal,upper
230,16.0,201.5,3224.0,B489_ARC_xxx_slice5-Ort.czi,old,gal,upper
231,115.0,237.08695652173913,27265.0,B489_ARC_xxx_slice5-Ort.czi,old,gal,upper
232,57.0,219.05263157894737,12486.0,B489_ARC_xxx_slice5-Ort.czi,old,gal,upper
233,44.0,211.70454545454547,9315.0,B489_ARC_xxx_slice5-Ort.czi,old,gal,upper
234,30.0,191.6,5748.0,B489_ARC_xxx_slice5-Ort.czi,old,gal,upper
235,98.0,236.48979591836735,23176.0,B489_ARC_xxx_slice5-Ort.czi,old,gal,upper
236,123.0,228.65853658536585,28125.0,B489_ARC_xxx_slice5-Ort.czi,old,gal,upper
237,23.0,183.82608695652175,4228.0,B489_ARC_xxx_slice5-Ort.czi,old,gal,upper
238,103.0,198.6601941747573,20462.0,B489_ARC_xxx_slice5-Ort.czi,old,gal,upper
239,92.0,222.8804347826087,20505.0,B489_ARC_xxx_slice5-Ort.czi,old,gal,upper
240,107.0,236.07476635514018,25260.0,B489_ARC_xxx_slice5-Ort.czi,old,gal,upper
241,19.0,238.8421052631579,4538.0,B489_ARC_xxx_slice5-Ort.czi,old,gal,upper
242,132.0,236.92424242424244,31274.0,B489_ARC_xxx_slice5-Ort.czi,old,gal,upper
243,88.0,224.75,19778.0,B489_ARC_xxx_slice5-Ort.czi,old,gal,upper
244,98.0,192.64285714285714,18879.0,B489_ARC_xxx_slice5-Ort.czi,old,gal,upper
245,107.0,221.62616822429908,23714.0,B489_ARC_xxx_slice5-Ort.czi,old,gal,upper
246,139.0,242.24460431654677,33672.0,B489_ARC_xxx_slice5-Ort.czi,old,gal,upper
247,91.0,247.28571428571428,22503.0,B489_ARC_xxx_slice5-Ort.czi,old,gal,upper
248,146.0,239.9041095890411,35026.0,B489_ARC_xxx_slice5-Ort.czi,old,gal,upper
249,113.0,240.15929203539824,27138.0,B489_ARC_xxx_slice5-Ort.czi,old,gal,upper
250,107.0,204.33644859813083,21864.0,B489_ARC_xxx_slice5-Ort.czi,old,gal,upper
251,232.0,236.22413793103448,54804.0,B489_ARC_xxx_slice5-Ort.czi,old,gal,upper
252,185.0,238.23243243243243,44073.0,B489_ARC_xxx_slice5-Ort.czi,old,gal,upper
253,117.0,210.54700854700855,24634.0,B489_ARC_xxx_slice5-Ort.czi,old,gal,upper
254,138.0,227.3840579710145,31379.0,B489_ARC_xxx_slice5-Ort.czi,old,gal,upper
255,83.0,219.0,18177.0,B489_ARC_xxx_slice5-Ort.czi,old,gal,upper
256,78.0,232.51282051282053,18136.0,B489_ARC_xxx_slice5-Ort.czi,old,gal,upper
257,95.0,227.02105263157895,21567.0,B489_ARC_xxx_slice5-Ort.czi,old,gal,upper
258,78.0,237.96153846153845,18561.0,B489_ARC_xxx_slice5-Ort.czi,old,gal,upper
259,183.0,207.34972677595627,37945.0,B489_ARC_xxx_slice5-Ort.czi,old,gal,upper
260,4.0,250.75,1003.0,B489_ARC_xxx_slice5-Ort.czi,old,gal,upper
261,99.0,237.97979797979798,23560.0,B489_ARC_xxx_slice5-Ort.czi,old,gal,upper
262,226.0,234.56637168141592,53012.0,B489_ARC_xxx_slice5-Ort.czi,old,gal,upper
263,16.0,203.3125,3253.0,B489_ARC_xxx_slice5-Ort.czi,old,gal,upper
264,54.0,203.62962962962962,10996.0,B489_ARC_xxx_slice5-Ort.czi,old,gal,upper
265,122.0,243.36065573770492,29690.0,B489_ARC_xxx_slice5-Ort.czi,old,gal,upper
266,13.0,180.6153846153846,2348.0,B489_ARC_xxx_slice5-Ort.czi,old,gal,upper
267,65.0,244.33846153846153,15882.0,B489_ARC_xxx_slice5-Ort.czi,old,gal,upper
268,126.0,236.56349206349208,29807.0,B489_ARC_xxx_slice5-Ort.czi,old,gal,upper
269,88.0,219.57954545454547,19323.0,B489_ARC_xxx_slice5-Ort.czi,old,gal,upper
270,56.0,222.28571428571428,12448.0,B489_ARC_xxx_slice5-Ort.czi,old,gal,upper
271,32.0,227.75,7288.0,B489_ARC_xxx_slice5-Ort.czi,old,gal,upper
272,62.0,193.9516129032258,12025.0,B489_ARC_xxx_slice5-Ort.czi,old,gal,upper
273,16.0,177.75,2844.0,B489_ARC_xxx_slice5-Ort.czi,old,gal,upper
274,1.0,175.0,175.0,B489_ARC_xxx_slice5-Ort.czi,old,gal,upper
275,1.0,66.0,66.0,B489_ARC_xxx_slice5-Ort.czi,old,gal,upper
276,29.0,182.3448275862069,5288.0,B489_ARC_xxx_slice5-Ort.czi,old,gal,upper
277,2.0,158.5,317.0,B489_ARC_xxx_slice5-Ort.czi,old,gal,upper
278,99.0,216.45454545454547,21429.0,B489_ARC_xxx_slice5-Ort.czi,old,gal,upper
279,114.0,226.19298245614036,25786.0,B489_ARC_xxx_slice5-Ort.czi,old,gal,upper
280,11.0,200.72727272727272,2208.0,B489_ARC_xxx_slice5-Ort.czi,old,gal,upper
281,1.0,56.0,56.0,B489_ARC_xxx_slice5-Ort.czi,old,gal,upper
282,292.0,234.01712328767124,68333.0,B489_ARC_xxx_slice5-Ort.czi,old,gal,upper
283,7.0,226.0,1582.0,B489_ARC_xxx_slice5-Ort.czi,old,gal,upper
284,62.0,216.82258064516128,13443.0,B489_ARC_xxx_slice5-Ort.czi,old,gal,upper
285,155.0,241.63870967741934,37454.0,B489_ARC_xxx_slice5-Ort.czi,old,gal,upper
286,111.0,239.8108108108108,26619.0,B489_ARC_xxx_slice5-Ort.czi,old,gal,upper
287,123.0,224.02439024390245,27555.0,B489_ARC_xxx_slice5-Ort.czi,old,gal,upper
288,23.0,183.95652173913044,4231.0,B489_ARC_xxx_slice5-Ort.czi,old,gal,upper
289,77.0,224.53246753246754,17289.0,B489_ARC_xxx_slice5-Ort.czi,old,gal,upper
290,144.0,240.58333333333334,34644.0,B489_ARC_xxx_slice5-Ort.czi,old,gal,upper
291,129.0,241.06201550387595,31097.0,B489_ARC_xxx_slice5-Ort.czi,old,gal,upper
292,92.0,234.65217391304347,21588.0,B489_ARC_xxx_slice5-Ort.czi,old,gal,upper
293,76.0,222.22368421052633,16889.0,B489_ARC_xxx_slice5-Ort.czi,old,gal,upper
294,144.0,236.74305555555554,34091.0,B489_ARC_xxx_slice5-Ort.czi,old,gal,upper
295,22.0,236.54545454545453,5204.0,B489_ARC_xxx_slice5-Ort.czi,old,gal,upper
296,127.0,244.5275590551181,31055.0,B489_ARC_xxx_slice5-Ort.czi,old,gal,upper
297,2.0,207.0,414.0,B489_ARC_xxx_slice5-Ort.czi,old,gal,upper
298,139.0,236.24460431654677,32838.0,B489_ARC_xxx_slice5-Ort.czi,old,gal,upper
299,17.0,194.23529411764707,3302.0,B489_ARC_xxx_slice5-Ort.czi,old,gal,upper
300,45.0,215.57777777777778,9701.0,B489_ARC_xxx_slice5-Ort.czi,old,gal,upper
301,2.0,177.0,354.0,B489_ARC_xxx_slice5-Ort.czi,old,gal,upper
302,4.0,251.5,1006.0,B489_ARC_xxx_slice5-Ort.czi,old,gal,upper
303,145.0,242.50344827586207,35163.0,B489_ARC_xxx_slice5-Ort.czi,old,gal,upper
304,132.0,234.3939393939394,30940.0,B489_ARC_xxx_slice5-Ort.czi,old,gal,upper
305,8.0,171.375,1371.0,B489_ARC_xxx_slice5-Ort.czi,old,gal,upper
306,44.0,211.95454545454547,9326.0,B489_ARC_xxx_slice5-Ort.czi,old,gal,upper
307,107.0,241.6448598130841,25856.0,B489_ARC_xxx_slice5-Ort.czi,old,gal,upper
308,20.0,240.7,4814.0,B489_ARC_xxx_slice5-Ort.czi,old,gal,upper
309,1.0,255.0,255.0,B489_ARC_xxx_slice5-Ort.czi,old,gal,upper
310,7.0,162.28571428571428,1136.0,B489_ARC_xxx_slice5-Ort.czi,old,gal,upper
311,6.0,205.66666666666666,1234.0,B489_ARC_xxx_slice5-Ort.czi,old,gal,upper
312,6.0,199.33333333333334,1196.0,B489_ARC_xxx_slice5-Ort.czi,old,gal,upper
313,9.0,174.0,1566.0,B489_ARC_xxx_slice5-Ort.czi,old,gal,upper
314,58.0,219.3793103448276,12724.0,B489_ARC_xxx_slice5-Ort.czi,old,gal,upper
1,54.0,198.6851851851852,10729.0,F656_ARC _B3_slice5-Ort.czi,old,gal,upper
2,7.0,154.28571428571428,1080.0,F656_ARC _B3_slice5-Ort.czi,old,gal,upper
3,95.0,210.9157894736842,20037.0,F656_ARC _B3_slice5-Ort.czi,old,gal,upper
4,1.0,138.0,138.0,F656_ARC _B3_slice5-Ort.czi,old,gal,upper
5,30.0,198.2,5946.0,F656_ARC _B3_slice5-Ort.czi,old,gal,upper
6,20.0,143.2,2864.0,F656_ARC _B3_slice5-Ort.czi,old,gal,upper
7,137.0,227.35036496350364,31147.0,F656_ARC _B3_slice5-Ort.czi,old,gal,upper
8,49.0,187.79591836734693,9202.0,F656_ARC _B3_slice5-Ort.czi,old,gal,upper
9,230.0,197.41304347826087,45405.0,F656_ARC _B3_slice5-Ort.czi,old,gal,upper
10,63.0,203.3968253968254,12814.0,F656_ARC _B3_slice5-Ort.czi,old,gal,upper
11,32.0,164.78125,5273.0,F656_ARC _B3_slice5-Ort.czi,old,gal,upper
12,97.0,228.57731958762886,22172.0,F656_ARC _B3_slice5-Ort.czi,old,gal,upper
13,92.0,178.29347826086956,16403.0,F656_ARC _B3_slice5-Ort.czi,old,gal,upper
14,131.0,239.2824427480916,31346.0,F656_ARC _B3_slice5-Ort.czi,old,gal,upper
15,5.0,237.0,1185.0,F656_ARC _B3_slice5-Ort.czi,old,gal,upper
16,45.0,196.77777777777777,8855.0,F656_ARC _B3_slice5-Ort.czi,old,gal,upper
17,91.0,186.23076923076923,16947.0,F656_ARC _B3_slice5-Ort.czi,old,gal,upper
18,107.0,233.7196261682243,25008.0,F656_ARC _B3_slice5-Ort.czi,old,gal,upper
19,93.0,181.32258064516128,16863.0,F656_ARC _B3_slice5-Ort.czi,old,gal,upper
20,2.0,119.0,238.0,F656_ARC _B3_slice5-Ort.czi,old,gal,upper
21,14.0,201.28571428571428,2818.0,F656_ARC _B3_slice5-Ort.czi,old,gal,upper
22,38.0,234.47368421052633,8910.0,F656_ARC _B3_slice5-Ort.czi,old,gal,upper
23,9.0,164.44444444444446,1480.0,F656_ARC _B3_slice5-Ort.czi,old,gal,upper
24,59.0,213.22033898305085,12580.0,F656_ARC _B3_slice5-Ort.czi,old,gal,upper
25,122.0,221.5327868852459,27027.0,F656_ARC _B3_slice5-Ort.czi,old,gal,upper
26,141.0,219.7659574468085,30987.0,F656_ARC _B3_slice5-Ort.czi,old,gal,upper
27,109.0,224.40366972477065,24460.0,F656_ARC _B3_slice5-Ort.czi,old,gal,upper
28,32.0,200.25,6408.0,F656_ARC _B3_slice5-Ort.czi,old,gal,upper
29,101.0,183.96039603960395,18580.0,F656_ARC _B3_slice5-Ort.czi,old,gal,upper
30,4.0,215.25,861.0,F656_ARC _B3_slice5-Ort.czi,old,gal,upper
31,92.0,195.8695652173913,18020.0,F656_ARC _B3_slice5-Ort.czi,old,gal,upper
32,1.0,94.0,94.0,F656_ARC _B3_slice5-Ort.czi,old,gal,upper
33,23.0,231.0,5313.0,F656_ARC _B3_slice5-Ort.czi,old,gal,upper
34,41.0,176.0731707317073,7219.0,F656_ARC _B3_slice5-Ort.czi,old,gal,upper
35,20.0,193.9,3878.0,F656_ARC _B3_slice5-Ort.czi,old,gal,upper
36,22.0,187.04545454545453,4115.0,F656_ARC _B3_slice5-Ort.czi,old,gal,upper
37,3.0,129.0,387.0,F656_ARC _B3_slice5-Ort.czi,old,gal,upper
38,2.0,176.0,352.0,F656_ARC _B3_slice5-Ort.czi,old,gal,upper
39,13.0,184.76923076923077,2402.0,F656_ARC _B3_slice5-Ort.czi,old,gal,upper
40,12.0,168.0,2016.0,F656_ARC _B3_slice5-Ort.czi,old,gal,upper
41,6.0,185.33333333333334,1112.0,F656_ARC _B3_slice5-Ort.czi,old,gal,upper
42,2.0,208.0,416.0,F656_ARC _B3_slice5-Ort.czi,old,gal,upper
43,9.0,149.88888888888889,1349.0,F656_ARC _B3_slice5-Ort.czi,old,gal,upper
44,85.0,179.83529411764707,15286.0,F656_ARC _B3_slice5-Ort.czi,old,gal,upper
45,28.0,193.07142857142858,5406.0,F656_ARC _B3_slice5-Ort.czi,old,gal,upper
46,62.0,209.74193548387098,13004.0,F656_ARC _B3_slice5-Ort.czi,old,gal,upper
47,8.0,185.25,1482.0,F656_ARC _B3_slice5-Ort.czi,old,gal,upper
48,86.0,228.58139534883722,19658.0,F656_ARC _B3_slice5-Ort.czi,old,gal,upper
49,22.0,229.72727272727272,5054.0,F656_ARC _B3_slice5-Ort.czi,old,gal,upper
50,23.0,206.3913043478261,4747.0,F656_ARC _B3_slice5-Ort.czi,old,gal,upper
51,11.0,185.54545454545453,2040.9999999999998,F656_ARC _B3_slice5-Ort.czi,old,gal,upper
52,65.0,200.86153846153846,13056.0,F656_ARC _B3_slice5-Ort.czi,old,gal,upper
53,104.0,184.98076923076923,19238.0,F656_ARC _B3_slice5-Ort.czi,old,gal,upper
54,5.0,119.6,598.0,F656_ARC _B3_slice5-Ort.czi,old,gal,upper
55,2.0,255.0,510.0,F656_ARC _B3_slice5-Ort.czi,old,gal,upper
56,18.0,175.0,3150.0,F656_ARC _B3_slice5-Ort.czi,old,gal,upper
57,7.0,137.42857142857142,961.9999999999999,F656_ARC _B3_slice5-Ort.czi,old,gal,upper
1,12.0,185.33333333333334,2224.0,B465_ARC _C3_slice5-Ort.czi,old,gal,upper
2,58.0,228.31034482758622,13242.0,B465_ARC _C3_slice5-Ort.czi,old,gal,upper
3,42.0,221.38095238095238,9298.0,B465_ARC _C3_slice5-Ort.czi,old,gal,upper
4,1.0,186.0,186.0,B465_ARC _C3_slice5-Ort.czi,old,gal,upper
5,89.0,211.25842696629215,18802.0,B465_ARC _C3_slice5-Ort.czi,old,gal,upper
6,19.0,182.78947368421052,3473.0,B465_ARC _C3_slice5-Ort.czi,old,gal,upper
7,93.0,220.31182795698925,20489.0,B465_ARC _C3_slice5-Ort.czi,old,gal,upper
8,71.0,197.6056338028169,14030.0,B465_ARC _C3_slice5-Ort.czi,old,gal,upper
9,37.0,195.45945945945945,7232.0,B465_ARC _C3_slice5-Ort.czi,old,gal,upper
10,118.0,227.35593220338984,26828.0,B465_ARC _C3_slice5-Ort.czi,old,gal,upper
11,105.0,226.71428571428572,23805.0,B465_ARC _C3_slice5-Ort.czi,old,gal,upper
12,92.0,236.06521739130434,21718.0,B465_ARC _C3_slice5-Ort.czi,old,gal,upper
13,128.0,212.515625,27202.0,B465_ARC _C3_slice5-Ort.czi,old,gal,upper
14,52.0,193.15384615384616,10044.0,B465_ARC _C3_slice5-Ort.czi,old,gal,upper
15,2.0,231.5,463.0,B465_ARC _C3_slice5-Ort.czi,old,gal,upper
16,57.0,223.42105263157896,12735.0,B465_ARC _C3_slice5-Ort.czi,old,gal,upper
17,83.0,213.53012048192772,17723.0,B465_ARC _C3_slice5-Ort.czi,old,gal,upper
18,15.0,201.86666666666667,3028.0,B465_ARC _C3_slice5-Ort.czi,old,gal,upper
19,25.0,172.76,4319.0,B465_ARC _C3_slice5-Ort.czi,old,gal,upper
20,60.0,234.48333333333332,14069.0,B465_ARC _C3_slice5-Ort.czi,old,gal,upper
21,102.0,224.66666666666666,22916.0,B465_ARC _C3_slice5-Ort.czi,old,gal,upper
22,102.0,177.97058823529412,18153.0,B465_ARC _C3_slice5-Ort.czi,old,gal,upper
23,185.0,225.4972972972973,41717.0,B465_ARC _C3_slice5-Ort.czi,old,gal,upper
24,113.0,224.36283185840708,25353.0,B465_ARC _C3_slice5-Ort.czi,old,gal,upper
25,12.0,140.58333333333334,1687.0,B465_ARC _C3_slice5-Ort.czi,old,gal,upper
26,9.0,131.55555555555554,1184.0,B465_ARC _C3_slice5-Ort.czi,old,gal,upper
27,161.0,217.90062111801242,35082.0,B465_ARC _C3_slice5-Ort.czi,old,gal,upper
28,86.0,229.6860465116279,19753.0,B465_ARC _C3_slice5-Ort.czi,old,gal,upper
29,39.0,153.25641025641025,5977.0,B465_ARC _C3_slice5-Ort.czi,old,gal,upper
30,100.0,233.9,23390.0,B465_ARC _C3_slice5-Ort.czi,old,gal,upper
31,50.0,224.28,11214.0,B465_ARC _C3_slice5-Ort.czi,old,gal,upper
32,46.0,165.15217391304347,7597.0,B465_ARC _C3_slice5-Ort.czi,old,gal,upper
33,16.0,212.1875,3395.0,B465_ARC _C3_slice5-Ort.czi,old,gal,upper
34,29.0,181.3448275862069,5259.0,B465_ARC _C3_slice5-Ort.czi,old,gal,upper
35,49.0,233.57142857142858,11445.0,B465_ARC _C3_slice5-Ort.czi,old,gal,upper
36,76.0,233.05263157894737,17712.0,B465_ARC _C3_slice5-Ort.czi,old,gal,upper
37,95.0,225.25263157894736,21399.0,B465_ARC _C3_slice5-Ort.czi,old,gal,upper
38,9.0,170.77777777777777,1537.0,B465_ARC _C3_slice5-Ort.czi,old,gal,upper
39,100.0,170.66,17066.0,B465_ARC _C3_slice5-Ort.czi,old,gal,upper
40,8.0,151.75,1214.0,B465_ARC _C3_slice5-Ort.czi,old,gal,upper
41,11.0,165.9090909090909,1825.0,B465_ARC _C3_slice5-Ort.czi,old,gal,upper
42,67.0,208.47761194029852,13968.0,B465_ARC _C3_slice5-Ort.czi,old,gal,upper
43,100.0,222.13,22213.0,B465_ARC _C3_slice5-Ort.czi,old,gal,upper
44,7.0,152.57142857142858,1068.0,B465_ARC _C3_slice5-Ort.czi,old,gal,upper
45,13.0,182.6153846153846,2374.0,B465_ARC _C3_slice5-Ort.czi,old,gal,upper
46,104.0,236.125,24557.0,B465_ARC _C3_slice5-Ort.czi,old,gal,upper
47,85.0,217.01176470588234,18446.0,B465_ARC _C3_slice5-Ort.czi,old,gal,upper
48,18.0,155.55555555555554,2800.0,B465_ARC _C3_slice5-Ort.czi,old,gal,upper
49,35.0,172.74285714285713,6046.0,B465_ARC _C3_slice5-Ort.czi,old,gal,upper
50,9.0,204.11111111111111,1837.0,B465_ARC _C3_slice5-Ort.czi,old,gal,upper
51,17.0,219.1764705882353,3726.0,B465_ARC _C3_slice5-Ort.czi,old,gal,upper
52,35.0,157.57142857142858,5515.0,B465_ARC _C3_slice5-Ort.czi,old,gal,upper
53,17.0,199.58823529411765,3393.0,B465_ARC _C3_slice5-Ort.czi,old,gal,upper
54,16.0,223.5625,3577.0,B465_ARC _C3_slice5-Ort.czi,old,gal,upper
55,5.0,208.6,1043.0,B465_ARC _C3_slice5-Ort.czi,old,gal,upper
1,46.0,200.6086956521739,9228.0,B489_ARC_xxx_slice7-Ort.czi,old,gal,upper
2,39.0,168.48717948717947,6570.999999999999,B489_ARC_xxx_slice7-Ort.czi,old,gal,upper
3,105.0,242.4,25452.0,B489_ARC_xxx_slice7-Ort.czi,old,gal,upper
4,38.0,173.02631578947367,6574.999999999999,B489_ARC_xxx_slice7-Ort.czi,old,gal,upper
5,16.0,156.3125,2501.0,B489_ARC_xxx_slice7-Ort.czi,old,gal,upper
6,1.0,255.0,255.0,B489_ARC_xxx_slice7-Ort.czi,old,gal,upper
7,62.0,216.75806451612902,13439.0,B489_ARC_xxx_slice7-Ort.czi,old,gal,upper
8,119.0,216.32773109243698,25743.0,B489_ARC_xxx_slice7-Ort.czi,old,gal,upper
9,3.0,198.33333333333334,595.0,B489_ARC_xxx_slice7-Ort.czi,old,gal,upper
10,30.0,202.66666666666666,6080.0,B489_ARC_xxx_slice7-Ort.czi,old,gal,upper
11,35.0,176.11428571428573,6164.000000000001,B489_ARC_xxx_slice7-Ort.czi,old,gal,upper
12,62.0,220.19354838709677,13652.0,B489_ARC_xxx_slice7-Ort.czi,old,gal,upper
13,142.0,209.73239436619718,29782.0,B489_ARC_xxx_slice7-Ort.czi,old,gal,upper
14,22.0,154.6818181818182,3403.0,B489_ARC_xxx_slice7-Ort.czi,old,gal,upper
15,117.0,221.2991452991453,25892.0,B489_ARC_xxx_slice7-Ort.czi,old,gal,upper
16,2.0,246.5,493.0,B489_ARC_xxx_slice7-Ort.czi,old,gal,upper
17,107.0,219.9158878504673,23531.0,B489_ARC_xxx_slice7-Ort.czi,old,gal,upper
18,140.0,184.64285714285714,25850.0,B489_ARC_xxx_slice7-Ort.czi,old,gal,upper
19,91.0,223.56043956043956,20344.0,B489_ARC_xxx_slice7-Ort.czi,old,gal,upper
20,80.0,211.0625,16885.0,B489_ARC_xxx_slice7-Ort.czi,old,gal,upper
21,36.0,173.38888888888889,6242.0,B489_ARC_xxx_slice7-Ort.czi,old,gal,upper
22,3.0,158.0,474.0,B489_ARC_xxx_slice7-Ort.czi,old,gal,upper
23,89.0,197.35955056179776,17565.0,B489_ARC_xxx_slice7-Ort.czi,old,gal,upper
24,72.0,203.125,14625.0,B489_ARC_xxx_slice7-Ort.czi,old,gal,upper
25,84.0,244.23809523809524,20516.0,B489_ARC_xxx_slice7-Ort.czi,old,gal,upper
26,17.0,234.11764705882354,3980.0,B489_ARC_xxx_slice7-Ort.czi,old,gal,upper
27,65.0,220.73846153846154,14348.0,B489_ARC_xxx_slice7-Ort.czi,old,gal,upper
28,3.0,154.66666666666666,464.0,B489_ARC_xxx_slice7-Ort.czi,old,gal,upper
29,58.0,200.74137931034483,11643.0,B489_ARC_xxx_slice7-Ort.czi,old,gal,upper
30,129.0,221.89147286821705,28624.0,B489_ARC_xxx_slice7-Ort.czi,old,gal,upper
31,85.0,193.64705882352942,16460.0,B489_ARC_xxx_slice7-Ort.czi,old,gal,upper
32,10.0,162.4,1624.0,B489_ARC_xxx_slice7-Ort.czi,old,gal,upper
33,105.0,221.14285714285714,23220.0,B489_ARC_xxx_slice7-Ort.czi,old,gal,upper
34,17.0,163.88235294117646,2786.0,B489_ARC_xxx_slice7-Ort.czi,old,gal,upper
35,9.0,178.0,1602.0,B489_ARC_xxx_slice7-Ort.czi,old,gal,upper
36,25.0,179.04,4476.0,B489_ARC_xxx_slice7-Ort.czi,old,gal,upper
37,126.0,223.71428571428572,28188.0,B489_ARC_xxx_slice7-Ort.czi,old,gal,upper
38,51.0,191.50980392156862,9767.0,B489_ARC_xxx_slice7-Ort.czi,old,gal,upper
39,70.0,198.74285714285713,13912.0,B489_ARC_xxx_slice7-Ort.czi,old,gal,upper
40,8.0,229.625,1837.0,B489_ARC_xxx_slice7-Ort.czi,old,gal,upper
41,74.0,195.59459459459458,14474.0,B489_ARC_xxx_slice7-Ort.czi,old,gal,upper
42,33.0,201.84848484848484,6661.0,B489_ARC_xxx_slice7-Ort.czi,old,gal,upper
43,44.0,223.3409090909091,9827.0,B489_ARC_xxx_slice7-Ort.czi,old,gal,upper
44,94.0,197.7127659574468,18585.0,B489_ARC_xxx_slice7-Ort.czi,old,gal,upper
45,35.0,183.57142857142858,6425.0,B489_ARC_xxx_slice7-Ort.czi,old,gal,upper
46,17.0,198.35294117647058,3372.0,B489_ARC_xxx_slice7-Ort.czi,old,gal,upper
47,76.0,192.8421052631579,14656.0,B489_ARC_xxx_slice7-Ort.czi,old,gal,upper
48,41.0,193.46341463414635,7932.0,B489_ARC_xxx_slice7-Ort.czi,old,gal,upper
49,50.0,182.7,9135.0,B489_ARC_xxx_slice7-Ort.czi,old,gal,upper
50,105.0,181.7904761904762,19088.0,B489_ARC_xxx_slice7-Ort.czi,old,gal,upper
51,75.0,201.96,15147.0,B489_ARC_xxx_slice7-Ort.czi,old,gal,upper
52,54.0,219.33333333333334,11844.0,B489_ARC_xxx_slice7-Ort.czi,old,gal,upper
53,182.0,235.3021978021978,42825.0,B489_ARC_xxx_slice7-Ort.czi,old,gal,upper
54,129.0,193.10077519379846,24910.0,B489_ARC_xxx_slice7-Ort.czi,old,gal,upper
55,303.0,216.46534653465346,65589.0,B489_ARC_xxx_slice7-Ort.czi,old,gal,upper
56,17.0,153.41176470588235,2608.0,B489_ARC_xxx_slice7-Ort.czi,old,gal,upper
57,107.0,237.39252336448598,25401.0,B489_ARC_xxx_slice7-Ort.czi,old,gal,upper
58,93.0,216.59139784946237,20143.0,B489_ARC_xxx_slice7-Ort.czi,old,gal,upper
59,210.0,241.10476190476192,50632.0,B489_ARC_xxx_slice7-Ort.czi,old,gal,upper
60,35.0,217.62857142857143,7617.0,B489_ARC_xxx_slice7-Ort.czi,old,gal,upper
61,85.0,228.4,19414.0,B489_ARC_xxx_slice7-Ort.czi,old,gal,upper
62,31.0,178.67741935483872,5539.0,B489_ARC_xxx_slice7-Ort.czi,old,gal,upper
63,31.0,207.0,6417.0,B489_ARC_xxx_slice7-Ort.czi,old,gal,upper
64,127.0,216.04724409448818,27438.0,B489_ARC_xxx_slice7-Ort.czi,old,gal,upper
65,98.0,214.66326530612244,21037.0,B489_ARC_xxx_slice7-Ort.czi,old,gal,upper
66,6.0,184.0,1104.0,B489_ARC_xxx_slice7-Ort.czi,old,gal,upper
67,17.0,149.7058823529412,2545.0,B489_ARC_xxx_slice7-Ort.czi,old,gal,upper
68,35.0,176.8,6188.0,B489_ARC_xxx_slice7-Ort.czi,old,gal,upper
69,27.0,205.77777777777777,5556.0,B489_ARC_xxx_slice7-Ort.czi,old,gal,upper
70,4.0,174.0,696.0,B489_ARC_xxx_slice7-Ort.czi,old,gal,upper
71,15.0,157.33333333333334,2360.0,B489_ARC_xxx_slice7-Ort.czi,old,gal,upper
72,32.0,195.21875,6247.0,B489_ARC_xxx_slice7-Ort.czi,old,gal,upper
73,76.0,229.75,17461.0,B489_ARC_xxx_slice7-Ort.czi,old,gal,upper
74,6.0,154.83333333333334,929.0,B489_ARC_xxx_slice7-Ort.czi,old,gal,upper
75,10.0,193.2,1932.0,B489_ARC_xxx_slice7-Ort.czi,old,gal,upper
76,15.0,197.46666666666667,2962.0,B489_ARC_xxx_slice7-Ort.czi,old,gal,upper
77,8.0,175.5,1404.0,B489_ARC_xxx_slice7-Ort.czi,old,gal,upper
78,85.0,210.16470588235293,17864.0,B489_ARC_xxx_slice7-Ort.czi,old,gal,upper
79,162.0,228.20987654320987,36970.0,B489_ARC_xxx_slice7-Ort.czi,old,gal,upper
80,37.0,167.67567567567568,6204.0,B489_ARC_xxx_slice7-Ort.czi,old,gal,upper
81,27.0,149.33333333333334,4032.0000000000005,B489_ARC_xxx_slice7-Ort.czi,old,gal,upper
82,107.0,240.57943925233644,25742.0,B489_ARC_xxx_slice7-Ort.czi,old,gal,upper
83,73.0,185.1095890410959,13513.0,B489_ARC_xxx_slice7-Ort.czi,old,gal,upper
84,68.0,219.64705882352942,14936.0,B489_ARC_xxx_slice7-Ort.czi,old,gal,upper
85,111.0,194.53153153153153,21593.0,B489_ARC_xxx_slice7-Ort.czi,old,gal,upper
86,97.0,214.659793814433,20822.0,B489_ARC_xxx_slice7-Ort.czi,old,gal,upper
87,46.0,181.3695652173913,8343.0,B489_ARC_xxx_slice7-Ort.czi,old,gal,upper
88,10.0,166.3,1663.0,B489_ARC_xxx_slice7-Ort.czi,old,gal,upper
89,14.0,225.57142857142858,3158.0,B489_ARC_xxx_slice7-Ort.czi,old,gal,upper
90,5.0,117.2,586.0,B489_ARC_xxx_slice7-Ort.czi,old,gal,upper
91,29.0,165.10344827586206,4788.0,B489_ARC_xxx_slice7-Ort.czi,old,gal,upper
92,17.0,188.8235294117647,3210.0,B489_ARC_xxx_slice7-Ort.czi,old,gal,upper
93,65.0,222.23076923076923,14445.0,B489_ARC_xxx_slice7-Ort.czi,old,gal,upper
94,41.0,220.0731707317073,9023.0,B489_ARC_xxx_slice7-Ort.czi,old,gal,upper
95,3.0,214.0,642.0,B489_ARC_xxx_slice7-Ort.czi,old,gal,upper
96,3.0,124.33333333333333,373.0,B489_ARC_xxx_slice7-Ort.czi,old,gal,upper
97,21.0,201.04761904761904,4222.0,B489_ARC_xxx_slice7-Ort.czi,old,gal,upper
98,109.0,213.28440366972478,23248.0,B489_ARC_xxx_slice7-Ort.czi,old,gal,upper
99,40.0,183.075,7323.0,B489_ARC_xxx_slice7-Ort.czi,old,gal,upper
100,241.0,214.551867219917,51707.0,B489_ARC_xxx_slice7-Ort.czi,old,gal,upper
101,2.0,82.0,164.0,B489_ARC_xxx_slice7-Ort.czi,old,gal,upper
102,14.0,219.71428571428572,3076.0,B489_ARC_xxx_slice7-Ort.czi,old,gal,upper
103,16.0,173.25,2772.0,B489_ARC_xxx_slice7-Ort.czi,old,gal,upper
104,102.0,227.76470588235293,23232.0,B489_ARC_xxx_slice7-Ort.czi,old,gal,upper
105,13.0,134.23076923076923,1745.0,B489_ARC_xxx_slice7-Ort.czi,old,gal,upper
106,1.0,161.0,161.0,B489_ARC_xxx_slice7-Ort.czi,old,gal,upper
107,55.0,183.96363636363637,10118.0,B489_ARC_xxx_slice7-Ort.czi,old,gal,upper
108,27.0,177.92592592592592,4804.0,B489_ARC_xxx_slice7-Ort.czi,old,gal,upper
109,92.0,220.1413043478261,20253.0,B489_ARC_xxx_slice7-Ort.czi,old,gal,upper
110,14.0,212.14285714285714,2970.0,B489_ARC_xxx_slice7-Ort.czi,old,gal,upper
111,67.0,170.4179104477612,11418.0,B489_ARC_xxx_slice7-Ort.czi,old,gal,upper
112,85.0,212.41176470588235,18055.0,B489_ARC_xxx_slice7-Ort.czi,old,gal,upper
113,145.0,196.4896551724138,28491.0,B489_ARC_xxx_slice7-Ort.czi,old,gal,upper
114,9.0,204.88888888888889,1844.0,B489_ARC_xxx_slice7-Ort.czi,old,gal,upper
115,192.0,231.86979166666666,44519.0,B489_ARC_xxx_slice7-Ort.czi,old,gal,upper
116,71.0,237.35211267605635,16852.0,B489_ARC_xxx_slice7-Ort.czi,old,gal,upper
117,14.0,169.35714285714286,2371.0,B489_ARC_xxx_slice7-Ort.czi,old,gal,upper
118,36.0,221.52777777777777,7975.0,B489_ARC_xxx_slice7-Ort.czi,old,gal,upper
119,1.0,173.0,173.0,B489_ARC_xxx_slice7-Ort.czi,old,gal,upper
120,7.0,231.0,1617.0,B489_ARC_xxx_slice7-Ort.czi,old,gal,upper
121,144.0,210.29166666666666,30282.0,B489_ARC_xxx_slice7-Ort.czi,old,gal,upper
122,8.0,187.125,1497.0,B489_ARC_xxx_slice7-Ort.czi,old,gal,upper
123,100.0,237.64,23764.0,B489_ARC_xxx_slice7-Ort.czi,old,gal,upper
124,71.0,181.9718309859155,12920.0,B489_ARC_xxx_slice7-Ort.czi,old,gal,upper
125,71.0,186.3943661971831,13234.0,B489_ARC_xxx_slice7-Ort.czi,old,gal,upper
126,45.0,187.2888888888889,8428.0,B489_ARC_xxx_slice7-Ort.czi,old,gal,upper
127,14.0,194.64285714285714,2725.0,B489_ARC_xxx_slice7-Ort.czi,old,gal,upper
128,125.0,236.352,29544.0,B489_ARC_xxx_slice7-Ort.czi,old,gal,upper
129,44.0,166.79545454545453,7338.999999999999,B489_ARC_xxx_slice7-Ort.czi,old,gal,upper
130,260.0,228.4269230769231,59391.0,B489_ARC_xxx_slice7-Ort.czi,old,gal,upper
131,2.0,189.0,378.0,B489_ARC_xxx_slice7-Ort.czi,old,gal,upper
132,93.0,239.752688172043,22297.0,B489_ARC_xxx_slice7-Ort.czi,old,gal,upper
133,85.0,188.6235294117647,16033.0,B489_ARC_xxx_slice7-Ort.czi,old,gal,upper
134,143.0,219.88111888111888,31443.0,B489_ARC_xxx_slice7-Ort.czi,old,gal,upper
135,45.0,210.77777777777777,9485.0,B489_ARC_xxx_slice7-Ort.czi,old,gal,upper
136,49.0,174.89795918367346,8570.0,B489_ARC_xxx_slice7-Ort.czi,old,gal,upper
137,37.0,229.43243243243242,8489.0,B489_ARC_xxx_slice7-Ort.czi,old,gal,upper
138,67.0,211.11940298507463,14145.0,B489_ARC_xxx_slice7-Ort.czi,old,gal,upper
139,24.0,210.29166666666666,5047.0,B489_ARC_xxx_slice7-Ort.czi,old,gal,upper
140,98.0,198.1734693877551,19421.0,B489_ARC_xxx_slice7-Ort.czi,old,gal,upper
141,6.0,176.83333333333334,1061.0,B489_ARC_xxx_slice7-Ort.czi,old,gal,upper
142,88.0,209.8068181818182,18463.0,B489_ARC_xxx_slice7-Ort.czi,old,gal,upper
143,62.0,197.67741935483872,12256.0,B489_ARC_xxx_slice7-Ort.czi,old,gal,upper
144,77.0,183.85714285714286,14157.0,B489_ARC_xxx_slice7-Ort.czi,old,gal,upper
145,8.0,150.375,1203.0,B489_ARC_xxx_slice7-Ort.czi,old,gal,upper
146,76.0,202.96052631578948,15425.0,B489_ARC_xxx_slice7-Ort.czi,old,gal,upper
147,46.0,204.04347826086956,9386.0,B489_ARC_xxx_slice7-Ort.czi,old,gal,upper
148,86.0,202.38372093023256,17405.0,B489_ARC_xxx_slice7-Ort.czi,old,gal,upper
149,57.0,206.6315789473684,11778.0,B489_ARC_xxx_slice7-Ort.czi,old,gal,upper
150,71.0,208.43661971830986,14799.0,B489_ARC_xxx_slice7-Ort.czi,old,gal,upper
151,13.0,212.46153846153845,2762.0,B489_ARC_xxx_slice7-Ort.czi,old,gal,upper
152,20.0,183.15,3663.0,B489_ARC_xxx_slice7-Ort.czi,old,gal,upper
153,90.0,201.07777777777778,18097.0,B489_ARC_xxx_slice7-Ort.czi,old,gal,upper
154,115.0,224.44347826086957,25811.0,B489_ARC_xxx_slice7-Ort.czi,old,gal,upper
155,37.0,210.48648648648648,7788.0,B489_ARC_xxx_slice7-Ort.czi,old,gal,upper
156,109.0,194.3394495412844,21183.0,B489_ARC_xxx_slice7-Ort.czi,old,gal,upper
157,22.0,173.63636363636363,3820.0,B489_ARC_xxx_slice7-Ort.czi,old,gal,upper
158,36.0,190.47222222222223,6857.0,B489_ARC_xxx_slice7-Ort.czi,old,gal,upper
159,25.0,185.8,4645.0,B489_ARC_xxx_slice7-Ort.czi,old,gal,upper
160,44.0,194.6590909090909,8565.0,B489_ARC_xxx_slice7-Ort.czi,old,gal,upper
161,34.0,184.41176470588235,6270.0,B489_ARC_xxx_slice7-Ort.czi,old,gal,upper
162,33.0,215.42424242424244,7109.0,B489_ARC_xxx_slice7-Ort.czi,old,gal,upper
163,75.0,203.93333333333334,15295.0,B489_ARC_xxx_slice7-Ort.czi,old,gal,upper
164,23.0,194.7826086956522,4480.0,B489_ARC_xxx_slice7-Ort.czi,old,gal,upper
165,85.0,235.04705882352943,19979.0,B489_ARC_xxx_slice7-Ort.czi,old,gal,upper
166,111.0,226.43243243243242,25134.0,B489_ARC_xxx_slice7-Ort.czi,old,gal,upper
167,15.0,174.0,2610.0,B489_ARC_xxx_slice7-Ort.czi,old,gal,upper
168,25.0,148.56,3714.0,B489_ARC_xxx_slice7-Ort.czi,old,gal,upper
169,35.0,213.42857142857142,7470.0,B489_ARC_xxx_slice7-Ort.czi,old,gal,upper
170,10.0,226.6,2266.0,B489_ARC_xxx_slice7-Ort.czi,old,gal,upper
171,25.0,182.32,4558.0,B489_ARC_xxx_slice7-Ort.czi,old,gal,upper
172,19.0,182.6315789473684,3470.0,B489_ARC_xxx_slice7-Ort.czi,old,gal,upper
173,17.0,197.76470588235293,3362.0,B489_ARC_xxx_slice7-Ort.czi,old,gal,upper
174,16.0,185.25,2964.0,B489_ARC_xxx_slice7-Ort.czi,old,gal,upper
175,15.0,215.26666666666668,3229.0,B489_ARC_xxx_slice7-Ort.czi,old,gal,upper
176,36.0,141.11111111111111,5080.0,B489_ARC_xxx_slice7-Ort.czi,old,gal,upper
177,3.0,245.0,735.0,B489_ARC_xxx_slice7-Ort.czi,old,gal,upper
178,98.0,236.68367346938774,23195.0,B489_ARC_xxx_slice7-Ort.czi,old,gal,upper
179,180.0,204.64444444444445,36836.0,B489_ARC_xxx_slice7-Ort.czi,old,gal,upper
180,47.0,195.08510638297872,9169.0,B489_ARC_xxx_slice7-Ort.czi,old,gal,upper
181,86.0,198.54651162790697,17075.0,B489_ARC_xxx_slice7-Ort.czi,old,gal,upper
182,147.0,217.99319727891157,32045.0,B489_ARC_xxx_slice7-Ort.czi,old,gal,upper
183,36.0,168.33333333333334,6060.0,B489_ARC_xxx_slice7-Ort.czi,old,gal,upper
184,33.0,212.15151515151516,7001.0,B489_ARC_xxx_slice7-Ort.czi,old,gal,upper
185,113.0,217.06194690265488,24528.0,B489_ARC_xxx_slice7-Ort.czi,old,gal,upper
186,85.0,217.28235294117647,18469.0,B489_ARC_xxx_slice7-Ort.czi,old,gal,upper
187,1.0,141.0,141.0,B489_ARC_xxx_slice7-Ort.czi,old,gal,upper
188,3.0,151.0,453.0,B489_ARC_xxx_slice7-Ort.czi,old,gal,upper
189,177.0,222.05649717514123,39304.0,B489_ARC_xxx_slice7-Ort.czi,old,gal,upper
190,83.0,223.03614457831324,18512.0,B489_ARC_xxx_slice7-Ort.czi,old,gal,upper
191,29.0,197.82758620689654,5737.0,B489_ARC_xxx_slice7-Ort.czi,old,gal,upper
192,14.0,199.71428571428572,2796.0,B489_ARC_xxx_slice7-Ort.czi,old,gal,upper
193,33.0,234.57575757575756,7741.0,B489_ARC_xxx_slice7-Ort.czi,old,gal,upper
194,2.0,183.5,367.0,B489_ARC_xxx_slice7-Ort.czi,old,gal,upper
195,41.0,192.4390243902439,7890.0,B489_ARC_xxx_slice7-Ort.czi,old,gal,upper
196,15.0,168.06666666666666,2521.0,B489_ARC_xxx_slice7-Ort.czi,old,gal,upper
197,1.0,109.0,109.0,B489_ARC_xxx_slice7-Ort.czi,old,gal,upper
198,94.0,236.46808510638297,22228.0,B489_ARC_xxx_slice7-Ort.czi,old,gal,upper
199,34.0,188.35294117647058,6404.0,B489_ARC_xxx_slice7-Ort.czi,old,gal,upper
200,16.0,168.4375,2695.0,B489_ARC_xxx_slice7-Ort.czi,old,gal,upper
201,32.0,163.0,5216.0,B489_ARC_xxx_slice7-Ort.czi,old,gal,upper
202,117.0,238.6153846153846,27918.0,B489_ARC_xxx_slice7-Ort.czi,old,gal,upper
203,19.0,210.05263157894737,3991.0,B489_ARC_xxx_slice7-Ort.czi,old,gal,upper
204,5.0,170.6,853.0,B489_ARC_xxx_slice7-Ort.czi,old,gal,upper
205,16.0,217.1875,3475.0,B489_ARC_xxx_slice7-Ort.czi,old,gal,upper
206,22.0,161.86363636363637,3561.0,B489_ARC_xxx_slice7-Ort.czi,old,gal,upper
207,83.0,225.7710843373494,18739.0,B489_ARC_xxx_slice7-Ort.czi,old,gal,upper
208,43.0,199.88372093023256,8595.0,B489_ARC_xxx_slice7-Ort.czi,old,gal,upper
209,27.0,152.8148148148148,4126.0,B489_ARC_xxx_slice7-Ort.czi,old,gal,upper
210,137.0,199.27737226277372,27301.0,B489_ARC_xxx_slice7-Ort.czi,old,gal,upper
211,4.0,202.0,808.0,B489_ARC_xxx_slice7-Ort.czi,old,gal,upper
212,6.0,203.16666666666666,1219.0,B489_ARC_xxx_slice7-Ort.czi,old,gal,upper
213,82.0,156.2439024390244,12812.0,B489_ARC_xxx_slice7-Ort.czi,old,gal,upper
214,6.0,228.16666666666666,1369.0,B489_ARC_xxx_slice7-Ort.czi,old,gal,upper
215,33.0,188.15151515151516,6209.0,B489_ARC_xxx_slice7-Ort.czi,old,gal,upper
216,59.0,213.54237288135593,12599.0,B489_ARC_xxx_slice7-Ort.czi,old,gal,upper
217,7.0,139.14285714285714,974.0,B489_ARC_xxx_slice7-Ort.czi,old,gal,upper
218,44.0,227.3409090909091,10003.0,B489_ARC_xxx_slice7-Ort.czi,old,gal,upper
219,8.0,168.75,1350.0,B489_ARC_xxx_slice7-Ort.czi,old,gal,upper
220,1.0,134.0,134.0,B489_ARC_xxx_slice7-Ort.czi,old,gal,upper
221,44.0,155.8181818181818,6856.0,B489_ARC_xxx_slice7-Ort.czi,old,gal,upper
222,19.0,160.78947368421052,3055.0,B489_ARC_xxx_slice7-Ort.czi,old,gal,upper
223,49.0,187.89795918367346,9207.0,B489_ARC_xxx_slice7-Ort.czi,old,gal,upper
224,46.0,164.2173913043478,7553.999999999999,B489_ARC_xxx_slice7-Ort.czi,old,gal,upper
225,86.0,189.80232558139534,16322.999999999998,B489_ARC_xxx_slice7-Ort.czi,old,gal,upper
226,100.0,213.71,21371.0,B489_ARC_xxx_slice7-Ort.czi,old,gal,upper
227,52.0,191.96153846153845,9982.0,B489_ARC_xxx_slice7-Ort.czi,old,gal,upper
228,11.0,186.9090909090909,2056.0,B489_ARC_xxx_slice7-Ort.czi,old,gal,upper
229,138.0,195.95652173913044,27042.0,B489_ARC_xxx_slice7-Ort.czi,old,gal,upper
230,95.0,183.05263157894737,17390.0,B489_ARC_xxx_slice7-Ort.czi,old,gal,upper
231,7.0,192.57142857142858,1348.0,B489_ARC_xxx_slice7-Ort.czi,old,gal,upper
232,54.0,195.94444444444446,10581.0,B489_ARC_xxx_slice7-Ort.czi,old,gal,upper
233,9.0,155.0,1395.0,B489_ARC_xxx_slice7-Ort.czi,old,gal,upper
234,96.0,180.20833333333334,17300.0,B489_ARC_xxx_slice7-Ort.czi,old,gal,upper
235,20.0,185.6,3712.0,B489_ARC_xxx_slice7-Ort.czi,old,gal,upper
236,10.0,147.7,1477.0,B489_ARC_xxx_slice7-Ort.czi,old,gal,upper
237,39.0,196.15384615384616,7650.0,B489_ARC_xxx_slice7-Ort.czi,old,gal,upper
238,19.0,212.05263157894737,4029.0,B489_ARC_xxx_slice7-Ort.czi,old,gal,upper
239,1.0,100.0,100.0,B489_ARC_xxx_slice7-Ort.czi,old,gal,upper
240,4.0,179.25,717.0,B489_ARC_xxx_slice7-Ort.czi,old,gal,upper
241,5.0,180.2,901.0,B489_ARC_xxx_slice7-Ort.czi,old,gal,upper
242,27.0,163.66666666666666,4419.0,B489_ARC_xxx_slice7-Ort.czi,old,gal,upper
243,33.0,185.24242424242425,6113.0,B489_ARC_xxx_slice7-Ort.czi,old,gal,upper
244,7.0,130.42857142857142,912.9999999999999,B489_ARC_xxx_slice7-Ort.czi,old,gal,upper
245,39.0,198.64102564102564,7747.0,B489_ARC_xxx_slice7-Ort.czi,old,gal,upper
246,141.0,239.39716312056737,33755.0,B489_ARC_xxx_slice7-Ort.czi,old,gal,upper
247,41.0,161.26829268292684,6612.000000000001,B489_ARC_xxx_slice7-Ort.czi,old,gal,upper
248,66.0,224.06060606060606,14788.0,B489_ARC_xxx_slice7-Ort.czi,old,gal,upper
249,40.0,198.825,7953.0,B489_ARC_xxx_slice7-Ort.czi,old,gal,upper
250,98.0,212.6326530612245,20838.0,B489_ARC_xxx_slice7-Ort.czi,old,gal,upper
251,44.0,211.02272727272728,9285.0,B489_ARC_xxx_slice7-Ort.czi,old,gal,upper
252,1.0,85.0,85.0,B489_ARC_xxx_slice7-Ort.czi,old,gal,upper
253,4.0,240.25,961.0,B489_ARC_xxx_slice7-Ort.czi,old,gal,upper
254,17.0,152.7058823529412,2596.0,B489_ARC_xxx_slice7-Ort.czi,old,gal,upper
255,2.0,128.5,257.0,B489_ARC_xxx_slice7-Ort.czi,old,gal,upper
256,21.0,227.47619047619048,4777.0,B489_ARC_xxx_slice7-Ort.czi,old,gal,upper
257,16.0,209.4375,3351.0,B489_ARC_xxx_slice7-Ort.czi,old,gal,upper
258,15.0,159.0,2385.0,B489_ARC_xxx_slice7-Ort.czi,old,gal,upper
259,34.0,183.14705882352942,6227.0,B489_ARC_xxx_slice7-Ort.czi,old,gal,upper
260,4.0,165.25,661.0,B489_ARC_xxx_slice7-Ort.czi,old,gal,upper
261,7.0,181.28571428571428,1269.0,B489_ARC_xxx_slice7-Ort.czi,old,gal,upper
262,43.0,165.7906976744186,7129.0,B489_ARC_xxx_slice7-Ort.czi,old,gal,upper
263,2.0,157.5,315.0,B489_ARC_xxx_slice7-Ort.czi,old,gal,upper
264,17.0,180.64705882352942,3071.0,B489_ARC_xxx_slice7-Ort.czi,old,gal,upper
265,13.0,152.3846153846154,1981.0,B489_ARC_xxx_slice7-Ort.czi,old,gal,upper
266,5.0,142.4,712.0,B489_ARC_xxx_slice7-Ort.czi,old,gal,upper
267,23.0,174.7826086956522,4020.0000000000005,B489_ARC_xxx_slice7-Ort.czi,old,gal,upper
268,241.0,227.68464730290455,54872.0,B489_ARC_xxx_slice7-Ort.czi,old,gal,upper
269,9.0,125.0,1125.0,B489_ARC_xxx_slice7-Ort.czi,old,gal,upper
270,16.0,160.5625,2569.0,B489_ARC_xxx_slice7-Ort.czi,old,gal,upper
271,104.0,218.60576923076923,22735.0,B489_ARC_xxx_slice7-Ort.czi,old,gal,upper
272,23.0,151.2173913043478,3477.9999999999995,B489_ARC_xxx_slice7-Ort.czi,old,gal,upper
273,30.0,202.1,6063.0,B489_ARC_xxx_slice7-Ort.czi,old,gal,upper
274,14.0,151.64285714285714,2123.0,B489_ARC_xxx_slice7-Ort.czi,old,gal,upper
275,29.0,163.9655172413793,4755.0,B489_ARC_xxx_slice7-Ort.czi,old,gal,upper
276,128.0,234.9921875,30079.0,B489_ARC_xxx_slice7-Ort.czi,old,gal,upper
277,14.0,158.85714285714286,2224.0,B489_ARC_xxx_slice7-Ort.czi,old,gal,upper
278,148.0,230.63513513513513,34134.0,B489_ARC_xxx_slice7-Ort.czi,old,gal,upper
279,17.0,158.8235294117647,2700.0,B489_ARC_xxx_slice7-Ort.czi,old,gal,upper
280,72.0,150.45833333333334,10833.0,B489_ARC_xxx_slice7-Ort.czi,old,gal,upper
281,13.0,161.07692307692307,2094.0,B489_ARC_xxx_slice7-Ort.czi,old,gal,upper
282,6.0,152.33333333333334,914.0,B489_ARC_xxx_slice7-Ort.czi,old,gal,upper
283,43.0,203.58139534883722,8754.0,B489_ARC_xxx_slice7-Ort.czi,old,gal,upper
284,30.0,211.76666666666668,6353.0,B489_ARC_xxx_slice7-Ort.czi,old,gal,upper
285,1.0,106.0,106.0,B489_ARC_xxx_slice7-Ort.czi,old,gal,upper
286,360.0,239.5861111111111,86251.0,B489_ARC_xxx_slice7-Ort.czi,old,gal,upper
287,49.0,207.42857142857142,10164.0,B489_ARC_xxx_slice7-Ort.czi,old,gal,upper
288,50.0,205.56,10278.0,B489_ARC_xxx_slice7-Ort.czi,old,gal,upper
289,75.0,162.44,12183.0,B489_ARC_xxx_slice7-Ort.czi,old,gal,upper
290,6.0,148.5,891.0,B489_ARC_xxx_slice7-Ort.czi,old,gal,upper
291,33.0,189.0,6237.0,B489_ARC_xxx_slice7-Ort.czi,old,gal,upper
292,54.0,201.88888888888889,10902.0,B489_ARC_xxx_slice7-Ort.czi,old,gal,upper
293,4.0,149.5,598.0,B489_ARC_xxx_slice7-Ort.czi,old,gal,upper
294,58.0,179.55172413793105,10414.0,B489_ARC_xxx_slice7-Ort.czi,old,gal,upper
295,22.0,164.77272727272728,3625.0,B489_ARC_xxx_slice7-Ort.czi,old,gal,upper
296,86.0,231.22093023255815,19885.0,B489_ARC_xxx_slice7-Ort.czi,old,gal,upper
297,90.0,235.25555555555556,21173.0,B489_ARC_xxx_slice7-Ort.czi,old,gal,upper
298,52.0,195.21153846153845,10151.0,B489_ARC_xxx_slice7-Ort.czi,old,gal,upper
299,18.0,185.33333333333334,3336.0,B489_ARC_xxx_slice7-Ort.czi,old,gal,upper
300,84.0,214.08333333333334,17983.0,B489_ARC_xxx_slice7-Ort.czi,old,gal,upper
1,7.0,174.57142857142858,1222.0,F656_ARC _B3_slice7-Ort.czi,old,gal,upper
2,56.0,224.14285714285714,12552.0,F656_ARC _B3_slice7-Ort.czi,old,gal,upper
3,47.0,184.74468085106383,8683.0,F656_ARC _B3_slice7-Ort.czi,old,gal,upper
4,58.0,224.98275862068965,13049.0,F656_ARC _B3_slice7-Ort.czi,old,gal,upper
5,18.0,205.88888888888889,3706.0,F656_ARC _B3_slice7-Ort.czi,old,gal,upper
6,120.0,237.60833333333332,28513.0,F656_ARC _B3_slice7-Ort.czi,old,gal,upper
7,40.0,200.225,8009.0,F656_ARC _B3_slice7-Ort.czi,old,gal,upper
8,104.0,219.69230769230768,22848.0,F656_ARC _B3_slice7-Ort.czi,old,gal,upper
9,42.0,208.54761904761904,8759.0,F656_ARC _B3_slice7-Ort.czi,old,gal,upper
10,26.0,179.73076923076923,4673.0,F656_ARC _B3_slice7-Ort.czi,old,gal,upper
11,200.0,210.565,42113.0,F656_ARC _B3_slice7-Ort.czi,old,gal,upper
12,1.0,136.0,136.0,F656_ARC _B3_slice7-Ort.czi,old,gal,upper
13,79.0,192.34177215189874,15195.0,F656_ARC _B3_slice7-Ort.czi,old,gal,upper
14,67.0,219.47761194029852,14705.0,F656_ARC _B3_slice7-Ort.czi,old,gal,upper
15,82.0,238.14634146341464,19528.0,F656_ARC _B3_slice7-Ort.czi,old,gal,upper
16,95.0,220.21052631578948,20920.0,F656_ARC _B3_slice7-Ort.czi,old,gal,upper
17,52.0,167.65384615384616,8718.0,F656_ARC _B3_slice7-Ort.czi,old,gal,upper
18,8.0,197.0,1576.0,F656_ARC _B3_slice7-Ort.czi,old,gal,upper
19,3.0,165.66666666666666,497.0,F656_ARC _B3_slice7-Ort.czi,old,gal,upper
20,102.0,223.14705882352942,22761.0,F656_ARC _B3_slice7-Ort.czi,old,gal,upper
21,76.0,235.21052631578948,17876.0,F656_ARC _B3_slice7-Ort.czi,old,gal,upper
22,6.0,158.83333333333334,953.0,F656_ARC _B3_slice7-Ort.czi,old,gal,upper
23,18.0,238.66666666666666,4296.0,F656_ARC _B3_slice7-Ort.czi,old,gal,upper
24,24.0,227.625,5463.0,F656_ARC _B3_slice7-Ort.czi,old,gal,upper
25,97.0,219.77319587628867,21318.0,F656_ARC _B3_slice7-Ort.czi,old,gal,upper
26,54.0,200.0185185185185,10801.0,F656_ARC _B3_slice7-Ort.czi,old,gal,upper
27,84.0,218.28571428571428,18336.0,F656_ARC _B3_slice7-Ort.czi,old,gal,upper
28,9.0,188.33333333333334,1695.0,F656_ARC _B3_slice7-Ort.czi,old,gal,upper
29,117.0,200.84615384615384,23499.0,F656_ARC _B3_slice7-Ort.czi,old,gal,upper
30,58.0,191.06896551724137,11082.0,F656_ARC _B3_slice7-Ort.czi,old,gal,upper
31,12.0,158.08333333333334,1897.0,F656_ARC _B3_slice7-Ort.czi,old,gal,upper
32,146.0,221.6027397260274,32354.0,F656_ARC _B3_slice7-Ort.czi,old,gal,upper
33,106.0,237.91509433962264,25219.0,F656_ARC _B3_slice7-Ort.czi,old,gal,upper
34,119.0,235.5546218487395,28031.0,F656_ARC _B3_slice7-Ort.czi,old,gal,upper
35,10.0,238.2,2382.0,F656_ARC _B3_slice7-Ort.czi,old,gal,upper
36,92.0,235.1304347826087,21632.0,F656_ARC _B3_slice7-Ort.czi,old,gal,upper
37,132.0,197.47727272727272,26067.0,F656_ARC _B3_slice7-Ort.czi,old,gal,upper
38,60.0,212.2,12732.0,F656_ARC _B3_slice7-Ort.czi,old,gal,upper
39,220.0,228.86363636363637,50350.0,F656_ARC _B3_slice7-Ort.czi,old,gal,upper
40,121.0,200.93388429752065,24313.0,F656_ARC _B3_slice7-Ort.czi,old,gal,upper
41,33.0,220.4848484848485,7276.0,F656_ARC _B3_slice7-Ort.czi,old,gal,upper
42,21.0,191.1904761904762,4015.0000000000005,F656_ARC _B3_slice7-Ort.czi,old,gal,upper
43,127.0,221.8740157480315,28178.0,F656_ARC _B3_slice7-Ort.czi,old,gal,upper
44,203.0,199.0,40397.0,F656_ARC _B3_slice7-Ort.czi,old,gal,upper
45,104.0,182.89423076923077,19021.0,F656_ARC _B3_slice7-Ort.czi,old,gal,upper
46,78.0,211.57692307692307,16503.0,F656_ARC _B3_slice7-Ort.czi,old,gal,upper
47,276.0,204.68840579710144,56494.0,F656_ARC _B3_slice7-Ort.czi,old,gal,upper
48,101.0,225.33663366336634,22759.0,F656_ARC _B3_slice7-Ort.czi,old,gal,upper
49,74.0,212.55405405405406,15729.0,F656_ARC _B3_slice7-Ort.czi,old,gal,upper
50,166.0,217.48192771084337,36102.0,F656_ARC _B3_slice7-Ort.czi,old,gal,upper
51,86.0,204.6046511627907,17596.0,F656_ARC _B3_slice7-Ort.czi,old,gal,upper
52,63.0,173.12698412698413,10907.0,F656_ARC _B3_slice7-Ort.czi,old,gal,upper
53,7.0,156.0,1092.0,F656_ARC _B3_slice7-Ort.czi,old,gal,upper
54,86.0,235.59302325581396,20261.0,F656_ARC _B3_slice7-Ort.czi,old,gal,upper
55,80.0,216.85,17348.0,F656_ARC _B3_slice7-Ort.czi,old,gal,upper
56,68.0,224.94117647058823,15296.0,F656_ARC _B3_slice7-Ort.czi,old,gal,upper
57,271.0,237.33948339483396,64319.00000000001,F656_ARC _B3_slice7-Ort.czi,old,gal,upper
58,14.0,236.71428571428572,3314.0,F656_ARC _B3_slice7-Ort.czi,old,gal,upper
59,113.0,242.23893805309734,27373.0,F656_ARC _B3_slice7-Ort.czi,old,gal,upper
60,17.0,211.41176470588235,3594.0,F656_ARC _B3_slice7-Ort.czi,old,gal,upper
61,168.0,224.1904761904762,37664.0,F656_ARC _B3_slice7-Ort.czi,old,gal,upper
62,78.0,220.55128205128204,17203.0,F656_ARC _B3_slice7-Ort.czi,old,gal,upper
63,55.0,215.4,11847.0,F656_ARC _B3_slice7-Ort.czi,old,gal,upper
64,198.0,215.84343434343435,42737.0,F656_ARC _B3_slice7-Ort.czi,old,gal,upper
65,67.0,211.97014925373134,14202.0,F656_ARC _B3_slice7-Ort.czi,old,gal,upper
66,33.0,199.6060606060606,6587.0,F656_ARC _B3_slice7-Ort.czi,old,gal,upper
67,32.0,212.0625,6786.0,F656_ARC _B3_slice7-Ort.czi,old,gal,upper
68,29.0,167.93103448275863,4870.0,F656_ARC _B3_slice7-Ort.czi,old,gal,upper
69,20.0,176.8,3536.0,F656_ARC _B3_slice7-Ort.czi,old,gal,upper
70,87.0,214.4367816091954,18656.0,F656_ARC _B3_slice7-Ort.czi,old,gal,upper
71,81.0,204.49382716049382,16564.0,F656_ARC _B3_slice7-Ort.czi,old,gal,upper
72,118.0,210.61016949152543,24852.0,F656_ARC _B3_slice7-Ort.czi,old,gal,upper
73,1.0,114.0,114.0,F656_ARC _B3_slice7-Ort.czi,old,gal,upper
74,17.0,160.94117647058823,2736.0,F656_ARC _B3_slice7-Ort.czi,old,gal,upper
75,77.0,214.8181818181818,16541.0,F656_ARC _B3_slice7-Ort.czi,old,gal,upper
76,14.0,158.85714285714286,2224.0,F656_ARC _B3_slice7-Ort.czi,old,gal,upper
77,110.0,242.3,26653.0,F656_ARC _B3_slice7-Ort.czi,old,gal,upper
78,110.0,199.6727272727273,21964.0,F656_ARC _B3_slice7-Ort.czi,old,gal,upper
79,4.0,174.75,699.0,F656_ARC _B3_slice7-Ort.czi,old,gal,upper
80,35.0,154.9142857142857,5422.0,F656_ARC _B3_slice7-Ort.czi,old,gal,upper
81,53.0,215.24528301886792,11408.0,F656_ARC _B3_slice7-Ort.czi,old,gal,upper
82,13.0,231.15384615384616,3005.0,F656_ARC _B3_slice7-Ort.czi,old,gal,upper
83,229.0,220.02183406113537,50385.0,F656_ARC _B3_slice7-Ort.czi,old,gal,upper
84,56.0,215.58928571428572,12073.0,F656_ARC _B3_slice7-Ort.czi,old,gal,upper
85,148.0,194.50675675675674,28786.999999999996,F656_ARC _B3_slice7-Ort.czi,old,gal,upper
86,93.0,200.18279569892474,18617.0,F656_ARC _B3_slice7-Ort.czi,old,gal,upper
87,24.0,184.83333333333334,4436.0,F656_ARC _B3_slice7-Ort.czi,old,gal,upper
88,86.0,226.02325581395348,19438.0,F656_ARC _B3_slice7-Ort.czi,old,gal,upper
89,109.0,211.55045871559633,23059.0,F656_ARC _B3_slice7-Ort.czi,old,gal,upper
90,80.0,183.775,14702.0,F656_ARC _B3_slice7-Ort.czi,old,gal,upper
91,35.0,248.71428571428572,8705.0,F656_ARC _B3_slice7-Ort.czi,old,gal,upper
92,34.0,168.7941176470588,5739.0,F656_ARC _B3_slice7-Ort.czi,old,gal,upper
93,6.0,193.83333333333334,1163.0,F656_ARC _B3_slice7-Ort.czi,old,gal,upper
94,14.0,187.21428571428572,2621.0,F656_ARC _B3_slice7-Ort.czi,old,gal,upper
95,90.0,228.4,20556.0,F656_ARC _B3_slice7-Ort.czi,old,gal,upper
96,74.0,227.33783783783784,16823.0,F656_ARC _B3_slice7-Ort.czi,old,gal,upper
97,189.0,204.005291005291,38557.0,F656_ARC _B3_slice7-Ort.czi,old,gal,upper
98,245.0,228.98367346938775,56101.0,F656_ARC _B3_slice7-Ort.czi,old,gal,upper
99,108.0,205.82407407407408,22229.0,F656_ARC _B3_slice7-Ort.czi,old,gal,upper
100,94.0,190.80851063829786,17936.0,F656_ARC _B3_slice7-Ort.czi,old,gal,upper
101,111.0,221.45045045045046,24581.0,F656_ARC _B3_slice7-Ort.czi,old,gal,upper
102,92.0,184.80434782608697,17002.0,F656_ARC _B3_slice7-Ort.czi,old,gal,upper
103,4.0,119.75,479.0,F656_ARC _B3_slice7-Ort.czi,old,gal,upper
104,82.0,229.29268292682926,18802.0,F656_ARC _B3_slice7-Ort.czi,old,gal,upper
105,11.0,216.63636363636363,2383.0,F656_ARC _B3_slice7-Ort.czi,old,gal,upper
106,18.0,215.88888888888889,3886.0,F656_ARC _B3_slice7-Ort.czi,old,gal,upper
107,94.0,198.9787234042553,18704.0,F656_ARC _B3_slice7-Ort.czi,old,gal,upper
108,202.0,220.04950495049505,44450.0,F656_ARC _B3_slice7-Ort.czi,old,gal,upper
109,267.0,232.40074906367042,62051.0,F656_ARC _B3_slice7-Ort.czi,old,gal,upper
110,162.0,212.26543209876544,34387.0,F656_ARC _B3_slice7-Ort.czi,old,gal,upper
111,12.0,143.91666666666666,1727.0,F656_ARC _B3_slice7-Ort.czi,old,gal,upper
112,96.0,229.28125,22011.0,F656_ARC _B3_slice7-Ort.czi,old,gal,upper
113,35.0,191.5142857142857,6703.0,F656_ARC _B3_slice7-Ort.czi,old,gal,upper
114,15.0,163.0,2445.0,F656_ARC _B3_slice7-Ort.czi,old,gal,upper
115,27.0,232.62962962962962,6281.0,F656_ARC _B3_slice7-Ort.czi,old,gal,upper
116,55.0,190.96363636363637,10503.0,F656_ARC _B3_slice7-Ort.czi,old,gal,upper
117,26.0,187.5,4875.0,F656_ARC _B3_slice7-Ort.czi,old,gal,upper
118,3.0,248.66666666666666,746.0,F656_ARC _B3_slice7-Ort.czi,old,gal,upper
119,71.0,230.0,16330.0,F656_ARC _B3_slice7-Ort.czi,old,gal,upper
120,83.0,210.85542168674698,17501.0,F656_ARC _B3_slice7-Ort.czi,old,gal,upper
121,174.0,217.20114942528735,37793.0,F656_ARC _B3_slice7-Ort.czi,old,gal,upper
122,92.0,222.3695652173913,20458.0,F656_ARC _B3_slice7-Ort.czi,old,gal,upper
123,107.0,238.6822429906542,25539.0,F656_ARC _B3_slice7-Ort.czi,old,gal,upper
124,61.0,202.7377049180328,12367.0,F656_ARC _B3_slice7-Ort.czi,old,gal,upper
125,99.0,215.87878787878788,21372.0,F656_ARC _B3_slice7-Ort.czi,old,gal,upper
126,112.0,228.92857142857142,25640.0,F656_ARC _B3_slice7-Ort.czi,old,gal,upper
127,19.0,178.57894736842104,3393.0,F656_ARC _B3_slice7-Ort.czi,old,gal,upper
128,63.0,181.12698412698413,11411.0,F656_ARC _B3_slice7-Ort.czi,old,gal,upper
129,275.0,232.69454545454545,63991.0,F656_ARC _B3_slice7-Ort.czi,old,gal,upper
130,32.0,192.46875,6159.0,F656_ARC _B3_slice7-Ort.czi,old,gal,upper
131,58.0,214.39655172413794,12435.0,F656_ARC _B3_slice7-Ort.czi,old,gal,upper
132,184.0,226.27173913043478,41634.0,F656_ARC _B3_slice7-Ort.czi,old,gal,upper
133,40.0,176.875,7075.0,F656_ARC _B3_slice7-Ort.czi,old,gal,upper
134,42.0,218.78571428571428,9189.0,F656_ARC _B3_slice7-Ort.czi,old,gal,upper
135,67.0,180.3134328358209,12081.0,F656_ARC _B3_slice7-Ort.czi,old,gal,upper
136,92.0,233.9673913043478,21525.0,F656_ARC _B3_slice7-Ort.czi,old,gal,upper
137,51.0,164.94117647058823,8412.0,F656_ARC _B3_slice7-Ort.czi,old,gal,upper
138,50.0,173.04,8652.0,F656_ARC _B3_slice7-Ort.czi,old,gal,upper
139,116.0,214.10344827586206,24836.0,F656_ARC _B3_slice7-Ort.czi,old,gal,upper
140,43.0,185.88372093023256,7993.0,F656_ARC _B3_slice7-Ort.czi,old,gal,upper
141,151.0,191.11258278145695,28858.0,F656_ARC _B3_slice7-Ort.czi,old,gal,upper
142,62.0,190.29032258064515,11798.0,F656_ARC _B3_slice7-Ort.czi,old,gal,upper
143,282.0,224.59929078014184,63337.0,F656_ARC _B3_slice7-Ort.czi,old,gal,upper
144,52.0,191.3653846153846,9951.0,F656_ARC _B3_slice7-Ort.czi,old,gal,upper
145,94.0,192.22340425531914,18069.0,F656_ARC _B3_slice7-Ort.czi,old,gal,upper
146,85.0,209.89411764705883,17841.0,F656_ARC _B3_slice7-Ort.czi,old,gal,upper
147,36.0,185.58333333333334,6681.0,F656_ARC _B3_slice7-Ort.czi,old,gal,upper
148,59.0,224.96610169491527,13273.0,F656_ARC _B3_slice7-Ort.czi,old,gal,upper
149,49.0,235.0204081632653,11516.0,F656_ARC _B3_slice7-Ort.czi,old,gal,upper
150,51.0,222.7450980392157,11360.0,F656_ARC _B3_slice7-Ort.czi,old,gal,upper
151,8.0,201.625,1613.0,F656_ARC _B3_slice7-Ort.czi,old,gal,upper
152,7.0,208.85714285714286,1462.0,F656_ARC _B3_slice7-Ort.czi,old,gal,upper
153,25.0,164.88,4122.0,F656_ARC _B3_slice7-Ort.czi,old,gal,upper
154,88.0,234.375,20625.0,F656_ARC _B3_slice7-Ort.czi,old,gal,upper
155,106.0,231.95283018867926,24587.0,F656_ARC _B3_slice7-Ort.czi,old,gal,upper
156,28.0,179.14285714285714,5016.0,F656_ARC _B3_slice7-Ort.czi,old,gal,upper
157,29.0,182.44827586206895,5291.0,F656_ARC _B3_slice7-Ort.czi,old,gal,upper
158,43.0,207.97674418604652,8943.0,F656_ARC _B3_slice7-Ort.czi,old,gal,upper
159,43.0,193.41860465116278,8317.0,F656_ARC _B3_slice7-Ort.czi,old,gal,upper
160,64.0,226.765625,14513.0,F656_ARC _B3_slice7-Ort.czi,old,gal,upper
161,9.0,206.33333333333334,1857.0,F656_ARC _B3_slice7-Ort.czi,old,gal,upper
162,14.0,200.42857142857142,2806.0,F656_ARC _B3_slice7-Ort.czi,old,gal,upper
163,15.0,174.66666666666666,2620.0,F656_ARC _B3_slice7-Ort.czi,old,gal,upper
164,57.0,215.96491228070175,12310.0,F656_ARC _B3_slice7-Ort.czi,old,gal,upper
165,15.0,189.4,2841.0,F656_ARC _B3_slice7-Ort.czi,old,gal,upper
166,52.0,210.01923076923077,10921.0,F656_ARC _B3_slice7-Ort.czi,old,gal,upper
167,120.0,185.625,22275.0,F656_ARC _B3_slice7-Ort.czi,old,gal,upper
168,67.0,214.59701492537314,14378.0,F656_ARC _B3_slice7-Ort.czi,old,gal,upper
169,15.0,194.46666666666667,2917.0,F656_ARC _B3_slice7-Ort.czi,old,gal,upper
170,12.0,169.41666666666666,2033.0,F656_ARC _B3_slice7-Ort.czi,old,gal,upper
171,39.0,178.28205128205127,6953.0,F656_ARC _B3_slice7-Ort.czi,old,gal,upper
172,6.0,194.5,1167.0,F656_ARC _B3_slice7-Ort.czi,old,gal,upper
173,3.0,150.33333333333334,451.0,F656_ARC _B3_slice7-Ort.czi,old,gal,upper
174,78.0,219.74358974358975,17140.0,F656_ARC _B3_slice7-Ort.czi,old,gal,upper
175,78.0,175.14102564102564,13661.0,F656_ARC _B3_slice7-Ort.czi,old,gal,upper
176,107.0,236.7289719626168,25330.0,F656_ARC _B3_slice7-Ort.czi,old,gal,upper
177,86.0,219.7093023255814,18895.0,F656_ARC _B3_slice7-Ort.czi,old,gal,upper
178,91.0,221.06593406593407,20117.0,F656_ARC _B3_slice7-Ort.czi,old,gal,upper
179,4.0,192.0,768.0,F656_ARC _B3_slice7-Ort.czi,old,gal,upper
180,21.0,171.47619047619048,3601.0,F656_ARC _B3_slice7-Ort.czi,old,gal,upper
181,123.0,216.26829268292684,26601.0,F656_ARC _B3_slice7-Ort.czi,old,gal,upper
182,11.0,188.0909090909091,2069.0,F656_ARC _B3_slice7-Ort.czi,old,gal,upper
183,98.0,215.3877551020408,21108.0,F656_ARC _B3_slice7-Ort.czi,old,gal,upper
184,5.0,192.2,961.0,F656_ARC _B3_slice7-Ort.czi,old,gal,upper
185,5.0,247.6,1238.0,F656_ARC _B3_slice7-Ort.czi,old,gal,upper
186,72.0,199.84722222222223,14389.0,F656_ARC _B3_slice7-Ort.czi,old,gal,upper
187,44.0,147.70454545454547,6499.000000000001,F656_ARC _B3_slice7-Ort.czi,old,gal,upper
188,1.0,114.0,114.0,F656_ARC _B3_slice7-Ort.czi,old,gal,upper
189,136.0,235.4485294117647,32021.0,F656_ARC _B3_slice7-Ort.czi,old,gal,upper
190,45.0,187.6888888888889,8446.0,F656_ARC _B3_slice7-Ort.czi,old,gal,upper
191,45.0,163.73333333333332,7367.999999999999,F656_ARC _B3_slice7-Ort.czi,old,gal,upper
192,3.0,173.66666666666666,521.0,F656_ARC _B3_slice7-Ort.czi,old,gal,upper
193,33.0,166.06060606060606,5480.0,F656_ARC _B3_slice7-Ort.czi,old,gal,upper
194,167.0,213.7125748502994,35690.0,F656_ARC _B3_slice7-Ort.czi,old,gal,upper
195,28.0,212.46428571428572,5949.0,F656_ARC _B3_slice7-Ort.czi,old,gal,upper
196,128.0,214.046875,27398.0,F656_ARC _B3_slice7-Ort.czi,old,gal,upper
197,66.0,210.9848484848485,13925.0,F656_ARC _B3_slice7-Ort.czi,old,gal,upper
198,74.0,177.04054054054055,13101.0,F656_ARC _B3_slice7-Ort.czi,old,gal,upper
199,72.0,192.33333333333334,13848.0,F656_ARC _B3_slice7-Ort.czi,old,gal,upper
200,11.0,197.0909090909091,2168.0,F656_ARC _B3_slice7-Ort.czi,old,gal,upper
201,6.0,194.33333333333334,1166.0,F656_ARC _B3_slice7-Ort.czi,old,gal,upper
202,31.0,161.8709677419355,5018.0,F656_ARC _B3_slice7-Ort.czi,old,gal,upper
203,44.0,185.52272727272728,8163.0,F656_ARC _B3_slice7-Ort.czi,old,gal,upper
204,103.0,220.67961165048544,22730.0,F656_ARC _B3_slice7-Ort.czi,old,gal,upper
205,4.0,184.0,736.0,F656_ARC _B3_slice7-Ort.czi,old,gal,upper
206,71.0,208.6056338028169,14811.0,F656_ARC _B3_slice7-Ort.czi,old,gal,upper
207,54.0,199.0185185185185,10747.0,F656_ARC _B3_slice7-Ort.czi,old,gal,upper
208,21.0,153.52380952380952,3224.0,F656_ARC _B3_slice7-Ort.czi,old,gal,upper
209,7.0,112.57142857142857,788.0,F656_ARC _B3_slice7-Ort.czi,old,gal,upper
210,106.0,229.03773584905662,24278.0,F656_ARC _B3_slice7-Ort.czi,old,gal,upper
211,10.0,157.5,1575.0,F656_ARC _B3_slice7-Ort.czi,old,gal,upper
212,77.0,225.2987012987013,17348.0,F656_ARC _B3_slice7-Ort.czi,old,gal,upper
213,44.0,205.61363636363637,9047.0,F656_ARC _B3_slice7-Ort.czi,old,gal,upper
214,45.0,199.6,8982.0,F656_ARC _B3_slice7-Ort.czi,old,gal,upper
215,120.0,190.975,22917.0,F656_ARC _B3_slice7-Ort.czi,old,gal,upper
216,80.0,220.475,17638.0,F656_ARC _B3_slice7-Ort.czi,old,gal,upper
217,35.0,189.37142857142857,6628.0,F656_ARC _B3_slice7-Ort.czi,old,gal,upper
218,47.0,141.59574468085106,6655.0,F656_ARC _B3_slice7-Ort.czi,old,gal,upper
219,131.0,183.46564885496184,24034.0,F656_ARC _B3_slice7-Ort.czi,old,gal,upper
220,27.0,208.25925925925927,5623.0,F656_ARC _B3_slice7-Ort.czi,old,gal,upper
221,88.0,231.79545454545453,20398.0,F656_ARC _B3_slice7-Ort.czi,old,gal,upper
222,31.0,173.48387096774192,5378.0,F656_ARC _B3_slice7-Ort.czi,old,gal,upper
223,38.0,213.28947368421052,8105.0,F656_ARC _B3_slice7-Ort.czi,old,gal,upper
224,6.0,125.0,750.0,F656_ARC _B3_slice7-Ort.czi,old,gal,upper
225,66.0,203.9848484848485,13463.0,F656_ARC _B3_slice7-Ort.czi,old,gal,upper
226,51.0,166.68627450980392,8501.0,F656_ARC _B3_slice7-Ort.czi,old,gal,upper
227,34.0,211.85294117647058,7203.0,F656_ARC _B3_slice7-Ort.czi,old,gal,upper
228,8.0,124.875,999.0,F656_ARC _B3_slice7-Ort.czi,old,gal,upper
229,13.0,200.07692307692307,2601.0,F656_ARC _B3_slice7-Ort.czi,old,gal,upper
230,34.0,163.58823529411765,5562.0,F656_ARC _B3_slice7-Ort.czi,old,gal,upper
231,52.0,211.05769230769232,10975.0,F656_ARC _B3_slice7-Ort.czi,old,gal,upper
232,7.0,175.57142857142858,1229.0,F656_ARC _B3_slice7-Ort.czi,old,gal,upper
233,18.0,183.66666666666666,3306.0,F656_ARC _B3_slice7-Ort.czi,old,gal,upper
234,28.0,202.28571428571428,5664.0,F656_ARC _B3_slice7-Ort.czi,old,gal,upper
235,70.0,154.95714285714286,10847.0,F656_ARC _B3_slice7-Ort.czi,old,gal,upper
236,18.0,221.11111111111111,3980.0,F656_ARC _B3_slice7-Ort.czi,old,gal,upper
237,23.0,175.0,4025.0,F656_ARC _B3_slice7-Ort.czi,old,gal,upper
238,34.0,191.0,6494.0,F656_ARC _B3_slice7-Ort.czi,old,gal,upper
239,106.0,221.61320754716982,23491.0,F656_ARC _B3_slice7-Ort.czi,old,gal,upper
240,108.0,240.05555555555554,25926.0,F656_ARC _B3_slice7-Ort.czi,old,gal,upper
241,55.0,163.36363636363637,8985.0,F656_ARC _B3_slice7-Ort.czi,old,gal,upper
242,164.0,240.34756097560975,39417.0,F656_ARC _B3_slice7-Ort.czi,old,gal,upper
243,21.0,211.1904761904762,4435.0,F656_ARC _B3_slice7-Ort.czi,old,gal,upper
244,78.0,187.05128205128204,14590.0,F656_ARC _B3_slice7-Ort.czi,old,gal,upper
245,67.0,162.7910447761194,10907.0,F656_ARC _B3_slice7-Ort.czi,old,gal,upper
246,135.0,243.33333333333334,32850.0,F656_ARC _B3_slice7-Ort.czi,old,gal,upper
247,5.0,168.2,841.0,F656_ARC _B3_slice7-Ort.czi,old,gal,upper
248,21.0,164.8095238095238,3460.9999999999995,F656_ARC _B3_slice7-Ort.czi,old,gal,upper
249,56.0,221.42857142857142,12400.0,F656_ARC _B3_slice7-Ort.czi,old,gal,upper
250,84.0,221.83333333333334,18634.0,F656_ARC _B3_slice7-Ort.czi,old,gal,upper
251,6.0,216.0,1296.0,F656_ARC _B3_slice7-Ort.czi,old,gal,upper
252,9.0,167.77777777777777,1510.0,F656_ARC _B3_slice7-Ort.czi,old,gal,upper
253,22.0,171.72727272727272,3778.0,F656_ARC _B3_slice7-Ort.czi,old,gal,upper
254,26.0,224.57692307692307,5839.0,F656_ARC _B3_slice7-Ort.czi,old,gal,upper
255,14.0,196.64285714285714,2753.0,F656_ARC _B3_slice7-Ort.czi,old,gal,upper
256,5.0,128.2,641.0,F656_ARC _B3_slice7-Ort.czi,old,gal,upper
257,1.0,69.0,69.0,F656_ARC _B3_slice7-Ort.czi,old,gal,upper
258,105.0,221.4,23247.0,F656_ARC _B3_slice7-Ort.czi,old,gal,upper
259,88.0,219.9090909090909,19352.0,F656_ARC _B3_slice7-Ort.czi,old,gal,upper
260,1.0,235.0,235.0,F656_ARC _B3_slice7-Ort.czi,old,gal,upper
261,1.0,126.0,126.0,F656_ARC _B3_slice7-Ort.czi,old,gal,upper
262,80.0,191.1375,15291.0,F656_ARC _B3_slice7-Ort.czi,old,gal,upper
263,21.0,139.1904761904762,2923.0000000000005,F656_ARC _B3_slice7-Ort.czi,old,gal,upper
264,2.0,156.0,312.0,F656_ARC _B3_slice7-Ort.czi,old,gal,upper
265,30.0,213.2,6396.0,F656_ARC _B3_slice7-Ort.czi,old,gal,upper
266,78.0,242.17948717948718,18890.0,F656_ARC _B3_slice7-Ort.czi,old,gal,upper
267,54.0,222.53703703703704,12017.0,F656_ARC _B3_slice7-Ort.czi,old,gal,upper
268,62.0,176.0,10912.0,F656_ARC _B3_slice7-Ort.czi,old,gal,upper
269,75.0,226.32,16974.0,F656_ARC _B3_slice7-Ort.czi,old,gal,upper
270,128.0,239.40625,30644.0,F656_ARC _B3_slice7-Ort.czi,old,gal,upper
271,120.0,240.875,28905.0,F656_ARC _B3_slice7-Ort.czi,old,gal,upper
272,84.0,214.89285714285714,18051.0,F656_ARC _B3_slice7-Ort.czi,old,gal,upper
273,9.0,173.11111111111111,1558.0,F656_ARC _B3_slice7-Ort.czi,old,gal,upper
1,36.0,207.61111111111111,7474.0,B489_ARC_xxx_slice6-Ort.czi,old,gal,upper
2,77.0,223.93506493506493,17243.0,B489_ARC_xxx_slice6-Ort.czi,old,gal,upper
3,135.0,237.15555555555557,32016.0,B489_ARC_xxx_slice6-Ort.czi,old,gal,upper
4,225.0,233.24,52479.0,B489_ARC_xxx_slice6-Ort.czi,old,gal,upper
5,82.0,236.6951219512195,19409.0,B489_ARC_xxx_slice6-Ort.czi,old,gal,upper
6,55.0,157.9090909090909,8685.0,B489_ARC_xxx_slice6-Ort.czi,old,gal,upper
7,90.0,204.3,18387.0,B489_ARC_xxx_slice6-Ort.czi,old,gal,upper
8,191.0,195.69633507853402,37378.0,B489_ARC_xxx_slice6-Ort.czi,old,gal,upper
9,109.0,236.60550458715596,25790.0,B489_ARC_xxx_slice6-Ort.czi,old,gal,upper
10,118.0,214.97457627118644,25367.0,B489_ARC_xxx_slice6-Ort.czi,old,gal,upper
11,134.0,208.06716417910448,27881.0,B489_ARC_xxx_slice6-Ort.czi,old,gal,upper
12,82.0,209.2560975609756,17159.0,B489_ARC_xxx_slice6-Ort.czi,old,gal,upper
13,152.0,240.4078947368421,36542.0,B489_ARC_xxx_slice6-Ort.czi,old,gal,upper
14,18.0,230.0,4140.0,B489_ARC_xxx_slice6-Ort.czi,old,gal,upper
15,5.0,161.0,805.0,B489_ARC_xxx_slice6-Ort.czi,old,gal,upper
16,114.0,229.2280701754386,26132.0,B489_ARC_xxx_slice6-Ort.czi,old,gal,upper
17,12.0,202.41666666666666,2429.0,B489_ARC_xxx_slice6-Ort.czi,old,gal,upper
18,148.0,203.8783783783784,30174.0,B489_ARC_xxx_slice6-Ort.czi,old,gal,upper
19,258.0,220.1046511627907,56787.0,B489_ARC_xxx_slice6-Ort.czi,old,gal,upper
20,19.0,165.47368421052633,3144.0000000000005,B489_ARC_xxx_slice6-Ort.czi,old,gal,upper
21,131.0,214.6259541984733,28116.0,B489_ARC_xxx_slice6-Ort.czi,old,gal,upper
22,1.0,117.0,117.0,B489_ARC_xxx_slice6-Ort.czi,old,gal,upper
23,12.0,173.16666666666666,2078.0,B489_ARC_xxx_slice6-Ort.czi,old,gal,upper
24,3.0,165.33333333333334,496.0,B489_ARC_xxx_slice6-Ort.czi,old,gal,upper
25,90.0,231.4111111111111,20827.0,B489_ARC_xxx_slice6-Ort.czi,old,gal,upper
26,19.0,167.0,3173.0,B489_ARC_xxx_slice6-Ort.czi,old,gal,upper
27,59.0,225.52542372881356,13306.0,B489_ARC_xxx_slice6-Ort.czi,old,gal,upper
28,169.0,208.698224852071,35270.0,B489_ARC_xxx_slice6-Ort.czi,old,gal,upper
29,14.0,208.85714285714286,2924.0,B489_ARC_xxx_slice6-Ort.czi,old,gal,upper
30,93.0,211.59139784946237,19678.0,B489_ARC_xxx_slice6-Ort.czi,old,gal,upper
31,87.0,205.4367816091954,17873.0,B489_ARC_xxx_slice6-Ort.czi,old,gal,upper
32,2.0,167.0,334.0,B489_ARC_xxx_slice6-Ort.czi,old,gal,upper
33,11.0,155.1818181818182,1707.0,B489_ARC_xxx_slice6-Ort.czi,old,gal,upper
34,11.0,247.0909090909091,2718.0,B489_ARC_xxx_slice6-Ort.czi,old,gal,upper
35,116.0,230.8448275862069,26778.0,B489_ARC_xxx_slice6-Ort.czi,old,gal,upper
36,146.0,212.27397260273972,30992.0,B489_ARC_xxx_slice6-Ort.czi,old,gal,upper
37,319.0,232.1974921630094,74071.0,B489_ARC_xxx_slice6-Ort.czi,old,gal,upper
38,17.0,185.0,3145.0,B489_ARC_xxx_slice6-Ort.czi,old,gal,upper
39,63.0,200.95238095238096,12660.0,B489_ARC_xxx_slice6-Ort.czi,old,gal,upper
40,22.0,207.13636363636363,4557.0,B489_ARC_xxx_slice6-Ort.czi,old,gal,upper
41,104.0,222.125,23101.0,B489_ARC_xxx_slice6-Ort.czi,old,gal,upper
42,118.0,213.61016949152543,25206.0,B489_ARC_xxx_slice6-Ort.czi,old,gal,upper
43,8.0,186.75,1494.0,B489_ARC_xxx_slice6-Ort.czi,old,gal,upper
44,32.0,227.15625,7269.0,B489_ARC_xxx_slice6-Ort.czi,old,gal,upper
45,171.0,216.01754385964912,36939.0,B489_ARC_xxx_slice6-Ort.czi,old,gal,upper
46,3.0,176.33333333333334,529.0,B489_ARC_xxx_slice6-Ort.czi,old,gal,upper
47,2.0,187.5,375.0,B489_ARC_xxx_slice6-Ort.czi,old,gal,upper
48,14.0,227.42857142857142,3184.0,B489_ARC_xxx_slice6-Ort.czi,old,gal,upper
49,252.0,238.78174603174602,60173.0,B489_ARC_xxx_slice6-Ort.czi,old,gal,upper
50,164.0,230.42073170731706,37789.0,B489_ARC_xxx_slice6-Ort.czi,old,gal,upper
51,60.0,223.15,13389.0,B489_ARC_xxx_slice6-Ort.czi,old,gal,upper
52,183.0,224.46994535519124,41078.0,B489_ARC_xxx_slice6-Ort.czi,old,gal,upper
53,284.0,226.17957746478874,64235.0,B489_ARC_xxx_slice6-Ort.czi,old,gal,upper
54,2.0,149.0,298.0,B489_ARC_xxx_slice6-Ort.czi,old,gal,upper
55,297.0,223.9090909090909,66501.0,B489_ARC_xxx_slice6-Ort.czi,old,gal,upper
56,278.0,221.79136690647482,61658.0,B489_ARC_xxx_slice6-Ort.czi,old,gal,upper
57,252.0,226.56746031746033,57095.0,B489_ARC_xxx_slice6-Ort.czi,old,gal,upper
58,211.0,229.03791469194312,48327.0,B489_ARC_xxx_slice6-Ort.czi,old,gal,upper
59,92.0,236.27173913043478,21737.0,B489_ARC_xxx_slice6-Ort.czi,old,gal,upper
60,84.0,230.42857142857142,19356.0,B489_ARC_xxx_slice6-Ort.czi,old,gal,upper
61,82.0,227.7560975609756,18676.0,B489_ARC_xxx_slice6-Ort.czi,old,gal,upper
62,36.0,223.19444444444446,8035.0,B489_ARC_xxx_slice6-Ort.czi,old,gal,upper
63,125.0,221.936,27742.0,B489_ARC_xxx_slice6-Ort.czi,old,gal,upper
64,76.0,201.1315789473684,15286.0,B489_ARC_xxx_slice6-Ort.czi,old,gal,upper
65,50.0,205.98,10299.0,B489_ARC_xxx_slice6-Ort.czi,old,gal,upper
66,161.0,223.80745341614906,36033.0,B489_ARC_xxx_slice6-Ort.czi,old,gal,upper
67,80.0,215.7125,17257.0,B489_ARC_xxx_slice6-Ort.czi,old,gal,upper
68,54.0,229.57407407407408,12397.0,B489_ARC_xxx_slice6-Ort.czi,old,gal,upper
69,89.0,214.62921348314606,19102.0,B489_ARC_xxx_slice6-Ort.czi,old,gal,upper
70,9.0,191.11111111111111,1720.0,B489_ARC_xxx_slice6-Ort.czi,old,gal,upper
71,100.0,236.88,23688.0,B489_ARC_xxx_slice6-Ort.czi,old,gal,upper
72,42.0,205.38095238095238,8626.0,B489_ARC_xxx_slice6-Ort.czi,old,gal,upper
73,68.0,218.98529411764707,14891.0,B489_ARC_xxx_slice6-Ort.czi,old,gal,upper
74,78.0,212.97435897435898,16612.0,B489_ARC_xxx_slice6-Ort.czi,old,gal,upper
75,105.0,205.56190476190477,21584.0,B489_ARC_xxx_slice6-Ort.czi,old,gal,upper
76,45.0,195.11111111111111,8780.0,B489_ARC_xxx_slice6-Ort.czi,old,gal,upper
77,68.0,242.64705882352942,16500.0,B489_ARC_xxx_slice6-Ort.czi,old,gal,upper
78,61.0,205.08196721311475,12510.0,B489_ARC_xxx_slice6-Ort.czi,old,gal,upper
79,56.0,204.98214285714286,11479.0,B489_ARC_xxx_slice6-Ort.czi,old,gal,upper
80,107.0,206.57009345794393,22103.0,B489_ARC_xxx_slice6-Ort.czi,old,gal,upper
81,62.0,196.8709677419355,12206.0,B489_ARC_xxx_slice6-Ort.czi,old,gal,upper
82,13.0,194.3846153846154,2527.0,B489_ARC_xxx_slice6-Ort.czi,old,gal,upper
83,80.0,240.625,19250.0,B489_ARC_xxx_slice6-Ort.czi,old,gal,upper
84,1.0,131.0,131.0,B489_ARC_xxx_slice6-Ort.czi,old,gal,upper
85,63.0,231.93650793650792,14612.0,B489_ARC_xxx_slice6-Ort.czi,old,gal,upper
86,2.0,255.0,510.0,B489_ARC_xxx_slice6-Ort.czi,old,gal,upper
87,170.0,232.71764705882353,39562.0,B489_ARC_xxx_slice6-Ort.czi,old,gal,upper
88,155.0,233.88387096774193,36252.0,B489_ARC_xxx_slice6-Ort.czi,old,gal,upper
89,143.0,203.0979020979021,29043.0,B489_ARC_xxx_slice6-Ort.czi,old,gal,upper
90,130.0,222.66153846153847,28946.0,B489_ARC_xxx_slice6-Ort.czi,old,gal,upper
91,25.0,151.92,3797.9999999999995,B489_ARC_xxx_slice6-Ort.czi,old,gal,upper
92,34.0,229.26470588235293,7795.0,B489_ARC_xxx_slice6-Ort.czi,old,gal,upper
93,17.0,189.7058823529412,3225.0,B489_ARC_xxx_slice6-Ort.czi,old,gal,upper
94,10.0,226.1,2261.0,B489_ARC_xxx_slice6-Ort.czi,old,gal,upper
95,101.0,211.54455445544554,21366.0,B489_ARC_xxx_slice6-Ort.czi,old,gal,upper
96,10.0,215.5,2155.0,B489_ARC_xxx_slice6-Ort.czi,old,gal,upper
97,106.0,239.22641509433961,25358.0,B489_ARC_xxx_slice6-Ort.czi,old,gal,upper
98,102.0,231.64705882352942,23628.0,B489_ARC_xxx_slice6-Ort.czi,old,gal,upper
99,94.0,214.59574468085106,20172.0,B489_ARC_xxx_slice6-Ort.czi,old,gal,upper
100,13.0,189.53846153846155,2464.0,B489_ARC_xxx_slice6-Ort.czi,old,gal,upper
101,129.0,225.30232558139534,29064.0,B489_ARC_xxx_slice6-Ort.czi,old,gal,upper
102,19.0,233.26315789473685,4432.0,B489_ARC_xxx_slice6-Ort.czi,old,gal,upper
103,111.0,230.6216216216216,25599.0,B489_ARC_xxx_slice6-Ort.czi,old,gal,upper
104,133.0,240.82706766917292,32030.0,B489_ARC_xxx_slice6-Ort.czi,old,gal,upper
105,129.0,244.73643410852713,31571.0,B489_ARC_xxx_slice6-Ort.czi,old,gal,upper
106,43.0,206.97674418604652,8900.0,B489_ARC_xxx_slice6-Ort.czi,old,gal,upper
107,85.0,210.9764705882353,17933.0,B489_ARC_xxx_slice6-Ort.czi,old,gal,upper
108,48.0,195.10416666666666,9365.0,B489_ARC_xxx_slice6-Ort.czi,old,gal,upper
109,22.0,221.6818181818182,4877.0,B489_ARC_xxx_slice6-Ort.czi,old,gal,upper
110,167.0,235.20958083832335,39280.0,B489_ARC_xxx_slice6-Ort.czi,old,gal,upper
111,330.0,237.5969696969697,78407.0,B489_ARC_xxx_slice6-Ort.czi,old,gal,upper
112,60.0,192.68333333333334,11561.0,B489_ARC_xxx_slice6-Ort.czi,old,gal,upper
113,13.0,174.46153846153845,2268.0,B489_ARC_xxx_slice6-Ort.czi,old,gal,upper
114,9.0,159.55555555555554,1436.0,B489_ARC_xxx_slice6-Ort.czi,old,gal,upper
115,50.0,244.8,12240.0,B489_ARC_xxx_slice6-Ort.czi,old,gal,upper
116,53.0,210.20754716981133,11141.0,B489_ARC_xxx_slice6-Ort.czi,old,gal,upper
117,127.0,235.79527559055117,29946.0,B489_ARC_xxx_slice6-Ort.czi,old,gal,upper
118,144.0,232.08333333333334,33420.0,B489_ARC_xxx_slice6-Ort.czi,old,gal,upper
119,36.0,200.69444444444446,7225.0,B489_ARC_xxx_slice6-Ort.czi,old,gal,upper
120,106.0,234.62264150943398,24870.0,B489_ARC_xxx_slice6-Ort.czi,old,gal,upper
121,49.0,210.51020408163265,10315.0,B489_ARC_xxx_slice6-Ort.czi,old,gal,upper
122,155.0,228.2258064516129,35375.0,B489_ARC_xxx_slice6-Ort.czi,old,gal,upper
123,77.0,213.67532467532467,16453.0,B489_ARC_xxx_slice6-Ort.czi,old,gal,upper
124,167.0,229.96407185628743,38404.0,B489_ARC_xxx_slice6-Ort.czi,old,gal,upper
125,57.0,241.66666666666666,13775.0,B489_ARC_xxx_slice6-Ort.czi,old,gal,upper
126,2.0,213.5,427.0,B489_ARC_xxx_slice6-Ort.czi,old,gal,upper
127,11.0,221.36363636363637,2435.0,B489_ARC_xxx_slice6-Ort.czi,old,gal,upper
128,5.0,173.4,867.0,B489_ARC_xxx_slice6-Ort.czi,old,gal,upper
129,61.0,203.31147540983608,12402.0,B489_ARC_xxx_slice6-Ort.czi,old,gal,upper
130,27.0,235.03703703703704,6346.0,B489_ARC_xxx_slice6-Ort.czi,old,gal,upper
131,18.0,184.88888888888889,3328.0,B489_ARC_xxx_slice6-Ort.czi,old,gal,upper
132,6.0,155.33333333333334,932.0,B489_ARC_xxx_slice6-Ort.czi,old,gal,upper
133,130.0,230.86153846153846,30012.0,B489_ARC_xxx_slice6-Ort.czi,old,gal,upper
134,88.0,199.125,17523.0,B489_ARC_xxx_slice6-Ort.czi,old,gal,upper
135,113.0,236.1769911504425,26688.0,B489_ARC_xxx_slice6-Ort.czi,old,gal,upper
136,96.0,234.28125,22491.0,B489_ARC_xxx_slice6-Ort.czi,old,gal,upper
137,41.0,175.1951219512195,7183.0,B489_ARC_xxx_slice6-Ort.czi,old,gal,upper
138,61.0,199.24590163934425,12154.0,B489_ARC_xxx_slice6-Ort.czi,old,gal,upper
139,126.0,234.5079365079365,29548.0,B489_ARC_xxx_slice6-Ort.czi,old,gal,upper
140,153.0,244.18300653594773,37360.0,B489_ARC_xxx_slice6-Ort.czi,old,gal,upper
141,13.0,173.84615384615384,2260.0,B489_ARC_xxx_slice6-Ort.czi,old,gal,upper
142,141.0,237.12056737588654,33434.0,B489_ARC_xxx_slice6-Ort.czi,old,gal,upper
143,93.0,225.98924731182797,21017.0,B489_ARC_xxx_slice6-Ort.czi,old,gal,upper
144,77.0,198.06493506493507,15251.0,B489_ARC_xxx_slice6-Ort.czi,old,gal,upper
145,7.0,187.42857142857142,1312.0,B489_ARC_xxx_slice6-Ort.czi,old,gal,upper
146,29.0,198.10344827586206,5745.0,B489_ARC_xxx_slice6-Ort.czi,old,gal,upper
147,117.0,241.27350427350427,28229.0,B489_ARC_xxx_slice6-Ort.czi,old,gal,upper
148,22.0,195.6818181818182,4305.0,B489_ARC_xxx_slice6-Ort.czi,old,gal,upper
149,26.0,196.42307692307693,5107.0,B489_ARC_xxx_slice6-Ort.czi,old,gal,upper
150,146.0,216.52739726027397,31613.0,B489_ARC_xxx_slice6-Ort.czi,old,gal,upper
151,4.0,183.5,734.0,B489_ARC_xxx_slice6-Ort.czi,old,gal,upper
152,18.0,181.22222222222223,3262.0,B489_ARC_xxx_slice6-Ort.czi,old,gal,upper
153,353.0,231.03116147308782,81554.0,B489_ARC_xxx_slice6-Ort.czi,old,gal,upper
154,244.0,215.19262295081967,52507.0,B489_ARC_xxx_slice6-Ort.czi,old,gal,upper
155,3.0,195.33333333333334,586.0,B489_ARC_xxx_slice6-Ort.czi,old,gal,upper
156,193.0,238.10362694300517,45954.0,B489_ARC_xxx_slice6-Ort.czi,old,gal,upper
157,113.0,204.5486725663717,23114.0,B489_ARC_xxx_slice6-Ort.czi,old,gal,upper
158,214.0,233.6355140186916,49998.0,B489_ARC_xxx_slice6-Ort.czi,old,gal,upper
159,191.0,222.4502617801047,42488.0,B489_ARC_xxx_slice6-Ort.czi,old,gal,upper
160,60.0,235.45,14127.0,B489_ARC_xxx_slice6-Ort.czi,old,gal,upper
161,11.0,145.63636363636363,1602.0,B489_ARC_xxx_slice6-Ort.czi,old,gal,upper
162,8.0,199.875,1599.0,B489_ARC_xxx_slice6-Ort.czi,old,gal,upper
163,4.0,196.25,785.0,B489_ARC_xxx_slice6-Ort.czi,old,gal,upper
164,1.0,129.0,129.0,B489_ARC_xxx_slice6-Ort.czi,old,gal,upper
165,121.0,236.28925619834712,28591.0,B489_ARC_xxx_slice6-Ort.czi,old,gal,upper
166,45.0,249.26666666666668,11217.0,B489_ARC_xxx_slice6-Ort.czi,old,gal,upper
167,34.0,184.97058823529412,6289.0,B489_ARC_xxx_slice6-Ort.czi,old,gal,upper
168,70.0,199.34285714285716,13954.0,B489_ARC_xxx_slice6-Ort.czi,old,gal,upper
169,115.0,242.94782608695652,27939.0,B489_ARC_xxx_slice6-Ort.czi,old,gal,upper
170,18.0,181.27777777777777,3263.0,B489_ARC_xxx_slice6-Ort.czi,old,gal,upper
171,15.0,214.33333333333334,3215.0,B489_ARC_xxx_slice6-Ort.czi,old,gal,upper
172,5.0,190.2,951.0,B489_ARC_xxx_slice6-Ort.czi,old,gal,upper
173,24.0,158.625,3807.0,B489_ARC_xxx_slice6-Ort.czi,old,gal,upper
174,127.0,191.69291338582678,24345.0,B489_ARC_xxx_slice6-Ort.czi,old,gal,upper
175,6.0,203.33333333333334,1220.0,B489_ARC_xxx_slice6-Ort.czi,old,gal,upper
176,87.0,235.5977011494253,20497.0,B489_ARC_xxx_slice6-Ort.czi,old,gal,upper
177,71.0,216.77464788732394,15391.0,B489_ARC_xxx_slice6-Ort.czi,old,gal,upper
178,2.0,179.5,359.0,B489_ARC_xxx_slice6-Ort.czi,old,gal,upper
179,86.0,203.37209302325581,17490.0,B489_ARC_xxx_slice6-Ort.czi,old,gal,upper
180,347.0,229.88760806916426,79771.0,B489_ARC_xxx_slice6-Ort.czi,old,gal,upper
181,129.0,232.96899224806202,30053.0,B489_ARC_xxx_slice6-Ort.czi,old,gal,upper
182,79.0,231.49367088607596,18288.0,B489_ARC_xxx_slice6-Ort.czi,old,gal,upper
183,17.0,196.05882352941177,3333.0,B489_ARC_xxx_slice6-Ort.czi,old,gal,upper
184,81.0,223.20987654320987,18080.0,B489_ARC_xxx_slice6-Ort.czi,old,gal,upper
185,49.0,213.75510204081633,10474.0,B489_ARC_xxx_slice6-Ort.czi,old,gal,upper
186,39.0,231.66666666666666,9035.0,B489_ARC_xxx_slice6-Ort.czi,old,gal,upper
187,20.0,215.5,4310.0,B489_ARC_xxx_slice6-Ort.czi,old,gal,upper
188,82.0,220.78048780487805,18104.0,B489_ARC_xxx_slice6-Ort.czi,old,gal,upper
189,24.0,193.66666666666666,4648.0,B489_ARC_xxx_slice6-Ort.czi,old,gal,upper
190,73.0,221.67123287671234,16182.0,B489_ARC_xxx_slice6-Ort.czi,old,gal,upper
191,112.0,233.23214285714286,26122.0,B489_ARC_xxx_slice6-Ort.czi,old,gal,upper
192,1.0,117.0,117.0,B489_ARC_xxx_slice6-Ort.czi,old,gal,upper
193,108.0,242.40740740740742,26180.0,B489_ARC_xxx_slice6-Ort.czi,old,gal,upper
194,102.0,242.87254901960785,24773.0,B489_ARC_xxx_slice6-Ort.czi,old,gal,upper
195,265.0,234.05283018867925,62024.0,B489_ARC_xxx_slice6-Ort.czi,old,gal,upper
196,97.0,211.11340206185568,20478.0,B489_ARC_xxx_slice6-Ort.czi,old,gal,upper
197,21.0,194.47619047619048,4084.0,B489_ARC_xxx_slice6-Ort.czi,old,gal,upper
198,97.0,211.03092783505156,20470.0,B489_ARC_xxx_slice6-Ort.czi,old,gal,upper
199,169.0,234.7396449704142,39671.0,B489_ARC_xxx_slice6-Ort.czi,old,gal,upper
200,72.0,190.43055555555554,13711.0,B489_ARC_xxx_slice6-Ort.czi,old,gal,upper
201,93.0,223.40860215053763,20777.0,B489_ARC_xxx_slice6-Ort.czi,old,gal,upper
202,86.0,235.01162790697674,20211.0,B489_ARC_xxx_slice6-Ort.czi,old,gal,upper
203,132.0,238.12121212121212,31432.0,B489_ARC_xxx_slice6-Ort.czi,old,gal,upper
204,88.0,230.76136363636363,20307.0,B489_ARC_xxx_slice6-Ort.czi,old,gal,upper
205,8.0,188.125,1505.0,B489_ARC_xxx_slice6-Ort.czi,old,gal,upper
206,146.0,227.86986301369862,33269.0,B489_ARC_xxx_slice6-Ort.czi,old,gal,upper
207,6.0,123.66666666666667,742.0,B489_ARC_xxx_slice6-Ort.czi,old,gal,upper
208,188.0,227.31382978723406,42735.0,B489_ARC_xxx_slice6-Ort.czi,old,gal,upper
209,62.0,221.41935483870967,13728.0,B489_ARC_xxx_slice6-Ort.czi,old,gal,upper
210,73.0,196.84931506849315,14370.0,B489_ARC_xxx_slice6-Ort.czi,old,gal,upper
211,44.0,173.4090909090909,7630.0,B489_ARC_xxx_slice6-Ort.czi,old,gal,upper
212,126.0,243.28571428571428,30654.0,B489_ARC_xxx_slice6-Ort.czi,old,gal,upper
213,79.0,189.84810126582278,14998.0,B489_ARC_xxx_slice6-Ort.czi,old,gal,upper
214,102.0,238.2156862745098,24298.0,B489_ARC_xxx_slice6-Ort.czi,old,gal,upper
215,104.0,226.72115384615384,23579.0,B489_ARC_xxx_slice6-Ort.czi,old,gal,upper
216,24.0,166.5,3996.0,B489_ARC_xxx_slice6-Ort.czi,old,gal,upper
217,50.0,207.46,10373.0,B489_ARC_xxx_slice6-Ort.czi,old,gal,upper
218,1.0,193.0,193.0,B489_ARC_xxx_slice6-Ort.czi,old,gal,upper
219,8.0,188.0,1504.0,B489_ARC_xxx_slice6-Ort.czi,old,gal,upper
220,113.0,242.87610619469027,27445.0,B489_ARC_xxx_slice6-Ort.czi,old,gal,upper
221,10.0,211.4,2114.0,B489_ARC_xxx_slice6-Ort.czi,old,gal,upper
222,67.0,169.0597014925373,11327.0,B489_ARC_xxx_slice6-Ort.czi,old,gal,upper
223,93.0,205.06451612903226,19071.0,B489_ARC_xxx_slice6-Ort.czi,old,gal,upper
224,31.0,185.83870967741936,5761.0,B489_ARC_xxx_slice6-Ort.czi,old,gal,upper
225,22.0,194.86363636363637,4287.0,B489_ARC_xxx_slice6-Ort.czi,old,gal,upper
226,107.0,228.86915887850466,24489.0,B489_ARC_xxx_slice6-Ort.czi,old,gal,upper
227,276.0,223.7391304347826,61751.99999999999,B489_ARC_xxx_slice6-Ort.czi,old,gal,upper
228,151.0,234.21192052980132,35366.0,B489_ARC_xxx_slice6-Ort.czi,old,gal,upper
229,39.0,203.25641025641025,7927.0,B489_ARC_xxx_slice6-Ort.czi,old,gal,upper
230,89.0,215.19101123595505,19152.0,B489_ARC_xxx_slice6-Ort.czi,old,gal,upper
231,48.0,209.10416666666666,10037.0,B489_ARC_xxx_slice6-Ort.czi,old,gal,upper
232,164.0,217.4512195121951,35662.0,B489_ARC_xxx_slice6-Ort.czi,old,gal,upper
233,30.0,201.8,6054.0,B489_ARC_xxx_slice6-Ort.czi,old,gal,upper
234,117.0,219.4957264957265,25681.0,B489_ARC_xxx_slice6-Ort.czi,old,gal,upper
235,190.0,238.4157894736842,45299.0,B489_ARC_xxx_slice6-Ort.czi,old,gal,upper
236,103.0,188.71844660194174,19438.0,B489_ARC_xxx_slice6-Ort.czi,old,gal,upper
237,167.0,217.125748502994,36260.0,B489_ARC_xxx_slice6-Ort.czi,old,gal,upper
238,153.0,238.7516339869281,36529.0,B489_ARC_xxx_slice6-Ort.czi,old,gal,upper
239,101.0,206.009900990099,20807.0,B489_ARC_xxx_slice6-Ort.czi,old,gal,upper
240,118.0,240.5,28379.0,B489_ARC_xxx_slice6-Ort.czi,old,gal,upper
241,99.0,229.9090909090909,22761.0,B489_ARC_xxx_slice6-Ort.czi,old,gal,upper
242,14.0,215.07142857142858,3011.0,B489_ARC_xxx_slice6-Ort.czi,old,gal,upper
243,67.0,220.32835820895522,14762.0,B489_ARC_xxx_slice6-Ort.czi,old,gal,upper
244,42.0,204.76190476190476,8600.0,B489_ARC_xxx_slice6-Ort.czi,old,gal,upper
245,24.0,221.5,5316.0,B489_ARC_xxx_slice6-Ort.czi,old,gal,upper
246,198.0,230.989898989899,45736.0,B489_ARC_xxx_slice6-Ort.czi,old,gal,upper
247,52.0,218.46153846153845,11360.0,B489_ARC_xxx_slice6-Ort.czi,old,gal,upper
248,123.0,237.39837398373984,29200.0,B489_ARC_xxx_slice6-Ort.czi,old,gal,upper
249,15.0,201.33333333333334,3020.0,B489_ARC_xxx_slice6-Ort.czi,old,gal,upper
250,15.0,197.73333333333332,2966.0,B489_ARC_xxx_slice6-Ort.czi,old,gal,upper
251,38.0,205.44736842105263,7807.0,B489_ARC_xxx_slice6-Ort.czi,old,gal,upper
252,59.0,198.67796610169492,11722.0,B489_ARC_xxx_slice6-Ort.czi,old,gal,upper
253,105.0,224.9142857142857,23616.0,B489_ARC_xxx_slice6-Ort.czi,old,gal,upper
254,3.0,117.33333333333333,352.0,B489_ARC_xxx_slice6-Ort.czi,old,gal,upper
255,232.0,216.98706896551724,50341.0,B489_ARC_xxx_slice6-Ort.czi,old,gal,upper
256,27.0,179.55555555555554,4848.0,B489_ARC_xxx_slice6-Ort.czi,old,gal,upper
257,37.0,240.24324324324326,8889.0,B489_ARC_xxx_slice6-Ort.czi,old,gal,upper
258,8.0,184.75,1478.0,B489_ARC_xxx_slice6-Ort.czi,old,gal,upper
259,129.0,239.6201550387597,30911.0,B489_ARC_xxx_slice6-Ort.czi,old,gal,upper
260,46.0,186.80434782608697,8593.0,B489_ARC_xxx_slice6-Ort.czi,old,gal,upper
261,31.0,222.83870967741936,6908.0,B489_ARC_xxx_slice6-Ort.czi,old,gal,upper
262,119.0,191.72268907563026,22815.0,B489_ARC_xxx_slice6-Ort.czi,old,gal,upper
263,99.0,238.57575757575756,23619.0,B489_ARC_xxx_slice6-Ort.czi,old,gal,upper
264,4.0,192.5,770.0,B489_ARC_xxx_slice6-Ort.czi,old,gal,upper
265,16.0,198.1875,3171.0,B489_ARC_xxx_slice6-Ort.czi,old,gal,upper
266,37.0,234.94594594594594,8693.0,B489_ARC_xxx_slice6-Ort.czi,old,gal,upper
267,204.0,239.51470588235293,48861.0,B489_ARC_xxx_slice6-Ort.czi,old,gal,upper
268,58.0,219.5,12731.0,B489_ARC_xxx_slice6-Ort.czi,old,gal,upper
269,10.0,201.8,2018.0,B489_ARC_xxx_slice6-Ort.czi,old,gal,upper
270,81.0,217.1604938271605,17590.0,B489_ARC_xxx_slice6-Ort.czi,old,gal,upper
271,40.0,234.625,9385.0,B489_ARC_xxx_slice6-Ort.czi,old,gal,upper
272,32.0,192.6875,6166.0,B489_ARC_xxx_slice6-Ort.czi,old,gal,upper
273,47.0,204.74468085106383,9623.0,B489_ARC_xxx_slice6-Ort.czi,old,gal,upper
274,2.0,226.0,452.0,B489_ARC_xxx_slice6-Ort.czi,old,gal,upper
275,15.0,208.33333333333334,3125.0,B489_ARC_xxx_slice6-Ort.czi,old,gal,upper
276,91.0,215.5054945054945,19611.0,B489_ARC_xxx_slice6-Ort.czi,old,gal,upper
277,25.0,197.28,4932.0,B489_ARC_xxx_slice6-Ort.czi,old,gal,upper
278,4.0,173.0,692.0,B489_ARC_xxx_slice6-Ort.czi,old,gal,upper
279,67.0,217.26865671641792,14557.0,B489_ARC_xxx_slice6-Ort.czi,old,gal,upper
280,54.0,215.46296296296296,11635.0,B489_ARC_xxx_slice6-Ort.czi,old,gal,upper
281,74.0,217.9189189189189,16125.999999999998,B489_ARC_xxx_slice6-Ort.czi,old,gal,upper
282,327.0,232.78899082568807,76122.0,B489_ARC_xxx_slice6-Ort.czi,old,gal,upper
283,72.0,188.47222222222223,13570.0,B489_ARC_xxx_slice6-Ort.czi,old,gal,upper
284,99.0,241.46464646464648,23905.0,B489_ARC_xxx_slice6-Ort.czi,old,gal,upper
285,6.0,255.0,1530.0,B489_ARC_xxx_slice6-Ort.czi,old,gal,upper
286,37.0,234.67567567567568,8683.0,B489_ARC_xxx_slice6-Ort.czi,old,gal,upper
287,111.0,178.2072072072072,19781.0,B489_ARC_xxx_slice6-Ort.czi,old,gal,upper
288,52.0,219.75,11427.0,B489_ARC_xxx_slice6-Ort.czi,old,gal,upper
289,104.0,236.2596153846154,24571.0,B489_ARC_xxx_slice6-Ort.czi,old,gal,upper
290,2.0,123.0,246.0,B489_ARC_xxx_slice6-Ort.czi,old,gal,upper
291,283.0,244.1660777385159,69099.0,B489_ARC_xxx_slice6-Ort.czi,old,gal,upper
292,28.0,229.25,6419.0,B489_ARC_xxx_slice6-Ort.czi,old,gal,upper
293,105.0,230.42857142857142,24195.0,B489_ARC_xxx_slice6-Ort.czi,old,gal,upper
294,89.0,212.5505617977528,18917.0,B489_ARC_xxx_slice6-Ort.czi,old,gal,upper
295,91.0,209.42857142857142,19058.0,B489_ARC_xxx_slice6-Ort.czi,old,gal,upper
296,149.0,240.21476510067114,35792.0,B489_ARC_xxx_slice6-Ort.czi,old,gal,upper
297,52.0,236.84615384615384,12316.0,B489_ARC_xxx_slice6-Ort.czi,old,gal,upper
298,63.0,230.23809523809524,14505.0,B489_ARC_xxx_slice6-Ort.czi,old,gal,upper
299,36.0,199.66666666666666,7188.0,B489_ARC_xxx_slice6-Ort.czi,old,gal,upper
300,3.0,130.33333333333334,391.0,B489_ARC_xxx_slice6-Ort.czi,old,gal,upper
301,239.0,227.51882845188285,54377.0,B489_ARC_xxx_slice6-Ort.czi,old,gal,upper
302,8.0,192.625,1541.0,B489_ARC_xxx_slice6-Ort.czi,old,gal,upper
303,13.0,164.6153846153846,2140.0,B489_ARC_xxx_slice6-Ort.czi,old,gal,upper
304,10.0,147.7,1477.0,B489_ARC_xxx_slice6-Ort.czi,old,gal,upper
305,162.0,211.38888888888889,34245.0,B489_ARC_xxx_slice6-Ort.czi,old,gal,upper
306,170.0,216.19411764705882,36753.0,B489_ARC_xxx_slice6-Ort.czi,old,gal,upper
307,9.0,153.33333333333334,1380.0,B489_ARC_xxx_slice6-Ort.czi,old,gal,upper
308,58.0,221.89655172413794,12870.0,B489_ARC_xxx_slice6-Ort.czi,old,gal,upper
309,6.0,195.16666666666666,1171.0,B489_ARC_xxx_slice6-Ort.czi,old,gal,upper
310,91.0,235.1868131868132,21402.0,B489_ARC_xxx_slice6-Ort.czi,old,gal,upper
311,1.0,140.0,140.0,B489_ARC_xxx_slice6-Ort.czi,old,gal,upper
312,120.0,228.8,27456.0,B489_ARC_xxx_slice6-Ort.czi,old,gal,upper
313,112.0,225.96428571428572,25308.0,B489_ARC_xxx_slice6-Ort.czi,old,gal,upper
314,112.0,222.35714285714286,24904.0,B489_ARC_xxx_slice6-Ort.czi,old,gal,upper
315,35.0,191.57142857142858,6705.0,B489_ARC_xxx_slice6-Ort.czi,old,gal,upper
316,56.0,202.67857142857142,11350.0,B489_ARC_xxx_slice6-Ort.czi,old,gal,upper
317,49.0,204.10204081632654,10001.0,B489_ARC_xxx_slice6-Ort.czi,old,gal,upper
318,12.0,152.58333333333334,1831.0,B489_ARC_xxx_slice6-Ort.czi,old,gal,upper
319,6.0,227.83333333333334,1367.0,B489_ARC_xxx_slice6-Ort.czi,old,gal,upper
320,126.0,233.33333333333334,29400.0,B489_ARC_xxx_slice6-Ort.czi,old,gal,upper
321,78.0,211.82051282051282,16522.0,B489_ARC_xxx_slice6-Ort.czi,old,gal,upper
322,84.0,200.25,16821.0,B489_ARC_xxx_slice6-Ort.czi,old,gal,upper
323,16.0,189.125,3026.0,B489_ARC_xxx_slice6-Ort.czi,old,gal,upper
324,127.0,199.9448818897638,25393.0,B489_ARC_xxx_slice6-Ort.czi,old,gal,upper
325,2.0,177.0,354.0,B489_ARC_xxx_slice6-Ort.czi,old,gal,upper
326,145.0,238.3448275862069,34560.0,B489_ARC_xxx_slice6-Ort.czi,old,gal,upper
327,57.0,240.42105263157896,13704.0,B489_ARC_xxx_slice6-Ort.czi,old,gal,upper
328,10.0,197.4,1974.0,B489_ARC_xxx_slice6-Ort.czi,old,gal,upper
329,71.0,214.42253521126761,15224.0,B489_ARC_xxx_slice6-Ort.czi,old,gal,upper
330,55.0,211.4909090909091,11632.0,B489_ARC_xxx_slice6-Ort.czi,old,gal,upper
331,132.0,214.1818181818182,28272.0,B489_ARC_xxx_slice6-Ort.czi,old,gal,upper
332,94.0,234.4255319148936,22036.0,B489_ARC_xxx_slice6-Ort.czi,old,gal,upper
333,46.0,217.65217391304347,10012.0,B489_ARC_xxx_slice6-Ort.czi,old,gal,upper
334,37.0,199.6216216216216,7386.0,B489_ARC_xxx_slice6-Ort.czi,old,gal,upper
335,98.0,238.6122448979592,23384.0,B489_ARC_xxx_slice6-Ort.czi,old,gal,upper
336,21.0,221.76190476190476,4657.0,B489_ARC_xxx_slice6-Ort.czi,old,gal,upper
337,46.0,217.32608695652175,9997.0,B489_ARC_xxx_slice6-Ort.czi,old,gal,upper
338,31.0,187.74193548387098,5820.0,B489_ARC_xxx_slice6-Ort.czi,old,gal,upper
339,6.0,225.33333333333334,1352.0,B489_ARC_xxx_slice6-Ort.czi,old,gal,upper
340,110.0,233.33636363636364,25667.0,B489_ARC_xxx_slice6-Ort.czi,old,gal,upper
341,110.0,233.04545454545453,25635.0,B489_ARC_xxx_slice6-Ort.czi,old,gal,upper
342,83.0,212.0,17596.0,B489_ARC_xxx_slice6-Ort.czi,old,gal,upper
343,39.0,207.0,8073.0,B489_ARC_xxx_slice6-Ort.czi,old,gal,upper
344,155.0,232.6516129032258,36061.0,B489_ARC_xxx_slice6-Ort.czi,old,gal,upper
345,113.0,190.89380530973452,21571.0,B489_ARC_xxx_slice6-Ort.czi,old,gal,upper
346,26.0,214.03846153846155,5565.0,B489_ARC_xxx_slice6-Ort.czi,old,gal,upper
347,133.0,222.8045112781955,29633.0,B489_ARC_xxx_slice6-Ort.czi,old,gal,upper
348,101.0,238.12871287128712,24051.0,B489_ARC_xxx_slice6-Ort.czi,old,gal,upper
349,193.0,223.720207253886,43178.0,B489_ARC_xxx_slice6-Ort.czi,old,gal,upper
350,105.0,196.36190476190475,20618.0,B489_ARC_xxx_slice6-Ort.czi,old,gal,upper
351,5.0,178.2,891.0,B489_ARC_xxx_slice6-Ort.czi,old,gal,upper
352,4.0,211.0,844.0,B489_ARC_xxx_slice6-Ort.czi,old,gal,upper
353,31.0,207.19354838709677,6423.0,B489_ARC_xxx_slice6-Ort.czi,old,gal,upper
354,1.0,245.0,245.0,B489_ARC_xxx_slice6-Ort.czi,old,gal,upper
355,92.0,236.20652173913044,21731.0,B489_ARC_xxx_slice6-Ort.czi,old,gal,upper
356,8.0,167.75,1342.0,B489_ARC_xxx_slice6-Ort.czi,old,gal,upper
357,59.0,202.864406779661,11969.0,B489_ARC_xxx_slice6-Ort.czi,old,gal,upper
358,60.0,214.61666666666667,12877.0,B489_ARC_xxx_slice6-Ort.czi,old,gal,upper
359,16.0,180.75,2892.0,B489_ARC_xxx_slice6-Ort.czi,old,gal,upper
360,175.0,217.65142857142857,38089.0,B489_ARC_xxx_slice6-Ort.czi,old,gal,upper
361,4.0,150.0,600.0,B489_ARC_xxx_slice6-Ort.czi,old,gal,upper
362,1.0,214.0,214.0,B489_ARC_xxx_slice6-Ort.czi,old,gal,upper
363,13.0,195.07692307692307,2536.0,B489_ARC_xxx_slice6-Ort.czi,old,gal,upper
364,21.0,198.71428571428572,4173.0,B489_ARC_xxx_slice6-Ort.czi,old,gal,upper
365,20.0,207.2,4144.0,B489_ARC_xxx_slice6-Ort.czi,old,gal,upper
366,84.0,214.67857142857142,18033.0,B489_ARC_xxx_slice6-Ort.czi,old,gal,upper
1,68.0,198.85294117647058,13522.0,F656_ARC _B3_slice6-Ort.czi,old,gal,upper
2,22.0,136.36363636363637,3000.0,F656_ARC _B3_slice6-Ort.czi,old,gal,upper
3,82.0,178.3658536585366,14626.0,F656_ARC _B3_slice6-Ort.czi,old,gal,upper
4,95.0,230.43157894736842,21891.0,F656_ARC _B3_slice6-Ort.czi,old,gal,upper
5,16.0,149.0625,2385.0,F656_ARC _B3_slice6-Ort.czi,old,gal,upper
6,14.0,142.14285714285714,1990.0,F656_ARC _B3_slice6-Ort.czi,old,gal,upper
7,80.0,198.0125,15841.0,F656_ARC _B3_slice6-Ort.czi,old,gal,upper
8,40.0,174.8,6992.0,F656_ARC _B3_slice6-Ort.czi,old,gal,upper
9,65.0,163.2153846153846,10609.0,F656_ARC _B3_slice6-Ort.czi,old,gal,upper
10,208.0,211.66826923076923,44027.0,F656_ARC _B3_slice6-Ort.czi,old,gal,upper
11,233.0,193.87982832618025,45174.0,F656_ARC _B3_slice6-Ort.czi,old,gal,upper
12,80.0,221.5625,17725.0,F656_ARC _B3_slice6-Ort.czi,old,gal,upper
13,114.0,207.32456140350877,23635.0,F656_ARC _B3_slice6-Ort.czi,old,gal,upper
14,44.0,190.4318181818182,8379.0,F656_ARC _B3_slice6-Ort.czi,old,gal,upper
15,67.0,170.16417910447763,11401.0,F656_ARC _B3_slice6-Ort.czi,old,gal,upper
16,46.0,145.04347826086956,6672.0,F656_ARC _B3_slice6-Ort.czi,old,gal,upper
17,12.0,146.5,1758.0,F656_ARC _B3_slice6-Ort.czi,old,gal,upper
18,67.0,200.2089552238806,13414.0,F656_ARC _B3_slice6-Ort.czi,old,gal,upper
19,35.0,212.28571428571428,7430.0,F656_ARC _B3_slice6-Ort.czi,old,gal,upper
20,71.0,162.83098591549296,11561.0,F656_ARC _B3_slice6-Ort.czi,old,gal,upper
21,78.0,148.34615384615384,11571.0,F656_ARC _B3_slice6-Ort.czi,old,gal,upper
22,103.0,189.33009708737865,19501.0,F656_ARC _B3_slice6-Ort.czi,old,gal,upper
23,122.0,177.87704918032787,21701.0,F656_ARC _B3_slice6-Ort.czi,old,gal,upper
24,26.0,182.46153846153845,4744.0,F656_ARC _B3_slice6-Ort.czi,old,gal,upper
25,67.0,188.76119402985074,12647.0,F656_ARC _B3_slice6-Ort.czi,old,gal,upper
26,25.0,123.88,3097.0,F656_ARC _B3_slice6-Ort.czi,old,gal,upper
27,89.0,216.0,19224.0,F656_ARC _B3_slice6-Ort.czi,old,gal,upper
28,27.0,142.88888888888889,3858.0,F656_ARC _B3_slice6-Ort.czi,old,gal,upper
29,82.0,196.4878048780488,16112.0,F656_ARC _B3_slice6-Ort.czi,old,gal,upper
30,90.0,209.1,18819.0,F656_ARC _B3_slice6-Ort.czi,old,gal,upper
31,70.0,190.38571428571427,13326.999999999998,F656_ARC _B3_slice6-Ort.czi,old,gal,upper
32,90.0,185.24444444444444,16672.0,F656_ARC _B3_slice6-Ort.czi,old,gal,upper
33,56.0,139.96428571428572,7838.0,F656_ARC _B3_slice6-Ort.czi,old,gal,upper
34,68.0,179.7058823529412,12220.0,F656_ARC _B3_slice6-Ort.czi,old,gal,upper
35,88.0,186.9659090909091,16453.0,F656_ARC _B3_slice6-Ort.czi,old,gal,upper
36,34.0,175.61764705882354,5971.0,F656_ARC _B3_slice6-Ort.czi,old,gal,upper
37,243.0,193.41975308641975,47001.0,F656_ARC _B3_slice6-Ort.czi,old,gal,upper
38,15.0,155.93333333333334,2339.0,F656_ARC _B3_slice6-Ort.czi,old,gal,upper
39,60.0,166.13333333333333,9968.0,F656_ARC _B3_slice6-Ort.czi,old,gal,upper
40,9.0,138.44444444444446,1246.0,F656_ARC _B3_slice6-Ort.czi,old,gal,upper
41,69.0,176.40579710144928,12172.0,F656_ARC _B3_slice6-Ort.czi,old,gal,upper
42,39.0,195.94871794871796,7642.0,F656_ARC _B3_slice6-Ort.czi,old,gal,upper
43,156.0,206.87820512820514,32273.0,F656_ARC _B3_slice6-Ort.czi,old,gal,upper
44,45.0,133.75555555555556,6019.0,F656_ARC _B3_slice6-Ort.czi,old,gal,upper
45,1.0,137.0,137.0,F656_ARC _B3_slice6-Ort.czi,old,gal,upper
46,15.0,118.86666666666666,1783.0,F656_ARC _B3_slice6-Ort.czi,old,gal,upper
47,86.0,207.87209302325581,17877.0,F656_ARC _B3_slice6-Ort.czi,old,gal,upper
48,69.0,213.40579710144928,14725.0,F656_ARC _B3_slice6-Ort.czi,old,gal,upper
49,68.0,177.91176470588235,12098.0,F656_ARC _B3_slice6-Ort.czi,old,gal,upper
50,4.0,175.5,702.0,F656_ARC _B3_slice6-Ort.czi,old,gal,upper
51,5.0,117.6,588.0,F656_ARC _B3_slice6-Ort.czi,old,gal,upper
52,75.0,180.02666666666667,13502.0,F656_ARC _B3_slice6-Ort.czi,old,gal,upper
53,92.0,179.08695652173913,16476.0,F656_ARC _B3_slice6-Ort.czi,old,gal,upper
54,156.0,214.6346153846154,33483.0,F656_ARC _B3_slice6-Ort.czi,old,gal,upper
55,149.0,178.46308724832215,26591.0,F656_ARC _B3_slice6-Ort.czi,old,gal,upper
56,293.0,207.77474402730377,60878.00000000001,F656_ARC _B3_slice6-Ort.czi,old,gal,upper
57,157.0,141.25477707006368,22176.999999999996,F656_ARC _B3_slice6-Ort.czi,old,gal,upper
58,173.0,218.0,37714.0,F656_ARC _B3_slice6-Ort.czi,old,gal,upper
59,1.0,93.0,93.0,F656_ARC _B3_slice6-Ort.czi,old,gal,upper
60,46.0,145.41304347826087,6689.0,F656_ARC _B3_slice6-Ort.czi,old,gal,upper
61,53.0,177.81132075471697,9424.0,F656_ARC _B3_slice6-Ort.czi,old,gal,upper
62,50.0,179.54,8977.0,F656_ARC _B3_slice6-Ort.czi,old,gal,upper
63,76.0,189.82894736842104,14427.0,F656_ARC _B3_slice6-Ort.czi,old,gal,upper
64,81.0,160.08641975308643,12967.000000000002,F656_ARC _B3_slice6-Ort.czi,old,gal,upper
65,100.0,176.1,17610.0,F656_ARC _B3_slice6-Ort.czi,old,gal,upper
66,1.0,197.0,197.0,F656_ARC _B3_slice6-Ort.czi,old,gal,upper
67,8.0,147.875,1183.0,F656_ARC _B3_slice6-Ort.czi,old,gal,upper
68,17.0,140.35294117647058,2386.0,F656_ARC _B3_slice6-Ort.czi,old,gal,upper
69,56.0,174.46428571428572,9770.0,F656_ARC _B3_slice6-Ort.czi,old,gal,upper
70,101.0,185.16831683168317,18702.0,F656_ARC _B3_slice6-Ort.czi,old,gal,upper
71,34.0,119.47058823529412,4062.0,F656_ARC _B3_slice6-Ort.czi,old,gal,upper
72,46.0,157.6086956521739,7250.0,F656_ARC _B3_slice6-Ort.czi,old,gal,upper
73,6.0,130.16666666666666,781.0,F656_ARC _B3_slice6-Ort.czi,old,gal,upper
74,98.0,182.0612244897959,17842.0,F656_ARC _B3_slice6-Ort.czi,old,gal,upper
75,3.0,133.33333333333334,400.0,F656_ARC _B3_slice6-Ort.czi,old,gal,upper
76,37.0,205.21621621621622,7593.0,F656_ARC _B3_slice6-Ort.czi,old,gal,upper
77,70.0,192.5142857142857,13476.0,F656_ARC _B3_slice6-Ort.czi,old,gal,upper
78,35.0,163.34285714285716,5717.0,F656_ARC _B3_slice6-Ort.czi,old,gal,upper
79,38.0,169.73684210526315,6450.0,F656_ARC _B3_slice6-Ort.czi,old,gal,upper
80,39.0,161.17948717948718,6286.0,F656_ARC _B3_slice6-Ort.czi,old,gal,upper
81,12.0,163.08333333333334,1957.0,F656_ARC _B3_slice6-Ort.czi,old,gal,upper
82,135.0,194.8074074074074,26299.0,F656_ARC _B3_slice6-Ort.czi,old,gal,upper
83,74.0,192.78378378378378,14266.0,F656_ARC _B3_slice6-Ort.czi,old,gal,upper
84,32.0,144.78125,4633.0,F656_ARC _B3_slice6-Ort.czi,old,gal,upper
85,106.0,171.99056603773585,18231.0,F656_ARC _B3_slice6-Ort.czi,old,gal,upper
86,37.0,195.56756756756758,7236.0,F656_ARC _B3_slice6-Ort.czi,old,gal,upper
87,13.0,136.76923076923077,1778.0,F656_ARC _B3_slice6-Ort.czi,old,gal,upper
88,77.0,177.25974025974025,13649.0,F656_ARC _B3_slice6-Ort.czi,old,gal,upper
89,79.0,218.8860759493671,17292.0,F656_ARC _B3_slice6-Ort.czi,old,gal,upper
90,77.0,184.83116883116884,14232.0,F656_ARC _B3_slice6-Ort.czi,old,gal,upper
91,71.0,215.66197183098592,15312.0,F656_ARC _B3_slice6-Ort.czi,old,gal,upper
92,74.0,195.9189189189189,14497.999999999998,F656_ARC _B3_slice6-Ort.czi,old,gal,upper
93,30.0,175.8,5274.0,F656_ARC _B3_slice6-Ort.czi,old,gal,upper
94,12.0,113.83333333333333,1366.0,F656_ARC _B3_slice6-Ort.czi,old,gal,upper
95,6.0,150.33333333333334,902.0,F656_ARC _B3_slice6-Ort.czi,old,gal,upper
96,207.0,191.40579710144928,39621.0,F656_ARC _B3_slice6-Ort.czi,old,gal,upper
97,16.0,178.0,2848.0,F656_ARC _B3_slice6-Ort.czi,old,gal,upper
98,78.0,215.62820512820514,16819.0,F656_ARC _B3_slice6-Ort.czi,old,gal,upper
99,92.0,183.18478260869566,16853.0,F656_ARC _B3_slice6-Ort.czi,old,gal,upper
100,96.0,204.875,19668.0,F656_ARC _B3_slice6-Ort.czi,old,gal,upper
101,73.0,151.06849315068493,11028.0,F656_ARC _B3_slice6-Ort.czi,old,gal,upper
102,1.0,96.0,96.0,F656_ARC _B3_slice6-Ort.czi,old,gal,upper
103,9.0,168.0,1512.0,F656_ARC _B3_slice6-Ort.czi,old,gal,upper
104,82.0,171.609756097561,14072.000000000002,F656_ARC _B3_slice6-Ort.czi,old,gal,upper
105,3.0,117.66666666666667,353.0,F656_ARC _B3_slice6-Ort.czi,old,gal,upper
106,15.0,140.53333333333333,2108.0,F656_ARC _B3_slice6-Ort.czi,old,gal,upper
107,28.0,208.96428571428572,5851.0,F656_ARC _B3_slice6-Ort.czi,old,gal,upper
108,33.0,174.15151515151516,5747.0,F656_ARC _B3_slice6-Ort.czi,old,gal,upper
109,111.0,204.3063063063063,22678.0,F656_ARC _B3_slice6-Ort.czi,old,gal,upper
110,52.0,170.84615384615384,8884.0,F656_ARC _B3_slice6-Ort.czi,old,gal,upper
111,63.0,129.76190476190476,8175.0,F656_ARC _B3_slice6-Ort.czi,old,gal,upper
112,17.0,134.41176470588235,2285.0,F656_ARC _B3_slice6-Ort.czi,old,gal,upper
113,16.0,160.8125,2573.0,F656_ARC _B3_slice6-Ort.czi,old,gal,upper
114,80.0,151.225,12098.0,F656_ARC _B3_slice6-Ort.czi,old,gal,upper
115,82.0,200.26829268292684,16422.0,F656_ARC _B3_slice6-Ort.czi,old,gal,upper
116,55.0,160.0909090909091,8805.0,F656_ARC _B3_slice6-Ort.czi,old,gal,upper
117,1.0,150.0,150.0,F656_ARC _B3_slice6-Ort.czi,old,gal,upper
118,14.0,158.21428571428572,2215.0,F656_ARC _B3_slice6-Ort.czi,old,gal,upper
119,48.0,136.85416666666666,6569.0,F656_ARC _B3_slice6-Ort.czi,old,gal,upper
120,36.0,114.91666666666667,4137.0,F656_ARC _B3_slice6-Ort.czi,old,gal,upper
121,37.0,200.1891891891892,7407.0,F656_ARC _B3_slice6-Ort.czi,old,gal,upper
122,107.0,213.2803738317757,22821.0,F656_ARC _B3_slice6-Ort.czi,old,gal,upper
123,2.0,123.5,247.0,F656_ARC _B3_slice6-Ort.czi,old,gal,upper
124,17.0,114.88235294117646,1953.0,F656_ARC _B3_slice6-Ort.czi,old,gal,upper
125,39.0,151.74358974358975,5918.0,F656_ARC _B3_slice6-Ort.czi,old,gal,upper
126,56.0,187.92857142857142,10524.0,F656_ARC _B3_slice6-Ort.czi,old,gal,upper
127,96.0,186.03125,17859.0,F656_ARC _B3_slice6-Ort.czi,old,gal,upper
128,1.0,153.0,153.0,F656_ARC _B3_slice6-Ort.czi,old,gal,upper
129,17.0,170.11764705882354,2892.0,F656_ARC _B3_slice6-Ort.czi,old,gal,upper
130,66.0,184.95454545454547,12207.0,F656_ARC _B3_slice6-Ort.czi,old,gal,upper
131,1.0,182.0,182.0,F656_ARC _B3_slice6-Ort.czi,old,gal,upper
132,67.0,135.3134328358209,9066.0,F656_ARC _B3_slice6-Ort.czi,old,gal,upper
133,79.0,165.74683544303798,13094.0,F656_ARC _B3_slice6-Ort.czi,old,gal,upper
134,31.0,158.19354838709677,4904.0,F656_ARC _B3_slice6-Ort.czi,old,gal,upper
135,91.0,235.3846153846154,21420.0,F656_ARC _B3_slice6-Ort.czi,old,gal,upper
136,88.0,168.13636363636363,14796.0,F656_ARC _B3_slice6-Ort.czi,old,gal,upper
137,36.0,147.55555555555554,5312.0,F656_ARC _B3_slice6-Ort.czi,old,gal,upper
138,10.0,154.6,1546.0,F656_ARC _B3_slice6-Ort.czi,old,gal,upper
139,1.0,170.0,170.0,F656_ARC _B3_slice6-Ort.czi,old,gal,upper
140,31.0,202.06451612903226,6264.0,F656_ARC _B3_slice6-Ort.czi,old,gal,upper
141,5.0,124.6,623.0,F656_ARC _B3_slice6-Ort.czi,old,gal,upper
142,43.0,213.48837209302326,9180.0,F656_ARC _B3_slice6-Ort.czi,old,gal,upper
143,65.0,216.0,14040.0,F656_ARC _B3_slice6-Ort.czi,old,gal,upper
144,6.0,124.83333333333333,749.0,F656_ARC _B3_slice6-Ort.czi,old,gal,upper
145,5.0,132.6,663.0,F656_ARC _B3_slice6-Ort.czi,old,gal,upper
146,145.0,157.67586206896553,22863.0,F656_ARC _B3_slice6-Ort.czi,old,gal,upper
147,13.0,150.69230769230768,1958.9999999999998,F656_ARC _B3_slice6-Ort.czi,old,gal,upper
148,15.0,153.93333333333334,2309.0,F656_ARC _B3_slice6-Ort.czi,old,gal,upper
149,12.0,124.08333333333333,1489.0,F656_ARC _B3_slice6-Ort.czi,old,gal,upper
150,2.0,106.0,212.0,F656_ARC _B3_slice6-Ort.czi,old,gal,upper
151,74.0,193.75675675675674,14337.999999999998,F656_ARC _B3_slice6-Ort.czi,old,gal,upper
152,7.0,136.0,952.0,F656_ARC _B3_slice6-Ort.czi,old,gal,upper
153,75.0,190.78666666666666,14309.0,F656_ARC _B3_slice6-Ort.czi,old,gal,upper
154,98.0,184.3265306122449,18064.0,F656_ARC _B3_slice6-Ort.czi,old,gal,upper
155,15.0,176.13333333333333,2642.0,F656_ARC _B3_slice6-Ort.czi,old,gal,upper
156,1.0,153.0,153.0,F656_ARC _B3_slice6-Ort.czi,old,gal,upper
157,28.0,141.78571428571428,3970.0,F656_ARC _B3_slice6-Ort.czi,old,gal,upper
158,96.0,220.30208333333334,21149.0,F656_ARC _B3_slice6-Ort.czi,old,gal,upper
159,68.0,176.23529411764707,11984.0,F656_ARC _B3_slice6-Ort.czi,old,gal,upper
160,49.0,140.3469387755102,6877.0,F656_ARC _B3_slice6-Ort.czi,old,gal,upper
161,103.0,219.28155339805826,22586.0,F656_ARC _B3_slice6-Ort.czi,old,gal,upper
162,11.0,146.63636363636363,1613.0,F656_ARC _B3_slice6-Ort.czi,old,gal,upper
163,4.0,119.5,478.0,F656_ARC _B3_slice6-Ort.czi,old,gal,upper
164,5.0,155.8,779.0,F656_ARC _B3_slice6-Ort.czi,old,gal,upper
165,48.0,144.29166666666666,6926.0,F656_ARC _B3_slice6-Ort.czi,old,gal,upper
166,123.0,175.27642276422765,21559.0,F656_ARC _B3_slice6-Ort.czi,old,gal,upper
167,91.0,168.2967032967033,15315.0,F656_ARC _B3_slice6-Ort.czi,old,gal,upper
168,4.0,169.75,679.0,F656_ARC _B3_slice6-Ort.czi,old,gal,upper
169,5.0,97.0,485.0,F656_ARC _B3_slice6-Ort.czi,old,gal,upper
1,18.0,170.5,3069.0,B465_ARC _C3_slice4-Ort.czi,old,gal,upper
2,26.0,226.92307692307693,5900.0,B465_ARC _C3_slice4-Ort.czi,old,gal,upper
3,99.0,218.17171717171718,21599.0,B465_ARC _C3_slice4-Ort.czi,old,gal,upper
4,56.0,197.51785714285714,11061.0,B465_ARC _C3_slice4-Ort.czi,old,gal,upper
5,100.0,233.81,23381.0,B465_ARC _C3_slice4-Ort.czi,old,gal,upper
6,33.0,176.15151515151516,5813.0,B465_ARC _C3_slice4-Ort.czi,old,gal,upper
7,6.0,203.33333333333334,1220.0,B465_ARC _C3_slice4-Ort.czi,old,gal,upper
8,55.0,191.1818181818182,10515.0,B465_ARC _C3_slice4-Ort.czi,old,gal,upper
9,66.0,231.3030303030303,15266.0,B465_ARC _C3_slice4-Ort.czi,old,gal,upper
10,1.0,120.0,120.0,B465_ARC _C3_slice4-Ort.czi,old,gal,upper
11,13.0,175.15384615384616,2277.0,B465_ARC _C3_slice4-Ort.czi,old,gal,upper
12,18.0,150.0,2700.0,B465_ARC _C3_slice4-Ort.czi,old,gal,upper
13,9.0,115.11111111111111,1036.0,B465_ARC _C3_slice4-Ort.czi,old,gal,upper
14,4.0,150.0,600.0,B465_ARC _C3_slice4-Ort.czi,old,gal,upper
15,2.0,169.0,338.0,B465_ARC _C3_slice4-Ort.czi,old,gal,upper
16,36.0,182.80555555555554,6581.0,B465_ARC _C3_slice4-Ort.czi,old,gal,upper
17,16.0,146.875,2350.0,B465_ARC _C3_slice4-Ort.czi,old,gal,upper
