label,area,mean_intensity,integrated_density,filename,age,channel,region
1,27.0,132.8148148148148,3586.0,F656_ARC _B3_slice3-Ort.czi,old,gal,lower
2,102.0,167.68627450980392,17104.0,F656_ARC _B3_slice3-Ort.czi,old,gal,lower
3,88.0,203.79545454545453,17934.0,F656_ARC _B3_slice3-Ort.czi,old,gal,lower
4,46.0,161.7826086956522,7442.000000000001,F656_ARC _B3_slice3-Ort.czi,old,gal,lower
5,3.0,208.0,624.0,F656_ARC _B3_slice3-Ort.czi,old,gal,lower
6,38.0,119.63157894736842,4546.0,F656_ARC _B3_slice3-Ort.czi,old,gal,lower
7,4.0,100.25,401.0,F656_ARC _B3_slice3-Ort.czi,old,gal,lower
8,9.0,117.11111111111111,1054.0,F656_ARC _B3_slice3-Ort.czi,old,gal,lower
9,14.0,108.71428571428571,1522.0,F656_ARC _B3_slice3-Ort.czi,old,gal,lower
10,58.0,113.75862068965517,6598.0,F656_ARC _B3_slice3-Ort.czi,old,gal,lower
11,35.0,142.25714285714287,4979.0,F656_ARC _B3_slice3-Ort.czi,old,gal,lower
12,1.0,74.0,74.0,F656_ARC _B3_slice3-Ort.czi,old,gal,lower
13,8.0,153.0,1224.0,F656_ARC _B3_slice3-Ort.czi,old,gal,lower
14,64.0,177.875,11384.0,F656_ARC _B3_slice3-Ort.czi,old,gal,lower
15,27.0,142.55555555555554,3848.9999999999995,F656_ARC _B3_slice3-Ort.czi,old,gal,lower
16,9.0,118.55555555555556,1067.0,F656_ARC _B3_slice3-Ort.czi,old,gal,lower
17,53.0,130.83018867924528,6934.0,F656_ARC _B3_slice3-Ort.czi,old,gal,lower
18,13.0,125.23076923076923,1628.0,F656_ARC _B3_slice3-Ort.czi,old,gal,lower
19,26.0,108.11538461538461,2811.0,F656_ARC _B3_slice3-Ort.czi,old,gal,lower
20,34.0,103.88235294117646,3532.0,F656_ARC _B3_slice3-Ort.czi,old,gal,lower
21,38.0,107.28947368421052,4077.0,F656_ARC _B3_slice3-Ort.czi,old,gal,lower
22,25.0,140.28,3507.0,F656_ARC _B3_slice3-Ort.czi,old,gal,lower
23,109.0,152.80733944954127,16656.0,F656_ARC _B3_slice3-Ort.czi,old,gal,lower
24,88.0,150.20454545454547,13218.000000000002,F656_ARC _B3_slice3-Ort.czi,old,gal,lower
25,55.0,169.34545454545454,9314.0,F656_ARC _B3_slice3-Ort.czi,old,gal,lower
26,42.0,125.21428571428571,5259.0,F656_ARC _B3_slice3-Ort.czi,old,gal,lower
27,33.0,130.6969696969697,4313.0,F656_ARC _B3_slice3-Ort.czi,old,gal,lower
28,26.0,108.6923076923077,2826.0,F656_ARC _B3_slice3-Ort.czi,old,gal,lower
29,13.0,91.23076923076923,1186.0,F656_ARC _B3_slice3-Ort.czi,old,gal,lower
30,18.0,96.94444444444444,1745.0,F656_ARC _B3_slice3-Ort.czi,old,gal,lower
31,66.0,185.34848484848484,12233.0,F656_ARC _B3_slice3-Ort.czi,old,gal,lower
32,5.0,96.2,481.0,F656_ARC _B3_slice3-Ort.czi,old,gal,lower
33,83.0,137.16867469879517,11385.0,F656_ARC _B3_slice3-Ort.czi,old,gal,lower
34,49.0,139.08163265306123,6815.000000000001,F656_ARC _B3_slice3-Ort.czi,old,gal,lower
35,85.0,129.09411764705882,10973.0,F656_ARC _B3_slice3-Ort.czi,old,gal,lower
36,6.0,103.16666666666667,619.0,F656_ARC _B3_slice3-Ort.czi,old,gal,lower
37,25.0,136.64,3415.9999999999995,F656_ARC _B3_slice3-Ort.czi,old,gal,lower
38,113.0,180.4867256637168,20395.0,F656_ARC _B3_slice3-Ort.czi,old,gal,lower
39,38.0,163.02631578947367,6194.999999999999,F656_ARC _B3_slice3-Ort.czi,old,gal,lower
40,60.0,175.13333333333333,10508.0,F656_ARC _B3_slice3-Ort.czi,old,gal,lower
41,24.0,113.83333333333333,2732.0,F656_ARC _B3_slice3-Ort.czi,old,gal,lower
42,89.0,201.43820224719101,17928.0,F656_ARC _B3_slice3-Ort.czi,old,gal,lower
43,81.0,179.49382716049382,14539.0,F656_ARC _B3_slice3-Ort.czi,old,gal,lower
44,17.0,99.11764705882354,1685.0,F656_ARC _B3_slice3-Ort.czi,old,gal,lower
45,78.0,153.33333333333334,11960.0,F656_ARC _B3_slice3-Ort.czi,old,gal,lower
46,53.0,192.9056603773585,10224.0,F656_ARC _B3_slice3-Ort.czi,old,gal,lower
47,16.0,141.25,2260.0,F656_ARC _B3_slice3-Ort.czi,old,gal,lower
48,28.0,138.60714285714286,3881.0,F656_ARC _B3_slice3-Ort.czi,old,gal,lower
49,11.0,98.9090909090909,1088.0,F656_ARC _B3_slice3-Ort.czi,old,gal,lower
50,1.0,91.0,91.0,F656_ARC _B3_slice3-Ort.czi,old,gal,lower
51,25.0,102.52,2563.0,F656_ARC _B3_slice3-Ort.czi,old,gal,lower
52,16.0,125.1875,2003.0,F656_ARC _B3_slice3-Ort.czi,old,gal,lower
53,13.0,124.61538461538461,1620.0,F656_ARC _B3_slice3-Ort.czi,old,gal,lower
54,36.0,168.91666666666666,6081.0,F656_ARC _B3_slice3-Ort.czi,old,gal,lower
55,89.0,149.35955056179776,13293.0,F656_ARC _B3_slice3-Ort.czi,old,gal,lower
56,110.0,151.87272727272727,16706.0,F656_ARC _B3_slice3-Ort.czi,old,gal,lower
57,109.0,150.22018348623854,16374.0,F656_ARC _B3_slice3-Ort.czi,old,gal,lower
58,16.0,157.875,2526.0,F656_ARC _B3_slice3-Ort.czi,old,gal,lower
59,23.0,113.3913043478261,2608.0,F656_ARC _B3_slice3-Ort.czi,old,gal,lower
60,28.0,165.89285714285714,4645.0,F656_ARC _B3_slice3-Ort.czi,old,gal,lower
1,102.0,236.85294117647058,24159.0,B489_ARC_xxx_slice2-Ort.czi,old,gal,lower
2,87.0,235.66666666666666,20503.0,B489_ARC_xxx_slice2-Ort.czi,old,gal,lower
3,20.0,196.45,3929.0,B489_ARC_xxx_slice2-Ort.czi,old,gal,lower
4,5.0,186.8,934.0,B489_ARC_xxx_slice2-Ort.czi,old,gal,lower
5,73.0,194.64383561643837,14209.0,B489_ARC_xxx_slice2-Ort.czi,old,gal,lower
6,6.0,163.16666666666666,979.0,B489_ARC_xxx_slice2-Ort.czi,old,gal,lower
7,12.0,180.0,2160.0,B489_ARC_xxx_slice2-Ort.czi,old,gal,lower
8,16.0,197.75,3164.0,B489_ARC_xxx_slice2-Ort.czi,old,gal,lower
9,54.0,176.5185185185185,9532.0,B489_ARC_xxx_slice2-Ort.czi,old,gal,lower
10,10.0,170.0,1700.0,B489_ARC_xxx_slice2-Ort.czi,old,gal,lower
11,29.0,160.93103448275863,4667.0,B489_ARC_xxx_slice2-Ort.czi,old,gal,lower
12,3.0,136.33333333333334,409.0,B489_ARC_xxx_slice2-Ort.czi,old,gal,lower
13,21.0,201.14285714285714,4224.0,B489_ARC_xxx_slice2-Ort.czi,old,gal,lower
14,1.0,67.0,67.0,B489_ARC_xxx_slice2-Ort.czi,old,gal,lower
15,1.0,127.0,127.0,B489_ARC_xxx_slice2-Ort.czi,old,gal,lower
16,144.0,197.08333333333334,28380.0,B489_ARC_xxx_slice2-Ort.czi,old,gal,lower
17,4.0,133.75,535.0,B489_ARC_xxx_slice2-Ort.czi,old,gal,lower
18,43.0,207.5581395348837,8925.0,B489_ARC_xxx_slice2-Ort.czi,old,gal,lower
19,167.0,196.30538922155688,32783.0,B489_ARC_xxx_slice2-Ort.czi,old,gal,lower
20,18.0,244.55555555555554,4402.0,B489_ARC_xxx_slice2-Ort.czi,old,gal,lower
21,18.0,198.66666666666666,3576.0,B489_ARC_xxx_slice2-Ort.czi,old,gal,lower
22,13.0,172.15384615384616,2238.0,B489_ARC_xxx_slice2-Ort.czi,old,gal,lower
23,38.0,167.97368421052633,6383.000000000001,B489_ARC_xxx_slice2-Ort.czi,old,gal,lower
24,58.0,235.0,13630.0,B489_ARC_xxx_slice2-Ort.czi,old,gal,lower
25,12.0,167.91666666666666,2015.0,B489_ARC_xxx_slice2-Ort.czi,old,gal,lower
26,35.0,214.71428571428572,7515.0,B489_ARC_xxx_slice2-Ort.czi,old,gal,lower
27,40.0,174.55,6982.0,B489_ARC_xxx_slice2-Ort.czi,old,gal,lower
28,1.0,90.0,90.0,B489_ARC_xxx_slice2-Ort.czi,old,gal,lower
29,10.0,211.8,2118.0,B489_ARC_xxx_slice2-Ort.czi,old,gal,lower
30,39.0,208.7948717948718,8143.0,B489_ARC_xxx_slice2-Ort.czi,old,gal,lower
31,43.0,166.51162790697674,7160.0,B489_ARC_xxx_slice2-Ort.czi,old,gal,lower
32,90.0,219.24444444444444,19732.0,B489_ARC_xxx_slice2-Ort.czi,old,gal,lower
33,8.0,149.5,1196.0,B489_ARC_xxx_slice2-Ort.czi,old,gal,lower
34,64.0,192.546875,12323.0,B489_ARC_xxx_slice2-Ort.czi,old,gal,lower
35,18.0,170.27777777777777,3065.0,B489_ARC_xxx_slice2-Ort.czi,old,gal,lower
36,6.0,165.16666666666666,991.0,B489_ARC_xxx_slice2-Ort.czi,old,gal,lower
37,39.0,230.12820512820514,8975.0,B489_ARC_xxx_slice2-Ort.czi,old,gal,lower
38,116.0,239.5,27782.0,B489_ARC_xxx_slice2-Ort.czi,old,gal,lower
39,184.0,240.09782608695653,44178.0,B489_ARC_xxx_slice2-Ort.czi,old,gal,lower
40,14.0,129.5,1813.0,B489_ARC_xxx_slice2-Ort.czi,old,gal,lower
41,8.0,167.75,1342.0,B489_ARC_xxx_slice2-Ort.czi,old,gal,lower
42,43.0,185.62790697674419,7982.0,B489_ARC_xxx_slice2-Ort.czi,old,gal,lower
43,155.0,233.48387096774192,36190.0,B489_ARC_xxx_slice2-Ort.czi,old,gal,lower
44,86.0,208.82558139534885,17959.0,B489_ARC_xxx_slice2-Ort.czi,old,gal,lower
45,156.0,238.74358974358975,37244.0,B489_ARC_xxx_slice2-Ort.czi,old,gal,lower
46,27.0,165.55555555555554,4470.0,B489_ARC_xxx_slice2-Ort.czi,old,gal,lower
47,50.0,205.56,10278.0,B489_ARC_xxx_slice2-Ort.czi,old,gal,lower
48,66.0,186.3181818181818,12297.0,B489_ARC_xxx_slice2-Ort.czi,old,gal,lower
49,43.0,200.1627906976744,8607.0,B489_ARC_xxx_slice2-Ort.czi,old,gal,lower
50,123.0,241.6747967479675,29726.0,B489_ARC_xxx_slice2-Ort.czi,old,gal,lower
51,84.0,204.21428571428572,17154.0,B489_ARC_xxx_slice2-Ort.czi,old,gal,lower
52,47.0,235.31914893617022,11060.0,B489_ARC_xxx_slice2-Ort.czi,old,gal,lower
53,81.0,227.62962962962962,18438.0,B489_ARC_xxx_slice2-Ort.czi,old,gal,lower
54,133.0,225.37593984962405,29975.0,B489_ARC_xxx_slice2-Ort.czi,old,gal,lower
55,93.0,241.21505376344086,22433.0,B489_ARC_xxx_slice2-Ort.czi,old,gal,lower
56,126.0,210.33333333333334,26502.0,B489_ARC_xxx_slice2-Ort.czi,old,gal,lower
57,43.0,197.13953488372093,8477.0,B489_ARC_xxx_slice2-Ort.czi,old,gal,lower
58,68.0,186.2058823529412,12662.0,B489_ARC_xxx_slice2-Ort.czi,old,gal,lower
59,82.0,227.8170731707317,18681.0,B489_ARC_xxx_slice2-Ort.czi,old,gal,lower
60,30.0,240.03333333333333,7201.0,B489_ARC_xxx_slice2-Ort.czi,old,gal,lower
61,153.0,243.48366013071896,37253.0,B489_ARC_xxx_slice2-Ort.czi,old,gal,lower
62,147.0,217.80272108843536,32017.0,B489_ARC_xxx_slice2-Ort.czi,old,gal,lower
63,45.0,207.15555555555557,9322.0,B489_ARC_xxx_slice2-Ort.czi,old,gal,lower
64,102.0,214.9313725490196,21923.0,B489_ARC_xxx_slice2-Ort.czi,old,gal,lower
65,198.0,229.09595959595958,45361.0,B489_ARC_xxx_slice2-Ort.czi,old,gal,lower
66,96.0,242.52083333333334,23282.0,B489_ARC_xxx_slice2-Ort.czi,old,gal,lower
67,63.0,190.04761904761904,11973.0,B489_ARC_xxx_slice2-Ort.czi,old,gal,lower
68,97.0,210.31958762886597,20401.0,B489_ARC_xxx_slice2-Ort.czi,old,gal,lower
69,172.0,239.20348837209303,41143.0,B489_ARC_xxx_slice2-Ort.czi,old,gal,lower
70,65.0,233.27692307692308,15163.0,B489_ARC_xxx_slice2-Ort.czi,old,gal,lower
71,141.0,210.65248226950354,29702.0,B489_ARC_xxx_slice2-Ort.czi,old,gal,lower
72,78.0,235.82051282051282,18394.0,B489_ARC_xxx_slice2-Ort.czi,old,gal,lower
73,129.0,229.95348837209303,29664.0,B489_ARC_xxx_slice2-Ort.czi,old,gal,lower
74,9.0,138.44444444444446,1246.0,B489_ARC_xxx_slice2-Ort.czi,old,gal,lower
75,2.0,145.0,290.0,B489_ARC_xxx_slice2-Ort.czi,old,gal,lower
76,105.0,225.67619047619047,23696.0,B489_ARC_xxx_slice2-Ort.czi,old,gal,lower
77,70.0,234.85714285714286,16440.0,B489_ARC_xxx_slice2-Ort.czi,old,gal,lower
78,118.0,218.25423728813558,25754.0,B489_ARC_xxx_slice2-Ort.czi,old,gal,lower
79,61.0,222.39344262295083,13566.0,B489_ARC_xxx_slice2-Ort.czi,old,gal,lower
80,257.0,227.25291828793775,58404.0,B489_ARC_xxx_slice2-Ort.czi,old,gal,lower
81,131.0,239.4732824427481,31371.0,B489_ARC_xxx_slice2-Ort.czi,old,gal,lower
82,153.0,185.7843137254902,28425.0,B489_ARC_xxx_slice2-Ort.czi,old,gal,lower
83,5.0,235.4,1177.0,B489_ARC_xxx_slice2-Ort.czi,old,gal,lower
84,75.0,186.17333333333335,13963.000000000002,B489_ARC_xxx_slice2-Ort.czi,old,gal,lower
85,20.0,235.25,4705.0,B489_ARC_xxx_slice2-Ort.czi,old,gal,lower
86,204.0,188.7156862745098,38498.0,B489_ARC_xxx_slice2-Ort.czi,old,gal,lower
87,10.0,213.3,2133.0,B489_ARC_xxx_slice2-Ort.czi,old,gal,lower
88,47.0,197.08510638297872,9263.0,B489_ARC_xxx_slice2-Ort.czi,old,gal,lower
89,52.0,236.25,12285.0,B489_ARC_xxx_slice2-Ort.czi,old,gal,lower
90,184.0,195.6086956521739,35992.0,B489_ARC_xxx_slice2-Ort.czi,old,gal,lower
91,30.0,146.5,4395.0,B489_ARC_xxx_slice2-Ort.czi,old,gal,lower
92,89.0,227.40449438202248,20239.0,B489_ARC_xxx_slice2-Ort.czi,old,gal,lower
93,2.0,131.0,262.0,B489_ARC_xxx_slice2-Ort.czi,old,gal,lower
94,130.0,239.8846153846154,31185.0,B489_ARC_xxx_slice2-Ort.czi,old,gal,lower
95,22.0,226.0909090909091,4974.0,B489_ARC_xxx_slice2-Ort.czi,old,gal,lower
96,37.0,230.3783783783784,8524.0,B489_ARC_xxx_slice2-Ort.czi,old,gal,lower
97,44.0,190.47727272727272,8381.0,B489_ARC_xxx_slice2-Ort.czi,old,gal,lower
98,85.0,229.48235294117646,19506.0,B489_ARC_xxx_slice2-Ort.czi,old,gal,lower
99,171.0,200.94152046783626,34361.0,B489_ARC_xxx_slice2-Ort.czi,old,gal,lower
100,128.0,216.3203125,27689.0,B489_ARC_xxx_slice2-Ort.czi,old,gal,lower
101,13.0,201.6153846153846,2621.0,B489_ARC_xxx_slice2-Ort.czi,old,gal,lower
102,4.0,174.25,697.0,B489_ARC_xxx_slice2-Ort.czi,old,gal,lower
103,148.0,238.6216216216216,35316.0,B489_ARC_xxx_slice2-Ort.czi,old,gal,lower
104,13.0,218.23076923076923,2837.0,B489_ARC_xxx_slice2-Ort.czi,old,gal,lower
105,87.0,216.19540229885058,18809.0,B489_ARC_xxx_slice2-Ort.czi,old,gal,lower
106,46.0,178.7391304347826,8222.0,B489_ARC_xxx_slice2-Ort.czi,old,gal,lower
107,132.0,220.46969696969697,29102.0,B489_ARC_xxx_slice2-Ort.czi,old,gal,lower
108,17.0,214.58823529411765,3648.0,B489_ARC_xxx_slice2-Ort.czi,old,gal,lower
109,1.0,106.0,106.0,B489_ARC_xxx_slice2-Ort.czi,old,gal,lower
110,118.0,238.6949152542373,28166.0,B489_ARC_xxx_slice2-Ort.czi,old,gal,lower
111,17.0,174.47058823529412,2966.0,B489_ARC_xxx_slice2-Ort.czi,old,gal,lower
112,2.0,186.0,372.0,B489_ARC_xxx_slice2-Ort.czi,old,gal,lower
113,38.0,223.42105263157896,8490.0,B489_ARC_xxx_slice2-Ort.czi,old,gal,lower
114,31.0,206.80645161290323,6411.0,B489_ARC_xxx_slice2-Ort.czi,old,gal,lower
115,234.0,222.24358974358975,52005.0,B489_ARC_xxx_slice2-Ort.czi,old,gal,lower
116,37.0,220.67567567567568,8165.0,B489_ARC_xxx_slice2-Ort.czi,old,gal,lower
117,58.0,184.4655172413793,10699.0,B489_ARC_xxx_slice2-Ort.czi,old,gal,lower
118,36.0,225.55555555555554,8120.0,B489_ARC_xxx_slice2-Ort.czi,old,gal,lower
119,5.0,193.8,969.0,B489_ARC_xxx_slice2-Ort.czi,old,gal,lower
120,140.0,232.84285714285716,32598.0,B489_ARC_xxx_slice2-Ort.czi,old,gal,lower
121,75.0,161.49333333333334,12112.0,B489_ARC_xxx_slice2-Ort.czi,old,gal,lower
122,98.0,218.72448979591837,21435.0,B489_ARC_xxx_slice2-Ort.czi,old,gal,lower
123,66.0,225.6969696969697,14896.0,B489_ARC_xxx_slice2-Ort.czi,old,gal,lower
124,134.0,227.63432835820896,30503.0,B489_ARC_xxx_slice2-Ort.czi,old,gal,lower
125,64.0,217.78125,13938.0,B489_ARC_xxx_slice2-Ort.czi,old,gal,lower
126,27.0,237.33333333333334,6408.0,B489_ARC_xxx_slice2-Ort.czi,old,gal,lower
127,21.0,202.38095238095238,4250.0,B489_ARC_xxx_slice2-Ort.czi,old,gal,lower
128,104.0,193.5096153846154,20125.0,B489_ARC_xxx_slice2-Ort.czi,old,gal,lower
129,274.0,184.1934306569343,50469.0,B489_ARC_xxx_slice2-Ort.czi,old,gal,lower
130,206.0,229.6747572815534,47313.0,B489_ARC_xxx_slice2-Ort.czi,old,gal,lower
131,71.0,209.67605633802816,14887.0,B489_ARC_xxx_slice2-Ort.czi,old,gal,lower
132,122.0,196.9016393442623,24022.0,B489_ARC_xxx_slice2-Ort.czi,old,gal,lower
133,79.0,182.67088607594937,14431.0,B489_ARC_xxx_slice2-Ort.czi,old,gal,lower
134,8.0,208.75,1670.0,B489_ARC_xxx_slice2-Ort.czi,old,gal,lower
135,17.0,189.11764705882354,3215.0,B489_ARC_xxx_slice2-Ort.czi,old,gal,lower
136,48.0,157.02083333333334,7537.0,B489_ARC_xxx_slice2-Ort.czi,old,gal,lower
137,87.0,193.89655172413794,16869.0,B489_ARC_xxx_slice2-Ort.czi,old,gal,lower
138,62.0,213.40322580645162,13231.0,B489_ARC_xxx_slice2-Ort.czi,old,gal,lower
139,156.0,231.66666666666666,36140.0,B489_ARC_xxx_slice2-Ort.czi,old,gal,lower
140,551.0,216.4174228675136,119246.0,B489_ARC_xxx_slice2-Ort.czi,old,gal,lower
141,98.0,229.4387755102041,22485.0,B489_ARC_xxx_slice2-Ort.czi,old,gal,lower
142,281.0,227.5729537366548,63948.0,B489_ARC_xxx_slice2-Ort.czi,old,gal,lower
143,5.0,241.4,1207.0,B489_ARC_xxx_slice2-Ort.czi,old,gal,lower
144,46.0,183.54347826086956,8443.0,B489_ARC_xxx_slice2-Ort.czi,old,gal,lower
145,46.0,196.2826086956522,9029.0,B489_ARC_xxx_slice2-Ort.czi,old,gal,lower
146,96.0,212.60416666666666,20410.0,B489_ARC_xxx_slice2-Ort.czi,old,gal,lower
1,93.0,203.91397849462365,18964.0,B482_ARC _B3_slice6-Ort.czi,old,gal,lower
2,24.0,187.33333333333334,4496.0,B482_ARC _B3_slice6-Ort.czi,old,gal,lower
3,99.0,232.14141414141415,22982.0,B482_ARC _B3_slice6-Ort.czi,old,gal,lower
4,4.0,137.75,551.0,B482_ARC _B3_slice6-Ort.czi,old,gal,lower
5,81.0,164.25925925925927,13305.0,B482_ARC _B3_slice6-Ort.czi,old,gal,lower
6,20.0,192.7,3854.0,B482_ARC _B3_slice6-Ort.czi,old,gal,lower
7,3.0,222.33333333333334,667.0,B482_ARC _B3_slice6-Ort.czi,old,gal,lower
8,32.0,199.1875,6374.0,B482_ARC _B3_slice6-Ort.czi,old,gal,lower
9,66.0,228.95454545454547,15111.0,B482_ARC _B3_slice6-Ort.czi,old,gal,lower
10,5.0,136.8,684.0,B482_ARC _B3_slice6-Ort.czi,old,gal,lower
11,30.0,177.7,5331.0,B482_ARC _B3_slice6-Ort.czi,old,gal,lower
12,55.0,204.8909090909091,11269.0,B482_ARC _B3_slice6-Ort.czi,old,gal,lower
13,5.0,148.0,740.0,B482_ARC _B3_slice6-Ort.czi,old,gal,lower
14,138.0,236.65217391304347,32658.0,B482_ARC _B3_slice6-Ort.czi,old,gal,lower
15,32.0,219.125,7012.0,B482_ARC _B3_slice6-Ort.czi,old,gal,lower
16,58.0,167.0,9686.0,B482_ARC _B3_slice6-Ort.czi,old,gal,lower
17,73.0,161.17808219178082,11766.0,B482_ARC _B3_slice6-Ort.czi,old,gal,lower
18,18.0,198.33333333333334,3570.0,B482_ARC _B3_slice6-Ort.czi,old,gal,lower
19,174.0,216.94827586206895,37749.0,B482_ARC _B3_slice6-Ort.czi,old,gal,lower
20,1.0,124.0,124.0,B482_ARC _B3_slice6-Ort.czi,old,gal,lower
21,83.0,225.93975903614458,18753.0,B482_ARC _B3_slice6-Ort.czi,old,gal,lower
22,95.0,224.94736842105263,21370.0,B482_ARC _B3_slice6-Ort.czi,old,gal,lower
23,8.0,234.375,1875.0,B482_ARC _B3_slice6-Ort.czi,old,gal,lower
24,12.0,168.5,2022.0,B482_ARC _B3_slice6-Ort.czi,old,gal,lower
25,5.0,140.6,703.0,B482_ARC _B3_slice6-Ort.czi,old,gal,lower
26,37.0,224.0,8288.0,B482_ARC _B3_slice6-Ort.czi,old,gal,lower
27,30.0,204.36666666666667,6131.0,B482_ARC _B3_slice6-Ort.czi,old,gal,lower
28,77.0,226.14285714285714,17413.0,B482_ARC _B3_slice6-Ort.czi,old,gal,lower
29,9.0,191.77777777777777,1726.0,B482_ARC _B3_slice6-Ort.czi,old,gal,lower
30,6.0,132.83333333333334,797.0,B482_ARC _B3_slice6-Ort.czi,old,gal,lower
31,13.0,209.3846153846154,2722.0,B482_ARC _B3_slice6-Ort.czi,old,gal,lower
32,65.0,203.56923076923076,13232.0,B482_ARC _B3_slice6-Ort.czi,old,gal,lower
33,140.0,227.79285714285714,31891.0,B482_ARC _B3_slice6-Ort.czi,old,gal,lower
34,9.0,122.66666666666667,1104.0,B482_ARC _B3_slice6-Ort.czi,old,gal,lower
35,9.0,147.44444444444446,1327.0,B482_ARC _B3_slice6-Ort.czi,old,gal,lower
36,26.0,191.69230769230768,4984.0,B482_ARC _B3_slice6-Ort.czi,old,gal,lower
37,62.0,176.74193548387098,10958.0,B482_ARC _B3_slice6-Ort.czi,old,gal,lower
38,211.0,202.41232227488152,42709.0,B482_ARC _B3_slice6-Ort.czi,old,gal,lower
39,138.0,209.268115942029,28879.0,B482_ARC _B3_slice6-Ort.czi,old,gal,lower
40,248.0,204.80241935483872,50791.0,B482_ARC _B3_slice6-Ort.czi,old,gal,lower
41,97.0,233.77319587628867,22676.0,B482_ARC _B3_slice6-Ort.czi,old,gal,lower
42,74.0,196.8783783783784,14569.0,B482_ARC _B3_slice6-Ort.czi,old,gal,lower
43,19.0,195.10526315789474,3707.0,B482_ARC _B3_slice6-Ort.czi,old,gal,lower
44,60.0,216.25,12975.0,B482_ARC _B3_slice6-Ort.czi,old,gal,lower
45,9.0,162.22222222222223,1460.0,B482_ARC _B3_slice6-Ort.czi,old,gal,lower
46,54.0,201.7962962962963,10897.0,B482_ARC _B3_slice6-Ort.czi,old,gal,lower
47,46.0,206.15217391304347,9483.0,B482_ARC _B3_slice6-Ort.czi,old,gal,lower
48,14.0,140.57142857142858,1968.0000000000002,B482_ARC _B3_slice6-Ort.czi,old,gal,lower
49,11.0,167.1818181818182,1839.0,B482_ARC _B3_slice6-Ort.czi,old,gal,lower
50,4.0,156.75,627.0,B482_ARC _B3_slice6-Ort.czi,old,gal,lower
51,73.0,202.73972602739727,14800.0,B482_ARC _B3_slice6-Ort.czi,old,gal,lower
52,55.0,228.83636363636364,12586.0,B482_ARC _B3_slice6-Ort.czi,old,gal,lower
53,84.0,210.29761904761904,17665.0,B482_ARC _B3_slice6-Ort.czi,old,gal,lower
54,68.0,227.5,15470.0,B482_ARC _B3_slice6-Ort.czi,old,gal,lower
55,37.0,209.1891891891892,7740.0,B482_ARC _B3_slice6-Ort.czi,old,gal,lower
56,25.0,160.28,4007.0,B482_ARC _B3_slice6-Ort.czi,old,gal,lower
57,45.0,199.64444444444445,8984.0,B482_ARC _B3_slice6-Ort.czi,old,gal,lower
58,23.0,139.7826086956522,3215.0000000000005,B482_ARC _B3_slice6-Ort.czi,old,gal,lower
59,9.0,153.55555555555554,1382.0,B482_ARC _B3_slice6-Ort.czi,old,gal,lower
60,25.0,152.88,3822.0,B482_ARC _B3_slice6-Ort.czi,old,gal,lower
61,195.0,215.64615384615385,42051.0,B482_ARC _B3_slice6-Ort.czi,old,gal,lower
62,39.0,156.84615384615384,6117.0,B482_ARC _B3_slice6-Ort.czi,old,gal,lower
63,65.0,218.64615384615385,14212.0,B482_ARC _B3_slice6-Ort.czi,old,gal,lower
64,1.0,255.0,255.0,B482_ARC _B3_slice6-Ort.czi,old,gal,lower
65,115.0,208.04347826086956,23925.0,B482_ARC _B3_slice6-Ort.czi,old,gal,lower
66,19.0,190.1578947368421,3613.0,B482_ARC _B3_slice6-Ort.czi,old,gal,lower
67,63.0,190.96825396825398,12031.0,B482_ARC _B3_slice6-Ort.czi,old,gal,lower
68,74.0,181.71621621621622,13447.0,B482_ARC _B3_slice6-Ort.czi,old,gal,lower
69,7.0,225.14285714285714,1576.0,B482_ARC _B3_slice6-Ort.czi,old,gal,lower
70,6.0,148.83333333333334,893.0,B482_ARC _B3_slice6-Ort.czi,old,gal,lower
71,13.0,167.84615384615384,2182.0,B482_ARC _B3_slice6-Ort.czi,old,gal,lower
72,3.0,161.33333333333334,484.0,B482_ARC _B3_slice6-Ort.czi,old,gal,lower
73,14.0,239.5,3353.0,B482_ARC _B3_slice6-Ort.czi,old,gal,lower
74,87.0,219.3793103448276,19086.0,B482_ARC _B3_slice6-Ort.czi,old,gal,lower
75,112.0,207.83035714285714,23277.0,B482_ARC _B3_slice6-Ort.czi,old,gal,lower
76,42.0,204.23809523809524,8578.0,B482_ARC _B3_slice6-Ort.czi,old,gal,lower
77,1.0,215.0,215.0,B482_ARC _B3_slice6-Ort.czi,old,gal,lower
78,80.0,226.3625,18109.0,B482_ARC _B3_slice6-Ort.czi,old,gal,lower
79,8.0,150.375,1203.0,B482_ARC _B3_slice6-Ort.czi,old,gal,lower
80,32.0,190.46875,6095.0,B482_ARC _B3_slice6-Ort.czi,old,gal,lower
81,11.0,221.0909090909091,2432.0,B482_ARC _B3_slice6-Ort.czi,old,gal,lower
82,13.0,169.69230769230768,2206.0,B482_ARC _B3_slice6-Ort.czi,old,gal,lower
83,82.0,218.14634146341464,17888.0,B482_ARC _B3_slice6-Ort.czi,old,gal,lower
84,37.0,177.67567567567568,6574.0,B482_ARC _B3_slice6-Ort.czi,old,gal,lower
85,27.0,225.96296296296296,6101.0,B482_ARC _B3_slice6-Ort.czi,old,gal,lower
86,13.0,210.84615384615384,2741.0,B482_ARC _B3_slice6-Ort.czi,old,gal,lower
87,4.0,182.25,729.0,B482_ARC _B3_slice6-Ort.czi,old,gal,lower
88,125.0,169.904,21238.0,B482_ARC _B3_slice6-Ort.czi,old,gal,lower
89,46.0,173.02173913043478,7959.0,B482_ARC _B3_slice6-Ort.czi,old,gal,lower
90,7.0,161.14285714285714,1128.0,B482_ARC _B3_slice6-Ort.czi,old,gal,lower
91,12.0,133.08333333333334,1597.0,B482_ARC _B3_slice6-Ort.czi,old,gal,lower
92,14.0,159.35714285714286,2231.0,B482_ARC _B3_slice6-Ort.czi,old,gal,lower
93,13.0,127.46153846153847,1657.0,B482_ARC _B3_slice6-Ort.czi,old,gal,lower
94,34.0,147.1764705882353,5004.0,B482_ARC _B3_slice6-Ort.czi,old,gal,lower
95,3.0,151.33333333333334,454.0,B482_ARC _B3_slice6-Ort.czi,old,gal,lower
96,7.0,226.71428571428572,1587.0,B482_ARC _B3_slice6-Ort.czi,old,gal,lower
97,9.0,132.66666666666666,1194.0,B482_ARC _B3_slice6-Ort.czi,old,gal,lower
1,17.0,9.823529411764707,167.0,F656_ARC _B3_slice8-Ort.czi,old,gal,lower
2,23.0,10.869565217391305,250.0,F656_ARC _B3_slice8-Ort.czi,old,gal,lower
3,51.0,9.490196078431373,484.0,F656_ARC _B3_slice8-Ort.czi,old,gal,lower
4,206.0,9.03883495145631,1862.0,F656_ARC _B3_slice8-Ort.czi,old,gal,lower
5,8.0,10.25,82.0,F656_ARC _B3_slice8-Ort.czi,old,gal,lower
6,4.0,13.75,55.0,F656_ARC _B3_slice8-Ort.czi,old,gal,lower
7,25.0,11.36,284.0,F656_ARC _B3_slice8-Ort.czi,old,gal,lower
8,6.0,9.666666666666666,58.0,F656_ARC _B3_slice8-Ort.czi,old,gal,lower
9,4.0,13.25,53.0,F656_ARC _B3_slice8-Ort.czi,old,gal,lower
10,20.0,11.75,235.0,F656_ARC _B3_slice8-Ort.czi,old,gal,lower
11,27.0,9.481481481481481,256.0,F656_ARC _B3_slice8-Ort.czi,old,gal,lower
12,1.0,16.0,16.0,F656_ARC _B3_slice8-Ort.czi,old,gal,lower
13,120.0,9.733333333333333,1168.0,F656_ARC _B3_slice8-Ort.czi,old,gal,lower
14,4.0,11.25,45.0,F656_ARC _B3_slice8-Ort.czi,old,gal,lower
15,9.0,8.333333333333334,75.0,F656_ARC _B3_slice8-Ort.czi,old,gal,lower
16,4.0,8.25,33.0,F656_ARC _B3_slice8-Ort.czi,old,gal,lower
17,90.0,9.977777777777778,898.0,F656_ARC _B3_slice8-Ort.czi,old,gal,lower
18,6.0,9.833333333333334,59.0,F656_ARC _B3_slice8-Ort.czi,old,gal,lower
19,1.0,11.0,11.0,F656_ARC _B3_slice8-Ort.czi,old,gal,lower
20,16.0,10.25,164.0,F656_ARC _B3_slice8-Ort.czi,old,gal,lower
21,22.0,9.590909090909092,211.00000000000003,F656_ARC _B3_slice8-Ort.czi,old,gal,lower
22,18.0,7.777777777777778,140.0,F656_ARC _B3_slice8-Ort.czi,old,gal,lower
23,3851.0,11.33939236561932,43668.0,F656_ARC _B3_slice8-Ort.czi,old,gal,lower
24,29.0,10.655172413793103,309.0,F656_ARC _B3_slice8-Ort.czi,old,gal,lower
25,13.0,9.153846153846153,119.0,F656_ARC _B3_slice8-Ort.czi,old,gal,lower
26,17.0,12.176470588235293,207.0,F656_ARC _B3_slice8-Ort.czi,old,gal,lower
27,60.0,9.383333333333333,563.0,F656_ARC _B3_slice8-Ort.czi,old,gal,lower
28,93.0,10.311827956989248,959.0,F656_ARC _B3_slice8-Ort.czi,old,gal,lower
29,1.0,11.0,11.0,F656_ARC _B3_slice8-Ort.czi,old,gal,lower
30,65.0,9.523076923076923,619.0,F656_ARC _B3_slice8-Ort.czi,old,gal,lower
31,5.0,12.8,64.0,F656_ARC _B3_slice8-Ort.czi,old,gal,lower
32,32.0,10.28125,329.0,F656_ARC _B3_slice8-Ort.czi,old,gal,lower
33,8.0,17.375,139.0,F656_ARC _B3_slice8-Ort.czi,old,gal,lower
34,4.0,13.25,53.0,F656_ARC _B3_slice8-Ort.czi,old,gal,lower
35,3.0,11.666666666666666,35.0,F656_ARC _B3_slice8-Ort.czi,old,gal,lower
36,18.0,15.0,270.0,F656_ARC _B3_slice8-Ort.czi,old,gal,lower
37,1.0,11.0,11.0,F656_ARC _B3_slice8-Ort.czi,old,gal,lower
38,1578.0,9.448669201520913,14910.0,F656_ARC _B3_slice8-Ort.czi,old,gal,lower
39,8.0,12.0,96.0,F656_ARC _B3_slice8-Ort.czi,old,gal,lower
40,11.0,10.818181818181818,119.0,F656_ARC _B3_slice8-Ort.czi,old,gal,lower
41,62.0,10.483870967741936,650.0,F656_ARC _B3_slice8-Ort.czi,old,gal,lower
42,2028.0,8.910749506903352,18071.0,F656_ARC _B3_slice8-Ort.czi,old,gal,lower
43,3129.0,11.298817513582614,35354.0,F656_ARC _B3_slice8-Ort.czi,old,gal,lower
44,1.0,10.0,10.0,F656_ARC _B3_slice8-Ort.czi,old,gal,lower
45,4.0,14.0,56.0,F656_ARC _B3_slice8-Ort.czi,old,gal,lower
46,5.0,12.6,63.0,F656_ARC _B3_slice8-Ort.czi,old,gal,lower
47,9.0,11.555555555555555,104.0,F656_ARC _B3_slice8-Ort.czi,old,gal,lower
48,8.0,8.625,69.0,F656_ARC _B3_slice8-Ort.czi,old,gal,lower
49,6.0,10.666666666666666,64.0,F656_ARC _B3_slice8-Ort.czi,old,gal,lower
50,17.0,10.0,170.0,F656_ARC _B3_slice8-Ort.czi,old,gal,lower
51,26.0,10.423076923076923,271.0,F656_ARC _B3_slice8-Ort.czi,old,gal,lower
52,14.0,9.928571428571429,139.0,F656_ARC _B3_slice8-Ort.czi,old,gal,lower
53,22.0,15.318181818181818,337.0,F656_ARC _B3_slice8-Ort.czi,old,gal,lower
54,15.0,10.066666666666666,151.0,F656_ARC _B3_slice8-Ort.czi,old,gal,lower
55,17.0,12.058823529411764,205.0,F656_ARC _B3_slice8-Ort.czi,old,gal,lower
56,1142.0,9.553415061295972,10910.0,F656_ARC _B3_slice8-Ort.czi,old,gal,lower
57,43.0,10.069767441860465,433.0,F656_ARC _B3_slice8-Ort.czi,old,gal,lower
58,4522.0,11.526315789473685,52122.0,F656_ARC _B3_slice8-Ort.czi,old,gal,lower
59,2.0,9.0,18.0,F656_ARC _B3_slice8-Ort.czi,old,gal,lower
60,5.0,12.2,61.0,F656_ARC _B3_slice8-Ort.czi,old,gal,lower
61,19.0,12.105263157894736,230.0,F656_ARC _B3_slice8-Ort.czi,old,gal,lower
62,41.0,11.024390243902438,451.99999999999994,F656_ARC _B3_slice8-Ort.czi,old,gal,lower
63,39.0,14.025641025641026,547.0,F656_ARC _B3_slice8-Ort.czi,old,gal,lower
64,10.0,9.9,99.0,F656_ARC _B3_slice8-Ort.czi,old,gal,lower
65,21.0,10.285714285714286,216.00000000000003,F656_ARC _B3_slice8-Ort.czi,old,gal,lower
66,84.0,9.44047619047619,793.0,F656_ARC _B3_slice8-Ort.czi,old,gal,lower
67,12.0,9.333333333333334,112.0,F656_ARC _B3_slice8-Ort.czi,old,gal,lower
68,226.0,10.849557522123893,2452.0,F656_ARC _B3_slice8-Ort.czi,old,gal,lower
69,70.0,11.271428571428572,789.0,F656_ARC _B3_slice8-Ort.czi,old,gal,lower
70,1.0,10.0,10.0,F656_ARC _B3_slice8-Ort.czi,old,gal,lower
71,13.0,10.76923076923077,140.0,F656_ARC _B3_slice8-Ort.czi,old,gal,lower
72,4.0,16.5,66.0,F656_ARC _B3_slice8-Ort.czi,old,gal,lower
73,1.0,5.0,5.0,F656_ARC _B3_slice8-Ort.czi,old,gal,lower
74,24.0,9.708333333333334,233.0,F656_ARC _B3_slice8-Ort.czi,old,gal,lower
75,17.0,9.941176470588236,169.0,F656_ARC _B3_slice8-Ort.czi,old,gal,lower
76,2.0,8.0,16.0,F656_ARC _B3_slice8-Ort.czi,old,gal,lower
77,8.0,9.0,72.0,F656_ARC _B3_slice8-Ort.czi,old,gal,lower
78,5.0,10.8,54.0,F656_ARC _B3_slice8-Ort.czi,old,gal,lower
79,5.0,10.2,51.0,F656_ARC _B3_slice8-Ort.czi,old,gal,lower
80,14.0,9.0,126.0,F656_ARC _B3_slice8-Ort.czi,old,gal,lower
81,49.0,10.959183673469388,537.0,F656_ARC _B3_slice8-Ort.czi,old,gal,lower
82,5.0,9.2,46.0,F656_ARC _B3_slice8-Ort.czi,old,gal,lower
83,19.0,17.894736842105264,340.0,F656_ARC _B3_slice8-Ort.czi,old,gal,lower
84,9.0,13.777777777777779,124.0,F656_ARC _B3_slice8-Ort.czi,old,gal,lower
85,1.0,8.0,8.0,F656_ARC _B3_slice8-Ort.czi,old,gal,lower
86,2.0,17.5,35.0,F656_ARC _B3_slice8-Ort.czi,old,gal,lower
87,6.0,12.666666666666666,76.0,F656_ARC _B3_slice8-Ort.czi,old,gal,lower
88,65.0,10.984615384615385,714.0,F656_ARC _B3_slice8-Ort.czi,old,gal,lower
89,194.0,10.376288659793815,2013.0,F656_ARC _B3_slice8-Ort.czi,old,gal,lower
90,20.0,11.7,234.0,F656_ARC _B3_slice8-Ort.czi,old,gal,lower
91,32.0,10.1875,326.0,F656_ARC _B3_slice8-Ort.czi,old,gal,lower
92,1.0,6.0,6.0,F656_ARC _B3_slice8-Ort.czi,old,gal,lower
93,9.0,11.666666666666666,105.0,F656_ARC _B3_slice8-Ort.czi,old,gal,lower
94,20.0,12.1,242.0,F656_ARC _B3_slice8-Ort.czi,old,gal,lower
95,21.0,11.428571428571429,240.0,F656_ARC _B3_slice8-Ort.czi,old,gal,lower
96,7.0,9.428571428571429,66.0,F656_ARC _B3_slice8-Ort.czi,old,gal,lower
97,32.0,13.90625,445.0,F656_ARC _B3_slice8-Ort.czi,old,gal,lower
98,12.0,9.166666666666666,110.0,F656_ARC _B3_slice8-Ort.czi,old,gal,lower
99,8.0,11.5,92.0,F656_ARC _B3_slice8-Ort.czi,old,gal,lower
100,12.0,8.583333333333334,103.0,F656_ARC _B3_slice8-Ort.czi,old,gal,lower
101,1.0,8.0,8.0,F656_ARC _B3_slice8-Ort.czi,old,gal,lower
102,7.0,10.428571428571429,73.0,F656_ARC _B3_slice8-Ort.czi,old,gal,lower
103,16.0,8.375,134.0,F656_ARC _B3_slice8-Ort.czi,old,gal,lower
104,1.0,19.0,19.0,F656_ARC _B3_slice8-Ort.czi,old,gal,lower
105,6.0,10.0,60.0,F656_ARC _B3_slice8-Ort.czi,old,gal,lower
106,5.0,10.6,53.0,F656_ARC _B3_slice8-Ort.czi,old,gal,lower
107,25.0,10.8,270.0,F656_ARC _B3_slice8-Ort.czi,old,gal,lower
108,10.0,9.5,95.0,F656_ARC _B3_slice8-Ort.czi,old,gal,lower
109,21.0,16.428571428571427,344.99999999999994,F656_ARC _B3_slice8-Ort.czi,old,gal,lower
110,11.0,11.727272727272727,129.0,F656_ARC _B3_slice8-Ort.czi,old,gal,lower
111,9.0,9.0,81.0,F656_ARC _B3_slice8-Ort.czi,old,gal,lower
112,18.0,11.222222222222221,202.0,F656_ARC _B3_slice8-Ort.czi,old,gal,lower
113,5.0,16.0,80.0,F656_ARC _B3_slice8-Ort.czi,old,gal,lower
114,27.0,9.88888888888889,267.0,F656_ARC _B3_slice8-Ort.czi,old,gal,lower
115,7.0,8.428571428571429,59.0,F656_ARC _B3_slice8-Ort.czi,old,gal,lower
116,6.0,8.333333333333334,50.0,F656_ARC _B3_slice8-Ort.czi,old,gal,lower
117,4.0,11.25,45.0,F656_ARC _B3_slice8-Ort.czi,old,gal,lower
118,7.0,8.857142857142858,62.0,F656_ARC _B3_slice8-Ort.czi,old,gal,lower
119,9.0,10.666666666666666,96.0,F656_ARC _B3_slice8-Ort.czi,old,gal,lower
120,24.0,9.416666666666666,226.0,F656_ARC _B3_slice8-Ort.czi,old,gal,lower
121,70.0,9.7,679.0,F656_ARC _B3_slice8-Ort.czi,old,gal,lower
122,59.0,14.94915254237288,882.0,F656_ARC _B3_slice8-Ort.czi,old,gal,lower
123,5.0,10.6,53.0,F656_ARC _B3_slice8-Ort.czi,old,gal,lower
124,14.0,10.0,140.0,F656_ARC _B3_slice8-Ort.czi,old,gal,lower
125,39.0,10.153846153846153,396.0,F656_ARC _B3_slice8-Ort.czi,old,gal,lower
126,24.0,19.375,465.0,F656_ARC _B3_slice8-Ort.czi,old,gal,lower
127,31.0,11.612903225806452,360.0,F656_ARC _B3_slice8-Ort.czi,old,gal,lower
128,7.0,9.857142857142858,69.0,F656_ARC _B3_slice8-Ort.czi,old,gal,lower
129,51.0,17.137254901960784,874.0,F656_ARC _B3_slice8-Ort.czi,old,gal,lower
130,16.0,11.1875,179.0,F656_ARC _B3_slice8-Ort.czi,old,gal,lower
131,21.0,9.380952380952381,197.0,F656_ARC _B3_slice8-Ort.czi,old,gal,lower
132,4.0,8.25,33.0,F656_ARC _B3_slice8-Ort.czi,old,gal,lower
133,14.0,10.857142857142858,152.0,F656_ARC _B3_slice8-Ort.czi,old,gal,lower
134,6.0,12.0,72.0,F656_ARC _B3_slice8-Ort.czi,old,gal,lower
135,20.0,9.75,195.0,F656_ARC _B3_slice8-Ort.czi,old,gal,lower
136,18.0,17.166666666666668,309.0,F656_ARC _B3_slice8-Ort.czi,old,gal,lower
137,3.0,11.0,33.0,F656_ARC _B3_slice8-Ort.czi,old,gal,lower
138,1.0,6.0,6.0,F656_ARC _B3_slice8-Ort.czi,old,gal,lower
139,27.0,10.962962962962964,296.0,F656_ARC _B3_slice8-Ort.czi,old,gal,lower
140,9.0,10.666666666666666,96.0,F656_ARC _B3_slice8-Ort.czi,old,gal,lower
141,107.0,14.598130841121495,1562.0,F656_ARC _B3_slice8-Ort.czi,old,gal,lower
142,7.0,9.571428571428571,67.0,F656_ARC _B3_slice8-Ort.czi,old,gal,lower
143,8.0,10.75,86.0,F656_ARC _B3_slice8-Ort.czi,old,gal,lower
144,1.0,7.0,7.0,F656_ARC _B3_slice8-Ort.czi,old,gal,lower
145,10.0,14.6,146.0,F656_ARC _B3_slice8-Ort.czi,old,gal,lower
146,9.0,12.11111111111111,109.0,F656_ARC _B3_slice8-Ort.czi,old,gal,lower
147,1.0,11.0,11.0,F656_ARC _B3_slice8-Ort.czi,old,gal,lower
148,8.0,8.875,71.0,F656_ARC _B3_slice8-Ort.czi,old,gal,lower
149,13.0,11.076923076923077,144.0,F656_ARC _B3_slice8-Ort.czi,old,gal,lower
150,4.0,12.5,50.0,F656_ARC _B3_slice8-Ort.czi,old,gal,lower
151,4.0,7.75,31.0,F656_ARC _B3_slice8-Ort.czi,old,gal,lower
152,1.0,20.0,20.0,F656_ARC _B3_slice8-Ort.czi,old,gal,lower
153,7.0,10.142857142857142,71.0,F656_ARC _B3_slice8-Ort.czi,old,gal,lower
154,55.0,9.854545454545455,542.0,F656_ARC _B3_slice8-Ort.czi,old,gal,lower
155,1.0,5.0,5.0,F656_ARC _B3_slice8-Ort.czi,old,gal,lower
156,13.0,12.0,156.0,F656_ARC _B3_slice8-Ort.czi,old,gal,lower
157,14.0,8.5,119.0,F656_ARC _B3_slice8-Ort.czi,old,gal,lower
158,28.0,9.678571428571429,271.0,F656_ARC _B3_slice8-Ort.czi,old,gal,lower
159,11.0,15.363636363636363,169.0,F656_ARC _B3_slice8-Ort.czi,old,gal,lower
160,46.0,14.91304347826087,686.0,F656_ARC _B3_slice8-Ort.czi,old,gal,lower
161,30.0,11.533333333333333,346.0,F656_ARC _B3_slice8-Ort.czi,old,gal,lower
162,20.0,11.5,230.0,F656_ARC _B3_slice8-Ort.czi,old,gal,lower
163,21.0,17.428571428571427,365.99999999999994,F656_ARC _B3_slice8-Ort.czi,old,gal,lower
164,58.0,12.03448275862069,698.0,F656_ARC _B3_slice8-Ort.czi,old,gal,lower
165,1.0,9.0,9.0,F656_ARC _B3_slice8-Ort.czi,old,gal,lower
166,1.0,12.0,12.0,F656_ARC _B3_slice8-Ort.czi,old,gal,lower
167,14.0,10.357142857142858,145.0,F656_ARC _B3_slice8-Ort.czi,old,gal,lower
168,6.0,15.166666666666666,91.0,F656_ARC _B3_slice8-Ort.czi,old,gal,lower
169,9.0,13.555555555555555,122.0,F656_ARC _B3_slice8-Ort.czi,old,gal,lower
170,12.0,13.083333333333334,157.0,F656_ARC _B3_slice8-Ort.czi,old,gal,lower
171,9.0,8.333333333333334,75.0,F656_ARC _B3_slice8-Ort.czi,old,gal,lower
172,12.0,12.916666666666666,155.0,F656_ARC _B3_slice8-Ort.czi,old,gal,lower
173,22.0,11.818181818181818,260.0,F656_ARC _B3_slice8-Ort.czi,old,gal,lower
174,16.0,9.1875,147.0,F656_ARC _B3_slice8-Ort.czi,old,gal,lower
175,31.0,9.161290322580646,284.0,F656_ARC _B3_slice8-Ort.czi,old,gal,lower
176,15.0,9.733333333333333,146.0,F656_ARC _B3_slice8-Ort.czi,old,gal,lower
177,68.0,11.558823529411764,786.0,F656_ARC _B3_slice8-Ort.czi,old,gal,lower
178,28.0,12.285714285714286,344.0,F656_ARC _B3_slice8-Ort.czi,old,gal,lower
179,13.0,11.384615384615385,148.0,F656_ARC _B3_slice8-Ort.czi,old,gal,lower
180,11.0,16.545454545454547,182.0,F656_ARC _B3_slice8-Ort.czi,old,gal,lower
181,7.0,10.0,70.0,F656_ARC _B3_slice8-Ort.czi,old,gal,lower
182,21.0,12.380952380952381,260.0,F656_ARC _B3_slice8-Ort.czi,old,gal,lower
183,24.0,13.541666666666666,325.0,F656_ARC _B3_slice8-Ort.czi,old,gal,lower
184,23.0,15.521739130434783,357.0,F656_ARC _B3_slice8-Ort.czi,old,gal,lower
185,4.0,9.5,38.0,F656_ARC _B3_slice8-Ort.czi,old,gal,lower
186,3.0,12.666666666666666,38.0,F656_ARC _B3_slice8-Ort.czi,old,gal,lower
187,13.0,9.076923076923077,118.0,F656_ARC _B3_slice8-Ort.czi,old,gal,lower
188,41.0,8.292682926829269,340.0,F656_ARC _B3_slice8-Ort.czi,old,gal,lower
189,12.0,16.416666666666668,197.0,F656_ARC _B3_slice8-Ort.czi,old,gal,lower
190,4.0,9.0,36.0,F656_ARC _B3_slice8-Ort.czi,old,gal,lower
191,18.0,14.11111111111111,254.0,F656_ARC _B3_slice8-Ort.czi,old,gal,lower
192,5.0,9.6,48.0,F656_ARC _B3_slice8-Ort.czi,old,gal,lower
193,30.0,10.4,312.0,F656_ARC _B3_slice8-Ort.czi,old,gal,lower
194,13.0,12.615384615384615,164.0,F656_ARC _B3_slice8-Ort.czi,old,gal,lower
195,3.0,8.0,24.0,F656_ARC _B3_slice8-Ort.czi,old,gal,lower
196,6.0,11.166666666666666,67.0,F656_ARC _B3_slice8-Ort.czi,old,gal,lower
197,1.0,11.0,11.0,F656_ARC _B3_slice8-Ort.czi,old,gal,lower
198,163.0,18.901840490797547,3081.0,F656_ARC _B3_slice8-Ort.czi,old,gal,lower
199,130.0,11.215384615384615,1458.0,F656_ARC _B3_slice8-Ort.czi,old,gal,lower
200,8.0,12.75,102.0,F656_ARC _B3_slice8-Ort.czi,old,gal,lower
201,21.0,11.238095238095237,235.99999999999997,F656_ARC _B3_slice8-Ort.czi,old,gal,lower
202,4.0,10.25,41.0,F656_ARC _B3_slice8-Ort.czi,old,gal,lower
203,1.0,9.0,9.0,F656_ARC _B3_slice8-Ort.czi,old,gal,lower
204,1.0,4.0,4.0,F656_ARC _B3_slice8-Ort.czi,old,gal,lower
205,22.0,12.818181818181818,282.0,F656_ARC _B3_slice8-Ort.czi,old,gal,lower
206,20.0,10.55,211.0,F656_ARC _B3_slice8-Ort.czi,old,gal,lower
207,13.0,9.076923076923077,118.0,F656_ARC _B3_slice8-Ort.czi,old,gal,lower
208,26.0,13.038461538461538,339.0,F656_ARC _B3_slice8-Ort.czi,old,gal,lower
209,269.0,24.4275092936803,6571.0,F656_ARC _B3_slice8-Ort.czi,old,gal,lower
210,7.0,12.714285714285714,89.0,F656_ARC _B3_slice8-Ort.czi,old,gal,lower
211,12.0,13.166666666666666,158.0,F656_ARC _B3_slice8-Ort.czi,old,gal,lower
212,1.0,11.0,11.0,F656_ARC _B3_slice8-Ort.czi,old,gal,lower
213,5.0,9.4,47.0,F656_ARC _B3_slice8-Ort.czi,old,gal,lower
214,98.0,10.061224489795919,986.0,F656_ARC _B3_slice8-Ort.czi,old,gal,lower
215,17.0,11.058823529411764,188.0,F656_ARC _B3_slice8-Ort.czi,old,gal,lower
216,39.0,10.794871794871796,421.0,F656_ARC _B3_slice8-Ort.czi,old,gal,lower
217,5.0,8.4,42.0,F656_ARC _B3_slice8-Ort.czi,old,gal,lower
218,26.0,8.76923076923077,228.00000000000003,F656_ARC _B3_slice8-Ort.czi,old,gal,lower
219,6.0,12.333333333333334,74.0,F656_ARC _B3_slice8-Ort.czi,old,gal,lower
220,39.0,10.487179487179487,409.0,F656_ARC _B3_slice8-Ort.czi,old,gal,lower
221,1.0,7.0,7.0,F656_ARC _B3_slice8-Ort.czi,old,gal,lower
222,1.0,7.0,7.0,F656_ARC _B3_slice8-Ort.czi,old,gal,lower
223,28.0,9.714285714285714,272.0,F656_ARC _B3_slice8-Ort.czi,old,gal,lower
224,19.0,13.263157894736842,252.0,F656_ARC _B3_slice8-Ort.czi,old,gal,lower
225,12.0,10.916666666666666,131.0,F656_ARC _B3_slice8-Ort.czi,old,gal,lower
226,13.0,11.615384615384615,151.0,F656_ARC _B3_slice8-Ort.czi,old,gal,lower
227,7.0,8.714285714285714,60.99999999999999,F656_ARC _B3_slice8-Ort.czi,old,gal,lower
228,2.0,14.0,28.0,F656_ARC _B3_slice8-Ort.czi,old,gal,lower
229,63.0,14.507936507936508,914.0,F656_ARC _B3_slice8-Ort.czi,old,gal,lower
230,4.0,13.75,55.0,F656_ARC _B3_slice8-Ort.czi,old,gal,lower
231,49.0,12.693877551020408,622.0,F656_ARC _B3_slice8-Ort.czi,old,gal,lower
232,54.0,10.11111111111111,546.0,F656_ARC _B3_slice8-Ort.czi,old,gal,lower
233,32.0,10.9375,350.0,F656_ARC _B3_slice8-Ort.czi,old,gal,lower
234,6.0,9.333333333333334,56.0,F656_ARC _B3_slice8-Ort.czi,old,gal,lower
235,46.0,10.58695652173913,487.0,F656_ARC _B3_slice8-Ort.czi,old,gal,lower
236,1.0,12.0,12.0,F656_ARC _B3_slice8-Ort.czi,old,gal,lower
237,25.0,9.8,245.00000000000003,F656_ARC _B3_slice8-Ort.czi,old,gal,lower
238,20.0,8.8,176.0,F656_ARC _B3_slice8-Ort.czi,old,gal,lower
239,8.0,10.375,83.0,F656_ARC _B3_slice8-Ort.czi,old,gal,lower
240,3.0,12.333333333333334,37.0,F656_ARC _B3_slice8-Ort.czi,old,gal,lower
241,7.0,9.0,63.0,F656_ARC _B3_slice8-Ort.czi,old,gal,lower
242,7.0,9.571428571428571,67.0,F656_ARC _B3_slice8-Ort.czi,old,gal,lower
243,16.0,8.3125,133.0,F656_ARC _B3_slice8-Ort.czi,old,gal,lower
244,10.0,10.1,101.0,F656_ARC _B3_slice8-Ort.czi,old,gal,lower
245,79.0,10.177215189873417,803.9999999999999,F656_ARC _B3_slice8-Ort.czi,old,gal,lower
246,66.0,13.969696969696969,922.0,F656_ARC _B3_slice8-Ort.czi,old,gal,lower
247,72.0,11.847222222222221,853.0,F656_ARC _B3_slice8-Ort.czi,old,gal,lower
248,2.0,10.5,21.0,F656_ARC _B3_slice8-Ort.czi,old,gal,lower
249,24.0,9.333333333333334,224.0,F656_ARC _B3_slice8-Ort.czi,old,gal,lower
250,5.0,11.0,55.0,F656_ARC _B3_slice8-Ort.czi,old,gal,lower
251,13.0,13.846153846153847,180.0,F656_ARC _B3_slice8-Ort.czi,old,gal,lower
252,58.0,13.793103448275861,800.0,F656_ARC _B3_slice8-Ort.czi,old,gal,lower
253,18.0,10.666666666666666,192.0,F656_ARC _B3_slice8-Ort.czi,old,gal,lower
254,26.0,9.76923076923077,254.00000000000003,F656_ARC _B3_slice8-Ort.czi,old,gal,lower
255,17.0,13.470588235294118,229.0,F656_ARC _B3_slice8-Ort.czi,old,gal,lower
256,125.0,10.4,1300.0,F656_ARC _B3_slice8-Ort.czi,old,gal,lower
257,50.0,13.46,673.0,F656_ARC _B3_slice8-Ort.czi,old,gal,lower
258,30.0,10.5,315.0,F656_ARC _B3_slice8-Ort.czi,old,gal,lower
259,17.0,15.588235294117647,265.0,F656_ARC _B3_slice8-Ort.czi,old,gal,lower
260,6.0,9.0,54.0,F656_ARC _B3_slice8-Ort.czi,old,gal,lower
261,19.0,9.789473684210526,186.0,F656_ARC _B3_slice8-Ort.czi,old,gal,lower
262,4.0,11.0,44.0,F656_ARC _B3_slice8-Ort.czi,old,gal,lower
263,5.0,14.8,74.0,F656_ARC _B3_slice8-Ort.czi,old,gal,lower
264,2.0,9.0,18.0,F656_ARC _B3_slice8-Ort.czi,old,gal,lower
265,1.0,13.0,13.0,F656_ARC _B3_slice8-Ort.czi,old,gal,lower
266,13.0,12.538461538461538,163.0,F656_ARC _B3_slice8-Ort.czi,old,gal,lower
267,12.0,11.5,138.0,F656_ARC _B3_slice8-Ort.czi,old,gal,lower
268,14.0,9.214285714285714,129.0,F656_ARC _B3_slice8-Ort.czi,old,gal,lower
269,9.0,14.0,126.0,F656_ARC _B3_slice8-Ort.czi,old,gal,lower
270,4.0,13.75,55.0,F656_ARC _B3_slice8-Ort.czi,old,gal,lower
271,57.0,10.649122807017545,607.0,F656_ARC _B3_slice8-Ort.czi,old,gal,lower
272,23.0,10.08695652173913,232.0,F656_ARC _B3_slice8-Ort.czi,old,gal,lower
273,6.0,10.166666666666666,61.0,F656_ARC _B3_slice8-Ort.czi,old,gal,lower
274,13.0,10.692307692307692,139.0,F656_ARC _B3_slice8-Ort.czi,old,gal,lower
275,1.0,8.0,8.0,F656_ARC _B3_slice8-Ort.czi,old,gal,lower
276,1.0,12.0,12.0,F656_ARC _B3_slice8-Ort.czi,old,gal,lower
277,51.0,12.745098039215685,650.0,F656_ARC _B3_slice8-Ort.czi,old,gal,lower
278,27.0,15.222222222222221,411.0,F656_ARC _B3_slice8-Ort.czi,old,gal,lower
279,15.0,13.8,207.0,F656_ARC _B3_slice8-Ort.czi,old,gal,lower
280,11.0,15.909090909090908,175.0,F656_ARC _B3_slice8-Ort.czi,old,gal,lower
281,12.0,13.666666666666666,164.0,F656_ARC _B3_slice8-Ort.czi,old,gal,lower
282,47.0,10.106382978723405,475.0,F656_ARC _B3_slice8-Ort.czi,old,gal,lower
283,16.0,16.125,258.0,F656_ARC _B3_slice8-Ort.czi,old,gal,lower
284,5.0,9.2,46.0,F656_ARC _B3_slice8-Ort.czi,old,gal,lower
285,17.0,11.882352941176471,202.0,F656_ARC _B3_slice8-Ort.czi,old,gal,lower
286,20.0,20.7,414.0,F656_ARC _B3_slice8-Ort.czi,old,gal,lower
287,23.0,13.391304347826088,308.0,F656_ARC _B3_slice8-Ort.czi,old,gal,lower
288,5.0,19.8,99.0,F656_ARC _B3_slice8-Ort.czi,old,gal,lower
289,490.0,31.381632653061224,15377.0,F656_ARC _B3_slice8-Ort.czi,old,gal,lower
290,14.0,15.428571428571429,216.0,F656_ARC _B3_slice8-Ort.czi,old,gal,lower
291,15.0,9.733333333333333,146.0,F656_ARC _B3_slice8-Ort.czi,old,gal,lower
292,16.0,11.5625,185.0,F656_ARC _B3_slice8-Ort.czi,old,gal,lower
293,60.0,10.633333333333333,638.0,F656_ARC _B3_slice8-Ort.czi,old,gal,lower
294,1.0,26.0,26.0,F656_ARC _B3_slice8-Ort.czi,old,gal,lower
295,13.0,15.076923076923077,196.0,F656_ARC _B3_slice8-Ort.czi,old,gal,lower
296,22.0,9.636363636363637,212.0,F656_ARC _B3_slice8-Ort.czi,old,gal,lower
297,13.0,13.307692307692308,173.0,F656_ARC _B3_slice8-Ort.czi,old,gal,lower
298,38.0,11.657894736842104,442.99999999999994,F656_ARC _B3_slice8-Ort.czi,old,gal,lower
299,55.0,10.89090909090909,599.0,F656_ARC _B3_slice8-Ort.czi,old,gal,lower
300,45.0,11.733333333333333,528.0,F656_ARC _B3_slice8-Ort.czi,old,gal,lower
301,17.0,9.941176470588236,169.0,F656_ARC _B3_slice8-Ort.czi,old,gal,lower
302,274.0,34.23357664233577,9380.0,F656_ARC _B3_slice8-Ort.czi,old,gal,lower
303,15.0,10.6,159.0,F656_ARC _B3_slice8-Ort.czi,old,gal,lower
304,69.0,12.231884057971014,844.0,F656_ARC _B3_slice8-Ort.czi,old,gal,lower
305,127.0,18.834645669291337,2392.0,F656_ARC _B3_slice8-Ort.czi,old,gal,lower
306,1.0,7.0,7.0,F656_ARC _B3_slice8-Ort.czi,old,gal,lower
307,69.0,11.130434782608695,768.0,F656_ARC _B3_slice8-Ort.czi,old,gal,lower
308,126.0,11.38888888888889,1435.0,F656_ARC _B3_slice8-Ort.czi,old,gal,lower
309,31.0,10.612903225806452,329.0,F656_ARC _B3_slice8-Ort.czi,old,gal,lower
310,5.0,11.8,59.0,F656_ARC _B3_slice8-Ort.czi,old,gal,lower
311,3.0,8.666666666666666,26.0,F656_ARC _B3_slice8-Ort.czi,old,gal,lower
312,24.0,10.916666666666666,262.0,F656_ARC _B3_slice8-Ort.czi,old,gal,lower
313,7.0,11.714285714285714,82.0,F656_ARC _B3_slice8-Ort.czi,old,gal,lower
314,105.0,12.152380952380952,1276.0,F656_ARC _B3_slice8-Ort.czi,old,gal,lower
315,24.0,12.25,294.0,F656_ARC _B3_slice8-Ort.czi,old,gal,lower
316,4.0,13.0,52.0,F656_ARC _B3_slice8-Ort.czi,old,gal,lower
317,2.0,11.5,23.0,F656_ARC _B3_slice8-Ort.czi,old,gal,lower
318,23.0,13.217391304347826,304.0,F656_ARC _B3_slice8-Ort.czi,old,gal,lower
319,14.0,9.285714285714286,130.0,F656_ARC _B3_slice8-Ort.czi,old,gal,lower
320,21.0,14.80952380952381,311.0,F656_ARC _B3_slice8-Ort.czi,old,gal,lower
321,17.0,10.235294117647058,174.0,F656_ARC _B3_slice8-Ort.czi,old,gal,lower
322,13.0,8.923076923076923,116.0,F656_ARC _B3_slice8-Ort.czi,old,gal,lower
323,5.0,9.2,46.0,F656_ARC _B3_slice8-Ort.czi,old,gal,lower
324,16.0,13.3125,213.0,F656_ARC _B3_slice8-Ort.czi,old,gal,lower
325,10.0,11.5,115.0,F656_ARC _B3_slice8-Ort.czi,old,gal,lower
326,5.0,9.0,45.0,F656_ARC _B3_slice8-Ort.czi,old,gal,lower
327,3.0,16.0,48.0,F656_ARC _B3_slice8-Ort.czi,old,gal,lower
328,13.0,9.923076923076923,129.0,F656_ARC _B3_slice8-Ort.czi,old,gal,lower
329,12.0,10.25,123.0,F656_ARC _B3_slice8-Ort.czi,old,gal,lower
330,17.0,10.529411764705882,179.0,F656_ARC _B3_slice8-Ort.czi,old,gal,lower
331,256.0,21.36328125,5469.0,F656_ARC _B3_slice8-Ort.czi,old,gal,lower
332,81.0,12.358024691358025,1001.0,F656_ARC _B3_slice8-Ort.czi,old,gal,lower
333,14.0,13.285714285714286,186.0,F656_ARC _B3_slice8-Ort.czi,old,gal,lower
334,25.0,11.28,282.0,F656_ARC _B3_slice8-Ort.czi,old,gal,lower
335,20.0,13.65,273.0,F656_ARC _B3_slice8-Ort.czi,old,gal,lower
336,20.0,13.1,262.0,F656_ARC _B3_slice8-Ort.czi,old,gal,lower
337,1.0,14.0,14.0,F656_ARC _B3_slice8-Ort.czi,old,gal,lower
338,13.0,11.461538461538462,149.0,F656_ARC _B3_slice8-Ort.czi,old,gal,lower
339,13.0,11.615384615384615,151.0,F656_ARC _B3_slice8-Ort.czi,old,gal,lower
340,16.0,11.25,180.0,F656_ARC _B3_slice8-Ort.czi,old,gal,lower
341,41.0,11.073170731707316,453.99999999999994,F656_ARC _B3_slice8-Ort.czi,old,gal,lower
342,11.0,11.090909090909092,122.00000000000001,F656_ARC _B3_slice8-Ort.czi,old,gal,lower
343,28.0,10.678571428571429,299.0,F656_ARC _B3_slice8-Ort.czi,old,gal,lower
344,1.0,9.0,9.0,F656_ARC _B3_slice8-Ort.czi,old,gal,lower
345,85.0,11.376470588235295,967.0,F656_ARC _B3_slice8-Ort.czi,old,gal,lower
346,17.0,10.352941176470589,176.0,F656_ARC _B3_slice8-Ort.czi,old,gal,lower
347,17.0,12.235294117647058,208.0,F656_ARC _B3_slice8-Ort.czi,old,gal,lower
348,17.0,8.529411764705882,145.0,F656_ARC _B3_slice8-Ort.czi,old,gal,lower
349,24.0,8.916666666666666,214.0,F656_ARC _B3_slice8-Ort.czi,old,gal,lower
350,7.0,8.714285714285714,60.99999999999999,F656_ARC _B3_slice8-Ort.czi,old,gal,lower
351,1.0,5.0,5.0,F656_ARC _B3_slice8-Ort.czi,old,gal,lower
352,1.0,10.0,10.0,F656_ARC _B3_slice8-Ort.czi,old,gal,lower
353,11.0,11.181818181818182,123.0,F656_ARC _B3_slice8-Ort.czi,old,gal,lower
354,9.0,19.444444444444443,175.0,F656_ARC _B3_slice8-Ort.czi,old,gal,lower
355,2.0,10.0,20.0,F656_ARC _B3_slice8-Ort.czi,old,gal,lower
356,19.0,12.947368421052632,246.0,F656_ARC _B3_slice8-Ort.czi,old,gal,lower
357,14.0,10.0,140.0,F656_ARC _B3_slice8-Ort.czi,old,gal,lower
358,27.0,11.407407407407407,308.0,F656_ARC _B3_slice8-Ort.czi,old,gal,lower
359,5.0,11.0,55.0,F656_ARC _B3_slice8-Ort.czi,old,gal,lower
360,48.0,14.395833333333334,691.0,F656_ARC _B3_slice8-Ort.czi,old,gal,lower
361,8.0,9.5,76.0,F656_ARC _B3_slice8-Ort.czi,old,gal,lower
362,1.0,12.0,12.0,F656_ARC _B3_slice8-Ort.czi,old,gal,lower
363,45.0,11.133333333333333,501.0,F656_ARC _B3_slice8-Ort.czi,old,gal,lower
364,31.0,13.193548387096774,409.0,F656_ARC _B3_slice8-Ort.czi,old,gal,lower
365,70.0,11.242857142857142,786.9999999999999,F656_ARC _B3_slice8-Ort.czi,old,gal,lower
366,151.0,11.198675496688741,1691.0,F656_ARC _B3_slice8-Ort.czi,old,gal,lower
367,4.0,8.75,35.0,F656_ARC _B3_slice8-Ort.czi,old,gal,lower
368,11.0,9.181818181818182,101.0,F656_ARC _B3_slice8-Ort.czi,old,gal,lower
369,4.0,8.0,32.0,F656_ARC _B3_slice8-Ort.czi,old,gal,lower
370,2.0,12.0,24.0,F656_ARC _B3_slice8-Ort.czi,old,gal,lower
371,12.0,9.833333333333334,118.0,F656_ARC _B3_slice8-Ort.czi,old,gal,lower
372,8.0,9.25,74.0,F656_ARC _B3_slice8-Ort.czi,old,gal,lower
373,1.0,13.0,13.0,F656_ARC _B3_slice8-Ort.czi,old,gal,lower
374,8.0,11.25,90.0,F656_ARC _B3_slice8-Ort.czi,old,gal,lower
375,34.0,10.647058823529411,362.0,F656_ARC _B3_slice8-Ort.czi,old,gal,lower
376,140.0,12.964285714285714,1815.0,F656_ARC _B3_slice8-Ort.czi,old,gal,lower
377,218.0,20.69724770642202,4512.0,F656_ARC _B3_slice8-Ort.czi,old,gal,lower
378,6.0,9.5,57.0,F656_ARC _B3_slice8-Ort.czi,old,gal,lower
379,14.0,10.071428571428571,141.0,F656_ARC _B3_slice8-Ort.czi,old,gal,lower
380,38.0,9.894736842105264,376.0,F656_ARC _B3_slice8-Ort.czi,old,gal,lower
381,8.0,11.0,88.0,F656_ARC _B3_slice8-Ort.czi,old,gal,lower
382,9.0,13.666666666666666,123.0,F656_ARC _B3_slice8-Ort.czi,old,gal,lower
383,67.0,10.253731343283581,687.0,F656_ARC _B3_slice8-Ort.czi,old,gal,lower
384,1.0,10.0,10.0,F656_ARC _B3_slice8-Ort.czi,old,gal,lower
385,9.0,9.88888888888889,89.0,F656_ARC _B3_slice8-Ort.czi,old,gal,lower
386,144.0,14.125,2034.0,F656_ARC _B3_slice8-Ort.czi,old,gal,lower
387,35.0,10.2,357.0,F656_ARC _B3_slice8-Ort.czi,old,gal,lower
388,20.0,11.2,224.0,F656_ARC _B3_slice8-Ort.czi,old,gal,lower
389,26.0,11.346153846153847,295.0,F656_ARC _B3_slice8-Ort.czi,old,gal,lower
390,10.0,14.3,143.0,F656_ARC _B3_slice8-Ort.czi,old,gal,lower
391,9.0,9.222222222222221,83.0,F656_ARC _B3_slice8-Ort.czi,old,gal,lower
392,18.0,11.11111111111111,200.0,F656_ARC _B3_slice8-Ort.czi,old,gal,lower
393,14.0,11.214285714285714,157.0,F656_ARC _B3_slice8-Ort.czi,old,gal,lower
394,15.0,11.266666666666667,169.0,F656_ARC _B3_slice8-Ort.czi,old,gal,lower
395,14.0,11.214285714285714,157.0,F656_ARC _B3_slice8-Ort.czi,old,gal,lower
396,10.0,14.8,148.0,F656_ARC _B3_slice8-Ort.czi,old,gal,lower
397,9.0,7.666666666666667,69.0,F656_ARC _B3_slice8-Ort.czi,old,gal,lower
398,22.0,10.045454545454545,221.0,F656_ARC _B3_slice8-Ort.czi,old,gal,lower
399,73.0,11.726027397260275,856.0,F656_ARC _B3_slice8-Ort.czi,old,gal,lower
400,42.0,12.833333333333334,539.0,F656_ARC _B3_slice8-Ort.czi,old,gal,lower
401,18.0,10.222222222222221,184.0,F656_ARC _B3_slice8-Ort.czi,old,gal,lower
402,13.0,11.615384615384615,151.0,F656_ARC _B3_slice8-Ort.czi,old,gal,lower
403,16.0,13.25,212.0,F656_ARC _B3_slice8-Ort.czi,old,gal,lower
404,19.0,8.421052631578947,160.0,F656_ARC _B3_slice8-Ort.czi,old,gal,lower
405,14.0,10.714285714285714,150.0,F656_ARC _B3_slice8-Ort.czi,old,gal,lower
406,2.0,10.0,20.0,F656_ARC _B3_slice8-Ort.czi,old,gal,lower
407,7.0,8.428571428571429,59.0,F656_ARC _B3_slice8-Ort.czi,old,gal,lower
408,28.0,8.642857142857142,242.0,F656_ARC _B3_slice8-Ort.czi,old,gal,lower
409,36.0,13.444444444444445,484.0,F656_ARC _B3_slice8-Ort.czi,old,gal,lower
410,1.0,14.0,14.0,F656_ARC _B3_slice8-Ort.czi,old,gal,lower
411,13.0,16.23076923076923,211.0,F656_ARC _B3_slice8-Ort.czi,old,gal,lower
412,7.0,9.0,63.0,F656_ARC _B3_slice8-Ort.czi,old,gal,lower
413,234.0,20.89316239316239,4889.0,F656_ARC _B3_slice8-Ort.czi,old,gal,lower
414,44.0,12.886363636363637,567.0,F656_ARC _B3_slice8-Ort.czi,old,gal,lower
415,40.0,11.225,449.0,F656_ARC _B3_slice8-Ort.czi,old,gal,lower
416,11.0,10.363636363636363,114.0,F656_ARC _B3_slice8-Ort.czi,old,gal,lower
417,1.0,9.0,9.0,F656_ARC _B3_slice8-Ort.czi,old,gal,lower
418,29.0,12.241379310344827,355.0,F656_ARC _B3_slice8-Ort.czi,old,gal,lower
419,23.0,10.956521739130435,252.00000000000003,F656_ARC _B3_slice8-Ort.czi,old,gal,lower
420,20.0,15.5,310.0,F656_ARC _B3_slice8-Ort.czi,old,gal,lower
421,33.0,11.454545454545455,378.0,F656_ARC _B3_slice8-Ort.czi,old,gal,lower
422,16.0,10.125,162.0,F656_ARC _B3_slice8-Ort.czi,old,gal,lower
423,8.0,10.375,83.0,F656_ARC _B3_slice8-Ort.czi,old,gal,lower
424,130.0,10.892307692307693,1416.0,F656_ARC _B3_slice8-Ort.czi,old,gal,lower
425,66.0,12.621212121212121,833.0,F656_ARC _B3_slice8-Ort.czi,old,gal,lower
426,21.0,12.80952380952381,269.0,F656_ARC _B3_slice8-Ort.czi,old,gal,lower
427,10.0,14.6,146.0,F656_ARC _B3_slice8-Ort.czi,old,gal,lower
428,11.0,7.909090909090909,87.0,F656_ARC _B3_slice8-Ort.czi,old,gal,lower
429,39.0,10.666666666666666,416.0,F656_ARC _B3_slice8-Ort.czi,old,gal,lower
430,3.0,7.666666666666667,23.0,F656_ARC _B3_slice8-Ort.czi,old,gal,lower
431,13.0,7.846153846153846,102.0,F656_ARC _B3_slice8-Ort.czi,old,gal,lower
432,53.0,11.320754716981131,600.0,F656_ARC _B3_slice8-Ort.czi,old,gal,lower
433,17.0,12.117647058823529,206.0,F656_ARC _B3_slice8-Ort.czi,old,gal,lower
434,19.0,13.263157894736842,252.0,F656_ARC _B3_slice8-Ort.czi,old,gal,lower
435,7.0,9.428571428571429,66.0,F656_ARC _B3_slice8-Ort.czi,old,gal,lower
436,97.0,10.835051546391753,1051.0,F656_ARC _B3_slice8-Ort.czi,old,gal,lower
437,501.0,12.632734530938123,6329.0,F656_ARC _B3_slice8-Ort.czi,old,gal,lower
438,50.0,9.52,476.0,F656_ARC _B3_slice8-Ort.czi,old,gal,lower
439,3.0,8.0,24.0,F656_ARC _B3_slice8-Ort.czi,old,gal,lower
440,46.0,9.869565217391305,454.0,F656_ARC _B3_slice8-Ort.czi,old,gal,lower
441,18.0,13.38888888888889,241.0,F656_ARC _B3_slice8-Ort.czi,old,gal,lower
442,14.0,10.714285714285714,150.0,F656_ARC _B3_slice8-Ort.czi,old,gal,lower
443,114.0,12.491228070175438,1424.0,F656_ARC _B3_slice8-Ort.czi,old,gal,lower
444,10.0,14.7,147.0,F656_ARC _B3_slice8-Ort.czi,old,gal,lower
445,21.0,11.476190476190476,241.0,F656_ARC _B3_slice8-Ort.czi,old,gal,lower
446,4.0,12.25,49.0,F656_ARC _B3_slice8-Ort.czi,old,gal,lower
447,3.0,16.333333333333332,49.0,F656_ARC _B3_slice8-Ort.czi,old,gal,lower
448,9.0,10.777777777777779,97.0,F656_ARC _B3_slice8-Ort.czi,old,gal,lower
449,16.0,12.5,200.0,F656_ARC _B3_slice8-Ort.czi,old,gal,lower
450,176.0,22.181818181818183,3904.0000000000005,F656_ARC _B3_slice8-Ort.czi,old,gal,lower
451,28.0,11.857142857142858,332.0,F656_ARC _B3_slice8-Ort.czi,old,gal,lower
452,13.0,14.461538461538462,188.0,F656_ARC _B3_slice8-Ort.czi,old,gal,lower
453,243.0,12.7119341563786,3089.0,F656_ARC _B3_slice8-Ort.czi,old,gal,lower
454,25.0,9.4,235.0,F656_ARC _B3_slice8-Ort.czi,old,gal,lower
455,7.0,11.857142857142858,83.0,F656_ARC _B3_slice8-Ort.czi,old,gal,lower
456,127.0,11.251968503937007,1429.0,F656_ARC _B3_slice8-Ort.czi,old,gal,lower
457,81.0,11.91358024691358,965.0,F656_ARC _B3_slice8-Ort.czi,old,gal,lower
458,6.0,9.166666666666666,55.0,F656_ARC _B3_slice8-Ort.czi,old,gal,lower
459,12.0,10.666666666666666,128.0,F656_ARC _B3_slice8-Ort.czi,old,gal,lower
460,53.0,15.679245283018869,831.0,F656_ARC _B3_slice8-Ort.czi,old,gal,lower
461,25.0,11.88,297.0,F656_ARC _B3_slice8-Ort.czi,old,gal,lower
462,66.0,11.318181818181818,747.0,F656_ARC _B3_slice8-Ort.czi,old,gal,lower
463,18.0,11.555555555555555,208.0,F656_ARC _B3_slice8-Ort.czi,old,gal,lower
464,3.0,11.666666666666666,35.0,F656_ARC _B3_slice8-Ort.czi,old,gal,lower
465,264.0,24.859848484848484,6563.0,F656_ARC _B3_slice8-Ort.czi,old,gal,lower
466,94.0,25.97872340425532,2442.0,F656_ARC _B3_slice8-Ort.czi,old,gal,lower
467,58.0,10.982758620689655,637.0,F656_ARC _B3_slice8-Ort.czi,old,gal,lower
468,124.0,11.161290322580646,1384.0,F656_ARC _B3_slice8-Ort.czi,old,gal,lower
469,9.0,7.888888888888889,71.0,F656_ARC _B3_slice8-Ort.czi,old,gal,lower
470,172.0,12.046511627906977,2072.0,F656_ARC _B3_slice8-Ort.czi,old,gal,lower
471,211.0,15.75829383886256,3325.0,F656_ARC _B3_slice8-Ort.czi,old,gal,lower
472,90.0,17.41111111111111,1567.0,F656_ARC _B3_slice8-Ort.czi,old,gal,lower
473,1.0,10.0,10.0,F656_ARC _B3_slice8-Ort.czi,old,gal,lower
474,16.0,13.75,220.0,F656_ARC _B3_slice8-Ort.czi,old,gal,lower
475,1.0,10.0,10.0,F656_ARC _B3_slice8-Ort.czi,old,gal,lower
476,70.0,27.4,1918.0,F656_ARC _B3_slice8-Ort.czi,old,gal,lower
477,1.0,12.0,12.0,F656_ARC _B3_slice8-Ort.czi,old,gal,lower
478,1.0,11.0,11.0,F656_ARC _B3_slice8-Ort.czi,old,gal,lower
479,4.0,11.5,46.0,F656_ARC _B3_slice8-Ort.czi,old,gal,lower
480,18.0,8.666666666666666,156.0,F656_ARC _B3_slice8-Ort.czi,old,gal,lower
481,20.0,13.35,267.0,F656_ARC _B3_slice8-Ort.czi,old,gal,lower
482,98.0,10.785714285714286,1057.0,F656_ARC _B3_slice8-Ort.czi,old,gal,lower
483,8.0,10.75,86.0,F656_ARC _B3_slice8-Ort.czi,old,gal,lower
484,1.0,6.0,6.0,F656_ARC _B3_slice8-Ort.czi,old,gal,lower
485,6.0,10.833333333333334,65.0,F656_ARC _B3_slice8-Ort.czi,old,gal,lower
486,49.0,11.938775510204081,585.0,F656_ARC _B3_slice8-Ort.czi,old,gal,lower
487,3.0,18.666666666666668,56.0,F656_ARC _B3_slice8-Ort.czi,old,gal,lower
488,34.0,9.176470588235293,312.0,F656_ARC _B3_slice8-Ort.czi,old,gal,lower
489,12.0,9.25,111.0,F656_ARC _B3_slice8-Ort.czi,old,gal,lower
490,8.0,9.5,76.0,F656_ARC _B3_slice8-Ort.czi,old,gal,lower
491,20.0,10.35,207.0,F656_ARC _B3_slice8-Ort.czi,old,gal,lower
492,11.0,11.363636363636363,125.0,F656_ARC _B3_slice8-Ort.czi,old,gal,lower
493,20.0,11.8,236.0,F656_ARC _B3_slice8-Ort.czi,old,gal,lower
494,38.0,11.710526315789474,445.0,F656_ARC _B3_slice8-Ort.czi,old,gal,lower
495,15.0,12.933333333333334,194.0,F656_ARC _B3_slice8-Ort.czi,old,gal,lower
496,25.0,11.2,280.0,F656_ARC _B3_slice8-Ort.czi,old,gal,lower
497,8.0,9.875,79.0,F656_ARC _B3_slice8-Ort.czi,old,gal,lower
498,64.0,11.765625,753.0,F656_ARC _B3_slice8-Ort.czi,old,gal,lower
499,154.0,21.149350649350648,3257.0,F656_ARC _B3_slice8-Ort.czi,old,gal,lower
500,20.0,10.45,209.0,F656_ARC _B3_slice8-Ort.czi,old,gal,lower
501,124.0,17.04032258064516,2113.0,F656_ARC _B3_slice8-Ort.czi,old,gal,lower
502,3.0,10.0,30.0,F656_ARC _B3_slice8-Ort.czi,old,gal,lower
503,7.0,8.571428571428571,60.0,F656_ARC _B3_slice8-Ort.czi,old,gal,lower
504,15.0,9.133333333333333,137.0,F656_ARC _B3_slice8-Ort.czi,old,gal,lower
505,1.0,10.0,10.0,F656_ARC _B3_slice8-Ort.czi,old,gal,lower
506,8.0,10.625,85.0,F656_ARC _B3_slice8-Ort.czi,old,gal,lower
507,197.0,11.101522842639595,2187.0,F656_ARC _B3_slice8-Ort.czi,old,gal,lower
508,1.0,14.0,14.0,F656_ARC _B3_slice8-Ort.czi,old,gal,lower
509,14.0,10.0,140.0,F656_ARC _B3_slice8-Ort.czi,old,gal,lower
510,48.0,9.8125,471.0,F656_ARC _B3_slice8-Ort.czi,old,gal,lower
511,1.0,13.0,13.0,F656_ARC _B3_slice8-Ort.czi,old,gal,lower
512,7.0,11.285714285714286,79.0,F656_ARC _B3_slice8-Ort.czi,old,gal,lower
513,6.0,11.166666666666666,67.0,F656_ARC _B3_slice8-Ort.czi,old,gal,lower
514,95.0,10.48421052631579,996.0000000000001,F656_ARC _B3_slice8-Ort.czi,old,gal,lower
515,197.0,30.121827411167512,5934.0,F656_ARC _B3_slice8-Ort.czi,old,gal,lower
516,3.0,14.666666666666666,44.0,F656_ARC _B3_slice8-Ort.czi,old,gal,lower
517,10.0,14.5,145.0,F656_ARC _B3_slice8-Ort.czi,old,gal,lower
518,27.0,13.703703703703704,370.0,F656_ARC _B3_slice8-Ort.czi,old,gal,lower
519,519.0,15.188824662813103,7883.0,F656_ARC _B3_slice8-Ort.czi,old,gal,lower
520,70.0,13.271428571428572,929.0,F656_ARC _B3_slice8-Ort.czi,old,gal,lower
521,40.0,10.825,433.0,F656_ARC _B3_slice8-Ort.czi,old,gal,lower
522,17.0,11.882352941176471,202.0,F656_ARC _B3_slice8-Ort.czi,old,gal,lower
523,322.0,14.940993788819876,4811.0,F656_ARC _B3_slice8-Ort.czi,old,gal,lower
524,14.0,8.714285714285714,121.99999999999999,F656_ARC _B3_slice8-Ort.czi,old,gal,lower
525,20.0,12.4,248.0,F656_ARC _B3_slice8-Ort.czi,old,gal,lower
526,413.0,15.026634382566586,6206.0,F656_ARC _B3_slice8-Ort.czi,old,gal,lower
527,22.0,11.590909090909092,255.00000000000003,F656_ARC _B3_slice8-Ort.czi,old,gal,lower
528,1.0,6.0,6.0,F656_ARC _B3_slice8-Ort.czi,old,gal,lower
529,5.0,11.4,57.0,F656_ARC _B3_slice8-Ort.czi,old,gal,lower
530,25.0,10.64,266.0,F656_ARC _B3_slice8-Ort.czi,old,gal,lower
531,7.0,11.857142857142858,83.0,F656_ARC _B3_slice8-Ort.czi,old,gal,lower
532,11.0,11.545454545454545,127.0,F656_ARC _B3_slice8-Ort.czi,old,gal,lower
533,4.0,8.75,35.0,F656_ARC _B3_slice8-Ort.czi,old,gal,lower
534,10.0,12.7,127.0,F656_ARC _B3_slice8-Ort.czi,old,gal,lower
535,23.0,9.608695652173912,220.99999999999997,F656_ARC _B3_slice8-Ort.czi,old,gal,lower
536,2.0,15.0,30.0,F656_ARC _B3_slice8-Ort.czi,old,gal,lower
537,38.0,13.289473684210526,505.0,F656_ARC _B3_slice8-Ort.czi,old,gal,lower
538,7.0,10.142857142857142,71.0,F656_ARC _B3_slice8-Ort.czi,old,gal,lower
539,26.0,15.461538461538462,402.0,F656_ARC _B3_slice8-Ort.czi,old,gal,lower
540,140.0,8.614285714285714,1206.0,F656_ARC _B3_slice8-Ort.czi,old,gal,lower
541,129.0,16.666666666666668,2150.0,F656_ARC _B3_slice8-Ort.czi,old,gal,lower
542,40.0,11.7,468.0,F656_ARC _B3_slice8-Ort.czi,old,gal,lower
543,82.0,13.890243902439025,1139.0,F656_ARC _B3_slice8-Ort.czi,old,gal,lower
544,1.0,8.0,8.0,F656_ARC _B3_slice8-Ort.czi,old,gal,lower
545,35.0,10.514285714285714,368.0,F656_ARC _B3_slice8-Ort.czi,old,gal,lower
546,541.0,16.35304990757856,8847.0,F656_ARC _B3_slice8-Ort.czi,old,gal,lower
547,13.0,13.923076923076923,181.0,F656_ARC _B3_slice8-Ort.czi,old,gal,lower
548,9.0,8.222222222222221,74.0,F656_ARC _B3_slice8-Ort.czi,old,gal,lower
549,33.0,12.848484848484848,424.0,F656_ARC _B3_slice8-Ort.czi,old,gal,lower
550,1.0,7.0,7.0,F656_ARC _B3_slice8-Ort.czi,old,gal,lower
551,12.0,9.916666666666666,119.0,F656_ARC _B3_slice8-Ort.czi,old,gal,lower
552,13.0,9.23076923076923,119.99999999999999,F656_ARC _B3_slice8-Ort.czi,old,gal,lower
553,40.0,10.025,401.0,F656_ARC _B3_slice8-Ort.czi,old,gal,lower
554,32.0,13.5625,434.0,F656_ARC _B3_slice8-Ort.czi,old,gal,lower
555,4.0,12.0,48.0,F656_ARC _B3_slice8-Ort.czi,old,gal,lower
556,8.0,12.875,103.0,F656_ARC _B3_slice8-Ort.czi,old,gal,lower
557,3.0,13.666666666666666,41.0,F656_ARC _B3_slice8-Ort.czi,old,gal,lower
558,12.0,11.916666666666666,143.0,F656_ARC _B3_slice8-Ort.czi,old,gal,lower
559,12.0,11.583333333333334,139.0,F656_ARC _B3_slice8-Ort.czi,old,gal,lower
560,57.0,10.31578947368421,588.0,F656_ARC _B3_slice8-Ort.czi,old,gal,lower
561,3.0,10.333333333333334,31.0,F656_ARC _B3_slice8-Ort.czi,old,gal,lower
562,18.0,8.666666666666666,156.0,F656_ARC _B3_slice8-Ort.czi,old,gal,lower
563,6.0,11.166666666666666,67.0,F656_ARC _B3_slice8-Ort.czi,old,gal,lower
564,3.0,7.666666666666667,23.0,F656_ARC _B3_slice8-Ort.czi,old,gal,lower
565,4.0,15.25,61.0,F656_ARC _B3_slice8-Ort.czi,old,gal,lower
566,13.0,11.692307692307692,152.0,F656_ARC _B3_slice8-Ort.czi,old,gal,lower
567,23.0,12.26086956521739,282.0,F656_ARC _B3_slice8-Ort.czi,old,gal,lower
568,301.0,21.08637873754153,6347.000000000001,F656_ARC _B3_slice8-Ort.czi,old,gal,lower
569,12.0,18.083333333333332,217.0,F656_ARC _B3_slice8-Ort.czi,old,gal,lower
570,107.0,12.728971962616823,1362.0,F656_ARC _B3_slice8-Ort.czi,old,gal,lower
571,33.0,13.181818181818182,435.0,F656_ARC _B3_slice8-Ort.czi,old,gal,lower
572,368.0,15.720108695652174,5785.0,F656_ARC _B3_slice8-Ort.czi,old,gal,lower
573,718.0,15.991643454038996,11482.0,F656_ARC _B3_slice8-Ort.czi,old,gal,lower
574,10.0,14.6,146.0,F656_ARC _B3_slice8-Ort.czi,old,gal,lower
575,18.0,24.38888888888889,439.0,F656_ARC _B3_slice8-Ort.czi,old,gal,lower
576,475.0,26.021052631578947,12360.0,F656_ARC _B3_slice8-Ort.czi,old,gal,lower
577,15.0,10.066666666666666,151.0,F656_ARC _B3_slice8-Ort.czi,old,gal,lower
578,3.0,9.0,27.0,F656_ARC _B3_slice8-Ort.czi,old,gal,lower
579,87.0,9.873563218390805,859.0,F656_ARC _B3_slice8-Ort.czi,old,gal,lower
580,9.0,9.666666666666666,87.0,F656_ARC _B3_slice8-Ort.czi,old,gal,lower
581,12.0,13.166666666666666,158.0,F656_ARC _B3_slice8-Ort.czi,old,gal,lower
582,17.0,9.529411764705882,162.0,F656_ARC _B3_slice8-Ort.czi,old,gal,lower
583,4.0,10.0,40.0,F656_ARC _B3_slice8-Ort.czi,old,gal,lower
584,9.0,8.777777777777779,79.0,F656_ARC _B3_slice8-Ort.czi,old,gal,lower
585,26.0,14.807692307692308,385.0,F656_ARC _B3_slice8-Ort.czi,old,gal,lower
586,81.0,14.135802469135802,1145.0,F656_ARC _B3_slice8-Ort.czi,old,gal,lower
587,4.0,9.0,36.0,F656_ARC _B3_slice8-Ort.czi,old,gal,lower
588,165.0,16.23030303030303,2678.0,F656_ARC _B3_slice8-Ort.czi,old,gal,lower
589,1.0,6.0,6.0,F656_ARC _B3_slice8-Ort.czi,old,gal,lower
590,188.0,12.414893617021276,2334.0,F656_ARC _B3_slice8-Ort.czi,old,gal,lower
591,5.0,9.0,45.0,F656_ARC _B3_slice8-Ort.czi,old,gal,lower
592,14.0,10.714285714285714,150.0,F656_ARC _B3_slice8-Ort.czi,old,gal,lower
593,30.0,10.4,312.0,F656_ARC _B3_slice8-Ort.czi,old,gal,lower
594,2.0,11.0,22.0,F656_ARC _B3_slice8-Ort.czi,old,gal,lower
595,1.0,5.0,5.0,F656_ARC _B3_slice8-Ort.czi,old,gal,lower
596,1.0,12.0,12.0,F656_ARC _B3_slice8-Ort.czi,old,gal,lower
597,497.0,14.595573440643863,7254.0,F656_ARC _B3_slice8-Ort.czi,old,gal,lower
598,15.0,16.333333333333332,244.99999999999997,F656_ARC _B3_slice8-Ort.czi,old,gal,lower
599,29.0,9.344827586206897,271.0,F656_ARC _B3_slice8-Ort.czi,old,gal,lower
600,15.0,12.0,180.0,F656_ARC _B3_slice8-Ort.czi,old,gal,lower
601,234.0,13.478632478632479,3154.0,F656_ARC _B3_slice8-Ort.czi,old,gal,lower
602,25.0,15.44,386.0,F656_ARC _B3_slice8-Ort.czi,old,gal,lower
603,224.0,12.0,2688.0,F656_ARC _B3_slice8-Ort.czi,old,gal,lower
604,10.0,9.5,95.0,F656_ARC _B3_slice8-Ort.czi,old,gal,lower
605,1.0,12.0,12.0,F656_ARC _B3_slice8-Ort.czi,old,gal,lower
606,7.0,8.0,56.0,F656_ARC _B3_slice8-Ort.czi,old,gal,lower
607,102.0,15.137254901960784,1544.0,F656_ARC _B3_slice8-Ort.czi,old,gal,lower
608,4.0,17.75,71.0,F656_ARC _B3_slice8-Ort.czi,old,gal,lower
609,2.0,8.0,16.0,F656_ARC _B3_slice8-Ort.czi,old,gal,lower
610,4.0,8.75,35.0,F656_ARC _B3_slice8-Ort.czi,old,gal,lower
611,28.0,10.035714285714286,281.0,F656_ARC _B3_slice8-Ort.czi,old,gal,lower
612,9.0,8.666666666666666,78.0,F656_ARC _B3_slice8-Ort.czi,old,gal,lower
613,36.0,12.25,441.0,F656_ARC _B3_slice8-Ort.czi,old,gal,lower
614,72.0,12.083333333333334,870.0,F656_ARC _B3_slice8-Ort.czi,old,gal,lower
615,188.0,13.829787234042554,2600.0,F656_ARC _B3_slice8-Ort.czi,old,gal,lower
616,4.0,9.5,38.0,F656_ARC _B3_slice8-Ort.czi,old,gal,lower
617,5.0,11.2,56.0,F656_ARC _B3_slice8-Ort.czi,old,gal,lower
618,7.0,8.0,56.0,F656_ARC _B3_slice8-Ort.czi,old,gal,lower
619,1.0,5.0,5.0,F656_ARC _B3_slice8-Ort.czi,old,gal,lower
620,11.0,9.636363636363637,106.0,F656_ARC _B3_slice8-Ort.czi,old,gal,lower
621,5.0,18.2,91.0,F656_ARC _B3_slice8-Ort.czi,old,gal,lower
622,28.0,14.107142857142858,395.0,F656_ARC _B3_slice8-Ort.czi,old,gal,lower
623,47.0,12.787234042553191,601.0,F656_ARC _B3_slice8-Ort.czi,old,gal,lower
624,117.0,22.11965811965812,2588.0,F656_ARC _B3_slice8-Ort.czi,old,gal,lower
625,13.0,9.923076923076923,129.0,F656_ARC _B3_slice8-Ort.czi,old,gal,lower
626,4.0,22.75,91.0,F656_ARC _B3_slice8-Ort.czi,old,gal,lower
627,16.0,9.9375,159.0,F656_ARC _B3_slice8-Ort.czi,old,gal,lower
628,175.0,28.314285714285713,4955.0,F656_ARC _B3_slice8-Ort.czi,old,gal,lower
629,1.0,7.0,7.0,F656_ARC _B3_slice8-Ort.czi,old,gal,lower
630,108.0,13.648148148148149,1474.0,F656_ARC _B3_slice8-Ort.czi,old,gal,lower
631,4.0,9.0,36.0,F656_ARC _B3_slice8-Ort.czi,old,gal,lower
632,1.0,4.0,4.0,F656_ARC _B3_slice8-Ort.czi,old,gal,lower
633,6.0,7.833333333333333,47.0,F656_ARC _B3_slice8-Ort.czi,old,gal,lower
634,10.0,8.9,89.0,F656_ARC _B3_slice8-Ort.czi,old,gal,lower
635,79.0,11.39240506329114,900.0,F656_ARC _B3_slice8-Ort.czi,old,gal,lower
636,4.0,10.25,41.0,F656_ARC _B3_slice8-Ort.czi,old,gal,lower
637,36.0,11.555555555555555,416.0,F656_ARC _B3_slice8-Ort.czi,old,gal,lower
638,41.0,15.463414634146341,634.0,F656_ARC _B3_slice8-Ort.czi,old,gal,lower
639,68.0,8.573529411764707,583.0,F656_ARC _B3_slice8-Ort.czi,old,gal,lower
640,53.0,9.867924528301886,523.0,F656_ARC _B3_slice8-Ort.czi,old,gal,lower
641,1.0,8.0,8.0,F656_ARC _B3_slice8-Ort.czi,old,gal,lower
642,8.0,8.25,66.0,F656_ARC _B3_slice8-Ort.czi,old,gal,lower
643,18.0,18.0,324.0,F656_ARC _B3_slice8-Ort.czi,old,gal,lower
644,5.0,11.2,56.0,F656_ARC _B3_slice8-Ort.czi,old,gal,lower
645,10.0,9.6,96.0,F656_ARC _B3_slice8-Ort.czi,old,gal,lower
646,9.0,8.444444444444445,76.0,F656_ARC _B3_slice8-Ort.czi,old,gal,lower
647,37.0,7.756756756756757,287.0,F656_ARC _B3_slice8-Ort.czi,old,gal,lower
648,157.0,16.936305732484076,2659.0,F656_ARC _B3_slice8-Ort.czi,old,gal,lower
649,149.0,52.81879194630873,7870.000000000001,F656_ARC _B3_slice8-Ort.czi,old,gal,lower
650,10.0,8.4,84.0,F656_ARC _B3_slice8-Ort.czi,old,gal,lower
651,2216.0,11.46615523465704,25409.0,F656_ARC _B3_slice8-Ort.czi,old,gal,lower
652,1.0,18.0,18.0,F656_ARC _B3_slice8-Ort.czi,old,gal,lower
653,12.0,7.75,93.0,F656_ARC _B3_slice8-Ort.czi,old,gal,lower
654,5.0,16.6,83.0,F656_ARC _B3_slice8-Ort.czi,old,gal,lower
655,24.0,8.708333333333334,209.0,F656_ARC _B3_slice8-Ort.czi,old,gal,lower
656,33.0,8.515151515151516,281.0,F656_ARC _B3_slice8-Ort.czi,old,gal,lower
657,4.0,13.25,53.0,F656_ARC _B3_slice8-Ort.czi,old,gal,lower
658,60.0,9.2,552.0,F656_ARC _B3_slice8-Ort.czi,old,gal,lower
1,212.0,165.3820754716981,35061.0,B482_ARC _B3_slice7-Ort.czi,old,gal,lower
2,11.0,168.9090909090909,1858.0,B482_ARC _B3_slice7-Ort.czi,old,gal,lower
3,68.0,163.91176470588235,11146.0,B482_ARC _B3_slice7-Ort.czi,old,gal,lower
4,259.0,192.22007722007723,49785.0,B482_ARC _B3_slice7-Ort.czi,old,gal,lower
5,79.0,131.72151898734177,10406.0,B482_ARC _B3_slice7-Ort.czi,old,gal,lower
6,59.0,169.40677966101694,9995.0,B482_ARC _B3_slice7-Ort.czi,old,gal,lower
7,23.0,99.69565217391305,2293.0,B482_ARC _B3_slice7-Ort.czi,old,gal,lower
8,10.0,113.4,1134.0,B482_ARC _B3_slice7-Ort.czi,old,gal,lower
9,25.0,141.32,3533.0,B482_ARC _B3_slice7-Ort.czi,old,gal,lower
10,10.0,160.6,1606.0,B482_ARC _B3_slice7-Ort.czi,old,gal,lower
11,30.0,110.0,3300.0,B482_ARC _B3_slice7-Ort.czi,old,gal,lower
12,64.0,142.140625,9097.0,B482_ARC _B3_slice7-Ort.czi,old,gal,lower
13,77.0,173.72727272727272,13377.0,B482_ARC _B3_slice7-Ort.czi,old,gal,lower
14,40.0,115.075,4603.0,B482_ARC _B3_slice7-Ort.czi,old,gal,lower
15,70.0,149.9142857142857,10494.0,B482_ARC _B3_slice7-Ort.czi,old,gal,lower
16,58.0,116.25862068965517,6743.0,B482_ARC _B3_slice7-Ort.czi,old,gal,lower
17,1.0,73.0,73.0,B482_ARC _B3_slice7-Ort.czi,old,gal,lower
18,45.0,103.44444444444444,4655.0,B482_ARC _B3_slice7-Ort.czi,old,gal,lower
19,106.0,139.38679245283018,14774.999999999998,B482_ARC _B3_slice7-Ort.czi,old,gal,lower
20,161.0,155.73291925465838,25073.0,B482_ARC _B3_slice7-Ort.czi,old,gal,lower
21,46.0,125.91304347826087,5792.0,B482_ARC _B3_slice7-Ort.czi,old,gal,lower
22,74.0,131.52702702702703,9733.0,B482_ARC _B3_slice7-Ort.czi,old,gal,lower
23,165.0,166.8969696969697,27538.0,B482_ARC _B3_slice7-Ort.czi,old,gal,lower
24,66.0,123.48484848484848,8150.0,B482_ARC _B3_slice7-Ort.czi,old,gal,lower
25,125.0,104.848,13106.0,B482_ARC _B3_slice7-Ort.czi,old,gal,lower
26,16.0,101.8125,1629.0,B482_ARC _B3_slice7-Ort.czi,old,gal,lower
27,36.0,131.58333333333334,4737.0,B482_ARC _B3_slice7-Ort.czi,old,gal,lower
28,1.0,91.0,91.0,B482_ARC _B3_slice7-Ort.czi,old,gal,lower
29,14.0,83.85714285714286,1174.0,B482_ARC _B3_slice7-Ort.czi,old,gal,lower
30,23.0,119.73913043478261,2754.0,B482_ARC _B3_slice7-Ort.czi,old,gal,lower
31,79.0,149.13924050632912,11782.0,B482_ARC _B3_slice7-Ort.czi,old,gal,lower
32,71.0,120.67605633802818,8568.0,B482_ARC _B3_slice7-Ort.czi,old,gal,lower
33,45.0,139.53333333333333,6279.0,B482_ARC _B3_slice7-Ort.czi,old,gal,lower
34,13.0,116.46153846153847,1514.0,B482_ARC _B3_slice7-Ort.czi,old,gal,lower
35,11.0,92.9090909090909,1022.0,B482_ARC _B3_slice7-Ort.czi,old,gal,lower
36,17.0,153.76470588235293,2614.0,B482_ARC _B3_slice7-Ort.czi,old,gal,lower
37,23.0,155.3913043478261,3574.0,B482_ARC _B3_slice7-Ort.czi,old,gal,lower
38,9.0,99.11111111111111,892.0,B482_ARC _B3_slice7-Ort.czi,old,gal,lower
39,54.0,147.40740740740742,7960.000000000001,B482_ARC _B3_slice7-Ort.czi,old,gal,lower
40,1.0,116.0,116.0,B482_ARC _B3_slice7-Ort.czi,old,gal,lower
41,26.0,102.26923076923077,2659.0,B482_ARC _B3_slice7-Ort.czi,old,gal,lower
42,111.0,179.45045045045046,19919.0,B482_ARC _B3_slice7-Ort.czi,old,gal,lower
43,15.0,107.6,1614.0,B482_ARC _B3_slice7-Ort.czi,old,gal,lower
44,8.0,83.625,669.0,B482_ARC _B3_slice7-Ort.czi,old,gal,lower
45,3.0,108.66666666666667,326.0,B482_ARC _B3_slice7-Ort.czi,old,gal,lower
46,12.0,80.16666666666667,962.0,B482_ARC _B3_slice7-Ort.czi,old,gal,lower
47,26.0,132.65384615384616,3449.0,B482_ARC _B3_slice7-Ort.czi,old,gal,lower
48,17.0,135.1764705882353,2298.0,B482_ARC _B3_slice7-Ort.czi,old,gal,lower
49,65.0,119.73846153846154,7783.0,B482_ARC _B3_slice7-Ort.czi,old,gal,lower
50,29.0,98.65517241379311,2861.0,B482_ARC _B3_slice7-Ort.czi,old,gal,lower
51,2.0,89.5,179.0,B482_ARC _B3_slice7-Ort.czi,old,gal,lower
52,3.0,148.33333333333334,445.0,B482_ARC _B3_slice7-Ort.czi,old,gal,lower
53,14.0,129.14285714285714,1808.0,B482_ARC _B3_slice7-Ort.czi,old,gal,lower
54,4.0,95.75,383.0,B482_ARC _B3_slice7-Ort.czi,old,gal,lower
55,1.0,77.0,77.0,B482_ARC _B3_slice7-Ort.czi,old,gal,lower
56,134.0,127.01492537313433,17020.0,B482_ARC _B3_slice7-Ort.czi,old,gal,lower
57,68.0,130.0735294117647,8845.0,B482_ARC _B3_slice7-Ort.czi,old,gal,lower
58,42.0,100.14285714285714,4206.0,B482_ARC _B3_slice7-Ort.czi,old,gal,lower
59,35.0,109.22857142857143,3823.0,B482_ARC _B3_slice7-Ort.czi,old,gal,lower
60,62.0,93.40322580645162,5791.0,B482_ARC _B3_slice7-Ort.czi,old,gal,lower
61,24.0,121.0,2904.0,B482_ARC _B3_slice7-Ort.czi,old,gal,lower
62,28.0,101.85714285714286,2852.0,B482_ARC _B3_slice7-Ort.czi,old,gal,lower
1,98.0,227.77551020408163,22322.0,F656_ARC _B3_slice4-Ort.czi,old,gal,lower
2,10.0,165.9,1659.0,F656_ARC _B3_slice4-Ort.czi,old,gal,lower
3,14.0,180.28571428571428,2524.0,F656_ARC _B3_slice4-Ort.czi,old,gal,lower
4,18.0,166.0,2988.0,F656_ARC _B3_slice4-Ort.czi,old,gal,lower
5,11.0,193.72727272727272,2131.0,F656_ARC _B3_slice4-Ort.czi,old,gal,lower
6,73.0,165.6164383561644,12090.0,F656_ARC _B3_slice4-Ort.czi,old,gal,lower
7,18.0,125.22222222222223,2254.0,F656_ARC _B3_slice4-Ort.czi,old,gal,lower
8,45.0,186.93333333333334,8412.0,F656_ARC _B3_slice4-Ort.czi,old,gal,lower
9,7.0,184.0,1288.0,F656_ARC _B3_slice4-Ort.czi,old,gal,lower
10,91.0,178.28571428571428,16224.0,F656_ARC _B3_slice4-Ort.czi,old,gal,lower
11,17.0,154.52941176470588,2627.0,F656_ARC _B3_slice4-Ort.czi,old,gal,lower
12,65.0,152.43076923076924,9908.0,F656_ARC _B3_slice4-Ort.czi,old,gal,lower
13,201.0,236.44776119402985,47526.0,F656_ARC _B3_slice4-Ort.czi,old,gal,lower
14,6.0,158.16666666666666,949.0,F656_ARC _B3_slice4-Ort.czi,old,gal,lower
15,5.0,120.0,600.0,F656_ARC _B3_slice4-Ort.czi,old,gal,lower
16,5.0,127.6,638.0,F656_ARC _B3_slice4-Ort.czi,old,gal,lower
17,20.0,139.35,2787.0,F656_ARC _B3_slice4-Ort.czi,old,gal,lower
18,24.0,184.41666666666666,4426.0,F656_ARC _B3_slice4-Ort.czi,old,gal,lower
19,106.0,223.64150943396226,23706.0,F656_ARC _B3_slice4-Ort.czi,old,gal,lower
20,35.0,170.34285714285716,5962.0,F656_ARC _B3_slice4-Ort.czi,old,gal,lower
21,2.0,63.5,127.0,F656_ARC _B3_slice4-Ort.czi,old,gal,lower
22,38.0,181.3421052631579,6891.0,F656_ARC _B3_slice4-Ort.czi,old,gal,lower
23,55.0,194.65454545454546,10706.0,F656_ARC _B3_slice4-Ort.czi,old,gal,lower
24,102.0,209.94117647058823,21414.0,F656_ARC _B3_slice4-Ort.czi,old,gal,lower
25,118.0,235.52542372881356,27792.0,F656_ARC _B3_slice4-Ort.czi,old,gal,lower
26,116.0,189.3448275862069,21964.0,F656_ARC _B3_slice4-Ort.czi,old,gal,lower
27,120.0,225.88333333333333,27106.0,F656_ARC _B3_slice4-Ort.czi,old,gal,lower
28,82.0,216.0487804878049,17716.0,F656_ARC _B3_slice4-Ort.czi,old,gal,lower
29,8.0,162.375,1299.0,F656_ARC _B3_slice4-Ort.czi,old,gal,lower
30,5.0,227.6,1138.0,F656_ARC _B3_slice4-Ort.czi,old,gal,lower
31,143.0,228.3846153846154,32659.0,F656_ARC _B3_slice4-Ort.czi,old,gal,lower
32,29.0,175.93103448275863,5102.0,F656_ARC _B3_slice4-Ort.czi,old,gal,lower
33,30.0,163.5,4905.0,F656_ARC _B3_slice4-Ort.czi,old,gal,lower
34,6.0,155.83333333333334,935.0,F656_ARC _B3_slice4-Ort.czi,old,gal,lower
35,97.0,218.1237113402062,21158.0,F656_ARC _B3_slice4-Ort.czi,old,gal,lower
36,7.0,153.14285714285714,1072.0,F656_ARC _B3_slice4-Ort.czi,old,gal,lower
37,27.0,121.11111111111111,3270.0,F656_ARC _B3_slice4-Ort.czi,old,gal,lower
38,31.0,185.09677419354838,5738.0,F656_ARC _B3_slice4-Ort.czi,old,gal,lower
39,38.0,157.76315789473685,5995.0,F656_ARC _B3_slice4-Ort.czi,old,gal,lower
40,34.0,125.26470588235294,4259.0,F656_ARC _B3_slice4-Ort.czi,old,gal,lower
41,33.0,193.57575757575756,6388.0,F656_ARC _B3_slice4-Ort.czi,old,gal,lower
42,74.0,154.3783783783784,11424.0,F656_ARC _B3_slice4-Ort.czi,old,gal,lower
43,25.0,121.8,3045.0,F656_ARC _B3_slice4-Ort.czi,old,gal,lower
44,4.0,151.5,606.0,F656_ARC _B3_slice4-Ort.czi,old,gal,lower
45,19.0,160.52631578947367,3049.9999999999995,F656_ARC _B3_slice4-Ort.czi,old,gal,lower
46,131.0,237.51908396946564,31115.0,F656_ARC _B3_slice4-Ort.czi,old,gal,lower
47,50.0,152.76,7638.0,F656_ARC _B3_slice4-Ort.czi,old,gal,lower
48,13.0,213.53846153846155,2776.0,F656_ARC _B3_slice4-Ort.czi,old,gal,lower
49,12.0,160.5,1926.0,F656_ARC _B3_slice4-Ort.czi,old,gal,lower
50,61.0,209.62295081967213,12787.0,F656_ARC _B3_slice4-Ort.czi,old,gal,lower
51,20.0,151.55,3031.0,F656_ARC _B3_slice4-Ort.czi,old,gal,lower
52,6.0,159.0,954.0,F656_ARC _B3_slice4-Ort.czi,old,gal,lower
53,21.0,149.04761904761904,3130.0,F656_ARC _B3_slice4-Ort.czi,old,gal,lower
54,45.0,178.88888888888889,8050.0,F656_ARC _B3_slice4-Ort.czi,old,gal,lower
55,13.0,187.53846153846155,2438.0,F656_ARC _B3_slice4-Ort.czi,old,gal,lower
56,57.0,205.24561403508773,11699.0,F656_ARC _B3_slice4-Ort.czi,old,gal,lower
57,46.0,131.80434782608697,6063.000000000001,F656_ARC _B3_slice4-Ort.czi,old,gal,lower
58,112.0,210.25,23548.0,F656_ARC _B3_slice4-Ort.czi,old,gal,lower
59,1.0,173.0,173.0,F656_ARC _B3_slice4-Ort.czi,old,gal,lower
60,21.0,145.04761904761904,3046.0,F656_ARC _B3_slice4-Ort.czi,old,gal,lower
61,37.0,168.94594594594594,6251.0,F656_ARC _B3_slice4-Ort.czi,old,gal,lower
62,26.0,135.57692307692307,3524.9999999999995,F656_ARC _B3_slice4-Ort.czi,old,gal,lower
63,3.0,115.0,345.0,F656_ARC _B3_slice4-Ort.czi,old,gal,lower
64,11.0,196.45454545454547,2161.0,F656_ARC _B3_slice4-Ort.czi,old,gal,lower
65,20.0,150.75,3015.0,F656_ARC _B3_slice4-Ort.czi,old,gal,lower
66,43.0,223.30232558139534,9602.0,F656_ARC _B3_slice4-Ort.czi,old,gal,lower
67,17.0,161.58823529411765,2747.0,F656_ARC _B3_slice4-Ort.czi,old,gal,lower
68,4.0,102.0,408.0,F656_ARC _B3_slice4-Ort.czi,old,gal,lower
69,72.0,175.59722222222223,12643.0,F656_ARC _B3_slice4-Ort.czi,old,gal,lower
70,60.0,195.5,11730.0,F656_ARC _B3_slice4-Ort.czi,old,gal,lower
71,3.0,116.0,348.0,F656_ARC _B3_slice4-Ort.czi,old,gal,lower
72,4.0,145.0,580.0,F656_ARC _B3_slice4-Ort.czi,old,gal,lower
73,1.0,122.0,122.0,F656_ARC _B3_slice4-Ort.czi,old,gal,lower
74,23.0,137.0,3151.0,F656_ARC _B3_slice4-Ort.czi,old,gal,lower
75,3.0,135.66666666666666,407.0,F656_ARC _B3_slice4-Ort.czi,old,gal,lower
76,31.0,148.93548387096774,4617.0,F656_ARC _B3_slice4-Ort.czi,old,gal,lower
77,141.0,165.13475177304966,23284.0,F656_ARC _B3_slice4-Ort.czi,old,gal,lower
78,61.0,170.04918032786884,10373.0,F656_ARC _B3_slice4-Ort.czi,old,gal,lower
79,30.0,190.2,5706.0,F656_ARC _B3_slice4-Ort.czi,old,gal,lower
80,34.0,227.7058823529412,7742.0,F656_ARC _B3_slice4-Ort.czi,old,gal,lower
81,151.0,195.3841059602649,29503.0,F656_ARC _B3_slice4-Ort.czi,old,gal,lower
82,58.0,143.56896551724137,8327.0,F656_ARC _B3_slice4-Ort.czi,old,gal,lower
83,66.0,172.87878787878788,11410.0,F656_ARC _B3_slice4-Ort.czi,old,gal,lower
84,5.0,148.0,740.0,F656_ARC _B3_slice4-Ort.czi,old,gal,lower
85,49.0,123.6734693877551,6060.0,F656_ARC _B3_slice4-Ort.czi,old,gal,lower
86,49.0,153.6122448979592,7527.0,F656_ARC _B3_slice4-Ort.czi,old,gal,lower
87,35.0,164.02857142857144,5741.0,F656_ARC _B3_slice4-Ort.czi,old,gal,lower
88,6.0,105.16666666666667,631.0,F656_ARC _B3_slice4-Ort.czi,old,gal,lower
89,58.0,133.70689655172413,7754.999999999999,F656_ARC _B3_slice4-Ort.czi,old,gal,lower
90,30.0,138.4,4152.0,F656_ARC _B3_slice4-Ort.czi,old,gal,lower
91,72.0,148.54166666666666,10695.0,F656_ARC _B3_slice4-Ort.czi,old,gal,lower
92,6.0,155.66666666666666,934.0,F656_ARC _B3_slice4-Ort.czi,old,gal,lower
93,4.0,159.0,636.0,F656_ARC _B3_slice4-Ort.czi,old,gal,lower
94,41.0,131.21951219512195,5380.0,F656_ARC _B3_slice4-Ort.czi,old,gal,lower
95,70.0,177.34285714285716,12414.0,F656_ARC _B3_slice4-Ort.czi,old,gal,lower
96,42.0,146.76190476190476,6164.0,F656_ARC _B3_slice4-Ort.czi,old,gal,lower
97,21.0,131.52380952380952,2762.0,F656_ARC _B3_slice4-Ort.czi,old,gal,lower
98,25.0,182.96,4574.0,F656_ARC _B3_slice4-Ort.czi,old,gal,lower
1,28.0,193.14285714285714,5408.0,B465_ARC _C3_slice6-Ort.czi,old,gal,lower
2,9.0,139.55555555555554,1256.0,B465_ARC _C3_slice6-Ort.czi,old,gal,lower
3,71.0,168.40845070422534,11957.0,B465_ARC _C3_slice6-Ort.czi,old,gal,lower
4,1.0,232.0,232.0,B465_ARC _C3_slice6-Ort.czi,old,gal,lower
5,3.0,106.0,318.0,B465_ARC _C3_slice6-Ort.czi,old,gal,lower
6,19.0,177.47368421052633,3372.0000000000005,B465_ARC _C3_slice6-Ort.czi,old,gal,lower
7,66.0,121.48484848484848,8018.0,B465_ARC _C3_slice6-Ort.czi,old,gal,lower
8,60.0,200.0,12000.0,B465_ARC _C3_slice6-Ort.czi,old,gal,lower
9,8.0,203.875,1631.0,B465_ARC _C3_slice6-Ort.czi,old,gal,lower
10,99.0,183.77777777777777,18194.0,B465_ARC _C3_slice6-Ort.czi,old,gal,lower
11,86.0,198.01162790697674,17029.0,B465_ARC _C3_slice6-Ort.czi,old,gal,lower
12,77.0,200.9090909090909,15470.0,B465_ARC _C3_slice6-Ort.czi,old,gal,lower
13,25.0,156.6,3915.0,B465_ARC _C3_slice6-Ort.czi,old,gal,lower
14,47.0,151.04255319148936,7099.0,B465_ARC _C3_slice6-Ort.czi,old,gal,lower
15,4.0,145.25,581.0,B465_ARC _C3_slice6-Ort.czi,old,gal,lower
16,44.0,191.47727272727272,8425.0,B465_ARC _C3_slice6-Ort.czi,old,gal,lower
17,41.0,171.3170731707317,7024.0,B465_ARC _C3_slice6-Ort.czi,old,gal,lower
18,34.0,166.35294117647058,5656.0,B465_ARC _C3_slice6-Ort.czi,old,gal,lower
19,4.0,130.25,521.0,B465_ARC _C3_slice6-Ort.czi,old,gal,lower
20,114.0,224.0,25536.0,B465_ARC _C3_slice6-Ort.czi,old,gal,lower
21,152.0,222.01315789473685,33746.0,B465_ARC _C3_slice6-Ort.czi,old,gal,lower
22,100.0,177.36,17736.0,B465_ARC _C3_slice6-Ort.czi,old,gal,lower
23,8.0,153.0,1224.0,B465_ARC _C3_slice6-Ort.czi,old,gal,lower
24,22.0,166.13636363636363,3655.0,B465_ARC _C3_slice6-Ort.czi,old,gal,lower
25,74.0,220.06756756756758,16285.0,B465_ARC _C3_slice6-Ort.czi,old,gal,lower
26,111.0,165.54054054054055,18375.0,B465_ARC _C3_slice6-Ort.czi,old,gal,lower
27,75.0,179.48,13461.0,B465_ARC _C3_slice6-Ort.czi,old,gal,lower
28,17.0,202.0,3434.0,B465_ARC _C3_slice6-Ort.czi,old,gal,lower
29,8.0,176.25,1410.0,B465_ARC _C3_slice6-Ort.czi,old,gal,lower
30,6.0,167.5,1005.0,B465_ARC _C3_slice6-Ort.czi,old,gal,lower
31,96.0,219.82291666666666,21103.0,B465_ARC _C3_slice6-Ort.czi,old,gal,lower
32,36.0,163.97222222222223,5903.0,B465_ARC _C3_slice6-Ort.czi,old,gal,lower
33,141.0,232.6241134751773,32800.0,B465_ARC _C3_slice6-Ort.czi,old,gal,lower
34,63.0,181.33333333333334,11424.0,B465_ARC _C3_slice6-Ort.czi,old,gal,lower
35,42.0,157.97619047619048,6635.0,B465_ARC _C3_slice6-Ort.czi,old,gal,lower
36,32.0,200.5625,6418.0,B465_ARC _C3_slice6-Ort.czi,old,gal,lower
37,106.0,201.46226415094338,21355.0,B465_ARC _C3_slice6-Ort.czi,old,gal,lower
38,14.0,140.28571428571428,1964.0,B465_ARC _C3_slice6-Ort.czi,old,gal,lower
39,106.0,214.5188679245283,22739.0,B465_ARC _C3_slice6-Ort.czi,old,gal,lower
40,28.0,116.10714285714286,3251.0,B465_ARC _C3_slice6-Ort.czi,old,gal,lower
41,8.0,147.25,1178.0,B465_ARC _C3_slice6-Ort.czi,old,gal,lower
42,110.0,148.28181818181818,16311.0,B465_ARC _C3_slice6-Ort.czi,old,gal,lower
43,39.0,180.6153846153846,7044.0,B465_ARC _C3_slice6-Ort.czi,old,gal,lower
44,45.0,206.06666666666666,9273.0,B465_ARC _C3_slice6-Ort.czi,old,gal,lower
45,29.0,168.48275862068965,4886.0,B465_ARC _C3_slice6-Ort.czi,old,gal,lower
46,7.0,106.0,742.0,B465_ARC _C3_slice6-Ort.czi,old,gal,lower
47,36.0,171.61111111111111,6178.0,B465_ARC _C3_slice6-Ort.czi,old,gal,lower
48,96.0,194.29166666666666,18652.0,B465_ARC _C3_slice6-Ort.czi,old,gal,lower
49,74.0,224.71621621621622,16629.0,B465_ARC _C3_slice6-Ort.czi,old,gal,lower
50,53.0,191.35849056603774,10142.0,B465_ARC _C3_slice6-Ort.czi,old,gal,lower
51,40.0,202.35,8094.0,B465_ARC _C3_slice6-Ort.czi,old,gal,lower
52,59.0,136.76271186440678,8069.0,B465_ARC _C3_slice6-Ort.czi,old,gal,lower
53,117.0,241.47863247863248,28253.0,B465_ARC _C3_slice6-Ort.czi,old,gal,lower
54,101.0,187.25742574257427,18913.0,B465_ARC _C3_slice6-Ort.czi,old,gal,lower
55,154.0,184.16883116883116,28362.0,B465_ARC _C3_slice6-Ort.czi,old,gal,lower
56,27.0,188.5185185185185,5090.0,B465_ARC _C3_slice6-Ort.czi,old,gal,lower
57,36.0,198.58333333333334,7149.0,B465_ARC _C3_slice6-Ort.czi,old,gal,lower
58,12.0,196.83333333333334,2362.0,B465_ARC _C3_slice6-Ort.czi,old,gal,lower
59,31.0,144.83870967741936,4490.0,B465_ARC _C3_slice6-Ort.czi,old,gal,lower
60,53.0,206.9433962264151,10968.0,B465_ARC _C3_slice6-Ort.czi,old,gal,lower
61,85.0,170.9294117647059,14529.0,B465_ARC _C3_slice6-Ort.czi,old,gal,lower
62,10.0,136.0,1360.0,B465_ARC _C3_slice6-Ort.czi,old,gal,lower
63,12.0,136.41666666666666,1637.0,B465_ARC _C3_slice6-Ort.czi,old,gal,lower
64,85.0,189.57647058823528,16113.999999999998,B465_ARC _C3_slice6-Ort.czi,old,gal,lower
65,11.0,169.0909090909091,1860.0,B465_ARC _C3_slice6-Ort.czi,old,gal,lower
66,15.0,139.4,2091.0,B465_ARC _C3_slice6-Ort.czi,old,gal,lower
67,3.0,211.66666666666666,635.0,B465_ARC _C3_slice6-Ort.czi,old,gal,lower
68,1.0,98.0,98.0,B465_ARC _C3_slice6-Ort.czi,old,gal,lower
69,10.0,111.8,1118.0,B465_ARC _C3_slice6-Ort.czi,old,gal,lower
70,22.0,126.13636363636364,2775.0,B465_ARC _C3_slice6-Ort.czi,old,gal,lower
71,35.0,164.34285714285716,5752.0,B465_ARC _C3_slice6-Ort.czi,old,gal,lower
72,70.0,193.32857142857142,13533.0,B465_ARC _C3_slice6-Ort.czi,old,gal,lower
73,19.0,128.73684210526315,2446.0,B465_ARC _C3_slice6-Ort.czi,old,gal,lower
74,115.0,169.57391304347826,19501.0,B465_ARC _C3_slice6-Ort.czi,old,gal,lower
75,14.0,165.5,2317.0,B465_ARC _C3_slice6-Ort.czi,old,gal,lower
76,23.0,176.34782608695653,4056.0,B465_ARC _C3_slice6-Ort.czi,old,gal,lower
77,32.0,127.34375,4075.0,B465_ARC _C3_slice6-Ort.czi,old,gal,lower
78,106.0,214.5188679245283,22739.0,B465_ARC _C3_slice6-Ort.czi,old,gal,lower
79,13.0,207.84615384615384,2702.0,B465_ARC _C3_slice6-Ort.czi,old,gal,lower
80,6.0,189.5,1137.0,B465_ARC _C3_slice6-Ort.czi,old,gal,lower
81,4.0,155.75,623.0,B465_ARC _C3_slice6-Ort.czi,old,gal,lower
82,92.0,172.93478260869566,15910.0,B465_ARC _C3_slice6-Ort.czi,old,gal,lower
83,58.0,164.13793103448276,9520.0,B465_ARC _C3_slice6-Ort.czi,old,gal,lower
84,84.0,178.28571428571428,14976.0,B465_ARC _C3_slice6-Ort.czi,old,gal,lower
85,25.0,140.36,3509.0000000000005,B465_ARC _C3_slice6-Ort.czi,old,gal,lower
86,101.0,183.76237623762376,18560.0,B465_ARC _C3_slice6-Ort.czi,old,gal,lower
1,59.0,230.32203389830508,13589.0,B465_ARC _C3_slice7-Ort.czi,old,gal,lower
2,26.0,131.0,3406.0,B465_ARC _C3_slice7-Ort.czi,old,gal,lower
3,135.0,234.01481481481483,31592.0,B465_ARC _C3_slice7-Ort.czi,old,gal,lower
4,3.0,132.33333333333334,397.0,B465_ARC _C3_slice7-Ort.czi,old,gal,lower
5,134.0,213.33582089552237,28587.0,B465_ARC _C3_slice7-Ort.czi,old,gal,lower
6,16.0,148.125,2370.0,B465_ARC _C3_slice7-Ort.czi,old,gal,lower
7,86.0,190.2093023255814,16358.0,B465_ARC _C3_slice7-Ort.czi,old,gal,lower
8,4.0,112.25,449.0,B465_ARC _C3_slice7-Ort.czi,old,gal,lower
9,152.0,217.44736842105263,33052.0,B465_ARC _C3_slice7-Ort.czi,old,gal,lower
10,4.0,144.5,578.0,B465_ARC _C3_slice7-Ort.czi,old,gal,lower
11,29.0,138.41379310344828,4014.0000000000005,B465_ARC _C3_slice7-Ort.czi,old,gal,lower
12,13.0,146.0,1898.0,B465_ARC _C3_slice7-Ort.czi,old,gal,lower
13,26.0,143.03846153846155,3719.0,B465_ARC _C3_slice7-Ort.czi,old,gal,lower
14,99.0,193.93939393939394,19200.0,B465_ARC _C3_slice7-Ort.czi,old,gal,lower
15,69.0,168.7246376811594,11642.0,B465_ARC _C3_slice7-Ort.czi,old,gal,lower
16,16.0,132.375,2118.0,B465_ARC _C3_slice7-Ort.czi,old,gal,lower
17,28.0,160.32142857142858,4489.0,B465_ARC _C3_slice7-Ort.czi,old,gal,lower
18,207.0,202.6280193236715,41944.0,B465_ARC _C3_slice7-Ort.czi,old,gal,lower
19,46.0,164.08695652173913,7548.0,B465_ARC _C3_slice7-Ort.czi,old,gal,lower
20,54.0,149.72222222222223,8085.0,B465_ARC _C3_slice7-Ort.czi,old,gal,lower
21,6.0,140.5,843.0,B465_ARC _C3_slice7-Ort.czi,old,gal,lower
22,3.0,121.33333333333333,364.0,B465_ARC _C3_slice7-Ort.czi,old,gal,lower
23,15.0,171.6,2574.0,B465_ARC _C3_slice7-Ort.czi,old,gal,lower
24,70.0,202.9142857142857,14204.0,B465_ARC _C3_slice7-Ort.czi,old,gal,lower
25,7.0,178.57142857142858,1250.0,B465_ARC _C3_slice7-Ort.czi,old,gal,lower
26,11.0,181.27272727272728,1994.0,B465_ARC _C3_slice7-Ort.czi,old,gal,lower
27,34.0,143.7941176470588,4889.0,B465_ARC _C3_slice7-Ort.czi,old,gal,lower
28,57.0,183.56140350877192,10463.0,B465_ARC _C3_slice7-Ort.czi,old,gal,lower
29,62.0,147.0483870967742,9117.0,B465_ARC _C3_slice7-Ort.czi,old,gal,lower
30,63.0,213.984126984127,13481.0,B465_ARC _C3_slice7-Ort.czi,old,gal,lower
31,1.0,141.0,141.0,B465_ARC _C3_slice7-Ort.czi,old,gal,lower
32,3.0,88.66666666666667,266.0,B465_ARC _C3_slice7-Ort.czi,old,gal,lower
33,15.0,154.73333333333332,2321.0,B465_ARC _C3_slice7-Ort.czi,old,gal,lower
34,2.0,183.0,366.0,B465_ARC _C3_slice7-Ort.czi,old,gal,lower
35,99.0,191.59595959595958,18968.0,B465_ARC _C3_slice7-Ort.czi,old,gal,lower
36,64.0,120.671875,7723.0,B465_ARC _C3_slice7-Ort.czi,old,gal,lower
37,7.0,178.0,1246.0,B465_ARC _C3_slice7-Ort.czi,old,gal,lower
38,17.0,166.47058823529412,2830.0,B465_ARC _C3_slice7-Ort.czi,old,gal,lower
39,2.0,126.0,252.0,B465_ARC _C3_slice7-Ort.czi,old,gal,lower
40,19.0,173.52631578947367,3296.9999999999995,B465_ARC _C3_slice7-Ort.czi,old,gal,lower
41,25.0,207.88,5197.0,B465_ARC _C3_slice7-Ort.czi,old,gal,lower
42,59.0,163.08474576271186,9622.0,B465_ARC _C3_slice7-Ort.czi,old,gal,lower
43,15.0,161.46666666666667,2422.0,B465_ARC _C3_slice7-Ort.czi,old,gal,lower
44,16.0,146.375,2342.0,B465_ARC _C3_slice7-Ort.czi,old,gal,lower
45,20.0,138.65,2773.0,B465_ARC _C3_slice7-Ort.czi,old,gal,lower
46,74.0,152.95945945945945,11319.0,B465_ARC _C3_slice7-Ort.czi,old,gal,lower
47,18.0,176.27777777777777,3173.0,B465_ARC _C3_slice7-Ort.czi,old,gal,lower
48,67.0,141.38805970149255,9473.000000000002,B465_ARC _C3_slice7-Ort.czi,old,gal,lower
49,86.0,148.59302325581396,12779.0,B465_ARC _C3_slice7-Ort.czi,old,gal,lower
50,12.0,127.66666666666667,1532.0,B465_ARC _C3_slice7-Ort.czi,old,gal,lower
51,8.0,224.125,1793.0,B465_ARC _C3_slice7-Ort.czi,old,gal,lower
52,55.0,162.8,8954.0,B465_ARC _C3_slice7-Ort.czi,old,gal,lower
53,46.0,147.1304347826087,6768.0,B465_ARC _C3_slice7-Ort.czi,old,gal,lower
54,116.0,191.30172413793105,22191.0,B465_ARC _C3_slice7-Ort.czi,old,gal,lower
55,9.0,165.0,1485.0,B465_ARC _C3_slice7-Ort.czi,old,gal,lower
56,95.0,232.26315789473685,22065.0,B465_ARC _C3_slice7-Ort.czi,old,gal,lower
57,26.0,177.46153846153845,4614.0,B465_ARC _C3_slice7-Ort.czi,old,gal,lower
58,27.0,149.37037037037038,4033.0000000000005,B465_ARC _C3_slice7-Ort.czi,old,gal,lower
59,125.0,177.496,22187.0,B465_ARC _C3_slice7-Ort.czi,old,gal,lower
60,29.0,192.20689655172413,5574.0,B465_ARC _C3_slice7-Ort.czi,old,gal,lower
61,53.0,146.83018867924528,7782.0,B465_ARC _C3_slice7-Ort.czi,old,gal,lower
62,22.0,115.36363636363636,2538.0,B465_ARC _C3_slice7-Ort.czi,old,gal,lower
63,2.0,135.0,270.0,B465_ARC _C3_slice7-Ort.czi,old,gal,lower
64,22.0,151.72727272727272,3338.0,B465_ARC _C3_slice7-Ort.czi,old,gal,lower
65,70.0,183.8,12866.0,B465_ARC _C3_slice7-Ort.czi,old,gal,lower
66,8.0,143.875,1151.0,B465_ARC _C3_slice7-Ort.czi,old,gal,lower
67,27.0,126.25925925925925,3409.0,B465_ARC _C3_slice7-Ort.czi,old,gal,lower
68,55.0,174.21818181818182,9582.0,B465_ARC _C3_slice7-Ort.czi,old,gal,lower
69,73.0,215.02739726027397,15697.0,B465_ARC _C3_slice7-Ort.czi,old,gal,lower
70,2.0,101.5,203.0,B465_ARC _C3_slice7-Ort.czi,old,gal,lower
71,166.0,209.9879518072289,34858.0,B465_ARC _C3_slice7-Ort.czi,old,gal,lower
72,42.0,187.0,7854.0,B465_ARC _C3_slice7-Ort.czi,old,gal,lower
73,10.0,120.0,1200.0,B465_ARC _C3_slice7-Ort.czi,old,gal,lower
74,21.0,118.61904761904762,2491.0,B465_ARC _C3_slice7-Ort.czi,old,gal,lower
75,30.0,220.16666666666666,6605.0,B465_ARC _C3_slice7-Ort.czi,old,gal,lower
76,49.0,144.0612244897959,7058.999999999999,B465_ARC _C3_slice7-Ort.czi,old,gal,lower
77,63.0,179.52380952380952,11310.0,B465_ARC _C3_slice7-Ort.czi,old,gal,lower
78,62.0,181.7258064516129,11267.0,B465_ARC _C3_slice7-Ort.czi,old,gal,lower
79,84.0,206.03571428571428,17307.0,B465_ARC _C3_slice7-Ort.czi,old,gal,lower
80,7.0,107.85714285714286,755.0,B465_ARC _C3_slice7-Ort.czi,old,gal,lower
81,46.0,186.06521739130434,8559.0,B465_ARC _C3_slice7-Ort.czi,old,gal,lower
82,7.0,189.14285714285714,1324.0,B465_ARC _C3_slice7-Ort.czi,old,gal,lower
83,48.0,132.91666666666666,6380.0,B465_ARC _C3_slice7-Ort.czi,old,gal,lower
84,11.0,169.1818181818182,1861.0,B465_ARC _C3_slice7-Ort.czi,old,gal,lower
85,22.0,176.9090909090909,3892.0,B465_ARC _C3_slice7-Ort.czi,old,gal,lower
86,4.0,166.25,665.0,B465_ARC _C3_slice7-Ort.czi,old,gal,lower
87,15.0,153.73333333333332,2306.0,B465_ARC _C3_slice7-Ort.czi,old,gal,lower
88,4.0,173.5,694.0,B465_ARC _C3_slice7-Ort.czi,old,gal,lower
89,12.0,217.41666666666666,2609.0,B465_ARC _C3_slice7-Ort.czi,old,gal,lower
90,16.0,156.6875,2507.0,B465_ARC _C3_slice7-Ort.czi,old,gal,lower
91,9.0,105.66666666666667,951.0,B465_ARC _C3_slice7-Ort.czi,old,gal,lower
92,32.0,208.96875,6687.0,B465_ARC _C3_slice7-Ort.czi,old,gal,lower
93,26.0,152.57692307692307,3966.9999999999995,B465_ARC _C3_slice7-Ort.czi,old,gal,lower
94,56.0,145.66071428571428,8157.0,B465_ARC _C3_slice7-Ort.czi,old,gal,lower
95,17.0,139.0,2363.0,B465_ARC _C3_slice7-Ort.czi,old,gal,lower
96,4.0,164.25,657.0,B465_ARC _C3_slice7-Ort.czi,old,gal,lower
97,59.0,147.61016949152543,8709.0,B465_ARC _C3_slice7-Ort.czi,old,gal,lower
98,11.0,150.8181818181818,1659.0,B465_ARC _C3_slice7-Ort.czi,old,gal,lower
99,12.0,138.25,1659.0,B465_ARC _C3_slice7-Ort.czi,old,gal,lower
100,16.0,112.25,1796.0,B465_ARC _C3_slice7-Ort.czi,old,gal,lower
101,42.0,174.42857142857142,7325.999999999999,B465_ARC _C3_slice7-Ort.czi,old,gal,lower
1,10.0,149.2,1492.0,B489_ARC_xxx_slice5-Ort.czi,old,gal,lower
2,15.0,160.0,2400.0,B489_ARC_xxx_slice5-Ort.czi,old,gal,lower
3,23.0,174.8695652173913,4022.0,B489_ARC_xxx_slice5-Ort.czi,old,gal,lower
4,14.0,157.85714285714286,2210.0,B489_ARC_xxx_slice5-Ort.czi,old,gal,lower
5,40.0,202.525,8101.0,B489_ARC_xxx_slice5-Ort.czi,old,gal,lower
6,6.0,172.5,1035.0,B489_ARC_xxx_slice5-Ort.czi,old,gal,lower
7,117.0,199.48717948717947,23340.0,B489_ARC_xxx_slice5-Ort.czi,old,gal,lower
8,8.0,232.75,1862.0,B489_ARC_xxx_slice5-Ort.czi,old,gal,lower
9,93.0,225.3548387096774,20958.0,B489_ARC_xxx_slice5-Ort.czi,old,gal,lower
10,19.0,169.94736842105263,3229.0,B489_ARC_xxx_slice5-Ort.czi,old,gal,lower
11,95.0,246.9578947368421,23461.0,B489_ARC_xxx_slice5-Ort.czi,old,gal,lower
12,101.0,227.8019801980198,23008.0,B489_ARC_xxx_slice5-Ort.czi,old,gal,lower
13,106.0,220.20754716981133,23342.0,B489_ARC_xxx_slice5-Ort.czi,old,gal,lower
14,1.0,86.0,86.0,B489_ARC_xxx_slice5-Ort.czi,old,gal,lower
15,108.0,229.36111111111111,24771.0,B489_ARC_xxx_slice5-Ort.czi,old,gal,lower
16,59.0,215.79661016949152,12732.0,B489_ARC_xxx_slice5-Ort.czi,old,gal,lower
17,62.0,192.4516129032258,11932.0,B489_ARC_xxx_slice5-Ort.czi,old,gal,lower
18,95.0,200.44210526315788,19042.0,B489_ARC_xxx_slice5-Ort.czi,old,gal,lower
19,199.0,239.74371859296483,47709.0,B489_ARC_xxx_slice5-Ort.czi,old,gal,lower
20,1.0,166.0,166.0,B489_ARC_xxx_slice5-Ort.czi,old,gal,lower
21,11.0,195.45454545454547,2150.0,B489_ARC_xxx_slice5-Ort.czi,old,gal,lower
22,64.0,199.640625,12777.0,B489_ARC_xxx_slice5-Ort.czi,old,gal,lower
23,2.0,255.0,510.0,B489_ARC_xxx_slice5-Ort.czi,old,gal,lower
24,153.0,236.24183006535947,36145.0,B489_ARC_xxx_slice5-Ort.czi,old,gal,lower
25,1.0,143.0,143.0,B489_ARC_xxx_slice5-Ort.czi,old,gal,lower
26,6.0,208.0,1248.0,B489_ARC_xxx_slice5-Ort.czi,old,gal,lower
27,57.0,220.42105263157896,12564.0,B489_ARC_xxx_slice5-Ort.czi,old,gal,lower
28,72.0,228.70833333333334,16467.0,B489_ARC_xxx_slice5-Ort.czi,old,gal,lower
29,87.0,228.09195402298852,19844.0,B489_ARC_xxx_slice5-Ort.czi,old,gal,lower
30,17.0,219.11764705882354,3725.0,B489_ARC_xxx_slice5-Ort.czi,old,gal,lower
31,30.0,221.66666666666666,6650.0,B489_ARC_xxx_slice5-Ort.czi,old,gal,lower
32,233.0,240.17596566523605,55961.0,B489_ARC_xxx_slice5-Ort.czi,old,gal,lower
33,100.0,230.83,23083.0,B489_ARC_xxx_slice5-Ort.czi,old,gal,lower
34,23.0,161.7391304347826,3719.9999999999995,B489_ARC_xxx_slice5-Ort.czi,old,gal,lower
35,49.0,180.89795918367346,8864.0,B489_ARC_xxx_slice5-Ort.czi,old,gal,lower
36,91.0,239.67032967032966,21810.0,B489_ARC_xxx_slice5-Ort.czi,old,gal,lower
37,145.0,234.60689655172413,34018.0,B489_ARC_xxx_slice5-Ort.czi,old,gal,lower
38,109.0,234.22935779816513,25531.0,B489_ARC_xxx_slice5-Ort.czi,old,gal,lower
39,176.0,239.0056818181818,42065.0,B489_ARC_xxx_slice5-Ort.czi,old,gal,lower
40,75.0,231.09333333333333,17332.0,B489_ARC_xxx_slice5-Ort.czi,old,gal,lower
41,3.0,169.0,507.0,B489_ARC_xxx_slice5-Ort.czi,old,gal,lower
42,65.0,219.30769230769232,14255.0,B489_ARC_xxx_slice5-Ort.czi,old,gal,lower
43,28.0,205.17857142857142,5745.0,B489_ARC_xxx_slice5-Ort.czi,old,gal,lower
44,89.0,195.61797752808988,17410.0,B489_ARC_xxx_slice5-Ort.czi,old,gal,lower
45,165.0,243.47272727272727,40173.0,B489_ARC_xxx_slice5-Ort.czi,old,gal,lower
46,109.0,242.4862385321101,26431.0,B489_ARC_xxx_slice5-Ort.czi,old,gal,lower
47,33.0,189.06060606060606,6239.0,B489_ARC_xxx_slice5-Ort.czi,old,gal,lower
48,31.0,193.93548387096774,6012.0,B489_ARC_xxx_slice5-Ort.czi,old,gal,lower
49,50.0,201.78,10089.0,B489_ARC_xxx_slice5-Ort.czi,old,gal,lower
50,109.0,233.61467889908258,25464.0,B489_ARC_xxx_slice5-Ort.czi,old,gal,lower
51,39.0,212.84615384615384,8301.0,B489_ARC_xxx_slice5-Ort.czi,old,gal,lower
52,11.0,189.36363636363637,2083.0,B489_ARC_xxx_slice5-Ort.czi,old,gal,lower
53,24.0,147.875,3549.0,B489_ARC_xxx_slice5-Ort.czi,old,gal,lower
54,23.0,216.34782608695653,4976.0,B489_ARC_xxx_slice5-Ort.czi,old,gal,lower
55,32.0,201.96875,6463.0,B489_ARC_xxx_slice5-Ort.czi,old,gal,lower
56,116.0,234.9655172413793,27256.0,B489_ARC_xxx_slice5-Ort.czi,old,gal,lower
57,60.0,234.28333333333333,14057.0,B489_ARC_xxx_slice5-Ort.czi,old,gal,lower
58,25.0,206.88,5172.0,B489_ARC_xxx_slice5-Ort.czi,old,gal,lower
59,10.0,225.5,2255.0,B489_ARC_xxx_slice5-Ort.czi,old,gal,lower
60,181.0,233.37016574585635,42240.0,B489_ARC_xxx_slice5-Ort.czi,old,gal,lower
61,5.0,237.0,1185.0,B489_ARC_xxx_slice5-Ort.czi,old,gal,lower
62,118.0,229.95762711864407,27135.0,B489_ARC_xxx_slice5-Ort.czi,old,gal,lower
63,5.0,137.4,687.0,B489_ARC_xxx_slice5-Ort.czi,old,gal,lower
64,2.0,87.0,174.0,B489_ARC_xxx_slice5-Ort.czi,old,gal,lower
65,37.0,206.86486486486487,7654.0,B489_ARC_xxx_slice5-Ort.czi,old,gal,lower
66,129.0,238.3953488372093,30753.0,B489_ARC_xxx_slice5-Ort.czi,old,gal,lower
67,13.0,169.76923076923077,2207.0,B489_ARC_xxx_slice5-Ort.czi,old,gal,lower
68,150.0,232.10666666666665,34816.0,B489_ARC_xxx_slice5-Ort.czi,old,gal,lower
69,91.0,236.13186813186815,21488.0,B489_ARC_xxx_slice5-Ort.czi,old,gal,lower
70,1.0,146.0,146.0,B489_ARC_xxx_slice5-Ort.czi,old,gal,lower
71,15.0,214.86666666666667,3223.0,B489_ARC_xxx_slice5-Ort.czi,old,gal,lower
72,31.0,205.16129032258064,6360.0,B489_ARC_xxx_slice5-Ort.czi,old,gal,lower
73,76.0,213.51315789473685,16227.0,B489_ARC_xxx_slice5-Ort.czi,old,gal,lower
74,16.0,229.9375,3679.0,B489_ARC_xxx_slice5-Ort.czi,old,gal,lower
75,23.0,187.3913043478261,4310.0,B489_ARC_xxx_slice5-Ort.czi,old,gal,lower
76,53.0,223.81132075471697,11862.0,B489_ARC_xxx_slice5-Ort.czi,old,gal,lower
77,124.0,197.24193548387098,24458.0,B489_ARC_xxx_slice5-Ort.czi,old,gal,lower
78,101.0,244.95049504950495,24740.0,B489_ARC_xxx_slice5-Ort.czi,old,gal,lower
79,95.0,231.34736842105264,21978.0,B489_ARC_xxx_slice5-Ort.czi,old,gal,lower
80,245.0,233.75102040816327,57269.0,B489_ARC_xxx_slice5-Ort.czi,old,gal,lower
81,77.0,237.8181818181818,18312.0,B489_ARC_xxx_slice5-Ort.czi,old,gal,lower
82,142.0,227.3943661971831,32290.0,B489_ARC_xxx_slice5-Ort.czi,old,gal,lower
83,22.0,215.04545454545453,4731.0,B489_ARC_xxx_slice5-Ort.czi,old,gal,lower
84,19.0,160.31578947368422,3046.0,B489_ARC_xxx_slice5-Ort.czi,old,gal,lower
85,386.0,211.2642487046632,81548.0,B489_ARC_xxx_slice5-Ort.czi,old,gal,lower
86,22.0,220.9090909090909,4860.0,B489_ARC_xxx_slice5-Ort.czi,old,gal,lower
87,102.0,232.05882352941177,23670.0,B489_ARC_xxx_slice5-Ort.czi,old,gal,lower
88,70.0,216.25714285714287,15138.0,B489_ARC_xxx_slice5-Ort.czi,old,gal,lower
89,35.0,228.57142857142858,8000.0,B489_ARC_xxx_slice5-Ort.czi,old,gal,lower
90,73.0,208.0,15184.0,B489_ARC_xxx_slice5-Ort.czi,old,gal,lower
91,63.0,225.79365079365078,14225.0,B489_ARC_xxx_slice5-Ort.czi,old,gal,lower
92,24.0,182.95833333333334,4391.0,B489_ARC_xxx_slice5-Ort.czi,old,gal,lower
93,89.0,197.35955056179776,17565.0,B489_ARC_xxx_slice5-Ort.czi,old,gal,lower
94,109.0,244.90825688073394,26695.0,B489_ARC_xxx_slice5-Ort.czi,old,gal,lower
95,107.0,224.18691588785046,23988.0,B489_ARC_xxx_slice5-Ort.czi,old,gal,lower
96,287.0,225.81184668989548,64808.0,B489_ARC_xxx_slice5-Ort.czi,old,gal,lower
97,101.0,233.46534653465346,23580.0,B489_ARC_xxx_slice5-Ort.czi,old,gal,lower
98,37.0,189.59459459459458,7015.0,B489_ARC_xxx_slice5-Ort.czi,old,gal,lower
99,96.0,219.42708333333334,21065.0,B489_ARC_xxx_slice5-Ort.czi,old,gal,lower
100,16.0,182.0625,2913.0,B489_ARC_xxx_slice5-Ort.czi,old,gal,lower
101,55.0,166.63636363636363,9165.0,B489_ARC_xxx_slice5-Ort.czi,old,gal,lower
102,147.0,237.08843537414967,34852.0,B489_ARC_xxx_slice5-Ort.czi,old,gal,lower
103,8.0,239.0,1912.0,B489_ARC_xxx_slice5-Ort.czi,old,gal,lower
104,20.0,212.8,4256.0,B489_ARC_xxx_slice5-Ort.czi,old,gal,lower
105,41.0,200.09756097560975,8204.0,B489_ARC_xxx_slice5-Ort.czi,old,gal,lower
106,72.0,182.52777777777777,13142.0,B489_ARC_xxx_slice5-Ort.czi,old,gal,lower
107,25.0,168.76,4219.0,B489_ARC_xxx_slice5-Ort.czi,old,gal,lower
108,68.0,221.4558823529412,15059.0,B489_ARC_xxx_slice5-Ort.czi,old,gal,lower
109,153.0,222.6078431372549,34059.0,B489_ARC_xxx_slice5-Ort.czi,old,gal,lower
110,99.0,240.24242424242425,23784.0,B489_ARC_xxx_slice5-Ort.czi,old,gal,lower
111,46.0,230.06521739130434,10583.0,B489_ARC_xxx_slice5-Ort.czi,old,gal,lower
112,41.0,232.6829268292683,9540.0,B489_ARC_xxx_slice5-Ort.czi,old,gal,lower
113,64.0,234.984375,15039.0,B489_ARC_xxx_slice5-Ort.czi,old,gal,lower
114,9.0,198.11111111111111,1783.0,B489_ARC_xxx_slice5-Ort.czi,old,gal,lower
115,98.0,243.68367346938774,23881.0,B489_ARC_xxx_slice5-Ort.czi,old,gal,lower
116,123.0,203.260162601626,25001.0,B489_ARC_xxx_slice5-Ort.czi,old,gal,lower
117,326.0,231.43558282208588,75448.0,B489_ARC_xxx_slice5-Ort.czi,old,gal,lower
118,90.0,227.15555555555557,20444.0,B489_ARC_xxx_slice5-Ort.czi,old,gal,lower
119,115.0,235.09565217391304,27036.0,B489_ARC_xxx_slice5-Ort.czi,old,gal,lower
120,5.0,139.4,697.0,B489_ARC_xxx_slice5-Ort.czi,old,gal,lower
121,3.0,172.33333333333334,517.0,B489_ARC_xxx_slice5-Ort.czi,old,gal,lower
122,7.0,226.85714285714286,1588.0,B489_ARC_xxx_slice5-Ort.czi,old,gal,lower
1,127.0,187.60629921259843,23826.0,F656_ARC _B3_slice5-Ort.czi,old,gal,lower
2,30.0,212.4,6372.0,F656_ARC _B3_slice5-Ort.czi,old,gal,lower
3,54.0,167.0185185185185,9019.0,F656_ARC _B3_slice5-Ort.czi,old,gal,lower
4,59.0,181.74576271186442,10723.0,F656_ARC _B3_slice5-Ort.czi,old,gal,lower
5,91.0,203.82417582417582,18548.0,F656_ARC _B3_slice5-Ort.czi,old,gal,lower
6,80.0,164.625,13170.0,F656_ARC _B3_slice5-Ort.czi,old,gal,lower
7,113.0,228.27433628318585,25795.0,F656_ARC _B3_slice5-Ort.czi,old,gal,lower
8,2.0,91.5,183.0,F656_ARC _B3_slice5-Ort.czi,old,gal,lower
9,16.0,155.4375,2487.0,F656_ARC _B3_slice5-Ort.czi,old,gal,lower
10,22.0,144.77272727272728,3185.0,F656_ARC _B3_slice5-Ort.czi,old,gal,lower
11,9.0,201.22222222222223,1811.0,F656_ARC _B3_slice5-Ort.czi,old,gal,lower
12,31.0,124.03225806451613,3845.0,F656_ARC _B3_slice5-Ort.czi,old,gal,lower
13,65.0,160.06153846153848,10404.0,F656_ARC _B3_slice5-Ort.czi,old,gal,lower
14,53.0,152.50943396226415,8083.0,F656_ARC _B3_slice5-Ort.czi,old,gal,lower
15,167.0,223.95808383233532,37401.0,F656_ARC _B3_slice5-Ort.czi,old,gal,lower
16,16.0,138.6875,2219.0,F656_ARC _B3_slice5-Ort.czi,old,gal,lower
17,68.0,195.38235294117646,13286.0,F656_ARC _B3_slice5-Ort.czi,old,gal,lower
18,11.0,195.0,2145.0,F656_ARC _B3_slice5-Ort.czi,old,gal,lower
19,4.0,112.25,449.0,F656_ARC _B3_slice5-Ort.czi,old,gal,lower
20,51.0,168.33333333333334,8585.0,F656_ARC _B3_slice5-Ort.czi,old,gal,lower
21,26.0,174.57692307692307,4539.0,F656_ARC _B3_slice5-Ort.czi,old,gal,lower
22,44.0,217.04545454545453,9550.0,F656_ARC _B3_slice5-Ort.czi,old,gal,lower
23,125.0,184.16,23020.0,F656_ARC _B3_slice5-Ort.czi,old,gal,lower
24,21.0,108.57142857142857,2280.0,F656_ARC _B3_slice5-Ort.czi,old,gal,lower
25,126.0,193.93650793650792,24436.0,F656_ARC _B3_slice5-Ort.czi,old,gal,lower
26,93.0,190.69892473118279,17735.0,F656_ARC _B3_slice5-Ort.czi,old,gal,lower
27,54.0,147.2037037037037,7949.0,F656_ARC _B3_slice5-Ort.czi,old,gal,lower
28,26.0,166.1153846153846,4319.0,F656_ARC _B3_slice5-Ort.czi,old,gal,lower
29,22.0,103.0,2266.0,F656_ARC _B3_slice5-Ort.czi,old,gal,lower
30,21.0,194.61904761904762,4087.0,F656_ARC _B3_slice5-Ort.czi,old,gal,lower
31,75.0,187.62666666666667,14072.0,F656_ARC _B3_slice5-Ort.czi,old,gal,lower
32,9.0,130.88888888888889,1178.0,F656_ARC _B3_slice5-Ort.czi,old,gal,lower
33,7.0,139.85714285714286,979.0,F656_ARC _B3_slice5-Ort.czi,old,gal,lower
34,4.0,143.5,574.0,F656_ARC _B3_slice5-Ort.czi,old,gal,lower
35,21.0,186.42857142857142,3914.9999999999995,F656_ARC _B3_slice5-Ort.czi,old,gal,lower
36,28.0,150.82142857142858,4223.0,F656_ARC _B3_slice5-Ort.czi,old,gal,lower
37,5.0,119.4,597.0,F656_ARC _B3_slice5-Ort.czi,old,gal,lower
38,57.0,174.47368421052633,9945.0,F656_ARC _B3_slice5-Ort.czi,old,gal,lower
39,38.0,141.1578947368421,5364.0,F656_ARC _B3_slice5-Ort.czi,old,gal,lower
40,79.0,225.78481012658227,17837.0,F656_ARC _B3_slice5-Ort.czi,old,gal,lower
41,25.0,190.56,4764.0,F656_ARC _B3_slice5-Ort.czi,old,gal,lower
42,9.0,108.66666666666667,978.0,F656_ARC _B3_slice5-Ort.czi,old,gal,lower
43,39.0,122.48717948717949,4777.0,F656_ARC _B3_slice5-Ort.czi,old,gal,lower
44,64.0,121.34375,7766.0,F656_ARC _B3_slice5-Ort.czi,old,gal,lower
45,16.0,136.3125,2181.0,F656_ARC _B3_slice5-Ort.czi,old,gal,lower
46,5.0,190.6,953.0,F656_ARC _B3_slice5-Ort.czi,old,gal,lower
47,37.0,187.75675675675674,6946.999999999999,F656_ARC _B3_slice5-Ort.czi,old,gal,lower
48,15.0,197.6,2964.0,F656_ARC _B3_slice5-Ort.czi,old,gal,lower
49,34.0,178.61764705882354,6073.0,F656_ARC _B3_slice5-Ort.czi,old,gal,lower
50,6.0,149.66666666666666,898.0,F656_ARC _B3_slice5-Ort.czi,old,gal,lower
51,156.0,219.41666666666666,34229.0,F656_ARC _B3_slice5-Ort.czi,old,gal,lower
52,6.0,114.83333333333333,689.0,F656_ARC _B3_slice5-Ort.czi,old,gal,lower
53,59.0,176.20338983050848,10396.0,F656_ARC _B3_slice5-Ort.czi,old,gal,lower
54,124.0,226.50806451612902,28087.0,F656_ARC _B3_slice5-Ort.czi,old,gal,lower
55,61.0,177.13114754098362,10805.0,F656_ARC _B3_slice5-Ort.czi,old,gal,lower
56,1.0,101.0,101.0,F656_ARC _B3_slice5-Ort.czi,old,gal,lower
57,46.0,151.47826086956522,6968.0,F656_ARC _B3_slice5-Ort.czi,old,gal,lower
58,55.0,199.0,10945.0,F656_ARC _B3_slice5-Ort.czi,old,gal,lower
59,44.0,158.11363636363637,6957.0,F656_ARC _B3_slice5-Ort.czi,old,gal,lower
60,92.0,158.25,14559.0,F656_ARC _B3_slice5-Ort.czi,old,gal,lower
61,2.0,144.0,288.0,F656_ARC _B3_slice5-Ort.czi,old,gal,lower
62,13.0,114.76923076923077,1492.0,F656_ARC _B3_slice5-Ort.czi,old,gal,lower
63,80.0,144.9375,11595.0,F656_ARC _B3_slice5-Ort.czi,old,gal,lower
64,100.0,164.43,16443.0,F656_ARC _B3_slice5-Ort.czi,old,gal,lower
65,178.0,172.73595505617976,30746.999999999996,F656_ARC _B3_slice5-Ort.czi,old,gal,lower
66,40.0,192.3,7692.0,F656_ARC _B3_slice5-Ort.czi,old,gal,lower
67,74.0,206.3783783783784,15272.0,F656_ARC _B3_slice5-Ort.czi,old,gal,lower
68,12.0,122.41666666666667,1469.0,F656_ARC _B3_slice5-Ort.czi,old,gal,lower
69,50.0,179.56,8978.0,F656_ARC _B3_slice5-Ort.czi,old,gal,lower
70,79.0,201.1139240506329,15888.0,F656_ARC _B3_slice5-Ort.czi,old,gal,lower
71,13.0,137.3846153846154,1786.0,F656_ARC _B3_slice5-Ort.czi,old,gal,lower
72,13.0,195.76923076923077,2545.0,F656_ARC _B3_slice5-Ort.czi,old,gal,lower
73,99.0,188.27272727272728,18639.0,F656_ARC _B3_slice5-Ort.czi,old,gal,lower
74,48.0,172.72916666666666,8291.0,F656_ARC _B3_slice5-Ort.czi,old,gal,lower
75,31.0,186.51612903225808,5782.0,F656_ARC _B3_slice5-Ort.czi,old,gal,lower
76,59.0,120.98305084745763,7138.0,F656_ARC _B3_slice5-Ort.czi,old,gal,lower
77,19.0,176.31578947368422,3350.0,F656_ARC _B3_slice5-Ort.czi,old,gal,lower
78,2.0,108.0,216.0,F656_ARC _B3_slice5-Ort.czi,old,gal,lower
79,37.0,169.35135135135135,6266.0,F656_ARC _B3_slice5-Ort.czi,old,gal,lower
80,63.0,158.84126984126985,10007.0,F656_ARC _B3_slice5-Ort.czi,old,gal,lower
81,9.0,144.55555555555554,1301.0,F656_ARC _B3_slice5-Ort.czi,old,gal,lower
1,23.0,172.7391304347826,3972.9999999999995,B465_ARC _C3_slice5-Ort.czi,old,gal,lower
2,94.0,201.90425531914894,18979.0,B465_ARC _C3_slice5-Ort.czi,old,gal,lower
3,4.0,177.0,708.0,B465_ARC _C3_slice5-Ort.czi,old,gal,lower
4,17.0,163.76470588235293,2784.0,B465_ARC _C3_slice5-Ort.czi,old,gal,lower
5,53.0,194.64150943396226,10316.0,B465_ARC _C3_slice5-Ort.czi,old,gal,lower
6,5.0,173.8,869.0,B465_ARC _C3_slice5-Ort.czi,old,gal,lower
7,7.0,127.28571428571429,891.0,B465_ARC _C3_slice5-Ort.czi,old,gal,lower
8,58.0,158.08620689655172,9169.0,B465_ARC _C3_slice5-Ort.czi,old,gal,lower
9,3.0,129.66666666666666,389.0,B465_ARC _C3_slice5-Ort.czi,old,gal,lower
10,20.0,130.25,2605.0,B465_ARC _C3_slice5-Ort.czi,old,gal,lower
11,32.0,186.21875,5959.0,B465_ARC _C3_slice5-Ort.czi,old,gal,lower
12,2.0,124.0,248.0,B465_ARC _C3_slice5-Ort.czi,old,gal,lower
13,92.0,225.05434782608697,20705.0,B465_ARC _C3_slice5-Ort.czi,old,gal,lower
14,21.0,139.04761904761904,2920.0,B465_ARC _C3_slice5-Ort.czi,old,gal,lower
15,46.0,213.82608695652175,9836.0,B465_ARC _C3_slice5-Ort.czi,old,gal,lower
16,3.0,160.0,480.0,B465_ARC _C3_slice5-Ort.czi,old,gal,lower
17,20.0,119.7,2394.0,B465_ARC _C3_slice5-Ort.czi,old,gal,lower
18,63.0,162.36507936507937,10229.0,B465_ARC _C3_slice5-Ort.czi,old,gal,lower
19,10.0,142.9,1429.0,B465_ARC _C3_slice5-Ort.czi,old,gal,lower
20,3.0,126.66666666666667,380.0,B465_ARC _C3_slice5-Ort.czi,old,gal,lower
21,9.0,113.55555555555556,1022.0,B465_ARC _C3_slice5-Ort.czi,old,gal,lower
22,34.0,200.7941176470588,6827.0,B465_ARC _C3_slice5-Ort.czi,old,gal,lower
23,39.0,165.53846153846155,6456.0,B465_ARC _C3_slice5-Ort.czi,old,gal,lower
24,22.0,155.0909090909091,3412.0,B465_ARC _C3_slice5-Ort.czi,old,gal,lower
25,5.0,115.4,577.0,B465_ARC _C3_slice5-Ort.czi,old,gal,lower
26,15.0,173.73333333333332,2606.0,B465_ARC _C3_slice5-Ort.czi,old,gal,lower
27,109.0,194.1559633027523,21163.0,B465_ARC _C3_slice5-Ort.czi,old,gal,lower
28,46.0,144.2608695652174,6636.000000000001,B465_ARC _C3_slice5-Ort.czi,old,gal,lower
29,28.0,184.46428571428572,5165.0,B465_ARC _C3_slice5-Ort.czi,old,gal,lower
30,15.0,181.93333333333334,2729.0,B465_ARC _C3_slice5-Ort.czi,old,gal,lower
31,12.0,205.66666666666666,2468.0,B465_ARC _C3_slice5-Ort.czi,old,gal,lower
32,47.0,206.38297872340425,9700.0,B465_ARC _C3_slice5-Ort.czi,old,gal,lower
33,3.0,152.33333333333334,457.0,B465_ARC _C3_slice5-Ort.czi,old,gal,lower
34,13.0,133.6153846153846,1737.0,B465_ARC _C3_slice5-Ort.czi,old,gal,lower
35,13.0,115.38461538461539,1500.0,B465_ARC _C3_slice5-Ort.czi,old,gal,lower
36,1.0,172.0,172.0,B465_ARC _C3_slice5-Ort.czi,old,gal,lower
37,109.0,238.80733944954127,26030.0,B465_ARC _C3_slice5-Ort.czi,old,gal,lower
38,1.0,133.0,133.0,B465_ARC _C3_slice5-Ort.czi,old,gal,lower
39,4.0,143.0,572.0,B465_ARC _C3_slice5-Ort.czi,old,gal,lower
40,8.0,153.25,1226.0,B465_ARC _C3_slice5-Ort.czi,old,gal,lower
41,104.0,174.67307692307693,18166.0,B465_ARC _C3_slice5-Ort.czi,old,gal,lower
42,132.0,225.20454545454547,29727.0,B465_ARC _C3_slice5-Ort.czi,old,gal,lower
43,1.0,78.0,78.0,B465_ARC _C3_slice5-Ort.czi,old,gal,lower
44,50.0,166.78,8339.0,B465_ARC _C3_slice5-Ort.czi,old,gal,lower
45,76.0,225.35526315789474,17127.0,B465_ARC _C3_slice5-Ort.czi,old,gal,lower
46,1.0,180.0,180.0,B465_ARC _C3_slice5-Ort.czi,old,gal,lower
47,24.0,146.58333333333334,3518.0,B465_ARC _C3_slice5-Ort.czi,old,gal,lower
48,17.0,138.0,2346.0,B465_ARC _C3_slice5-Ort.czi,old,gal,lower
49,106.0,199.83018867924528,21182.0,B465_ARC _C3_slice5-Ort.czi,old,gal,lower
50,145.0,215.8206896551724,31294.0,B465_ARC _C3_slice5-Ort.czi,old,gal,lower
51,72.0,191.30555555555554,13774.0,B465_ARC _C3_slice5-Ort.czi,old,gal,lower
52,184.0,215.7445652173913,39697.0,B465_ARC _C3_slice5-Ort.czi,old,gal,lower
53,85.0,199.57647058823528,16964.0,B465_ARC _C3_slice5-Ort.czi,old,gal,lower
54,16.0,133.0625,2129.0,B465_ARC _C3_slice5-Ort.czi,old,gal,lower
55,7.0,206.14285714285714,1443.0,B465_ARC _C3_slice5-Ort.czi,old,gal,lower
56,9.0,116.0,1044.0,B465_ARC _C3_slice5-Ort.czi,old,gal,lower
57,1.0,95.0,95.0,B465_ARC _C3_slice5-Ort.czi,old,gal,lower
58,38.0,164.52631578947367,6251.999999999999,B465_ARC _C3_slice5-Ort.czi,old,gal,lower
59,40.0,214.175,8567.0,B465_ARC _C3_slice5-Ort.czi,old,gal,lower
60,4.0,134.0,536.0,B465_ARC _C3_slice5-Ort.czi,old,gal,lower
61,35.0,187.54285714285714,6564.0,B465_ARC _C3_slice5-Ort.czi,old,gal,lower
62,3.0,100.66666666666667,302.0,B465_ARC _C3_slice5-Ort.czi,old,gal,lower
63,34.0,151.91176470588235,5165.0,B465_ARC _C3_slice5-Ort.czi,old,gal,lower
64,29.0,184.68965517241378,5356.0,B465_ARC _C3_slice5-Ort.czi,old,gal,lower
65,15.0,131.13333333333333,1967.0,B465_ARC _C3_slice5-Ort.czi,old,gal,lower
66,64.0,224.171875,14347.0,B465_ARC _C3_slice5-Ort.czi,old,gal,lower
67,22.0,151.1818181818182,3326.0,B465_ARC _C3_slice5-Ort.czi,old,gal,lower
68,8.0,205.25,1642.0,B465_ARC _C3_slice5-Ort.czi,old,gal,lower
69,93.0,180.38709677419354,16776.0,B465_ARC _C3_slice5-Ort.czi,old,gal,lower
70,213.0,230.9906103286385,49201.0,B465_ARC _C3_slice5-Ort.czi,old,gal,lower
71,1.0,141.0,141.0,B465_ARC _C3_slice5-Ort.czi,old,gal,lower
72,129.0,234.1782945736434,30209.0,B465_ARC _C3_slice5-Ort.czi,old,gal,lower
73,24.0,124.29166666666667,2983.0,B465_ARC _C3_slice5-Ort.czi,old,gal,lower
74,77.0,206.2207792207792,15878.999999999998,B465_ARC _C3_slice5-Ort.czi,old,gal,lower
75,24.0,150.625,3615.0,B465_ARC _C3_slice5-Ort.czi,old,gal,lower
76,8.0,118.75,950.0,B465_ARC _C3_slice5-Ort.czi,old,gal,lower
77,29.0,145.51724137931035,4220.0,B465_ARC _C3_slice5-Ort.czi,old,gal,lower
78,14.0,140.5,1967.0,B465_ARC _C3_slice5-Ort.czi,old,gal,lower
79,20.0,156.5,3130.0,B465_ARC _C3_slice5-Ort.czi,old,gal,lower
80,116.0,165.66379310344828,19217.0,B465_ARC _C3_slice5-Ort.czi,old,gal,lower
81,4.0,107.75,431.0,B465_ARC _C3_slice5-Ort.czi,old,gal,lower
82,14.0,193.57142857142858,2710.0,B465_ARC _C3_slice5-Ort.czi,old,gal,lower
83,108.0,171.15740740740742,18485.0,B465_ARC _C3_slice5-Ort.czi,old,gal,lower
84,15.0,189.26666666666668,2839.0,B465_ARC _C3_slice5-Ort.czi,old,gal,lower
85,59.0,194.5084745762712,11476.0,B465_ARC _C3_slice5-Ort.czi,old,gal,lower
86,21.0,160.61904761904762,3373.0,B465_ARC _C3_slice5-Ort.czi,old,gal,lower
87,1.0,143.0,143.0,B465_ARC _C3_slice5-Ort.czi,old,gal,lower
88,24.0,139.70833333333334,3353.0,B465_ARC _C3_slice5-Ort.czi,old,gal,lower
89,2.0,172.0,344.0,B465_ARC _C3_slice5-Ort.czi,old,gal,lower
90,52.0,209.42307692307693,10890.0,B465_ARC _C3_slice5-Ort.czi,old,gal,lower
91,88.0,225.32954545454547,19829.0,B465_ARC _C3_slice5-Ort.czi,old,gal,lower
92,36.0,201.80555555555554,7265.0,B465_ARC _C3_slice5-Ort.czi,old,gal,lower
93,8.0,127.0,1016.0,B465_ARC _C3_slice5-Ort.czi,old,gal,lower
94,29.0,159.82758620689654,4635.0,B465_ARC _C3_slice5-Ort.czi,old,gal,lower
95,10.0,172.9,1729.0,B465_ARC _C3_slice5-Ort.czi,old,gal,lower
96,49.0,154.18367346938774,7554.999999999999,B465_ARC _C3_slice5-Ort.czi,old,gal,lower
97,55.0,204.78181818181818,11263.0,B465_ARC _C3_slice5-Ort.czi,old,gal,lower
1,132.0,237.45454545454547,31344.0,B489_ARC_xxx_slice7-Ort.czi,old,gal,lower
2,70.0,234.42857142857142,16410.0,B489_ARC_xxx_slice7-Ort.czi,old,gal,lower
3,104.0,181.9903846153846,18927.0,B489_ARC_xxx_slice7-Ort.czi,old,gal,lower
4,23.0,197.95652173913044,4553.0,B489_ARC_xxx_slice7-Ort.czi,old,gal,lower
5,48.0,209.58333333333334,10060.0,B489_ARC_xxx_slice7-Ort.czi,old,gal,lower
6,236.0,239.53813559322035,56531.0,B489_ARC_xxx_slice7-Ort.czi,old,gal,lower
7,88.0,229.20454545454547,20170.0,B489_ARC_xxx_slice7-Ort.czi,old,gal,lower
8,104.0,234.41346153846155,24379.0,B489_ARC_xxx_slice7-Ort.czi,old,gal,lower
9,80.0,222.175,17774.0,B489_ARC_xxx_slice7-Ort.czi,old,gal,lower
10,4.0,178.75,715.0,B489_ARC_xxx_slice7-Ort.czi,old,gal,lower
11,22.0,140.1818181818182,3084.0,B489_ARC_xxx_slice7-Ort.czi,old,gal,lower
12,88.0,214.0681818181818,18838.0,B489_ARC_xxx_slice7-Ort.czi,old,gal,lower
13,9.0,137.33333333333334,1236.0,B489_ARC_xxx_slice7-Ort.czi,old,gal,lower
14,10.0,230.8,2308.0,B489_ARC_xxx_slice7-Ort.czi,old,gal,lower
15,57.0,197.24561403508773,11243.0,B489_ARC_xxx_slice7-Ort.czi,old,gal,lower
16,56.0,186.69642857142858,10455.0,B489_ARC_xxx_slice7-Ort.czi,old,gal,lower
17,1.0,237.0,237.0,B489_ARC_xxx_slice7-Ort.czi,old,gal,lower
18,24.0,163.08333333333334,3914.0,B489_ARC_xxx_slice7-Ort.czi,old,gal,lower
19,34.0,228.2058823529412,7759.0,B489_ARC_xxx_slice7-Ort.czi,old,gal,lower
20,63.0,220.5873015873016,13897.0,B489_ARC_xxx_slice7-Ort.czi,old,gal,lower
21,13.0,191.69230769230768,2492.0,B489_ARC_xxx_slice7-Ort.czi,old,gal,lower
22,46.0,198.97826086956522,9153.0,B489_ARC_xxx_slice7-Ort.czi,old,gal,lower
23,77.0,206.1038961038961,15869.999999999998,B489_ARC_xxx_slice7-Ort.czi,old,gal,lower
24,129.0,234.75193798449612,30283.0,B489_ARC_xxx_slice7-Ort.czi,old,gal,lower
25,66.0,177.13636363636363,11691.0,B489_ARC_xxx_slice7-Ort.czi,old,gal,lower
26,2.0,131.0,262.0,B489_ARC_xxx_slice7-Ort.czi,old,gal,lower
27,54.0,196.5185185185185,10612.0,B489_ARC_xxx_slice7-Ort.czi,old,gal,lower
28,26.0,214.15384615384616,5568.0,B489_ARC_xxx_slice7-Ort.czi,old,gal,lower
29,38.0,208.02631578947367,7904.999999999999,B489_ARC_xxx_slice7-Ort.czi,old,gal,lower
30,3.0,240.0,720.0,B489_ARC_xxx_slice7-Ort.czi,old,gal,lower
31,24.0,176.5,4236.0,B489_ARC_xxx_slice7-Ort.czi,old,gal,lower
32,26.0,124.23076923076923,3230.0,B489_ARC_xxx_slice7-Ort.czi,old,gal,lower
33,23.0,175.8695652173913,4045.0,B489_ARC_xxx_slice7-Ort.czi,old,gal,lower
34,9.0,221.55555555555554,1994.0,B489_ARC_xxx_slice7-Ort.czi,old,gal,lower
35,66.0,208.13636363636363,13737.0,B489_ARC_xxx_slice7-Ort.czi,old,gal,lower
36,4.0,176.0,704.0,B489_ARC_xxx_slice7-Ort.czi,old,gal,lower
37,2.0,158.5,317.0,B489_ARC_xxx_slice7-Ort.czi,old,gal,lower
38,7.0,169.42857142857142,1186.0,B489_ARC_xxx_slice7-Ort.czi,old,gal,lower
39,94.0,233.81914893617022,21979.0,B489_ARC_xxx_slice7-Ort.czi,old,gal,lower
40,6.0,159.0,954.0,B489_ARC_xxx_slice7-Ort.czi,old,gal,lower
41,7.0,219.28571428571428,1535.0,B489_ARC_xxx_slice7-Ort.czi,old,gal,lower
42,1.0,134.0,134.0,B489_ARC_xxx_slice7-Ort.czi,old,gal,lower
43,70.0,227.84285714285716,15949.0,B489_ARC_xxx_slice7-Ort.czi,old,gal,lower
44,68.0,225.19117647058823,15313.0,B489_ARC_xxx_slice7-Ort.czi,old,gal,lower
45,16.0,133.375,2134.0,B489_ARC_xxx_slice7-Ort.czi,old,gal,lower
46,11.0,178.9090909090909,1968.0,B489_ARC_xxx_slice7-Ort.czi,old,gal,lower
47,136.0,218.59558823529412,29729.0,B489_ARC_xxx_slice7-Ort.czi,old,gal,lower
48,91.0,213.3846153846154,19418.0,B489_ARC_xxx_slice7-Ort.czi,old,gal,lower
49,50.0,182.74,9137.0,B489_ARC_xxx_slice7-Ort.czi,old,gal,lower
50,13.0,149.69230769230768,1945.9999999999998,B489_ARC_xxx_slice7-Ort.czi,old,gal,lower
51,3.0,151.33333333333334,454.0,B489_ARC_xxx_slice7-Ort.czi,old,gal,lower
52,19.0,169.78947368421052,3226.0,B489_ARC_xxx_slice7-Ort.czi,old,gal,lower
53,46.0,201.93478260869566,9289.0,B489_ARC_xxx_slice7-Ort.czi,old,gal,lower
54,22.0,188.77272727272728,4153.0,B489_ARC_xxx_slice7-Ort.czi,old,gal,lower
55,21.0,168.04761904761904,3529.0,B489_ARC_xxx_slice7-Ort.czi,old,gal,lower
56,279.0,241.79569892473117,67461.0,B489_ARC_xxx_slice7-Ort.czi,old,gal,lower
57,91.0,235.6153846153846,21441.0,B489_ARC_xxx_slice7-Ort.czi,old,gal,lower
58,66.0,187.75757575757575,12392.0,B489_ARC_xxx_slice7-Ort.czi,old,gal,lower
59,2.0,174.5,349.0,B489_ARC_xxx_slice7-Ort.czi,old,gal,lower
60,6.0,118.33333333333333,710.0,B489_ARC_xxx_slice7-Ort.czi,old,gal,lower
61,18.0,156.77777777777777,2822.0,B489_ARC_xxx_slice7-Ort.czi,old,gal,lower
62,11.0,180.72727272727272,1988.0,B489_ARC_xxx_slice7-Ort.czi,old,gal,lower
63,34.0,189.58823529411765,6446.0,B489_ARC_xxx_slice7-Ort.czi,old,gal,lower
64,107.0,206.17757009345794,22061.0,B489_ARC_xxx_slice7-Ort.czi,old,gal,lower
65,55.0,198.05454545454546,10893.0,B489_ARC_xxx_slice7-Ort.czi,old,gal,lower
66,197.0,199.60406091370558,39322.0,B489_ARC_xxx_slice7-Ort.czi,old,gal,lower
67,20.0,143.7,2874.0,B489_ARC_xxx_slice7-Ort.czi,old,gal,lower
68,77.0,192.25974025974025,14804.0,B489_ARC_xxx_slice7-Ort.czi,old,gal,lower
69,56.0,226.76785714285714,12699.0,B489_ARC_xxx_slice7-Ort.czi,old,gal,lower
1,87.0,163.58620689655172,14232.0,F656_ARC _B3_slice7-Ort.czi,old,gal,lower
2,8.0,112.5,900.0,F656_ARC _B3_slice7-Ort.czi,old,gal,lower
3,68.0,177.69117647058823,12083.0,F656_ARC _B3_slice7-Ort.czi,old,gal,lower
4,49.0,154.79591836734693,7584.999999999999,F656_ARC _B3_slice7-Ort.czi,old,gal,lower
5,4.0,147.25,589.0,F656_ARC _B3_slice7-Ort.czi,old,gal,lower
6,7.0,191.0,1337.0,F656_ARC _B3_slice7-Ort.czi,old,gal,lower
7,63.0,225.52380952380952,14208.0,F656_ARC _B3_slice7-Ort.czi,old,gal,lower
8,140.0,230.47857142857143,32267.0,F656_ARC _B3_slice7-Ort.czi,old,gal,lower
9,13.0,108.3076923076923,1408.0,F656_ARC _B3_slice7-Ort.czi,old,gal,lower
10,82.0,195.97560975609755,16070.0,F656_ARC _B3_slice7-Ort.czi,old,gal,lower
11,33.0,191.54545454545453,6321.0,F656_ARC _B3_slice7-Ort.czi,old,gal,lower
12,47.0,183.19148936170214,8610.0,F656_ARC _B3_slice7-Ort.czi,old,gal,lower
13,15.0,142.73333333333332,2141.0,F656_ARC _B3_slice7-Ort.czi,old,gal,lower
14,21.0,183.57142857142858,3855.0000000000005,F656_ARC _B3_slice7-Ort.czi,old,gal,lower
15,44.0,211.52272727272728,9307.0,F656_ARC _B3_slice7-Ort.czi,old,gal,lower
16,20.0,139.8,2796.0,F656_ARC _B3_slice7-Ort.czi,old,gal,lower
17,6.0,115.33333333333333,692.0,F656_ARC _B3_slice7-Ort.czi,old,gal,lower
18,36.0,187.77777777777777,6760.0,F656_ARC _B3_slice7-Ort.czi,old,gal,lower
19,13.0,125.0,1625.0,F656_ARC _B3_slice7-Ort.czi,old,gal,lower
20,101.0,219.22772277227722,22142.0,F656_ARC _B3_slice7-Ort.czi,old,gal,lower
21,51.0,192.0392156862745,9794.0,F656_ARC _B3_slice7-Ort.czi,old,gal,lower
22,16.0,177.6875,2843.0,F656_ARC _B3_slice7-Ort.czi,old,gal,lower
23,18.0,154.33333333333334,2778.0,F656_ARC _B3_slice7-Ort.czi,old,gal,lower
24,39.0,209.4102564102564,8167.0,F656_ARC _B3_slice7-Ort.czi,old,gal,lower
25,42.0,232.0,9744.0,F656_ARC _B3_slice7-Ort.czi,old,gal,lower
26,132.0,163.5,21582.0,F656_ARC _B3_slice7-Ort.czi,old,gal,lower
27,2.0,82.0,164.0,F656_ARC _B3_slice7-Ort.czi,old,gal,lower
28,31.0,190.3548387096774,5901.0,F656_ARC _B3_slice7-Ort.czi,old,gal,lower
29,16.0,120.4375,1927.0,F656_ARC _B3_slice7-Ort.czi,old,gal,lower
30,9.0,124.11111111111111,1117.0,F656_ARC _B3_slice7-Ort.czi,old,gal,lower
31,17.0,195.88235294117646,3330.0,F656_ARC _B3_slice7-Ort.czi,old,gal,lower
32,17.0,109.3529411764706,1859.0,F656_ARC _B3_slice7-Ort.czi,old,gal,lower
33,78.0,197.98717948717947,15442.999999999998,F656_ARC _B3_slice7-Ort.czi,old,gal,lower
34,8.0,157.75,1262.0,F656_ARC _B3_slice7-Ort.czi,old,gal,lower
35,81.0,191.2716049382716,15493.0,F656_ARC _B3_slice7-Ort.czi,old,gal,lower
36,1.0,126.0,126.0,F656_ARC _B3_slice7-Ort.czi,old,gal,lower
37,68.0,181.38235294117646,12334.0,F656_ARC _B3_slice7-Ort.czi,old,gal,lower
38,59.0,137.79661016949152,8129.999999999999,F656_ARC _B3_slice7-Ort.czi,old,gal,lower
39,70.0,211.47142857142856,14803.0,F656_ARC _B3_slice7-Ort.czi,old,gal,lower
40,56.0,194.64285714285714,10900.0,F656_ARC _B3_slice7-Ort.czi,old,gal,lower
41,37.0,167.6216216216216,6202.0,F656_ARC _B3_slice7-Ort.czi,old,gal,lower
42,61.0,167.11475409836066,10194.0,F656_ARC _B3_slice7-Ort.czi,old,gal,lower
43,6.0,111.0,666.0,F656_ARC _B3_slice7-Ort.czi,old,gal,lower
44,106.0,151.81132075471697,16092.0,F656_ARC _B3_slice7-Ort.czi,old,gal,lower
45,20.0,147.55,2951.0,F656_ARC _B3_slice7-Ort.czi,old,gal,lower
46,98.0,199.5204081632653,19553.0,F656_ARC _B3_slice7-Ort.czi,old,gal,lower
47,2.0,148.5,297.0,F656_ARC _B3_slice7-Ort.czi,old,gal,lower
48,55.0,168.70909090909092,9279.0,F656_ARC _B3_slice7-Ort.czi,old,gal,lower
49,6.0,117.0,702.0,F656_ARC _B3_slice7-Ort.czi,old,gal,lower
50,23.0,193.3913043478261,4448.0,F656_ARC _B3_slice7-Ort.czi,old,gal,lower
51,67.0,215.70149253731344,14452.0,F656_ARC _B3_slice7-Ort.czi,old,gal,lower
52,63.0,194.34920634920636,12244.0,F656_ARC _B3_slice7-Ort.czi,old,gal,lower
53,38.0,143.21052631578948,5442.0,F656_ARC _B3_slice7-Ort.czi,old,gal,lower
54,11.0,102.0909090909091,1123.0,F656_ARC _B3_slice7-Ort.czi,old,gal,lower
55,18.0,135.66666666666666,2442.0,F656_ARC _B3_slice7-Ort.czi,old,gal,lower
56,93.0,211.55913978494624,19675.0,F656_ARC _B3_slice7-Ort.czi,old,gal,lower
57,65.0,195.3846153846154,12700.0,F656_ARC _B3_slice7-Ort.czi,old,gal,lower
58,67.0,169.0597014925373,11327.0,F656_ARC _B3_slice7-Ort.czi,old,gal,lower
59,69.0,169.43478260869566,11691.0,F656_ARC _B3_slice7-Ort.czi,old,gal,lower
60,45.0,172.57777777777778,7766.0,F656_ARC _B3_slice7-Ort.czi,old,gal,lower
61,30.0,154.23333333333332,4627.0,F656_ARC _B3_slice7-Ort.czi,old,gal,lower
62,21.0,122.71428571428571,2577.0,F656_ARC _B3_slice7-Ort.czi,old,gal,lower
63,34.0,126.8529411764706,4313.0,F656_ARC _B3_slice7-Ort.czi,old,gal,lower
64,133.0,120.84210526315789,16072.0,F656_ARC _B3_slice7-Ort.czi,old,gal,lower
65,2.0,122.5,245.0,F656_ARC _B3_slice7-Ort.czi,old,gal,lower
66,1.0,178.0,178.0,F656_ARC _B3_slice7-Ort.czi,old,gal,lower
67,1.0,124.0,124.0,F656_ARC _B3_slice7-Ort.czi,old,gal,lower
68,46.0,113.54347826086956,5223.0,F656_ARC _B3_slice7-Ort.czi,old,gal,lower
69,13.0,123.84615384615384,1610.0,F656_ARC _B3_slice7-Ort.czi,old,gal,lower
70,5.0,115.8,579.0,F656_ARC _B3_slice7-Ort.czi,old,gal,lower
1,23.0,196.08695652173913,4510.0,B489_ARC_xxx_slice6-Ort.czi,old,gal,lower
2,29.0,159.41379310344828,4623.0,B489_ARC_xxx_slice6-Ort.czi,old,gal,lower
3,131.0,223.2290076335878,29243.0,B489_ARC_xxx_slice6-Ort.czi,old,gal,lower
4,122.0,180.9262295081967,22073.0,B489_ARC_xxx_slice6-Ort.czi,old,gal,lower
5,17.0,224.58823529411765,3818.0,B489_ARC_xxx_slice6-Ort.czi,old,gal,lower
6,140.0,236.14285714285714,33060.0,B489_ARC_xxx_slice6-Ort.czi,old,gal,lower
7,45.0,197.0222222222222,8866.0,B489_ARC_xxx_slice6-Ort.czi,old,gal,lower
8,144.0,237.60416666666666,34215.0,B489_ARC_xxx_slice6-Ort.czi,old,gal,lower
9,109.0,204.21100917431193,22259.0,B489_ARC_xxx_slice6-Ort.czi,old,gal,lower
10,1.0,255.0,255.0,B489_ARC_xxx_slice6-Ort.czi,old,gal,lower
11,73.0,211.26027397260273,15422.0,B489_ARC_xxx_slice6-Ort.czi,old,gal,lower
12,59.0,235.74576271186442,13909.0,B489_ARC_xxx_slice6-Ort.czi,old,gal,lower
13,93.0,197.27956989247312,18347.0,B489_ARC_xxx_slice6-Ort.czi,old,gal,lower
14,211.0,242.2559241706161,51116.0,B489_ARC_xxx_slice6-Ort.czi,old,gal,lower
15,6.0,216.66666666666666,1300.0,B489_ARC_xxx_slice6-Ort.czi,old,gal,lower
16,27.0,188.92592592592592,5101.0,B489_ARC_xxx_slice6-Ort.czi,old,gal,lower
17,5.0,164.0,820.0,B489_ARC_xxx_slice6-Ort.czi,old,gal,lower
18,45.0,188.62222222222223,8488.0,B489_ARC_xxx_slice6-Ort.czi,old,gal,lower
19,22.0,184.3181818181818,4055.0,B489_ARC_xxx_slice6-Ort.czi,old,gal,lower
20,2.0,253.0,506.0,B489_ARC_xxx_slice6-Ort.czi,old,gal,lower
21,78.0,211.19230769230768,16473.0,B489_ARC_xxx_slice6-Ort.czi,old,gal,lower
22,18.0,173.22222222222223,3118.0,B489_ARC_xxx_slice6-Ort.czi,old,gal,lower
23,64.0,240.53125,15394.0,B489_ARC_xxx_slice6-Ort.czi,old,gal,lower
24,137.0,236.28467153284672,32371.0,B489_ARC_xxx_slice6-Ort.czi,old,gal,lower
25,109.0,236.36697247706422,25764.0,B489_ARC_xxx_slice6-Ort.czi,old,gal,lower
26,25.0,168.04,4201.0,B489_ARC_xxx_slice6-Ort.czi,old,gal,lower
27,2.0,126.5,253.0,B489_ARC_xxx_slice6-Ort.czi,old,gal,lower
28,18.0,166.38888888888889,2995.0,B489_ARC_xxx_slice6-Ort.czi,old,gal,lower
29,126.0,235.29365079365078,29647.0,B489_ARC_xxx_slice6-Ort.czi,old,gal,lower
30,1.0,102.0,102.0,B489_ARC_xxx_slice6-Ort.czi,old,gal,lower
31,63.0,218.5873015873016,13771.0,B489_ARC_xxx_slice6-Ort.czi,old,gal,lower
32,95.0,223.5157894736842,21234.0,B489_ARC_xxx_slice6-Ort.czi,old,gal,lower
33,4.0,233.0,932.0,B489_ARC_xxx_slice6-Ort.czi,old,gal,lower
34,19.0,143.68421052631578,2730.0,B489_ARC_xxx_slice6-Ort.czi,old,gal,lower
35,12.0,230.0,2760.0,B489_ARC_xxx_slice6-Ort.czi,old,gal,lower
36,213.0,241.90140845070422,51525.0,B489_ARC_xxx_slice6-Ort.czi,old,gal,lower
37,58.0,222.94827586206895,12931.0,B489_ARC_xxx_slice6-Ort.czi,old,gal,lower
38,1.0,196.0,196.0,B489_ARC_xxx_slice6-Ort.czi,old,gal,lower
39,36.0,246.38888888888889,8870.0,B489_ARC_xxx_slice6-Ort.czi,old,gal,lower
40,123.0,216.60162601626016,26642.0,B489_ARC_xxx_slice6-Ort.czi,old,gal,lower
41,50.0,222.9,11145.0,B489_ARC_xxx_slice6-Ort.czi,old,gal,lower
42,27.0,192.2962962962963,5192.0,B489_ARC_xxx_slice6-Ort.czi,old,gal,lower
43,102.0,230.66666666666666,23528.0,B489_ARC_xxx_slice6-Ort.czi,old,gal,lower
44,106.0,224.71698113207546,23820.0,B489_ARC_xxx_slice6-Ort.czi,old,gal,lower
45,145.0,211.68275862068967,30694.000000000004,B489_ARC_xxx_slice6-Ort.czi,old,gal,lower
46,77.0,214.88311688311688,16546.0,B489_ARC_xxx_slice6-Ort.czi,old,gal,lower
47,78.0,214.35897435897436,16720.0,B489_ARC_xxx_slice6-Ort.czi,old,gal,lower
48,98.0,220.4591836734694,21605.0,B489_ARC_xxx_slice6-Ort.czi,old,gal,lower
49,48.0,206.22916666666666,9899.0,B489_ARC_xxx_slice6-Ort.czi,old,gal,lower
50,96.0,173.71875,16677.0,B489_ARC_xxx_slice6-Ort.czi,old,gal,lower
51,216.0,212.53240740740742,45907.0,B489_ARC_xxx_slice6-Ort.czi,old,gal,lower
52,89.0,237.32584269662922,21122.0,B489_ARC_xxx_slice6-Ort.czi,old,gal,lower
53,9.0,165.0,1485.0,B489_ARC_xxx_slice6-Ort.czi,old,gal,lower
54,78.0,238.52564102564102,18605.0,B489_ARC_xxx_slice6-Ort.czi,old,gal,lower
55,37.0,222.59459459459458,8236.0,B489_ARC_xxx_slice6-Ort.czi,old,gal,lower
56,73.0,215.82191780821918,15755.0,B489_ARC_xxx_slice6-Ort.czi,old,gal,lower
57,66.0,238.04545454545453,15711.0,B489_ARC_xxx_slice6-Ort.czi,old,gal,lower
58,90.0,194.98888888888888,17549.0,B489_ARC_xxx_slice6-Ort.czi,old,gal,lower
59,23.0,142.04347826086956,3267.0,B489_ARC_xxx_slice6-Ort.czi,old,gal,lower
60,42.0,228.66666666666666,9604.0,B489_ARC_xxx_slice6-Ort.czi,old,gal,lower
61,153.0,224.4248366013072,34337.0,B489_ARC_xxx_slice6-Ort.czi,old,gal,lower
62,16.0,240.375,3846.0,B489_ARC_xxx_slice6-Ort.czi,old,gal,lower
63,53.0,185.56603773584905,9835.0,B489_ARC_xxx_slice6-Ort.czi,old,gal,lower
64,85.0,224.35294117647058,19070.0,B489_ARC_xxx_slice6-Ort.czi,old,gal,lower
65,5.0,193.2,966.0,B489_ARC_xxx_slice6-Ort.czi,old,gal,lower
66,99.0,183.7979797979798,18196.0,B489_ARC_xxx_slice6-Ort.czi,old,gal,lower
67,146.0,236.58219178082192,34541.0,B489_ARC_xxx_slice6-Ort.czi,old,gal,lower
68,21.0,215.0952380952381,4517.0,B489_ARC_xxx_slice6-Ort.czi,old,gal,lower
69,21.0,189.95238095238096,3989.0,B489_ARC_xxx_slice6-Ort.czi,old,gal,lower
70,120.0,213.20833333333334,25585.0,B489_ARC_xxx_slice6-Ort.czi,old,gal,lower
71,81.0,219.50617283950618,17780.0,B489_ARC_xxx_slice6-Ort.czi,old,gal,lower
72,188.0,215.93085106382978,40595.0,B489_ARC_xxx_slice6-Ort.czi,old,gal,lower
73,105.0,222.92380952380952,23407.0,B489_ARC_xxx_slice6-Ort.czi,old,gal,lower
74,60.0,183.81666666666666,11029.0,B489_ARC_xxx_slice6-Ort.czi,old,gal,lower
75,84.0,225.95238095238096,18980.0,B489_ARC_xxx_slice6-Ort.czi,old,gal,lower
76,3.0,145.66666666666666,437.0,B489_ARC_xxx_slice6-Ort.czi,old,gal,lower
77,45.0,204.17777777777778,9188.0,B489_ARC_xxx_slice6-Ort.czi,old,gal,lower
78,82.0,226.6219512195122,18583.0,B489_ARC_xxx_slice6-Ort.czi,old,gal,lower
79,12.0,160.0,1920.0,B489_ARC_xxx_slice6-Ort.czi,old,gal,lower
80,89.0,216.58426966292134,19276.0,B489_ARC_xxx_slice6-Ort.czi,old,gal,lower
81,53.0,230.81132075471697,12233.0,B489_ARC_xxx_slice6-Ort.czi,old,gal,lower
82,44.0,195.0681818181818,8583.0,B489_ARC_xxx_slice6-Ort.czi,old,gal,lower
83,88.0,227.36363636363637,20008.0,B489_ARC_xxx_slice6-Ort.czi,old,gal,lower
84,6.0,240.33333333333334,1442.0,B489_ARC_xxx_slice6-Ort.czi,old,gal,lower
85,30.0,168.4,5052.0,B489_ARC_xxx_slice6-Ort.czi,old,gal,lower
86,23.0,167.56521739130434,3854.0,B489_ARC_xxx_slice6-Ort.czi,old,gal,lower
87,77.0,201.7922077922078,15538.0,B489_ARC_xxx_slice6-Ort.czi,old,gal,lower
88,138.0,221.68115942028984,30592.0,B489_ARC_xxx_slice6-Ort.czi,old,gal,lower
89,63.0,210.04761904761904,13233.0,B489_ARC_xxx_slice6-Ort.czi,old,gal,lower
90,66.0,207.16666666666666,13673.0,B489_ARC_xxx_slice6-Ort.czi,old,gal,lower
91,16.0,174.125,2786.0,B489_ARC_xxx_slice6-Ort.czi,old,gal,lower
92,26.0,163.23076923076923,4244.0,B489_ARC_xxx_slice6-Ort.czi,old,gal,lower
93,27.0,212.85185185185185,5747.0,B489_ARC_xxx_slice6-Ort.czi,old,gal,lower
94,45.0,209.51111111111112,9428.0,B489_ARC_xxx_slice6-Ort.czi,old,gal,lower
95,14.0,181.0,2534.0,B489_ARC_xxx_slice6-Ort.czi,old,gal,lower
96,109.0,236.90825688073394,25823.0,B489_ARC_xxx_slice6-Ort.czi,old,gal,lower
97,25.0,128.16,3204.0,B489_ARC_xxx_slice6-Ort.czi,old,gal,lower
98,68.0,212.14705882352942,14426.0,B489_ARC_xxx_slice6-Ort.czi,old,gal,lower
99,45.0,206.77777777777777,9305.0,B489_ARC_xxx_slice6-Ort.czi,old,gal,lower
100,8.0,223.375,1787.0,B489_ARC_xxx_slice6-Ort.czi,old,gal,lower
101,29.0,226.89655172413794,6580.0,B489_ARC_xxx_slice6-Ort.czi,old,gal,lower
102,72.0,238.80555555555554,17194.0,B489_ARC_xxx_slice6-Ort.czi,old,gal,lower
103,6.0,193.16666666666666,1159.0,B489_ARC_xxx_slice6-Ort.czi,old,gal,lower
104,7.0,230.57142857142858,1614.0,B489_ARC_xxx_slice6-Ort.czi,old,gal,lower
1,9.0,137.22222222222223,1235.0,F656_ARC _B3_slice6-Ort.czi,old,gal,lower
2,10.0,124.2,1242.0,F656_ARC _B3_slice6-Ort.czi,old,gal,lower
3,24.0,201.5,4836.0,F656_ARC _B3_slice6-Ort.czi,old,gal,lower
4,8.0,114.375,915.0,F656_ARC _B3_slice6-Ort.czi,old,gal,lower
5,19.0,118.63157894736842,2254.0,F656_ARC _B3_slice6-Ort.czi,old,gal,lower
6,12.0,110.66666666666667,1328.0,F656_ARC _B3_slice6-Ort.czi,old,gal,lower
7,83.0,181.0120481927711,15024.0,F656_ARC _B3_slice6-Ort.czi,old,gal,lower
8,19.0,98.47368421052632,1871.0,F656_ARC _B3_slice6-Ort.czi,old,gal,lower
9,88.0,164.10227272727272,14441.0,F656_ARC _B3_slice6-Ort.czi,old,gal,lower
10,108.0,216.00925925925927,23329.0,F656_ARC _B3_slice6-Ort.czi,old,gal,lower
11,101.0,159.30693069306932,16090.000000000002,F656_ARC _B3_slice6-Ort.czi,old,gal,lower
12,117.0,204.53846153846155,23931.0,F656_ARC _B3_slice6-Ort.czi,old,gal,lower
13,59.0,135.08474576271186,7970.0,F656_ARC _B3_slice6-Ort.czi,old,gal,lower
14,42.0,147.95238095238096,6214.0,F656_ARC _B3_slice6-Ort.czi,old,gal,lower
15,39.0,148.28205128205127,5783.0,F656_ARC _B3_slice6-Ort.czi,old,gal,lower
16,26.0,161.0,4186.0,F656_ARC _B3_slice6-Ort.czi,old,gal,lower
17,69.0,123.26086956521739,8505.0,F656_ARC _B3_slice6-Ort.czi,old,gal,lower
18,11.0,90.9090909090909,1000.0,F656_ARC _B3_slice6-Ort.czi,old,gal,lower
19,127.0,179.64566929133858,22815.0,F656_ARC _B3_slice6-Ort.czi,old,gal,lower
20,3.0,114.66666666666667,344.0,F656_ARC _B3_slice6-Ort.czi,old,gal,lower
21,33.0,119.27272727272727,3936.0,F656_ARC _B3_slice6-Ort.czi,old,gal,lower
22,87.0,141.64367816091954,12323.0,F656_ARC _B3_slice6-Ort.czi,old,gal,lower
23,68.0,111.8529411764706,7606.0,F656_ARC _B3_slice6-Ort.czi,old,gal,lower
24,8.0,116.0,928.0,F656_ARC _B3_slice6-Ort.czi,old,gal,lower
25,82.0,114.64634146341463,9401.0,F656_ARC _B3_slice6-Ort.czi,old,gal,lower
26,12.0,131.91666666666666,1583.0,F656_ARC _B3_slice6-Ort.czi,old,gal,lower
27,69.0,131.57971014492753,9079.0,F656_ARC _B3_slice6-Ort.czi,old,gal,lower
28,124.0,203.3790322580645,25219.0,F656_ARC _B3_slice6-Ort.czi,old,gal,lower
29,51.0,111.07843137254902,5665.0,F656_ARC _B3_slice6-Ort.czi,old,gal,lower
30,19.0,188.31578947368422,3578.0,F656_ARC _B3_slice6-Ort.czi,old,gal,lower
31,149.0,175.3020134228188,26120.0,F656_ARC _B3_slice6-Ort.czi,old,gal,lower
32,110.0,193.55454545454546,21291.0,F656_ARC _B3_slice6-Ort.czi,old,gal,lower
33,12.0,123.0,1476.0,F656_ARC _B3_slice6-Ort.czi,old,gal,lower
34,36.0,113.44444444444444,4084.0,F656_ARC _B3_slice6-Ort.czi,old,gal,lower
35,35.0,115.85714285714286,4055.0,F656_ARC _B3_slice6-Ort.czi,old,gal,lower
36,16.0,96.9375,1551.0,F656_ARC _B3_slice6-Ort.czi,old,gal,lower
37,90.0,160.2,14417.999999999998,F656_ARC _B3_slice6-Ort.czi,old,gal,lower
38,1.0,98.0,98.0,F656_ARC _B3_slice6-Ort.czi,old,gal,lower
39,72.0,116.80555555555556,8410.0,F656_ARC _B3_slice6-Ort.czi,old,gal,lower
40,9.0,125.0,1125.0,F656_ARC _B3_slice6-Ort.czi,old,gal,lower
41,116.0,124.18103448275862,14405.0,F656_ARC _B3_slice6-Ort.czi,old,gal,lower
42,17.0,97.58823529411765,1659.0,F656_ARC _B3_slice6-Ort.czi,old,gal,lower
43,14.0,98.78571428571429,1383.0,F656_ARC _B3_slice6-Ort.czi,old,gal,lower
44,5.0,93.8,469.0,F656_ARC _B3_slice6-Ort.czi,old,gal,lower
45,97.0,123.21649484536083,11952.0,F656_ARC _B3_slice6-Ort.czi,old,gal,lower
46,8.0,96.0,768.0,F656_ARC _B3_slice6-Ort.czi,old,gal,lower
47,112.0,152.79464285714286,17113.0,F656_ARC _B3_slice6-Ort.czi,old,gal,lower
48,87.0,126.34482758620689,10992.0,F656_ARC _B3_slice6-Ort.czi,old,gal,lower
49,51.0,200.9607843137255,10249.0,F656_ARC _B3_slice6-Ort.czi,old,gal,lower
50,3.0,96.0,288.0,F656_ARC _B3_slice6-Ort.czi,old,gal,lower
51,93.0,125.91397849462365,11710.0,F656_ARC _B3_slice6-Ort.czi,old,gal,lower
52,7.0,89.14285714285714,624.0,F656_ARC _B3_slice6-Ort.czi,old,gal,lower
53,35.0,145.88571428571427,5105.999999999999,F656_ARC _B3_slice6-Ort.czi,old,gal,lower
54,10.0,164.2,1642.0,F656_ARC _B3_slice6-Ort.czi,old,gal,lower
55,3.0,113.33333333333333,340.0,F656_ARC _B3_slice6-Ort.czi,old,gal,lower
56,87.0,141.4022988505747,12302.0,F656_ARC _B3_slice6-Ort.czi,old,gal,lower
57,4.0,115.5,462.0,F656_ARC _B3_slice6-Ort.czi,old,gal,lower
58,2.0,118.0,236.0,F656_ARC _B3_slice6-Ort.czi,old,gal,lower
59,121.0,172.95867768595042,20928.0,F656_ARC _B3_slice6-Ort.czi,old,gal,lower
60,16.0,117.125,1874.0,F656_ARC _B3_slice6-Ort.czi,old,gal,lower
61,26.0,97.76923076923077,2542.0,F656_ARC _B3_slice6-Ort.czi,old,gal,lower
62,1.0,101.0,101.0,F656_ARC _B3_slice6-Ort.czi,old,gal,lower
63,5.0,125.2,626.0,F656_ARC _B3_slice6-Ort.czi,old,gal,lower
64,29.0,122.13793103448276,3542.0,F656_ARC _B3_slice6-Ort.czi,old,gal,lower
65,20.0,103.4,2068.0,F656_ARC _B3_slice6-Ort.czi,old,gal,lower
66,59.0,120.71186440677967,7122.0,F656_ARC _B3_slice6-Ort.czi,old,gal,lower
1,41.0,95.60975609756098,3920.0,B465_ARC _C3_slice4-Ort.czi,old,gal,lower
2,1.0,64.0,64.0,B465_ARC _C3_slice4-Ort.czi,old,gal,lower
3,8.0,128.625,1029.0,B465_ARC _C3_slice4-Ort.czi,old,gal,lower
4,39.0,107.66666666666667,4199.0,B465_ARC _C3_slice4-Ort.czi,old,gal,lower
5,21.0,127.28571428571429,2673.0,B465_ARC _C3_slice4-Ort.czi,old,gal,lower
6,31.0,116.03225806451613,3597.0,B465_ARC _C3_slice4-Ort.czi,old,gal,lower
7,72.0,153.75,11070.0,B465_ARC _C3_slice4-Ort.czi,old,gal,lower
8,3.0,146.33333333333334,439.0,B465_ARC _C3_slice4-Ort.czi,old,gal,lower
9,10.0,77.6,776.0,B465_ARC _C3_slice4-Ort.czi,old,gal,lower
10,16.0,81.4375,1303.0,B465_ARC _C3_slice4-Ort.czi,old,gal,lower
11,38.0,105.05263157894737,3992.0,B465_ARC _C3_slice4-Ort.czi,old,gal,lower
12,14.0,139.5,1953.0,B465_ARC _C3_slice4-Ort.czi,old,gal,lower
13,36.0,111.16666666666667,4002.0,B465_ARC _C3_slice4-Ort.czi,old,gal,lower
14,14.0,125.14285714285714,1752.0,B465_ARC _C3_slice4-Ort.czi,old,gal,lower
15,55.0,145.0,7975.0,B465_ARC _C3_slice4-Ort.czi,old,gal,lower
16,4.0,70.5,282.0,B465_ARC _C3_slice4-Ort.czi,old,gal,lower
17,4.0,87.5,350.0,B465_ARC _C3_slice4-Ort.czi,old,gal,lower
18,63.0,128.68253968253967,8106.999999999999,B465_ARC _C3_slice4-Ort.czi,old,gal,lower
19,5.0,104.2,521.0,B465_ARC _C3_slice4-Ort.czi,old,gal,lower
20,2.0,109.0,218.0,B465_ARC _C3_slice4-Ort.czi,old,gal,lower
21,20.0,126.15,2523.0,B465_ARC _C3_slice4-Ort.czi,old,gal,lower
22,7.0,129.28571428571428,905.0,B465_ARC _C3_slice4-Ort.czi,old,gal,lower
23,158.0,184.68987341772151,29181.0,B465_ARC _C3_slice4-Ort.czi,old,gal,lower
24,46.0,141.67391304347825,6517.0,B465_ARC _C3_slice4-Ort.czi,old,gal,lower
25,4.0,155.0,620.0,B465_ARC _C3_slice4-Ort.czi,old,gal,lower
26,80.0,121.4625,9717.0,B465_ARC _C3_slice4-Ort.czi,old,gal,lower
27,67.0,175.7462686567164,11775.0,B465_ARC _C3_slice4-Ort.czi,old,gal,lower
28,28.0,119.0,3332.0,B465_ARC _C3_slice4-Ort.czi,old,gal,lower
29,20.0,113.6,2272.0,B465_ARC _C3_slice4-Ort.czi,old,gal,lower
30,142.0,109.40140845070422,15535.0,B465_ARC _C3_slice4-Ort.czi,old,gal,lower
31,175.0,148.30285714285714,25953.0,B465_ARC _C3_slice4-Ort.czi,old,gal,lower
32,7.0,86.28571428571429,604.0,B465_ARC _C3_slice4-Ort.czi,old,gal,lower
33,4.0,122.25,489.0,B465_ARC _C3_slice4-Ort.czi,old,gal,lower
34,3.0,104.0,312.0,B465_ARC _C3_slice4-Ort.czi,old,gal,lower
35,44.0,101.38636363636364,4461.0,B465_ARC _C3_slice4-Ort.czi,old,gal,lower
36,12.0,112.41666666666667,1349.0,B465_ARC _C3_slice4-Ort.czi,old,gal,lower
37,4.0,85.5,342.0,B465_ARC _C3_slice4-Ort.czi,old,gal,lower
38,16.0,115.6875,1851.0,B465_ARC _C3_slice4-Ort.czi,old,gal,lower
39,1.0,93.0,93.0,B465_ARC _C3_slice4-Ort.czi,old,gal,lower
40,70.0,132.42857142857142,9270.0,B465_ARC _C3_slice4-Ort.czi,old,gal,lower
41,1.0,76.0,76.0,B465_ARC _C3_slice4-Ort.czi,old,gal,lower
42,11.0,104.72727272727273,1152.0,B465_ARC _C3_slice4-Ort.czi,old,gal,lower
43,9.0,79.77777777777777,718.0,B465_ARC _C3_slice4-Ort.czi,old,gal,lower
44,3.0,93.33333333333333,280.0,B465_ARC _C3_slice4-Ort.czi,old,gal,lower
45,6.0,108.83333333333333,653.0,B465_ARC _C3_slice4-Ort.czi,old,gal,lower
46,43.0,174.46511627906978,7502.0,B465_ARC _C3_slice4-Ort.czi,old,gal,lower
47,4.0,78.0,312.0,B465_ARC _C3_slice4-Ort.czi,old,gal,lower
48,26.0,119.38461538461539,3104.0,B465_ARC _C3_slice4-Ort.czi,old,gal,lower
49,14.0,132.5,1855.0,B465_ARC _C3_slice4-Ort.czi,old,gal,lower
50,18.0,111.05555555555556,1999.0,B465_ARC _C3_slice4-Ort.czi,old,gal,lower
51,16.0,112.5,1800.0,B465_ARC _C3_slice4-Ort.czi,old,gal,lower
52,7.0,74.28571428571429,520.0,B465_ARC _C3_slice4-Ort.czi,old,gal,lower
53,24.0,85.41666666666667,2050.0,B465_ARC _C3_slice4-Ort.czi,old,gal,lower
54,13.0,88.6923076923077,1153.0,B465_ARC _C3_slice4-Ort.czi,old,gal,lower
55,10.0,76.2,762.0,B465_ARC _C3_slice4-Ort.czi,old,gal,lower
